

================================================================
== Vitis HLS Report for 'dense_resource_rf_gt_nin_rem0_ap_fixed_ap_fixed_18_8_5_3_0_config6_mult_s'
================================================================
* Date:           Sun Aug 30 16:00:12 2026

* Version:        2024.1 (Build 5069499 on May 21 2024)
* Project:        myproject_prj
* Solution:       solution1 (Vivado IP Flow Target)
* Product family: zynq
* Target device:  xc7z020-clg400-1


================================================================
== Performance Estimates
================================================================
+ Timing: 
    * Summary: 
    +--------+----------+-----------+------------+
    |  Clock |  Target  | Estimated | Uncertainty|
    +--------+----------+-----------+------------+
    |ap_clk  |  20.00 ns|  11.291 ns|     5.40 ns|
    +--------+----------+-----------+------------+

+ Latency: 
    * Summary: 
    +---------+---------+-----------+-----------+------+------+------------------------------------------+
    |  Latency (cycles) |   Latency (absolute)  |   Interval  |                 Pipeline                 |
    |   min   |   max   |    min    |    max    |  min |  max |                   Type                   |
    +---------+---------+-----------+-----------+------+------+------------------------------------------+
    |     1945|     1946|  38.900 us|  38.920 us|  1944|  1944|  loop rewind stp(delay=0 clock cycles(s))|
    +---------+---------+-----------+-----------+------+------+------------------------------------------+

    + Detail: 
        * Instance: 
        N/A

        * Loop: 
        +-------------+---------+---------+----------+-----------+-----------+------+----------+
        |             |  Latency (cycles) | Iteration|  Initiation Interval  | Trip |          |
        |  Loop Name  |   min   |   max   |  Latency |  achieved |   target  | Count| Pipelined|
        +-------------+---------+---------+----------+-----------+-----------+------+----------+
        |- ReuseLoop  |     1945|     1945|         3|          1|          1|  1944|       yes|
        +-------------+---------+---------+----------+-----------+-----------+------+----------+

============================================================
+ Verbose Summary: Synthesis Manager
============================================================
InlineROM: 1
ExposeGlobal: 0
============================================================
+ Verbose Summary: CDFG Model
============================================================
IsTopModel: 0
ResetActiveHigh: 1
IsCombinational: 0
IsDatapathOnly: 0
HasWiredReturn: 1
HasMFsm: 2
HasVarLatency: 1
IsPipeline: 0
IsRtlPipelined: 0
IsInstanceOverlapped: 0
IsDontTouch: 0
HasImplIP: 0
IsGatedGlobalClock: 0

+ Individual pipeline summary: 
  * Pipeline-0: initiation interval (II) = 1, depth = 3


============================================================
+ Verbose Summary: Schedule
============================================================
* Number of FSM states : 3
* Pipeline : 1
  Pipeline-0 : II = 1, D = 3, States = { 1 2 3 }
* Dataflow Pipeline: 0

* FSM state transitions: 
1 --> 2 
2 --> 3 
3 --> 

* FSM state operations: 

State 1 <SV = 0> <Delay = 4.84>
ST_1 : Operation 5 [1/1] (1.58ns)   --->   "%br_ln135 = br void %rewind_header" [firmware/nnet_utils/nnet_dense_resource.h:135]   --->   Operation 5 'br' 'br_ln135' <Predicate = true> <Delay = 1.58>
ST_1 : Operation 6 [1/1] (0.00ns)   --->   "%do_init = phi i1 1, void %entry, i1 0, void %V32.i.i27.i.i44.exit.i, i1 1, void %dense_resource_rf_gt_nin_rem0<ap_fixed<20, 10, 5, 3, 0>, ap_fixed<18, 8, 5, 3, 0>, config6_mult>.exit"   --->   Operation 6 'phi' 'do_init' <Predicate = true> <Delay = 0.00>
ST_1 : Operation 7 [1/1] (0.00ns)   --->   "%w_index45 = phi i11 0, void %entry, i11 %w_index, void %V32.i.i27.i.i44.exit.i, i11 0, void %dense_resource_rf_gt_nin_rem0<ap_fixed<20, 10, 5, 3, 0>, ap_fixed<18, 8, 5, 3, 0>, config6_mult>.exit"   --->   Operation 7 'phi' 'w_index45' <Predicate = true> <Delay = 0.00>
ST_1 : Operation 8 [1/1] (0.00ns)   --->   "%specmemcore_ln0 = specmemcore void @_ssdm_op_SpecMemCore, i12 %w6, i64 666, i64 38, i64 18446744073709551615"   --->   Operation 8 'specmemcore' 'specmemcore_ln0' <Predicate = (do_init)> <Delay = 0.00>
ST_1 : Operation 9 [1/1] (0.00ns)   --->   "%void_compute_output_buffer_2d_array_const_ap_shift_reg_n_chan_stream_weig_35 = load i20 %void_compute_output_buffer_2d_array_const_ap_shift_reg_n_chan_stream_weig_18"   --->   Operation 9 'load' 'void_compute_output_buffer_2d_array_const_ap_shift_reg_n_chan_stream_weig_35' <Predicate = (do_init)> <Delay = 0.00>
ST_1 : Operation 10 [1/1] (0.00ns)   --->   "%void_compute_output_buffer_2d_array_const_ap_shift_reg_n_chan_stream_weig_36 = load i20 %void_compute_output_buffer_2d_array_const_ap_shift_reg_n_chan_stream_weig_17"   --->   Operation 10 'load' 'void_compute_output_buffer_2d_array_const_ap_shift_reg_n_chan_stream_weig_36' <Predicate = (do_init)> <Delay = 0.00>
ST_1 : Operation 11 [1/1] (0.00ns)   --->   "%void_compute_output_buffer_2d_array_const_ap_shift_reg_n_chan_stream_weig_37 = load i20 %void_compute_output_buffer_2d_array_const_ap_shift_reg_n_chan_stream_weig_16"   --->   Operation 11 'load' 'void_compute_output_buffer_2d_array_const_ap_shift_reg_n_chan_stream_weig_37' <Predicate = (do_init)> <Delay = 0.00>
ST_1 : Operation 12 [1/1] (0.00ns)   --->   "%void_compute_output_buffer_2d_array_const_ap_shift_reg_n_chan_stream_weig_38 = load i20 %void_compute_output_buffer_2d_array_const_ap_shift_reg_n_chan_stream_weig_15"   --->   Operation 12 'load' 'void_compute_output_buffer_2d_array_const_ap_shift_reg_n_chan_stream_weig_38' <Predicate = (do_init)> <Delay = 0.00>
ST_1 : Operation 13 [1/1] (0.00ns)   --->   "%void_compute_output_buffer_2d_array_const_ap_shift_reg_n_chan_stream_weig_39 = load i20 %void_compute_output_buffer_2d_array_const_ap_shift_reg_n_chan_stream_weig_14"   --->   Operation 13 'load' 'void_compute_output_buffer_2d_array_const_ap_shift_reg_n_chan_stream_weig_39' <Predicate = (do_init)> <Delay = 0.00>
ST_1 : Operation 14 [1/1] (0.00ns)   --->   "%void_compute_output_buffer_2d_array_const_ap_shift_reg_n_chan_stream_weig_40 = load i20 %void_compute_output_buffer_2d_array_const_ap_shift_reg_n_chan_stream_weig_13"   --->   Operation 14 'load' 'void_compute_output_buffer_2d_array_const_ap_shift_reg_n_chan_stream_weig_40' <Predicate = (do_init)> <Delay = 0.00>
ST_1 : Operation 15 [1/1] (0.00ns)   --->   "%void_compute_output_buffer_2d_array_const_ap_shift_reg_n_chan_stream_weig_41 = load i20 %void_compute_output_buffer_2d_array_const_ap_shift_reg_n_chan_stream_weig_12"   --->   Operation 15 'load' 'void_compute_output_buffer_2d_array_const_ap_shift_reg_n_chan_stream_weig_41' <Predicate = (do_init)> <Delay = 0.00>
ST_1 : Operation 16 [1/1] (0.00ns)   --->   "%void_compute_output_buffer_2d_array_const_ap_shift_reg_n_chan_stream_weig_42 = load i20 %void_compute_output_buffer_2d_array_const_ap_shift_reg_n_chan_stream_weig_11"   --->   Operation 16 'load' 'void_compute_output_buffer_2d_array_const_ap_shift_reg_n_chan_stream_weig_42' <Predicate = (do_init)> <Delay = 0.00>
ST_1 : Operation 17 [1/1] (0.00ns)   --->   "%void_compute_output_buffer_2d_array_const_ap_shift_reg_n_chan_stream_weig_43 = load i20 %void_compute_output_buffer_2d_array_const_ap_shift_reg_n_chan_stream_weig_10"   --->   Operation 17 'load' 'void_compute_output_buffer_2d_array_const_ap_shift_reg_n_chan_stream_weig_43' <Predicate = (do_init)> <Delay = 0.00>
ST_1 : Operation 18 [1/1] (0.00ns)   --->   "%void_compute_output_buffer_2d_array_const_ap_shift_reg_n_chan_stream_weig_44 = load i20 %void_compute_output_buffer_2d_array_const_ap_shift_reg_n_chan_stream_weig_9"   --->   Operation 18 'load' 'void_compute_output_buffer_2d_array_const_ap_shift_reg_n_chan_stream_weig_44' <Predicate = (do_init)> <Delay = 0.00>
ST_1 : Operation 19 [1/1] (0.00ns)   --->   "%p_ZZN4nnet24compute_output_buffer_2dINS_5arrayI8ap_fixedILi20ELi10EL9ap_q_mode5EL_268 = load i20 %p_ZZN4nnet24compute_output_buffer_2dINS_5arrayI8ap_fixedILi20ELi10EL9ap_q_mode5EL_97"   --->   Operation 19 'load' 'p_ZZN4nnet24compute_output_buffer_2dINS_5arrayI8ap_fixedILi20ELi10EL9ap_q_mode5EL_268' <Predicate = (do_init)> <Delay = 0.00>
ST_1 : Operation 20 [1/1] (0.00ns)   --->   "%p_ZZN4nnet24compute_output_buffer_2dINS_5arrayI8ap_fixedILi20ELi10EL9ap_q_mode5EL_269 = load i20 %p_ZZN4nnet24compute_output_buffer_2dINS_5arrayI8ap_fixedILi20ELi10EL9ap_q_mode5EL_88"   --->   Operation 20 'load' 'p_ZZN4nnet24compute_output_buffer_2dINS_5arrayI8ap_fixedILi20ELi10EL9ap_q_mode5EL_269' <Predicate = (do_init)> <Delay = 0.00>
ST_1 : Operation 21 [1/1] (0.00ns)   --->   "%p_ZZN4nnet24compute_output_buffer_2dINS_5arrayI8ap_fixedILi20ELi10EL9ap_q_mode5EL_270 = load i20 %p_ZZN4nnet24compute_output_buffer_2dINS_5arrayI8ap_fixedILi20ELi10EL9ap_q_mode5EL_87"   --->   Operation 21 'load' 'p_ZZN4nnet24compute_output_buffer_2dINS_5arrayI8ap_fixedILi20ELi10EL9ap_q_mode5EL_270' <Predicate = (do_init)> <Delay = 0.00>
ST_1 : Operation 22 [1/1] (0.00ns)   --->   "%p_ZZN4nnet24compute_output_buffer_2dINS_5arrayI8ap_fixedILi20ELi10EL9ap_q_mode5EL_271 = load i20 %p_ZZN4nnet24compute_output_buffer_2dINS_5arrayI8ap_fixedILi20ELi10EL9ap_q_mode5EL_86"   --->   Operation 22 'load' 'p_ZZN4nnet24compute_output_buffer_2dINS_5arrayI8ap_fixedILi20ELi10EL9ap_q_mode5EL_271' <Predicate = (do_init)> <Delay = 0.00>
ST_1 : Operation 23 [1/1] (0.00ns)   --->   "%p_ZZN4nnet24compute_output_buffer_2dINS_5arrayI8ap_fixedILi20ELi10EL9ap_q_mode5EL_272 = load i20 %p_ZZN4nnet24compute_output_buffer_2dINS_5arrayI8ap_fixedILi20ELi10EL9ap_q_mode5EL_85"   --->   Operation 23 'load' 'p_ZZN4nnet24compute_output_buffer_2dINS_5arrayI8ap_fixedILi20ELi10EL9ap_q_mode5EL_272' <Predicate = (do_init)> <Delay = 0.00>
ST_1 : Operation 24 [1/1] (0.00ns)   --->   "%p_ZZN4nnet24compute_output_buffer_2dINS_5arrayI8ap_fixedILi20ELi10EL9ap_q_mode5EL_273 = load i20 %p_ZZN4nnet24compute_output_buffer_2dINS_5arrayI8ap_fixedILi20ELi10EL9ap_q_mode5EL_84"   --->   Operation 24 'load' 'p_ZZN4nnet24compute_output_buffer_2dINS_5arrayI8ap_fixedILi20ELi10EL9ap_q_mode5EL_273' <Predicate = (do_init)> <Delay = 0.00>
ST_1 : Operation 25 [1/1] (0.00ns)   --->   "%p_ZZN4nnet24compute_output_buffer_2dINS_5arrayI8ap_fixedILi20ELi10EL9ap_q_mode5EL_274 = load i20 %p_ZZN4nnet24compute_output_buffer_2dINS_5arrayI8ap_fixedILi20ELi10EL9ap_q_mode5EL_83"   --->   Operation 25 'load' 'p_ZZN4nnet24compute_output_buffer_2dINS_5arrayI8ap_fixedILi20ELi10EL9ap_q_mode5EL_274' <Predicate = (do_init)> <Delay = 0.00>
ST_1 : Operation 26 [1/1] (0.00ns)   --->   "%p_ZZN4nnet24compute_output_buffer_2dINS_5arrayI8ap_fixedILi20ELi10EL9ap_q_mode5EL_275 = load i20 %p_ZZN4nnet24compute_output_buffer_2dINS_5arrayI8ap_fixedILi20ELi10EL9ap_q_mode5EL_82"   --->   Operation 26 'load' 'p_ZZN4nnet24compute_output_buffer_2dINS_5arrayI8ap_fixedILi20ELi10EL9ap_q_mode5EL_275' <Predicate = (do_init)> <Delay = 0.00>
ST_1 : Operation 27 [1/1] (0.00ns)   --->   "%p_ZZN4nnet24compute_output_buffer_2dINS_5arrayI8ap_fixedILi20ELi10EL9ap_q_mode5EL_276 = load i20 %p_ZZN4nnet24compute_output_buffer_2dINS_5arrayI8ap_fixedILi20ELi10EL9ap_q_mode5EL_81"   --->   Operation 27 'load' 'p_ZZN4nnet24compute_output_buffer_2dINS_5arrayI8ap_fixedILi20ELi10EL9ap_q_mode5EL_276' <Predicate = (do_init)> <Delay = 0.00>
ST_1 : Operation 28 [1/1] (0.00ns)   --->   "%p_ZZN4nnet24compute_output_buffer_2dINS_5arrayI8ap_fixedILi20ELi10EL9ap_q_mode5EL_277 = load i20 %p_ZZN4nnet24compute_output_buffer_2dINS_5arrayI8ap_fixedILi20ELi10EL9ap_q_mode5EL_80"   --->   Operation 28 'load' 'p_ZZN4nnet24compute_output_buffer_2dINS_5arrayI8ap_fixedILi20ELi10EL9ap_q_mode5EL_277' <Predicate = (do_init)> <Delay = 0.00>
ST_1 : Operation 29 [1/1] (0.00ns)   --->   "%p_ZZN4nnet24compute_output_buffer_2dINS_5arrayI8ap_fixedILi20ELi10EL9ap_q_mode5EL_278 = load i20 %p_ZZN4nnet24compute_output_buffer_2dINS_5arrayI8ap_fixedILi20ELi10EL9ap_q_mode5EL_79"   --->   Operation 29 'load' 'p_ZZN4nnet24compute_output_buffer_2dINS_5arrayI8ap_fixedILi20ELi10EL9ap_q_mode5EL_278' <Predicate = (do_init)> <Delay = 0.00>
ST_1 : Operation 30 [1/1] (0.00ns)   --->   "%p_ZZN4nnet24compute_output_buffer_2dINS_5arrayI8ap_fixedILi20ELi10EL9ap_q_mode5EL_279 = load i20 %p_ZZN4nnet24compute_output_buffer_2dINS_5arrayI8ap_fixedILi20ELi10EL9ap_q_mode5EL_78"   --->   Operation 30 'load' 'p_ZZN4nnet24compute_output_buffer_2dINS_5arrayI8ap_fixedILi20ELi10EL9ap_q_mode5EL_279' <Predicate = (do_init)> <Delay = 0.00>
ST_1 : Operation 31 [1/1] (0.00ns)   --->   "%p_ZZN4nnet24compute_output_buffer_2dINS_5arrayI8ap_fixedILi20ELi10EL9ap_q_mode5EL_280 = load i20 %p_ZZN4nnet24compute_output_buffer_2dINS_5arrayI8ap_fixedILi20ELi10EL9ap_q_mode5EL_77"   --->   Operation 31 'load' 'p_ZZN4nnet24compute_output_buffer_2dINS_5arrayI8ap_fixedILi20ELi10EL9ap_q_mode5EL_280' <Predicate = (do_init)> <Delay = 0.00>
ST_1 : Operation 32 [1/1] (0.00ns)   --->   "%p_ZZN4nnet24compute_output_buffer_2dINS_5arrayI8ap_fixedILi20ELi10EL9ap_q_mode5EL_281 = load i20 %p_ZZN4nnet24compute_output_buffer_2dINS_5arrayI8ap_fixedILi20ELi10EL9ap_q_mode5EL_76"   --->   Operation 32 'load' 'p_ZZN4nnet24compute_output_buffer_2dINS_5arrayI8ap_fixedILi20ELi10EL9ap_q_mode5EL_281' <Predicate = (do_init)> <Delay = 0.00>
ST_1 : Operation 33 [1/1] (0.00ns)   --->   "%p_ZZN4nnet24compute_output_buffer_2dINS_5arrayI8ap_fixedILi20ELi10EL9ap_q_mode5EL_282 = load i20 %p_ZZN4nnet24compute_output_buffer_2dINS_5arrayI8ap_fixedILi20ELi10EL9ap_q_mode5EL_75"   --->   Operation 33 'load' 'p_ZZN4nnet24compute_output_buffer_2dINS_5arrayI8ap_fixedILi20ELi10EL9ap_q_mode5EL_282' <Predicate = (do_init)> <Delay = 0.00>
ST_1 : Operation 34 [1/1] (0.00ns)   --->   "%p_ZZN4nnet24compute_output_buffer_2dINS_5arrayI8ap_fixedILi20ELi10EL9ap_q_mode5EL_283 = load i20 %p_ZZN4nnet24compute_output_buffer_2dINS_5arrayI8ap_fixedILi20ELi10EL9ap_q_mode5EL_74"   --->   Operation 34 'load' 'p_ZZN4nnet24compute_output_buffer_2dINS_5arrayI8ap_fixedILi20ELi10EL9ap_q_mode5EL_283' <Predicate = (do_init)> <Delay = 0.00>
ST_1 : Operation 35 [1/1] (0.00ns)   --->   "%p_ZZN4nnet24compute_output_buffer_2dINS_5arrayI8ap_fixedILi20ELi10EL9ap_q_mode5EL_284 = load i20 %p_ZZN4nnet24compute_output_buffer_2dINS_5arrayI8ap_fixedILi20ELi10EL9ap_q_mode5EL_73"   --->   Operation 35 'load' 'p_ZZN4nnet24compute_output_buffer_2dINS_5arrayI8ap_fixedILi20ELi10EL9ap_q_mode5EL_284' <Predicate = (do_init)> <Delay = 0.00>
ST_1 : Operation 36 [1/1] (0.00ns)   --->   "%p_ZZN4nnet24compute_output_buffer_2dINS_5arrayI8ap_fixedILi20ELi10EL9ap_q_mode5EL_285 = load i20 %p_ZZN4nnet24compute_output_buffer_2dINS_5arrayI8ap_fixedILi20ELi10EL9ap_q_mode5EL_72"   --->   Operation 36 'load' 'p_ZZN4nnet24compute_output_buffer_2dINS_5arrayI8ap_fixedILi20ELi10EL9ap_q_mode5EL_285' <Predicate = (do_init)> <Delay = 0.00>
ST_1 : Operation 37 [1/1] (0.00ns)   --->   "%p_ZZN4nnet24compute_output_buffer_2dINS_5arrayI8ap_fixedILi20ELi10EL9ap_q_mode5EL_286 = load i20 %p_ZZN4nnet24compute_output_buffer_2dINS_5arrayI8ap_fixedILi20ELi10EL9ap_q_mode5EL_71"   --->   Operation 37 'load' 'p_ZZN4nnet24compute_output_buffer_2dINS_5arrayI8ap_fixedILi20ELi10EL9ap_q_mode5EL_286' <Predicate = (do_init)> <Delay = 0.00>
ST_1 : Operation 38 [1/1] (0.00ns)   --->   "%p_ZZN4nnet24compute_output_buffer_2dINS_5arrayI8ap_fixedILi20ELi10EL9ap_q_mode5EL_287 = load i20 %p_ZZN4nnet24compute_output_buffer_2dINS_5arrayI8ap_fixedILi20ELi10EL9ap_q_mode5EL_70"   --->   Operation 38 'load' 'p_ZZN4nnet24compute_output_buffer_2dINS_5arrayI8ap_fixedILi20ELi10EL9ap_q_mode5EL_287' <Predicate = (do_init)> <Delay = 0.00>
ST_1 : Operation 39 [1/1] (0.00ns)   --->   "%p_ZZN4nnet24compute_output_buffer_2dINS_5arrayI8ap_fixedILi20ELi10EL9ap_q_mode5EL_288 = load i20 %p_ZZN4nnet24compute_output_buffer_2dINS_5arrayI8ap_fixedILi20ELi10EL9ap_q_mode5EL_69"   --->   Operation 39 'load' 'p_ZZN4nnet24compute_output_buffer_2dINS_5arrayI8ap_fixedILi20ELi10EL9ap_q_mode5EL_288' <Predicate = (do_init)> <Delay = 0.00>
ST_1 : Operation 40 [1/1] (0.00ns)   --->   "%p_ZZN4nnet24compute_output_buffer_2dINS_5arrayI8ap_fixedILi20ELi10EL9ap_q_mode5EL_289 = load i20 %p_ZZN4nnet24compute_output_buffer_2dINS_5arrayI8ap_fixedILi20ELi10EL9ap_q_mode5EL_68"   --->   Operation 40 'load' 'p_ZZN4nnet24compute_output_buffer_2dINS_5arrayI8ap_fixedILi20ELi10EL9ap_q_mode5EL_289' <Predicate = (do_init)> <Delay = 0.00>
ST_1 : Operation 41 [1/1] (0.00ns)   --->   "%p_ZZN4nnet24compute_output_buffer_2dINS_5arrayI8ap_fixedILi20ELi10EL9ap_q_mode5EL_290 = load i20 %p_ZZN4nnet24compute_output_buffer_2dINS_5arrayI8ap_fixedILi20ELi10EL9ap_q_mode5EL_67"   --->   Operation 41 'load' 'p_ZZN4nnet24compute_output_buffer_2dINS_5arrayI8ap_fixedILi20ELi10EL9ap_q_mode5EL_290' <Predicate = (do_init)> <Delay = 0.00>
ST_1 : Operation 42 [1/1] (0.00ns)   --->   "%p_ZZN4nnet24compute_output_buffer_2dINS_5arrayI8ap_fixedILi20ELi10EL9ap_q_mode5EL_291 = load i20 %p_ZZN4nnet24compute_output_buffer_2dINS_5arrayI8ap_fixedILi20ELi10EL9ap_q_mode5EL_66"   --->   Operation 42 'load' 'p_ZZN4nnet24compute_output_buffer_2dINS_5arrayI8ap_fixedILi20ELi10EL9ap_q_mode5EL_291' <Predicate = (do_init)> <Delay = 0.00>
ST_1 : Operation 43 [1/1] (0.00ns)   --->   "%p_ZZN4nnet24compute_output_buffer_2dINS_5arrayI8ap_fixedILi20ELi10EL9ap_q_mode5EL_292 = load i20 %p_ZZN4nnet24compute_output_buffer_2dINS_5arrayI8ap_fixedILi20ELi10EL9ap_q_mode5EL_65"   --->   Operation 43 'load' 'p_ZZN4nnet24compute_output_buffer_2dINS_5arrayI8ap_fixedILi20ELi10EL9ap_q_mode5EL_292' <Predicate = (do_init)> <Delay = 0.00>
ST_1 : Operation 44 [1/1] (0.00ns)   --->   "%p_ZZN4nnet24compute_output_buffer_2dINS_5arrayI8ap_fixedILi20ELi10EL9ap_q_mode5EL_293 = load i20 %p_ZZN4nnet24compute_output_buffer_2dINS_5arrayI8ap_fixedILi20ELi10EL9ap_q_mode5EL_64"   --->   Operation 44 'load' 'p_ZZN4nnet24compute_output_buffer_2dINS_5arrayI8ap_fixedILi20ELi10EL9ap_q_mode5EL_293' <Predicate = (do_init)> <Delay = 0.00>
ST_1 : Operation 45 [1/1] (0.00ns)   --->   "%p_ZZN4nnet24compute_output_buffer_2dINS_5arrayI8ap_fixedILi20ELi10EL9ap_q_mode5EL_294 = load i20 %p_ZZN4nnet24compute_output_buffer_2dINS_5arrayI8ap_fixedILi20ELi10EL9ap_q_mode5EL_63"   --->   Operation 45 'load' 'p_ZZN4nnet24compute_output_buffer_2dINS_5arrayI8ap_fixedILi20ELi10EL9ap_q_mode5EL_294' <Predicate = (do_init)> <Delay = 0.00>
ST_1 : Operation 46 [1/1] (0.00ns)   --->   "%p_ZZN4nnet24compute_output_buffer_2dINS_5arrayI8ap_fixedILi20ELi10EL9ap_q_mode5EL_295 = load i20 %p_ZZN4nnet24compute_output_buffer_2dINS_5arrayI8ap_fixedILi20ELi10EL9ap_q_mode5EL_62"   --->   Operation 46 'load' 'p_ZZN4nnet24compute_output_buffer_2dINS_5arrayI8ap_fixedILi20ELi10EL9ap_q_mode5EL_295' <Predicate = (do_init)> <Delay = 0.00>
ST_1 : Operation 47 [1/1] (0.00ns)   --->   "%p_ZZN4nnet24compute_output_buffer_2dINS_5arrayI8ap_fixedILi20ELi10EL9ap_q_mode5EL_296 = load i20 %p_ZZN4nnet24compute_output_buffer_2dINS_5arrayI8ap_fixedILi20ELi10EL9ap_q_mode5EL_61"   --->   Operation 47 'load' 'p_ZZN4nnet24compute_output_buffer_2dINS_5arrayI8ap_fixedILi20ELi10EL9ap_q_mode5EL_296' <Predicate = (do_init)> <Delay = 0.00>
ST_1 : Operation 48 [1/1] (0.00ns)   --->   "%p_ZZN4nnet24compute_output_buffer_2dINS_5arrayI8ap_fixedILi20ELi10EL9ap_q_mode5EL_297 = load i20 %p_ZZN4nnet24compute_output_buffer_2dINS_5arrayI8ap_fixedILi20ELi10EL9ap_q_mode5EL_60"   --->   Operation 48 'load' 'p_ZZN4nnet24compute_output_buffer_2dINS_5arrayI8ap_fixedILi20ELi10EL9ap_q_mode5EL_297' <Predicate = (do_init)> <Delay = 0.00>
ST_1 : Operation 49 [1/1] (0.00ns)   --->   "%p_ZZN4nnet24compute_output_buffer_2dINS_5arrayI8ap_fixedILi20ELi10EL9ap_q_mode5EL_298 = load i20 %p_ZZN4nnet24compute_output_buffer_2dINS_5arrayI8ap_fixedILi20ELi10EL9ap_q_mode5EL_59"   --->   Operation 49 'load' 'p_ZZN4nnet24compute_output_buffer_2dINS_5arrayI8ap_fixedILi20ELi10EL9ap_q_mode5EL_298' <Predicate = (do_init)> <Delay = 0.00>
ST_1 : Operation 50 [1/1] (0.00ns)   --->   "%p_ZZN4nnet24compute_output_buffer_2dINS_5arrayI8ap_fixedILi20ELi10EL9ap_q_mode5EL_299 = load i20 %p_ZZN4nnet24compute_output_buffer_2dINS_5arrayI8ap_fixedILi20ELi10EL9ap_q_mode5EL_58"   --->   Operation 50 'load' 'p_ZZN4nnet24compute_output_buffer_2dINS_5arrayI8ap_fixedILi20ELi10EL9ap_q_mode5EL_299' <Predicate = (do_init)> <Delay = 0.00>
ST_1 : Operation 51 [1/1] (0.00ns)   --->   "%p_ZZN4nnet24compute_output_buffer_2dINS_5arrayI8ap_fixedILi20ELi10EL9ap_q_mode5EL_300 = load i20 %p_ZZN4nnet24compute_output_buffer_2dINS_5arrayI8ap_fixedILi20ELi10EL9ap_q_mode5EL_57"   --->   Operation 51 'load' 'p_ZZN4nnet24compute_output_buffer_2dINS_5arrayI8ap_fixedILi20ELi10EL9ap_q_mode5EL_300' <Predicate = (do_init)> <Delay = 0.00>
ST_1 : Operation 52 [1/1] (0.00ns)   --->   "%p_ZZN4nnet24compute_output_buffer_2dINS_5arrayI8ap_fixedILi20ELi10EL9ap_q_mode5EL_301 = load i20 %p_ZZN4nnet24compute_output_buffer_2dINS_5arrayI8ap_fixedILi20ELi10EL9ap_q_mode5EL_56"   --->   Operation 52 'load' 'p_ZZN4nnet24compute_output_buffer_2dINS_5arrayI8ap_fixedILi20ELi10EL9ap_q_mode5EL_301' <Predicate = (do_init)> <Delay = 0.00>
ST_1 : Operation 53 [1/1] (0.00ns)   --->   "%p_ZZN4nnet24compute_output_buffer_2dINS_5arrayI8ap_fixedILi20ELi10EL9ap_q_mode5EL_302 = load i20 %p_ZZN4nnet24compute_output_buffer_2dINS_5arrayI8ap_fixedILi20ELi10EL9ap_q_mode5EL_55"   --->   Operation 53 'load' 'p_ZZN4nnet24compute_output_buffer_2dINS_5arrayI8ap_fixedILi20ELi10EL9ap_q_mode5EL_302' <Predicate = (do_init)> <Delay = 0.00>
ST_1 : Operation 54 [1/1] (0.00ns)   --->   "%p_ZZN4nnet24compute_output_buffer_2dINS_5arrayI8ap_fixedILi20ELi10EL9ap_q_mode5EL_303 = load i20 %p_ZZN4nnet24compute_output_buffer_2dINS_5arrayI8ap_fixedILi20ELi10EL9ap_q_mode5EL_54"   --->   Operation 54 'load' 'p_ZZN4nnet24compute_output_buffer_2dINS_5arrayI8ap_fixedILi20ELi10EL9ap_q_mode5EL_303' <Predicate = (do_init)> <Delay = 0.00>
ST_1 : Operation 55 [1/1] (0.00ns)   --->   "%p_ZZN4nnet24compute_output_buffer_2dINS_5arrayI8ap_fixedILi20ELi10EL9ap_q_mode5EL_304 = load i20 %p_ZZN4nnet24compute_output_buffer_2dINS_5arrayI8ap_fixedILi20ELi10EL9ap_q_mode5EL_53"   --->   Operation 55 'load' 'p_ZZN4nnet24compute_output_buffer_2dINS_5arrayI8ap_fixedILi20ELi10EL9ap_q_mode5EL_304' <Predicate = (do_init)> <Delay = 0.00>
ST_1 : Operation 56 [1/1] (0.00ns)   --->   "%p_ZZN4nnet24compute_output_buffer_2dINS_5arrayI8ap_fixedILi20ELi10EL9ap_q_mode5EL_305 = load i20 %p_ZZN4nnet24compute_output_buffer_2dINS_5arrayI8ap_fixedILi20ELi10EL9ap_q_mode5EL_52"   --->   Operation 56 'load' 'p_ZZN4nnet24compute_output_buffer_2dINS_5arrayI8ap_fixedILi20ELi10EL9ap_q_mode5EL_305' <Predicate = (do_init)> <Delay = 0.00>
ST_1 : Operation 57 [1/1] (0.00ns)   --->   "%p_ZZN4nnet24compute_output_buffer_2dINS_5arrayI8ap_fixedILi20ELi10EL9ap_q_mode5EL_306 = load i20 %p_ZZN4nnet24compute_output_buffer_2dINS_5arrayI8ap_fixedILi20ELi10EL9ap_q_mode5EL_51"   --->   Operation 57 'load' 'p_ZZN4nnet24compute_output_buffer_2dINS_5arrayI8ap_fixedILi20ELi10EL9ap_q_mode5EL_306' <Predicate = (do_init)> <Delay = 0.00>
ST_1 : Operation 58 [1/1] (0.00ns)   --->   "%p_ZZN4nnet24compute_output_buffer_2dINS_5arrayI8ap_fixedILi20ELi10EL9ap_q_mode5EL_307 = load i20 %p_ZZN4nnet24compute_output_buffer_2dINS_5arrayI8ap_fixedILi20ELi10EL9ap_q_mode5EL_50"   --->   Operation 58 'load' 'p_ZZN4nnet24compute_output_buffer_2dINS_5arrayI8ap_fixedILi20ELi10EL9ap_q_mode5EL_307' <Predicate = (do_init)> <Delay = 0.00>
ST_1 : Operation 59 [1/1] (0.00ns)   --->   "%p_ZZN4nnet24compute_output_buffer_2dINS_5arrayI8ap_fixedILi20ELi10EL9ap_q_mode5EL_308 = load i20 %p_ZZN4nnet24compute_output_buffer_2dINS_5arrayI8ap_fixedILi20ELi10EL9ap_q_mode5EL_49"   --->   Operation 59 'load' 'p_ZZN4nnet24compute_output_buffer_2dINS_5arrayI8ap_fixedILi20ELi10EL9ap_q_mode5EL_308' <Predicate = (do_init)> <Delay = 0.00>
ST_1 : Operation 60 [1/1] (0.00ns)   --->   "%p_ZZN4nnet24compute_output_buffer_2dINS_5arrayI8ap_fixedILi20ELi10EL9ap_q_mode5EL_309 = load i20 %p_ZZN4nnet24compute_output_buffer_2dINS_5arrayI8ap_fixedILi20ELi10EL9ap_q_mode5EL_48"   --->   Operation 60 'load' 'p_ZZN4nnet24compute_output_buffer_2dINS_5arrayI8ap_fixedILi20ELi10EL9ap_q_mode5EL_309' <Predicate = (do_init)> <Delay = 0.00>
ST_1 : Operation 61 [1/1] (0.00ns)   --->   "%p_ZZN4nnet24compute_output_buffer_2dINS_5arrayI8ap_fixedILi20ELi10EL9ap_q_mode5EL_310 = load i20 %p_ZZN4nnet24compute_output_buffer_2dINS_5arrayI8ap_fixedILi20ELi10EL9ap_q_mode5EL_47"   --->   Operation 61 'load' 'p_ZZN4nnet24compute_output_buffer_2dINS_5arrayI8ap_fixedILi20ELi10EL9ap_q_mode5EL_310' <Predicate = (do_init)> <Delay = 0.00>
ST_1 : Operation 62 [1/1] (0.00ns)   --->   "%p_ZZN4nnet24compute_output_buffer_2dINS_5arrayI8ap_fixedILi20ELi10EL9ap_q_mode5EL_311 = load i20 %p_ZZN4nnet24compute_output_buffer_2dINS_5arrayI8ap_fixedILi20ELi10EL9ap_q_mode5EL_46"   --->   Operation 62 'load' 'p_ZZN4nnet24compute_output_buffer_2dINS_5arrayI8ap_fixedILi20ELi10EL9ap_q_mode5EL_311' <Predicate = (do_init)> <Delay = 0.00>
ST_1 : Operation 63 [1/1] (0.00ns)   --->   "%p_ZZN4nnet24compute_output_buffer_2dINS_5arrayI8ap_fixedILi20ELi10EL9ap_q_mode5EL_312 = load i20 %p_ZZN4nnet24compute_output_buffer_2dINS_5arrayI8ap_fixedILi20ELi10EL9ap_q_mode5EL_45"   --->   Operation 63 'load' 'p_ZZN4nnet24compute_output_buffer_2dINS_5arrayI8ap_fixedILi20ELi10EL9ap_q_mode5EL_312' <Predicate = (do_init)> <Delay = 0.00>
ST_1 : Operation 64 [1/1] (0.00ns)   --->   "%p_ZZN4nnet24compute_output_buffer_2dINS_5arrayI8ap_fixedILi20ELi10EL9ap_q_mode5EL_313 = load i20 %p_ZZN4nnet24compute_output_buffer_2dINS_5arrayI8ap_fixedILi20ELi10EL9ap_q_mode5EL_44"   --->   Operation 64 'load' 'p_ZZN4nnet24compute_output_buffer_2dINS_5arrayI8ap_fixedILi20ELi10EL9ap_q_mode5EL_313' <Predicate = (do_init)> <Delay = 0.00>
ST_1 : Operation 65 [1/1] (0.00ns)   --->   "%p_ZZN4nnet24compute_output_buffer_2dINS_5arrayI8ap_fixedILi20ELi10EL9ap_q_mode5EL_314 = load i20 %p_ZZN4nnet24compute_output_buffer_2dINS_5arrayI8ap_fixedILi20ELi10EL9ap_q_mode5EL_43"   --->   Operation 65 'load' 'p_ZZN4nnet24compute_output_buffer_2dINS_5arrayI8ap_fixedILi20ELi10EL9ap_q_mode5EL_314' <Predicate = (do_init)> <Delay = 0.00>
ST_1 : Operation 66 [1/1] (0.00ns)   --->   "%p_ZZN4nnet24compute_output_buffer_2dINS_5arrayI8ap_fixedILi20ELi10EL9ap_q_mode5EL_315 = load i20 %p_ZZN4nnet24compute_output_buffer_2dINS_5arrayI8ap_fixedILi20ELi10EL9ap_q_mode5EL_42"   --->   Operation 66 'load' 'p_ZZN4nnet24compute_output_buffer_2dINS_5arrayI8ap_fixedILi20ELi10EL9ap_q_mode5EL_315' <Predicate = (do_init)> <Delay = 0.00>
ST_1 : Operation 67 [1/1] (0.00ns)   --->   "%p_ZZN4nnet24compute_output_buffer_2dINS_5arrayI8ap_fixedILi20ELi10EL9ap_q_mode5EL_316 = load i20 %p_ZZN4nnet24compute_output_buffer_2dINS_5arrayI8ap_fixedILi20ELi10EL9ap_q_mode5EL_41"   --->   Operation 67 'load' 'p_ZZN4nnet24compute_output_buffer_2dINS_5arrayI8ap_fixedILi20ELi10EL9ap_q_mode5EL_316' <Predicate = (do_init)> <Delay = 0.00>
ST_1 : Operation 68 [1/1] (0.00ns)   --->   "%p_ZZN4nnet24compute_output_buffer_2dINS_5arrayI8ap_fixedILi20ELi10EL9ap_q_mode5EL_317 = load i20 %p_ZZN4nnet24compute_output_buffer_2dINS_5arrayI8ap_fixedILi20ELi10EL9ap_q_mode5EL_40"   --->   Operation 68 'load' 'p_ZZN4nnet24compute_output_buffer_2dINS_5arrayI8ap_fixedILi20ELi10EL9ap_q_mode5EL_317' <Predicate = (do_init)> <Delay = 0.00>
ST_1 : Operation 69 [1/1] (0.00ns)   --->   "%p_ZZN4nnet24compute_output_buffer_2dINS_5arrayI8ap_fixedILi20ELi10EL9ap_q_mode5EL_318 = load i20 %p_ZZN4nnet24compute_output_buffer_2dINS_5arrayI8ap_fixedILi20ELi10EL9ap_q_mode5EL_39"   --->   Operation 69 'load' 'p_ZZN4nnet24compute_output_buffer_2dINS_5arrayI8ap_fixedILi20ELi10EL9ap_q_mode5EL_318' <Predicate = (do_init)> <Delay = 0.00>
ST_1 : Operation 70 [1/1] (0.00ns)   --->   "%p_ZZN4nnet24compute_output_buffer_2dINS_5arrayI8ap_fixedILi20ELi10EL9ap_q_mode5EL_319 = load i20 %p_ZZN4nnet24compute_output_buffer_2dINS_5arrayI8ap_fixedILi20ELi10EL9ap_q_mode5EL_38"   --->   Operation 70 'load' 'p_ZZN4nnet24compute_output_buffer_2dINS_5arrayI8ap_fixedILi20ELi10EL9ap_q_mode5EL_319' <Predicate = (do_init)> <Delay = 0.00>
ST_1 : Operation 71 [1/1] (0.00ns)   --->   "%p_ZZN4nnet24compute_output_buffer_2dINS_5arrayI8ap_fixedILi20ELi10EL9ap_q_mode5EL_320 = load i20 %p_ZZN4nnet24compute_output_buffer_2dINS_5arrayI8ap_fixedILi20ELi10EL9ap_q_mode5EL_37"   --->   Operation 71 'load' 'p_ZZN4nnet24compute_output_buffer_2dINS_5arrayI8ap_fixedILi20ELi10EL9ap_q_mode5EL_320' <Predicate = (do_init)> <Delay = 0.00>
ST_1 : Operation 72 [1/1] (0.00ns)   --->   "%p_ZZN4nnet24compute_output_buffer_2dINS_5arrayI8ap_fixedILi20ELi10EL9ap_q_mode5EL_321 = load i20 %p_ZZN4nnet24compute_output_buffer_2dINS_5arrayI8ap_fixedILi20ELi10EL9ap_q_mode5EL_36"   --->   Operation 72 'load' 'p_ZZN4nnet24compute_output_buffer_2dINS_5arrayI8ap_fixedILi20ELi10EL9ap_q_mode5EL_321' <Predicate = (do_init)> <Delay = 0.00>
ST_1 : Operation 73 [1/1] (0.00ns)   --->   "%p_ZZN4nnet24compute_output_buffer_2dINS_5arrayI8ap_fixedILi20ELi10EL9ap_q_mode5EL_322 = load i20 %p_ZZN4nnet24compute_output_buffer_2dINS_5arrayI8ap_fixedILi20ELi10EL9ap_q_mode5EL_35"   --->   Operation 73 'load' 'p_ZZN4nnet24compute_output_buffer_2dINS_5arrayI8ap_fixedILi20ELi10EL9ap_q_mode5EL_322' <Predicate = (do_init)> <Delay = 0.00>
ST_1 : Operation 74 [1/1] (0.00ns)   --->   "%p_ZZN4nnet24compute_output_buffer_2dINS_5arrayI8ap_fixedILi20ELi10EL9ap_q_mode5EL_323 = load i20 %p_ZZN4nnet24compute_output_buffer_2dINS_5arrayI8ap_fixedILi20ELi10EL9ap_q_mode5EL_34"   --->   Operation 74 'load' 'p_ZZN4nnet24compute_output_buffer_2dINS_5arrayI8ap_fixedILi20ELi10EL9ap_q_mode5EL_323' <Predicate = (do_init)> <Delay = 0.00>
ST_1 : Operation 75 [1/1] (0.00ns)   --->   "%p_ZZN4nnet24compute_output_buffer_2dINS_5arrayI8ap_fixedILi20ELi10EL9ap_q_mode5EL_324 = load i20 %p_ZZN4nnet24compute_output_buffer_2dINS_5arrayI8ap_fixedILi20ELi10EL9ap_q_mode5EL_33"   --->   Operation 75 'load' 'p_ZZN4nnet24compute_output_buffer_2dINS_5arrayI8ap_fixedILi20ELi10EL9ap_q_mode5EL_324' <Predicate = (do_init)> <Delay = 0.00>
ST_1 : Operation 76 [1/1] (0.00ns)   --->   "%p_ZZN4nnet24compute_output_buffer_2dINS_5arrayI8ap_fixedILi20ELi10EL9ap_q_mode5EL_325 = load i20 %p_ZZN4nnet24compute_output_buffer_2dINS_5arrayI8ap_fixedILi20ELi10EL9ap_q_mode5EL_32"   --->   Operation 76 'load' 'p_ZZN4nnet24compute_output_buffer_2dINS_5arrayI8ap_fixedILi20ELi10EL9ap_q_mode5EL_325' <Predicate = (do_init)> <Delay = 0.00>
ST_1 : Operation 77 [1/1] (0.00ns)   --->   "%p_ZZN4nnet24compute_output_buffer_2dINS_5arrayI8ap_fixedILi20ELi10EL9ap_q_mode5EL_326 = load i20 %p_ZZN4nnet24compute_output_buffer_2dINS_5arrayI8ap_fixedILi20ELi10EL9ap_q_mode5EL_31"   --->   Operation 77 'load' 'p_ZZN4nnet24compute_output_buffer_2dINS_5arrayI8ap_fixedILi20ELi10EL9ap_q_mode5EL_326' <Predicate = (do_init)> <Delay = 0.00>
ST_1 : Operation 78 [1/1] (0.00ns)   --->   "%p_ZZN4nnet24compute_output_buffer_2dINS_5arrayI8ap_fixedILi20ELi10EL9ap_q_mode5EL_327 = load i20 %p_ZZN4nnet24compute_output_buffer_2dINS_5arrayI8ap_fixedILi20ELi10EL9ap_q_mode5EL_30"   --->   Operation 78 'load' 'p_ZZN4nnet24compute_output_buffer_2dINS_5arrayI8ap_fixedILi20ELi10EL9ap_q_mode5EL_327' <Predicate = (do_init)> <Delay = 0.00>
ST_1 : Operation 79 [1/1] (0.00ns)   --->   "%p_ZZN4nnet24compute_output_buffer_2dINS_5arrayI8ap_fixedILi20ELi10EL9ap_q_mode5EL_328 = load i20 %p_ZZN4nnet24compute_output_buffer_2dINS_5arrayI8ap_fixedILi20ELi10EL9ap_q_mode5EL_29"   --->   Operation 79 'load' 'p_ZZN4nnet24compute_output_buffer_2dINS_5arrayI8ap_fixedILi20ELi10EL9ap_q_mode5EL_328' <Predicate = (do_init)> <Delay = 0.00>
ST_1 : Operation 80 [1/1] (0.00ns)   --->   "%p_ZZN4nnet24compute_output_buffer_2dINS_5arrayI8ap_fixedILi20ELi10EL9ap_q_mode5EL_329 = load i20 %p_ZZN4nnet24compute_output_buffer_2dINS_5arrayI8ap_fixedILi20ELi10EL9ap_q_mode5EL_28"   --->   Operation 80 'load' 'p_ZZN4nnet24compute_output_buffer_2dINS_5arrayI8ap_fixedILi20ELi10EL9ap_q_mode5EL_329' <Predicate = (do_init)> <Delay = 0.00>
ST_1 : Operation 81 [1/1] (0.00ns)   --->   "%p_ZZN4nnet24compute_output_buffer_2dINS_5arrayI8ap_fixedILi20ELi10EL9ap_q_mode5EL_330 = load i20 %p_ZZN4nnet24compute_output_buffer_2dINS_5arrayI8ap_fixedILi20ELi10EL9ap_q_mode5EL_27"   --->   Operation 81 'load' 'p_ZZN4nnet24compute_output_buffer_2dINS_5arrayI8ap_fixedILi20ELi10EL9ap_q_mode5EL_330' <Predicate = (do_init)> <Delay = 0.00>
ST_1 : Operation 82 [1/1] (0.00ns)   --->   "%p_ZZN4nnet24compute_output_buffer_2dINS_5arrayI8ap_fixedILi20ELi10EL9ap_q_mode5EL_331 = load i20 %p_ZZN4nnet24compute_output_buffer_2dINS_5arrayI8ap_fixedILi20ELi10EL9ap_q_mode5EL_26"   --->   Operation 82 'load' 'p_ZZN4nnet24compute_output_buffer_2dINS_5arrayI8ap_fixedILi20ELi10EL9ap_q_mode5EL_331' <Predicate = (do_init)> <Delay = 0.00>
ST_1 : Operation 83 [1/1] (0.00ns)   --->   "%p_ZZN4nnet24compute_output_buffer_2dINS_5arrayI8ap_fixedILi20ELi10EL9ap_q_mode5EL_332 = load i20 %p_ZZN4nnet24compute_output_buffer_2dINS_5arrayI8ap_fixedILi20ELi10EL9ap_q_mode5EL_25"   --->   Operation 83 'load' 'p_ZZN4nnet24compute_output_buffer_2dINS_5arrayI8ap_fixedILi20ELi10EL9ap_q_mode5EL_332' <Predicate = (do_init)> <Delay = 0.00>
ST_1 : Operation 84 [1/1] (0.00ns)   --->   "%p_ZZN4nnet24compute_output_buffer_2dINS_5arrayI8ap_fixedILi20ELi10EL9ap_q_mode5EL_333 = load i20 %p_ZZN4nnet24compute_output_buffer_2dINS_5arrayI8ap_fixedILi20ELi10EL9ap_q_mode5EL_24"   --->   Operation 84 'load' 'p_ZZN4nnet24compute_output_buffer_2dINS_5arrayI8ap_fixedILi20ELi10EL9ap_q_mode5EL_333' <Predicate = (do_init)> <Delay = 0.00>
ST_1 : Operation 85 [1/1] (0.00ns)   --->   "%p_ZZN4nnet24compute_output_buffer_2dINS_5arrayI8ap_fixedILi20ELi10EL9ap_q_mode5EL_334 = load i20 %p_ZZN4nnet24compute_output_buffer_2dINS_5arrayI8ap_fixedILi20ELi10EL9ap_q_mode5EL_23"   --->   Operation 85 'load' 'p_ZZN4nnet24compute_output_buffer_2dINS_5arrayI8ap_fixedILi20ELi10EL9ap_q_mode5EL_334' <Predicate = (do_init)> <Delay = 0.00>
ST_1 : Operation 86 [1/1] (0.00ns)   --->   "%p_ZZN4nnet24compute_output_buffer_2dINS_5arrayI8ap_fixedILi20ELi10EL9ap_q_mode5EL_335 = load i20 %p_ZZN4nnet24compute_output_buffer_2dINS_5arrayI8ap_fixedILi20ELi10EL9ap_q_mode5EL_22"   --->   Operation 86 'load' 'p_ZZN4nnet24compute_output_buffer_2dINS_5arrayI8ap_fixedILi20ELi10EL9ap_q_mode5EL_335' <Predicate = (do_init)> <Delay = 0.00>
ST_1 : Operation 87 [1/1] (0.00ns)   --->   "%p_ZZN4nnet24compute_output_buffer_2dINS_5arrayI8ap_fixedILi20ELi10EL9ap_q_mode5EL_336 = load i20 %p_ZZN4nnet24compute_output_buffer_2dINS_5arrayI8ap_fixedILi20ELi10EL9ap_q_mode5EL_21"   --->   Operation 87 'load' 'p_ZZN4nnet24compute_output_buffer_2dINS_5arrayI8ap_fixedILi20ELi10EL9ap_q_mode5EL_336' <Predicate = (do_init)> <Delay = 0.00>
ST_1 : Operation 88 [1/1] (0.00ns)   --->   "%p_ZZN4nnet24compute_output_buffer_2dINS_5arrayI8ap_fixedILi20ELi10EL9ap_q_mode5EL_337 = load i20 %p_ZZN4nnet24compute_output_buffer_2dINS_5arrayI8ap_fixedILi20ELi10EL9ap_q_mode5EL_20"   --->   Operation 88 'load' 'p_ZZN4nnet24compute_output_buffer_2dINS_5arrayI8ap_fixedILi20ELi10EL9ap_q_mode5EL_337' <Predicate = (do_init)> <Delay = 0.00>
ST_1 : Operation 89 [1/1] (0.00ns)   --->   "%p_ZZN4nnet24compute_output_buffer_2dINS_5arrayI8ap_fixedILi20ELi10EL9ap_q_mode5EL_338 = load i20 %p_ZZN4nnet24compute_output_buffer_2dINS_5arrayI8ap_fixedILi20ELi10EL9ap_q_mode5EL_19"   --->   Operation 89 'load' 'p_ZZN4nnet24compute_output_buffer_2dINS_5arrayI8ap_fixedILi20ELi10EL9ap_q_mode5EL_338' <Predicate = (do_init)> <Delay = 0.00>
ST_1 : Operation 90 [1/1] (0.00ns)   --->   "%p_ZZN4nnet24compute_output_buffer_2dINS_5arrayI8ap_fixedILi20ELi10EL9ap_q_mode5EL_339 = load i20 %p_ZZN4nnet24compute_output_buffer_2dINS_5arrayI8ap_fixedILi20ELi10EL9ap_q_mode5EL_18"   --->   Operation 90 'load' 'p_ZZN4nnet24compute_output_buffer_2dINS_5arrayI8ap_fixedILi20ELi10EL9ap_q_mode5EL_339' <Predicate = (do_init)> <Delay = 0.00>
ST_1 : Operation 91 [1/1] (0.00ns)   --->   "%p_ZZN4nnet24compute_output_buffer_2dINS_5arrayI8ap_fixedILi20ELi10EL9ap_q_mode5EL_340 = load i20 %p_ZZN4nnet24compute_output_buffer_2dINS_5arrayI8ap_fixedILi20ELi10EL9ap_q_mode5EL_17"   --->   Operation 91 'load' 'p_ZZN4nnet24compute_output_buffer_2dINS_5arrayI8ap_fixedILi20ELi10EL9ap_q_mode5EL_340' <Predicate = (do_init)> <Delay = 0.00>
ST_1 : Operation 92 [1/1] (0.00ns)   --->   "%p_ZZN4nnet24compute_output_buffer_2dINS_5arrayI8ap_fixedILi20ELi10EL9ap_q_mode5EL_341 = load i20 %p_ZZN4nnet24compute_output_buffer_2dINS_5arrayI8ap_fixedILi20ELi10EL9ap_q_mode5EL_16"   --->   Operation 92 'load' 'p_ZZN4nnet24compute_output_buffer_2dINS_5arrayI8ap_fixedILi20ELi10EL9ap_q_mode5EL_341' <Predicate = (do_init)> <Delay = 0.00>
ST_1 : Operation 93 [1/1] (0.00ns)   --->   "%p_ZZN4nnet24compute_output_buffer_2dINS_5arrayI8ap_fixedILi20ELi10EL9ap_q_mode5EL_342 = load i20 %p_ZZN4nnet24compute_output_buffer_2dINS_5arrayI8ap_fixedILi20ELi10EL9ap_q_mode5EL_15"   --->   Operation 93 'load' 'p_ZZN4nnet24compute_output_buffer_2dINS_5arrayI8ap_fixedILi20ELi10EL9ap_q_mode5EL_342' <Predicate = (do_init)> <Delay = 0.00>
ST_1 : Operation 94 [1/1] (0.00ns)   --->   "%p_ZZN4nnet24compute_output_buffer_2dINS_5arrayI8ap_fixedILi20ELi10EL9ap_q_mode5EL_343 = load i20 %p_ZZN4nnet24compute_output_buffer_2dINS_5arrayI8ap_fixedILi20ELi10EL9ap_q_mode5EL_14"   --->   Operation 94 'load' 'p_ZZN4nnet24compute_output_buffer_2dINS_5arrayI8ap_fixedILi20ELi10EL9ap_q_mode5EL_343' <Predicate = (do_init)> <Delay = 0.00>
ST_1 : Operation 95 [1/1] (0.00ns)   --->   "%p_ZZN4nnet24compute_output_buffer_2dINS_5arrayI8ap_fixedILi20ELi10EL9ap_q_mode5EL_344 = load i20 %p_ZZN4nnet24compute_output_buffer_2dINS_5arrayI8ap_fixedILi20ELi10EL9ap_q_mode5EL_13"   --->   Operation 95 'load' 'p_ZZN4nnet24compute_output_buffer_2dINS_5arrayI8ap_fixedILi20ELi10EL9ap_q_mode5EL_344' <Predicate = (do_init)> <Delay = 0.00>
ST_1 : Operation 96 [1/1] (0.00ns)   --->   "%p_ZZN4nnet24compute_output_buffer_2dINS_5arrayI8ap_fixedILi20ELi10EL9ap_q_mode5EL_345 = load i20 %p_ZZN4nnet24compute_output_buffer_2dINS_5arrayI8ap_fixedILi20ELi10EL9ap_q_mode5EL_12"   --->   Operation 96 'load' 'p_ZZN4nnet24compute_output_buffer_2dINS_5arrayI8ap_fixedILi20ELi10EL9ap_q_mode5EL_345' <Predicate = (do_init)> <Delay = 0.00>
ST_1 : Operation 97 [1/1] (0.00ns)   --->   "%p_ZZN4nnet24compute_output_buffer_2dINS_5arrayI8ap_fixedILi20ELi10EL9ap_q_mode5EL_346 = load i20 %p_ZZN4nnet24compute_output_buffer_2dINS_5arrayI8ap_fixedILi20ELi10EL9ap_q_mode5EL_11"   --->   Operation 97 'load' 'p_ZZN4nnet24compute_output_buffer_2dINS_5arrayI8ap_fixedILi20ELi10EL9ap_q_mode5EL_346' <Predicate = (do_init)> <Delay = 0.00>
ST_1 : Operation 98 [1/1] (0.00ns)   --->   "%p_ZZN4nnet24compute_output_buffer_2dINS_5arrayI8ap_fixedILi20ELi10EL9ap_q_mode5EL_347 = load i20 %p_ZZN4nnet24compute_output_buffer_2dINS_5arrayI8ap_fixedILi20ELi10EL9ap_q_mode5EL_10"   --->   Operation 98 'load' 'p_ZZN4nnet24compute_output_buffer_2dINS_5arrayI8ap_fixedILi20ELi10EL9ap_q_mode5EL_347' <Predicate = (do_init)> <Delay = 0.00>
ST_1 : Operation 99 [1/1] (0.00ns)   --->   "%p_ZZN4nnet24compute_output_buffer_2dINS_5arrayI8ap_fixedILi20ELi10EL9ap_q_mode5EL_348 = load i20 %p_ZZN4nnet24compute_output_buffer_2dINS_5arrayI8ap_fixedILi20ELi10EL9ap_q_mode5EL_9"   --->   Operation 99 'load' 'p_ZZN4nnet24compute_output_buffer_2dINS_5arrayI8ap_fixedILi20ELi10EL9ap_q_mode5EL_348' <Predicate = (do_init)> <Delay = 0.00>
ST_1 : Operation 100 [1/1] (0.00ns)   --->   "%p_ZZN4nnet24compute_output_buffer_2dINS_5arrayI8ap_fixedILi20ELi10EL9ap_q_mode5EL_349 = load i20 %p_ZZN4nnet24compute_output_buffer_2dINS_5arrayI8ap_fixedILi20ELi10EL9ap_q_mode5EL_8"   --->   Operation 100 'load' 'p_ZZN4nnet24compute_output_buffer_2dINS_5arrayI8ap_fixedILi20ELi10EL9ap_q_mode5EL_349' <Predicate = (do_init)> <Delay = 0.00>
ST_1 : Operation 101 [1/1] (0.00ns)   --->   "%p_ZZN4nnet24compute_output_buffer_2dINS_5arrayI8ap_fixedILi20ELi10EL9ap_q_mode5EL_350 = load i20 %p_ZZN4nnet24compute_output_buffer_2dINS_5arrayI8ap_fixedILi20ELi10EL9ap_q_mode5EL_7"   --->   Operation 101 'load' 'p_ZZN4nnet24compute_output_buffer_2dINS_5arrayI8ap_fixedILi20ELi10EL9ap_q_mode5EL_350' <Predicate = (do_init)> <Delay = 0.00>
ST_1 : Operation 102 [1/1] (0.00ns)   --->   "%p_ZZN4nnet24compute_output_buffer_2dINS_5arrayI8ap_fixedILi20ELi10EL9ap_q_mode5EL_351 = load i20 %p_ZZN4nnet24compute_output_buffer_2dINS_5arrayI8ap_fixedILi20ELi10EL9ap_q_mode5EL_6"   --->   Operation 102 'load' 'p_ZZN4nnet24compute_output_buffer_2dINS_5arrayI8ap_fixedILi20ELi10EL9ap_q_mode5EL_351' <Predicate = (do_init)> <Delay = 0.00>
ST_1 : Operation 103 [1/1] (0.00ns)   --->   "%p_ZZN4nnet24compute_output_buffer_2dINS_5arrayI8ap_fixedILi20ELi10EL9ap_q_mode5EL_352 = load i20 %p_ZZN4nnet24compute_output_buffer_2dINS_5arrayI8ap_fixedILi20ELi10EL9ap_q_mode5EL_5"   --->   Operation 103 'load' 'p_ZZN4nnet24compute_output_buffer_2dINS_5arrayI8ap_fixedILi20ELi10EL9ap_q_mode5EL_352' <Predicate = (do_init)> <Delay = 0.00>
ST_1 : Operation 104 [1/1] (0.00ns)   --->   "%p_ZZN4nnet24compute_output_buffer_2dINS_5arrayI8ap_fixedILi20ELi10EL9ap_q_mode5EL_353 = load i20 %p_ZZN4nnet24compute_output_buffer_2dINS_5arrayI8ap_fixedILi20ELi10EL9ap_q_mode5EL_4"   --->   Operation 104 'load' 'p_ZZN4nnet24compute_output_buffer_2dINS_5arrayI8ap_fixedILi20ELi10EL9ap_q_mode5EL_353' <Predicate = (do_init)> <Delay = 0.00>
ST_1 : Operation 105 [1/1] (0.00ns)   --->   "%p_ZZN4nnet24compute_output_buffer_2dINS_5arrayI8ap_fixedILi20ELi10EL9ap_q_mode5EL_354 = load i20 %p_ZZN4nnet24compute_output_buffer_2dINS_5arrayI8ap_fixedILi20ELi10EL9ap_q_mode5EL_3"   --->   Operation 105 'load' 'p_ZZN4nnet24compute_output_buffer_2dINS_5arrayI8ap_fixedILi20ELi10EL9ap_q_mode5EL_354' <Predicate = (do_init)> <Delay = 0.00>
ST_1 : Operation 106 [1/1] (0.00ns)   --->   "%p_ZZN4nnet24compute_output_buffer_2dINS_5arrayI8ap_fixedILi20ELi10EL9ap_q_mode5EL_355 = load i20 %p_ZZN4nnet24compute_output_buffer_2dINS_5arrayI8ap_fixedILi20ELi10EL9ap_q_mode5EL_2"   --->   Operation 106 'load' 'p_ZZN4nnet24compute_output_buffer_2dINS_5arrayI8ap_fixedILi20ELi10EL9ap_q_mode5EL_355' <Predicate = (do_init)> <Delay = 0.00>
ST_1 : Operation 107 [1/1] (0.00ns)   --->   "%p_ZZN4nnet24compute_output_buffer_2dINS_5arrayI8ap_fixedILi20ELi10EL9ap_q_mode5EL_356 = load i20 %p_ZZN4nnet24compute_output_buffer_2dINS_5arrayI8ap_fixedILi20ELi10EL9ap_q_mode5EL_1"   --->   Operation 107 'load' 'p_ZZN4nnet24compute_output_buffer_2dINS_5arrayI8ap_fixedILi20ELi10EL9ap_q_mode5EL_356' <Predicate = (do_init)> <Delay = 0.00>
ST_1 : Operation 108 [1/1] (0.00ns)   --->   "%p_ZZN4nnet24compute_output_buffer_2dINS_5arrayI8ap_fixedILi20ELi10EL9ap_q_mode5EL_357 = load i20 %p_ZZN4nnet24compute_output_buffer_2dINS_5arrayI8ap_fixedILi20ELi10EL9ap_q_mode5EL"   --->   Operation 108 'load' 'p_ZZN4nnet24compute_output_buffer_2dINS_5arrayI8ap_fixedILi20ELi10EL9ap_q_mode5EL_357' <Predicate = (do_init)> <Delay = 0.00>
ST_1 : Operation 109 [1/1] (0.00ns)   --->   "%p_ZZN4nnet24compute_output_buffer_2dINS_5arrayI8ap_fixedILi20ELi10EL9ap_q_mode5EL_358 = load i20 %p_ZZN4nnet24compute_output_buffer_2dINS_5arrayI8ap_fixedILi20ELi10EL9ap_q_mode5EL_96"   --->   Operation 109 'load' 'p_ZZN4nnet24compute_output_buffer_2dINS_5arrayI8ap_fixedILi20ELi10EL9ap_q_mode5EL_358' <Predicate = (do_init)> <Delay = 0.00>
ST_1 : Operation 110 [1/1] (0.00ns)   --->   "%p_ZZN4nnet24compute_output_buffer_2dINS_5arrayI8ap_fixedILi20ELi10EL9ap_q_mode5EL_359 = load i20 %p_ZZN4nnet24compute_output_buffer_2dINS_5arrayI8ap_fixedILi20ELi10EL9ap_q_mode5EL_95"   --->   Operation 110 'load' 'p_ZZN4nnet24compute_output_buffer_2dINS_5arrayI8ap_fixedILi20ELi10EL9ap_q_mode5EL_359' <Predicate = (do_init)> <Delay = 0.00>
ST_1 : Operation 111 [1/1] (0.00ns)   --->   "%p_ZZN4nnet24compute_output_buffer_2dINS_5arrayI8ap_fixedILi20ELi10EL9ap_q_mode5EL_360 = load i20 %p_ZZN4nnet24compute_output_buffer_2dINS_5arrayI8ap_fixedILi20ELi10EL9ap_q_mode5EL_94"   --->   Operation 111 'load' 'p_ZZN4nnet24compute_output_buffer_2dINS_5arrayI8ap_fixedILi20ELi10EL9ap_q_mode5EL_360' <Predicate = (do_init)> <Delay = 0.00>
ST_1 : Operation 112 [1/1] (0.00ns)   --->   "%p_ZZN4nnet24compute_output_buffer_2dINS_5arrayI8ap_fixedILi20ELi10EL9ap_q_mode5EL_361 = load i20 %p_ZZN4nnet24compute_output_buffer_2dINS_5arrayI8ap_fixedILi20ELi10EL9ap_q_mode5EL_93"   --->   Operation 112 'load' 'p_ZZN4nnet24compute_output_buffer_2dINS_5arrayI8ap_fixedILi20ELi10EL9ap_q_mode5EL_361' <Predicate = (do_init)> <Delay = 0.00>
ST_1 : Operation 113 [1/1] (0.00ns)   --->   "%p_ZZN4nnet24compute_output_buffer_2dINS_5arrayI8ap_fixedILi20ELi10EL9ap_q_mode5EL_362 = load i20 %p_ZZN4nnet24compute_output_buffer_2dINS_5arrayI8ap_fixedILi20ELi10EL9ap_q_mode5EL_92"   --->   Operation 113 'load' 'p_ZZN4nnet24compute_output_buffer_2dINS_5arrayI8ap_fixedILi20ELi10EL9ap_q_mode5EL_362' <Predicate = (do_init)> <Delay = 0.00>
ST_1 : Operation 114 [1/1] (0.00ns)   --->   "%p_ZZN4nnet24compute_output_buffer_2dINS_5arrayI8ap_fixedILi20ELi10EL9ap_q_mode5EL_363 = load i20 %p_ZZN4nnet24compute_output_buffer_2dINS_5arrayI8ap_fixedILi20ELi10EL9ap_q_mode5EL_91"   --->   Operation 114 'load' 'p_ZZN4nnet24compute_output_buffer_2dINS_5arrayI8ap_fixedILi20ELi10EL9ap_q_mode5EL_363' <Predicate = (do_init)> <Delay = 0.00>
ST_1 : Operation 115 [1/1] (0.00ns)   --->   "%p_ZZN4nnet24compute_output_buffer_2dINS_5arrayI8ap_fixedILi20ELi10EL9ap_q_mode5EL_364 = load i20 %p_ZZN4nnet24compute_output_buffer_2dINS_5arrayI8ap_fixedILi20ELi10EL9ap_q_mode5EL_90"   --->   Operation 115 'load' 'p_ZZN4nnet24compute_output_buffer_2dINS_5arrayI8ap_fixedILi20ELi10EL9ap_q_mode5EL_364' <Predicate = (do_init)> <Delay = 0.00>
ST_1 : Operation 116 [1/1] (0.00ns)   --->   "%p_ZZN4nnet24compute_output_buffer_2dINS_5arrayI8ap_fixedILi20ELi10EL9ap_q_mode5EL_365 = load i20 %p_ZZN4nnet24compute_output_buffer_2dINS_5arrayI8ap_fixedILi20ELi10EL9ap_q_mode5EL_89"   --->   Operation 116 'load' 'p_ZZN4nnet24compute_output_buffer_2dINS_5arrayI8ap_fixedILi20ELi10EL9ap_q_mode5EL_365' <Predicate = (do_init)> <Delay = 0.00>
ST_1 : Operation 117 [1/1] (1.58ns)   --->   "%br_ln135 = br void %MultLoop.split.i" [firmware/nnet_utils/nnet_dense_resource.h:135]   --->   Operation 117 'br' 'br_ln135' <Predicate = (do_init)> <Delay = 1.58>
ST_1 : Operation 118 [1/1] (0.00ns)   --->   "%zext_ln135 = zext i11 %w_index45" [firmware/nnet_utils/nnet_dense_resource.h:135]   --->   Operation 118 'zext' 'zext_ln135' <Predicate = true> <Delay = 0.00>
ST_1 : Operation 119 [1/1] (0.00ns)   --->   "%outidx_59_addr = getelementptr i5 %outidx_59, i64 0, i64 %zext_ln135" [firmware/nnet_utils/nnet_dense_resource.h:139]   --->   Operation 119 'getelementptr' 'outidx_59_addr' <Predicate = true> <Delay = 0.00>
ST_1 : Operation 120 [2/2] (3.25ns)   --->   "%out_index = load i11 %outidx_59_addr" [firmware/nnet_utils/nnet_dense_resource.h:139]   --->   Operation 120 'load' 'out_index' <Predicate = true> <Delay = 3.25> <CoreInst = "ROM">   --->   Core 94 'ROM' <Latency = 1> <II = 1> <Delay = 3.25> <Storage> <Opcode : 'load'> <Ports = 0> <Width = 5> <Depth = 1944> <ROM>
ST_1 : Operation 121 [1/1] (0.00ns)   --->   "%w6_addr = getelementptr i12 %w6, i64 0, i64 %zext_ln135" [firmware/nnet_utils/nnet_dense_resource.h:145]   --->   Operation 121 'getelementptr' 'w6_addr' <Predicate = true> <Delay = 0.00>
ST_1 : Operation 122 [2/2] (3.25ns)   --->   "%w = load i11 %w6_addr" [firmware/nnet_utils/nnet_dense_resource.h:145]   --->   Operation 122 'load' 'w' <Predicate = true> <Delay = 3.25> <CoreInst = "ROM_nP_BRAM">   --->   Core 102 'ROM_nP_BRAM' <Latency = 1> <II = 1> <Delay = 3.25> <Storage> <Opcode : 'load'> <Ports = 0> <Width = 12> <Depth = 1944> <ROM>
ST_1 : Operation 123 [1/1] (1.63ns)   --->   "%w_index = add i11 %w_index45, i11 1" [firmware/nnet_utils/nnet_dense_resource.h:135]   --->   Operation 123 'add' 'w_index' <Predicate = true> <Delay = 1.63> <CoreInst = "Adder">   --->   Core 1 'Adder' <Latency = 0> <II = 1> <Delay = 1.63> <FuncUnit> <Opcode : 'add' 'sub'> <InPorts = 2> <OutPorts = 1>
ST_1 : Operation 124 [1/1] (1.63ns)   --->   "%icmp_ln135 = icmp_eq  i11 %w_index45, i11 1943" [firmware/nnet_utils/nnet_dense_resource.h:135]   --->   Operation 124 'icmp' 'icmp_ln135' <Predicate = true> <Delay = 1.63> <CoreInst = "Cmp">   --->   Core 9 'Cmp' <Latency = 0> <II = 1> <Delay = 1.63> <FuncUnit> <Opcode : 'seteq' 'setne' 'setle' 'setge' 'setlt' 'setgt'> <InPorts = 2> <OutPorts = 1>
ST_1 : Operation 125 [1/1] (0.00ns)   --->   "%br_ln135 = br i1 %icmp_ln135, void %rewind_header, void %dense_resource_rf_gt_nin_rem0<ap_fixed<20, 10, 5, 3, 0>, ap_fixed<18, 8, 5, 3, 0>, config6_mult>.exit" [firmware/nnet_utils/nnet_dense_resource.h:135]   --->   Operation 125 'br' 'br_ln135' <Predicate = true> <Delay = 0.00>
ST_1 : Operation 126 [1/1] (0.00ns)   --->   "%br_ln0 = br void %rewind_header"   --->   Operation 126 'br' 'br_ln0' <Predicate = (icmp_ln135)> <Delay = 0.00>

State 2 <SV = 1> <Delay = 11.2>
ST_2 : Operation 127 [1/1] (0.00ns)   --->   "%p_ZZN4nnet24compute_output_buffer_2dINS_5arrayI8ap_fixedILi20ELi10EL9ap_q_mode5EL_366 = phi i20 0, void %entry, i20 %p_ZZN4nnet24compute_output_buffer_2dINS_5arrayI8ap_fixedILi20ELi10EL9ap_q_mode5EL_170, void %V32.i.i27.i.i44.exit.i, i20 0, void %dense_resource_rf_gt_nin_rem0<ap_fixed<20, 10, 5, 3, 0>, ap_fixed<18, 8, 5, 3, 0>, config6_mult>.exit"   --->   Operation 127 'phi' 'p_ZZN4nnet24compute_output_buffer_2dINS_5arrayI8ap_fixedILi20ELi10EL9ap_q_mode5EL_366' <Predicate = true> <Delay = 0.00>
ST_2 : Operation 128 [1/1] (0.00ns)   --->   "%p_ZZN4nnet24compute_output_buffer_2dINS_5arrayI8ap_fixedILi20ELi10EL9ap_q_mode5EL_367 = phi i20 0, void %entry, i20 %p_ZZN4nnet24compute_output_buffer_2dINS_5arrayI8ap_fixedILi20ELi10EL9ap_q_mode5EL_171, void %V32.i.i27.i.i44.exit.i, i20 0, void %dense_resource_rf_gt_nin_rem0<ap_fixed<20, 10, 5, 3, 0>, ap_fixed<18, 8, 5, 3, 0>, config6_mult>.exit"   --->   Operation 128 'phi' 'p_ZZN4nnet24compute_output_buffer_2dINS_5arrayI8ap_fixedILi20ELi10EL9ap_q_mode5EL_367' <Predicate = true> <Delay = 0.00>
ST_2 : Operation 129 [1/1] (0.00ns)   --->   "%p_ZZN4nnet24compute_output_buffer_2dINS_5arrayI8ap_fixedILi20ELi10EL9ap_q_mode5EL_368 = phi i20 0, void %entry, i20 %p_ZZN4nnet24compute_output_buffer_2dINS_5arrayI8ap_fixedILi20ELi10EL9ap_q_mode5EL_172, void %V32.i.i27.i.i44.exit.i, i20 0, void %dense_resource_rf_gt_nin_rem0<ap_fixed<20, 10, 5, 3, 0>, ap_fixed<18, 8, 5, 3, 0>, config6_mult>.exit"   --->   Operation 129 'phi' 'p_ZZN4nnet24compute_output_buffer_2dINS_5arrayI8ap_fixedILi20ELi10EL9ap_q_mode5EL_368' <Predicate = true> <Delay = 0.00>
ST_2 : Operation 130 [1/1] (0.00ns)   --->   "%p_ZZN4nnet24compute_output_buffer_2dINS_5arrayI8ap_fixedILi20ELi10EL9ap_q_mode5EL_369 = phi i20 0, void %entry, i20 %p_ZZN4nnet24compute_output_buffer_2dINS_5arrayI8ap_fixedILi20ELi10EL9ap_q_mode5EL_173, void %V32.i.i27.i.i44.exit.i, i20 0, void %dense_resource_rf_gt_nin_rem0<ap_fixed<20, 10, 5, 3, 0>, ap_fixed<18, 8, 5, 3, 0>, config6_mult>.exit"   --->   Operation 130 'phi' 'p_ZZN4nnet24compute_output_buffer_2dINS_5arrayI8ap_fixedILi20ELi10EL9ap_q_mode5EL_369' <Predicate = true> <Delay = 0.00>
ST_2 : Operation 131 [1/1] (0.00ns)   --->   "%p_ZZN4nnet24compute_output_buffer_2dINS_5arrayI8ap_fixedILi20ELi10EL9ap_q_mode5EL_370 = phi i20 0, void %entry, i20 %p_ZZN4nnet24compute_output_buffer_2dINS_5arrayI8ap_fixedILi20ELi10EL9ap_q_mode5EL_174, void %V32.i.i27.i.i44.exit.i, i20 0, void %dense_resource_rf_gt_nin_rem0<ap_fixed<20, 10, 5, 3, 0>, ap_fixed<18, 8, 5, 3, 0>, config6_mult>.exit"   --->   Operation 131 'phi' 'p_ZZN4nnet24compute_output_buffer_2dINS_5arrayI8ap_fixedILi20ELi10EL9ap_q_mode5EL_370' <Predicate = true> <Delay = 0.00>
ST_2 : Operation 132 [1/1] (0.00ns)   --->   "%p_ZZN4nnet24compute_output_buffer_2dINS_5arrayI8ap_fixedILi20ELi10EL9ap_q_mode5EL_371 = phi i20 0, void %entry, i20 %p_ZZN4nnet24compute_output_buffer_2dINS_5arrayI8ap_fixedILi20ELi10EL9ap_q_mode5EL_175, void %V32.i.i27.i.i44.exit.i, i20 0, void %dense_resource_rf_gt_nin_rem0<ap_fixed<20, 10, 5, 3, 0>, ap_fixed<18, 8, 5, 3, 0>, config6_mult>.exit"   --->   Operation 132 'phi' 'p_ZZN4nnet24compute_output_buffer_2dINS_5arrayI8ap_fixedILi20ELi10EL9ap_q_mode5EL_371' <Predicate = true> <Delay = 0.00>
ST_2 : Operation 133 [1/1] (0.00ns)   --->   "%p_ZZN4nnet24compute_output_buffer_2dINS_5arrayI8ap_fixedILi20ELi10EL9ap_q_mode5EL_372 = phi i20 0, void %entry, i20 %p_ZZN4nnet24compute_output_buffer_2dINS_5arrayI8ap_fixedILi20ELi10EL9ap_q_mode5EL_176, void %V32.i.i27.i.i44.exit.i, i20 0, void %dense_resource_rf_gt_nin_rem0<ap_fixed<20, 10, 5, 3, 0>, ap_fixed<18, 8, 5, 3, 0>, config6_mult>.exit"   --->   Operation 133 'phi' 'p_ZZN4nnet24compute_output_buffer_2dINS_5arrayI8ap_fixedILi20ELi10EL9ap_q_mode5EL_372' <Predicate = true> <Delay = 0.00>
ST_2 : Operation 134 [1/1] (0.00ns)   --->   "%p_ZZN4nnet24compute_output_buffer_2dINS_5arrayI8ap_fixedILi20ELi10EL9ap_q_mode5EL_373 = phi i20 0, void %entry, i20 %p_ZZN4nnet24compute_output_buffer_2dINS_5arrayI8ap_fixedILi20ELi10EL9ap_q_mode5EL_177, void %V32.i.i27.i.i44.exit.i, i20 0, void %dense_resource_rf_gt_nin_rem0<ap_fixed<20, 10, 5, 3, 0>, ap_fixed<18, 8, 5, 3, 0>, config6_mult>.exit"   --->   Operation 134 'phi' 'p_ZZN4nnet24compute_output_buffer_2dINS_5arrayI8ap_fixedILi20ELi10EL9ap_q_mode5EL_373' <Predicate = true> <Delay = 0.00>
ST_2 : Operation 135 [1/1] (0.00ns)   --->   "%p_ZZN4nnet24compute_output_buffer_2dINS_5arrayI8ap_fixedILi20ELi10EL9ap_q_mode5EL_374 = phi i20 0, void %entry, i20 %p_ZZN4nnet24compute_output_buffer_2dINS_5arrayI8ap_fixedILi20ELi10EL9ap_q_mode5EL_178, void %V32.i.i27.i.i44.exit.i, i20 0, void %dense_resource_rf_gt_nin_rem0<ap_fixed<20, 10, 5, 3, 0>, ap_fixed<18, 8, 5, 3, 0>, config6_mult>.exit"   --->   Operation 135 'phi' 'p_ZZN4nnet24compute_output_buffer_2dINS_5arrayI8ap_fixedILi20ELi10EL9ap_q_mode5EL_374' <Predicate = true> <Delay = 0.00>
ST_2 : Operation 136 [1/1] (0.00ns)   --->   "%p_ZZN4nnet24compute_output_buffer_2dINS_5arrayI8ap_fixedILi20ELi10EL9ap_q_mode5EL_375 = phi i20 0, void %entry, i20 %p_ZZN4nnet24compute_output_buffer_2dINS_5arrayI8ap_fixedILi20ELi10EL9ap_q_mode5EL_179, void %V32.i.i27.i.i44.exit.i, i20 0, void %dense_resource_rf_gt_nin_rem0<ap_fixed<20, 10, 5, 3, 0>, ap_fixed<18, 8, 5, 3, 0>, config6_mult>.exit"   --->   Operation 136 'phi' 'p_ZZN4nnet24compute_output_buffer_2dINS_5arrayI8ap_fixedILi20ELi10EL9ap_q_mode5EL_375' <Predicate = true> <Delay = 0.00>
ST_2 : Operation 137 [1/1] (0.00ns)   --->   "%p_ZZN4nnet24compute_output_buffer_2dINS_5arrayI8ap_fixedILi20ELi10EL9ap_q_mode5EL_376 = phi i20 0, void %entry, i20 %p_ZZN4nnet24compute_output_buffer_2dINS_5arrayI8ap_fixedILi20ELi10EL9ap_q_mode5EL_180, void %V32.i.i27.i.i44.exit.i, i20 0, void %dense_resource_rf_gt_nin_rem0<ap_fixed<20, 10, 5, 3, 0>, ap_fixed<18, 8, 5, 3, 0>, config6_mult>.exit"   --->   Operation 137 'phi' 'p_ZZN4nnet24compute_output_buffer_2dINS_5arrayI8ap_fixedILi20ELi10EL9ap_q_mode5EL_376' <Predicate = true> <Delay = 0.00>
ST_2 : Operation 138 [1/1] (0.00ns)   --->   "%p_ZZN4nnet24compute_output_buffer_2dINS_5arrayI8ap_fixedILi20ELi10EL9ap_q_mode5EL_377 = phi i20 0, void %entry, i20 %p_ZZN4nnet24compute_output_buffer_2dINS_5arrayI8ap_fixedILi20ELi10EL9ap_q_mode5EL_181, void %V32.i.i27.i.i44.exit.i, i20 0, void %dense_resource_rf_gt_nin_rem0<ap_fixed<20, 10, 5, 3, 0>, ap_fixed<18, 8, 5, 3, 0>, config6_mult>.exit"   --->   Operation 138 'phi' 'p_ZZN4nnet24compute_output_buffer_2dINS_5arrayI8ap_fixedILi20ELi10EL9ap_q_mode5EL_377' <Predicate = true> <Delay = 0.00>
ST_2 : Operation 139 [1/1] (0.00ns)   --->   "%p_ZZN4nnet24compute_output_buffer_2dINS_5arrayI8ap_fixedILi20ELi10EL9ap_q_mode5EL_378 = phi i20 0, void %entry, i20 %p_ZZN4nnet24compute_output_buffer_2dINS_5arrayI8ap_fixedILi20ELi10EL9ap_q_mode5EL_182, void %V32.i.i27.i.i44.exit.i, i20 0, void %dense_resource_rf_gt_nin_rem0<ap_fixed<20, 10, 5, 3, 0>, ap_fixed<18, 8, 5, 3, 0>, config6_mult>.exit"   --->   Operation 139 'phi' 'p_ZZN4nnet24compute_output_buffer_2dINS_5arrayI8ap_fixedILi20ELi10EL9ap_q_mode5EL_378' <Predicate = true> <Delay = 0.00>
ST_2 : Operation 140 [1/1] (0.00ns)   --->   "%p_ZZN4nnet24compute_output_buffer_2dINS_5arrayI8ap_fixedILi20ELi10EL9ap_q_mode5EL_379 = phi i20 0, void %entry, i20 %p_ZZN4nnet24compute_output_buffer_2dINS_5arrayI8ap_fixedILi20ELi10EL9ap_q_mode5EL_183, void %V32.i.i27.i.i44.exit.i, i20 0, void %dense_resource_rf_gt_nin_rem0<ap_fixed<20, 10, 5, 3, 0>, ap_fixed<18, 8, 5, 3, 0>, config6_mult>.exit"   --->   Operation 140 'phi' 'p_ZZN4nnet24compute_output_buffer_2dINS_5arrayI8ap_fixedILi20ELi10EL9ap_q_mode5EL_379' <Predicate = true> <Delay = 0.00>
ST_2 : Operation 141 [1/1] (0.00ns)   --->   "%p_ZZN4nnet24compute_output_buffer_2dINS_5arrayI8ap_fixedILi20ELi10EL9ap_q_mode5EL_380 = phi i20 0, void %entry, i20 %p_ZZN4nnet24compute_output_buffer_2dINS_5arrayI8ap_fixedILi20ELi10EL9ap_q_mode5EL_184, void %V32.i.i27.i.i44.exit.i, i20 0, void %dense_resource_rf_gt_nin_rem0<ap_fixed<20, 10, 5, 3, 0>, ap_fixed<18, 8, 5, 3, 0>, config6_mult>.exit"   --->   Operation 141 'phi' 'p_ZZN4nnet24compute_output_buffer_2dINS_5arrayI8ap_fixedILi20ELi10EL9ap_q_mode5EL_380' <Predicate = true> <Delay = 0.00>
ST_2 : Operation 142 [1/1] (0.00ns)   --->   "%p_ZZN4nnet24compute_output_buffer_2dINS_5arrayI8ap_fixedILi20ELi10EL9ap_q_mode5EL_381 = phi i20 0, void %entry, i20 %p_ZZN4nnet24compute_output_buffer_2dINS_5arrayI8ap_fixedILi20ELi10EL9ap_q_mode5EL_185, void %V32.i.i27.i.i44.exit.i, i20 0, void %dense_resource_rf_gt_nin_rem0<ap_fixed<20, 10, 5, 3, 0>, ap_fixed<18, 8, 5, 3, 0>, config6_mult>.exit"   --->   Operation 142 'phi' 'p_ZZN4nnet24compute_output_buffer_2dINS_5arrayI8ap_fixedILi20ELi10EL9ap_q_mode5EL_381' <Predicate = true> <Delay = 0.00>
ST_2 : Operation 143 [1/1] (0.00ns)   --->   "%p_ZZN4nnet24compute_output_buffer_2dINS_5arrayI8ap_fixedILi20ELi10EL9ap_q_mode5EL_382 = phi i20 0, void %entry, i20 %p_ZZN4nnet24compute_output_buffer_2dINS_5arrayI8ap_fixedILi20ELi10EL9ap_q_mode5EL_186, void %V32.i.i27.i.i44.exit.i, i20 0, void %dense_resource_rf_gt_nin_rem0<ap_fixed<20, 10, 5, 3, 0>, ap_fixed<18, 8, 5, 3, 0>, config6_mult>.exit"   --->   Operation 143 'phi' 'p_ZZN4nnet24compute_output_buffer_2dINS_5arrayI8ap_fixedILi20ELi10EL9ap_q_mode5EL_382' <Predicate = true> <Delay = 0.00>
ST_2 : Operation 144 [1/1] (0.00ns)   --->   "%p_ZZN4nnet24compute_output_buffer_2dINS_5arrayI8ap_fixedILi20ELi10EL9ap_q_mode5EL_383 = phi i20 0, void %entry, i20 %p_ZZN4nnet24compute_output_buffer_2dINS_5arrayI8ap_fixedILi20ELi10EL9ap_q_mode5EL_187, void %V32.i.i27.i.i44.exit.i, i20 0, void %dense_resource_rf_gt_nin_rem0<ap_fixed<20, 10, 5, 3, 0>, ap_fixed<18, 8, 5, 3, 0>, config6_mult>.exit"   --->   Operation 144 'phi' 'p_ZZN4nnet24compute_output_buffer_2dINS_5arrayI8ap_fixedILi20ELi10EL9ap_q_mode5EL_383' <Predicate = true> <Delay = 0.00>
ST_2 : Operation 145 [1/1] (0.00ns)   --->   "%p_ZZN4nnet24compute_output_buffer_2dINS_5arrayI8ap_fixedILi20ELi10EL9ap_q_mode5EL_384 = phi i20 0, void %entry, i20 %p_ZZN4nnet24compute_output_buffer_2dINS_5arrayI8ap_fixedILi20ELi10EL9ap_q_mode5EL_188, void %V32.i.i27.i.i44.exit.i, i20 0, void %dense_resource_rf_gt_nin_rem0<ap_fixed<20, 10, 5, 3, 0>, ap_fixed<18, 8, 5, 3, 0>, config6_mult>.exit"   --->   Operation 145 'phi' 'p_ZZN4nnet24compute_output_buffer_2dINS_5arrayI8ap_fixedILi20ELi10EL9ap_q_mode5EL_384' <Predicate = true> <Delay = 0.00>
ST_2 : Operation 146 [1/1] (0.00ns)   --->   "%p_ZZN4nnet24compute_output_buffer_2dINS_5arrayI8ap_fixedILi20ELi10EL9ap_q_mode5EL_385 = phi i20 0, void %entry, i20 %p_ZZN4nnet24compute_output_buffer_2dINS_5arrayI8ap_fixedILi20ELi10EL9ap_q_mode5EL_189, void %V32.i.i27.i.i44.exit.i, i20 0, void %dense_resource_rf_gt_nin_rem0<ap_fixed<20, 10, 5, 3, 0>, ap_fixed<18, 8, 5, 3, 0>, config6_mult>.exit"   --->   Operation 146 'phi' 'p_ZZN4nnet24compute_output_buffer_2dINS_5arrayI8ap_fixedILi20ELi10EL9ap_q_mode5EL_385' <Predicate = true> <Delay = 0.00>
ST_2 : Operation 147 [1/1] (0.00ns)   --->   "%p_ZZN4nnet24compute_output_buffer_2dINS_5arrayI8ap_fixedILi20ELi10EL9ap_q_mode5EL_386 = phi i20 0, void %entry, i20 %p_ZZN4nnet24compute_output_buffer_2dINS_5arrayI8ap_fixedILi20ELi10EL9ap_q_mode5EL_190, void %V32.i.i27.i.i44.exit.i, i20 0, void %dense_resource_rf_gt_nin_rem0<ap_fixed<20, 10, 5, 3, 0>, ap_fixed<18, 8, 5, 3, 0>, config6_mult>.exit"   --->   Operation 147 'phi' 'p_ZZN4nnet24compute_output_buffer_2dINS_5arrayI8ap_fixedILi20ELi10EL9ap_q_mode5EL_386' <Predicate = true> <Delay = 0.00>
ST_2 : Operation 148 [1/1] (0.00ns)   --->   "%p_ZZN4nnet24compute_output_buffer_2dINS_5arrayI8ap_fixedILi20ELi10EL9ap_q_mode5EL_387 = phi i20 0, void %entry, i20 %p_ZZN4nnet24compute_output_buffer_2dINS_5arrayI8ap_fixedILi20ELi10EL9ap_q_mode5EL_191, void %V32.i.i27.i.i44.exit.i, i20 0, void %dense_resource_rf_gt_nin_rem0<ap_fixed<20, 10, 5, 3, 0>, ap_fixed<18, 8, 5, 3, 0>, config6_mult>.exit"   --->   Operation 148 'phi' 'p_ZZN4nnet24compute_output_buffer_2dINS_5arrayI8ap_fixedILi20ELi10EL9ap_q_mode5EL_387' <Predicate = true> <Delay = 0.00>
ST_2 : Operation 149 [1/1] (0.00ns)   --->   "%p_ZZN4nnet24compute_output_buffer_2dINS_5arrayI8ap_fixedILi20ELi10EL9ap_q_mode5EL_388 = phi i20 0, void %entry, i20 %p_ZZN4nnet24compute_output_buffer_2dINS_5arrayI8ap_fixedILi20ELi10EL9ap_q_mode5EL_192, void %V32.i.i27.i.i44.exit.i, i20 0, void %dense_resource_rf_gt_nin_rem0<ap_fixed<20, 10, 5, 3, 0>, ap_fixed<18, 8, 5, 3, 0>, config6_mult>.exit"   --->   Operation 149 'phi' 'p_ZZN4nnet24compute_output_buffer_2dINS_5arrayI8ap_fixedILi20ELi10EL9ap_q_mode5EL_388' <Predicate = true> <Delay = 0.00>
ST_2 : Operation 150 [1/1] (0.00ns)   --->   "%p_ZZN4nnet24compute_output_buffer_2dINS_5arrayI8ap_fixedILi20ELi10EL9ap_q_mode5EL_389 = phi i20 0, void %entry, i20 %p_ZZN4nnet24compute_output_buffer_2dINS_5arrayI8ap_fixedILi20ELi10EL9ap_q_mode5EL_193, void %V32.i.i27.i.i44.exit.i, i20 0, void %dense_resource_rf_gt_nin_rem0<ap_fixed<20, 10, 5, 3, 0>, ap_fixed<18, 8, 5, 3, 0>, config6_mult>.exit"   --->   Operation 150 'phi' 'p_ZZN4nnet24compute_output_buffer_2dINS_5arrayI8ap_fixedILi20ELi10EL9ap_q_mode5EL_389' <Predicate = true> <Delay = 0.00>
ST_2 : Operation 151 [1/1] (0.00ns)   --->   "%p_ZZN4nnet24compute_output_buffer_2dINS_5arrayI8ap_fixedILi20ELi10EL9ap_q_mode5EL_390 = phi i20 0, void %entry, i20 %p_ZZN4nnet24compute_output_buffer_2dINS_5arrayI8ap_fixedILi20ELi10EL9ap_q_mode5EL_194, void %V32.i.i27.i.i44.exit.i, i20 0, void %dense_resource_rf_gt_nin_rem0<ap_fixed<20, 10, 5, 3, 0>, ap_fixed<18, 8, 5, 3, 0>, config6_mult>.exit"   --->   Operation 151 'phi' 'p_ZZN4nnet24compute_output_buffer_2dINS_5arrayI8ap_fixedILi20ELi10EL9ap_q_mode5EL_390' <Predicate = true> <Delay = 0.00>
ST_2 : Operation 152 [1/1] (0.00ns)   --->   "%p_ZZN4nnet24compute_output_buffer_2dINS_5arrayI8ap_fixedILi20ELi10EL9ap_q_mode5EL_391 = phi i20 0, void %entry, i20 %p_ZZN4nnet24compute_output_buffer_2dINS_5arrayI8ap_fixedILi20ELi10EL9ap_q_mode5EL_195, void %V32.i.i27.i.i44.exit.i, i20 0, void %dense_resource_rf_gt_nin_rem0<ap_fixed<20, 10, 5, 3, 0>, ap_fixed<18, 8, 5, 3, 0>, config6_mult>.exit"   --->   Operation 152 'phi' 'p_ZZN4nnet24compute_output_buffer_2dINS_5arrayI8ap_fixedILi20ELi10EL9ap_q_mode5EL_391' <Predicate = true> <Delay = 0.00>
ST_2 : Operation 153 [1/1] (0.00ns)   --->   "%p_ZZN4nnet24compute_output_buffer_2dINS_5arrayI8ap_fixedILi20ELi10EL9ap_q_mode5EL_392 = phi i20 0, void %entry, i20 %p_ZZN4nnet24compute_output_buffer_2dINS_5arrayI8ap_fixedILi20ELi10EL9ap_q_mode5EL_196, void %V32.i.i27.i.i44.exit.i, i20 0, void %dense_resource_rf_gt_nin_rem0<ap_fixed<20, 10, 5, 3, 0>, ap_fixed<18, 8, 5, 3, 0>, config6_mult>.exit"   --->   Operation 153 'phi' 'p_ZZN4nnet24compute_output_buffer_2dINS_5arrayI8ap_fixedILi20ELi10EL9ap_q_mode5EL_392' <Predicate = true> <Delay = 0.00>
ST_2 : Operation 154 [1/1] (0.00ns)   --->   "%p_ZZN4nnet24compute_output_buffer_2dINS_5arrayI8ap_fixedILi20ELi10EL9ap_q_mode5EL_393 = phi i20 0, void %entry, i20 %p_ZZN4nnet24compute_output_buffer_2dINS_5arrayI8ap_fixedILi20ELi10EL9ap_q_mode5EL_197, void %V32.i.i27.i.i44.exit.i, i20 0, void %dense_resource_rf_gt_nin_rem0<ap_fixed<20, 10, 5, 3, 0>, ap_fixed<18, 8, 5, 3, 0>, config6_mult>.exit"   --->   Operation 154 'phi' 'p_ZZN4nnet24compute_output_buffer_2dINS_5arrayI8ap_fixedILi20ELi10EL9ap_q_mode5EL_393' <Predicate = true> <Delay = 0.00>
ST_2 : Operation 155 [1/1] (0.00ns)   --->   "%p_ZZN4nnet24compute_output_buffer_2dINS_5arrayI8ap_fixedILi20ELi10EL9ap_q_mode5EL_394 = phi i20 0, void %entry, i20 %p_ZZN4nnet24compute_output_buffer_2dINS_5arrayI8ap_fixedILi20ELi10EL9ap_q_mode5EL_198, void %V32.i.i27.i.i44.exit.i, i20 0, void %dense_resource_rf_gt_nin_rem0<ap_fixed<20, 10, 5, 3, 0>, ap_fixed<18, 8, 5, 3, 0>, config6_mult>.exit"   --->   Operation 155 'phi' 'p_ZZN4nnet24compute_output_buffer_2dINS_5arrayI8ap_fixedILi20ELi10EL9ap_q_mode5EL_394' <Predicate = true> <Delay = 0.00>
ST_2 : Operation 156 [1/1] (0.00ns)   --->   "%p_ZZN4nnet24compute_output_buffer_2dINS_5arrayI8ap_fixedILi20ELi10EL9ap_q_mode5EL_395 = phi i20 0, void %entry, i20 %p_ZZN4nnet24compute_output_buffer_2dINS_5arrayI8ap_fixedILi20ELi10EL9ap_q_mode5EL_199, void %V32.i.i27.i.i44.exit.i, i20 0, void %dense_resource_rf_gt_nin_rem0<ap_fixed<20, 10, 5, 3, 0>, ap_fixed<18, 8, 5, 3, 0>, config6_mult>.exit"   --->   Operation 156 'phi' 'p_ZZN4nnet24compute_output_buffer_2dINS_5arrayI8ap_fixedILi20ELi10EL9ap_q_mode5EL_395' <Predicate = true> <Delay = 0.00>
ST_2 : Operation 157 [1/1] (0.00ns)   --->   "%p_ZZN4nnet24compute_output_buffer_2dINS_5arrayI8ap_fixedILi20ELi10EL9ap_q_mode5EL_396 = phi i20 0, void %entry, i20 %p_ZZN4nnet24compute_output_buffer_2dINS_5arrayI8ap_fixedILi20ELi10EL9ap_q_mode5EL_200, void %V32.i.i27.i.i44.exit.i, i20 0, void %dense_resource_rf_gt_nin_rem0<ap_fixed<20, 10, 5, 3, 0>, ap_fixed<18, 8, 5, 3, 0>, config6_mult>.exit"   --->   Operation 157 'phi' 'p_ZZN4nnet24compute_output_buffer_2dINS_5arrayI8ap_fixedILi20ELi10EL9ap_q_mode5EL_396' <Predicate = true> <Delay = 0.00>
ST_2 : Operation 158 [1/1] (0.00ns)   --->   "%p_ZZN4nnet24compute_output_buffer_2dINS_5arrayI8ap_fixedILi20ELi10EL9ap_q_mode5EL_397 = phi i20 0, void %entry, i20 %p_ZZN4nnet24compute_output_buffer_2dINS_5arrayI8ap_fixedILi20ELi10EL9ap_q_mode5EL_201, void %V32.i.i27.i.i44.exit.i, i20 0, void %dense_resource_rf_gt_nin_rem0<ap_fixed<20, 10, 5, 3, 0>, ap_fixed<18, 8, 5, 3, 0>, config6_mult>.exit"   --->   Operation 158 'phi' 'p_ZZN4nnet24compute_output_buffer_2dINS_5arrayI8ap_fixedILi20ELi10EL9ap_q_mode5EL_397' <Predicate = true> <Delay = 0.00>
ST_2 : Operation 159 [1/1] (0.00ns)   --->   "%p_ZZN4nnet24compute_output_buffer_2dINS_5arrayI8ap_fixedILi20ELi10EL9ap_q_mode5EL_398 = phi i20 0, void %entry, i20 %p_ZZN4nnet24compute_output_buffer_2dINS_5arrayI8ap_fixedILi20ELi10EL9ap_q_mode5EL_202, void %V32.i.i27.i.i44.exit.i, i20 0, void %dense_resource_rf_gt_nin_rem0<ap_fixed<20, 10, 5, 3, 0>, ap_fixed<18, 8, 5, 3, 0>, config6_mult>.exit"   --->   Operation 159 'phi' 'p_ZZN4nnet24compute_output_buffer_2dINS_5arrayI8ap_fixedILi20ELi10EL9ap_q_mode5EL_398' <Predicate = true> <Delay = 0.00>
ST_2 : Operation 160 [1/1] (0.00ns)   --->   "%p_ZZN4nnet24compute_output_buffer_2dINS_5arrayI8ap_fixedILi20ELi10EL9ap_q_mode5EL_399 = phi i20 0, void %entry, i20 %p_ZZN4nnet24compute_output_buffer_2dINS_5arrayI8ap_fixedILi20ELi10EL9ap_q_mode5EL_203, void %V32.i.i27.i.i44.exit.i, i20 0, void %dense_resource_rf_gt_nin_rem0<ap_fixed<20, 10, 5, 3, 0>, ap_fixed<18, 8, 5, 3, 0>, config6_mult>.exit"   --->   Operation 160 'phi' 'p_ZZN4nnet24compute_output_buffer_2dINS_5arrayI8ap_fixedILi20ELi10EL9ap_q_mode5EL_399' <Predicate = true> <Delay = 0.00>
ST_2 : Operation 161 [1/1] (0.00ns)   --->   "%p_ZZN4nnet24compute_output_buffer_2dINS_5arrayI8ap_fixedILi20ELi10EL9ap_q_mode5EL_400 = phi i20 0, void %entry, i20 %p_ZZN4nnet24compute_output_buffer_2dINS_5arrayI8ap_fixedILi20ELi10EL9ap_q_mode5EL_204, void %V32.i.i27.i.i44.exit.i, i20 0, void %dense_resource_rf_gt_nin_rem0<ap_fixed<20, 10, 5, 3, 0>, ap_fixed<18, 8, 5, 3, 0>, config6_mult>.exit"   --->   Operation 161 'phi' 'p_ZZN4nnet24compute_output_buffer_2dINS_5arrayI8ap_fixedILi20ELi10EL9ap_q_mode5EL_400' <Predicate = true> <Delay = 0.00>
ST_2 : Operation 162 [1/1] (0.00ns)   --->   "%p_ZZN4nnet24compute_output_buffer_2dINS_5arrayI8ap_fixedILi20ELi10EL9ap_q_mode5EL_401 = phi i20 0, void %entry, i20 %p_ZZN4nnet24compute_output_buffer_2dINS_5arrayI8ap_fixedILi20ELi10EL9ap_q_mode5EL_205, void %V32.i.i27.i.i44.exit.i, i20 0, void %dense_resource_rf_gt_nin_rem0<ap_fixed<20, 10, 5, 3, 0>, ap_fixed<18, 8, 5, 3, 0>, config6_mult>.exit"   --->   Operation 162 'phi' 'p_ZZN4nnet24compute_output_buffer_2dINS_5arrayI8ap_fixedILi20ELi10EL9ap_q_mode5EL_401' <Predicate = true> <Delay = 0.00>
ST_2 : Operation 163 [1/1] (0.00ns)   --->   "%p_ZZN4nnet24compute_output_buffer_2dINS_5arrayI8ap_fixedILi20ELi10EL9ap_q_mode5EL_402 = phi i20 0, void %entry, i20 %p_ZZN4nnet24compute_output_buffer_2dINS_5arrayI8ap_fixedILi20ELi10EL9ap_q_mode5EL_206, void %V32.i.i27.i.i44.exit.i, i20 0, void %dense_resource_rf_gt_nin_rem0<ap_fixed<20, 10, 5, 3, 0>, ap_fixed<18, 8, 5, 3, 0>, config6_mult>.exit"   --->   Operation 163 'phi' 'p_ZZN4nnet24compute_output_buffer_2dINS_5arrayI8ap_fixedILi20ELi10EL9ap_q_mode5EL_402' <Predicate = true> <Delay = 0.00>
ST_2 : Operation 164 [1/1] (0.00ns)   --->   "%p_ZZN4nnet24compute_output_buffer_2dINS_5arrayI8ap_fixedILi20ELi10EL9ap_q_mode5EL_403 = phi i20 0, void %entry, i20 %p_ZZN4nnet24compute_output_buffer_2dINS_5arrayI8ap_fixedILi20ELi10EL9ap_q_mode5EL_207, void %V32.i.i27.i.i44.exit.i, i20 0, void %dense_resource_rf_gt_nin_rem0<ap_fixed<20, 10, 5, 3, 0>, ap_fixed<18, 8, 5, 3, 0>, config6_mult>.exit"   --->   Operation 164 'phi' 'p_ZZN4nnet24compute_output_buffer_2dINS_5arrayI8ap_fixedILi20ELi10EL9ap_q_mode5EL_403' <Predicate = true> <Delay = 0.00>
ST_2 : Operation 165 [1/1] (0.00ns)   --->   "%p_ZZN4nnet24compute_output_buffer_2dINS_5arrayI8ap_fixedILi20ELi10EL9ap_q_mode5EL_404 = phi i20 0, void %entry, i20 %p_ZZN4nnet24compute_output_buffer_2dINS_5arrayI8ap_fixedILi20ELi10EL9ap_q_mode5EL_208, void %V32.i.i27.i.i44.exit.i, i20 0, void %dense_resource_rf_gt_nin_rem0<ap_fixed<20, 10, 5, 3, 0>, ap_fixed<18, 8, 5, 3, 0>, config6_mult>.exit"   --->   Operation 165 'phi' 'p_ZZN4nnet24compute_output_buffer_2dINS_5arrayI8ap_fixedILi20ELi10EL9ap_q_mode5EL_404' <Predicate = true> <Delay = 0.00>
ST_2 : Operation 166 [1/1] (0.00ns)   --->   "%p_ZZN4nnet24compute_output_buffer_2dINS_5arrayI8ap_fixedILi20ELi10EL9ap_q_mode5EL_405 = phi i20 0, void %entry, i20 %p_ZZN4nnet24compute_output_buffer_2dINS_5arrayI8ap_fixedILi20ELi10EL9ap_q_mode5EL_209, void %V32.i.i27.i.i44.exit.i, i20 0, void %dense_resource_rf_gt_nin_rem0<ap_fixed<20, 10, 5, 3, 0>, ap_fixed<18, 8, 5, 3, 0>, config6_mult>.exit"   --->   Operation 166 'phi' 'p_ZZN4nnet24compute_output_buffer_2dINS_5arrayI8ap_fixedILi20ELi10EL9ap_q_mode5EL_405' <Predicate = true> <Delay = 0.00>
ST_2 : Operation 167 [1/1] (0.00ns)   --->   "%p_ZZN4nnet24compute_output_buffer_2dINS_5arrayI8ap_fixedILi20ELi10EL9ap_q_mode5EL_406 = phi i20 0, void %entry, i20 %p_ZZN4nnet24compute_output_buffer_2dINS_5arrayI8ap_fixedILi20ELi10EL9ap_q_mode5EL_210, void %V32.i.i27.i.i44.exit.i, i20 0, void %dense_resource_rf_gt_nin_rem0<ap_fixed<20, 10, 5, 3, 0>, ap_fixed<18, 8, 5, 3, 0>, config6_mult>.exit"   --->   Operation 167 'phi' 'p_ZZN4nnet24compute_output_buffer_2dINS_5arrayI8ap_fixedILi20ELi10EL9ap_q_mode5EL_406' <Predicate = true> <Delay = 0.00>
ST_2 : Operation 168 [1/1] (0.00ns)   --->   "%p_ZZN4nnet24compute_output_buffer_2dINS_5arrayI8ap_fixedILi20ELi10EL9ap_q_mode5EL_407 = phi i20 0, void %entry, i20 %p_ZZN4nnet24compute_output_buffer_2dINS_5arrayI8ap_fixedILi20ELi10EL9ap_q_mode5EL_211, void %V32.i.i27.i.i44.exit.i, i20 0, void %dense_resource_rf_gt_nin_rem0<ap_fixed<20, 10, 5, 3, 0>, ap_fixed<18, 8, 5, 3, 0>, config6_mult>.exit"   --->   Operation 168 'phi' 'p_ZZN4nnet24compute_output_buffer_2dINS_5arrayI8ap_fixedILi20ELi10EL9ap_q_mode5EL_407' <Predicate = true> <Delay = 0.00>
ST_2 : Operation 169 [1/1] (0.00ns)   --->   "%p_ZZN4nnet24compute_output_buffer_2dINS_5arrayI8ap_fixedILi20ELi10EL9ap_q_mode5EL_408 = phi i20 0, void %entry, i20 %p_ZZN4nnet24compute_output_buffer_2dINS_5arrayI8ap_fixedILi20ELi10EL9ap_q_mode5EL_212, void %V32.i.i27.i.i44.exit.i, i20 0, void %dense_resource_rf_gt_nin_rem0<ap_fixed<20, 10, 5, 3, 0>, ap_fixed<18, 8, 5, 3, 0>, config6_mult>.exit"   --->   Operation 169 'phi' 'p_ZZN4nnet24compute_output_buffer_2dINS_5arrayI8ap_fixedILi20ELi10EL9ap_q_mode5EL_408' <Predicate = true> <Delay = 0.00>
ST_2 : Operation 170 [1/1] (0.00ns)   --->   "%p_ZZN4nnet24compute_output_buffer_2dINS_5arrayI8ap_fixedILi20ELi10EL9ap_q_mode5EL_409 = phi i20 0, void %entry, i20 %p_ZZN4nnet24compute_output_buffer_2dINS_5arrayI8ap_fixedILi20ELi10EL9ap_q_mode5EL_213, void %V32.i.i27.i.i44.exit.i, i20 0, void %dense_resource_rf_gt_nin_rem0<ap_fixed<20, 10, 5, 3, 0>, ap_fixed<18, 8, 5, 3, 0>, config6_mult>.exit"   --->   Operation 170 'phi' 'p_ZZN4nnet24compute_output_buffer_2dINS_5arrayI8ap_fixedILi20ELi10EL9ap_q_mode5EL_409' <Predicate = true> <Delay = 0.00>
ST_2 : Operation 171 [1/1] (0.00ns)   --->   "%p_ZZN4nnet24compute_output_buffer_2dINS_5arrayI8ap_fixedILi20ELi10EL9ap_q_mode5EL_410 = phi i20 0, void %entry, i20 %p_ZZN4nnet24compute_output_buffer_2dINS_5arrayI8ap_fixedILi20ELi10EL9ap_q_mode5EL_214, void %V32.i.i27.i.i44.exit.i, i20 0, void %dense_resource_rf_gt_nin_rem0<ap_fixed<20, 10, 5, 3, 0>, ap_fixed<18, 8, 5, 3, 0>, config6_mult>.exit"   --->   Operation 171 'phi' 'p_ZZN4nnet24compute_output_buffer_2dINS_5arrayI8ap_fixedILi20ELi10EL9ap_q_mode5EL_410' <Predicate = true> <Delay = 0.00>
ST_2 : Operation 172 [1/1] (0.00ns)   --->   "%p_ZZN4nnet24compute_output_buffer_2dINS_5arrayI8ap_fixedILi20ELi10EL9ap_q_mode5EL_411 = phi i20 0, void %entry, i20 %p_ZZN4nnet24compute_output_buffer_2dINS_5arrayI8ap_fixedILi20ELi10EL9ap_q_mode5EL_215, void %V32.i.i27.i.i44.exit.i, i20 0, void %dense_resource_rf_gt_nin_rem0<ap_fixed<20, 10, 5, 3, 0>, ap_fixed<18, 8, 5, 3, 0>, config6_mult>.exit"   --->   Operation 172 'phi' 'p_ZZN4nnet24compute_output_buffer_2dINS_5arrayI8ap_fixedILi20ELi10EL9ap_q_mode5EL_411' <Predicate = true> <Delay = 0.00>
ST_2 : Operation 173 [1/1] (0.00ns)   --->   "%p_ZZN4nnet24compute_output_buffer_2dINS_5arrayI8ap_fixedILi20ELi10EL9ap_q_mode5EL_412 = phi i20 0, void %entry, i20 %p_ZZN4nnet24compute_output_buffer_2dINS_5arrayI8ap_fixedILi20ELi10EL9ap_q_mode5EL_216, void %V32.i.i27.i.i44.exit.i, i20 0, void %dense_resource_rf_gt_nin_rem0<ap_fixed<20, 10, 5, 3, 0>, ap_fixed<18, 8, 5, 3, 0>, config6_mult>.exit"   --->   Operation 173 'phi' 'p_ZZN4nnet24compute_output_buffer_2dINS_5arrayI8ap_fixedILi20ELi10EL9ap_q_mode5EL_412' <Predicate = true> <Delay = 0.00>
ST_2 : Operation 174 [1/1] (0.00ns)   --->   "%p_ZZN4nnet24compute_output_buffer_2dINS_5arrayI8ap_fixedILi20ELi10EL9ap_q_mode5EL_413 = phi i20 0, void %entry, i20 %p_ZZN4nnet24compute_output_buffer_2dINS_5arrayI8ap_fixedILi20ELi10EL9ap_q_mode5EL_217, void %V32.i.i27.i.i44.exit.i, i20 0, void %dense_resource_rf_gt_nin_rem0<ap_fixed<20, 10, 5, 3, 0>, ap_fixed<18, 8, 5, 3, 0>, config6_mult>.exit"   --->   Operation 174 'phi' 'p_ZZN4nnet24compute_output_buffer_2dINS_5arrayI8ap_fixedILi20ELi10EL9ap_q_mode5EL_413' <Predicate = true> <Delay = 0.00>
ST_2 : Operation 175 [1/1] (0.00ns)   --->   "%p_ZZN4nnet24compute_output_buffer_2dINS_5arrayI8ap_fixedILi20ELi10EL9ap_q_mode5EL_414 = phi i20 0, void %entry, i20 %p_ZZN4nnet24compute_output_buffer_2dINS_5arrayI8ap_fixedILi20ELi10EL9ap_q_mode5EL_218, void %V32.i.i27.i.i44.exit.i, i20 0, void %dense_resource_rf_gt_nin_rem0<ap_fixed<20, 10, 5, 3, 0>, ap_fixed<18, 8, 5, 3, 0>, config6_mult>.exit"   --->   Operation 175 'phi' 'p_ZZN4nnet24compute_output_buffer_2dINS_5arrayI8ap_fixedILi20ELi10EL9ap_q_mode5EL_414' <Predicate = true> <Delay = 0.00>
ST_2 : Operation 176 [1/1] (0.00ns)   --->   "%p_ZZN4nnet24compute_output_buffer_2dINS_5arrayI8ap_fixedILi20ELi10EL9ap_q_mode5EL_415 = phi i20 0, void %entry, i20 %p_ZZN4nnet24compute_output_buffer_2dINS_5arrayI8ap_fixedILi20ELi10EL9ap_q_mode5EL_219, void %V32.i.i27.i.i44.exit.i, i20 0, void %dense_resource_rf_gt_nin_rem0<ap_fixed<20, 10, 5, 3, 0>, ap_fixed<18, 8, 5, 3, 0>, config6_mult>.exit"   --->   Operation 176 'phi' 'p_ZZN4nnet24compute_output_buffer_2dINS_5arrayI8ap_fixedILi20ELi10EL9ap_q_mode5EL_415' <Predicate = true> <Delay = 0.00>
ST_2 : Operation 177 [1/1] (0.00ns)   --->   "%p_ZZN4nnet24compute_output_buffer_2dINS_5arrayI8ap_fixedILi20ELi10EL9ap_q_mode5EL_416 = phi i20 0, void %entry, i20 %p_ZZN4nnet24compute_output_buffer_2dINS_5arrayI8ap_fixedILi20ELi10EL9ap_q_mode5EL_220, void %V32.i.i27.i.i44.exit.i, i20 0, void %dense_resource_rf_gt_nin_rem0<ap_fixed<20, 10, 5, 3, 0>, ap_fixed<18, 8, 5, 3, 0>, config6_mult>.exit"   --->   Operation 177 'phi' 'p_ZZN4nnet24compute_output_buffer_2dINS_5arrayI8ap_fixedILi20ELi10EL9ap_q_mode5EL_416' <Predicate = true> <Delay = 0.00>
ST_2 : Operation 178 [1/1] (0.00ns)   --->   "%p_ZZN4nnet24compute_output_buffer_2dINS_5arrayI8ap_fixedILi20ELi10EL9ap_q_mode5EL_417 = phi i20 0, void %entry, i20 %p_ZZN4nnet24compute_output_buffer_2dINS_5arrayI8ap_fixedILi20ELi10EL9ap_q_mode5EL_221, void %V32.i.i27.i.i44.exit.i, i20 0, void %dense_resource_rf_gt_nin_rem0<ap_fixed<20, 10, 5, 3, 0>, ap_fixed<18, 8, 5, 3, 0>, config6_mult>.exit"   --->   Operation 178 'phi' 'p_ZZN4nnet24compute_output_buffer_2dINS_5arrayI8ap_fixedILi20ELi10EL9ap_q_mode5EL_417' <Predicate = true> <Delay = 0.00>
ST_2 : Operation 179 [1/1] (0.00ns)   --->   "%p_ZZN4nnet24compute_output_buffer_2dINS_5arrayI8ap_fixedILi20ELi10EL9ap_q_mode5EL_418 = phi i20 0, void %entry, i20 %p_ZZN4nnet24compute_output_buffer_2dINS_5arrayI8ap_fixedILi20ELi10EL9ap_q_mode5EL_222, void %V32.i.i27.i.i44.exit.i, i20 0, void %dense_resource_rf_gt_nin_rem0<ap_fixed<20, 10, 5, 3, 0>, ap_fixed<18, 8, 5, 3, 0>, config6_mult>.exit"   --->   Operation 179 'phi' 'p_ZZN4nnet24compute_output_buffer_2dINS_5arrayI8ap_fixedILi20ELi10EL9ap_q_mode5EL_418' <Predicate = true> <Delay = 0.00>
ST_2 : Operation 180 [1/1] (0.00ns)   --->   "%p_ZZN4nnet24compute_output_buffer_2dINS_5arrayI8ap_fixedILi20ELi10EL9ap_q_mode5EL_419 = phi i20 0, void %entry, i20 %p_ZZN4nnet24compute_output_buffer_2dINS_5arrayI8ap_fixedILi20ELi10EL9ap_q_mode5EL_223, void %V32.i.i27.i.i44.exit.i, i20 0, void %dense_resource_rf_gt_nin_rem0<ap_fixed<20, 10, 5, 3, 0>, ap_fixed<18, 8, 5, 3, 0>, config6_mult>.exit"   --->   Operation 180 'phi' 'p_ZZN4nnet24compute_output_buffer_2dINS_5arrayI8ap_fixedILi20ELi10EL9ap_q_mode5EL_419' <Predicate = true> <Delay = 0.00>
ST_2 : Operation 181 [1/1] (0.00ns)   --->   "%p_ZZN4nnet24compute_output_buffer_2dINS_5arrayI8ap_fixedILi20ELi10EL9ap_q_mode5EL_420 = phi i20 0, void %entry, i20 %p_ZZN4nnet24compute_output_buffer_2dINS_5arrayI8ap_fixedILi20ELi10EL9ap_q_mode5EL_224, void %V32.i.i27.i.i44.exit.i, i20 0, void %dense_resource_rf_gt_nin_rem0<ap_fixed<20, 10, 5, 3, 0>, ap_fixed<18, 8, 5, 3, 0>, config6_mult>.exit"   --->   Operation 181 'phi' 'p_ZZN4nnet24compute_output_buffer_2dINS_5arrayI8ap_fixedILi20ELi10EL9ap_q_mode5EL_420' <Predicate = true> <Delay = 0.00>
ST_2 : Operation 182 [1/1] (0.00ns)   --->   "%p_ZZN4nnet24compute_output_buffer_2dINS_5arrayI8ap_fixedILi20ELi10EL9ap_q_mode5EL_421 = phi i20 0, void %entry, i20 %p_ZZN4nnet24compute_output_buffer_2dINS_5arrayI8ap_fixedILi20ELi10EL9ap_q_mode5EL_225, void %V32.i.i27.i.i44.exit.i, i20 0, void %dense_resource_rf_gt_nin_rem0<ap_fixed<20, 10, 5, 3, 0>, ap_fixed<18, 8, 5, 3, 0>, config6_mult>.exit"   --->   Operation 182 'phi' 'p_ZZN4nnet24compute_output_buffer_2dINS_5arrayI8ap_fixedILi20ELi10EL9ap_q_mode5EL_421' <Predicate = true> <Delay = 0.00>
ST_2 : Operation 183 [1/1] (0.00ns)   --->   "%p_ZZN4nnet24compute_output_buffer_2dINS_5arrayI8ap_fixedILi20ELi10EL9ap_q_mode5EL_422 = phi i20 0, void %entry, i20 %p_ZZN4nnet24compute_output_buffer_2dINS_5arrayI8ap_fixedILi20ELi10EL9ap_q_mode5EL_226, void %V32.i.i27.i.i44.exit.i, i20 0, void %dense_resource_rf_gt_nin_rem0<ap_fixed<20, 10, 5, 3, 0>, ap_fixed<18, 8, 5, 3, 0>, config6_mult>.exit"   --->   Operation 183 'phi' 'p_ZZN4nnet24compute_output_buffer_2dINS_5arrayI8ap_fixedILi20ELi10EL9ap_q_mode5EL_422' <Predicate = true> <Delay = 0.00>
ST_2 : Operation 184 [1/1] (0.00ns)   --->   "%p_ZZN4nnet24compute_output_buffer_2dINS_5arrayI8ap_fixedILi20ELi10EL9ap_q_mode5EL_423 = phi i20 0, void %entry, i20 %p_ZZN4nnet24compute_output_buffer_2dINS_5arrayI8ap_fixedILi20ELi10EL9ap_q_mode5EL_227, void %V32.i.i27.i.i44.exit.i, i20 0, void %dense_resource_rf_gt_nin_rem0<ap_fixed<20, 10, 5, 3, 0>, ap_fixed<18, 8, 5, 3, 0>, config6_mult>.exit"   --->   Operation 184 'phi' 'p_ZZN4nnet24compute_output_buffer_2dINS_5arrayI8ap_fixedILi20ELi10EL9ap_q_mode5EL_423' <Predicate = true> <Delay = 0.00>
ST_2 : Operation 185 [1/1] (0.00ns)   --->   "%p_ZZN4nnet24compute_output_buffer_2dINS_5arrayI8ap_fixedILi20ELi10EL9ap_q_mode5EL_424 = phi i20 0, void %entry, i20 %p_ZZN4nnet24compute_output_buffer_2dINS_5arrayI8ap_fixedILi20ELi10EL9ap_q_mode5EL_228, void %V32.i.i27.i.i44.exit.i, i20 0, void %dense_resource_rf_gt_nin_rem0<ap_fixed<20, 10, 5, 3, 0>, ap_fixed<18, 8, 5, 3, 0>, config6_mult>.exit"   --->   Operation 185 'phi' 'p_ZZN4nnet24compute_output_buffer_2dINS_5arrayI8ap_fixedILi20ELi10EL9ap_q_mode5EL_424' <Predicate = true> <Delay = 0.00>
ST_2 : Operation 186 [1/1] (0.00ns)   --->   "%p_ZZN4nnet24compute_output_buffer_2dINS_5arrayI8ap_fixedILi20ELi10EL9ap_q_mode5EL_425 = phi i20 0, void %entry, i20 %p_ZZN4nnet24compute_output_buffer_2dINS_5arrayI8ap_fixedILi20ELi10EL9ap_q_mode5EL_229, void %V32.i.i27.i.i44.exit.i, i20 0, void %dense_resource_rf_gt_nin_rem0<ap_fixed<20, 10, 5, 3, 0>, ap_fixed<18, 8, 5, 3, 0>, config6_mult>.exit"   --->   Operation 186 'phi' 'p_ZZN4nnet24compute_output_buffer_2dINS_5arrayI8ap_fixedILi20ELi10EL9ap_q_mode5EL_425' <Predicate = true> <Delay = 0.00>
ST_2 : Operation 187 [1/1] (0.00ns)   --->   "%p_ZZN4nnet24compute_output_buffer_2dINS_5arrayI8ap_fixedILi20ELi10EL9ap_q_mode5EL_426 = phi i20 0, void %entry, i20 %p_ZZN4nnet24compute_output_buffer_2dINS_5arrayI8ap_fixedILi20ELi10EL9ap_q_mode5EL_230, void %V32.i.i27.i.i44.exit.i, i20 0, void %dense_resource_rf_gt_nin_rem0<ap_fixed<20, 10, 5, 3, 0>, ap_fixed<18, 8, 5, 3, 0>, config6_mult>.exit"   --->   Operation 187 'phi' 'p_ZZN4nnet24compute_output_buffer_2dINS_5arrayI8ap_fixedILi20ELi10EL9ap_q_mode5EL_426' <Predicate = true> <Delay = 0.00>
ST_2 : Operation 188 [1/1] (0.00ns)   --->   "%p_ZZN4nnet24compute_output_buffer_2dINS_5arrayI8ap_fixedILi20ELi10EL9ap_q_mode5EL_427 = phi i20 0, void %entry, i20 %p_ZZN4nnet24compute_output_buffer_2dINS_5arrayI8ap_fixedILi20ELi10EL9ap_q_mode5EL_231, void %V32.i.i27.i.i44.exit.i, i20 0, void %dense_resource_rf_gt_nin_rem0<ap_fixed<20, 10, 5, 3, 0>, ap_fixed<18, 8, 5, 3, 0>, config6_mult>.exit"   --->   Operation 188 'phi' 'p_ZZN4nnet24compute_output_buffer_2dINS_5arrayI8ap_fixedILi20ELi10EL9ap_q_mode5EL_427' <Predicate = true> <Delay = 0.00>
ST_2 : Operation 189 [1/1] (0.00ns)   --->   "%p_ZZN4nnet24compute_output_buffer_2dINS_5arrayI8ap_fixedILi20ELi10EL9ap_q_mode5EL_428 = phi i20 0, void %entry, i20 %p_ZZN4nnet24compute_output_buffer_2dINS_5arrayI8ap_fixedILi20ELi10EL9ap_q_mode5EL_232, void %V32.i.i27.i.i44.exit.i, i20 0, void %dense_resource_rf_gt_nin_rem0<ap_fixed<20, 10, 5, 3, 0>, ap_fixed<18, 8, 5, 3, 0>, config6_mult>.exit"   --->   Operation 189 'phi' 'p_ZZN4nnet24compute_output_buffer_2dINS_5arrayI8ap_fixedILi20ELi10EL9ap_q_mode5EL_428' <Predicate = true> <Delay = 0.00>
ST_2 : Operation 190 [1/1] (0.00ns)   --->   "%p_ZZN4nnet24compute_output_buffer_2dINS_5arrayI8ap_fixedILi20ELi10EL9ap_q_mode5EL_429 = phi i20 0, void %entry, i20 %p_ZZN4nnet24compute_output_buffer_2dINS_5arrayI8ap_fixedILi20ELi10EL9ap_q_mode5EL_233, void %V32.i.i27.i.i44.exit.i, i20 0, void %dense_resource_rf_gt_nin_rem0<ap_fixed<20, 10, 5, 3, 0>, ap_fixed<18, 8, 5, 3, 0>, config6_mult>.exit"   --->   Operation 190 'phi' 'p_ZZN4nnet24compute_output_buffer_2dINS_5arrayI8ap_fixedILi20ELi10EL9ap_q_mode5EL_429' <Predicate = true> <Delay = 0.00>
ST_2 : Operation 191 [1/1] (0.00ns)   --->   "%p_ZZN4nnet24compute_output_buffer_2dINS_5arrayI8ap_fixedILi20ELi10EL9ap_q_mode5EL_430 = phi i20 0, void %entry, i20 %p_ZZN4nnet24compute_output_buffer_2dINS_5arrayI8ap_fixedILi20ELi10EL9ap_q_mode5EL_234, void %V32.i.i27.i.i44.exit.i, i20 0, void %dense_resource_rf_gt_nin_rem0<ap_fixed<20, 10, 5, 3, 0>, ap_fixed<18, 8, 5, 3, 0>, config6_mult>.exit"   --->   Operation 191 'phi' 'p_ZZN4nnet24compute_output_buffer_2dINS_5arrayI8ap_fixedILi20ELi10EL9ap_q_mode5EL_430' <Predicate = true> <Delay = 0.00>
ST_2 : Operation 192 [1/1] (0.00ns)   --->   "%p_ZZN4nnet24compute_output_buffer_2dINS_5arrayI8ap_fixedILi20ELi10EL9ap_q_mode5EL_431 = phi i20 0, void %entry, i20 %p_ZZN4nnet24compute_output_buffer_2dINS_5arrayI8ap_fixedILi20ELi10EL9ap_q_mode5EL_235, void %V32.i.i27.i.i44.exit.i, i20 0, void %dense_resource_rf_gt_nin_rem0<ap_fixed<20, 10, 5, 3, 0>, ap_fixed<18, 8, 5, 3, 0>, config6_mult>.exit"   --->   Operation 192 'phi' 'p_ZZN4nnet24compute_output_buffer_2dINS_5arrayI8ap_fixedILi20ELi10EL9ap_q_mode5EL_431' <Predicate = true> <Delay = 0.00>
ST_2 : Operation 193 [1/1] (0.00ns)   --->   "%p_ZZN4nnet24compute_output_buffer_2dINS_5arrayI8ap_fixedILi20ELi10EL9ap_q_mode5EL_432 = phi i20 0, void %entry, i20 %p_ZZN4nnet24compute_output_buffer_2dINS_5arrayI8ap_fixedILi20ELi10EL9ap_q_mode5EL_236, void %V32.i.i27.i.i44.exit.i, i20 0, void %dense_resource_rf_gt_nin_rem0<ap_fixed<20, 10, 5, 3, 0>, ap_fixed<18, 8, 5, 3, 0>, config6_mult>.exit"   --->   Operation 193 'phi' 'p_ZZN4nnet24compute_output_buffer_2dINS_5arrayI8ap_fixedILi20ELi10EL9ap_q_mode5EL_432' <Predicate = true> <Delay = 0.00>
ST_2 : Operation 194 [1/1] (0.00ns)   --->   "%p_ZZN4nnet24compute_output_buffer_2dINS_5arrayI8ap_fixedILi20ELi10EL9ap_q_mode5EL_433 = phi i20 0, void %entry, i20 %p_ZZN4nnet24compute_output_buffer_2dINS_5arrayI8ap_fixedILi20ELi10EL9ap_q_mode5EL_237, void %V32.i.i27.i.i44.exit.i, i20 0, void %dense_resource_rf_gt_nin_rem0<ap_fixed<20, 10, 5, 3, 0>, ap_fixed<18, 8, 5, 3, 0>, config6_mult>.exit"   --->   Operation 194 'phi' 'p_ZZN4nnet24compute_output_buffer_2dINS_5arrayI8ap_fixedILi20ELi10EL9ap_q_mode5EL_433' <Predicate = true> <Delay = 0.00>
ST_2 : Operation 195 [1/1] (0.00ns)   --->   "%p_ZZN4nnet24compute_output_buffer_2dINS_5arrayI8ap_fixedILi20ELi10EL9ap_q_mode5EL_434 = phi i20 0, void %entry, i20 %p_ZZN4nnet24compute_output_buffer_2dINS_5arrayI8ap_fixedILi20ELi10EL9ap_q_mode5EL_238, void %V32.i.i27.i.i44.exit.i, i20 0, void %dense_resource_rf_gt_nin_rem0<ap_fixed<20, 10, 5, 3, 0>, ap_fixed<18, 8, 5, 3, 0>, config6_mult>.exit"   --->   Operation 195 'phi' 'p_ZZN4nnet24compute_output_buffer_2dINS_5arrayI8ap_fixedILi20ELi10EL9ap_q_mode5EL_434' <Predicate = true> <Delay = 0.00>
ST_2 : Operation 196 [1/1] (0.00ns)   --->   "%p_ZZN4nnet24compute_output_buffer_2dINS_5arrayI8ap_fixedILi20ELi10EL9ap_q_mode5EL_435 = phi i20 0, void %entry, i20 %p_ZZN4nnet24compute_output_buffer_2dINS_5arrayI8ap_fixedILi20ELi10EL9ap_q_mode5EL_239, void %V32.i.i27.i.i44.exit.i, i20 0, void %dense_resource_rf_gt_nin_rem0<ap_fixed<20, 10, 5, 3, 0>, ap_fixed<18, 8, 5, 3, 0>, config6_mult>.exit"   --->   Operation 196 'phi' 'p_ZZN4nnet24compute_output_buffer_2dINS_5arrayI8ap_fixedILi20ELi10EL9ap_q_mode5EL_435' <Predicate = true> <Delay = 0.00>
ST_2 : Operation 197 [1/1] (0.00ns)   --->   "%p_ZZN4nnet24compute_output_buffer_2dINS_5arrayI8ap_fixedILi20ELi10EL9ap_q_mode5EL_436 = phi i20 0, void %entry, i20 %p_ZZN4nnet24compute_output_buffer_2dINS_5arrayI8ap_fixedILi20ELi10EL9ap_q_mode5EL_240, void %V32.i.i27.i.i44.exit.i, i20 0, void %dense_resource_rf_gt_nin_rem0<ap_fixed<20, 10, 5, 3, 0>, ap_fixed<18, 8, 5, 3, 0>, config6_mult>.exit"   --->   Operation 197 'phi' 'p_ZZN4nnet24compute_output_buffer_2dINS_5arrayI8ap_fixedILi20ELi10EL9ap_q_mode5EL_436' <Predicate = true> <Delay = 0.00>
ST_2 : Operation 198 [1/1] (0.00ns)   --->   "%p_ZZN4nnet24compute_output_buffer_2dINS_5arrayI8ap_fixedILi20ELi10EL9ap_q_mode5EL_437 = phi i20 0, void %entry, i20 %p_ZZN4nnet24compute_output_buffer_2dINS_5arrayI8ap_fixedILi20ELi10EL9ap_q_mode5EL_241, void %V32.i.i27.i.i44.exit.i, i20 0, void %dense_resource_rf_gt_nin_rem0<ap_fixed<20, 10, 5, 3, 0>, ap_fixed<18, 8, 5, 3, 0>, config6_mult>.exit"   --->   Operation 198 'phi' 'p_ZZN4nnet24compute_output_buffer_2dINS_5arrayI8ap_fixedILi20ELi10EL9ap_q_mode5EL_437' <Predicate = true> <Delay = 0.00>
ST_2 : Operation 199 [1/1] (0.00ns)   --->   "%p_ZZN4nnet24compute_output_buffer_2dINS_5arrayI8ap_fixedILi20ELi10EL9ap_q_mode5EL_438 = phi i20 0, void %entry, i20 %p_ZZN4nnet24compute_output_buffer_2dINS_5arrayI8ap_fixedILi20ELi10EL9ap_q_mode5EL_242, void %V32.i.i27.i.i44.exit.i, i20 0, void %dense_resource_rf_gt_nin_rem0<ap_fixed<20, 10, 5, 3, 0>, ap_fixed<18, 8, 5, 3, 0>, config6_mult>.exit"   --->   Operation 199 'phi' 'p_ZZN4nnet24compute_output_buffer_2dINS_5arrayI8ap_fixedILi20ELi10EL9ap_q_mode5EL_438' <Predicate = true> <Delay = 0.00>
ST_2 : Operation 200 [1/1] (0.00ns)   --->   "%p_ZZN4nnet24compute_output_buffer_2dINS_5arrayI8ap_fixedILi20ELi10EL9ap_q_mode5EL_439 = phi i20 0, void %entry, i20 %p_ZZN4nnet24compute_output_buffer_2dINS_5arrayI8ap_fixedILi20ELi10EL9ap_q_mode5EL_243, void %V32.i.i27.i.i44.exit.i, i20 0, void %dense_resource_rf_gt_nin_rem0<ap_fixed<20, 10, 5, 3, 0>, ap_fixed<18, 8, 5, 3, 0>, config6_mult>.exit"   --->   Operation 200 'phi' 'p_ZZN4nnet24compute_output_buffer_2dINS_5arrayI8ap_fixedILi20ELi10EL9ap_q_mode5EL_439' <Predicate = true> <Delay = 0.00>
ST_2 : Operation 201 [1/1] (0.00ns)   --->   "%p_ZZN4nnet24compute_output_buffer_2dINS_5arrayI8ap_fixedILi20ELi10EL9ap_q_mode5EL_440 = phi i20 0, void %entry, i20 %p_ZZN4nnet24compute_output_buffer_2dINS_5arrayI8ap_fixedILi20ELi10EL9ap_q_mode5EL_244, void %V32.i.i27.i.i44.exit.i, i20 0, void %dense_resource_rf_gt_nin_rem0<ap_fixed<20, 10, 5, 3, 0>, ap_fixed<18, 8, 5, 3, 0>, config6_mult>.exit"   --->   Operation 201 'phi' 'p_ZZN4nnet24compute_output_buffer_2dINS_5arrayI8ap_fixedILi20ELi10EL9ap_q_mode5EL_440' <Predicate = true> <Delay = 0.00>
ST_2 : Operation 202 [1/1] (0.00ns)   --->   "%p_ZZN4nnet24compute_output_buffer_2dINS_5arrayI8ap_fixedILi20ELi10EL9ap_q_mode5EL_441 = phi i20 0, void %entry, i20 %p_ZZN4nnet24compute_output_buffer_2dINS_5arrayI8ap_fixedILi20ELi10EL9ap_q_mode5EL_245, void %V32.i.i27.i.i44.exit.i, i20 0, void %dense_resource_rf_gt_nin_rem0<ap_fixed<20, 10, 5, 3, 0>, ap_fixed<18, 8, 5, 3, 0>, config6_mult>.exit"   --->   Operation 202 'phi' 'p_ZZN4nnet24compute_output_buffer_2dINS_5arrayI8ap_fixedILi20ELi10EL9ap_q_mode5EL_441' <Predicate = true> <Delay = 0.00>
ST_2 : Operation 203 [1/1] (0.00ns)   --->   "%p_ZZN4nnet24compute_output_buffer_2dINS_5arrayI8ap_fixedILi20ELi10EL9ap_q_mode5EL_442 = phi i20 0, void %entry, i20 %p_ZZN4nnet24compute_output_buffer_2dINS_5arrayI8ap_fixedILi20ELi10EL9ap_q_mode5EL_246, void %V32.i.i27.i.i44.exit.i, i20 0, void %dense_resource_rf_gt_nin_rem0<ap_fixed<20, 10, 5, 3, 0>, ap_fixed<18, 8, 5, 3, 0>, config6_mult>.exit"   --->   Operation 203 'phi' 'p_ZZN4nnet24compute_output_buffer_2dINS_5arrayI8ap_fixedILi20ELi10EL9ap_q_mode5EL_442' <Predicate = true> <Delay = 0.00>
ST_2 : Operation 204 [1/1] (0.00ns)   --->   "%p_ZZN4nnet24compute_output_buffer_2dINS_5arrayI8ap_fixedILi20ELi10EL9ap_q_mode5EL_443 = phi i20 0, void %entry, i20 %p_ZZN4nnet24compute_output_buffer_2dINS_5arrayI8ap_fixedILi20ELi10EL9ap_q_mode5EL_247, void %V32.i.i27.i.i44.exit.i, i20 0, void %dense_resource_rf_gt_nin_rem0<ap_fixed<20, 10, 5, 3, 0>, ap_fixed<18, 8, 5, 3, 0>, config6_mult>.exit"   --->   Operation 204 'phi' 'p_ZZN4nnet24compute_output_buffer_2dINS_5arrayI8ap_fixedILi20ELi10EL9ap_q_mode5EL_443' <Predicate = true> <Delay = 0.00>
ST_2 : Operation 205 [1/1] (0.00ns)   --->   "%p_ZZN4nnet24compute_output_buffer_2dINS_5arrayI8ap_fixedILi20ELi10EL9ap_q_mode5EL_444 = phi i20 0, void %entry, i20 %p_ZZN4nnet24compute_output_buffer_2dINS_5arrayI8ap_fixedILi20ELi10EL9ap_q_mode5EL_248, void %V32.i.i27.i.i44.exit.i, i20 0, void %dense_resource_rf_gt_nin_rem0<ap_fixed<20, 10, 5, 3, 0>, ap_fixed<18, 8, 5, 3, 0>, config6_mult>.exit"   --->   Operation 205 'phi' 'p_ZZN4nnet24compute_output_buffer_2dINS_5arrayI8ap_fixedILi20ELi10EL9ap_q_mode5EL_444' <Predicate = true> <Delay = 0.00>
ST_2 : Operation 206 [1/1] (0.00ns)   --->   "%p_ZZN4nnet24compute_output_buffer_2dINS_5arrayI8ap_fixedILi20ELi10EL9ap_q_mode5EL_445 = phi i20 0, void %entry, i20 %p_ZZN4nnet24compute_output_buffer_2dINS_5arrayI8ap_fixedILi20ELi10EL9ap_q_mode5EL_249, void %V32.i.i27.i.i44.exit.i, i20 0, void %dense_resource_rf_gt_nin_rem0<ap_fixed<20, 10, 5, 3, 0>, ap_fixed<18, 8, 5, 3, 0>, config6_mult>.exit"   --->   Operation 206 'phi' 'p_ZZN4nnet24compute_output_buffer_2dINS_5arrayI8ap_fixedILi20ELi10EL9ap_q_mode5EL_445' <Predicate = true> <Delay = 0.00>
ST_2 : Operation 207 [1/1] (0.00ns)   --->   "%p_ZZN4nnet24compute_output_buffer_2dINS_5arrayI8ap_fixedILi20ELi10EL9ap_q_mode5EL_446 = phi i20 0, void %entry, i20 %p_ZZN4nnet24compute_output_buffer_2dINS_5arrayI8ap_fixedILi20ELi10EL9ap_q_mode5EL_250, void %V32.i.i27.i.i44.exit.i, i20 0, void %dense_resource_rf_gt_nin_rem0<ap_fixed<20, 10, 5, 3, 0>, ap_fixed<18, 8, 5, 3, 0>, config6_mult>.exit"   --->   Operation 207 'phi' 'p_ZZN4nnet24compute_output_buffer_2dINS_5arrayI8ap_fixedILi20ELi10EL9ap_q_mode5EL_446' <Predicate = true> <Delay = 0.00>
ST_2 : Operation 208 [1/1] (0.00ns)   --->   "%p_ZZN4nnet24compute_output_buffer_2dINS_5arrayI8ap_fixedILi20ELi10EL9ap_q_mode5EL_447 = phi i20 0, void %entry, i20 %p_ZZN4nnet24compute_output_buffer_2dINS_5arrayI8ap_fixedILi20ELi10EL9ap_q_mode5EL_251, void %V32.i.i27.i.i44.exit.i, i20 0, void %dense_resource_rf_gt_nin_rem0<ap_fixed<20, 10, 5, 3, 0>, ap_fixed<18, 8, 5, 3, 0>, config6_mult>.exit"   --->   Operation 208 'phi' 'p_ZZN4nnet24compute_output_buffer_2dINS_5arrayI8ap_fixedILi20ELi10EL9ap_q_mode5EL_447' <Predicate = true> <Delay = 0.00>
ST_2 : Operation 209 [1/1] (0.00ns)   --->   "%p_ZZN4nnet24compute_output_buffer_2dINS_5arrayI8ap_fixedILi20ELi10EL9ap_q_mode5EL_448 = phi i20 0, void %entry, i20 %p_ZZN4nnet24compute_output_buffer_2dINS_5arrayI8ap_fixedILi20ELi10EL9ap_q_mode5EL_252, void %V32.i.i27.i.i44.exit.i, i20 0, void %dense_resource_rf_gt_nin_rem0<ap_fixed<20, 10, 5, 3, 0>, ap_fixed<18, 8, 5, 3, 0>, config6_mult>.exit"   --->   Operation 209 'phi' 'p_ZZN4nnet24compute_output_buffer_2dINS_5arrayI8ap_fixedILi20ELi10EL9ap_q_mode5EL_448' <Predicate = true> <Delay = 0.00>
ST_2 : Operation 210 [1/1] (0.00ns)   --->   "%p_ZZN4nnet24compute_output_buffer_2dINS_5arrayI8ap_fixedILi20ELi10EL9ap_q_mode5EL_449 = phi i20 0, void %entry, i20 %p_ZZN4nnet24compute_output_buffer_2dINS_5arrayI8ap_fixedILi20ELi10EL9ap_q_mode5EL_253, void %V32.i.i27.i.i44.exit.i, i20 0, void %dense_resource_rf_gt_nin_rem0<ap_fixed<20, 10, 5, 3, 0>, ap_fixed<18, 8, 5, 3, 0>, config6_mult>.exit"   --->   Operation 210 'phi' 'p_ZZN4nnet24compute_output_buffer_2dINS_5arrayI8ap_fixedILi20ELi10EL9ap_q_mode5EL_449' <Predicate = true> <Delay = 0.00>
ST_2 : Operation 211 [1/1] (0.00ns)   --->   "%p_ZZN4nnet24compute_output_buffer_2dINS_5arrayI8ap_fixedILi20ELi10EL9ap_q_mode5EL_450 = phi i20 0, void %entry, i20 %p_ZZN4nnet24compute_output_buffer_2dINS_5arrayI8ap_fixedILi20ELi10EL9ap_q_mode5EL_254, void %V32.i.i27.i.i44.exit.i, i20 0, void %dense_resource_rf_gt_nin_rem0<ap_fixed<20, 10, 5, 3, 0>, ap_fixed<18, 8, 5, 3, 0>, config6_mult>.exit"   --->   Operation 211 'phi' 'p_ZZN4nnet24compute_output_buffer_2dINS_5arrayI8ap_fixedILi20ELi10EL9ap_q_mode5EL_450' <Predicate = true> <Delay = 0.00>
ST_2 : Operation 212 [1/1] (0.00ns)   --->   "%p_ZZN4nnet24compute_output_buffer_2dINS_5arrayI8ap_fixedILi20ELi10EL9ap_q_mode5EL_451 = phi i20 0, void %entry, i20 %p_ZZN4nnet24compute_output_buffer_2dINS_5arrayI8ap_fixedILi20ELi10EL9ap_q_mode5EL_255, void %V32.i.i27.i.i44.exit.i, i20 0, void %dense_resource_rf_gt_nin_rem0<ap_fixed<20, 10, 5, 3, 0>, ap_fixed<18, 8, 5, 3, 0>, config6_mult>.exit"   --->   Operation 212 'phi' 'p_ZZN4nnet24compute_output_buffer_2dINS_5arrayI8ap_fixedILi20ELi10EL9ap_q_mode5EL_451' <Predicate = true> <Delay = 0.00>
ST_2 : Operation 213 [1/1] (0.00ns)   --->   "%p_ZZN4nnet24compute_output_buffer_2dINS_5arrayI8ap_fixedILi20ELi10EL9ap_q_mode5EL_452 = phi i20 0, void %entry, i20 %p_ZZN4nnet24compute_output_buffer_2dINS_5arrayI8ap_fixedILi20ELi10EL9ap_q_mode5EL_256, void %V32.i.i27.i.i44.exit.i, i20 0, void %dense_resource_rf_gt_nin_rem0<ap_fixed<20, 10, 5, 3, 0>, ap_fixed<18, 8, 5, 3, 0>, config6_mult>.exit"   --->   Operation 213 'phi' 'p_ZZN4nnet24compute_output_buffer_2dINS_5arrayI8ap_fixedILi20ELi10EL9ap_q_mode5EL_452' <Predicate = true> <Delay = 0.00>
ST_2 : Operation 214 [1/1] (0.00ns)   --->   "%p_ZZN4nnet24compute_output_buffer_2dINS_5arrayI8ap_fixedILi20ELi10EL9ap_q_mode5EL_453 = phi i20 0, void %entry, i20 %p_ZZN4nnet24compute_output_buffer_2dINS_5arrayI8ap_fixedILi20ELi10EL9ap_q_mode5EL_257, void %V32.i.i27.i.i44.exit.i, i20 0, void %dense_resource_rf_gt_nin_rem0<ap_fixed<20, 10, 5, 3, 0>, ap_fixed<18, 8, 5, 3, 0>, config6_mult>.exit"   --->   Operation 214 'phi' 'p_ZZN4nnet24compute_output_buffer_2dINS_5arrayI8ap_fixedILi20ELi10EL9ap_q_mode5EL_453' <Predicate = true> <Delay = 0.00>
ST_2 : Operation 215 [1/1] (0.00ns)   --->   "%p_ZZN4nnet24compute_output_buffer_2dINS_5arrayI8ap_fixedILi20ELi10EL9ap_q_mode5EL_454 = phi i20 0, void %entry, i20 %p_ZZN4nnet24compute_output_buffer_2dINS_5arrayI8ap_fixedILi20ELi10EL9ap_q_mode5EL_258, void %V32.i.i27.i.i44.exit.i, i20 0, void %dense_resource_rf_gt_nin_rem0<ap_fixed<20, 10, 5, 3, 0>, ap_fixed<18, 8, 5, 3, 0>, config6_mult>.exit"   --->   Operation 215 'phi' 'p_ZZN4nnet24compute_output_buffer_2dINS_5arrayI8ap_fixedILi20ELi10EL9ap_q_mode5EL_454' <Predicate = true> <Delay = 0.00>
ST_2 : Operation 216 [1/1] (0.00ns)   --->   "%p_ZZN4nnet24compute_output_buffer_2dINS_5arrayI8ap_fixedILi20ELi10EL9ap_q_mode5EL_455 = phi i20 0, void %entry, i20 %p_ZZN4nnet24compute_output_buffer_2dINS_5arrayI8ap_fixedILi20ELi10EL9ap_q_mode5EL_259, void %V32.i.i27.i.i44.exit.i, i20 0, void %dense_resource_rf_gt_nin_rem0<ap_fixed<20, 10, 5, 3, 0>, ap_fixed<18, 8, 5, 3, 0>, config6_mult>.exit"   --->   Operation 216 'phi' 'p_ZZN4nnet24compute_output_buffer_2dINS_5arrayI8ap_fixedILi20ELi10EL9ap_q_mode5EL_455' <Predicate = true> <Delay = 0.00>
ST_2 : Operation 217 [1/1] (0.00ns)   --->   "%p_ZZN4nnet24compute_output_buffer_2dINS_5arrayI8ap_fixedILi20ELi10EL9ap_q_mode5EL_456 = phi i20 0, void %entry, i20 %p_ZZN4nnet24compute_output_buffer_2dINS_5arrayI8ap_fixedILi20ELi10EL9ap_q_mode5EL_260, void %V32.i.i27.i.i44.exit.i, i20 0, void %dense_resource_rf_gt_nin_rem0<ap_fixed<20, 10, 5, 3, 0>, ap_fixed<18, 8, 5, 3, 0>, config6_mult>.exit"   --->   Operation 217 'phi' 'p_ZZN4nnet24compute_output_buffer_2dINS_5arrayI8ap_fixedILi20ELi10EL9ap_q_mode5EL_456' <Predicate = true> <Delay = 0.00>
ST_2 : Operation 218 [1/1] (0.00ns)   --->   "%p_ZZN4nnet24compute_output_buffer_2dINS_5arrayI8ap_fixedILi20ELi10EL9ap_q_mode5EL_457 = phi i20 0, void %entry, i20 %p_ZZN4nnet24compute_output_buffer_2dINS_5arrayI8ap_fixedILi20ELi10EL9ap_q_mode5EL_261, void %V32.i.i27.i.i44.exit.i, i20 0, void %dense_resource_rf_gt_nin_rem0<ap_fixed<20, 10, 5, 3, 0>, ap_fixed<18, 8, 5, 3, 0>, config6_mult>.exit"   --->   Operation 218 'phi' 'p_ZZN4nnet24compute_output_buffer_2dINS_5arrayI8ap_fixedILi20ELi10EL9ap_q_mode5EL_457' <Predicate = true> <Delay = 0.00>
ST_2 : Operation 219 [1/1] (0.00ns)   --->   "%p_ZZN4nnet24compute_output_buffer_2dINS_5arrayI8ap_fixedILi20ELi10EL9ap_q_mode5EL_458 = phi i20 0, void %entry, i20 %p_ZZN4nnet24compute_output_buffer_2dINS_5arrayI8ap_fixedILi20ELi10EL9ap_q_mode5EL_262, void %V32.i.i27.i.i44.exit.i, i20 0, void %dense_resource_rf_gt_nin_rem0<ap_fixed<20, 10, 5, 3, 0>, ap_fixed<18, 8, 5, 3, 0>, config6_mult>.exit"   --->   Operation 219 'phi' 'p_ZZN4nnet24compute_output_buffer_2dINS_5arrayI8ap_fixedILi20ELi10EL9ap_q_mode5EL_458' <Predicate = true> <Delay = 0.00>
ST_2 : Operation 220 [1/1] (0.00ns)   --->   "%p_ZZN4nnet24compute_output_buffer_2dINS_5arrayI8ap_fixedILi20ELi10EL9ap_q_mode5EL_459 = phi i20 0, void %entry, i20 %p_ZZN4nnet24compute_output_buffer_2dINS_5arrayI8ap_fixedILi20ELi10EL9ap_q_mode5EL_263, void %V32.i.i27.i.i44.exit.i, i20 0, void %dense_resource_rf_gt_nin_rem0<ap_fixed<20, 10, 5, 3, 0>, ap_fixed<18, 8, 5, 3, 0>, config6_mult>.exit"   --->   Operation 220 'phi' 'p_ZZN4nnet24compute_output_buffer_2dINS_5arrayI8ap_fixedILi20ELi10EL9ap_q_mode5EL_459' <Predicate = true> <Delay = 0.00>
ST_2 : Operation 221 [1/1] (0.00ns)   --->   "%p_ZZN4nnet24compute_output_buffer_2dINS_5arrayI8ap_fixedILi20ELi10EL9ap_q_mode5EL_460 = phi i20 0, void %entry, i20 %p_ZZN4nnet24compute_output_buffer_2dINS_5arrayI8ap_fixedILi20ELi10EL9ap_q_mode5EL_264, void %V32.i.i27.i.i44.exit.i, i20 0, void %dense_resource_rf_gt_nin_rem0<ap_fixed<20, 10, 5, 3, 0>, ap_fixed<18, 8, 5, 3, 0>, config6_mult>.exit"   --->   Operation 221 'phi' 'p_ZZN4nnet24compute_output_buffer_2dINS_5arrayI8ap_fixedILi20ELi10EL9ap_q_mode5EL_460' <Predicate = true> <Delay = 0.00>
ST_2 : Operation 222 [1/1] (0.00ns)   --->   "%p_ZZN4nnet24compute_output_buffer_2dINS_5arrayI8ap_fixedILi20ELi10EL9ap_q_mode5EL_461 = phi i20 0, void %entry, i20 %p_ZZN4nnet24compute_output_buffer_2dINS_5arrayI8ap_fixedILi20ELi10EL9ap_q_mode5EL_265, void %V32.i.i27.i.i44.exit.i, i20 0, void %dense_resource_rf_gt_nin_rem0<ap_fixed<20, 10, 5, 3, 0>, ap_fixed<18, 8, 5, 3, 0>, config6_mult>.exit"   --->   Operation 222 'phi' 'p_ZZN4nnet24compute_output_buffer_2dINS_5arrayI8ap_fixedILi20ELi10EL9ap_q_mode5EL_461' <Predicate = true> <Delay = 0.00>
ST_2 : Operation 223 [1/1] (0.00ns)   --->   "%p_ZZN4nnet24compute_output_buffer_2dINS_5arrayI8ap_fixedILi20ELi10EL9ap_q_mode5EL_462 = phi i20 0, void %entry, i20 %p_ZZN4nnet24compute_output_buffer_2dINS_5arrayI8ap_fixedILi20ELi10EL9ap_q_mode5EL_266, void %V32.i.i27.i.i44.exit.i, i20 0, void %dense_resource_rf_gt_nin_rem0<ap_fixed<20, 10, 5, 3, 0>, ap_fixed<18, 8, 5, 3, 0>, config6_mult>.exit"   --->   Operation 223 'phi' 'p_ZZN4nnet24compute_output_buffer_2dINS_5arrayI8ap_fixedILi20ELi10EL9ap_q_mode5EL_462' <Predicate = true> <Delay = 0.00>
ST_2 : Operation 224 [1/1] (0.00ns)   --->   "%p_ZZN4nnet24compute_output_buffer_2dINS_5arrayI8ap_fixedILi20ELi10EL9ap_q_mode5EL_463 = phi i20 0, void %entry, i20 %p_ZZN4nnet24compute_output_buffer_2dINS_5arrayI8ap_fixedILi20ELi10EL9ap_q_mode5EL_267, void %V32.i.i27.i.i44.exit.i, i20 0, void %dense_resource_rf_gt_nin_rem0<ap_fixed<20, 10, 5, 3, 0>, ap_fixed<18, 8, 5, 3, 0>, config6_mult>.exit"   --->   Operation 224 'phi' 'p_ZZN4nnet24compute_output_buffer_2dINS_5arrayI8ap_fixedILi20ELi10EL9ap_q_mode5EL_463' <Predicate = true> <Delay = 0.00>
ST_2 : Operation 225 [1/1] (0.00ns)   --->   "%void_compute_output_buffer_2d_array_const_ap_shift_reg_n_chan_stream_weig_45 = phi i20 0, void %entry, i20 %void_compute_output_buffer_2d_array_const_ap_shift_reg_n_chan_stream_weig_25, void %V32.i.i27.i.i44.exit.i, i20 0, void %dense_resource_rf_gt_nin_rem0<ap_fixed<20, 10, 5, 3, 0>, ap_fixed<18, 8, 5, 3, 0>, config6_mult>.exit"   --->   Operation 225 'phi' 'void_compute_output_buffer_2d_array_const_ap_shift_reg_n_chan_stream_weig_45' <Predicate = true> <Delay = 0.00>
ST_2 : Operation 226 [1/1] (0.00ns)   --->   "%void_compute_output_buffer_2d_array_const_ap_shift_reg_n_chan_stream_weig_46 = phi i20 0, void %entry, i20 %void_compute_output_buffer_2d_array_const_ap_shift_reg_n_chan_stream_weig_26, void %V32.i.i27.i.i44.exit.i, i20 0, void %dense_resource_rf_gt_nin_rem0<ap_fixed<20, 10, 5, 3, 0>, ap_fixed<18, 8, 5, 3, 0>, config6_mult>.exit"   --->   Operation 226 'phi' 'void_compute_output_buffer_2d_array_const_ap_shift_reg_n_chan_stream_weig_46' <Predicate = true> <Delay = 0.00>
ST_2 : Operation 227 [1/1] (0.00ns)   --->   "%void_compute_output_buffer_2d_array_const_ap_shift_reg_n_chan_stream_weig_47 = phi i20 0, void %entry, i20 %void_compute_output_buffer_2d_array_const_ap_shift_reg_n_chan_stream_weig_27, void %V32.i.i27.i.i44.exit.i, i20 0, void %dense_resource_rf_gt_nin_rem0<ap_fixed<20, 10, 5, 3, 0>, ap_fixed<18, 8, 5, 3, 0>, config6_mult>.exit"   --->   Operation 227 'phi' 'void_compute_output_buffer_2d_array_const_ap_shift_reg_n_chan_stream_weig_47' <Predicate = true> <Delay = 0.00>
ST_2 : Operation 228 [1/1] (0.00ns)   --->   "%void_compute_output_buffer_2d_array_const_ap_shift_reg_n_chan_stream_weig_48 = phi i20 0, void %entry, i20 %void_compute_output_buffer_2d_array_const_ap_shift_reg_n_chan_stream_weig_28, void %V32.i.i27.i.i44.exit.i, i20 0, void %dense_resource_rf_gt_nin_rem0<ap_fixed<20, 10, 5, 3, 0>, ap_fixed<18, 8, 5, 3, 0>, config6_mult>.exit"   --->   Operation 228 'phi' 'void_compute_output_buffer_2d_array_const_ap_shift_reg_n_chan_stream_weig_48' <Predicate = true> <Delay = 0.00>
ST_2 : Operation 229 [1/1] (0.00ns)   --->   "%void_compute_output_buffer_2d_array_const_ap_shift_reg_n_chan_stream_weig_49 = phi i20 0, void %entry, i20 %void_compute_output_buffer_2d_array_const_ap_shift_reg_n_chan_stream_weig_29, void %V32.i.i27.i.i44.exit.i, i20 0, void %dense_resource_rf_gt_nin_rem0<ap_fixed<20, 10, 5, 3, 0>, ap_fixed<18, 8, 5, 3, 0>, config6_mult>.exit"   --->   Operation 229 'phi' 'void_compute_output_buffer_2d_array_const_ap_shift_reg_n_chan_stream_weig_49' <Predicate = true> <Delay = 0.00>
ST_2 : Operation 230 [1/1] (0.00ns)   --->   "%void_compute_output_buffer_2d_array_const_ap_shift_reg_n_chan_stream_weig_50 = phi i20 0, void %entry, i20 %void_compute_output_buffer_2d_array_const_ap_shift_reg_n_chan_stream_weig_30, void %V32.i.i27.i.i44.exit.i, i20 0, void %dense_resource_rf_gt_nin_rem0<ap_fixed<20, 10, 5, 3, 0>, ap_fixed<18, 8, 5, 3, 0>, config6_mult>.exit"   --->   Operation 230 'phi' 'void_compute_output_buffer_2d_array_const_ap_shift_reg_n_chan_stream_weig_50' <Predicate = true> <Delay = 0.00>
ST_2 : Operation 231 [1/1] (0.00ns)   --->   "%void_compute_output_buffer_2d_array_const_ap_shift_reg_n_chan_stream_weig_51 = phi i20 0, void %entry, i20 %void_compute_output_buffer_2d_array_const_ap_shift_reg_n_chan_stream_weig_31, void %V32.i.i27.i.i44.exit.i, i20 0, void %dense_resource_rf_gt_nin_rem0<ap_fixed<20, 10, 5, 3, 0>, ap_fixed<18, 8, 5, 3, 0>, config6_mult>.exit"   --->   Operation 231 'phi' 'void_compute_output_buffer_2d_array_const_ap_shift_reg_n_chan_stream_weig_51' <Predicate = true> <Delay = 0.00>
ST_2 : Operation 232 [1/1] (0.00ns)   --->   "%void_compute_output_buffer_2d_array_const_ap_shift_reg_n_chan_stream_weig_52 = phi i20 0, void %entry, i20 %void_compute_output_buffer_2d_array_const_ap_shift_reg_n_chan_stream_weig_32, void %V32.i.i27.i.i44.exit.i, i20 0, void %dense_resource_rf_gt_nin_rem0<ap_fixed<20, 10, 5, 3, 0>, ap_fixed<18, 8, 5, 3, 0>, config6_mult>.exit"   --->   Operation 232 'phi' 'void_compute_output_buffer_2d_array_const_ap_shift_reg_n_chan_stream_weig_52' <Predicate = true> <Delay = 0.00>
ST_2 : Operation 233 [1/1] (0.00ns)   --->   "%void_compute_output_buffer_2d_array_const_ap_shift_reg_n_chan_stream_weig_53 = phi i20 0, void %entry, i20 %void_compute_output_buffer_2d_array_const_ap_shift_reg_n_chan_stream_weig_33, void %V32.i.i27.i.i44.exit.i, i20 0, void %dense_resource_rf_gt_nin_rem0<ap_fixed<20, 10, 5, 3, 0>, ap_fixed<18, 8, 5, 3, 0>, config6_mult>.exit"   --->   Operation 233 'phi' 'void_compute_output_buffer_2d_array_const_ap_shift_reg_n_chan_stream_weig_53' <Predicate = true> <Delay = 0.00>
ST_2 : Operation 234 [1/1] (0.00ns)   --->   "%void_compute_output_buffer_2d_array_const_ap_shift_reg_n_chan_stream_weig_54 = phi i20 0, void %entry, i20 %void_compute_output_buffer_2d_array_const_ap_shift_reg_n_chan_stream_weig_34, void %V32.i.i27.i.i44.exit.i, i20 0, void %dense_resource_rf_gt_nin_rem0<ap_fixed<20, 10, 5, 3, 0>, ap_fixed<18, 8, 5, 3, 0>, config6_mult>.exit"   --->   Operation 234 'phi' 'void_compute_output_buffer_2d_array_const_ap_shift_reg_n_chan_stream_weig_54' <Predicate = true> <Delay = 0.00>
ST_2 : Operation 235 [1/1] (0.00ns)   --->   "%in_index46 = phi i32 0, void %entry, i32 %in_index, void %V32.i.i27.i.i44.exit.i, i32 0, void %dense_resource_rf_gt_nin_rem0<ap_fixed<20, 10, 5, 3, 0>, ap_fixed<18, 8, 5, 3, 0>, config6_mult>.exit"   --->   Operation 235 'phi' 'in_index46' <Predicate = true> <Delay = 0.00>
ST_2 : Operation 236 [1/1] (1.58ns)   --->   "%br_ln0 = br i1 %do_init, void %MultLoop.split.i, void %rewind_init"   --->   Operation 236 'br' 'br_ln0' <Predicate = true> <Delay = 1.58>
ST_2 : Operation 237 [1/1] (0.00ns)   --->   "%p_ZZN4nnet24compute_output_buffer_2dINS_5arrayI8ap_fixedILi20ELi10EL9ap_q_mode5EL_170 = phi i20 %p_ZZN4nnet24compute_output_buffer_2dINS_5arrayI8ap_fixedILi20ELi10EL9ap_q_mode5EL_365, void %rewind_init, i20 %p_ZZN4nnet24compute_output_buffer_2dINS_5arrayI8ap_fixedILi20ELi10EL9ap_q_mode5EL_366, void %rewind_header"   --->   Operation 237 'phi' 'p_ZZN4nnet24compute_output_buffer_2dINS_5arrayI8ap_fixedILi20ELi10EL9ap_q_mode5EL_170' <Predicate = true> <Delay = 0.00>
ST_2 : Operation 238 [1/1] (0.00ns)   --->   "%p_ZZN4nnet24compute_output_buffer_2dINS_5arrayI8ap_fixedILi20ELi10EL9ap_q_mode5EL_171 = phi i20 %p_ZZN4nnet24compute_output_buffer_2dINS_5arrayI8ap_fixedILi20ELi10EL9ap_q_mode5EL_364, void %rewind_init, i20 %p_ZZN4nnet24compute_output_buffer_2dINS_5arrayI8ap_fixedILi20ELi10EL9ap_q_mode5EL_367, void %rewind_header"   --->   Operation 238 'phi' 'p_ZZN4nnet24compute_output_buffer_2dINS_5arrayI8ap_fixedILi20ELi10EL9ap_q_mode5EL_171' <Predicate = true> <Delay = 0.00>
ST_2 : Operation 239 [1/1] (0.00ns)   --->   "%p_ZZN4nnet24compute_output_buffer_2dINS_5arrayI8ap_fixedILi20ELi10EL9ap_q_mode5EL_172 = phi i20 %p_ZZN4nnet24compute_output_buffer_2dINS_5arrayI8ap_fixedILi20ELi10EL9ap_q_mode5EL_363, void %rewind_init, i20 %p_ZZN4nnet24compute_output_buffer_2dINS_5arrayI8ap_fixedILi20ELi10EL9ap_q_mode5EL_368, void %rewind_header"   --->   Operation 239 'phi' 'p_ZZN4nnet24compute_output_buffer_2dINS_5arrayI8ap_fixedILi20ELi10EL9ap_q_mode5EL_172' <Predicate = true> <Delay = 0.00>
ST_2 : Operation 240 [1/1] (0.00ns)   --->   "%p_ZZN4nnet24compute_output_buffer_2dINS_5arrayI8ap_fixedILi20ELi10EL9ap_q_mode5EL_173 = phi i20 %p_ZZN4nnet24compute_output_buffer_2dINS_5arrayI8ap_fixedILi20ELi10EL9ap_q_mode5EL_362, void %rewind_init, i20 %p_ZZN4nnet24compute_output_buffer_2dINS_5arrayI8ap_fixedILi20ELi10EL9ap_q_mode5EL_369, void %rewind_header"   --->   Operation 240 'phi' 'p_ZZN4nnet24compute_output_buffer_2dINS_5arrayI8ap_fixedILi20ELi10EL9ap_q_mode5EL_173' <Predicate = true> <Delay = 0.00>
ST_2 : Operation 241 [1/1] (0.00ns)   --->   "%p_ZZN4nnet24compute_output_buffer_2dINS_5arrayI8ap_fixedILi20ELi10EL9ap_q_mode5EL_174 = phi i20 %p_ZZN4nnet24compute_output_buffer_2dINS_5arrayI8ap_fixedILi20ELi10EL9ap_q_mode5EL_361, void %rewind_init, i20 %p_ZZN4nnet24compute_output_buffer_2dINS_5arrayI8ap_fixedILi20ELi10EL9ap_q_mode5EL_370, void %rewind_header"   --->   Operation 241 'phi' 'p_ZZN4nnet24compute_output_buffer_2dINS_5arrayI8ap_fixedILi20ELi10EL9ap_q_mode5EL_174' <Predicate = true> <Delay = 0.00>
ST_2 : Operation 242 [1/1] (0.00ns)   --->   "%p_ZZN4nnet24compute_output_buffer_2dINS_5arrayI8ap_fixedILi20ELi10EL9ap_q_mode5EL_175 = phi i20 %p_ZZN4nnet24compute_output_buffer_2dINS_5arrayI8ap_fixedILi20ELi10EL9ap_q_mode5EL_360, void %rewind_init, i20 %p_ZZN4nnet24compute_output_buffer_2dINS_5arrayI8ap_fixedILi20ELi10EL9ap_q_mode5EL_371, void %rewind_header"   --->   Operation 242 'phi' 'p_ZZN4nnet24compute_output_buffer_2dINS_5arrayI8ap_fixedILi20ELi10EL9ap_q_mode5EL_175' <Predicate = true> <Delay = 0.00>
ST_2 : Operation 243 [1/1] (0.00ns)   --->   "%p_ZZN4nnet24compute_output_buffer_2dINS_5arrayI8ap_fixedILi20ELi10EL9ap_q_mode5EL_176 = phi i20 %p_ZZN4nnet24compute_output_buffer_2dINS_5arrayI8ap_fixedILi20ELi10EL9ap_q_mode5EL_359, void %rewind_init, i20 %p_ZZN4nnet24compute_output_buffer_2dINS_5arrayI8ap_fixedILi20ELi10EL9ap_q_mode5EL_372, void %rewind_header"   --->   Operation 243 'phi' 'p_ZZN4nnet24compute_output_buffer_2dINS_5arrayI8ap_fixedILi20ELi10EL9ap_q_mode5EL_176' <Predicate = true> <Delay = 0.00>
ST_2 : Operation 244 [1/1] (0.00ns)   --->   "%p_ZZN4nnet24compute_output_buffer_2dINS_5arrayI8ap_fixedILi20ELi10EL9ap_q_mode5EL_177 = phi i20 %p_ZZN4nnet24compute_output_buffer_2dINS_5arrayI8ap_fixedILi20ELi10EL9ap_q_mode5EL_358, void %rewind_init, i20 %p_ZZN4nnet24compute_output_buffer_2dINS_5arrayI8ap_fixedILi20ELi10EL9ap_q_mode5EL_373, void %rewind_header"   --->   Operation 244 'phi' 'p_ZZN4nnet24compute_output_buffer_2dINS_5arrayI8ap_fixedILi20ELi10EL9ap_q_mode5EL_177' <Predicate = true> <Delay = 0.00>
ST_2 : Operation 245 [1/1] (0.00ns)   --->   "%p_ZZN4nnet24compute_output_buffer_2dINS_5arrayI8ap_fixedILi20ELi10EL9ap_q_mode5EL_178 = phi i20 %p_ZZN4nnet24compute_output_buffer_2dINS_5arrayI8ap_fixedILi20ELi10EL9ap_q_mode5EL_357, void %rewind_init, i20 %p_ZZN4nnet24compute_output_buffer_2dINS_5arrayI8ap_fixedILi20ELi10EL9ap_q_mode5EL_374, void %rewind_header"   --->   Operation 245 'phi' 'p_ZZN4nnet24compute_output_buffer_2dINS_5arrayI8ap_fixedILi20ELi10EL9ap_q_mode5EL_178' <Predicate = true> <Delay = 0.00>
ST_2 : Operation 246 [1/1] (0.00ns)   --->   "%p_ZZN4nnet24compute_output_buffer_2dINS_5arrayI8ap_fixedILi20ELi10EL9ap_q_mode5EL_179 = phi i20 %p_ZZN4nnet24compute_output_buffer_2dINS_5arrayI8ap_fixedILi20ELi10EL9ap_q_mode5EL_356, void %rewind_init, i20 %p_ZZN4nnet24compute_output_buffer_2dINS_5arrayI8ap_fixedILi20ELi10EL9ap_q_mode5EL_375, void %rewind_header"   --->   Operation 246 'phi' 'p_ZZN4nnet24compute_output_buffer_2dINS_5arrayI8ap_fixedILi20ELi10EL9ap_q_mode5EL_179' <Predicate = true> <Delay = 0.00>
ST_2 : Operation 247 [1/1] (0.00ns)   --->   "%p_ZZN4nnet24compute_output_buffer_2dINS_5arrayI8ap_fixedILi20ELi10EL9ap_q_mode5EL_180 = phi i20 %p_ZZN4nnet24compute_output_buffer_2dINS_5arrayI8ap_fixedILi20ELi10EL9ap_q_mode5EL_355, void %rewind_init, i20 %p_ZZN4nnet24compute_output_buffer_2dINS_5arrayI8ap_fixedILi20ELi10EL9ap_q_mode5EL_376, void %rewind_header"   --->   Operation 247 'phi' 'p_ZZN4nnet24compute_output_buffer_2dINS_5arrayI8ap_fixedILi20ELi10EL9ap_q_mode5EL_180' <Predicate = true> <Delay = 0.00>
ST_2 : Operation 248 [1/1] (0.00ns)   --->   "%p_ZZN4nnet24compute_output_buffer_2dINS_5arrayI8ap_fixedILi20ELi10EL9ap_q_mode5EL_181 = phi i20 %p_ZZN4nnet24compute_output_buffer_2dINS_5arrayI8ap_fixedILi20ELi10EL9ap_q_mode5EL_354, void %rewind_init, i20 %p_ZZN4nnet24compute_output_buffer_2dINS_5arrayI8ap_fixedILi20ELi10EL9ap_q_mode5EL_377, void %rewind_header"   --->   Operation 248 'phi' 'p_ZZN4nnet24compute_output_buffer_2dINS_5arrayI8ap_fixedILi20ELi10EL9ap_q_mode5EL_181' <Predicate = true> <Delay = 0.00>
ST_2 : Operation 249 [1/1] (0.00ns)   --->   "%p_ZZN4nnet24compute_output_buffer_2dINS_5arrayI8ap_fixedILi20ELi10EL9ap_q_mode5EL_182 = phi i20 %p_ZZN4nnet24compute_output_buffer_2dINS_5arrayI8ap_fixedILi20ELi10EL9ap_q_mode5EL_353, void %rewind_init, i20 %p_ZZN4nnet24compute_output_buffer_2dINS_5arrayI8ap_fixedILi20ELi10EL9ap_q_mode5EL_378, void %rewind_header"   --->   Operation 249 'phi' 'p_ZZN4nnet24compute_output_buffer_2dINS_5arrayI8ap_fixedILi20ELi10EL9ap_q_mode5EL_182' <Predicate = true> <Delay = 0.00>
ST_2 : Operation 250 [1/1] (0.00ns)   --->   "%p_ZZN4nnet24compute_output_buffer_2dINS_5arrayI8ap_fixedILi20ELi10EL9ap_q_mode5EL_183 = phi i20 %p_ZZN4nnet24compute_output_buffer_2dINS_5arrayI8ap_fixedILi20ELi10EL9ap_q_mode5EL_352, void %rewind_init, i20 %p_ZZN4nnet24compute_output_buffer_2dINS_5arrayI8ap_fixedILi20ELi10EL9ap_q_mode5EL_379, void %rewind_header"   --->   Operation 250 'phi' 'p_ZZN4nnet24compute_output_buffer_2dINS_5arrayI8ap_fixedILi20ELi10EL9ap_q_mode5EL_183' <Predicate = true> <Delay = 0.00>
ST_2 : Operation 251 [1/1] (0.00ns)   --->   "%p_ZZN4nnet24compute_output_buffer_2dINS_5arrayI8ap_fixedILi20ELi10EL9ap_q_mode5EL_184 = phi i20 %p_ZZN4nnet24compute_output_buffer_2dINS_5arrayI8ap_fixedILi20ELi10EL9ap_q_mode5EL_351, void %rewind_init, i20 %p_ZZN4nnet24compute_output_buffer_2dINS_5arrayI8ap_fixedILi20ELi10EL9ap_q_mode5EL_380, void %rewind_header"   --->   Operation 251 'phi' 'p_ZZN4nnet24compute_output_buffer_2dINS_5arrayI8ap_fixedILi20ELi10EL9ap_q_mode5EL_184' <Predicate = true> <Delay = 0.00>
ST_2 : Operation 252 [1/1] (0.00ns)   --->   "%p_ZZN4nnet24compute_output_buffer_2dINS_5arrayI8ap_fixedILi20ELi10EL9ap_q_mode5EL_185 = phi i20 %p_ZZN4nnet24compute_output_buffer_2dINS_5arrayI8ap_fixedILi20ELi10EL9ap_q_mode5EL_350, void %rewind_init, i20 %p_ZZN4nnet24compute_output_buffer_2dINS_5arrayI8ap_fixedILi20ELi10EL9ap_q_mode5EL_381, void %rewind_header"   --->   Operation 252 'phi' 'p_ZZN4nnet24compute_output_buffer_2dINS_5arrayI8ap_fixedILi20ELi10EL9ap_q_mode5EL_185' <Predicate = true> <Delay = 0.00>
ST_2 : Operation 253 [1/1] (0.00ns)   --->   "%p_ZZN4nnet24compute_output_buffer_2dINS_5arrayI8ap_fixedILi20ELi10EL9ap_q_mode5EL_186 = phi i20 %p_ZZN4nnet24compute_output_buffer_2dINS_5arrayI8ap_fixedILi20ELi10EL9ap_q_mode5EL_349, void %rewind_init, i20 %p_ZZN4nnet24compute_output_buffer_2dINS_5arrayI8ap_fixedILi20ELi10EL9ap_q_mode5EL_382, void %rewind_header"   --->   Operation 253 'phi' 'p_ZZN4nnet24compute_output_buffer_2dINS_5arrayI8ap_fixedILi20ELi10EL9ap_q_mode5EL_186' <Predicate = true> <Delay = 0.00>
ST_2 : Operation 254 [1/1] (0.00ns)   --->   "%p_ZZN4nnet24compute_output_buffer_2dINS_5arrayI8ap_fixedILi20ELi10EL9ap_q_mode5EL_187 = phi i20 %p_ZZN4nnet24compute_output_buffer_2dINS_5arrayI8ap_fixedILi20ELi10EL9ap_q_mode5EL_348, void %rewind_init, i20 %p_ZZN4nnet24compute_output_buffer_2dINS_5arrayI8ap_fixedILi20ELi10EL9ap_q_mode5EL_383, void %rewind_header"   --->   Operation 254 'phi' 'p_ZZN4nnet24compute_output_buffer_2dINS_5arrayI8ap_fixedILi20ELi10EL9ap_q_mode5EL_187' <Predicate = true> <Delay = 0.00>
ST_2 : Operation 255 [1/1] (0.00ns)   --->   "%p_ZZN4nnet24compute_output_buffer_2dINS_5arrayI8ap_fixedILi20ELi10EL9ap_q_mode5EL_188 = phi i20 %p_ZZN4nnet24compute_output_buffer_2dINS_5arrayI8ap_fixedILi20ELi10EL9ap_q_mode5EL_347, void %rewind_init, i20 %p_ZZN4nnet24compute_output_buffer_2dINS_5arrayI8ap_fixedILi20ELi10EL9ap_q_mode5EL_384, void %rewind_header"   --->   Operation 255 'phi' 'p_ZZN4nnet24compute_output_buffer_2dINS_5arrayI8ap_fixedILi20ELi10EL9ap_q_mode5EL_188' <Predicate = true> <Delay = 0.00>
ST_2 : Operation 256 [1/1] (0.00ns)   --->   "%p_ZZN4nnet24compute_output_buffer_2dINS_5arrayI8ap_fixedILi20ELi10EL9ap_q_mode5EL_189 = phi i20 %p_ZZN4nnet24compute_output_buffer_2dINS_5arrayI8ap_fixedILi20ELi10EL9ap_q_mode5EL_346, void %rewind_init, i20 %p_ZZN4nnet24compute_output_buffer_2dINS_5arrayI8ap_fixedILi20ELi10EL9ap_q_mode5EL_385, void %rewind_header"   --->   Operation 256 'phi' 'p_ZZN4nnet24compute_output_buffer_2dINS_5arrayI8ap_fixedILi20ELi10EL9ap_q_mode5EL_189' <Predicate = true> <Delay = 0.00>
ST_2 : Operation 257 [1/1] (0.00ns)   --->   "%p_ZZN4nnet24compute_output_buffer_2dINS_5arrayI8ap_fixedILi20ELi10EL9ap_q_mode5EL_190 = phi i20 %p_ZZN4nnet24compute_output_buffer_2dINS_5arrayI8ap_fixedILi20ELi10EL9ap_q_mode5EL_345, void %rewind_init, i20 %p_ZZN4nnet24compute_output_buffer_2dINS_5arrayI8ap_fixedILi20ELi10EL9ap_q_mode5EL_386, void %rewind_header"   --->   Operation 257 'phi' 'p_ZZN4nnet24compute_output_buffer_2dINS_5arrayI8ap_fixedILi20ELi10EL9ap_q_mode5EL_190' <Predicate = true> <Delay = 0.00>
ST_2 : Operation 258 [1/1] (0.00ns)   --->   "%p_ZZN4nnet24compute_output_buffer_2dINS_5arrayI8ap_fixedILi20ELi10EL9ap_q_mode5EL_191 = phi i20 %p_ZZN4nnet24compute_output_buffer_2dINS_5arrayI8ap_fixedILi20ELi10EL9ap_q_mode5EL_344, void %rewind_init, i20 %p_ZZN4nnet24compute_output_buffer_2dINS_5arrayI8ap_fixedILi20ELi10EL9ap_q_mode5EL_387, void %rewind_header"   --->   Operation 258 'phi' 'p_ZZN4nnet24compute_output_buffer_2dINS_5arrayI8ap_fixedILi20ELi10EL9ap_q_mode5EL_191' <Predicate = true> <Delay = 0.00>
ST_2 : Operation 259 [1/1] (0.00ns)   --->   "%p_ZZN4nnet24compute_output_buffer_2dINS_5arrayI8ap_fixedILi20ELi10EL9ap_q_mode5EL_192 = phi i20 %p_ZZN4nnet24compute_output_buffer_2dINS_5arrayI8ap_fixedILi20ELi10EL9ap_q_mode5EL_343, void %rewind_init, i20 %p_ZZN4nnet24compute_output_buffer_2dINS_5arrayI8ap_fixedILi20ELi10EL9ap_q_mode5EL_388, void %rewind_header"   --->   Operation 259 'phi' 'p_ZZN4nnet24compute_output_buffer_2dINS_5arrayI8ap_fixedILi20ELi10EL9ap_q_mode5EL_192' <Predicate = true> <Delay = 0.00>
ST_2 : Operation 260 [1/1] (0.00ns)   --->   "%p_ZZN4nnet24compute_output_buffer_2dINS_5arrayI8ap_fixedILi20ELi10EL9ap_q_mode5EL_193 = phi i20 %p_ZZN4nnet24compute_output_buffer_2dINS_5arrayI8ap_fixedILi20ELi10EL9ap_q_mode5EL_342, void %rewind_init, i20 %p_ZZN4nnet24compute_output_buffer_2dINS_5arrayI8ap_fixedILi20ELi10EL9ap_q_mode5EL_389, void %rewind_header"   --->   Operation 260 'phi' 'p_ZZN4nnet24compute_output_buffer_2dINS_5arrayI8ap_fixedILi20ELi10EL9ap_q_mode5EL_193' <Predicate = true> <Delay = 0.00>
ST_2 : Operation 261 [1/1] (0.00ns)   --->   "%p_ZZN4nnet24compute_output_buffer_2dINS_5arrayI8ap_fixedILi20ELi10EL9ap_q_mode5EL_194 = phi i20 %p_ZZN4nnet24compute_output_buffer_2dINS_5arrayI8ap_fixedILi20ELi10EL9ap_q_mode5EL_341, void %rewind_init, i20 %p_ZZN4nnet24compute_output_buffer_2dINS_5arrayI8ap_fixedILi20ELi10EL9ap_q_mode5EL_390, void %rewind_header"   --->   Operation 261 'phi' 'p_ZZN4nnet24compute_output_buffer_2dINS_5arrayI8ap_fixedILi20ELi10EL9ap_q_mode5EL_194' <Predicate = true> <Delay = 0.00>
ST_2 : Operation 262 [1/1] (0.00ns)   --->   "%p_ZZN4nnet24compute_output_buffer_2dINS_5arrayI8ap_fixedILi20ELi10EL9ap_q_mode5EL_195 = phi i20 %p_ZZN4nnet24compute_output_buffer_2dINS_5arrayI8ap_fixedILi20ELi10EL9ap_q_mode5EL_340, void %rewind_init, i20 %p_ZZN4nnet24compute_output_buffer_2dINS_5arrayI8ap_fixedILi20ELi10EL9ap_q_mode5EL_391, void %rewind_header"   --->   Operation 262 'phi' 'p_ZZN4nnet24compute_output_buffer_2dINS_5arrayI8ap_fixedILi20ELi10EL9ap_q_mode5EL_195' <Predicate = true> <Delay = 0.00>
ST_2 : Operation 263 [1/1] (0.00ns)   --->   "%p_ZZN4nnet24compute_output_buffer_2dINS_5arrayI8ap_fixedILi20ELi10EL9ap_q_mode5EL_196 = phi i20 %p_ZZN4nnet24compute_output_buffer_2dINS_5arrayI8ap_fixedILi20ELi10EL9ap_q_mode5EL_339, void %rewind_init, i20 %p_ZZN4nnet24compute_output_buffer_2dINS_5arrayI8ap_fixedILi20ELi10EL9ap_q_mode5EL_392, void %rewind_header"   --->   Operation 263 'phi' 'p_ZZN4nnet24compute_output_buffer_2dINS_5arrayI8ap_fixedILi20ELi10EL9ap_q_mode5EL_196' <Predicate = true> <Delay = 0.00>
ST_2 : Operation 264 [1/1] (0.00ns)   --->   "%p_ZZN4nnet24compute_output_buffer_2dINS_5arrayI8ap_fixedILi20ELi10EL9ap_q_mode5EL_197 = phi i20 %p_ZZN4nnet24compute_output_buffer_2dINS_5arrayI8ap_fixedILi20ELi10EL9ap_q_mode5EL_338, void %rewind_init, i20 %p_ZZN4nnet24compute_output_buffer_2dINS_5arrayI8ap_fixedILi20ELi10EL9ap_q_mode5EL_393, void %rewind_header"   --->   Operation 264 'phi' 'p_ZZN4nnet24compute_output_buffer_2dINS_5arrayI8ap_fixedILi20ELi10EL9ap_q_mode5EL_197' <Predicate = true> <Delay = 0.00>
ST_2 : Operation 265 [1/1] (0.00ns)   --->   "%p_ZZN4nnet24compute_output_buffer_2dINS_5arrayI8ap_fixedILi20ELi10EL9ap_q_mode5EL_198 = phi i20 %p_ZZN4nnet24compute_output_buffer_2dINS_5arrayI8ap_fixedILi20ELi10EL9ap_q_mode5EL_337, void %rewind_init, i20 %p_ZZN4nnet24compute_output_buffer_2dINS_5arrayI8ap_fixedILi20ELi10EL9ap_q_mode5EL_394, void %rewind_header"   --->   Operation 265 'phi' 'p_ZZN4nnet24compute_output_buffer_2dINS_5arrayI8ap_fixedILi20ELi10EL9ap_q_mode5EL_198' <Predicate = true> <Delay = 0.00>
ST_2 : Operation 266 [1/1] (0.00ns)   --->   "%p_ZZN4nnet24compute_output_buffer_2dINS_5arrayI8ap_fixedILi20ELi10EL9ap_q_mode5EL_199 = phi i20 %p_ZZN4nnet24compute_output_buffer_2dINS_5arrayI8ap_fixedILi20ELi10EL9ap_q_mode5EL_336, void %rewind_init, i20 %p_ZZN4nnet24compute_output_buffer_2dINS_5arrayI8ap_fixedILi20ELi10EL9ap_q_mode5EL_395, void %rewind_header"   --->   Operation 266 'phi' 'p_ZZN4nnet24compute_output_buffer_2dINS_5arrayI8ap_fixedILi20ELi10EL9ap_q_mode5EL_199' <Predicate = true> <Delay = 0.00>
ST_2 : Operation 267 [1/1] (0.00ns)   --->   "%p_ZZN4nnet24compute_output_buffer_2dINS_5arrayI8ap_fixedILi20ELi10EL9ap_q_mode5EL_200 = phi i20 %p_ZZN4nnet24compute_output_buffer_2dINS_5arrayI8ap_fixedILi20ELi10EL9ap_q_mode5EL_335, void %rewind_init, i20 %p_ZZN4nnet24compute_output_buffer_2dINS_5arrayI8ap_fixedILi20ELi10EL9ap_q_mode5EL_396, void %rewind_header"   --->   Operation 267 'phi' 'p_ZZN4nnet24compute_output_buffer_2dINS_5arrayI8ap_fixedILi20ELi10EL9ap_q_mode5EL_200' <Predicate = true> <Delay = 0.00>
ST_2 : Operation 268 [1/1] (0.00ns)   --->   "%p_ZZN4nnet24compute_output_buffer_2dINS_5arrayI8ap_fixedILi20ELi10EL9ap_q_mode5EL_201 = phi i20 %p_ZZN4nnet24compute_output_buffer_2dINS_5arrayI8ap_fixedILi20ELi10EL9ap_q_mode5EL_334, void %rewind_init, i20 %p_ZZN4nnet24compute_output_buffer_2dINS_5arrayI8ap_fixedILi20ELi10EL9ap_q_mode5EL_397, void %rewind_header"   --->   Operation 268 'phi' 'p_ZZN4nnet24compute_output_buffer_2dINS_5arrayI8ap_fixedILi20ELi10EL9ap_q_mode5EL_201' <Predicate = true> <Delay = 0.00>
ST_2 : Operation 269 [1/1] (0.00ns)   --->   "%p_ZZN4nnet24compute_output_buffer_2dINS_5arrayI8ap_fixedILi20ELi10EL9ap_q_mode5EL_202 = phi i20 %p_ZZN4nnet24compute_output_buffer_2dINS_5arrayI8ap_fixedILi20ELi10EL9ap_q_mode5EL_333, void %rewind_init, i20 %p_ZZN4nnet24compute_output_buffer_2dINS_5arrayI8ap_fixedILi20ELi10EL9ap_q_mode5EL_398, void %rewind_header"   --->   Operation 269 'phi' 'p_ZZN4nnet24compute_output_buffer_2dINS_5arrayI8ap_fixedILi20ELi10EL9ap_q_mode5EL_202' <Predicate = true> <Delay = 0.00>
ST_2 : Operation 270 [1/1] (0.00ns)   --->   "%p_ZZN4nnet24compute_output_buffer_2dINS_5arrayI8ap_fixedILi20ELi10EL9ap_q_mode5EL_203 = phi i20 %p_ZZN4nnet24compute_output_buffer_2dINS_5arrayI8ap_fixedILi20ELi10EL9ap_q_mode5EL_332, void %rewind_init, i20 %p_ZZN4nnet24compute_output_buffer_2dINS_5arrayI8ap_fixedILi20ELi10EL9ap_q_mode5EL_399, void %rewind_header"   --->   Operation 270 'phi' 'p_ZZN4nnet24compute_output_buffer_2dINS_5arrayI8ap_fixedILi20ELi10EL9ap_q_mode5EL_203' <Predicate = true> <Delay = 0.00>
ST_2 : Operation 271 [1/1] (0.00ns)   --->   "%p_ZZN4nnet24compute_output_buffer_2dINS_5arrayI8ap_fixedILi20ELi10EL9ap_q_mode5EL_204 = phi i20 %p_ZZN4nnet24compute_output_buffer_2dINS_5arrayI8ap_fixedILi20ELi10EL9ap_q_mode5EL_331, void %rewind_init, i20 %p_ZZN4nnet24compute_output_buffer_2dINS_5arrayI8ap_fixedILi20ELi10EL9ap_q_mode5EL_400, void %rewind_header"   --->   Operation 271 'phi' 'p_ZZN4nnet24compute_output_buffer_2dINS_5arrayI8ap_fixedILi20ELi10EL9ap_q_mode5EL_204' <Predicate = true> <Delay = 0.00>
ST_2 : Operation 272 [1/1] (0.00ns)   --->   "%p_ZZN4nnet24compute_output_buffer_2dINS_5arrayI8ap_fixedILi20ELi10EL9ap_q_mode5EL_205 = phi i20 %p_ZZN4nnet24compute_output_buffer_2dINS_5arrayI8ap_fixedILi20ELi10EL9ap_q_mode5EL_330, void %rewind_init, i20 %p_ZZN4nnet24compute_output_buffer_2dINS_5arrayI8ap_fixedILi20ELi10EL9ap_q_mode5EL_401, void %rewind_header"   --->   Operation 272 'phi' 'p_ZZN4nnet24compute_output_buffer_2dINS_5arrayI8ap_fixedILi20ELi10EL9ap_q_mode5EL_205' <Predicate = true> <Delay = 0.00>
ST_2 : Operation 273 [1/1] (0.00ns)   --->   "%p_ZZN4nnet24compute_output_buffer_2dINS_5arrayI8ap_fixedILi20ELi10EL9ap_q_mode5EL_206 = phi i20 %p_ZZN4nnet24compute_output_buffer_2dINS_5arrayI8ap_fixedILi20ELi10EL9ap_q_mode5EL_329, void %rewind_init, i20 %p_ZZN4nnet24compute_output_buffer_2dINS_5arrayI8ap_fixedILi20ELi10EL9ap_q_mode5EL_402, void %rewind_header"   --->   Operation 273 'phi' 'p_ZZN4nnet24compute_output_buffer_2dINS_5arrayI8ap_fixedILi20ELi10EL9ap_q_mode5EL_206' <Predicate = true> <Delay = 0.00>
ST_2 : Operation 274 [1/1] (0.00ns)   --->   "%p_ZZN4nnet24compute_output_buffer_2dINS_5arrayI8ap_fixedILi20ELi10EL9ap_q_mode5EL_207 = phi i20 %p_ZZN4nnet24compute_output_buffer_2dINS_5arrayI8ap_fixedILi20ELi10EL9ap_q_mode5EL_328, void %rewind_init, i20 %p_ZZN4nnet24compute_output_buffer_2dINS_5arrayI8ap_fixedILi20ELi10EL9ap_q_mode5EL_403, void %rewind_header"   --->   Operation 274 'phi' 'p_ZZN4nnet24compute_output_buffer_2dINS_5arrayI8ap_fixedILi20ELi10EL9ap_q_mode5EL_207' <Predicate = true> <Delay = 0.00>
ST_2 : Operation 275 [1/1] (0.00ns)   --->   "%p_ZZN4nnet24compute_output_buffer_2dINS_5arrayI8ap_fixedILi20ELi10EL9ap_q_mode5EL_208 = phi i20 %p_ZZN4nnet24compute_output_buffer_2dINS_5arrayI8ap_fixedILi20ELi10EL9ap_q_mode5EL_327, void %rewind_init, i20 %p_ZZN4nnet24compute_output_buffer_2dINS_5arrayI8ap_fixedILi20ELi10EL9ap_q_mode5EL_404, void %rewind_header"   --->   Operation 275 'phi' 'p_ZZN4nnet24compute_output_buffer_2dINS_5arrayI8ap_fixedILi20ELi10EL9ap_q_mode5EL_208' <Predicate = true> <Delay = 0.00>
ST_2 : Operation 276 [1/1] (0.00ns)   --->   "%p_ZZN4nnet24compute_output_buffer_2dINS_5arrayI8ap_fixedILi20ELi10EL9ap_q_mode5EL_209 = phi i20 %p_ZZN4nnet24compute_output_buffer_2dINS_5arrayI8ap_fixedILi20ELi10EL9ap_q_mode5EL_326, void %rewind_init, i20 %p_ZZN4nnet24compute_output_buffer_2dINS_5arrayI8ap_fixedILi20ELi10EL9ap_q_mode5EL_405, void %rewind_header"   --->   Operation 276 'phi' 'p_ZZN4nnet24compute_output_buffer_2dINS_5arrayI8ap_fixedILi20ELi10EL9ap_q_mode5EL_209' <Predicate = true> <Delay = 0.00>
ST_2 : Operation 277 [1/1] (0.00ns)   --->   "%p_ZZN4nnet24compute_output_buffer_2dINS_5arrayI8ap_fixedILi20ELi10EL9ap_q_mode5EL_210 = phi i20 %p_ZZN4nnet24compute_output_buffer_2dINS_5arrayI8ap_fixedILi20ELi10EL9ap_q_mode5EL_325, void %rewind_init, i20 %p_ZZN4nnet24compute_output_buffer_2dINS_5arrayI8ap_fixedILi20ELi10EL9ap_q_mode5EL_406, void %rewind_header"   --->   Operation 277 'phi' 'p_ZZN4nnet24compute_output_buffer_2dINS_5arrayI8ap_fixedILi20ELi10EL9ap_q_mode5EL_210' <Predicate = true> <Delay = 0.00>
ST_2 : Operation 278 [1/1] (0.00ns)   --->   "%p_ZZN4nnet24compute_output_buffer_2dINS_5arrayI8ap_fixedILi20ELi10EL9ap_q_mode5EL_211 = phi i20 %p_ZZN4nnet24compute_output_buffer_2dINS_5arrayI8ap_fixedILi20ELi10EL9ap_q_mode5EL_324, void %rewind_init, i20 %p_ZZN4nnet24compute_output_buffer_2dINS_5arrayI8ap_fixedILi20ELi10EL9ap_q_mode5EL_407, void %rewind_header"   --->   Operation 278 'phi' 'p_ZZN4nnet24compute_output_buffer_2dINS_5arrayI8ap_fixedILi20ELi10EL9ap_q_mode5EL_211' <Predicate = true> <Delay = 0.00>
ST_2 : Operation 279 [1/1] (0.00ns)   --->   "%p_ZZN4nnet24compute_output_buffer_2dINS_5arrayI8ap_fixedILi20ELi10EL9ap_q_mode5EL_212 = phi i20 %p_ZZN4nnet24compute_output_buffer_2dINS_5arrayI8ap_fixedILi20ELi10EL9ap_q_mode5EL_323, void %rewind_init, i20 %p_ZZN4nnet24compute_output_buffer_2dINS_5arrayI8ap_fixedILi20ELi10EL9ap_q_mode5EL_408, void %rewind_header"   --->   Operation 279 'phi' 'p_ZZN4nnet24compute_output_buffer_2dINS_5arrayI8ap_fixedILi20ELi10EL9ap_q_mode5EL_212' <Predicate = true> <Delay = 0.00>
ST_2 : Operation 280 [1/1] (0.00ns)   --->   "%p_ZZN4nnet24compute_output_buffer_2dINS_5arrayI8ap_fixedILi20ELi10EL9ap_q_mode5EL_213 = phi i20 %p_ZZN4nnet24compute_output_buffer_2dINS_5arrayI8ap_fixedILi20ELi10EL9ap_q_mode5EL_322, void %rewind_init, i20 %p_ZZN4nnet24compute_output_buffer_2dINS_5arrayI8ap_fixedILi20ELi10EL9ap_q_mode5EL_409, void %rewind_header"   --->   Operation 280 'phi' 'p_ZZN4nnet24compute_output_buffer_2dINS_5arrayI8ap_fixedILi20ELi10EL9ap_q_mode5EL_213' <Predicate = true> <Delay = 0.00>
ST_2 : Operation 281 [1/1] (0.00ns)   --->   "%p_ZZN4nnet24compute_output_buffer_2dINS_5arrayI8ap_fixedILi20ELi10EL9ap_q_mode5EL_214 = phi i20 %p_ZZN4nnet24compute_output_buffer_2dINS_5arrayI8ap_fixedILi20ELi10EL9ap_q_mode5EL_321, void %rewind_init, i20 %p_ZZN4nnet24compute_output_buffer_2dINS_5arrayI8ap_fixedILi20ELi10EL9ap_q_mode5EL_410, void %rewind_header"   --->   Operation 281 'phi' 'p_ZZN4nnet24compute_output_buffer_2dINS_5arrayI8ap_fixedILi20ELi10EL9ap_q_mode5EL_214' <Predicate = true> <Delay = 0.00>
ST_2 : Operation 282 [1/1] (0.00ns)   --->   "%p_ZZN4nnet24compute_output_buffer_2dINS_5arrayI8ap_fixedILi20ELi10EL9ap_q_mode5EL_215 = phi i20 %p_ZZN4nnet24compute_output_buffer_2dINS_5arrayI8ap_fixedILi20ELi10EL9ap_q_mode5EL_320, void %rewind_init, i20 %p_ZZN4nnet24compute_output_buffer_2dINS_5arrayI8ap_fixedILi20ELi10EL9ap_q_mode5EL_411, void %rewind_header"   --->   Operation 282 'phi' 'p_ZZN4nnet24compute_output_buffer_2dINS_5arrayI8ap_fixedILi20ELi10EL9ap_q_mode5EL_215' <Predicate = true> <Delay = 0.00>
ST_2 : Operation 283 [1/1] (0.00ns)   --->   "%p_ZZN4nnet24compute_output_buffer_2dINS_5arrayI8ap_fixedILi20ELi10EL9ap_q_mode5EL_216 = phi i20 %p_ZZN4nnet24compute_output_buffer_2dINS_5arrayI8ap_fixedILi20ELi10EL9ap_q_mode5EL_319, void %rewind_init, i20 %p_ZZN4nnet24compute_output_buffer_2dINS_5arrayI8ap_fixedILi20ELi10EL9ap_q_mode5EL_412, void %rewind_header"   --->   Operation 283 'phi' 'p_ZZN4nnet24compute_output_buffer_2dINS_5arrayI8ap_fixedILi20ELi10EL9ap_q_mode5EL_216' <Predicate = true> <Delay = 0.00>
ST_2 : Operation 284 [1/1] (0.00ns)   --->   "%p_ZZN4nnet24compute_output_buffer_2dINS_5arrayI8ap_fixedILi20ELi10EL9ap_q_mode5EL_217 = phi i20 %p_ZZN4nnet24compute_output_buffer_2dINS_5arrayI8ap_fixedILi20ELi10EL9ap_q_mode5EL_318, void %rewind_init, i20 %p_ZZN4nnet24compute_output_buffer_2dINS_5arrayI8ap_fixedILi20ELi10EL9ap_q_mode5EL_413, void %rewind_header"   --->   Operation 284 'phi' 'p_ZZN4nnet24compute_output_buffer_2dINS_5arrayI8ap_fixedILi20ELi10EL9ap_q_mode5EL_217' <Predicate = true> <Delay = 0.00>
ST_2 : Operation 285 [1/1] (0.00ns)   --->   "%p_ZZN4nnet24compute_output_buffer_2dINS_5arrayI8ap_fixedILi20ELi10EL9ap_q_mode5EL_218 = phi i20 %p_ZZN4nnet24compute_output_buffer_2dINS_5arrayI8ap_fixedILi20ELi10EL9ap_q_mode5EL_317, void %rewind_init, i20 %p_ZZN4nnet24compute_output_buffer_2dINS_5arrayI8ap_fixedILi20ELi10EL9ap_q_mode5EL_414, void %rewind_header"   --->   Operation 285 'phi' 'p_ZZN4nnet24compute_output_buffer_2dINS_5arrayI8ap_fixedILi20ELi10EL9ap_q_mode5EL_218' <Predicate = true> <Delay = 0.00>
ST_2 : Operation 286 [1/1] (0.00ns)   --->   "%p_ZZN4nnet24compute_output_buffer_2dINS_5arrayI8ap_fixedILi20ELi10EL9ap_q_mode5EL_219 = phi i20 %p_ZZN4nnet24compute_output_buffer_2dINS_5arrayI8ap_fixedILi20ELi10EL9ap_q_mode5EL_316, void %rewind_init, i20 %p_ZZN4nnet24compute_output_buffer_2dINS_5arrayI8ap_fixedILi20ELi10EL9ap_q_mode5EL_415, void %rewind_header"   --->   Operation 286 'phi' 'p_ZZN4nnet24compute_output_buffer_2dINS_5arrayI8ap_fixedILi20ELi10EL9ap_q_mode5EL_219' <Predicate = true> <Delay = 0.00>
ST_2 : Operation 287 [1/1] (0.00ns)   --->   "%p_ZZN4nnet24compute_output_buffer_2dINS_5arrayI8ap_fixedILi20ELi10EL9ap_q_mode5EL_220 = phi i20 %p_ZZN4nnet24compute_output_buffer_2dINS_5arrayI8ap_fixedILi20ELi10EL9ap_q_mode5EL_315, void %rewind_init, i20 %p_ZZN4nnet24compute_output_buffer_2dINS_5arrayI8ap_fixedILi20ELi10EL9ap_q_mode5EL_416, void %rewind_header"   --->   Operation 287 'phi' 'p_ZZN4nnet24compute_output_buffer_2dINS_5arrayI8ap_fixedILi20ELi10EL9ap_q_mode5EL_220' <Predicate = true> <Delay = 0.00>
ST_2 : Operation 288 [1/1] (0.00ns)   --->   "%p_ZZN4nnet24compute_output_buffer_2dINS_5arrayI8ap_fixedILi20ELi10EL9ap_q_mode5EL_221 = phi i20 %p_ZZN4nnet24compute_output_buffer_2dINS_5arrayI8ap_fixedILi20ELi10EL9ap_q_mode5EL_314, void %rewind_init, i20 %p_ZZN4nnet24compute_output_buffer_2dINS_5arrayI8ap_fixedILi20ELi10EL9ap_q_mode5EL_417, void %rewind_header"   --->   Operation 288 'phi' 'p_ZZN4nnet24compute_output_buffer_2dINS_5arrayI8ap_fixedILi20ELi10EL9ap_q_mode5EL_221' <Predicate = true> <Delay = 0.00>
ST_2 : Operation 289 [1/1] (0.00ns)   --->   "%p_ZZN4nnet24compute_output_buffer_2dINS_5arrayI8ap_fixedILi20ELi10EL9ap_q_mode5EL_222 = phi i20 %p_ZZN4nnet24compute_output_buffer_2dINS_5arrayI8ap_fixedILi20ELi10EL9ap_q_mode5EL_313, void %rewind_init, i20 %p_ZZN4nnet24compute_output_buffer_2dINS_5arrayI8ap_fixedILi20ELi10EL9ap_q_mode5EL_418, void %rewind_header"   --->   Operation 289 'phi' 'p_ZZN4nnet24compute_output_buffer_2dINS_5arrayI8ap_fixedILi20ELi10EL9ap_q_mode5EL_222' <Predicate = true> <Delay = 0.00>
ST_2 : Operation 290 [1/1] (0.00ns)   --->   "%p_ZZN4nnet24compute_output_buffer_2dINS_5arrayI8ap_fixedILi20ELi10EL9ap_q_mode5EL_223 = phi i20 %p_ZZN4nnet24compute_output_buffer_2dINS_5arrayI8ap_fixedILi20ELi10EL9ap_q_mode5EL_312, void %rewind_init, i20 %p_ZZN4nnet24compute_output_buffer_2dINS_5arrayI8ap_fixedILi20ELi10EL9ap_q_mode5EL_419, void %rewind_header"   --->   Operation 290 'phi' 'p_ZZN4nnet24compute_output_buffer_2dINS_5arrayI8ap_fixedILi20ELi10EL9ap_q_mode5EL_223' <Predicate = true> <Delay = 0.00>
ST_2 : Operation 291 [1/1] (0.00ns)   --->   "%p_ZZN4nnet24compute_output_buffer_2dINS_5arrayI8ap_fixedILi20ELi10EL9ap_q_mode5EL_224 = phi i20 %p_ZZN4nnet24compute_output_buffer_2dINS_5arrayI8ap_fixedILi20ELi10EL9ap_q_mode5EL_311, void %rewind_init, i20 %p_ZZN4nnet24compute_output_buffer_2dINS_5arrayI8ap_fixedILi20ELi10EL9ap_q_mode5EL_420, void %rewind_header"   --->   Operation 291 'phi' 'p_ZZN4nnet24compute_output_buffer_2dINS_5arrayI8ap_fixedILi20ELi10EL9ap_q_mode5EL_224' <Predicate = true> <Delay = 0.00>
ST_2 : Operation 292 [1/1] (0.00ns)   --->   "%p_ZZN4nnet24compute_output_buffer_2dINS_5arrayI8ap_fixedILi20ELi10EL9ap_q_mode5EL_225 = phi i20 %p_ZZN4nnet24compute_output_buffer_2dINS_5arrayI8ap_fixedILi20ELi10EL9ap_q_mode5EL_310, void %rewind_init, i20 %p_ZZN4nnet24compute_output_buffer_2dINS_5arrayI8ap_fixedILi20ELi10EL9ap_q_mode5EL_421, void %rewind_header"   --->   Operation 292 'phi' 'p_ZZN4nnet24compute_output_buffer_2dINS_5arrayI8ap_fixedILi20ELi10EL9ap_q_mode5EL_225' <Predicate = true> <Delay = 0.00>
ST_2 : Operation 293 [1/1] (0.00ns)   --->   "%p_ZZN4nnet24compute_output_buffer_2dINS_5arrayI8ap_fixedILi20ELi10EL9ap_q_mode5EL_226 = phi i20 %p_ZZN4nnet24compute_output_buffer_2dINS_5arrayI8ap_fixedILi20ELi10EL9ap_q_mode5EL_309, void %rewind_init, i20 %p_ZZN4nnet24compute_output_buffer_2dINS_5arrayI8ap_fixedILi20ELi10EL9ap_q_mode5EL_422, void %rewind_header"   --->   Operation 293 'phi' 'p_ZZN4nnet24compute_output_buffer_2dINS_5arrayI8ap_fixedILi20ELi10EL9ap_q_mode5EL_226' <Predicate = true> <Delay = 0.00>
ST_2 : Operation 294 [1/1] (0.00ns)   --->   "%p_ZZN4nnet24compute_output_buffer_2dINS_5arrayI8ap_fixedILi20ELi10EL9ap_q_mode5EL_227 = phi i20 %p_ZZN4nnet24compute_output_buffer_2dINS_5arrayI8ap_fixedILi20ELi10EL9ap_q_mode5EL_308, void %rewind_init, i20 %p_ZZN4nnet24compute_output_buffer_2dINS_5arrayI8ap_fixedILi20ELi10EL9ap_q_mode5EL_423, void %rewind_header"   --->   Operation 294 'phi' 'p_ZZN4nnet24compute_output_buffer_2dINS_5arrayI8ap_fixedILi20ELi10EL9ap_q_mode5EL_227' <Predicate = true> <Delay = 0.00>
ST_2 : Operation 295 [1/1] (0.00ns)   --->   "%p_ZZN4nnet24compute_output_buffer_2dINS_5arrayI8ap_fixedILi20ELi10EL9ap_q_mode5EL_228 = phi i20 %p_ZZN4nnet24compute_output_buffer_2dINS_5arrayI8ap_fixedILi20ELi10EL9ap_q_mode5EL_307, void %rewind_init, i20 %p_ZZN4nnet24compute_output_buffer_2dINS_5arrayI8ap_fixedILi20ELi10EL9ap_q_mode5EL_424, void %rewind_header"   --->   Operation 295 'phi' 'p_ZZN4nnet24compute_output_buffer_2dINS_5arrayI8ap_fixedILi20ELi10EL9ap_q_mode5EL_228' <Predicate = true> <Delay = 0.00>
ST_2 : Operation 296 [1/1] (0.00ns)   --->   "%p_ZZN4nnet24compute_output_buffer_2dINS_5arrayI8ap_fixedILi20ELi10EL9ap_q_mode5EL_229 = phi i20 %p_ZZN4nnet24compute_output_buffer_2dINS_5arrayI8ap_fixedILi20ELi10EL9ap_q_mode5EL_306, void %rewind_init, i20 %p_ZZN4nnet24compute_output_buffer_2dINS_5arrayI8ap_fixedILi20ELi10EL9ap_q_mode5EL_425, void %rewind_header"   --->   Operation 296 'phi' 'p_ZZN4nnet24compute_output_buffer_2dINS_5arrayI8ap_fixedILi20ELi10EL9ap_q_mode5EL_229' <Predicate = true> <Delay = 0.00>
ST_2 : Operation 297 [1/1] (0.00ns)   --->   "%p_ZZN4nnet24compute_output_buffer_2dINS_5arrayI8ap_fixedILi20ELi10EL9ap_q_mode5EL_230 = phi i20 %p_ZZN4nnet24compute_output_buffer_2dINS_5arrayI8ap_fixedILi20ELi10EL9ap_q_mode5EL_305, void %rewind_init, i20 %p_ZZN4nnet24compute_output_buffer_2dINS_5arrayI8ap_fixedILi20ELi10EL9ap_q_mode5EL_426, void %rewind_header"   --->   Operation 297 'phi' 'p_ZZN4nnet24compute_output_buffer_2dINS_5arrayI8ap_fixedILi20ELi10EL9ap_q_mode5EL_230' <Predicate = true> <Delay = 0.00>
ST_2 : Operation 298 [1/1] (0.00ns)   --->   "%p_ZZN4nnet24compute_output_buffer_2dINS_5arrayI8ap_fixedILi20ELi10EL9ap_q_mode5EL_231 = phi i20 %p_ZZN4nnet24compute_output_buffer_2dINS_5arrayI8ap_fixedILi20ELi10EL9ap_q_mode5EL_304, void %rewind_init, i20 %p_ZZN4nnet24compute_output_buffer_2dINS_5arrayI8ap_fixedILi20ELi10EL9ap_q_mode5EL_427, void %rewind_header"   --->   Operation 298 'phi' 'p_ZZN4nnet24compute_output_buffer_2dINS_5arrayI8ap_fixedILi20ELi10EL9ap_q_mode5EL_231' <Predicate = true> <Delay = 0.00>
ST_2 : Operation 299 [1/1] (0.00ns)   --->   "%p_ZZN4nnet24compute_output_buffer_2dINS_5arrayI8ap_fixedILi20ELi10EL9ap_q_mode5EL_232 = phi i20 %p_ZZN4nnet24compute_output_buffer_2dINS_5arrayI8ap_fixedILi20ELi10EL9ap_q_mode5EL_303, void %rewind_init, i20 %p_ZZN4nnet24compute_output_buffer_2dINS_5arrayI8ap_fixedILi20ELi10EL9ap_q_mode5EL_428, void %rewind_header"   --->   Operation 299 'phi' 'p_ZZN4nnet24compute_output_buffer_2dINS_5arrayI8ap_fixedILi20ELi10EL9ap_q_mode5EL_232' <Predicate = true> <Delay = 0.00>
ST_2 : Operation 300 [1/1] (0.00ns)   --->   "%p_ZZN4nnet24compute_output_buffer_2dINS_5arrayI8ap_fixedILi20ELi10EL9ap_q_mode5EL_233 = phi i20 %p_ZZN4nnet24compute_output_buffer_2dINS_5arrayI8ap_fixedILi20ELi10EL9ap_q_mode5EL_302, void %rewind_init, i20 %p_ZZN4nnet24compute_output_buffer_2dINS_5arrayI8ap_fixedILi20ELi10EL9ap_q_mode5EL_429, void %rewind_header"   --->   Operation 300 'phi' 'p_ZZN4nnet24compute_output_buffer_2dINS_5arrayI8ap_fixedILi20ELi10EL9ap_q_mode5EL_233' <Predicate = true> <Delay = 0.00>
ST_2 : Operation 301 [1/1] (0.00ns)   --->   "%p_ZZN4nnet24compute_output_buffer_2dINS_5arrayI8ap_fixedILi20ELi10EL9ap_q_mode5EL_234 = phi i20 %p_ZZN4nnet24compute_output_buffer_2dINS_5arrayI8ap_fixedILi20ELi10EL9ap_q_mode5EL_301, void %rewind_init, i20 %p_ZZN4nnet24compute_output_buffer_2dINS_5arrayI8ap_fixedILi20ELi10EL9ap_q_mode5EL_430, void %rewind_header"   --->   Operation 301 'phi' 'p_ZZN4nnet24compute_output_buffer_2dINS_5arrayI8ap_fixedILi20ELi10EL9ap_q_mode5EL_234' <Predicate = true> <Delay = 0.00>
ST_2 : Operation 302 [1/1] (0.00ns)   --->   "%p_ZZN4nnet24compute_output_buffer_2dINS_5arrayI8ap_fixedILi20ELi10EL9ap_q_mode5EL_235 = phi i20 %p_ZZN4nnet24compute_output_buffer_2dINS_5arrayI8ap_fixedILi20ELi10EL9ap_q_mode5EL_300, void %rewind_init, i20 %p_ZZN4nnet24compute_output_buffer_2dINS_5arrayI8ap_fixedILi20ELi10EL9ap_q_mode5EL_431, void %rewind_header"   --->   Operation 302 'phi' 'p_ZZN4nnet24compute_output_buffer_2dINS_5arrayI8ap_fixedILi20ELi10EL9ap_q_mode5EL_235' <Predicate = true> <Delay = 0.00>
ST_2 : Operation 303 [1/1] (0.00ns)   --->   "%p_ZZN4nnet24compute_output_buffer_2dINS_5arrayI8ap_fixedILi20ELi10EL9ap_q_mode5EL_236 = phi i20 %p_ZZN4nnet24compute_output_buffer_2dINS_5arrayI8ap_fixedILi20ELi10EL9ap_q_mode5EL_299, void %rewind_init, i20 %p_ZZN4nnet24compute_output_buffer_2dINS_5arrayI8ap_fixedILi20ELi10EL9ap_q_mode5EL_432, void %rewind_header"   --->   Operation 303 'phi' 'p_ZZN4nnet24compute_output_buffer_2dINS_5arrayI8ap_fixedILi20ELi10EL9ap_q_mode5EL_236' <Predicate = true> <Delay = 0.00>
ST_2 : Operation 304 [1/1] (0.00ns)   --->   "%p_ZZN4nnet24compute_output_buffer_2dINS_5arrayI8ap_fixedILi20ELi10EL9ap_q_mode5EL_237 = phi i20 %p_ZZN4nnet24compute_output_buffer_2dINS_5arrayI8ap_fixedILi20ELi10EL9ap_q_mode5EL_298, void %rewind_init, i20 %p_ZZN4nnet24compute_output_buffer_2dINS_5arrayI8ap_fixedILi20ELi10EL9ap_q_mode5EL_433, void %rewind_header"   --->   Operation 304 'phi' 'p_ZZN4nnet24compute_output_buffer_2dINS_5arrayI8ap_fixedILi20ELi10EL9ap_q_mode5EL_237' <Predicate = true> <Delay = 0.00>
ST_2 : Operation 305 [1/1] (0.00ns)   --->   "%p_ZZN4nnet24compute_output_buffer_2dINS_5arrayI8ap_fixedILi20ELi10EL9ap_q_mode5EL_238 = phi i20 %p_ZZN4nnet24compute_output_buffer_2dINS_5arrayI8ap_fixedILi20ELi10EL9ap_q_mode5EL_297, void %rewind_init, i20 %p_ZZN4nnet24compute_output_buffer_2dINS_5arrayI8ap_fixedILi20ELi10EL9ap_q_mode5EL_434, void %rewind_header"   --->   Operation 305 'phi' 'p_ZZN4nnet24compute_output_buffer_2dINS_5arrayI8ap_fixedILi20ELi10EL9ap_q_mode5EL_238' <Predicate = true> <Delay = 0.00>
ST_2 : Operation 306 [1/1] (0.00ns)   --->   "%p_ZZN4nnet24compute_output_buffer_2dINS_5arrayI8ap_fixedILi20ELi10EL9ap_q_mode5EL_239 = phi i20 %p_ZZN4nnet24compute_output_buffer_2dINS_5arrayI8ap_fixedILi20ELi10EL9ap_q_mode5EL_296, void %rewind_init, i20 %p_ZZN4nnet24compute_output_buffer_2dINS_5arrayI8ap_fixedILi20ELi10EL9ap_q_mode5EL_435, void %rewind_header"   --->   Operation 306 'phi' 'p_ZZN4nnet24compute_output_buffer_2dINS_5arrayI8ap_fixedILi20ELi10EL9ap_q_mode5EL_239' <Predicate = true> <Delay = 0.00>
ST_2 : Operation 307 [1/1] (0.00ns)   --->   "%p_ZZN4nnet24compute_output_buffer_2dINS_5arrayI8ap_fixedILi20ELi10EL9ap_q_mode5EL_240 = phi i20 %p_ZZN4nnet24compute_output_buffer_2dINS_5arrayI8ap_fixedILi20ELi10EL9ap_q_mode5EL_295, void %rewind_init, i20 %p_ZZN4nnet24compute_output_buffer_2dINS_5arrayI8ap_fixedILi20ELi10EL9ap_q_mode5EL_436, void %rewind_header"   --->   Operation 307 'phi' 'p_ZZN4nnet24compute_output_buffer_2dINS_5arrayI8ap_fixedILi20ELi10EL9ap_q_mode5EL_240' <Predicate = true> <Delay = 0.00>
ST_2 : Operation 308 [1/1] (0.00ns)   --->   "%p_ZZN4nnet24compute_output_buffer_2dINS_5arrayI8ap_fixedILi20ELi10EL9ap_q_mode5EL_241 = phi i20 %p_ZZN4nnet24compute_output_buffer_2dINS_5arrayI8ap_fixedILi20ELi10EL9ap_q_mode5EL_294, void %rewind_init, i20 %p_ZZN4nnet24compute_output_buffer_2dINS_5arrayI8ap_fixedILi20ELi10EL9ap_q_mode5EL_437, void %rewind_header"   --->   Operation 308 'phi' 'p_ZZN4nnet24compute_output_buffer_2dINS_5arrayI8ap_fixedILi20ELi10EL9ap_q_mode5EL_241' <Predicate = true> <Delay = 0.00>
ST_2 : Operation 309 [1/1] (0.00ns)   --->   "%p_ZZN4nnet24compute_output_buffer_2dINS_5arrayI8ap_fixedILi20ELi10EL9ap_q_mode5EL_242 = phi i20 %p_ZZN4nnet24compute_output_buffer_2dINS_5arrayI8ap_fixedILi20ELi10EL9ap_q_mode5EL_293, void %rewind_init, i20 %p_ZZN4nnet24compute_output_buffer_2dINS_5arrayI8ap_fixedILi20ELi10EL9ap_q_mode5EL_438, void %rewind_header"   --->   Operation 309 'phi' 'p_ZZN4nnet24compute_output_buffer_2dINS_5arrayI8ap_fixedILi20ELi10EL9ap_q_mode5EL_242' <Predicate = true> <Delay = 0.00>
ST_2 : Operation 310 [1/1] (0.00ns)   --->   "%p_ZZN4nnet24compute_output_buffer_2dINS_5arrayI8ap_fixedILi20ELi10EL9ap_q_mode5EL_243 = phi i20 %p_ZZN4nnet24compute_output_buffer_2dINS_5arrayI8ap_fixedILi20ELi10EL9ap_q_mode5EL_292, void %rewind_init, i20 %p_ZZN4nnet24compute_output_buffer_2dINS_5arrayI8ap_fixedILi20ELi10EL9ap_q_mode5EL_439, void %rewind_header"   --->   Operation 310 'phi' 'p_ZZN4nnet24compute_output_buffer_2dINS_5arrayI8ap_fixedILi20ELi10EL9ap_q_mode5EL_243' <Predicate = true> <Delay = 0.00>
ST_2 : Operation 311 [1/1] (0.00ns)   --->   "%p_ZZN4nnet24compute_output_buffer_2dINS_5arrayI8ap_fixedILi20ELi10EL9ap_q_mode5EL_244 = phi i20 %p_ZZN4nnet24compute_output_buffer_2dINS_5arrayI8ap_fixedILi20ELi10EL9ap_q_mode5EL_291, void %rewind_init, i20 %p_ZZN4nnet24compute_output_buffer_2dINS_5arrayI8ap_fixedILi20ELi10EL9ap_q_mode5EL_440, void %rewind_header"   --->   Operation 311 'phi' 'p_ZZN4nnet24compute_output_buffer_2dINS_5arrayI8ap_fixedILi20ELi10EL9ap_q_mode5EL_244' <Predicate = true> <Delay = 0.00>
ST_2 : Operation 312 [1/1] (0.00ns)   --->   "%p_ZZN4nnet24compute_output_buffer_2dINS_5arrayI8ap_fixedILi20ELi10EL9ap_q_mode5EL_245 = phi i20 %p_ZZN4nnet24compute_output_buffer_2dINS_5arrayI8ap_fixedILi20ELi10EL9ap_q_mode5EL_290, void %rewind_init, i20 %p_ZZN4nnet24compute_output_buffer_2dINS_5arrayI8ap_fixedILi20ELi10EL9ap_q_mode5EL_441, void %rewind_header"   --->   Operation 312 'phi' 'p_ZZN4nnet24compute_output_buffer_2dINS_5arrayI8ap_fixedILi20ELi10EL9ap_q_mode5EL_245' <Predicate = true> <Delay = 0.00>
ST_2 : Operation 313 [1/1] (0.00ns)   --->   "%p_ZZN4nnet24compute_output_buffer_2dINS_5arrayI8ap_fixedILi20ELi10EL9ap_q_mode5EL_246 = phi i20 %p_ZZN4nnet24compute_output_buffer_2dINS_5arrayI8ap_fixedILi20ELi10EL9ap_q_mode5EL_289, void %rewind_init, i20 %p_ZZN4nnet24compute_output_buffer_2dINS_5arrayI8ap_fixedILi20ELi10EL9ap_q_mode5EL_442, void %rewind_header"   --->   Operation 313 'phi' 'p_ZZN4nnet24compute_output_buffer_2dINS_5arrayI8ap_fixedILi20ELi10EL9ap_q_mode5EL_246' <Predicate = true> <Delay = 0.00>
ST_2 : Operation 314 [1/1] (0.00ns)   --->   "%p_ZZN4nnet24compute_output_buffer_2dINS_5arrayI8ap_fixedILi20ELi10EL9ap_q_mode5EL_247 = phi i20 %p_ZZN4nnet24compute_output_buffer_2dINS_5arrayI8ap_fixedILi20ELi10EL9ap_q_mode5EL_288, void %rewind_init, i20 %p_ZZN4nnet24compute_output_buffer_2dINS_5arrayI8ap_fixedILi20ELi10EL9ap_q_mode5EL_443, void %rewind_header"   --->   Operation 314 'phi' 'p_ZZN4nnet24compute_output_buffer_2dINS_5arrayI8ap_fixedILi20ELi10EL9ap_q_mode5EL_247' <Predicate = true> <Delay = 0.00>
ST_2 : Operation 315 [1/1] (0.00ns)   --->   "%p_ZZN4nnet24compute_output_buffer_2dINS_5arrayI8ap_fixedILi20ELi10EL9ap_q_mode5EL_248 = phi i20 %p_ZZN4nnet24compute_output_buffer_2dINS_5arrayI8ap_fixedILi20ELi10EL9ap_q_mode5EL_287, void %rewind_init, i20 %p_ZZN4nnet24compute_output_buffer_2dINS_5arrayI8ap_fixedILi20ELi10EL9ap_q_mode5EL_444, void %rewind_header"   --->   Operation 315 'phi' 'p_ZZN4nnet24compute_output_buffer_2dINS_5arrayI8ap_fixedILi20ELi10EL9ap_q_mode5EL_248' <Predicate = true> <Delay = 0.00>
ST_2 : Operation 316 [1/1] (0.00ns)   --->   "%p_ZZN4nnet24compute_output_buffer_2dINS_5arrayI8ap_fixedILi20ELi10EL9ap_q_mode5EL_249 = phi i20 %p_ZZN4nnet24compute_output_buffer_2dINS_5arrayI8ap_fixedILi20ELi10EL9ap_q_mode5EL_286, void %rewind_init, i20 %p_ZZN4nnet24compute_output_buffer_2dINS_5arrayI8ap_fixedILi20ELi10EL9ap_q_mode5EL_445, void %rewind_header"   --->   Operation 316 'phi' 'p_ZZN4nnet24compute_output_buffer_2dINS_5arrayI8ap_fixedILi20ELi10EL9ap_q_mode5EL_249' <Predicate = true> <Delay = 0.00>
ST_2 : Operation 317 [1/1] (0.00ns)   --->   "%p_ZZN4nnet24compute_output_buffer_2dINS_5arrayI8ap_fixedILi20ELi10EL9ap_q_mode5EL_250 = phi i20 %p_ZZN4nnet24compute_output_buffer_2dINS_5arrayI8ap_fixedILi20ELi10EL9ap_q_mode5EL_285, void %rewind_init, i20 %p_ZZN4nnet24compute_output_buffer_2dINS_5arrayI8ap_fixedILi20ELi10EL9ap_q_mode5EL_446, void %rewind_header"   --->   Operation 317 'phi' 'p_ZZN4nnet24compute_output_buffer_2dINS_5arrayI8ap_fixedILi20ELi10EL9ap_q_mode5EL_250' <Predicate = true> <Delay = 0.00>
ST_2 : Operation 318 [1/1] (0.00ns)   --->   "%p_ZZN4nnet24compute_output_buffer_2dINS_5arrayI8ap_fixedILi20ELi10EL9ap_q_mode5EL_251 = phi i20 %p_ZZN4nnet24compute_output_buffer_2dINS_5arrayI8ap_fixedILi20ELi10EL9ap_q_mode5EL_284, void %rewind_init, i20 %p_ZZN4nnet24compute_output_buffer_2dINS_5arrayI8ap_fixedILi20ELi10EL9ap_q_mode5EL_447, void %rewind_header"   --->   Operation 318 'phi' 'p_ZZN4nnet24compute_output_buffer_2dINS_5arrayI8ap_fixedILi20ELi10EL9ap_q_mode5EL_251' <Predicate = true> <Delay = 0.00>
ST_2 : Operation 319 [1/1] (0.00ns)   --->   "%p_ZZN4nnet24compute_output_buffer_2dINS_5arrayI8ap_fixedILi20ELi10EL9ap_q_mode5EL_252 = phi i20 %p_ZZN4nnet24compute_output_buffer_2dINS_5arrayI8ap_fixedILi20ELi10EL9ap_q_mode5EL_283, void %rewind_init, i20 %p_ZZN4nnet24compute_output_buffer_2dINS_5arrayI8ap_fixedILi20ELi10EL9ap_q_mode5EL_448, void %rewind_header"   --->   Operation 319 'phi' 'p_ZZN4nnet24compute_output_buffer_2dINS_5arrayI8ap_fixedILi20ELi10EL9ap_q_mode5EL_252' <Predicate = true> <Delay = 0.00>
ST_2 : Operation 320 [1/1] (0.00ns)   --->   "%p_ZZN4nnet24compute_output_buffer_2dINS_5arrayI8ap_fixedILi20ELi10EL9ap_q_mode5EL_253 = phi i20 %p_ZZN4nnet24compute_output_buffer_2dINS_5arrayI8ap_fixedILi20ELi10EL9ap_q_mode5EL_282, void %rewind_init, i20 %p_ZZN4nnet24compute_output_buffer_2dINS_5arrayI8ap_fixedILi20ELi10EL9ap_q_mode5EL_449, void %rewind_header"   --->   Operation 320 'phi' 'p_ZZN4nnet24compute_output_buffer_2dINS_5arrayI8ap_fixedILi20ELi10EL9ap_q_mode5EL_253' <Predicate = true> <Delay = 0.00>
ST_2 : Operation 321 [1/1] (0.00ns)   --->   "%p_ZZN4nnet24compute_output_buffer_2dINS_5arrayI8ap_fixedILi20ELi10EL9ap_q_mode5EL_254 = phi i20 %p_ZZN4nnet24compute_output_buffer_2dINS_5arrayI8ap_fixedILi20ELi10EL9ap_q_mode5EL_281, void %rewind_init, i20 %p_ZZN4nnet24compute_output_buffer_2dINS_5arrayI8ap_fixedILi20ELi10EL9ap_q_mode5EL_450, void %rewind_header"   --->   Operation 321 'phi' 'p_ZZN4nnet24compute_output_buffer_2dINS_5arrayI8ap_fixedILi20ELi10EL9ap_q_mode5EL_254' <Predicate = true> <Delay = 0.00>
ST_2 : Operation 322 [1/1] (0.00ns)   --->   "%p_ZZN4nnet24compute_output_buffer_2dINS_5arrayI8ap_fixedILi20ELi10EL9ap_q_mode5EL_255 = phi i20 %p_ZZN4nnet24compute_output_buffer_2dINS_5arrayI8ap_fixedILi20ELi10EL9ap_q_mode5EL_280, void %rewind_init, i20 %p_ZZN4nnet24compute_output_buffer_2dINS_5arrayI8ap_fixedILi20ELi10EL9ap_q_mode5EL_451, void %rewind_header"   --->   Operation 322 'phi' 'p_ZZN4nnet24compute_output_buffer_2dINS_5arrayI8ap_fixedILi20ELi10EL9ap_q_mode5EL_255' <Predicate = true> <Delay = 0.00>
ST_2 : Operation 323 [1/1] (0.00ns)   --->   "%p_ZZN4nnet24compute_output_buffer_2dINS_5arrayI8ap_fixedILi20ELi10EL9ap_q_mode5EL_256 = phi i20 %p_ZZN4nnet24compute_output_buffer_2dINS_5arrayI8ap_fixedILi20ELi10EL9ap_q_mode5EL_279, void %rewind_init, i20 %p_ZZN4nnet24compute_output_buffer_2dINS_5arrayI8ap_fixedILi20ELi10EL9ap_q_mode5EL_452, void %rewind_header"   --->   Operation 323 'phi' 'p_ZZN4nnet24compute_output_buffer_2dINS_5arrayI8ap_fixedILi20ELi10EL9ap_q_mode5EL_256' <Predicate = true> <Delay = 0.00>
ST_2 : Operation 324 [1/1] (0.00ns)   --->   "%p_ZZN4nnet24compute_output_buffer_2dINS_5arrayI8ap_fixedILi20ELi10EL9ap_q_mode5EL_257 = phi i20 %p_ZZN4nnet24compute_output_buffer_2dINS_5arrayI8ap_fixedILi20ELi10EL9ap_q_mode5EL_278, void %rewind_init, i20 %p_ZZN4nnet24compute_output_buffer_2dINS_5arrayI8ap_fixedILi20ELi10EL9ap_q_mode5EL_453, void %rewind_header"   --->   Operation 324 'phi' 'p_ZZN4nnet24compute_output_buffer_2dINS_5arrayI8ap_fixedILi20ELi10EL9ap_q_mode5EL_257' <Predicate = true> <Delay = 0.00>
ST_2 : Operation 325 [1/1] (0.00ns)   --->   "%p_ZZN4nnet24compute_output_buffer_2dINS_5arrayI8ap_fixedILi20ELi10EL9ap_q_mode5EL_258 = phi i20 %p_ZZN4nnet24compute_output_buffer_2dINS_5arrayI8ap_fixedILi20ELi10EL9ap_q_mode5EL_277, void %rewind_init, i20 %p_ZZN4nnet24compute_output_buffer_2dINS_5arrayI8ap_fixedILi20ELi10EL9ap_q_mode5EL_454, void %rewind_header"   --->   Operation 325 'phi' 'p_ZZN4nnet24compute_output_buffer_2dINS_5arrayI8ap_fixedILi20ELi10EL9ap_q_mode5EL_258' <Predicate = true> <Delay = 0.00>
ST_2 : Operation 326 [1/1] (0.00ns)   --->   "%p_ZZN4nnet24compute_output_buffer_2dINS_5arrayI8ap_fixedILi20ELi10EL9ap_q_mode5EL_259 = phi i20 %p_ZZN4nnet24compute_output_buffer_2dINS_5arrayI8ap_fixedILi20ELi10EL9ap_q_mode5EL_276, void %rewind_init, i20 %p_ZZN4nnet24compute_output_buffer_2dINS_5arrayI8ap_fixedILi20ELi10EL9ap_q_mode5EL_455, void %rewind_header"   --->   Operation 326 'phi' 'p_ZZN4nnet24compute_output_buffer_2dINS_5arrayI8ap_fixedILi20ELi10EL9ap_q_mode5EL_259' <Predicate = true> <Delay = 0.00>
ST_2 : Operation 327 [1/1] (0.00ns)   --->   "%p_ZZN4nnet24compute_output_buffer_2dINS_5arrayI8ap_fixedILi20ELi10EL9ap_q_mode5EL_260 = phi i20 %p_ZZN4nnet24compute_output_buffer_2dINS_5arrayI8ap_fixedILi20ELi10EL9ap_q_mode5EL_275, void %rewind_init, i20 %p_ZZN4nnet24compute_output_buffer_2dINS_5arrayI8ap_fixedILi20ELi10EL9ap_q_mode5EL_456, void %rewind_header"   --->   Operation 327 'phi' 'p_ZZN4nnet24compute_output_buffer_2dINS_5arrayI8ap_fixedILi20ELi10EL9ap_q_mode5EL_260' <Predicate = true> <Delay = 0.00>
ST_2 : Operation 328 [1/1] (0.00ns)   --->   "%p_ZZN4nnet24compute_output_buffer_2dINS_5arrayI8ap_fixedILi20ELi10EL9ap_q_mode5EL_261 = phi i20 %p_ZZN4nnet24compute_output_buffer_2dINS_5arrayI8ap_fixedILi20ELi10EL9ap_q_mode5EL_274, void %rewind_init, i20 %p_ZZN4nnet24compute_output_buffer_2dINS_5arrayI8ap_fixedILi20ELi10EL9ap_q_mode5EL_457, void %rewind_header"   --->   Operation 328 'phi' 'p_ZZN4nnet24compute_output_buffer_2dINS_5arrayI8ap_fixedILi20ELi10EL9ap_q_mode5EL_261' <Predicate = true> <Delay = 0.00>
ST_2 : Operation 329 [1/1] (0.00ns)   --->   "%p_ZZN4nnet24compute_output_buffer_2dINS_5arrayI8ap_fixedILi20ELi10EL9ap_q_mode5EL_262 = phi i20 %p_ZZN4nnet24compute_output_buffer_2dINS_5arrayI8ap_fixedILi20ELi10EL9ap_q_mode5EL_273, void %rewind_init, i20 %p_ZZN4nnet24compute_output_buffer_2dINS_5arrayI8ap_fixedILi20ELi10EL9ap_q_mode5EL_458, void %rewind_header"   --->   Operation 329 'phi' 'p_ZZN4nnet24compute_output_buffer_2dINS_5arrayI8ap_fixedILi20ELi10EL9ap_q_mode5EL_262' <Predicate = true> <Delay = 0.00>
ST_2 : Operation 330 [1/1] (0.00ns)   --->   "%p_ZZN4nnet24compute_output_buffer_2dINS_5arrayI8ap_fixedILi20ELi10EL9ap_q_mode5EL_263 = phi i20 %p_ZZN4nnet24compute_output_buffer_2dINS_5arrayI8ap_fixedILi20ELi10EL9ap_q_mode5EL_272, void %rewind_init, i20 %p_ZZN4nnet24compute_output_buffer_2dINS_5arrayI8ap_fixedILi20ELi10EL9ap_q_mode5EL_459, void %rewind_header"   --->   Operation 330 'phi' 'p_ZZN4nnet24compute_output_buffer_2dINS_5arrayI8ap_fixedILi20ELi10EL9ap_q_mode5EL_263' <Predicate = true> <Delay = 0.00>
ST_2 : Operation 331 [1/1] (0.00ns)   --->   "%p_ZZN4nnet24compute_output_buffer_2dINS_5arrayI8ap_fixedILi20ELi10EL9ap_q_mode5EL_264 = phi i20 %p_ZZN4nnet24compute_output_buffer_2dINS_5arrayI8ap_fixedILi20ELi10EL9ap_q_mode5EL_271, void %rewind_init, i20 %p_ZZN4nnet24compute_output_buffer_2dINS_5arrayI8ap_fixedILi20ELi10EL9ap_q_mode5EL_460, void %rewind_header"   --->   Operation 331 'phi' 'p_ZZN4nnet24compute_output_buffer_2dINS_5arrayI8ap_fixedILi20ELi10EL9ap_q_mode5EL_264' <Predicate = true> <Delay = 0.00>
ST_2 : Operation 332 [1/1] (0.00ns)   --->   "%p_ZZN4nnet24compute_output_buffer_2dINS_5arrayI8ap_fixedILi20ELi10EL9ap_q_mode5EL_265 = phi i20 %p_ZZN4nnet24compute_output_buffer_2dINS_5arrayI8ap_fixedILi20ELi10EL9ap_q_mode5EL_270, void %rewind_init, i20 %p_ZZN4nnet24compute_output_buffer_2dINS_5arrayI8ap_fixedILi20ELi10EL9ap_q_mode5EL_461, void %rewind_header"   --->   Operation 332 'phi' 'p_ZZN4nnet24compute_output_buffer_2dINS_5arrayI8ap_fixedILi20ELi10EL9ap_q_mode5EL_265' <Predicate = true> <Delay = 0.00>
ST_2 : Operation 333 [1/1] (0.00ns)   --->   "%p_ZZN4nnet24compute_output_buffer_2dINS_5arrayI8ap_fixedILi20ELi10EL9ap_q_mode5EL_266 = phi i20 %p_ZZN4nnet24compute_output_buffer_2dINS_5arrayI8ap_fixedILi20ELi10EL9ap_q_mode5EL_269, void %rewind_init, i20 %p_ZZN4nnet24compute_output_buffer_2dINS_5arrayI8ap_fixedILi20ELi10EL9ap_q_mode5EL_462, void %rewind_header"   --->   Operation 333 'phi' 'p_ZZN4nnet24compute_output_buffer_2dINS_5arrayI8ap_fixedILi20ELi10EL9ap_q_mode5EL_266' <Predicate = true> <Delay = 0.00>
ST_2 : Operation 334 [1/1] (0.00ns)   --->   "%p_ZZN4nnet24compute_output_buffer_2dINS_5arrayI8ap_fixedILi20ELi10EL9ap_q_mode5EL_267 = phi i20 %p_ZZN4nnet24compute_output_buffer_2dINS_5arrayI8ap_fixedILi20ELi10EL9ap_q_mode5EL_268, void %rewind_init, i20 %p_ZZN4nnet24compute_output_buffer_2dINS_5arrayI8ap_fixedILi20ELi10EL9ap_q_mode5EL_463, void %rewind_header"   --->   Operation 334 'phi' 'p_ZZN4nnet24compute_output_buffer_2dINS_5arrayI8ap_fixedILi20ELi10EL9ap_q_mode5EL_267' <Predicate = true> <Delay = 0.00>
ST_2 : Operation 335 [1/1] (0.00ns)   --->   "%void_compute_output_buffer_2d_array_const_ap_shift_reg_n_chan_stream_weig_25 = phi i20 %void_compute_output_buffer_2d_array_const_ap_shift_reg_n_chan_stream_weig_44, void %rewind_init, i20 %void_compute_output_buffer_2d_array_const_ap_shift_reg_n_chan_stream_weig_45, void %rewind_header"   --->   Operation 335 'phi' 'void_compute_output_buffer_2d_array_const_ap_shift_reg_n_chan_stream_weig_25' <Predicate = true> <Delay = 0.00>
ST_2 : Operation 336 [1/1] (0.00ns)   --->   "%void_compute_output_buffer_2d_array_const_ap_shift_reg_n_chan_stream_weig_26 = phi i20 %void_compute_output_buffer_2d_array_const_ap_shift_reg_n_chan_stream_weig_43, void %rewind_init, i20 %void_compute_output_buffer_2d_array_const_ap_shift_reg_n_chan_stream_weig_46, void %rewind_header"   --->   Operation 336 'phi' 'void_compute_output_buffer_2d_array_const_ap_shift_reg_n_chan_stream_weig_26' <Predicate = true> <Delay = 0.00>
ST_2 : Operation 337 [1/1] (0.00ns)   --->   "%void_compute_output_buffer_2d_array_const_ap_shift_reg_n_chan_stream_weig_27 = phi i20 %void_compute_output_buffer_2d_array_const_ap_shift_reg_n_chan_stream_weig_42, void %rewind_init, i20 %void_compute_output_buffer_2d_array_const_ap_shift_reg_n_chan_stream_weig_47, void %rewind_header"   --->   Operation 337 'phi' 'void_compute_output_buffer_2d_array_const_ap_shift_reg_n_chan_stream_weig_27' <Predicate = true> <Delay = 0.00>
ST_2 : Operation 338 [1/1] (0.00ns)   --->   "%void_compute_output_buffer_2d_array_const_ap_shift_reg_n_chan_stream_weig_28 = phi i20 %void_compute_output_buffer_2d_array_const_ap_shift_reg_n_chan_stream_weig_41, void %rewind_init, i20 %void_compute_output_buffer_2d_array_const_ap_shift_reg_n_chan_stream_weig_48, void %rewind_header"   --->   Operation 338 'phi' 'void_compute_output_buffer_2d_array_const_ap_shift_reg_n_chan_stream_weig_28' <Predicate = true> <Delay = 0.00>
ST_2 : Operation 339 [1/1] (0.00ns)   --->   "%void_compute_output_buffer_2d_array_const_ap_shift_reg_n_chan_stream_weig_29 = phi i20 %void_compute_output_buffer_2d_array_const_ap_shift_reg_n_chan_stream_weig_40, void %rewind_init, i20 %void_compute_output_buffer_2d_array_const_ap_shift_reg_n_chan_stream_weig_49, void %rewind_header"   --->   Operation 339 'phi' 'void_compute_output_buffer_2d_array_const_ap_shift_reg_n_chan_stream_weig_29' <Predicate = true> <Delay = 0.00>
ST_2 : Operation 340 [1/1] (0.00ns)   --->   "%void_compute_output_buffer_2d_array_const_ap_shift_reg_n_chan_stream_weig_30 = phi i20 %void_compute_output_buffer_2d_array_const_ap_shift_reg_n_chan_stream_weig_39, void %rewind_init, i20 %void_compute_output_buffer_2d_array_const_ap_shift_reg_n_chan_stream_weig_50, void %rewind_header"   --->   Operation 340 'phi' 'void_compute_output_buffer_2d_array_const_ap_shift_reg_n_chan_stream_weig_30' <Predicate = true> <Delay = 0.00>
ST_2 : Operation 341 [1/1] (0.00ns)   --->   "%void_compute_output_buffer_2d_array_const_ap_shift_reg_n_chan_stream_weig_31 = phi i20 %void_compute_output_buffer_2d_array_const_ap_shift_reg_n_chan_stream_weig_38, void %rewind_init, i20 %void_compute_output_buffer_2d_array_const_ap_shift_reg_n_chan_stream_weig_51, void %rewind_header"   --->   Operation 341 'phi' 'void_compute_output_buffer_2d_array_const_ap_shift_reg_n_chan_stream_weig_31' <Predicate = true> <Delay = 0.00>
ST_2 : Operation 342 [1/1] (0.00ns)   --->   "%void_compute_output_buffer_2d_array_const_ap_shift_reg_n_chan_stream_weig_32 = phi i20 %void_compute_output_buffer_2d_array_const_ap_shift_reg_n_chan_stream_weig_37, void %rewind_init, i20 %void_compute_output_buffer_2d_array_const_ap_shift_reg_n_chan_stream_weig_52, void %rewind_header"   --->   Operation 342 'phi' 'void_compute_output_buffer_2d_array_const_ap_shift_reg_n_chan_stream_weig_32' <Predicate = true> <Delay = 0.00>
ST_2 : Operation 343 [1/1] (0.00ns)   --->   "%void_compute_output_buffer_2d_array_const_ap_shift_reg_n_chan_stream_weig_33 = phi i20 %void_compute_output_buffer_2d_array_const_ap_shift_reg_n_chan_stream_weig_36, void %rewind_init, i20 %void_compute_output_buffer_2d_array_const_ap_shift_reg_n_chan_stream_weig_53, void %rewind_header"   --->   Operation 343 'phi' 'void_compute_output_buffer_2d_array_const_ap_shift_reg_n_chan_stream_weig_33' <Predicate = true> <Delay = 0.00>
ST_2 : Operation 344 [1/1] (0.00ns)   --->   "%void_compute_output_buffer_2d_array_const_ap_shift_reg_n_chan_stream_weig_34 = phi i20 %void_compute_output_buffer_2d_array_const_ap_shift_reg_n_chan_stream_weig_35, void %rewind_init, i20 %void_compute_output_buffer_2d_array_const_ap_shift_reg_n_chan_stream_weig_54, void %rewind_header"   --->   Operation 344 'phi' 'void_compute_output_buffer_2d_array_const_ap_shift_reg_n_chan_stream_weig_34' <Predicate = true> <Delay = 0.00>
ST_2 : Operation 345 [1/1] (0.00ns)   --->   "%trunc_ln135 = trunc i32 %in_index46" [firmware/nnet_utils/nnet_dense_resource.h:135]   --->   Operation 345 'trunc' 'trunc_ln135' <Predicate = true> <Delay = 0.00>
ST_2 : Operation 346 [1/2] (3.25ns)   --->   "%out_index = load i11 %outidx_59_addr" [firmware/nnet_utils/nnet_dense_resource.h:139]   --->   Operation 346 'load' 'out_index' <Predicate = true> <Delay = 3.25> <CoreInst = "ROM">   --->   Core 94 'ROM' <Latency = 1> <II = 1> <Delay = 3.25> <Storage> <Opcode : 'load'> <Ports = 0> <Width = 5> <Depth = 1944> <ROM>
ST_2 : Operation 347 [1/1] (3.84ns)   --->   "%a = sparsemux i20 @_ssdm_op_SparseMux.ap_auto.108i20.i20.i7, i7 0, i20 %void_compute_output_buffer_2d_array_const_ap_shift_reg_n_chan_stream_weig_34, i7 1, i20 %void_compute_output_buffer_2d_array_const_ap_shift_reg_n_chan_stream_weig_33, i7 2, i20 %void_compute_output_buffer_2d_array_const_ap_shift_reg_n_chan_stream_weig_32, i7 3, i20 %void_compute_output_buffer_2d_array_const_ap_shift_reg_n_chan_stream_weig_31, i7 4, i20 %void_compute_output_buffer_2d_array_const_ap_shift_reg_n_chan_stream_weig_30, i7 5, i20 %void_compute_output_buffer_2d_array_const_ap_shift_reg_n_chan_stream_weig_29, i7 6, i20 %void_compute_output_buffer_2d_array_const_ap_shift_reg_n_chan_stream_weig_28, i7 7, i20 %void_compute_output_buffer_2d_array_const_ap_shift_reg_n_chan_stream_weig_27, i7 8, i20 %void_compute_output_buffer_2d_array_const_ap_shift_reg_n_chan_stream_weig_26, i7 9, i20 %void_compute_output_buffer_2d_array_const_ap_shift_reg_n_chan_stream_weig_25, i7 10, i20 %p_ZZN4nnet24compute_output_buffer_2dINS_5arrayI8ap_fixedILi20ELi10EL9ap_q_mode5EL_267, i7 11, i20 %p_ZZN4nnet24compute_output_buffer_2dINS_5arrayI8ap_fixedILi20ELi10EL9ap_q_mode5EL_266, i7 12, i20 %p_ZZN4nnet24compute_output_buffer_2dINS_5arrayI8ap_fixedILi20ELi10EL9ap_q_mode5EL_265, i7 13, i20 %p_ZZN4nnet24compute_output_buffer_2dINS_5arrayI8ap_fixedILi20ELi10EL9ap_q_mode5EL_264, i7 14, i20 %p_ZZN4nnet24compute_output_buffer_2dINS_5arrayI8ap_fixedILi20ELi10EL9ap_q_mode5EL_263, i7 15, i20 %p_ZZN4nnet24compute_output_buffer_2dINS_5arrayI8ap_fixedILi20ELi10EL9ap_q_mode5EL_262, i7 16, i20 %p_ZZN4nnet24compute_output_buffer_2dINS_5arrayI8ap_fixedILi20ELi10EL9ap_q_mode5EL_261, i7 17, i20 %p_ZZN4nnet24compute_output_buffer_2dINS_5arrayI8ap_fixedILi20ELi10EL9ap_q_mode5EL_260, i7 18, i20 %p_ZZN4nnet24compute_output_buffer_2dINS_5arrayI8ap_fixedILi20ELi10EL9ap_q_mode5EL_259, i7 19, i20 %p_ZZN4nnet24compute_output_buffer_2dINS_5arrayI8ap_fixedILi20ELi10EL9ap_q_mode5EL_258, i7 20, i20 %p_ZZN4nnet24compute_output_buffer_2dINS_5arrayI8ap_fixedILi20ELi10EL9ap_q_mode5EL_257, i7 21, i20 %p_ZZN4nnet24compute_output_buffer_2dINS_5arrayI8ap_fixedILi20ELi10EL9ap_q_mode5EL_256, i7 22, i20 %p_ZZN4nnet24compute_output_buffer_2dINS_5arrayI8ap_fixedILi20ELi10EL9ap_q_mode5EL_255, i7 23, i20 %p_ZZN4nnet24compute_output_buffer_2dINS_5arrayI8ap_fixedILi20ELi10EL9ap_q_mode5EL_254, i7 24, i20 %p_ZZN4nnet24compute_output_buffer_2dINS_5arrayI8ap_fixedILi20ELi10EL9ap_q_mode5EL_253, i7 25, i20 %p_ZZN4nnet24compute_output_buffer_2dINS_5arrayI8ap_fixedILi20ELi10EL9ap_q_mode5EL_252, i7 26, i20 %p_ZZN4nnet24compute_output_buffer_2dINS_5arrayI8ap_fixedILi20ELi10EL9ap_q_mode5EL_251, i7 27, i20 %p_ZZN4nnet24compute_output_buffer_2dINS_5arrayI8ap_fixedILi20ELi10EL9ap_q_mode5EL_250, i7 28, i20 %p_ZZN4nnet24compute_output_buffer_2dINS_5arrayI8ap_fixedILi20ELi10EL9ap_q_mode5EL_249, i7 29, i20 %p_ZZN4nnet24compute_output_buffer_2dINS_5arrayI8ap_fixedILi20ELi10EL9ap_q_mode5EL_248, i7 30, i20 %p_ZZN4nnet24compute_output_buffer_2dINS_5arrayI8ap_fixedILi20ELi10EL9ap_q_mode5EL_247, i7 31, i20 %p_ZZN4nnet24compute_output_buffer_2dINS_5arrayI8ap_fixedILi20ELi10EL9ap_q_mode5EL_246, i7 32, i20 %p_ZZN4nnet24compute_output_buffer_2dINS_5arrayI8ap_fixedILi20ELi10EL9ap_q_mode5EL_245, i7 33, i20 %p_ZZN4nnet24compute_output_buffer_2dINS_5arrayI8ap_fixedILi20ELi10EL9ap_q_mode5EL_244, i7 34, i20 %p_ZZN4nnet24compute_output_buffer_2dINS_5arrayI8ap_fixedILi20ELi10EL9ap_q_mode5EL_243, i7 35, i20 %p_ZZN4nnet24compute_output_buffer_2dINS_5arrayI8ap_fixedILi20ELi10EL9ap_q_mode5EL_242, i7 36, i20 %p_ZZN4nnet24compute_output_buffer_2dINS_5arrayI8ap_fixedILi20ELi10EL9ap_q_mode5EL_241, i7 37, i20 %p_ZZN4nnet24compute_output_buffer_2dINS_5arrayI8ap_fixedILi20ELi10EL9ap_q_mode5EL_240, i7 38, i20 %p_ZZN4nnet24compute_output_buffer_2dINS_5arrayI8ap_fixedILi20ELi10EL9ap_q_mode5EL_239, i7 39, i20 %p_ZZN4nnet24compute_output_buffer_2dINS_5arrayI8ap_fixedILi20ELi10EL9ap_q_mode5EL_238, i7 40, i20 %p_ZZN4nnet24compute_output_buffer_2dINS_5arrayI8ap_fixedILi20ELi10EL9ap_q_mode5EL_237, i7 41, i20 %p_ZZN4nnet24compute_output_buffer_2dINS_5arrayI8ap_fixedILi20ELi10EL9ap_q_mode5EL_236, i7 42, i20 %p_ZZN4nnet24compute_output_buffer_2dINS_5arrayI8ap_fixedILi20ELi10EL9ap_q_mode5EL_235, i7 43, i20 %p_ZZN4nnet24compute_output_buffer_2dINS_5arrayI8ap_fixedILi20ELi10EL9ap_q_mode5EL_234, i7 44, i20 %p_ZZN4nnet24compute_output_buffer_2dINS_5arrayI8ap_fixedILi20ELi10EL9ap_q_mode5EL_233, i7 45, i20 %p_ZZN4nnet24compute_output_buffer_2dINS_5arrayI8ap_fixedILi20ELi10EL9ap_q_mode5EL_232, i7 46, i20 %p_ZZN4nnet24compute_output_buffer_2dINS_5arrayI8ap_fixedILi20ELi10EL9ap_q_mode5EL_231, i7 47, i20 %p_ZZN4nnet24compute_output_buffer_2dINS_5arrayI8ap_fixedILi20ELi10EL9ap_q_mode5EL_230, i7 48, i20 %p_ZZN4nnet24compute_output_buffer_2dINS_5arrayI8ap_fixedILi20ELi10EL9ap_q_mode5EL_229, i7 49, i20 %p_ZZN4nnet24compute_output_buffer_2dINS_5arrayI8ap_fixedILi20ELi10EL9ap_q_mode5EL_228, i7 50, i20 %p_ZZN4nnet24compute_output_buffer_2dINS_5arrayI8ap_fixedILi20ELi10EL9ap_q_mode5EL_227, i7 51, i20 %p_ZZN4nnet24compute_output_buffer_2dINS_5arrayI8ap_fixedILi20ELi10EL9ap_q_mode5EL_226, i7 52, i20 %p_ZZN4nnet24compute_output_buffer_2dINS_5arrayI8ap_fixedILi20ELi10EL9ap_q_mode5EL_225, i7 53, i20 %p_ZZN4nnet24compute_output_buffer_2dINS_5arrayI8ap_fixedILi20ELi10EL9ap_q_mode5EL_224, i7 54, i20 %p_ZZN4nnet24compute_output_buffer_2dINS_5arrayI8ap_fixedILi20ELi10EL9ap_q_mode5EL_223, i7 55, i20 %p_ZZN4nnet24compute_output_buffer_2dINS_5arrayI8ap_fixedILi20ELi10EL9ap_q_mode5EL_222, i7 56, i20 %p_ZZN4nnet24compute_output_buffer_2dINS_5arrayI8ap_fixedILi20ELi10EL9ap_q_mode5EL_221, i7 57, i20 %p_ZZN4nnet24compute_output_buffer_2dINS_5arrayI8ap_fixedILi20ELi10EL9ap_q_mode5EL_220, i7 58, i20 %p_ZZN4nnet24compute_output_buffer_2dINS_5arrayI8ap_fixedILi20ELi10EL9ap_q_mode5EL_219, i7 59, i20 %p_ZZN4nnet24compute_output_buffer_2dINS_5arrayI8ap_fixedILi20ELi10EL9ap_q_mode5EL_218, i7 60, i20 %p_ZZN4nnet24compute_output_buffer_2dINS_5arrayI8ap_fixedILi20ELi10EL9ap_q_mode5EL_217, i7 61, i20 %p_ZZN4nnet24compute_output_buffer_2dINS_5arrayI8ap_fixedILi20ELi10EL9ap_q_mode5EL_216, i7 62, i20 %p_ZZN4nnet24compute_output_buffer_2dINS_5arrayI8ap_fixedILi20ELi10EL9ap_q_mode5EL_215, i7 63, i20 %p_ZZN4nnet24compute_output_buffer_2dINS_5arrayI8ap_fixedILi20ELi10EL9ap_q_mode5EL_214, i7 64, i20 %p_ZZN4nnet24compute_output_buffer_2dINS_5arrayI8ap_fixedILi20ELi10EL9ap_q_mode5EL_213, i7 65, i20 %p_ZZN4nnet24compute_output_buffer_2dINS_5arrayI8ap_fixedILi20ELi10EL9ap_q_mode5EL_212, i7 66, i20 %p_ZZN4nnet24compute_output_buffer_2dINS_5arrayI8ap_fixedILi20ELi10EL9ap_q_mode5EL_211, i7 67, i20 %p_ZZN4nnet24compute_output_buffer_2dINS_5arrayI8ap_fixedILi20ELi10EL9ap_q_mode5EL_210, i7 68, i20 %p_ZZN4nnet24compute_output_buffer_2dINS_5arrayI8ap_fixedILi20ELi10EL9ap_q_mode5EL_209, i7 69, i20 %p_ZZN4nnet24compute_output_buffer_2dINS_5arrayI8ap_fixedILi20ELi10EL9ap_q_mode5EL_208, i7 70, i20 %p_ZZN4nnet24compute_output_buffer_2dINS_5arrayI8ap_fixedILi20ELi10EL9ap_q_mode5EL_207, i7 71, i20 %p_ZZN4nnet24compute_output_buffer_2dINS_5arrayI8ap_fixedILi20ELi10EL9ap_q_mode5EL_206, i7 72, i20 %p_ZZN4nnet24compute_output_buffer_2dINS_5arrayI8ap_fixedILi20ELi10EL9ap_q_mode5EL_205, i7 73, i20 %p_ZZN4nnet24compute_output_buffer_2dINS_5arrayI8ap_fixedILi20ELi10EL9ap_q_mode5EL_204, i7 74, i20 %p_ZZN4nnet24compute_output_buffer_2dINS_5arrayI8ap_fixedILi20ELi10EL9ap_q_mode5EL_203, i7 75, i20 %p_ZZN4nnet24compute_output_buffer_2dINS_5arrayI8ap_fixedILi20ELi10EL9ap_q_mode5EL_202, i7 76, i20 %p_ZZN4nnet24compute_output_buffer_2dINS_5arrayI8ap_fixedILi20ELi10EL9ap_q_mode5EL_201, i7 77, i20 %p_ZZN4nnet24compute_output_buffer_2dINS_5arrayI8ap_fixedILi20ELi10EL9ap_q_mode5EL_200, i7 78, i20 %p_ZZN4nnet24compute_output_buffer_2dINS_5arrayI8ap_fixedILi20ELi10EL9ap_q_mode5EL_199, i7 79, i20 %p_ZZN4nnet24compute_output_buffer_2dINS_5arrayI8ap_fixedILi20ELi10EL9ap_q_mode5EL_198, i7 80, i20 %p_ZZN4nnet24compute_output_buffer_2dINS_5arrayI8ap_fixedILi20ELi10EL9ap_q_mode5EL_197, i7 81, i20 %p_ZZN4nnet24compute_output_buffer_2dINS_5arrayI8ap_fixedILi20ELi10EL9ap_q_mode5EL_196, i7 82, i20 %p_ZZN4nnet24compute_output_buffer_2dINS_5arrayI8ap_fixedILi20ELi10EL9ap_q_mode5EL_195, i7 83, i20 %p_ZZN4nnet24compute_output_buffer_2dINS_5arrayI8ap_fixedILi20ELi10EL9ap_q_mode5EL_194, i7 84, i20 %p_ZZN4nnet24compute_output_buffer_2dINS_5arrayI8ap_fixedILi20ELi10EL9ap_q_mode5EL_193, i7 85, i20 %p_ZZN4nnet24compute_output_buffer_2dINS_5arrayI8ap_fixedILi20ELi10EL9ap_q_mode5EL_192, i7 86, i20 %p_ZZN4nnet24compute_output_buffer_2dINS_5arrayI8ap_fixedILi20ELi10EL9ap_q_mode5EL_191, i7 87, i20 %p_ZZN4nnet24compute_output_buffer_2dINS_5arrayI8ap_fixedILi20ELi10EL9ap_q_mode5EL_190, i7 88, i20 %p_ZZN4nnet24compute_output_buffer_2dINS_5arrayI8ap_fixedILi20ELi10EL9ap_q_mode5EL_189, i7 89, i20 %p_ZZN4nnet24compute_output_buffer_2dINS_5arrayI8ap_fixedILi20ELi10EL9ap_q_mode5EL_188, i7 90, i20 %p_ZZN4nnet24compute_output_buffer_2dINS_5arrayI8ap_fixedILi20ELi10EL9ap_q_mode5EL_187, i7 91, i20 %p_ZZN4nnet24compute_output_buffer_2dINS_5arrayI8ap_fixedILi20ELi10EL9ap_q_mode5EL_186, i7 92, i20 %p_ZZN4nnet24compute_output_buffer_2dINS_5arrayI8ap_fixedILi20ELi10EL9ap_q_mode5EL_185, i7 93, i20 %p_ZZN4nnet24compute_output_buffer_2dINS_5arrayI8ap_fixedILi20ELi10EL9ap_q_mode5EL_184, i7 94, i20 %p_ZZN4nnet24compute_output_buffer_2dINS_5arrayI8ap_fixedILi20ELi10EL9ap_q_mode5EL_183, i7 95, i20 %p_ZZN4nnet24compute_output_buffer_2dINS_5arrayI8ap_fixedILi20ELi10EL9ap_q_mode5EL_182, i7 96, i20 %p_ZZN4nnet24compute_output_buffer_2dINS_5arrayI8ap_fixedILi20ELi10EL9ap_q_mode5EL_181, i7 97, i20 %p_ZZN4nnet24compute_output_buffer_2dINS_5arrayI8ap_fixedILi20ELi10EL9ap_q_mode5EL_180, i7 98, i20 %p_ZZN4nnet24compute_output_buffer_2dINS_5arrayI8ap_fixedILi20ELi10EL9ap_q_mode5EL_179, i7 99, i20 %p_ZZN4nnet24compute_output_buffer_2dINS_5arrayI8ap_fixedILi20ELi10EL9ap_q_mode5EL_178, i7 100, i20 %p_ZZN4nnet24compute_output_buffer_2dINS_5arrayI8ap_fixedILi20ELi10EL9ap_q_mode5EL_177, i7 101, i20 %p_ZZN4nnet24compute_output_buffer_2dINS_5arrayI8ap_fixedILi20ELi10EL9ap_q_mode5EL_176, i7 102, i20 %p_ZZN4nnet24compute_output_buffer_2dINS_5arrayI8ap_fixedILi20ELi10EL9ap_q_mode5EL_175, i7 103, i20 %p_ZZN4nnet24compute_output_buffer_2dINS_5arrayI8ap_fixedILi20ELi10EL9ap_q_mode5EL_174, i7 104, i20 %p_ZZN4nnet24compute_output_buffer_2dINS_5arrayI8ap_fixedILi20ELi10EL9ap_q_mode5EL_173, i7 105, i20 %p_ZZN4nnet24compute_output_buffer_2dINS_5arrayI8ap_fixedILi20ELi10EL9ap_q_mode5EL_172, i7 106, i20 %p_ZZN4nnet24compute_output_buffer_2dINS_5arrayI8ap_fixedILi20ELi10EL9ap_q_mode5EL_171, i7 107, i20 %p_ZZN4nnet24compute_output_buffer_2dINS_5arrayI8ap_fixedILi20ELi10EL9ap_q_mode5EL_170, i20 0, i7 %trunc_ln135" [firmware/nnet_utils/nnet_dense_resource.h:135]   --->   Operation 347 'sparsemux' 'a' <Predicate = true> <Delay = 3.84> <CoreInst = "SparseMux">   --->   Core 132 'SparseMux' <Latency = 0> <II = 1> <Delay = 3.84> <FuncUnit> <Opcode : 'sparsemux'> <InPorts = 2> <OutPorts = 1>
ST_2 : Operation 348 [1/1] (0.00ns)   --->   "%sext_ln145 = sext i20 %a" [firmware/nnet_utils/nnet_dense_resource.h:145]   --->   Operation 348 'sext' 'sext_ln145' <Predicate = true> <Delay = 0.00>
ST_2 : Operation 349 [1/2] (3.25ns)   --->   "%w = load i11 %w6_addr" [firmware/nnet_utils/nnet_dense_resource.h:145]   --->   Operation 349 'load' 'w' <Predicate = true> <Delay = 3.25> <CoreInst = "ROM_nP_BRAM">   --->   Core 102 'ROM_nP_BRAM' <Latency = 1> <II = 1> <Delay = 3.25> <Storage> <Opcode : 'load'> <Ports = 0> <Width = 12> <Depth = 1944> <ROM>
ST_2 : Operation 350 [1/1] (0.00ns)   --->   "%sext_ln73 = sext i12 %w" [firmware/nnet_utils/nnet_mult.h:73->firmware/nnet_utils/nnet_dense_resource.h:145]   --->   Operation 350 'sext' 'sext_ln73' <Predicate = true> <Delay = 0.00>
ST_2 : Operation 351 [1/1] (5.86ns)   --->   "%mul_ln73 = mul i32 %sext_ln145, i32 %sext_ln73" [firmware/nnet_utils/nnet_mult.h:73->firmware/nnet_utils/nnet_dense_resource.h:145]   --->   Operation 351 'mul' 'mul_ln73' <Predicate = true> <Delay = 5.86> <CoreInst = "Multiplier">   --->   Core 3 'Multiplier' <Latency = 0> <II = 1> <Delay = 5.86> <FuncUnit> <Opcode : 'mul'> <InPorts = 2> <OutPorts = 1>
ST_2 : Operation 352 [1/1] (0.00ns)   --->   "%trunc_ln5 = partselect i26 @_ssdm_op_PartSelect.i26.i32.i32.i32, i32 %mul_ln73, i32 6, i32 31" [firmware/nnet_utils/nnet_dense_resource.h:144]   --->   Operation 352 'partselect' 'trunc_ln5' <Predicate = true> <Delay = 0.00>
ST_2 : Operation 353 [1/1] (2.55ns)   --->   "%in_index_2 = add i32 %in_index46, i32 1" [firmware/nnet_utils/nnet_dense_resource.h:153]   --->   Operation 353 'add' 'in_index_2' <Predicate = true> <Delay = 2.55> <CoreInst = "Adder">   --->   Core 1 'Adder' <Latency = 0> <II = 1> <Delay = 2.55> <FuncUnit> <Opcode : 'add' 'sub'> <InPorts = 2> <OutPorts = 1>
ST_2 : Operation 354 [1/1] (2.55ns)   --->   "%icmp_ln154 = icmp_sgt  i32 %in_index_2, i32 107" [firmware/nnet_utils/nnet_dense_resource.h:154]   --->   Operation 354 'icmp' 'icmp_ln154' <Predicate = true> <Delay = 2.55> <CoreInst = "Cmp">   --->   Core 9 'Cmp' <Latency = 0> <II = 1> <Delay = 2.55> <FuncUnit> <Opcode : 'seteq' 'setne' 'setle' 'setge' 'setlt' 'setgt'> <InPorts = 2> <OutPorts = 1>
ST_2 : Operation 355 [1/1] (0.69ns)   --->   "%in_index = select i1 %icmp_ln154, i32 0, i32 %in_index_2" [firmware/nnet_utils/nnet_dense_resource.h:154]   --->   Operation 355 'select' 'in_index' <Predicate = true> <Delay = 0.69> <CoreInst = "Sel">   --->   Core 73 'Sel' <Latency = 0> <II = 1> <Delay = 0.69> <FuncUnit> <Opcode : 'select'> <InPorts = 3> <OutPorts = 1>

State 3 <SV = 2> <Delay = 11.1>
ST_3 : Operation 356 [1/1] (0.00ns)   --->   "%acc44 = phi i26 67107760, void %entry, i26 %acc, void %V32.i.i27.i.i44.exit.i, i26 67107760, void %dense_resource_rf_gt_nin_rem0<ap_fixed<20, 10, 5, 3, 0>, ap_fixed<18, 8, 5, 3, 0>, config6_mult>.exit"   --->   Operation 356 'phi' 'acc44' <Predicate = true> <Delay = 0.00>
ST_3 : Operation 357 [1/1] (0.00ns)   --->   "%acc_1642 = phi i26 32, void %entry, i26 %acc_9, void %V32.i.i27.i.i44.exit.i, i26 32, void %dense_resource_rf_gt_nin_rem0<ap_fixed<20, 10, 5, 3, 0>, ap_fixed<18, 8, 5, 3, 0>, config6_mult>.exit"   --->   Operation 357 'phi' 'acc_1642' <Predicate = true> <Delay = 0.00>
ST_3 : Operation 358 [1/1] (0.00ns)   --->   "%acc_1740 = phi i26 528, void %entry, i26 %acc_10, void %V32.i.i27.i.i44.exit.i, i26 528, void %dense_resource_rf_gt_nin_rem0<ap_fixed<20, 10, 5, 3, 0>, ap_fixed<18, 8, 5, 3, 0>, config6_mult>.exit"   --->   Operation 358 'phi' 'acc_1740' <Predicate = true> <Delay = 0.00>
ST_3 : Operation 359 [1/1] (0.00ns)   --->   "%acc_1838 = phi i26 67108096, void %entry, i26 %acc_11, void %V32.i.i27.i.i44.exit.i, i26 67108096, void %dense_resource_rf_gt_nin_rem0<ap_fixed<20, 10, 5, 3, 0>, ap_fixed<18, 8, 5, 3, 0>, config6_mult>.exit"   --->   Operation 359 'phi' 'acc_1838' <Predicate = true> <Delay = 0.00>
ST_3 : Operation 360 [1/1] (0.00ns)   --->   "%acc_1936 = phi i26 1104, void %entry, i26 %acc_12, void %V32.i.i27.i.i44.exit.i, i26 1104, void %dense_resource_rf_gt_nin_rem0<ap_fixed<20, 10, 5, 3, 0>, ap_fixed<18, 8, 5, 3, 0>, config6_mult>.exit"   --->   Operation 360 'phi' 'acc_1936' <Predicate = true> <Delay = 0.00>
ST_3 : Operation 361 [1/1] (0.00ns)   --->   "%acc_2034 = phi i26 67108096, void %entry, i26 %acc_13, void %V32.i.i27.i.i44.exit.i, i26 67108096, void %dense_resource_rf_gt_nin_rem0<ap_fixed<20, 10, 5, 3, 0>, ap_fixed<18, 8, 5, 3, 0>, config6_mult>.exit"   --->   Operation 361 'phi' 'acc_2034' <Predicate = true> <Delay = 0.00>
ST_3 : Operation 362 [1/1] (0.00ns)   --->   "%acc_2132 = phi i26 272, void %entry, i26 %acc_14, void %V32.i.i27.i.i44.exit.i, i26 272, void %dense_resource_rf_gt_nin_rem0<ap_fixed<20, 10, 5, 3, 0>, ap_fixed<18, 8, 5, 3, 0>, config6_mult>.exit"   --->   Operation 362 'phi' 'acc_2132' <Predicate = true> <Delay = 0.00>
ST_3 : Operation 363 [1/1] (0.00ns)   --->   "%acc_2230 = phi i26 352, void %entry, i26 %acc_15, void %V32.i.i27.i.i44.exit.i, i26 352, void %dense_resource_rf_gt_nin_rem0<ap_fixed<20, 10, 5, 3, 0>, ap_fixed<18, 8, 5, 3, 0>, config6_mult>.exit"   --->   Operation 363 'phi' 'acc_2230' <Predicate = true> <Delay = 0.00>
ST_3 : Operation 364 [1/1] (0.00ns)   --->   "%acc_2328 = phi i26 67108784, void %entry, i26 %acc_16, void %V32.i.i27.i.i44.exit.i, i26 67108784, void %dense_resource_rf_gt_nin_rem0<ap_fixed<20, 10, 5, 3, 0>, ap_fixed<18, 8, 5, 3, 0>, config6_mult>.exit"   --->   Operation 364 'phi' 'acc_2328' <Predicate = true> <Delay = 0.00>
ST_3 : Operation 365 [1/1] (0.00ns)   --->   "%acc_2426 = phi i26 2688, void %entry, i26 %acc_17, void %V32.i.i27.i.i44.exit.i, i26 2688, void %dense_resource_rf_gt_nin_rem0<ap_fixed<20, 10, 5, 3, 0>, ap_fixed<18, 8, 5, 3, 0>, config6_mult>.exit"   --->   Operation 365 'phi' 'acc_2426' <Predicate = true> <Delay = 0.00>
ST_3 : Operation 366 [1/1] (0.00ns)   --->   "%acc_2524 = phi i26 67108064, void %entry, i26 %acc_18, void %V32.i.i27.i.i44.exit.i, i26 67108064, void %dense_resource_rf_gt_nin_rem0<ap_fixed<20, 10, 5, 3, 0>, ap_fixed<18, 8, 5, 3, 0>, config6_mult>.exit"   --->   Operation 366 'phi' 'acc_2524' <Predicate = true> <Delay = 0.00>
ST_3 : Operation 367 [1/1] (0.00ns)   --->   "%acc_2622 = phi i26 67107824, void %entry, i26 %acc_19, void %V32.i.i27.i.i44.exit.i, i26 67107824, void %dense_resource_rf_gt_nin_rem0<ap_fixed<20, 10, 5, 3, 0>, ap_fixed<18, 8, 5, 3, 0>, config6_mult>.exit"   --->   Operation 367 'phi' 'acc_2622' <Predicate = true> <Delay = 0.00>
ST_3 : Operation 368 [1/1] (0.00ns)   --->   "%acc_2720 = phi i26 176, void %entry, i26 %acc_20, void %V32.i.i27.i.i44.exit.i, i26 176, void %dense_resource_rf_gt_nin_rem0<ap_fixed<20, 10, 5, 3, 0>, ap_fixed<18, 8, 5, 3, 0>, config6_mult>.exit"   --->   Operation 368 'phi' 'acc_2720' <Predicate = true> <Delay = 0.00>
ST_3 : Operation 369 [1/1] (0.00ns)   --->   "%acc_2818 = phi i26 272, void %entry, i26 %acc_21, void %V32.i.i27.i.i44.exit.i, i26 272, void %dense_resource_rf_gt_nin_rem0<ap_fixed<20, 10, 5, 3, 0>, ap_fixed<18, 8, 5, 3, 0>, config6_mult>.exit"   --->   Operation 369 'phi' 'acc_2818' <Predicate = true> <Delay = 0.00>
ST_3 : Operation 370 [1/1] (0.00ns)   --->   "%acc_2916 = phi i26 67106816, void %entry, i26 %acc_22, void %V32.i.i27.i.i44.exit.i, i26 67106816, void %dense_resource_rf_gt_nin_rem0<ap_fixed<20, 10, 5, 3, 0>, ap_fixed<18, 8, 5, 3, 0>, config6_mult>.exit"   --->   Operation 370 'phi' 'acc_2916' <Predicate = true> <Delay = 0.00>
ST_3 : Operation 371 [1/1] (0.00ns)   --->   "%acc_3014 = phi i26 67108384, void %entry, i26 %acc_23, void %V32.i.i27.i.i44.exit.i, i26 67108384, void %dense_resource_rf_gt_nin_rem0<ap_fixed<20, 10, 5, 3, 0>, ap_fixed<18, 8, 5, 3, 0>, config6_mult>.exit"   --->   Operation 371 'phi' 'acc_3014' <Predicate = true> <Delay = 0.00>
ST_3 : Operation 372 [1/1] (0.00ns)   --->   "%acc_3112 = phi i26 67108672, void %entry, i26 %acc_24, void %V32.i.i27.i.i44.exit.i, i26 67108672, void %dense_resource_rf_gt_nin_rem0<ap_fixed<20, 10, 5, 3, 0>, ap_fixed<18, 8, 5, 3, 0>, config6_mult>.exit"   --->   Operation 372 'phi' 'acc_3112' <Predicate = true> <Delay = 0.00>
ST_3 : Operation 373 [1/1] (0.00ns)   --->   "%acc_3210 = phi i26 3216, void %entry, i26 %acc_25, void %V32.i.i27.i.i44.exit.i, i26 3216, void %dense_resource_rf_gt_nin_rem0<ap_fixed<20, 10, 5, 3, 0>, ap_fixed<18, 8, 5, 3, 0>, config6_mult>.exit"   --->   Operation 373 'phi' 'acc_3210' <Predicate = true> <Delay = 0.00>
ST_3 : Operation 374 [1/1] (0.00ns)   --->   "%specpipeline_ln136 = specpipeline void @_ssdm_op_SpecPipeline, i32 1, i32 0, i32 0, i32 1, void @empty_5" [firmware/nnet_utils/nnet_dense_resource.h:136]   --->   Operation 374 'specpipeline' 'specpipeline_ln136' <Predicate = true> <Delay = 0.00>
ST_3 : Operation 375 [1/1] (0.00ns)   --->   "%speclooptripcount_ln110 = speclooptripcount void @_ssdm_op_SpecLoopTripCount, i64 1944, i64 1944, i64 1944" [firmware/nnet_utils/nnet_dense_resource.h:110]   --->   Operation 375 'speclooptripcount' 'speclooptripcount_ln110' <Predicate = true> <Delay = 0.00>
ST_3 : Operation 376 [1/1] (0.00ns)   --->   "%specloopname_ln135 = specloopname void @_ssdm_op_SpecLoopName, void @empty_10" [firmware/nnet_utils/nnet_dense_resource.h:135]   --->   Operation 376 'specloopname' 'specloopname_ln135' <Predicate = true> <Delay = 0.00>
ST_3 : Operation 377 [1/1] (2.84ns)   --->   "%tmp_i = sparsemux i26 @_ssdm_op_SparseMux.ap_auto.18i26.i26.i5, i5 0, i26 %acc44, i5 1, i26 %acc_1642, i5 2, i26 %acc_1740, i5 3, i26 %acc_1838, i5 4, i26 %acc_1936, i5 5, i26 %acc_2034, i5 6, i26 %acc_2132, i5 7, i26 %acc_2230, i5 8, i26 %acc_2328, i5 9, i26 %acc_2426, i5 10, i26 %acc_2524, i5 11, i26 %acc_2622, i5 12, i26 %acc_2720, i5 13, i26 %acc_2818, i5 14, i26 %acc_2916, i5 15, i26 %acc_3014, i5 16, i26 %acc_3112, i5 17, i26 %acc_3210, i26 0, i5 %out_index" [firmware/nnet_utils/nnet_dense_resource.h:144]   --->   Operation 377 'sparsemux' 'tmp_i' <Predicate = true> <Delay = 2.84> <CoreInst = "SparseMux">   --->   Core 132 'SparseMux' <Latency = 0> <II = 1> <Delay = 2.84> <FuncUnit> <Opcode : 'sparsemux'> <InPorts = 2> <OutPorts = 1>
ST_3 : Operation 378 [1/1] (0.00ns)   --->   "%sext_ln144 = sext i26 %tmp_i" [firmware/nnet_utils/nnet_dense_resource.h:144]   --->   Operation 378 'sext' 'sext_ln144' <Predicate = true> <Delay = 0.00>
ST_3 : Operation 379 [1/1] (0.00ns)   --->   "%sext_ln144_4 = sext i26 %trunc_ln5" [firmware/nnet_utils/nnet_dense_resource.h:144]   --->   Operation 379 'sext' 'sext_ln144_4' <Predicate = true> <Delay = 0.00>
ST_3 : Operation 380 [1/1] (2.37ns)   --->   "%acc_44 = add i26 %trunc_ln5, i26 %tmp_i" [firmware/nnet_utils/nnet_dense_resource.h:144]   --->   Operation 380 'add' 'acc_44' <Predicate = true> <Delay = 2.37> <CoreInst = "Adder">   --->   Core 1 'Adder' <Latency = 0> <II = 1> <Delay = 2.37> <FuncUnit> <Opcode : 'add' 'sub'> <InPorts = 2> <OutPorts = 1>
ST_3 : Operation 381 [1/1] (2.37ns)   --->   "%sub_ln144 = sub i27 0, i27 %sext_ln144" [firmware/nnet_utils/nnet_dense_resource.h:144]   --->   Operation 381 'sub' 'sub_ln144' <Predicate = true> <Delay = 2.37> <CoreInst = "Adder">   --->   Core 1 'Adder' <Latency = 0> <II = 1> <Delay = 2.37> <FuncUnit> <Opcode : 'add' 'sub'> <InPorts = 2> <OutPorts = 1>
ST_3 : Operation 382 [1/1] (2.40ns)   --->   "%icmp_ln144 = icmp_eq  i27 %sext_ln144_4, i27 %sub_ln144" [firmware/nnet_utils/nnet_dense_resource.h:144]   --->   Operation 382 'icmp' 'icmp_ln144' <Predicate = true> <Delay = 2.40> <CoreInst = "Cmp">   --->   Core 9 'Cmp' <Latency = 0> <II = 1> <Delay = 2.40> <FuncUnit> <Opcode : 'seteq' 'setne' 'setle' 'setge' 'setlt' 'setgt'> <InPorts = 2> <OutPorts = 1>
ST_3 : Operation 383 [1/1] (1.58ns)   --->   "%br_ln144 = br i1 %icmp_ln144, void %if.end.i.i.i, void %if.then.i.i.i" [firmware/nnet_utils/nnet_dense_resource.h:144]   --->   Operation 383 'br' 'br_ln144' <Predicate = true> <Delay = 1.58>
ST_3 : Operation 384 [1/1] (1.89ns)   --->   "%switch_ln144 = switch i5 %out_index, void %V32.i.i27.i.i44.case.1761.i, i5 0, void %V32.i.i27.i.i44.case.044.i, i5 1, void %V32.i.i27.i.i44.case.145.i, i5 2, void %V32.i.i27.i.i44.case.246.i, i5 3, void %V32.i.i27.i.i44.case.347.i, i5 4, void %V32.i.i27.i.i44.case.448.i, i5 5, void %V32.i.i27.i.i44.case.549.i, i5 6, void %V32.i.i27.i.i44.case.650.i, i5 7, void %V32.i.i27.i.i44.case.751.i, i5 8, void %V32.i.i27.i.i44.case.852.i, i5 9, void %V32.i.i27.i.i44.case.953.i, i5 10, void %V32.i.i27.i.i44.case.1054.i, i5 11, void %V32.i.i27.i.i44.case.1155.i, i5 12, void %V32.i.i27.i.i44.case.1256.i, i5 13, void %V32.i.i27.i.i44.case.1357.i, i5 14, void %V32.i.i27.i.i44.case.1458.i, i5 15, void %V32.i.i27.i.i44.case.1559.i, i5 16, void %if.end.i.i.i" [firmware/nnet_utils/nnet_dense_resource.h:144]   --->   Operation 384 'switch' 'switch_ln144' <Predicate = (icmp_ln144)> <Delay = 1.89>
ST_3 : Operation 385 [1/1] (1.58ns)   --->   "%br_ln144 = br void %if.end.i.i.i" [firmware/nnet_utils/nnet_dense_resource.h:144]   --->   Operation 385 'br' 'br_ln144' <Predicate = (icmp_ln144 & out_index == 15)> <Delay = 1.58>
ST_3 : Operation 386 [1/1] (1.58ns)   --->   "%br_ln144 = br void %if.end.i.i.i" [firmware/nnet_utils/nnet_dense_resource.h:144]   --->   Operation 386 'br' 'br_ln144' <Predicate = (icmp_ln144 & out_index == 14)> <Delay = 1.58>
ST_3 : Operation 387 [1/1] (1.58ns)   --->   "%br_ln144 = br void %if.end.i.i.i" [firmware/nnet_utils/nnet_dense_resource.h:144]   --->   Operation 387 'br' 'br_ln144' <Predicate = (icmp_ln144 & out_index == 13)> <Delay = 1.58>
ST_3 : Operation 388 [1/1] (1.58ns)   --->   "%br_ln144 = br void %if.end.i.i.i" [firmware/nnet_utils/nnet_dense_resource.h:144]   --->   Operation 388 'br' 'br_ln144' <Predicate = (icmp_ln144 & out_index == 12)> <Delay = 1.58>
ST_3 : Operation 389 [1/1] (1.58ns)   --->   "%br_ln144 = br void %if.end.i.i.i" [firmware/nnet_utils/nnet_dense_resource.h:144]   --->   Operation 389 'br' 'br_ln144' <Predicate = (icmp_ln144 & out_index == 11)> <Delay = 1.58>
ST_3 : Operation 390 [1/1] (1.58ns)   --->   "%br_ln144 = br void %if.end.i.i.i" [firmware/nnet_utils/nnet_dense_resource.h:144]   --->   Operation 390 'br' 'br_ln144' <Predicate = (icmp_ln144 & out_index == 10)> <Delay = 1.58>
ST_3 : Operation 391 [1/1] (1.58ns)   --->   "%br_ln144 = br void %if.end.i.i.i" [firmware/nnet_utils/nnet_dense_resource.h:144]   --->   Operation 391 'br' 'br_ln144' <Predicate = (icmp_ln144 & out_index == 9)> <Delay = 1.58>
ST_3 : Operation 392 [1/1] (1.58ns)   --->   "%br_ln144 = br void %if.end.i.i.i" [firmware/nnet_utils/nnet_dense_resource.h:144]   --->   Operation 392 'br' 'br_ln144' <Predicate = (icmp_ln144 & out_index == 8)> <Delay = 1.58>
ST_3 : Operation 393 [1/1] (1.58ns)   --->   "%br_ln144 = br void %if.end.i.i.i" [firmware/nnet_utils/nnet_dense_resource.h:144]   --->   Operation 393 'br' 'br_ln144' <Predicate = (icmp_ln144 & out_index == 7)> <Delay = 1.58>
ST_3 : Operation 394 [1/1] (1.58ns)   --->   "%br_ln144 = br void %if.end.i.i.i" [firmware/nnet_utils/nnet_dense_resource.h:144]   --->   Operation 394 'br' 'br_ln144' <Predicate = (icmp_ln144 & out_index == 6)> <Delay = 1.58>
ST_3 : Operation 395 [1/1] (1.58ns)   --->   "%br_ln144 = br void %if.end.i.i.i" [firmware/nnet_utils/nnet_dense_resource.h:144]   --->   Operation 395 'br' 'br_ln144' <Predicate = (icmp_ln144 & out_index == 5)> <Delay = 1.58>
ST_3 : Operation 396 [1/1] (1.58ns)   --->   "%br_ln144 = br void %if.end.i.i.i" [firmware/nnet_utils/nnet_dense_resource.h:144]   --->   Operation 396 'br' 'br_ln144' <Predicate = (icmp_ln144 & out_index == 4)> <Delay = 1.58>
ST_3 : Operation 397 [1/1] (1.58ns)   --->   "%br_ln144 = br void %if.end.i.i.i" [firmware/nnet_utils/nnet_dense_resource.h:144]   --->   Operation 397 'br' 'br_ln144' <Predicate = (icmp_ln144 & out_index == 3)> <Delay = 1.58>
ST_3 : Operation 398 [1/1] (1.58ns)   --->   "%br_ln144 = br void %if.end.i.i.i" [firmware/nnet_utils/nnet_dense_resource.h:144]   --->   Operation 398 'br' 'br_ln144' <Predicate = (icmp_ln144 & out_index == 2)> <Delay = 1.58>
ST_3 : Operation 399 [1/1] (1.58ns)   --->   "%br_ln144 = br void %if.end.i.i.i" [firmware/nnet_utils/nnet_dense_resource.h:144]   --->   Operation 399 'br' 'br_ln144' <Predicate = (icmp_ln144 & out_index == 1)> <Delay = 1.58>
ST_3 : Operation 400 [1/1] (1.58ns)   --->   "%br_ln144 = br void %if.end.i.i.i" [firmware/nnet_utils/nnet_dense_resource.h:144]   --->   Operation 400 'br' 'br_ln144' <Predicate = (icmp_ln144 & out_index == 0)> <Delay = 1.58>
ST_3 : Operation 401 [1/1] (1.58ns)   --->   "%br_ln144 = br void %if.end.i.i.i" [firmware/nnet_utils/nnet_dense_resource.h:144]   --->   Operation 401 'br' 'br_ln144' <Predicate = (icmp_ln144 & out_index != 0 & out_index != 1 & out_index != 2 & out_index != 3 & out_index != 4 & out_index != 5 & out_index != 6 & out_index != 7 & out_index != 8 & out_index != 9 & out_index != 10 & out_index != 11 & out_index != 12 & out_index != 13 & out_index != 14 & out_index != 15 & out_index != 16)> <Delay = 1.58>
ST_3 : Operation 402 [1/1] (0.00ns)   --->   "%acc_43 = phi i26 0, void %V32.i.i27.i.i44.case.1761.i, i26 %acc_3210, void %V32.i.i27.i.i44.case.1559.i, i26 %acc_3210, void %V32.i.i27.i.i44.case.1458.i, i26 %acc_3210, void %V32.i.i27.i.i44.case.1357.i, i26 %acc_3210, void %V32.i.i27.i.i44.case.1256.i, i26 %acc_3210, void %V32.i.i27.i.i44.case.1155.i, i26 %acc_3210, void %V32.i.i27.i.i44.case.1054.i, i26 %acc_3210, void %V32.i.i27.i.i44.case.953.i, i26 %acc_3210, void %V32.i.i27.i.i44.case.852.i, i26 %acc_3210, void %V32.i.i27.i.i44.case.751.i, i26 %acc_3210, void %V32.i.i27.i.i44.case.650.i, i26 %acc_3210, void %V32.i.i27.i.i44.case.549.i, i26 %acc_3210, void %V32.i.i27.i.i44.case.448.i, i26 %acc_3210, void %V32.i.i27.i.i44.case.347.i, i26 %acc_3210, void %V32.i.i27.i.i44.case.246.i, i26 %acc_3210, void %V32.i.i27.i.i44.case.145.i, i26 %acc_3210, void %V32.i.i27.i.i44.case.044.i, i26 %acc_3210, void %MultLoop.split.i, i26 %acc_3210, void %if.then.i.i.i" [firmware/nnet_utils/nnet_dense_resource.h:144]   --->   Operation 402 'phi' 'acc_43' <Predicate = true> <Delay = 0.00>
ST_3 : Operation 403 [1/1] (0.00ns)   --->   "%acc_42 = phi i26 %acc_3112, void %V32.i.i27.i.i44.case.1761.i, i26 %acc_3112, void %V32.i.i27.i.i44.case.1559.i, i26 %acc_3112, void %V32.i.i27.i.i44.case.1458.i, i26 %acc_3112, void %V32.i.i27.i.i44.case.1357.i, i26 %acc_3112, void %V32.i.i27.i.i44.case.1256.i, i26 %acc_3112, void %V32.i.i27.i.i44.case.1155.i, i26 %acc_3112, void %V32.i.i27.i.i44.case.1054.i, i26 %acc_3112, void %V32.i.i27.i.i44.case.953.i, i26 %acc_3112, void %V32.i.i27.i.i44.case.852.i, i26 %acc_3112, void %V32.i.i27.i.i44.case.751.i, i26 %acc_3112, void %V32.i.i27.i.i44.case.650.i, i26 %acc_3112, void %V32.i.i27.i.i44.case.549.i, i26 %acc_3112, void %V32.i.i27.i.i44.case.448.i, i26 %acc_3112, void %V32.i.i27.i.i44.case.347.i, i26 %acc_3112, void %V32.i.i27.i.i44.case.246.i, i26 %acc_3112, void %V32.i.i27.i.i44.case.145.i, i26 %acc_3112, void %V32.i.i27.i.i44.case.044.i, i26 %acc_3112, void %MultLoop.split.i, i26 0, void %if.then.i.i.i" [firmware/nnet_utils/nnet_dense_resource.h:144]   --->   Operation 403 'phi' 'acc_42' <Predicate = true> <Delay = 0.00>
ST_3 : Operation 404 [1/1] (0.00ns)   --->   "%acc_41 = phi i26 %acc_3014, void %V32.i.i27.i.i44.case.1761.i, i26 0, void %V32.i.i27.i.i44.case.1559.i, i26 %acc_3014, void %V32.i.i27.i.i44.case.1458.i, i26 %acc_3014, void %V32.i.i27.i.i44.case.1357.i, i26 %acc_3014, void %V32.i.i27.i.i44.case.1256.i, i26 %acc_3014, void %V32.i.i27.i.i44.case.1155.i, i26 %acc_3014, void %V32.i.i27.i.i44.case.1054.i, i26 %acc_3014, void %V32.i.i27.i.i44.case.953.i, i26 %acc_3014, void %V32.i.i27.i.i44.case.852.i, i26 %acc_3014, void %V32.i.i27.i.i44.case.751.i, i26 %acc_3014, void %V32.i.i27.i.i44.case.650.i, i26 %acc_3014, void %V32.i.i27.i.i44.case.549.i, i26 %acc_3014, void %V32.i.i27.i.i44.case.448.i, i26 %acc_3014, void %V32.i.i27.i.i44.case.347.i, i26 %acc_3014, void %V32.i.i27.i.i44.case.246.i, i26 %acc_3014, void %V32.i.i27.i.i44.case.145.i, i26 %acc_3014, void %V32.i.i27.i.i44.case.044.i, i26 %acc_3014, void %MultLoop.split.i, i26 %acc_3014, void %if.then.i.i.i" [firmware/nnet_utils/nnet_dense_resource.h:144]   --->   Operation 404 'phi' 'acc_41' <Predicate = true> <Delay = 0.00>
ST_3 : Operation 405 [1/1] (0.00ns)   --->   "%acc_40 = phi i26 %acc_2916, void %V32.i.i27.i.i44.case.1761.i, i26 %acc_2916, void %V32.i.i27.i.i44.case.1559.i, i26 0, void %V32.i.i27.i.i44.case.1458.i, i26 %acc_2916, void %V32.i.i27.i.i44.case.1357.i, i26 %acc_2916, void %V32.i.i27.i.i44.case.1256.i, i26 %acc_2916, void %V32.i.i27.i.i44.case.1155.i, i26 %acc_2916, void %V32.i.i27.i.i44.case.1054.i, i26 %acc_2916, void %V32.i.i27.i.i44.case.953.i, i26 %acc_2916, void %V32.i.i27.i.i44.case.852.i, i26 %acc_2916, void %V32.i.i27.i.i44.case.751.i, i26 %acc_2916, void %V32.i.i27.i.i44.case.650.i, i26 %acc_2916, void %V32.i.i27.i.i44.case.549.i, i26 %acc_2916, void %V32.i.i27.i.i44.case.448.i, i26 %acc_2916, void %V32.i.i27.i.i44.case.347.i, i26 %acc_2916, void %V32.i.i27.i.i44.case.246.i, i26 %acc_2916, void %V32.i.i27.i.i44.case.145.i, i26 %acc_2916, void %V32.i.i27.i.i44.case.044.i, i26 %acc_2916, void %MultLoop.split.i, i26 %acc_2916, void %if.then.i.i.i" [firmware/nnet_utils/nnet_dense_resource.h:144]   --->   Operation 405 'phi' 'acc_40' <Predicate = true> <Delay = 0.00>
ST_3 : Operation 406 [1/1] (0.00ns)   --->   "%acc_39 = phi i26 %acc_2818, void %V32.i.i27.i.i44.case.1761.i, i26 %acc_2818, void %V32.i.i27.i.i44.case.1559.i, i26 %acc_2818, void %V32.i.i27.i.i44.case.1458.i, i26 0, void %V32.i.i27.i.i44.case.1357.i, i26 %acc_2818, void %V32.i.i27.i.i44.case.1256.i, i26 %acc_2818, void %V32.i.i27.i.i44.case.1155.i, i26 %acc_2818, void %V32.i.i27.i.i44.case.1054.i, i26 %acc_2818, void %V32.i.i27.i.i44.case.953.i, i26 %acc_2818, void %V32.i.i27.i.i44.case.852.i, i26 %acc_2818, void %V32.i.i27.i.i44.case.751.i, i26 %acc_2818, void %V32.i.i27.i.i44.case.650.i, i26 %acc_2818, void %V32.i.i27.i.i44.case.549.i, i26 %acc_2818, void %V32.i.i27.i.i44.case.448.i, i26 %acc_2818, void %V32.i.i27.i.i44.case.347.i, i26 %acc_2818, void %V32.i.i27.i.i44.case.246.i, i26 %acc_2818, void %V32.i.i27.i.i44.case.145.i, i26 %acc_2818, void %V32.i.i27.i.i44.case.044.i, i26 %acc_2818, void %MultLoop.split.i, i26 %acc_2818, void %if.then.i.i.i" [firmware/nnet_utils/nnet_dense_resource.h:144]   --->   Operation 406 'phi' 'acc_39' <Predicate = true> <Delay = 0.00>
ST_3 : Operation 407 [1/1] (0.00ns)   --->   "%acc_38 = phi i26 %acc_2720, void %V32.i.i27.i.i44.case.1761.i, i26 %acc_2720, void %V32.i.i27.i.i44.case.1559.i, i26 %acc_2720, void %V32.i.i27.i.i44.case.1458.i, i26 %acc_2720, void %V32.i.i27.i.i44.case.1357.i, i26 0, void %V32.i.i27.i.i44.case.1256.i, i26 %acc_2720, void %V32.i.i27.i.i44.case.1155.i, i26 %acc_2720, void %V32.i.i27.i.i44.case.1054.i, i26 %acc_2720, void %V32.i.i27.i.i44.case.953.i, i26 %acc_2720, void %V32.i.i27.i.i44.case.852.i, i26 %acc_2720, void %V32.i.i27.i.i44.case.751.i, i26 %acc_2720, void %V32.i.i27.i.i44.case.650.i, i26 %acc_2720, void %V32.i.i27.i.i44.case.549.i, i26 %acc_2720, void %V32.i.i27.i.i44.case.448.i, i26 %acc_2720, void %V32.i.i27.i.i44.case.347.i, i26 %acc_2720, void %V32.i.i27.i.i44.case.246.i, i26 %acc_2720, void %V32.i.i27.i.i44.case.145.i, i26 %acc_2720, void %V32.i.i27.i.i44.case.044.i, i26 %acc_2720, void %MultLoop.split.i, i26 %acc_2720, void %if.then.i.i.i" [firmware/nnet_utils/nnet_dense_resource.h:144]   --->   Operation 407 'phi' 'acc_38' <Predicate = true> <Delay = 0.00>
ST_3 : Operation 408 [1/1] (0.00ns)   --->   "%acc_37 = phi i26 %acc_2622, void %V32.i.i27.i.i44.case.1761.i, i26 %acc_2622, void %V32.i.i27.i.i44.case.1559.i, i26 %acc_2622, void %V32.i.i27.i.i44.case.1458.i, i26 %acc_2622, void %V32.i.i27.i.i44.case.1357.i, i26 %acc_2622, void %V32.i.i27.i.i44.case.1256.i, i26 0, void %V32.i.i27.i.i44.case.1155.i, i26 %acc_2622, void %V32.i.i27.i.i44.case.1054.i, i26 %acc_2622, void %V32.i.i27.i.i44.case.953.i, i26 %acc_2622, void %V32.i.i27.i.i44.case.852.i, i26 %acc_2622, void %V32.i.i27.i.i44.case.751.i, i26 %acc_2622, void %V32.i.i27.i.i44.case.650.i, i26 %acc_2622, void %V32.i.i27.i.i44.case.549.i, i26 %acc_2622, void %V32.i.i27.i.i44.case.448.i, i26 %acc_2622, void %V32.i.i27.i.i44.case.347.i, i26 %acc_2622, void %V32.i.i27.i.i44.case.246.i, i26 %acc_2622, void %V32.i.i27.i.i44.case.145.i, i26 %acc_2622, void %V32.i.i27.i.i44.case.044.i, i26 %acc_2622, void %MultLoop.split.i, i26 %acc_2622, void %if.then.i.i.i" [firmware/nnet_utils/nnet_dense_resource.h:144]   --->   Operation 408 'phi' 'acc_37' <Predicate = true> <Delay = 0.00>
ST_3 : Operation 409 [1/1] (0.00ns)   --->   "%acc_36 = phi i26 %acc_2524, void %V32.i.i27.i.i44.case.1761.i, i26 %acc_2524, void %V32.i.i27.i.i44.case.1559.i, i26 %acc_2524, void %V32.i.i27.i.i44.case.1458.i, i26 %acc_2524, void %V32.i.i27.i.i44.case.1357.i, i26 %acc_2524, void %V32.i.i27.i.i44.case.1256.i, i26 %acc_2524, void %V32.i.i27.i.i44.case.1155.i, i26 0, void %V32.i.i27.i.i44.case.1054.i, i26 %acc_2524, void %V32.i.i27.i.i44.case.953.i, i26 %acc_2524, void %V32.i.i27.i.i44.case.852.i, i26 %acc_2524, void %V32.i.i27.i.i44.case.751.i, i26 %acc_2524, void %V32.i.i27.i.i44.case.650.i, i26 %acc_2524, void %V32.i.i27.i.i44.case.549.i, i26 %acc_2524, void %V32.i.i27.i.i44.case.448.i, i26 %acc_2524, void %V32.i.i27.i.i44.case.347.i, i26 %acc_2524, void %V32.i.i27.i.i44.case.246.i, i26 %acc_2524, void %V32.i.i27.i.i44.case.145.i, i26 %acc_2524, void %V32.i.i27.i.i44.case.044.i, i26 %acc_2524, void %MultLoop.split.i, i26 %acc_2524, void %if.then.i.i.i" [firmware/nnet_utils/nnet_dense_resource.h:144]   --->   Operation 409 'phi' 'acc_36' <Predicate = true> <Delay = 0.00>
ST_3 : Operation 410 [1/1] (0.00ns)   --->   "%acc_35 = phi i26 %acc_2426, void %V32.i.i27.i.i44.case.1761.i, i26 %acc_2426, void %V32.i.i27.i.i44.case.1559.i, i26 %acc_2426, void %V32.i.i27.i.i44.case.1458.i, i26 %acc_2426, void %V32.i.i27.i.i44.case.1357.i, i26 %acc_2426, void %V32.i.i27.i.i44.case.1256.i, i26 %acc_2426, void %V32.i.i27.i.i44.case.1155.i, i26 %acc_2426, void %V32.i.i27.i.i44.case.1054.i, i26 0, void %V32.i.i27.i.i44.case.953.i, i26 %acc_2426, void %V32.i.i27.i.i44.case.852.i, i26 %acc_2426, void %V32.i.i27.i.i44.case.751.i, i26 %acc_2426, void %V32.i.i27.i.i44.case.650.i, i26 %acc_2426, void %V32.i.i27.i.i44.case.549.i, i26 %acc_2426, void %V32.i.i27.i.i44.case.448.i, i26 %acc_2426, void %V32.i.i27.i.i44.case.347.i, i26 %acc_2426, void %V32.i.i27.i.i44.case.246.i, i26 %acc_2426, void %V32.i.i27.i.i44.case.145.i, i26 %acc_2426, void %V32.i.i27.i.i44.case.044.i, i26 %acc_2426, void %MultLoop.split.i, i26 %acc_2426, void %if.then.i.i.i" [firmware/nnet_utils/nnet_dense_resource.h:144]   --->   Operation 410 'phi' 'acc_35' <Predicate = true> <Delay = 0.00>
ST_3 : Operation 411 [1/1] (0.00ns)   --->   "%acc_34 = phi i26 %acc_2328, void %V32.i.i27.i.i44.case.1761.i, i26 %acc_2328, void %V32.i.i27.i.i44.case.1559.i, i26 %acc_2328, void %V32.i.i27.i.i44.case.1458.i, i26 %acc_2328, void %V32.i.i27.i.i44.case.1357.i, i26 %acc_2328, void %V32.i.i27.i.i44.case.1256.i, i26 %acc_2328, void %V32.i.i27.i.i44.case.1155.i, i26 %acc_2328, void %V32.i.i27.i.i44.case.1054.i, i26 %acc_2328, void %V32.i.i27.i.i44.case.953.i, i26 0, void %V32.i.i27.i.i44.case.852.i, i26 %acc_2328, void %V32.i.i27.i.i44.case.751.i, i26 %acc_2328, void %V32.i.i27.i.i44.case.650.i, i26 %acc_2328, void %V32.i.i27.i.i44.case.549.i, i26 %acc_2328, void %V32.i.i27.i.i44.case.448.i, i26 %acc_2328, void %V32.i.i27.i.i44.case.347.i, i26 %acc_2328, void %V32.i.i27.i.i44.case.246.i, i26 %acc_2328, void %V32.i.i27.i.i44.case.145.i, i26 %acc_2328, void %V32.i.i27.i.i44.case.044.i, i26 %acc_2328, void %MultLoop.split.i, i26 %acc_2328, void %if.then.i.i.i" [firmware/nnet_utils/nnet_dense_resource.h:144]   --->   Operation 411 'phi' 'acc_34' <Predicate = true> <Delay = 0.00>
ST_3 : Operation 412 [1/1] (0.00ns)   --->   "%acc_33 = phi i26 %acc_2230, void %V32.i.i27.i.i44.case.1761.i, i26 %acc_2230, void %V32.i.i27.i.i44.case.1559.i, i26 %acc_2230, void %V32.i.i27.i.i44.case.1458.i, i26 %acc_2230, void %V32.i.i27.i.i44.case.1357.i, i26 %acc_2230, void %V32.i.i27.i.i44.case.1256.i, i26 %acc_2230, void %V32.i.i27.i.i44.case.1155.i, i26 %acc_2230, void %V32.i.i27.i.i44.case.1054.i, i26 %acc_2230, void %V32.i.i27.i.i44.case.953.i, i26 %acc_2230, void %V32.i.i27.i.i44.case.852.i, i26 0, void %V32.i.i27.i.i44.case.751.i, i26 %acc_2230, void %V32.i.i27.i.i44.case.650.i, i26 %acc_2230, void %V32.i.i27.i.i44.case.549.i, i26 %acc_2230, void %V32.i.i27.i.i44.case.448.i, i26 %acc_2230, void %V32.i.i27.i.i44.case.347.i, i26 %acc_2230, void %V32.i.i27.i.i44.case.246.i, i26 %acc_2230, void %V32.i.i27.i.i44.case.145.i, i26 %acc_2230, void %V32.i.i27.i.i44.case.044.i, i26 %acc_2230, void %MultLoop.split.i, i26 %acc_2230, void %if.then.i.i.i" [firmware/nnet_utils/nnet_dense_resource.h:144]   --->   Operation 412 'phi' 'acc_33' <Predicate = true> <Delay = 0.00>
ST_3 : Operation 413 [1/1] (0.00ns)   --->   "%acc_32 = phi i26 %acc_2132, void %V32.i.i27.i.i44.case.1761.i, i26 %acc_2132, void %V32.i.i27.i.i44.case.1559.i, i26 %acc_2132, void %V32.i.i27.i.i44.case.1458.i, i26 %acc_2132, void %V32.i.i27.i.i44.case.1357.i, i26 %acc_2132, void %V32.i.i27.i.i44.case.1256.i, i26 %acc_2132, void %V32.i.i27.i.i44.case.1155.i, i26 %acc_2132, void %V32.i.i27.i.i44.case.1054.i, i26 %acc_2132, void %V32.i.i27.i.i44.case.953.i, i26 %acc_2132, void %V32.i.i27.i.i44.case.852.i, i26 %acc_2132, void %V32.i.i27.i.i44.case.751.i, i26 0, void %V32.i.i27.i.i44.case.650.i, i26 %acc_2132, void %V32.i.i27.i.i44.case.549.i, i26 %acc_2132, void %V32.i.i27.i.i44.case.448.i, i26 %acc_2132, void %V32.i.i27.i.i44.case.347.i, i26 %acc_2132, void %V32.i.i27.i.i44.case.246.i, i26 %acc_2132, void %V32.i.i27.i.i44.case.145.i, i26 %acc_2132, void %V32.i.i27.i.i44.case.044.i, i26 %acc_2132, void %MultLoop.split.i, i26 %acc_2132, void %if.then.i.i.i" [firmware/nnet_utils/nnet_dense_resource.h:144]   --->   Operation 413 'phi' 'acc_32' <Predicate = true> <Delay = 0.00>
ST_3 : Operation 414 [1/1] (0.00ns)   --->   "%acc_31 = phi i26 %acc_2034, void %V32.i.i27.i.i44.case.1761.i, i26 %acc_2034, void %V32.i.i27.i.i44.case.1559.i, i26 %acc_2034, void %V32.i.i27.i.i44.case.1458.i, i26 %acc_2034, void %V32.i.i27.i.i44.case.1357.i, i26 %acc_2034, void %V32.i.i27.i.i44.case.1256.i, i26 %acc_2034, void %V32.i.i27.i.i44.case.1155.i, i26 %acc_2034, void %V32.i.i27.i.i44.case.1054.i, i26 %acc_2034, void %V32.i.i27.i.i44.case.953.i, i26 %acc_2034, void %V32.i.i27.i.i44.case.852.i, i26 %acc_2034, void %V32.i.i27.i.i44.case.751.i, i26 %acc_2034, void %V32.i.i27.i.i44.case.650.i, i26 0, void %V32.i.i27.i.i44.case.549.i, i26 %acc_2034, void %V32.i.i27.i.i44.case.448.i, i26 %acc_2034, void %V32.i.i27.i.i44.case.347.i, i26 %acc_2034, void %V32.i.i27.i.i44.case.246.i, i26 %acc_2034, void %V32.i.i27.i.i44.case.145.i, i26 %acc_2034, void %V32.i.i27.i.i44.case.044.i, i26 %acc_2034, void %MultLoop.split.i, i26 %acc_2034, void %if.then.i.i.i" [firmware/nnet_utils/nnet_dense_resource.h:144]   --->   Operation 414 'phi' 'acc_31' <Predicate = true> <Delay = 0.00>
ST_3 : Operation 415 [1/1] (0.00ns)   --->   "%acc_30 = phi i26 %acc_1936, void %V32.i.i27.i.i44.case.1761.i, i26 %acc_1936, void %V32.i.i27.i.i44.case.1559.i, i26 %acc_1936, void %V32.i.i27.i.i44.case.1458.i, i26 %acc_1936, void %V32.i.i27.i.i44.case.1357.i, i26 %acc_1936, void %V32.i.i27.i.i44.case.1256.i, i26 %acc_1936, void %V32.i.i27.i.i44.case.1155.i, i26 %acc_1936, void %V32.i.i27.i.i44.case.1054.i, i26 %acc_1936, void %V32.i.i27.i.i44.case.953.i, i26 %acc_1936, void %V32.i.i27.i.i44.case.852.i, i26 %acc_1936, void %V32.i.i27.i.i44.case.751.i, i26 %acc_1936, void %V32.i.i27.i.i44.case.650.i, i26 %acc_1936, void %V32.i.i27.i.i44.case.549.i, i26 0, void %V32.i.i27.i.i44.case.448.i, i26 %acc_1936, void %V32.i.i27.i.i44.case.347.i, i26 %acc_1936, void %V32.i.i27.i.i44.case.246.i, i26 %acc_1936, void %V32.i.i27.i.i44.case.145.i, i26 %acc_1936, void %V32.i.i27.i.i44.case.044.i, i26 %acc_1936, void %MultLoop.split.i, i26 %acc_1936, void %if.then.i.i.i" [firmware/nnet_utils/nnet_dense_resource.h:144]   --->   Operation 415 'phi' 'acc_30' <Predicate = true> <Delay = 0.00>
ST_3 : Operation 416 [1/1] (0.00ns)   --->   "%acc_29 = phi i26 %acc_1838, void %V32.i.i27.i.i44.case.1761.i, i26 %acc_1838, void %V32.i.i27.i.i44.case.1559.i, i26 %acc_1838, void %V32.i.i27.i.i44.case.1458.i, i26 %acc_1838, void %V32.i.i27.i.i44.case.1357.i, i26 %acc_1838, void %V32.i.i27.i.i44.case.1256.i, i26 %acc_1838, void %V32.i.i27.i.i44.case.1155.i, i26 %acc_1838, void %V32.i.i27.i.i44.case.1054.i, i26 %acc_1838, void %V32.i.i27.i.i44.case.953.i, i26 %acc_1838, void %V32.i.i27.i.i44.case.852.i, i26 %acc_1838, void %V32.i.i27.i.i44.case.751.i, i26 %acc_1838, void %V32.i.i27.i.i44.case.650.i, i26 %acc_1838, void %V32.i.i27.i.i44.case.549.i, i26 %acc_1838, void %V32.i.i27.i.i44.case.448.i, i26 0, void %V32.i.i27.i.i44.case.347.i, i26 %acc_1838, void %V32.i.i27.i.i44.case.246.i, i26 %acc_1838, void %V32.i.i27.i.i44.case.145.i, i26 %acc_1838, void %V32.i.i27.i.i44.case.044.i, i26 %acc_1838, void %MultLoop.split.i, i26 %acc_1838, void %if.then.i.i.i" [firmware/nnet_utils/nnet_dense_resource.h:144]   --->   Operation 416 'phi' 'acc_29' <Predicate = true> <Delay = 0.00>
ST_3 : Operation 417 [1/1] (0.00ns)   --->   "%acc_28 = phi i26 %acc_1740, void %V32.i.i27.i.i44.case.1761.i, i26 %acc_1740, void %V32.i.i27.i.i44.case.1559.i, i26 %acc_1740, void %V32.i.i27.i.i44.case.1458.i, i26 %acc_1740, void %V32.i.i27.i.i44.case.1357.i, i26 %acc_1740, void %V32.i.i27.i.i44.case.1256.i, i26 %acc_1740, void %V32.i.i27.i.i44.case.1155.i, i26 %acc_1740, void %V32.i.i27.i.i44.case.1054.i, i26 %acc_1740, void %V32.i.i27.i.i44.case.953.i, i26 %acc_1740, void %V32.i.i27.i.i44.case.852.i, i26 %acc_1740, void %V32.i.i27.i.i44.case.751.i, i26 %acc_1740, void %V32.i.i27.i.i44.case.650.i, i26 %acc_1740, void %V32.i.i27.i.i44.case.549.i, i26 %acc_1740, void %V32.i.i27.i.i44.case.448.i, i26 %acc_1740, void %V32.i.i27.i.i44.case.347.i, i26 0, void %V32.i.i27.i.i44.case.246.i, i26 %acc_1740, void %V32.i.i27.i.i44.case.145.i, i26 %acc_1740, void %V32.i.i27.i.i44.case.044.i, i26 %acc_1740, void %MultLoop.split.i, i26 %acc_1740, void %if.then.i.i.i" [firmware/nnet_utils/nnet_dense_resource.h:144]   --->   Operation 417 'phi' 'acc_28' <Predicate = true> <Delay = 0.00>
ST_3 : Operation 418 [1/1] (0.00ns)   --->   "%acc_27 = phi i26 %acc_1642, void %V32.i.i27.i.i44.case.1761.i, i26 %acc_1642, void %V32.i.i27.i.i44.case.1559.i, i26 %acc_1642, void %V32.i.i27.i.i44.case.1458.i, i26 %acc_1642, void %V32.i.i27.i.i44.case.1357.i, i26 %acc_1642, void %V32.i.i27.i.i44.case.1256.i, i26 %acc_1642, void %V32.i.i27.i.i44.case.1155.i, i26 %acc_1642, void %V32.i.i27.i.i44.case.1054.i, i26 %acc_1642, void %V32.i.i27.i.i44.case.953.i, i26 %acc_1642, void %V32.i.i27.i.i44.case.852.i, i26 %acc_1642, void %V32.i.i27.i.i44.case.751.i, i26 %acc_1642, void %V32.i.i27.i.i44.case.650.i, i26 %acc_1642, void %V32.i.i27.i.i44.case.549.i, i26 %acc_1642, void %V32.i.i27.i.i44.case.448.i, i26 %acc_1642, void %V32.i.i27.i.i44.case.347.i, i26 %acc_1642, void %V32.i.i27.i.i44.case.246.i, i26 0, void %V32.i.i27.i.i44.case.145.i, i26 %acc_1642, void %V32.i.i27.i.i44.case.044.i, i26 %acc_1642, void %MultLoop.split.i, i26 %acc_1642, void %if.then.i.i.i" [firmware/nnet_utils/nnet_dense_resource.h:144]   --->   Operation 418 'phi' 'acc_27' <Predicate = true> <Delay = 0.00>
ST_3 : Operation 419 [1/1] (0.00ns)   --->   "%acc_26 = phi i26 %acc44, void %V32.i.i27.i.i44.case.1761.i, i26 %acc44, void %V32.i.i27.i.i44.case.1559.i, i26 %acc44, void %V32.i.i27.i.i44.case.1458.i, i26 %acc44, void %V32.i.i27.i.i44.case.1357.i, i26 %acc44, void %V32.i.i27.i.i44.case.1256.i, i26 %acc44, void %V32.i.i27.i.i44.case.1155.i, i26 %acc44, void %V32.i.i27.i.i44.case.1054.i, i26 %acc44, void %V32.i.i27.i.i44.case.953.i, i26 %acc44, void %V32.i.i27.i.i44.case.852.i, i26 %acc44, void %V32.i.i27.i.i44.case.751.i, i26 %acc44, void %V32.i.i27.i.i44.case.650.i, i26 %acc44, void %V32.i.i27.i.i44.case.549.i, i26 %acc44, void %V32.i.i27.i.i44.case.448.i, i26 %acc44, void %V32.i.i27.i.i44.case.347.i, i26 %acc44, void %V32.i.i27.i.i44.case.246.i, i26 %acc44, void %V32.i.i27.i.i44.case.145.i, i26 0, void %V32.i.i27.i.i44.case.044.i, i26 %acc44, void %MultLoop.split.i, i26 %acc44, void %if.then.i.i.i" [firmware/nnet_utils/nnet_dense_resource.h:144]   --->   Operation 419 'phi' 'acc_26' <Predicate = true> <Delay = 0.00>
ST_3 : Operation 420 [1/1] (1.89ns)   --->   "%switch_ln144 = switch i5 %out_index, void %V32.i.i27.i.i44.case.17.i, i5 0, void %V32.i.i27.i.i44.case.0.i, i5 1, void %V32.i.i27.i.i44.case.1.i, i5 2, void %V32.i.i27.i.i44.case.2.i, i5 3, void %V32.i.i27.i.i44.case.3.i, i5 4, void %V32.i.i27.i.i44.case.4.i, i5 5, void %V32.i.i27.i.i44.case.5.i, i5 6, void %V32.i.i27.i.i44.case.6.i, i5 7, void %V32.i.i27.i.i44.case.7.i, i5 8, void %V32.i.i27.i.i44.case.8.i, i5 9, void %V32.i.i27.i.i44.case.9.i, i5 10, void %V32.i.i27.i.i44.case.10.i, i5 11, void %V32.i.i27.i.i44.case.11.i, i5 12, void %V32.i.i27.i.i44.case.12.i, i5 13, void %V32.i.i27.i.i44.case.13.i, i5 14, void %V32.i.i27.i.i44.case.14.i, i5 15, void %V32.i.i27.i.i44.case.15.i, i5 16, void %V32.i.i27.i.i44.exit.i" [firmware/nnet_utils/nnet_dense_resource.h:144]   --->   Operation 420 'switch' 'switch_ln144' <Predicate = true> <Delay = 1.89>
ST_3 : Operation 421 [1/1] (1.58ns)   --->   "%br_ln144 = br void %V32.i.i27.i.i44.exit.i" [firmware/nnet_utils/nnet_dense_resource.h:144]   --->   Operation 421 'br' 'br_ln144' <Predicate = (out_index == 15)> <Delay = 1.58>
ST_3 : Operation 422 [1/1] (1.58ns)   --->   "%br_ln144 = br void %V32.i.i27.i.i44.exit.i" [firmware/nnet_utils/nnet_dense_resource.h:144]   --->   Operation 422 'br' 'br_ln144' <Predicate = (out_index == 14)> <Delay = 1.58>
ST_3 : Operation 423 [1/1] (1.58ns)   --->   "%br_ln144 = br void %V32.i.i27.i.i44.exit.i" [firmware/nnet_utils/nnet_dense_resource.h:144]   --->   Operation 423 'br' 'br_ln144' <Predicate = (out_index == 13)> <Delay = 1.58>
ST_3 : Operation 424 [1/1] (1.58ns)   --->   "%br_ln144 = br void %V32.i.i27.i.i44.exit.i" [firmware/nnet_utils/nnet_dense_resource.h:144]   --->   Operation 424 'br' 'br_ln144' <Predicate = (out_index == 12)> <Delay = 1.58>
ST_3 : Operation 425 [1/1] (1.58ns)   --->   "%br_ln144 = br void %V32.i.i27.i.i44.exit.i" [firmware/nnet_utils/nnet_dense_resource.h:144]   --->   Operation 425 'br' 'br_ln144' <Predicate = (out_index == 11)> <Delay = 1.58>
ST_3 : Operation 426 [1/1] (1.58ns)   --->   "%br_ln144 = br void %V32.i.i27.i.i44.exit.i" [firmware/nnet_utils/nnet_dense_resource.h:144]   --->   Operation 426 'br' 'br_ln144' <Predicate = (out_index == 10)> <Delay = 1.58>
ST_3 : Operation 427 [1/1] (1.58ns)   --->   "%br_ln144 = br void %V32.i.i27.i.i44.exit.i" [firmware/nnet_utils/nnet_dense_resource.h:144]   --->   Operation 427 'br' 'br_ln144' <Predicate = (out_index == 9)> <Delay = 1.58>
ST_3 : Operation 428 [1/1] (1.58ns)   --->   "%br_ln144 = br void %V32.i.i27.i.i44.exit.i" [firmware/nnet_utils/nnet_dense_resource.h:144]   --->   Operation 428 'br' 'br_ln144' <Predicate = (out_index == 8)> <Delay = 1.58>
ST_3 : Operation 429 [1/1] (1.58ns)   --->   "%br_ln144 = br void %V32.i.i27.i.i44.exit.i" [firmware/nnet_utils/nnet_dense_resource.h:144]   --->   Operation 429 'br' 'br_ln144' <Predicate = (out_index == 7)> <Delay = 1.58>
ST_3 : Operation 430 [1/1] (1.58ns)   --->   "%br_ln144 = br void %V32.i.i27.i.i44.exit.i" [firmware/nnet_utils/nnet_dense_resource.h:144]   --->   Operation 430 'br' 'br_ln144' <Predicate = (out_index == 6)> <Delay = 1.58>
ST_3 : Operation 431 [1/1] (1.58ns)   --->   "%br_ln144 = br void %V32.i.i27.i.i44.exit.i" [firmware/nnet_utils/nnet_dense_resource.h:144]   --->   Operation 431 'br' 'br_ln144' <Predicate = (out_index == 5)> <Delay = 1.58>
ST_3 : Operation 432 [1/1] (1.58ns)   --->   "%br_ln144 = br void %V32.i.i27.i.i44.exit.i" [firmware/nnet_utils/nnet_dense_resource.h:144]   --->   Operation 432 'br' 'br_ln144' <Predicate = (out_index == 4)> <Delay = 1.58>
ST_3 : Operation 433 [1/1] (1.58ns)   --->   "%br_ln144 = br void %V32.i.i27.i.i44.exit.i" [firmware/nnet_utils/nnet_dense_resource.h:144]   --->   Operation 433 'br' 'br_ln144' <Predicate = (out_index == 3)> <Delay = 1.58>
ST_3 : Operation 434 [1/1] (1.58ns)   --->   "%br_ln144 = br void %V32.i.i27.i.i44.exit.i" [firmware/nnet_utils/nnet_dense_resource.h:144]   --->   Operation 434 'br' 'br_ln144' <Predicate = (out_index == 2)> <Delay = 1.58>
ST_3 : Operation 435 [1/1] (1.58ns)   --->   "%br_ln144 = br void %V32.i.i27.i.i44.exit.i" [firmware/nnet_utils/nnet_dense_resource.h:144]   --->   Operation 435 'br' 'br_ln144' <Predicate = (out_index == 1)> <Delay = 1.58>
ST_3 : Operation 436 [1/1] (1.58ns)   --->   "%br_ln144 = br void %V32.i.i27.i.i44.exit.i" [firmware/nnet_utils/nnet_dense_resource.h:144]   --->   Operation 436 'br' 'br_ln144' <Predicate = (out_index == 0)> <Delay = 1.58>
ST_3 : Operation 437 [1/1] (1.58ns)   --->   "%br_ln144 = br void %V32.i.i27.i.i44.exit.i" [firmware/nnet_utils/nnet_dense_resource.h:144]   --->   Operation 437 'br' 'br_ln144' <Predicate = (out_index != 0 & out_index != 1 & out_index != 2 & out_index != 3 & out_index != 4 & out_index != 5 & out_index != 6 & out_index != 7 & out_index != 8 & out_index != 9 & out_index != 10 & out_index != 11 & out_index != 12 & out_index != 13 & out_index != 14 & out_index != 15 & out_index != 16)> <Delay = 1.58>
ST_3 : Operation 438 [1/1] (0.00ns)   --->   "%acc_25 = phi i26 %acc_44, void %V32.i.i27.i.i44.case.17.i, i26 %acc_43, void %V32.i.i27.i.i44.case.15.i, i26 %acc_43, void %V32.i.i27.i.i44.case.14.i, i26 %acc_43, void %V32.i.i27.i.i44.case.13.i, i26 %acc_43, void %V32.i.i27.i.i44.case.12.i, i26 %acc_43, void %V32.i.i27.i.i44.case.11.i, i26 %acc_43, void %V32.i.i27.i.i44.case.10.i, i26 %acc_43, void %V32.i.i27.i.i44.case.9.i, i26 %acc_43, void %V32.i.i27.i.i44.case.8.i, i26 %acc_43, void %V32.i.i27.i.i44.case.7.i, i26 %acc_43, void %V32.i.i27.i.i44.case.6.i, i26 %acc_43, void %V32.i.i27.i.i44.case.5.i, i26 %acc_43, void %V32.i.i27.i.i44.case.4.i, i26 %acc_43, void %V32.i.i27.i.i44.case.3.i, i26 %acc_43, void %V32.i.i27.i.i44.case.2.i, i26 %acc_43, void %V32.i.i27.i.i44.case.1.i, i26 %acc_43, void %V32.i.i27.i.i44.case.0.i, i26 %acc_43, void %if.end.i.i.i"   --->   Operation 438 'phi' 'acc_25' <Predicate = true> <Delay = 0.00>
ST_3 : Operation 439 [1/1] (0.00ns)   --->   "%acc_24 = phi i26 %acc_42, void %V32.i.i27.i.i44.case.17.i, i26 %acc_42, void %V32.i.i27.i.i44.case.15.i, i26 %acc_42, void %V32.i.i27.i.i44.case.14.i, i26 %acc_42, void %V32.i.i27.i.i44.case.13.i, i26 %acc_42, void %V32.i.i27.i.i44.case.12.i, i26 %acc_42, void %V32.i.i27.i.i44.case.11.i, i26 %acc_42, void %V32.i.i27.i.i44.case.10.i, i26 %acc_42, void %V32.i.i27.i.i44.case.9.i, i26 %acc_42, void %V32.i.i27.i.i44.case.8.i, i26 %acc_42, void %V32.i.i27.i.i44.case.7.i, i26 %acc_42, void %V32.i.i27.i.i44.case.6.i, i26 %acc_42, void %V32.i.i27.i.i44.case.5.i, i26 %acc_42, void %V32.i.i27.i.i44.case.4.i, i26 %acc_42, void %V32.i.i27.i.i44.case.3.i, i26 %acc_42, void %V32.i.i27.i.i44.case.2.i, i26 %acc_42, void %V32.i.i27.i.i44.case.1.i, i26 %acc_42, void %V32.i.i27.i.i44.case.0.i, i26 %acc_44, void %if.end.i.i.i"   --->   Operation 439 'phi' 'acc_24' <Predicate = true> <Delay = 0.00>
ST_3 : Operation 440 [1/1] (0.00ns)   --->   "%acc_23 = phi i26 %acc_41, void %V32.i.i27.i.i44.case.17.i, i26 %acc_44, void %V32.i.i27.i.i44.case.15.i, i26 %acc_41, void %V32.i.i27.i.i44.case.14.i, i26 %acc_41, void %V32.i.i27.i.i44.case.13.i, i26 %acc_41, void %V32.i.i27.i.i44.case.12.i, i26 %acc_41, void %V32.i.i27.i.i44.case.11.i, i26 %acc_41, void %V32.i.i27.i.i44.case.10.i, i26 %acc_41, void %V32.i.i27.i.i44.case.9.i, i26 %acc_41, void %V32.i.i27.i.i44.case.8.i, i26 %acc_41, void %V32.i.i27.i.i44.case.7.i, i26 %acc_41, void %V32.i.i27.i.i44.case.6.i, i26 %acc_41, void %V32.i.i27.i.i44.case.5.i, i26 %acc_41, void %V32.i.i27.i.i44.case.4.i, i26 %acc_41, void %V32.i.i27.i.i44.case.3.i, i26 %acc_41, void %V32.i.i27.i.i44.case.2.i, i26 %acc_41, void %V32.i.i27.i.i44.case.1.i, i26 %acc_41, void %V32.i.i27.i.i44.case.0.i, i26 %acc_41, void %if.end.i.i.i"   --->   Operation 440 'phi' 'acc_23' <Predicate = true> <Delay = 0.00>
ST_3 : Operation 441 [1/1] (0.00ns)   --->   "%acc_22 = phi i26 %acc_40, void %V32.i.i27.i.i44.case.17.i, i26 %acc_40, void %V32.i.i27.i.i44.case.15.i, i26 %acc_44, void %V32.i.i27.i.i44.case.14.i, i26 %acc_40, void %V32.i.i27.i.i44.case.13.i, i26 %acc_40, void %V32.i.i27.i.i44.case.12.i, i26 %acc_40, void %V32.i.i27.i.i44.case.11.i, i26 %acc_40, void %V32.i.i27.i.i44.case.10.i, i26 %acc_40, void %V32.i.i27.i.i44.case.9.i, i26 %acc_40, void %V32.i.i27.i.i44.case.8.i, i26 %acc_40, void %V32.i.i27.i.i44.case.7.i, i26 %acc_40, void %V32.i.i27.i.i44.case.6.i, i26 %acc_40, void %V32.i.i27.i.i44.case.5.i, i26 %acc_40, void %V32.i.i27.i.i44.case.4.i, i26 %acc_40, void %V32.i.i27.i.i44.case.3.i, i26 %acc_40, void %V32.i.i27.i.i44.case.2.i, i26 %acc_40, void %V32.i.i27.i.i44.case.1.i, i26 %acc_40, void %V32.i.i27.i.i44.case.0.i, i26 %acc_40, void %if.end.i.i.i"   --->   Operation 441 'phi' 'acc_22' <Predicate = true> <Delay = 0.00>
ST_3 : Operation 442 [1/1] (0.00ns)   --->   "%acc_21 = phi i26 %acc_39, void %V32.i.i27.i.i44.case.17.i, i26 %acc_39, void %V32.i.i27.i.i44.case.15.i, i26 %acc_39, void %V32.i.i27.i.i44.case.14.i, i26 %acc_44, void %V32.i.i27.i.i44.case.13.i, i26 %acc_39, void %V32.i.i27.i.i44.case.12.i, i26 %acc_39, void %V32.i.i27.i.i44.case.11.i, i26 %acc_39, void %V32.i.i27.i.i44.case.10.i, i26 %acc_39, void %V32.i.i27.i.i44.case.9.i, i26 %acc_39, void %V32.i.i27.i.i44.case.8.i, i26 %acc_39, void %V32.i.i27.i.i44.case.7.i, i26 %acc_39, void %V32.i.i27.i.i44.case.6.i, i26 %acc_39, void %V32.i.i27.i.i44.case.5.i, i26 %acc_39, void %V32.i.i27.i.i44.case.4.i, i26 %acc_39, void %V32.i.i27.i.i44.case.3.i, i26 %acc_39, void %V32.i.i27.i.i44.case.2.i, i26 %acc_39, void %V32.i.i27.i.i44.case.1.i, i26 %acc_39, void %V32.i.i27.i.i44.case.0.i, i26 %acc_39, void %if.end.i.i.i"   --->   Operation 442 'phi' 'acc_21' <Predicate = true> <Delay = 0.00>
ST_3 : Operation 443 [1/1] (0.00ns)   --->   "%acc_20 = phi i26 %acc_38, void %V32.i.i27.i.i44.case.17.i, i26 %acc_38, void %V32.i.i27.i.i44.case.15.i, i26 %acc_38, void %V32.i.i27.i.i44.case.14.i, i26 %acc_38, void %V32.i.i27.i.i44.case.13.i, i26 %acc_44, void %V32.i.i27.i.i44.case.12.i, i26 %acc_38, void %V32.i.i27.i.i44.case.11.i, i26 %acc_38, void %V32.i.i27.i.i44.case.10.i, i26 %acc_38, void %V32.i.i27.i.i44.case.9.i, i26 %acc_38, void %V32.i.i27.i.i44.case.8.i, i26 %acc_38, void %V32.i.i27.i.i44.case.7.i, i26 %acc_38, void %V32.i.i27.i.i44.case.6.i, i26 %acc_38, void %V32.i.i27.i.i44.case.5.i, i26 %acc_38, void %V32.i.i27.i.i44.case.4.i, i26 %acc_38, void %V32.i.i27.i.i44.case.3.i, i26 %acc_38, void %V32.i.i27.i.i44.case.2.i, i26 %acc_38, void %V32.i.i27.i.i44.case.1.i, i26 %acc_38, void %V32.i.i27.i.i44.case.0.i, i26 %acc_38, void %if.end.i.i.i"   --->   Operation 443 'phi' 'acc_20' <Predicate = true> <Delay = 0.00>
ST_3 : Operation 444 [1/1] (0.00ns)   --->   "%acc_19 = phi i26 %acc_37, void %V32.i.i27.i.i44.case.17.i, i26 %acc_37, void %V32.i.i27.i.i44.case.15.i, i26 %acc_37, void %V32.i.i27.i.i44.case.14.i, i26 %acc_37, void %V32.i.i27.i.i44.case.13.i, i26 %acc_37, void %V32.i.i27.i.i44.case.12.i, i26 %acc_44, void %V32.i.i27.i.i44.case.11.i, i26 %acc_37, void %V32.i.i27.i.i44.case.10.i, i26 %acc_37, void %V32.i.i27.i.i44.case.9.i, i26 %acc_37, void %V32.i.i27.i.i44.case.8.i, i26 %acc_37, void %V32.i.i27.i.i44.case.7.i, i26 %acc_37, void %V32.i.i27.i.i44.case.6.i, i26 %acc_37, void %V32.i.i27.i.i44.case.5.i, i26 %acc_37, void %V32.i.i27.i.i44.case.4.i, i26 %acc_37, void %V32.i.i27.i.i44.case.3.i, i26 %acc_37, void %V32.i.i27.i.i44.case.2.i, i26 %acc_37, void %V32.i.i27.i.i44.case.1.i, i26 %acc_37, void %V32.i.i27.i.i44.case.0.i, i26 %acc_37, void %if.end.i.i.i"   --->   Operation 444 'phi' 'acc_19' <Predicate = true> <Delay = 0.00>
ST_3 : Operation 445 [1/1] (0.00ns)   --->   "%acc_18 = phi i26 %acc_36, void %V32.i.i27.i.i44.case.17.i, i26 %acc_36, void %V32.i.i27.i.i44.case.15.i, i26 %acc_36, void %V32.i.i27.i.i44.case.14.i, i26 %acc_36, void %V32.i.i27.i.i44.case.13.i, i26 %acc_36, void %V32.i.i27.i.i44.case.12.i, i26 %acc_36, void %V32.i.i27.i.i44.case.11.i, i26 %acc_44, void %V32.i.i27.i.i44.case.10.i, i26 %acc_36, void %V32.i.i27.i.i44.case.9.i, i26 %acc_36, void %V32.i.i27.i.i44.case.8.i, i26 %acc_36, void %V32.i.i27.i.i44.case.7.i, i26 %acc_36, void %V32.i.i27.i.i44.case.6.i, i26 %acc_36, void %V32.i.i27.i.i44.case.5.i, i26 %acc_36, void %V32.i.i27.i.i44.case.4.i, i26 %acc_36, void %V32.i.i27.i.i44.case.3.i, i26 %acc_36, void %V32.i.i27.i.i44.case.2.i, i26 %acc_36, void %V32.i.i27.i.i44.case.1.i, i26 %acc_36, void %V32.i.i27.i.i44.case.0.i, i26 %acc_36, void %if.end.i.i.i"   --->   Operation 445 'phi' 'acc_18' <Predicate = true> <Delay = 0.00>
ST_3 : Operation 446 [1/1] (0.00ns)   --->   "%acc_17 = phi i26 %acc_35, void %V32.i.i27.i.i44.case.17.i, i26 %acc_35, void %V32.i.i27.i.i44.case.15.i, i26 %acc_35, void %V32.i.i27.i.i44.case.14.i, i26 %acc_35, void %V32.i.i27.i.i44.case.13.i, i26 %acc_35, void %V32.i.i27.i.i44.case.12.i, i26 %acc_35, void %V32.i.i27.i.i44.case.11.i, i26 %acc_35, void %V32.i.i27.i.i44.case.10.i, i26 %acc_44, void %V32.i.i27.i.i44.case.9.i, i26 %acc_35, void %V32.i.i27.i.i44.case.8.i, i26 %acc_35, void %V32.i.i27.i.i44.case.7.i, i26 %acc_35, void %V32.i.i27.i.i44.case.6.i, i26 %acc_35, void %V32.i.i27.i.i44.case.5.i, i26 %acc_35, void %V32.i.i27.i.i44.case.4.i, i26 %acc_35, void %V32.i.i27.i.i44.case.3.i, i26 %acc_35, void %V32.i.i27.i.i44.case.2.i, i26 %acc_35, void %V32.i.i27.i.i44.case.1.i, i26 %acc_35, void %V32.i.i27.i.i44.case.0.i, i26 %acc_35, void %if.end.i.i.i"   --->   Operation 446 'phi' 'acc_17' <Predicate = true> <Delay = 0.00>
ST_3 : Operation 447 [1/1] (0.00ns)   --->   "%acc_16 = phi i26 %acc_34, void %V32.i.i27.i.i44.case.17.i, i26 %acc_34, void %V32.i.i27.i.i44.case.15.i, i26 %acc_34, void %V32.i.i27.i.i44.case.14.i, i26 %acc_34, void %V32.i.i27.i.i44.case.13.i, i26 %acc_34, void %V32.i.i27.i.i44.case.12.i, i26 %acc_34, void %V32.i.i27.i.i44.case.11.i, i26 %acc_34, void %V32.i.i27.i.i44.case.10.i, i26 %acc_34, void %V32.i.i27.i.i44.case.9.i, i26 %acc_44, void %V32.i.i27.i.i44.case.8.i, i26 %acc_34, void %V32.i.i27.i.i44.case.7.i, i26 %acc_34, void %V32.i.i27.i.i44.case.6.i, i26 %acc_34, void %V32.i.i27.i.i44.case.5.i, i26 %acc_34, void %V32.i.i27.i.i44.case.4.i, i26 %acc_34, void %V32.i.i27.i.i44.case.3.i, i26 %acc_34, void %V32.i.i27.i.i44.case.2.i, i26 %acc_34, void %V32.i.i27.i.i44.case.1.i, i26 %acc_34, void %V32.i.i27.i.i44.case.0.i, i26 %acc_34, void %if.end.i.i.i"   --->   Operation 447 'phi' 'acc_16' <Predicate = true> <Delay = 0.00>
ST_3 : Operation 448 [1/1] (0.00ns)   --->   "%acc_15 = phi i26 %acc_33, void %V32.i.i27.i.i44.case.17.i, i26 %acc_33, void %V32.i.i27.i.i44.case.15.i, i26 %acc_33, void %V32.i.i27.i.i44.case.14.i, i26 %acc_33, void %V32.i.i27.i.i44.case.13.i, i26 %acc_33, void %V32.i.i27.i.i44.case.12.i, i26 %acc_33, void %V32.i.i27.i.i44.case.11.i, i26 %acc_33, void %V32.i.i27.i.i44.case.10.i, i26 %acc_33, void %V32.i.i27.i.i44.case.9.i, i26 %acc_33, void %V32.i.i27.i.i44.case.8.i, i26 %acc_44, void %V32.i.i27.i.i44.case.7.i, i26 %acc_33, void %V32.i.i27.i.i44.case.6.i, i26 %acc_33, void %V32.i.i27.i.i44.case.5.i, i26 %acc_33, void %V32.i.i27.i.i44.case.4.i, i26 %acc_33, void %V32.i.i27.i.i44.case.3.i, i26 %acc_33, void %V32.i.i27.i.i44.case.2.i, i26 %acc_33, void %V32.i.i27.i.i44.case.1.i, i26 %acc_33, void %V32.i.i27.i.i44.case.0.i, i26 %acc_33, void %if.end.i.i.i"   --->   Operation 448 'phi' 'acc_15' <Predicate = true> <Delay = 0.00>
ST_3 : Operation 449 [1/1] (0.00ns)   --->   "%acc_14 = phi i26 %acc_32, void %V32.i.i27.i.i44.case.17.i, i26 %acc_32, void %V32.i.i27.i.i44.case.15.i, i26 %acc_32, void %V32.i.i27.i.i44.case.14.i, i26 %acc_32, void %V32.i.i27.i.i44.case.13.i, i26 %acc_32, void %V32.i.i27.i.i44.case.12.i, i26 %acc_32, void %V32.i.i27.i.i44.case.11.i, i26 %acc_32, void %V32.i.i27.i.i44.case.10.i, i26 %acc_32, void %V32.i.i27.i.i44.case.9.i, i26 %acc_32, void %V32.i.i27.i.i44.case.8.i, i26 %acc_32, void %V32.i.i27.i.i44.case.7.i, i26 %acc_44, void %V32.i.i27.i.i44.case.6.i, i26 %acc_32, void %V32.i.i27.i.i44.case.5.i, i26 %acc_32, void %V32.i.i27.i.i44.case.4.i, i26 %acc_32, void %V32.i.i27.i.i44.case.3.i, i26 %acc_32, void %V32.i.i27.i.i44.case.2.i, i26 %acc_32, void %V32.i.i27.i.i44.case.1.i, i26 %acc_32, void %V32.i.i27.i.i44.case.0.i, i26 %acc_32, void %if.end.i.i.i"   --->   Operation 449 'phi' 'acc_14' <Predicate = true> <Delay = 0.00>
ST_3 : Operation 450 [1/1] (0.00ns)   --->   "%acc_13 = phi i26 %acc_31, void %V32.i.i27.i.i44.case.17.i, i26 %acc_31, void %V32.i.i27.i.i44.case.15.i, i26 %acc_31, void %V32.i.i27.i.i44.case.14.i, i26 %acc_31, void %V32.i.i27.i.i44.case.13.i, i26 %acc_31, void %V32.i.i27.i.i44.case.12.i, i26 %acc_31, void %V32.i.i27.i.i44.case.11.i, i26 %acc_31, void %V32.i.i27.i.i44.case.10.i, i26 %acc_31, void %V32.i.i27.i.i44.case.9.i, i26 %acc_31, void %V32.i.i27.i.i44.case.8.i, i26 %acc_31, void %V32.i.i27.i.i44.case.7.i, i26 %acc_31, void %V32.i.i27.i.i44.case.6.i, i26 %acc_44, void %V32.i.i27.i.i44.case.5.i, i26 %acc_31, void %V32.i.i27.i.i44.case.4.i, i26 %acc_31, void %V32.i.i27.i.i44.case.3.i, i26 %acc_31, void %V32.i.i27.i.i44.case.2.i, i26 %acc_31, void %V32.i.i27.i.i44.case.1.i, i26 %acc_31, void %V32.i.i27.i.i44.case.0.i, i26 %acc_31, void %if.end.i.i.i"   --->   Operation 450 'phi' 'acc_13' <Predicate = true> <Delay = 0.00>
ST_3 : Operation 451 [1/1] (0.00ns)   --->   "%acc_12 = phi i26 %acc_30, void %V32.i.i27.i.i44.case.17.i, i26 %acc_30, void %V32.i.i27.i.i44.case.15.i, i26 %acc_30, void %V32.i.i27.i.i44.case.14.i, i26 %acc_30, void %V32.i.i27.i.i44.case.13.i, i26 %acc_30, void %V32.i.i27.i.i44.case.12.i, i26 %acc_30, void %V32.i.i27.i.i44.case.11.i, i26 %acc_30, void %V32.i.i27.i.i44.case.10.i, i26 %acc_30, void %V32.i.i27.i.i44.case.9.i, i26 %acc_30, void %V32.i.i27.i.i44.case.8.i, i26 %acc_30, void %V32.i.i27.i.i44.case.7.i, i26 %acc_30, void %V32.i.i27.i.i44.case.6.i, i26 %acc_30, void %V32.i.i27.i.i44.case.5.i, i26 %acc_44, void %V32.i.i27.i.i44.case.4.i, i26 %acc_30, void %V32.i.i27.i.i44.case.3.i, i26 %acc_30, void %V32.i.i27.i.i44.case.2.i, i26 %acc_30, void %V32.i.i27.i.i44.case.1.i, i26 %acc_30, void %V32.i.i27.i.i44.case.0.i, i26 %acc_30, void %if.end.i.i.i"   --->   Operation 451 'phi' 'acc_12' <Predicate = true> <Delay = 0.00>
ST_3 : Operation 452 [1/1] (0.00ns)   --->   "%acc_11 = phi i26 %acc_29, void %V32.i.i27.i.i44.case.17.i, i26 %acc_29, void %V32.i.i27.i.i44.case.15.i, i26 %acc_29, void %V32.i.i27.i.i44.case.14.i, i26 %acc_29, void %V32.i.i27.i.i44.case.13.i, i26 %acc_29, void %V32.i.i27.i.i44.case.12.i, i26 %acc_29, void %V32.i.i27.i.i44.case.11.i, i26 %acc_29, void %V32.i.i27.i.i44.case.10.i, i26 %acc_29, void %V32.i.i27.i.i44.case.9.i, i26 %acc_29, void %V32.i.i27.i.i44.case.8.i, i26 %acc_29, void %V32.i.i27.i.i44.case.7.i, i26 %acc_29, void %V32.i.i27.i.i44.case.6.i, i26 %acc_29, void %V32.i.i27.i.i44.case.5.i, i26 %acc_29, void %V32.i.i27.i.i44.case.4.i, i26 %acc_44, void %V32.i.i27.i.i44.case.3.i, i26 %acc_29, void %V32.i.i27.i.i44.case.2.i, i26 %acc_29, void %V32.i.i27.i.i44.case.1.i, i26 %acc_29, void %V32.i.i27.i.i44.case.0.i, i26 %acc_29, void %if.end.i.i.i"   --->   Operation 452 'phi' 'acc_11' <Predicate = true> <Delay = 0.00>
ST_3 : Operation 453 [1/1] (0.00ns)   --->   "%acc_10 = phi i26 %acc_28, void %V32.i.i27.i.i44.case.17.i, i26 %acc_28, void %V32.i.i27.i.i44.case.15.i, i26 %acc_28, void %V32.i.i27.i.i44.case.14.i, i26 %acc_28, void %V32.i.i27.i.i44.case.13.i, i26 %acc_28, void %V32.i.i27.i.i44.case.12.i, i26 %acc_28, void %V32.i.i27.i.i44.case.11.i, i26 %acc_28, void %V32.i.i27.i.i44.case.10.i, i26 %acc_28, void %V32.i.i27.i.i44.case.9.i, i26 %acc_28, void %V32.i.i27.i.i44.case.8.i, i26 %acc_28, void %V32.i.i27.i.i44.case.7.i, i26 %acc_28, void %V32.i.i27.i.i44.case.6.i, i26 %acc_28, void %V32.i.i27.i.i44.case.5.i, i26 %acc_28, void %V32.i.i27.i.i44.case.4.i, i26 %acc_28, void %V32.i.i27.i.i44.case.3.i, i26 %acc_44, void %V32.i.i27.i.i44.case.2.i, i26 %acc_28, void %V32.i.i27.i.i44.case.1.i, i26 %acc_28, void %V32.i.i27.i.i44.case.0.i, i26 %acc_28, void %if.end.i.i.i"   --->   Operation 453 'phi' 'acc_10' <Predicate = true> <Delay = 0.00>
ST_3 : Operation 454 [1/1] (0.00ns)   --->   "%acc_9 = phi i26 %acc_27, void %V32.i.i27.i.i44.case.17.i, i26 %acc_27, void %V32.i.i27.i.i44.case.15.i, i26 %acc_27, void %V32.i.i27.i.i44.case.14.i, i26 %acc_27, void %V32.i.i27.i.i44.case.13.i, i26 %acc_27, void %V32.i.i27.i.i44.case.12.i, i26 %acc_27, void %V32.i.i27.i.i44.case.11.i, i26 %acc_27, void %V32.i.i27.i.i44.case.10.i, i26 %acc_27, void %V32.i.i27.i.i44.case.9.i, i26 %acc_27, void %V32.i.i27.i.i44.case.8.i, i26 %acc_27, void %V32.i.i27.i.i44.case.7.i, i26 %acc_27, void %V32.i.i27.i.i44.case.6.i, i26 %acc_27, void %V32.i.i27.i.i44.case.5.i, i26 %acc_27, void %V32.i.i27.i.i44.case.4.i, i26 %acc_27, void %V32.i.i27.i.i44.case.3.i, i26 %acc_27, void %V32.i.i27.i.i44.case.2.i, i26 %acc_44, void %V32.i.i27.i.i44.case.1.i, i26 %acc_27, void %V32.i.i27.i.i44.case.0.i, i26 %acc_27, void %if.end.i.i.i"   --->   Operation 454 'phi' 'acc_9' <Predicate = true> <Delay = 0.00>
ST_3 : Operation 455 [1/1] (0.00ns)   --->   "%acc = phi i26 %acc_26, void %V32.i.i27.i.i44.case.17.i, i26 %acc_26, void %V32.i.i27.i.i44.case.15.i, i26 %acc_26, void %V32.i.i27.i.i44.case.14.i, i26 %acc_26, void %V32.i.i27.i.i44.case.13.i, i26 %acc_26, void %V32.i.i27.i.i44.case.12.i, i26 %acc_26, void %V32.i.i27.i.i44.case.11.i, i26 %acc_26, void %V32.i.i27.i.i44.case.10.i, i26 %acc_26, void %V32.i.i27.i.i44.case.9.i, i26 %acc_26, void %V32.i.i27.i.i44.case.8.i, i26 %acc_26, void %V32.i.i27.i.i44.case.7.i, i26 %acc_26, void %V32.i.i27.i.i44.case.6.i, i26 %acc_26, void %V32.i.i27.i.i44.case.5.i, i26 %acc_26, void %V32.i.i27.i.i44.case.4.i, i26 %acc_26, void %V32.i.i27.i.i44.case.3.i, i26 %acc_26, void %V32.i.i27.i.i44.case.2.i, i26 %acc_26, void %V32.i.i27.i.i44.case.1.i, i26 %acc_44, void %V32.i.i27.i.i44.case.0.i, i26 %acc_26, void %if.end.i.i.i"   --->   Operation 455 'phi' 'acc' <Predicate = true> <Delay = 0.00>
ST_3 : Operation 456 [1/1] (0.00ns)   --->   "%trunc_ln = partselect i18 @_ssdm_op_PartSelect.i18.i26.i32.i32, i26 %acc, i32 4, i32 21" [firmware/nnet_utils/nnet_mult.h:111->firmware/nnet_utils/nnet_dense_resource.h:164]   --->   Operation 456 'partselect' 'trunc_ln' <Predicate = (icmp_ln135)> <Delay = 0.00>
ST_3 : Operation 457 [1/1] (0.00ns)   --->   "%trunc_ln111_7 = partselect i18 @_ssdm_op_PartSelect.i18.i26.i32.i32, i26 %acc_9, i32 4, i32 21" [firmware/nnet_utils/nnet_mult.h:111->firmware/nnet_utils/nnet_dense_resource.h:164]   --->   Operation 457 'partselect' 'trunc_ln111_7' <Predicate = (icmp_ln135)> <Delay = 0.00>
ST_3 : Operation 458 [1/1] (0.00ns)   --->   "%trunc_ln111_8 = partselect i18 @_ssdm_op_PartSelect.i18.i26.i32.i32, i26 %acc_10, i32 4, i32 21" [firmware/nnet_utils/nnet_mult.h:111->firmware/nnet_utils/nnet_dense_resource.h:164]   --->   Operation 458 'partselect' 'trunc_ln111_8' <Predicate = (icmp_ln135)> <Delay = 0.00>
ST_3 : Operation 459 [1/1] (0.00ns)   --->   "%trunc_ln111_9 = partselect i18 @_ssdm_op_PartSelect.i18.i26.i32.i32, i26 %acc_11, i32 4, i32 21" [firmware/nnet_utils/nnet_mult.h:111->firmware/nnet_utils/nnet_dense_resource.h:164]   --->   Operation 459 'partselect' 'trunc_ln111_9' <Predicate = (icmp_ln135)> <Delay = 0.00>
ST_3 : Operation 460 [1/1] (0.00ns)   --->   "%trunc_ln111_s = partselect i18 @_ssdm_op_PartSelect.i18.i26.i32.i32, i26 %acc_12, i32 4, i32 21" [firmware/nnet_utils/nnet_mult.h:111->firmware/nnet_utils/nnet_dense_resource.h:164]   --->   Operation 460 'partselect' 'trunc_ln111_s' <Predicate = (icmp_ln135)> <Delay = 0.00>
ST_3 : Operation 461 [1/1] (0.00ns)   --->   "%trunc_ln111_1 = partselect i18 @_ssdm_op_PartSelect.i18.i26.i32.i32, i26 %acc_13, i32 4, i32 21" [firmware/nnet_utils/nnet_mult.h:111->firmware/nnet_utils/nnet_dense_resource.h:164]   --->   Operation 461 'partselect' 'trunc_ln111_1' <Predicate = (icmp_ln135)> <Delay = 0.00>
ST_3 : Operation 462 [1/1] (0.00ns)   --->   "%trunc_ln111_2 = partselect i18 @_ssdm_op_PartSelect.i18.i26.i32.i32, i26 %acc_14, i32 4, i32 21" [firmware/nnet_utils/nnet_mult.h:111->firmware/nnet_utils/nnet_dense_resource.h:164]   --->   Operation 462 'partselect' 'trunc_ln111_2' <Predicate = (icmp_ln135)> <Delay = 0.00>
ST_3 : Operation 463 [1/1] (0.00ns)   --->   "%trunc_ln111_3 = partselect i18 @_ssdm_op_PartSelect.i18.i26.i32.i32, i26 %acc_15, i32 4, i32 21" [firmware/nnet_utils/nnet_mult.h:111->firmware/nnet_utils/nnet_dense_resource.h:164]   --->   Operation 463 'partselect' 'trunc_ln111_3' <Predicate = (icmp_ln135)> <Delay = 0.00>
ST_3 : Operation 464 [1/1] (0.00ns)   --->   "%trunc_ln111_4 = partselect i18 @_ssdm_op_PartSelect.i18.i26.i32.i32, i26 %acc_16, i32 4, i32 21" [firmware/nnet_utils/nnet_mult.h:111->firmware/nnet_utils/nnet_dense_resource.h:164]   --->   Operation 464 'partselect' 'trunc_ln111_4' <Predicate = (icmp_ln135)> <Delay = 0.00>
ST_3 : Operation 465 [1/1] (0.00ns)   --->   "%trunc_ln111_5 = partselect i18 @_ssdm_op_PartSelect.i18.i26.i32.i32, i26 %acc_17, i32 4, i32 21" [firmware/nnet_utils/nnet_mult.h:111->firmware/nnet_utils/nnet_dense_resource.h:164]   --->   Operation 465 'partselect' 'trunc_ln111_5' <Predicate = (icmp_ln135)> <Delay = 0.00>
ST_3 : Operation 466 [1/1] (0.00ns)   --->   "%trunc_ln111_6 = partselect i18 @_ssdm_op_PartSelect.i18.i26.i32.i32, i26 %acc_18, i32 4, i32 21" [firmware/nnet_utils/nnet_mult.h:111->firmware/nnet_utils/nnet_dense_resource.h:164]   --->   Operation 466 'partselect' 'trunc_ln111_6' <Predicate = (icmp_ln135)> <Delay = 0.00>
ST_3 : Operation 467 [1/1] (0.00ns)   --->   "%trunc_ln111_10 = partselect i18 @_ssdm_op_PartSelect.i18.i26.i32.i32, i26 %acc_19, i32 4, i32 21" [firmware/nnet_utils/nnet_mult.h:111->firmware/nnet_utils/nnet_dense_resource.h:164]   --->   Operation 467 'partselect' 'trunc_ln111_10' <Predicate = (icmp_ln135)> <Delay = 0.00>
ST_3 : Operation 468 [1/1] (0.00ns)   --->   "%trunc_ln111_11 = partselect i18 @_ssdm_op_PartSelect.i18.i26.i32.i32, i26 %acc_20, i32 4, i32 21" [firmware/nnet_utils/nnet_mult.h:111->firmware/nnet_utils/nnet_dense_resource.h:164]   --->   Operation 468 'partselect' 'trunc_ln111_11' <Predicate = (icmp_ln135)> <Delay = 0.00>
ST_3 : Operation 469 [1/1] (0.00ns)   --->   "%trunc_ln111_12 = partselect i18 @_ssdm_op_PartSelect.i18.i26.i32.i32, i26 %acc_21, i32 4, i32 21" [firmware/nnet_utils/nnet_mult.h:111->firmware/nnet_utils/nnet_dense_resource.h:164]   --->   Operation 469 'partselect' 'trunc_ln111_12' <Predicate = (icmp_ln135)> <Delay = 0.00>
ST_3 : Operation 470 [1/1] (0.00ns)   --->   "%trunc_ln111_13 = partselect i18 @_ssdm_op_PartSelect.i18.i26.i32.i32, i26 %acc_22, i32 4, i32 21" [firmware/nnet_utils/nnet_mult.h:111->firmware/nnet_utils/nnet_dense_resource.h:164]   --->   Operation 470 'partselect' 'trunc_ln111_13' <Predicate = (icmp_ln135)> <Delay = 0.00>
ST_3 : Operation 471 [1/1] (0.00ns)   --->   "%trunc_ln111_14 = partselect i18 @_ssdm_op_PartSelect.i18.i26.i32.i32, i26 %acc_23, i32 4, i32 21" [firmware/nnet_utils/nnet_mult.h:111->firmware/nnet_utils/nnet_dense_resource.h:164]   --->   Operation 471 'partselect' 'trunc_ln111_14' <Predicate = (icmp_ln135)> <Delay = 0.00>
ST_3 : Operation 472 [1/1] (0.00ns)   --->   "%trunc_ln111_15 = partselect i18 @_ssdm_op_PartSelect.i18.i26.i32.i32, i26 %acc_24, i32 4, i32 21" [firmware/nnet_utils/nnet_mult.h:111->firmware/nnet_utils/nnet_dense_resource.h:164]   --->   Operation 472 'partselect' 'trunc_ln111_15' <Predicate = (icmp_ln135)> <Delay = 0.00>
ST_3 : Operation 473 [1/1] (0.00ns)   --->   "%trunc_ln111_16 = partselect i18 @_ssdm_op_PartSelect.i18.i26.i32.i32, i26 %acc_25, i32 4, i32 21" [firmware/nnet_utils/nnet_mult.h:111->firmware/nnet_utils/nnet_dense_resource.h:164]   --->   Operation 473 'partselect' 'trunc_ln111_16' <Predicate = (icmp_ln135)> <Delay = 0.00>
ST_3 : Operation 474 [1/1] (0.00ns)   --->   "%mrv_i = insertvalue i324 <undef>, i18 %trunc_ln" [firmware/nnet_utils/nnet_dense_resource.h:166]   --->   Operation 474 'insertvalue' 'mrv_i' <Predicate = (icmp_ln135)> <Delay = 0.00>
ST_3 : Operation 475 [1/1] (0.00ns)   --->   "%mrv_1_i = insertvalue i324 %mrv_i, i18 %trunc_ln111_7" [firmware/nnet_utils/nnet_dense_resource.h:166]   --->   Operation 475 'insertvalue' 'mrv_1_i' <Predicate = (icmp_ln135)> <Delay = 0.00>
ST_3 : Operation 476 [1/1] (0.00ns)   --->   "%mrv_2_i = insertvalue i324 %mrv_1_i, i18 %trunc_ln111_8" [firmware/nnet_utils/nnet_dense_resource.h:166]   --->   Operation 476 'insertvalue' 'mrv_2_i' <Predicate = (icmp_ln135)> <Delay = 0.00>
ST_3 : Operation 477 [1/1] (0.00ns)   --->   "%mrv_3_i = insertvalue i324 %mrv_2_i, i18 %trunc_ln111_9" [firmware/nnet_utils/nnet_dense_resource.h:166]   --->   Operation 477 'insertvalue' 'mrv_3_i' <Predicate = (icmp_ln135)> <Delay = 0.00>
ST_3 : Operation 478 [1/1] (0.00ns)   --->   "%mrv_4_i = insertvalue i324 %mrv_3_i, i18 %trunc_ln111_s" [firmware/nnet_utils/nnet_dense_resource.h:166]   --->   Operation 478 'insertvalue' 'mrv_4_i' <Predicate = (icmp_ln135)> <Delay = 0.00>
ST_3 : Operation 479 [1/1] (0.00ns)   --->   "%mrv_5_i = insertvalue i324 %mrv_4_i, i18 %trunc_ln111_1" [firmware/nnet_utils/nnet_dense_resource.h:166]   --->   Operation 479 'insertvalue' 'mrv_5_i' <Predicate = (icmp_ln135)> <Delay = 0.00>
ST_3 : Operation 480 [1/1] (0.00ns)   --->   "%mrv_6_i = insertvalue i324 %mrv_5_i, i18 %trunc_ln111_2" [firmware/nnet_utils/nnet_dense_resource.h:166]   --->   Operation 480 'insertvalue' 'mrv_6_i' <Predicate = (icmp_ln135)> <Delay = 0.00>
ST_3 : Operation 481 [1/1] (0.00ns)   --->   "%mrv_7_i = insertvalue i324 %mrv_6_i, i18 %trunc_ln111_3" [firmware/nnet_utils/nnet_dense_resource.h:166]   --->   Operation 481 'insertvalue' 'mrv_7_i' <Predicate = (icmp_ln135)> <Delay = 0.00>
ST_3 : Operation 482 [1/1] (0.00ns)   --->   "%mrv_8_i = insertvalue i324 %mrv_7_i, i18 %trunc_ln111_4" [firmware/nnet_utils/nnet_dense_resource.h:166]   --->   Operation 482 'insertvalue' 'mrv_8_i' <Predicate = (icmp_ln135)> <Delay = 0.00>
ST_3 : Operation 483 [1/1] (0.00ns)   --->   "%mrv_9_i = insertvalue i324 %mrv_8_i, i18 %trunc_ln111_5" [firmware/nnet_utils/nnet_dense_resource.h:166]   --->   Operation 483 'insertvalue' 'mrv_9_i' <Predicate = (icmp_ln135)> <Delay = 0.00>
ST_3 : Operation 484 [1/1] (0.00ns)   --->   "%mrv_i_117 = insertvalue i324 %mrv_9_i, i18 %trunc_ln111_6" [firmware/nnet_utils/nnet_dense_resource.h:166]   --->   Operation 484 'insertvalue' 'mrv_i_117' <Predicate = (icmp_ln135)> <Delay = 0.00>
ST_3 : Operation 485 [1/1] (0.00ns)   --->   "%mrv_10_i = insertvalue i324 %mrv_i_117, i18 %trunc_ln111_10" [firmware/nnet_utils/nnet_dense_resource.h:166]   --->   Operation 485 'insertvalue' 'mrv_10_i' <Predicate = (icmp_ln135)> <Delay = 0.00>
ST_3 : Operation 486 [1/1] (0.00ns)   --->   "%mrv_11_i = insertvalue i324 %mrv_10_i, i18 %trunc_ln111_11" [firmware/nnet_utils/nnet_dense_resource.h:166]   --->   Operation 486 'insertvalue' 'mrv_11_i' <Predicate = (icmp_ln135)> <Delay = 0.00>
ST_3 : Operation 487 [1/1] (0.00ns)   --->   "%mrv_12_i = insertvalue i324 %mrv_11_i, i18 %trunc_ln111_12" [firmware/nnet_utils/nnet_dense_resource.h:166]   --->   Operation 487 'insertvalue' 'mrv_12_i' <Predicate = (icmp_ln135)> <Delay = 0.00>
ST_3 : Operation 488 [1/1] (0.00ns)   --->   "%mrv_13_i = insertvalue i324 %mrv_12_i, i18 %trunc_ln111_13" [firmware/nnet_utils/nnet_dense_resource.h:166]   --->   Operation 488 'insertvalue' 'mrv_13_i' <Predicate = (icmp_ln135)> <Delay = 0.00>
ST_3 : Operation 489 [1/1] (0.00ns)   --->   "%mrv_14_i = insertvalue i324 %mrv_13_i, i18 %trunc_ln111_14" [firmware/nnet_utils/nnet_dense_resource.h:166]   --->   Operation 489 'insertvalue' 'mrv_14_i' <Predicate = (icmp_ln135)> <Delay = 0.00>
ST_3 : Operation 490 [1/1] (0.00ns)   --->   "%mrv_15_i = insertvalue i324 %mrv_14_i, i18 %trunc_ln111_15" [firmware/nnet_utils/nnet_dense_resource.h:166]   --->   Operation 490 'insertvalue' 'mrv_15_i' <Predicate = (icmp_ln135)> <Delay = 0.00>
ST_3 : Operation 491 [1/1] (0.00ns)   --->   "%mrv_16_i = insertvalue i324 %mrv_15_i, i18 %trunc_ln111_16" [firmware/nnet_utils/nnet_dense_resource.h:166]   --->   Operation 491 'insertvalue' 'mrv_16_i' <Predicate = (icmp_ln135)> <Delay = 0.00>
ST_3 : Operation 492 [1/1] (0.00ns)   --->   "%return_ln166 = return void @_ssdm_op_Return, i324 %mrv_16_i" [firmware/nnet_utils/nnet_dense_resource.h:166]   --->   Operation 492 'return' 'return_ln166' <Predicate = (icmp_ln135)> <Delay = 0.00>


============================================================
+ Verbose Summary: Timing violations
============================================================
Target clock period: 20.000ns, clock uncertainty: 5.400ns.

 <State 1>: 4.842ns
The critical path consists of the following:
	multiplexor before 'phi' operation 11 bit ('ir') with incoming values : ('w_index', firmware/nnet_utils/nnet_dense_resource.h:135) [223]  (1.588 ns)
	'phi' operation 11 bit ('ir') with incoming values : ('w_index', firmware/nnet_utils/nnet_dense_resource.h:135) [223]  (0.000 ns)
	'getelementptr' operation 11 bit ('outidx_59_addr', firmware/nnet_utils/nnet_dense_resource.h:139) [468]  (0.000 ns)
	'load' operation 5 bit ('out_index', firmware/nnet_utils/nnet_dense_resource.h:139) on array 'outidx_59' [469]  (3.254 ns)

 <State 2>: 11.291ns
The critical path consists of the following:
	'phi' operation 20 bit ('p_ZZN4nnet24compute_output_buffer_2dINS_5arrayI8ap_fixedILi20ELi10EL9ap_q_mode5EL_366') with incoming values : ('p_ZZN4nnet24compute_output_buffer_2dINS_5arrayI8ap_fixedILi20ELi10EL9ap_q_mode5EL_365') [114]  (0.000 ns)
	multiplexor before 'phi' operation 20 bit ('p_ZZN4nnet24compute_output_buffer_2dINS_5arrayI8ap_fixedILi20ELi10EL9ap_q_mode5EL_170') with incoming values : ('p_ZZN4nnet24compute_output_buffer_2dINS_5arrayI8ap_fixedILi20ELi10EL9ap_q_mode5EL_365') [355]  (1.588 ns)
	'phi' operation 20 bit ('p_ZZN4nnet24compute_output_buffer_2dINS_5arrayI8ap_fixedILi20ELi10EL9ap_q_mode5EL_170') with incoming values : ('p_ZZN4nnet24compute_output_buffer_2dINS_5arrayI8ap_fixedILi20ELi10EL9ap_q_mode5EL_365') [355]  (0.000 ns)
	'sparsemux' operation 20 bit ('a', firmware/nnet_utils/nnet_dense_resource.h:135) [470]  (3.843 ns)
	'mul' operation 32 bit ('mul_ln73', firmware/nnet_utils/nnet_mult.h:73->firmware/nnet_utils/nnet_dense_resource.h:145) [475]  (5.860 ns)

 <State 3>: 11.105ns
The critical path consists of the following:
	'phi' operation 26 bit ('acc') with incoming values : ('acc', firmware/nnet_utils/nnet_dense_resource.h:144) [224]  (0.000 ns)
	'sparsemux' operation 26 bit ('tmp_i', firmware/nnet_utils/nnet_dense_resource.h:144) [477]  (2.841 ns)
	'sub' operation 27 bit ('sub_ln144', firmware/nnet_utils/nnet_dense_resource.h:144) [481]  (2.374 ns)
	'icmp' operation 1 bit ('icmp_ln144', firmware/nnet_utils/nnet_dense_resource.h:144) [482]  (2.404 ns)
	multiplexor before 'phi' operation 26 bit ('acc', firmware/nnet_utils/nnet_dense_resource.h:144) with incoming values : ('acc', firmware/nnet_utils/nnet_dense_resource.h:144) [539]  (1.588 ns)
	'phi' operation 26 bit ('acc', firmware/nnet_utils/nnet_dense_resource.h:144) with incoming values : ('acc', firmware/nnet_utils/nnet_dense_resource.h:144) [539]  (0.000 ns)
	multiplexor before 'phi' operation 26 bit ('acc') with incoming values : ('acc', firmware/nnet_utils/nnet_dense_resource.h:144) [593]  (1.898 ns)
	'phi' operation 26 bit ('acc') with incoming values : ('acc', firmware/nnet_utils/nnet_dense_resource.h:144) [593]  (0.000 ns)


============================================================
+ Verbose Summary: Binding
============================================================
N/A
* FSMD analyzer results:
  - Output states:
 - Input state : 
  - Chain level:
	State 1
	State 2
	State 3


============================================================
+ Verbose Summary: Datapath Resource usage 
============================================================
N/A
