

================================================================
== Vitis HLS Report for 'myproject'
================================================================
* Date:           Sun Aug 30 16:00:21 2026

* Version:        2024.1 (Build 5069499 on May 21 2024)
* Project:        myproject_prj
* Solution:       solution1 (Vivado IP Flow Target)
* Product family: zynq
* Target device:  xc7z020-clg400-1


================================================================
== Performance Estimates
================================================================
+ Timing: 
    * Summary: 
    +--------+----------+-----------+------------+
    |  Clock |  Target  | Estimated | Uncertainty|
    +--------+----------+-----------+------------+
    |ap_clk  |  20.00 ns|  14.552 ns|     5.40 ns|
    +--------+----------+-----------+------------+

+ Latency: 
    * Summary: 
    +---------+---------+-----------+-----------+-------+--------+----------+
    |  Latency (cycles) |   Latency (absolute)  |    Interval    | Pipeline |
    |   min   |   max   |    min    |    max    |  min  |   max  |   Type   |
    +---------+---------+-----------+-----------+-------+--------+----------+
    |   630202|   632141|  12.604 ms|  12.643 ms|  16894|  632126|  dataflow|
    +---------+---------+-----------+-----------+-------+--------+----------+

    + Detail: 
        * Instance: 
        +----------------------------------------------------------------------------------------------+----------------------------------------------------------------------------------+---------+---------+-----------+-----------+-------+--------+-----------------------------------------------+
        |                                                                                              |                                                                                  |  Latency (cycles) |   Latency (absolute)  |    Interval    |                    Pipeline                   |
        |                                           Instance                                           |                                      Module                                      |   min   |   max   |    min    |    max    |  min  |   max  |                      Type                     |
        +----------------------------------------------------------------------------------------------+----------------------------------------------------------------------------------+---------+---------+-----------+-----------+-------+--------+-----------------------------------------------+
        |grp_zeropad2d_cl_array_array_ap_fixed_20_10_5_3_0_1u_config13_s_fu_1006                       |zeropad2d_cl_array_array_ap_fixed_20_10_5_3_0_1u_config13_s                       |     4387|     4387|  87.740 us|  87.740 us|   4387|    4387|                                             no|
        |grp_conv_2d_cl_array_ap_fixed_1u_array_ap_fixed_18_8_5_3_0_12u_config2_s_fu_1013              |conv_2d_cl_array_ap_fixed_1u_array_ap_fixed_18_8_5_3_0_12u_config2_s              |    16893|   481423|   0.338 ms|   9.628 ms|  16893|  481423|                                             no|
        |grp_normalize_array_ap_fixed_12u_array_ap_fixed_39_19_5_3_0_12u_config3_s_fu_1053             |normalize_array_ap_fixed_12u_array_ap_fixed_39_19_5_3_0_12u_config3_s             |     1022|     1022|  20.440 us|  20.440 us|   1020|    1020|  loop auto-rewind stp(delay=0 clock cycles(s))|
        |grp_relu_array_ap_fixed_12u_array_ap_fixed_20_10_5_3_0_12u_relu_config4_s_fu_1059             |relu_array_ap_fixed_12u_array_ap_fixed_20_10_5_3_0_12u_relu_config4_s             |     1021|     1021|  20.420 us|  20.420 us|   1020|    1020|  loop auto-rewind stp(delay=0 clock cycles(s))|
        |grp_pooling2d_cl_array_array_ap_fixed_20_10_5_3_0_12u_config5_s_fu_1065                       |pooling2d_cl_array_array_ap_fixed_20_10_5_3_0_12u_config5_s                       |     2042|     2042|  40.840 us|  40.840 us|   2040|    2040|  loop auto-rewind stp(delay=0 clock cycles(s))|
        |grp_zeropad2d_cl_array_array_ap_fixed_20_10_5_3_0_12u_config14_s_fu_1199                      |zeropad2d_cl_array_array_ap_fixed_20_10_5_3_0_12u_config14_s                      |      337|      337|   6.740 us|   6.740 us|    337|     337|                                             no|
        |grp_conv_2d_cl_array_ap_fixed_12u_array_ap_fixed_18_8_5_3_0_18u_config6_s_fu_1205             |conv_2d_cl_array_ap_fixed_12u_array_ap_fixed_18_8_5_3_0_18u_config6_s             |     1297|   632125|  25.940 us|  12.643 ms|   1297|  632125|                                             no|
        |grp_normalize_array_ap_fixed_18u_array_ap_fixed_39_19_5_3_0_18u_config7_s_fu_1487             |normalize_array_ap_fixed_18u_array_ap_fixed_39_19_5_3_0_18u_config7_s             |      252|      252|   5.040 us|   5.040 us|    250|     250|  loop auto-rewind stp(delay=0 clock cycles(s))|
        |grp_relu_array_ap_fixed_18u_array_ap_fixed_20_10_5_3_0_18u_relu_config8_s_fu_1493             |relu_array_ap_fixed_18u_array_ap_fixed_20_10_5_3_0_18u_relu_config8_s             |      251|      251|   5.020 us|   5.020 us|    250|     250|  loop auto-rewind stp(delay=0 clock cycles(s))|
        |grp_pooling2d_cl_array_array_ap_fixed_20_10_5_3_0_18u_config9_s_fu_1499                       |pooling2d_cl_array_array_ap_fixed_20_10_5_3_0_18u_config9_s                       |      503|      503|  10.060 us|  10.060 us|    500|     500|  loop auto-rewind stp(delay=0 clock cycles(s))|
        |grp_dense_array_ap_fixed_18u_array_ap_fixed_24_12_5_3_0_7u_config12_s_fu_1909                 |dense_array_ap_fixed_18u_array_ap_fixed_24_12_5_3_0_7u_config12_s                 |     3180|     3181|  63.600 us|  63.620 us|   3180|    3181|                                             no|
        |grp_Block_entry_split_split_split_split_split_split_split_split_split_split_split_sp_fu_1919  |Block_entry_split_split_split_split_split_split_split_split_split_split_split_sp  |        1|        1|  20.000 ns|  20.000 ns|      1|       1|                                             no|
        +----------------------------------------------------------------------------------------------+----------------------------------------------------------------------------------+---------+---------+-----------+-----------+-------+--------+-----------------------------------------------+

        * Loop: 
        N/A

============================================================
+ Verbose Summary: Synthesis Manager
============================================================
InlineROM: 1
ExposeGlobal: 0
============================================================
+ Verbose Summary: CDFG Model
============================================================
IsTopModel: 1
ResetActiveHigh: 1
IsCombinational: 2
IsDatapathOnly: 0
HasWiredReturn: 1
HasMFsm: 0
HasVarLatency: 1
IsPipeline: 0
IsRtlPipelined: 0
IsInstanceOverlapped: 0
IsDontTouch: 0
HasImplIP: 0
IsGatedGlobalClock: 0


============================================================
+ Verbose Summary: Schedule
============================================================
* Number of FSM states : 26
* Pipeline : 0
* Dataflow Pipeline: 1
  DF-Pipeline-0: Size = 26, States = { 1 2 3 4 5 6 7 8 9 10 11 12 13 14 15 16 17 18 19 20 21 22 23 24 25 26 }

* FSM state transitions: 
1 --> 2 
2 --> 3 
3 --> 4 
4 --> 5 
5 --> 6 
6 --> 7 
7 --> 8 
8 --> 9 
9 --> 10 
10 --> 11 
11 --> 12 
12 --> 13 
13 --> 14 
14 --> 15 
15 --> 16 
16 --> 17 
17 --> 18 
18 --> 19 
19 --> 20 
20 --> 21 
21 --> 22 
22 --> 23 
23 --> 24 
24 --> 25 
25 --> 26 
26 --> 

* FSM state operations: 

State 1 <SV = 0> <Delay = 0.00>
ST_1 : Operation 27 [1/1] (0.00ns)   --->   "%local_output = alloca i64 1"   --->   Operation 27 'alloca' 'local_output' <Predicate = true> <Delay = 0.00> <CoreInst = "FIFO_SRL">   --->   Core 80 'FIFO_SRL' <Latency = 0> <II = 1> <Delay = 3.63> <Storage> <Opcode : 'read' 'write' 'nbread' 'nbwrite'> <Ports = 0> <Width = 168> <Depth = 2> <FIFO>
ST_1 : Operation 28 [1/1] (0.00ns)   --->   "%layer13_out = alloca i64 1"   --->   Operation 28 'alloca' 'layer13_out' <Predicate = true> <Delay = 0.00> <CoreInst = "FIFO">   --->   Core 77 'FIFO' <Latency = 0> <II = 1> <Delay = 3.50> <Storage> <Opcode : 'read' 'write' 'nbread' 'nbwrite'> <Ports = 0> <Width = 20> <Depth = 4223> <FIFO>
ST_1 : Operation 29 [1/1] (0.00ns)   --->   "%layer2_out = alloca i64 1"   --->   Operation 29 'alloca' 'layer2_out' <Predicate = true> <Delay = 0.00> <CoreInst = "FIFO">   --->   Core 77 'FIFO' <Latency = 0> <II = 1> <Delay = 3.52> <Storage> <Opcode : 'read' 'write' 'nbread' 'nbwrite'> <Ports = 0> <Width = 216> <Depth = 1020> <FIFO>
ST_1 : Operation 30 [1/1] (0.00ns)   --->   "%layer3_out = alloca i64 1"   --->   Operation 30 'alloca' 'layer3_out' <Predicate = true> <Delay = 0.00> <CoreInst = "FIFO">   --->   Core 77 'FIFO' <Latency = 0> <II = 1> <Delay = 3.52> <Storage> <Opcode : 'read' 'write' 'nbread' 'nbwrite'> <Ports = 0> <Width = 468> <Depth = 1020> <FIFO>
ST_1 : Operation 31 [1/1] (0.00ns)   --->   "%layer4_out = alloca i64 1"   --->   Operation 31 'alloca' 'layer4_out' <Predicate = true> <Delay = 0.00> <CoreInst = "FIFO">   --->   Core 77 'FIFO' <Latency = 0> <II = 1> <Delay = 3.52> <Storage> <Opcode : 'read' 'write' 'nbread' 'nbwrite'> <Ports = 0> <Width = 240> <Depth = 1020> <FIFO>
ST_1 : Operation 32 [1/1] (0.00ns)   --->   "%layer5_out = alloca i64 1"   --->   Operation 32 'alloca' 'layer5_out' <Predicate = true> <Delay = 0.00> <CoreInst = "FIFO">   --->   Core 77 'FIFO' <Latency = 0> <II = 1> <Delay = 3.54> <Storage> <Opcode : 'read' 'write' 'nbread' 'nbwrite'> <Ports = 0> <Width = 240> <Depth = 250> <FIFO>
ST_1 : Operation 33 [1/1] (0.00ns)   --->   "%layer14_out = alloca i64 1"   --->   Operation 33 'alloca' 'layer14_out' <Predicate = true> <Delay = 0.00> <CoreInst = "FIFO">   --->   Core 77 'FIFO' <Latency = 0> <II = 1> <Delay = 3.59> <Storage> <Opcode : 'read' 'write' 'nbread' 'nbwrite'> <Ports = 0> <Width = 240> <Depth = 324> <FIFO>
ST_1 : Operation 34 [1/1] (0.00ns)   --->   "%layer6_out = alloca i64 1"   --->   Operation 34 'alloca' 'layer6_out' <Predicate = true> <Delay = 0.00> <CoreInst = "FIFO">   --->   Core 77 'FIFO' <Latency = 0> <II = 1> <Delay = 3.54> <Storage> <Opcode : 'read' 'write' 'nbread' 'nbwrite'> <Ports = 0> <Width = 324> <Depth = 250> <FIFO>
ST_1 : Operation 35 [1/1] (0.00ns)   --->   "%layer7_out = alloca i64 1"   --->   Operation 35 'alloca' 'layer7_out' <Predicate = true> <Delay = 0.00> <CoreInst = "FIFO">   --->   Core 77 'FIFO' <Latency = 0> <II = 1> <Delay = 3.54> <Storage> <Opcode : 'read' 'write' 'nbread' 'nbwrite'> <Ports = 0> <Width = 702> <Depth = 250> <FIFO>
ST_1 : Operation 36 [1/1] (0.00ns)   --->   "%layer8_out = alloca i64 1"   --->   Operation 36 'alloca' 'layer8_out' <Predicate = true> <Delay = 0.00> <CoreInst = "FIFO">   --->   Core 77 'FIFO' <Latency = 0> <II = 1> <Delay = 3.54> <Storage> <Opcode : 'read' 'write' 'nbread' 'nbwrite'> <Ports = 0> <Width = 360> <Depth = 250> <FIFO>
ST_1 : Operation 37 [1/1] (0.00ns)   --->   "%layer9_out = alloca i64 1"   --->   Operation 37 'alloca' 'layer9_out' <Predicate = true> <Delay = 0.00> <CoreInst = "FIFO">   --->   Core 77 'FIFO' <Latency = 0> <II = 1> <Delay = 3.65> <Storage> <Opcode : 'read' 'write' 'nbread' 'nbwrite'> <Ports = 0> <Width = 360> <Depth = 25> <FIFO>

State 2 <SV = 1> <Delay = 0.00>
ST_2 : Operation 38 [2/2] (0.00ns)   --->   "%call_ln75 = call void @zeropad2d_cl<array,array<ap_fixed<20,10,5,3,0>,1u>,config13>, i32 %mfcc_input, i20 %layer13_out" [firmware/myproject.cpp:75]   --->   Operation 38 'call' 'call_ln75' <Predicate = true> <Delay = 0.00> <CoreType = "Generic">   --->   Core 0 '' <Latency = 0> <II = 1> <Delay = 1.00> <Generic> <Opcode : >

State 3 <SV = 2> <Delay = 0.00>
ST_3 : Operation 39 [1/2] (0.00ns)   --->   "%call_ln75 = call void @zeropad2d_cl<array,array<ap_fixed<20,10,5,3,0>,1u>,config13>, i32 %mfcc_input, i20 %layer13_out" [firmware/myproject.cpp:75]   --->   Operation 39 'call' 'call_ln75' <Predicate = true> <Delay = 0.00> <CoreType = "Generic">   --->   Core 0 '' <Latency = 0> <II = 1> <Delay = 1.00> <Generic> <Opcode : >

State 4 <SV = 3> <Delay = 0.00>
ST_4 : Operation 40 [2/2] (0.00ns)   --->   "%call_ln77 = call void @conv_2d_cl<array<ap_fixed,1u>,array<ap_fixed<18,8,5,3,0>,12u>,config2>, i20 %layer13_out, i216 %layer2_out, i20 %void_compute_output_buffer_2d_array_const_ap_shift_reg_n_chan_stream_weig_7, i20 %void_compute_output_buffer_2d_array_const_ap_shift_reg_n_chan_stream_weig_8, i20 %void_compute_output_buffer_2d_array_const_ap_shift_reg_n_chan_stream_weig_4, i20 %void_compute_output_buffer_2d_array_const_ap_shift_reg_n_chan_stream_weig_5, i20 %void_compute_output_buffer_2d_array_const_ap_shift_reg_n_chan_stream_weig_1, i20 %void_compute_output_buffer_2d_array_const_ap_shift_reg_n_chan_stream_weig_2, i20 %void_compute_output_buffer_2d_array_const_ap_shift_reg_n_chan_stream_weig_6, i20 %void_compute_output_buffer_2d_array_const_ap_shift_reg_n_chan_stream_weig_3, i20 %void_compute_output_buffer_2d_array_const_ap_shift_reg_n_chan_stream_weig, i20 %void_conv_2d_buffer_resource_cl_stream_stream_weight_t_bias_t_line_buffer_1, i20 %void_conv_2d_buffer_resource_cl_stream_stream_weight_t_bias_t_line_buffer, i32 %sX_2, i32 %sY_2, i32 %pY_2, i32 %pX_2, i4 %outidx_63, i11 %w2" [firmware/myproject.cpp:77]   --->   Operation 40 'call' 'call_ln77' <Predicate = true> <Delay = 0.00> <CoreType = "Generic">   --->   Core 0 '' <Latency = 0> <II = 1> <Delay = 1.00> <Generic> <Opcode : >

State 5 <SV = 4> <Delay = 1.67>
ST_5 : Operation 41 [1/2] (1.67ns)   --->   "%call_ln77 = call void @conv_2d_cl<array<ap_fixed,1u>,array<ap_fixed<18,8,5,3,0>,12u>,config2>, i20 %layer13_out, i216 %layer2_out, i20 %void_compute_output_buffer_2d_array_const_ap_shift_reg_n_chan_stream_weig_7, i20 %void_compute_output_buffer_2d_array_const_ap_shift_reg_n_chan_stream_weig_8, i20 %void_compute_output_buffer_2d_array_const_ap_shift_reg_n_chan_stream_weig_4, i20 %void_compute_output_buffer_2d_array_const_ap_shift_reg_n_chan_stream_weig_5, i20 %void_compute_output_buffer_2d_array_const_ap_shift_reg_n_chan_stream_weig_1, i20 %void_compute_output_buffer_2d_array_const_ap_shift_reg_n_chan_stream_weig_2, i20 %void_compute_output_buffer_2d_array_const_ap_shift_reg_n_chan_stream_weig_6, i20 %void_compute_output_buffer_2d_array_const_ap_shift_reg_n_chan_stream_weig_3, i20 %void_compute_output_buffer_2d_array_const_ap_shift_reg_n_chan_stream_weig, i20 %void_conv_2d_buffer_resource_cl_stream_stream_weight_t_bias_t_line_buffer_1, i20 %void_conv_2d_buffer_resource_cl_stream_stream_weight_t_bias_t_line_buffer, i32 %sX_2, i32 %sY_2, i32 %pY_2, i32 %pX_2, i4 %outidx_63, i11 %w2" [firmware/myproject.cpp:77]   --->   Operation 41 'call' 'call_ln77' <Predicate = true> <Delay = 1.67> <CoreType = "Generic">   --->   Core 0 '' <Latency = 0> <II = 1> <Delay = 1.00> <Generic> <Opcode : >

State 6 <SV = 5> <Delay = 0.00>
ST_6 : Operation 42 [2/2] (0.00ns)   --->   "%call_ln79 = call void @normalize<array<ap_fixed,12u>,array<ap_fixed<39,19,5,3,0>,12u>,config3>, i216 %layer2_out, i468 %layer3_out" [firmware/myproject.cpp:79]   --->   Operation 42 'call' 'call_ln79' <Predicate = true> <Delay = 0.00> <CoreType = "Generic">   --->   Core 0 '' <Latency = 0> <II = 1> <Delay = 1.00> <Generic> <Opcode : >

State 7 <SV = 6> <Delay = 0.00>
ST_7 : Operation 43 [1/2] (0.00ns)   --->   "%call_ln79 = call void @normalize<array<ap_fixed,12u>,array<ap_fixed<39,19,5,3,0>,12u>,config3>, i216 %layer2_out, i468 %layer3_out" [firmware/myproject.cpp:79]   --->   Operation 43 'call' 'call_ln79' <Predicate = true> <Delay = 0.00> <CoreType = "Generic">   --->   Core 0 '' <Latency = 0> <II = 1> <Delay = 1.00> <Generic> <Opcode : >

State 8 <SV = 7> <Delay = 0.00>
ST_8 : Operation 44 [2/2] (0.00ns)   --->   "%call_ln81 = call void @relu<array<ap_fixed,12u>,array<ap_fixed<20,10,5,3,0>,12u>,relu_config4>, i468 %layer3_out, i240 %layer4_out" [firmware/myproject.cpp:81]   --->   Operation 44 'call' 'call_ln81' <Predicate = true> <Delay = 0.00> <CoreType = "Generic">   --->   Core 0 '' <Latency = 0> <II = 1> <Delay = 1.00> <Generic> <Opcode : >

State 9 <SV = 8> <Delay = 4.90>
ST_9 : Operation 45 [1/2] (4.90ns)   --->   "%call_ln81 = call void @relu<array<ap_fixed,12u>,array<ap_fixed<20,10,5,3,0>,12u>,relu_config4>, i468 %layer3_out, i240 %layer4_out" [firmware/myproject.cpp:81]   --->   Operation 45 'call' 'call_ln81' <Predicate = true> <Delay = 4.90> <CoreType = "Generic">   --->   Core 0 '' <Latency = 0> <II = 1> <Delay = 1.00> <Generic> <Opcode : >

State 10 <SV = 9> <Delay = 0.00>
ST_10 : Operation 46 [2/2] (0.00ns)   --->   "%call_ln83 = call void @pooling2d_cl<array,array<ap_fixed<20,10,5,3,0>,12u>,config5>, i240 %layer4_out, i240 %layer5_out, i32 %sY_1, i32 %pY_1, i20 %void_compute_pool_buffer_2d_array_const_ap_shift_reg_n_filt_stream_kernel_19, i20 %p_ZZN4nnet22compute_pool_buffer_2dINS_5arrayI8ap_fixedILi20ELi10EL9ap_q_mode5EL9a_209, i20 %p_ZZN4nnet22compute_pool_buffer_2dINS_5arrayI8ap_fixedILi20ELi10EL9ap_q_mode5EL9a_221, i20 %p_ZZN4nnet22compute_pool_buffer_2dINS_5arrayI8ap_fixedILi20ELi10EL9ap_q_mode5EL9a_233, i20 %void_compute_pool_buffer_2d_array_const_ap_shift_reg_n_filt_stream_kernel_18, i20 %p_ZZN4nnet22compute_pool_buffer_2dINS_5arrayI8ap_fixedILi20ELi10EL9ap_q_mode5EL9a_210, i20 %p_ZZN4nnet22compute_pool_buffer_2dINS_5arrayI8ap_fixedILi20ELi10EL9ap_q_mode5EL9a_222, i20 %p_ZZN4nnet22compute_pool_buffer_2dINS_5arrayI8ap_fixedILi20ELi10EL9ap_q_mode5EL9a_234, i20 %void_compute_pool_buffer_2d_array_const_ap_shift_reg_n_filt_stream_kernel_17, i20 %p_ZZN4nnet22compute_pool_buffer_2dINS_5arrayI8ap_fixedILi20ELi10EL9ap_q_mode5EL9a_211, i20 %p_ZZN4nnet22compute_pool_buffer_2dINS_5arrayI8ap_fixedILi20ELi10EL9ap_q_mode5EL9a_223, i20 %p_ZZN4nnet22compute_pool_buffer_2dINS_5arrayI8ap_fixedILi20ELi10EL9ap_q_mode5EL9a_235, i20 %void_compute_pool_buffer_2d_array_const_ap_shift_reg_n_filt_stream_kernel_16, i20 %p_ZZN4nnet22compute_pool_buffer_2dINS_5arrayI8ap_fixedILi20ELi10EL9ap_q_mode5EL9a_212, i20 %p_ZZN4nnet22compute_pool_buffer_2dINS_5arrayI8ap_fixedILi20ELi10EL9ap_q_mode5EL9a_224, i20 %p_ZZN4nnet22compute_pool_buffer_2dINS_5arrayI8ap_fixedILi20ELi10EL9ap_q_mode5EL9a_236, i20 %void_compute_pool_buffer_2d_array_const_ap_shift_reg_n_filt_stream_kernel_15, i20 %p_ZZN4nnet22compute_pool_buffer_2dINS_5arrayI8ap_fixedILi20ELi10EL9ap_q_mode5EL9a_213, i20 %p_ZZN4nnet22compute_pool_buffer_2dINS_5arrayI8ap_fixedILi20ELi10EL9ap_q_mode5EL9a_225, i20 %p_ZZN4nnet22compute_pool_buffer_2dINS_5arrayI8ap_fixedILi20ELi10EL9ap_q_mode5EL9a_237, i20 %void_compute_pool_buffer_2d_array_const_ap_shift_reg_n_filt_stream_kernel_14, i20 %p_ZZN4nnet22compute_pool_buffer_2dINS_5arrayI8ap_fixedILi20ELi10EL9ap_q_mode5EL9a_214, i20 %p_ZZN4nnet22compute_pool_buffer_2dINS_5arrayI8ap_fixedILi20ELi10EL9ap_q_mode5EL9a_226, i20 %p_ZZN4nnet22compute_pool_buffer_2dINS_5arrayI8ap_fixedILi20ELi10EL9ap_q_mode5EL9a_238, i20 %void_compute_pool_buffer_2d_array_const_ap_shift_reg_n_filt_stream_kernel_13, i20 %p_ZZN4nnet22compute_pool_buffer_2dINS_5arrayI8ap_fixedILi20ELi10EL9ap_q_mode5EL9a_215, i20 %p_ZZN4nnet22compute_pool_buffer_2dINS_5arrayI8ap_fixedILi20ELi10EL9ap_q_mode5EL9a_227, i20 %p_ZZN4nnet22compute_pool_buffer_2dINS_5arrayI8ap_fixedILi20ELi10EL9ap_q_mode5EL9a_239, i20 %void_compute_pool_buffer_2d_array_const_ap_shift_reg_n_filt_stream_kernel_12, i20 %p_ZZN4nnet22compute_pool_buffer_2dINS_5arrayI8ap_fixedILi20ELi10EL9ap_q_mode5EL9a_216, i20 %p_ZZN4nnet22compute_pool_buffer_2dINS_5arrayI8ap_fixedILi20ELi10EL9ap_q_mode5EL9a_228, i20 %p_ZZN4nnet22compute_pool_buffer_2dINS_5arrayI8ap_fixedILi20ELi10EL9ap_q_mode5EL9a_240, i20 %void_compute_pool_buffer_2d_array_const_ap_shift_reg_n_filt_stream_kernel_11, i20 %p_ZZN4nnet22compute_pool_buffer_2dINS_5arrayI8ap_fixedILi20ELi10EL9ap_q_mode5EL9a_217, i20 %p_ZZN4nnet22compute_pool_buffer_2dINS_5arrayI8ap_fixedILi20ELi10EL9ap_q_mode5EL9a_229, i20 %p_ZZN4nnet22compute_pool_buffer_2dINS_5arrayI8ap_fixedILi20ELi10EL9ap_q_mode5EL9a_241, i20 %void_compute_pool_buffer_2d_array_const_ap_shift_reg_n_filt_stream_kernel_10, i20 %p_ZZN4nnet22compute_pool_buffer_2dINS_5arrayI8ap_fixedILi20ELi10EL9ap_q_mode5EL9a_218, i20 %p_ZZN4nnet22compute_pool_buffer_2dINS_5arrayI8ap_fixedILi20ELi10EL9ap_q_mode5EL9a_230, i20 %p_ZZN4nnet22compute_pool_buffer_2dINS_5arrayI8ap_fixedILi20ELi10EL9ap_q_mode5EL9a_242, i20 %p_ZZN4nnet22compute_pool_buffer_2dINS_5arrayI8ap_fixedILi20ELi10EL9ap_q_mode5EL9a_207, i20 %p_ZZN4nnet22compute_pool_buffer_2dINS_5arrayI8ap_fixedILi20ELi10EL9ap_q_mode5EL9a_219, i20 %p_ZZN4nnet22compute_pool_buffer_2dINS_5arrayI8ap_fixedILi20ELi10EL9ap_q_mode5EL9a_231, i20 %p_ZZN4nnet22compute_pool_buffer_2dINS_5arrayI8ap_fixedILi20ELi10EL9ap_q_mode5EL9a_243, i20 %p_ZZN4nnet22compute_pool_buffer_2dINS_5arrayI8ap_fixedILi20ELi10EL9ap_q_mode5EL9a_208, i20 %p_ZZN4nnet22compute_pool_buffer_2dINS_5arrayI8ap_fixedILi20ELi10EL9ap_q_mode5EL9a_220, i20 %p_ZZN4nnet22compute_pool_buffer_2dINS_5arrayI8ap_fixedILi20ELi10EL9ap_q_mode5EL9a_232, i20 %p_ZZN4nnet22compute_pool_buffer_2dINS_5arrayI8ap_fixedILi20ELi10EL9ap_q_mode5EL9a_244, i32 %pX_1, i32 %sX_1, i20 %void_pooling2d_cl_stream_stream_array_ap_fixed_12u_0_line_buffer_9, i20 %void_pooling2d_cl_stream_stream_array_ap_fixed_12u_0_line_buffer_8, i20 %void_pooling2d_cl_stream_stream_array_ap_fixed_12u_0_line_buffer_7, i20 %void_pooling2d_cl_stream_stream_array_ap_fixed_12u_0_line_buffer_6, i20 %void_pooling2d_cl_stream_stream_array_ap_fixed_12u_0_line_buffer_5, i20 %void_pooling2d_cl_stream_stream_array_ap_fixed_12u_0_line_buffer_4, i20 %void_pooling2d_cl_stream_stream_array_ap_fixed_12u_0_line_buffer_3, i20 %void_pooling2d_cl_stream_stream_array_ap_fixed_12u_0_line_buffer_2, i20 %void_pooling2d_cl_stream_stream_array_ap_fixed_12u_0_line_buffer_1, i20 %void_pooling2d_cl_stream_stream_array_ap_fixed_12u_0_line_buffer, i20 %p_ZZN4nnet12pooling2d_clINS_5arrayI8ap_fixedILi20ELi10EL9ap_q_mode5EL9ap_o_mode3E_9, i20 %p_ZZN4nnet12pooling2d_clINS_5arrayI8ap_fixedILi20ELi10EL9ap_q_mode5EL9ap_o_mode3E_8" [firmware/myproject.cpp:83]   --->   Operation 46 'call' 'call_ln83' <Predicate = true> <Delay = 0.00> <CoreType = "Generic">   --->   Core 0 '' <Latency = 0> <II = 1> <Delay = 1.00> <Generic> <Opcode : >

State 11 <SV = 10> <Delay = 0.00>
ST_11 : Operation 47 [1/2] (0.00ns)   --->   "%call_ln83 = call void @pooling2d_cl<array,array<ap_fixed<20,10,5,3,0>,12u>,config5>, i240 %layer4_out, i240 %layer5_out, i32 %sY_1, i32 %pY_1, i20 %void_compute_pool_buffer_2d_array_const_ap_shift_reg_n_filt_stream_kernel_19, i20 %p_ZZN4nnet22compute_pool_buffer_2dINS_5arrayI8ap_fixedILi20ELi10EL9ap_q_mode5EL9a_209, i20 %p_ZZN4nnet22compute_pool_buffer_2dINS_5arrayI8ap_fixedILi20ELi10EL9ap_q_mode5EL9a_221, i20 %p_ZZN4nnet22compute_pool_buffer_2dINS_5arrayI8ap_fixedILi20ELi10EL9ap_q_mode5EL9a_233, i20 %void_compute_pool_buffer_2d_array_const_ap_shift_reg_n_filt_stream_kernel_18, i20 %p_ZZN4nnet22compute_pool_buffer_2dINS_5arrayI8ap_fixedILi20ELi10EL9ap_q_mode5EL9a_210, i20 %p_ZZN4nnet22compute_pool_buffer_2dINS_5arrayI8ap_fixedILi20ELi10EL9ap_q_mode5EL9a_222, i20 %p_ZZN4nnet22compute_pool_buffer_2dINS_5arrayI8ap_fixedILi20ELi10EL9ap_q_mode5EL9a_234, i20 %void_compute_pool_buffer_2d_array_const_ap_shift_reg_n_filt_stream_kernel_17, i20 %p_ZZN4nnet22compute_pool_buffer_2dINS_5arrayI8ap_fixedILi20ELi10EL9ap_q_mode5EL9a_211, i20 %p_ZZN4nnet22compute_pool_buffer_2dINS_5arrayI8ap_fixedILi20ELi10EL9ap_q_mode5EL9a_223, i20 %p_ZZN4nnet22compute_pool_buffer_2dINS_5arrayI8ap_fixedILi20ELi10EL9ap_q_mode5EL9a_235, i20 %void_compute_pool_buffer_2d_array_const_ap_shift_reg_n_filt_stream_kernel_16, i20 %p_ZZN4nnet22compute_pool_buffer_2dINS_5arrayI8ap_fixedILi20ELi10EL9ap_q_mode5EL9a_212, i20 %p_ZZN4nnet22compute_pool_buffer_2dINS_5arrayI8ap_fixedILi20ELi10EL9ap_q_mode5EL9a_224, i20 %p_ZZN4nnet22compute_pool_buffer_2dINS_5arrayI8ap_fixedILi20ELi10EL9ap_q_mode5EL9a_236, i20 %void_compute_pool_buffer_2d_array_const_ap_shift_reg_n_filt_stream_kernel_15, i20 %p_ZZN4nnet22compute_pool_buffer_2dINS_5arrayI8ap_fixedILi20ELi10EL9ap_q_mode5EL9a_213, i20 %p_ZZN4nnet22compute_pool_buffer_2dINS_5arrayI8ap_fixedILi20ELi10EL9ap_q_mode5EL9a_225, i20 %p_ZZN4nnet22compute_pool_buffer_2dINS_5arrayI8ap_fixedILi20ELi10EL9ap_q_mode5EL9a_237, i20 %void_compute_pool_buffer_2d_array_const_ap_shift_reg_n_filt_stream_kernel_14, i20 %p_ZZN4nnet22compute_pool_buffer_2dINS_5arrayI8ap_fixedILi20ELi10EL9ap_q_mode5EL9a_214, i20 %p_ZZN4nnet22compute_pool_buffer_2dINS_5arrayI8ap_fixedILi20ELi10EL9ap_q_mode5EL9a_226, i20 %p_ZZN4nnet22compute_pool_buffer_2dINS_5arrayI8ap_fixedILi20ELi10EL9ap_q_mode5EL9a_238, i20 %void_compute_pool_buffer_2d_array_const_ap_shift_reg_n_filt_stream_kernel_13, i20 %p_ZZN4nnet22compute_pool_buffer_2dINS_5arrayI8ap_fixedILi20ELi10EL9ap_q_mode5EL9a_215, i20 %p_ZZN4nnet22compute_pool_buffer_2dINS_5arrayI8ap_fixedILi20ELi10EL9ap_q_mode5EL9a_227, i20 %p_ZZN4nnet22compute_pool_buffer_2dINS_5arrayI8ap_fixedILi20ELi10EL9ap_q_mode5EL9a_239, i20 %void_compute_pool_buffer_2d_array_const_ap_shift_reg_n_filt_stream_kernel_12, i20 %p_ZZN4nnet22compute_pool_buffer_2dINS_5arrayI8ap_fixedILi20ELi10EL9ap_q_mode5EL9a_216, i20 %p_ZZN4nnet22compute_pool_buffer_2dINS_5arrayI8ap_fixedILi20ELi10EL9ap_q_mode5EL9a_228, i20 %p_ZZN4nnet22compute_pool_buffer_2dINS_5arrayI8ap_fixedILi20ELi10EL9ap_q_mode5EL9a_240, i20 %void_compute_pool_buffer_2d_array_const_ap_shift_reg_n_filt_stream_kernel_11, i20 %p_ZZN4nnet22compute_pool_buffer_2dINS_5arrayI8ap_fixedILi20ELi10EL9ap_q_mode5EL9a_217, i20 %p_ZZN4nnet22compute_pool_buffer_2dINS_5arrayI8ap_fixedILi20ELi10EL9ap_q_mode5EL9a_229, i20 %p_ZZN4nnet22compute_pool_buffer_2dINS_5arrayI8ap_fixedILi20ELi10EL9ap_q_mode5EL9a_241, i20 %void_compute_pool_buffer_2d_array_const_ap_shift_reg_n_filt_stream_kernel_10, i20 %p_ZZN4nnet22compute_pool_buffer_2dINS_5arrayI8ap_fixedILi20ELi10EL9ap_q_mode5EL9a_218, i20 %p_ZZN4nnet22compute_pool_buffer_2dINS_5arrayI8ap_fixedILi20ELi10EL9ap_q_mode5EL9a_230, i20 %p_ZZN4nnet22compute_pool_buffer_2dINS_5arrayI8ap_fixedILi20ELi10EL9ap_q_mode5EL9a_242, i20 %p_ZZN4nnet22compute_pool_buffer_2dINS_5arrayI8ap_fixedILi20ELi10EL9ap_q_mode5EL9a_207, i20 %p_ZZN4nnet22compute_pool_buffer_2dINS_5arrayI8ap_fixedILi20ELi10EL9ap_q_mode5EL9a_219, i20 %p_ZZN4nnet22compute_pool_buffer_2dINS_5arrayI8ap_fixedILi20ELi10EL9ap_q_mode5EL9a_231, i20 %p_ZZN4nnet22compute_pool_buffer_2dINS_5arrayI8ap_fixedILi20ELi10EL9ap_q_mode5EL9a_243, i20 %p_ZZN4nnet22compute_pool_buffer_2dINS_5arrayI8ap_fixedILi20ELi10EL9ap_q_mode5EL9a_208, i20 %p_ZZN4nnet22compute_pool_buffer_2dINS_5arrayI8ap_fixedILi20ELi10EL9ap_q_mode5EL9a_220, i20 %p_ZZN4nnet22compute_pool_buffer_2dINS_5arrayI8ap_fixedILi20ELi10EL9ap_q_mode5EL9a_232, i20 %p_ZZN4nnet22compute_pool_buffer_2dINS_5arrayI8ap_fixedILi20ELi10EL9ap_q_mode5EL9a_244, i32 %pX_1, i32 %sX_1, i20 %void_pooling2d_cl_stream_stream_array_ap_fixed_12u_0_line_buffer_9, i20 %void_pooling2d_cl_stream_stream_array_ap_fixed_12u_0_line_buffer_8, i20 %void_pooling2d_cl_stream_stream_array_ap_fixed_12u_0_line_buffer_7, i20 %void_pooling2d_cl_stream_stream_array_ap_fixed_12u_0_line_buffer_6, i20 %void_pooling2d_cl_stream_stream_array_ap_fixed_12u_0_line_buffer_5, i20 %void_pooling2d_cl_stream_stream_array_ap_fixed_12u_0_line_buffer_4, i20 %void_pooling2d_cl_stream_stream_array_ap_fixed_12u_0_line_buffer_3, i20 %void_pooling2d_cl_stream_stream_array_ap_fixed_12u_0_line_buffer_2, i20 %void_pooling2d_cl_stream_stream_array_ap_fixed_12u_0_line_buffer_1, i20 %void_pooling2d_cl_stream_stream_array_ap_fixed_12u_0_line_buffer, i20 %p_ZZN4nnet12pooling2d_clINS_5arrayI8ap_fixedILi20ELi10EL9ap_q_mode5EL9ap_o_mode3E_9, i20 %p_ZZN4nnet12pooling2d_clINS_5arrayI8ap_fixedILi20ELi10EL9ap_q_mode5EL9ap_o_mode3E_8" [firmware/myproject.cpp:83]   --->   Operation 47 'call' 'call_ln83' <Predicate = true> <Delay = 0.00> <CoreType = "Generic">   --->   Core 0 '' <Latency = 0> <II = 1> <Delay = 1.00> <Generic> <Opcode : >

State 12 <SV = 11> <Delay = 0.00>
ST_12 : Operation 48 [2/2] (0.00ns)   --->   "%call_ln85 = call void @zeropad2d_cl<array,array<ap_fixed<20,10,5,3,0>,12u>,config14>, i240 %layer5_out, i240 %layer14_out" [firmware/myproject.cpp:85]   --->   Operation 48 'call' 'call_ln85' <Predicate = true> <Delay = 0.00> <CoreType = "Generic">   --->   Core 0 '' <Latency = 0> <II = 1> <Delay = 1.00> <Generic> <Opcode : >

State 13 <SV = 12> <Delay = 0.00>
ST_13 : Operation 49 [1/2] (0.00ns)   --->   "%call_ln85 = call void @zeropad2d_cl<array,array<ap_fixed<20,10,5,3,0>,12u>,config14>, i240 %layer5_out, i240 %layer14_out" [firmware/myproject.cpp:85]   --->   Operation 49 'call' 'call_ln85' <Predicate = true> <Delay = 0.00> <CoreType = "Generic">   --->   Core 0 '' <Latency = 0> <II = 1> <Delay = 1.00> <Generic> <Opcode : >

State 14 <SV = 13> <Delay = 0.00>
ST_14 : Operation 50 [2/2] (0.00ns)   --->   "%call_ln87 = call void @conv_2d_cl<array<ap_fixed,12u>,array<ap_fixed<18,8,5,3,0>,18u>,config6>, i240 %layer14_out, i324 %layer6_out, i20 %p_ZZN4nnet24compute_output_buffer_2dINS_5arrayI8ap_fixedILi20ELi10EL9ap_q_mode5EL_87, i20 %void_compute_output_buffer_2d_array_const_ap_shift_reg_n_chan_stream_weig_18, i20 %p_ZZN4nnet24compute_output_buffer_2dINS_5arrayI8ap_fixedILi20ELi10EL9ap_q_mode5EL_86, i20 %void_compute_output_buffer_2d_array_const_ap_shift_reg_n_chan_stream_weig_17, i20 %p_ZZN4nnet24compute_output_buffer_2dINS_5arrayI8ap_fixedILi20ELi10EL9ap_q_mode5EL_85, i20 %void_compute_output_buffer_2d_array_const_ap_shift_reg_n_chan_stream_weig_16, i20 %p_ZZN4nnet24compute_output_buffer_2dINS_5arrayI8ap_fixedILi20ELi10EL9ap_q_mode5EL_84, i20 %void_compute_output_buffer_2d_array_const_ap_shift_reg_n_chan_stream_weig_15, i20 %p_ZZN4nnet24compute_output_buffer_2dINS_5arrayI8ap_fixedILi20ELi10EL9ap_q_mode5EL_83, i20 %void_compute_output_buffer_2d_array_const_ap_shift_reg_n_chan_stream_weig_14, i20 %p_ZZN4nnet24compute_output_buffer_2dINS_5arrayI8ap_fixedILi20ELi10EL9ap_q_mode5EL_82, i20 %void_compute_output_buffer_2d_array_const_ap_shift_reg_n_chan_stream_weig_13, i20 %p_ZZN4nnet24compute_output_buffer_2dINS_5arrayI8ap_fixedILi20ELi10EL9ap_q_mode5EL_81, i20 %void_compute_output_buffer_2d_array_const_ap_shift_reg_n_chan_stream_weig_12, i20 %p_ZZN4nnet24compute_output_buffer_2dINS_5arrayI8ap_fixedILi20ELi10EL9ap_q_mode5EL_80, i20 %void_compute_output_buffer_2d_array_const_ap_shift_reg_n_chan_stream_weig_11, i20 %p_ZZN4nnet24compute_output_buffer_2dINS_5arrayI8ap_fixedILi20ELi10EL9ap_q_mode5EL_79, i20 %void_compute_output_buffer_2d_array_const_ap_shift_reg_n_chan_stream_weig_10, i20 %p_ZZN4nnet24compute_output_buffer_2dINS_5arrayI8ap_fixedILi20ELi10EL9ap_q_mode5EL_78, i20 %void_compute_output_buffer_2d_array_const_ap_shift_reg_n_chan_stream_weig_9, i20 %p_ZZN4nnet24compute_output_buffer_2dINS_5arrayI8ap_fixedILi20ELi10EL9ap_q_mode5EL_77, i20 %p_ZZN4nnet24compute_output_buffer_2dINS_5arrayI8ap_fixedILi20ELi10EL9ap_q_mode5EL_97, i20 %p_ZZN4nnet24compute_output_buffer_2dINS_5arrayI8ap_fixedILi20ELi10EL9ap_q_mode5EL_76, i20 %p_ZZN4nnet24compute_output_buffer_2dINS_5arrayI8ap_fixedILi20ELi10EL9ap_q_mode5EL_88, i20 %p_ZZN4nnet24compute_output_buffer_2dINS_5arrayI8ap_fixedILi20ELi10EL9ap_q_mode5EL_51, i20 %p_ZZN4nnet24compute_output_buffer_2dINS_5arrayI8ap_fixedILi20ELi10EL9ap_q_mode5EL_63, i20 %p_ZZN4nnet24compute_output_buffer_2dINS_5arrayI8ap_fixedILi20ELi10EL9ap_q_mode5EL_50, i20 %p_ZZN4nnet24compute_output_buffer_2dINS_5arrayI8ap_fixedILi20ELi10EL9ap_q_mode5EL_62, i20 %p_ZZN4nnet24compute_output_buffer_2dINS_5arrayI8ap_fixedILi20ELi10EL9ap_q_mode5EL_49, i20 %p_ZZN4nnet24compute_output_buffer_2dINS_5arrayI8ap_fixedILi20ELi10EL9ap_q_mode5EL_61, i20 %p_ZZN4nnet24compute_output_buffer_2dINS_5arrayI8ap_fixedILi20ELi10EL9ap_q_mode5EL_48, i20 %p_ZZN4nnet24compute_output_buffer_2dINS_5arrayI8ap_fixedILi20ELi10EL9ap_q_mode5EL_60, i20 %p_ZZN4nnet24compute_output_buffer_2dINS_5arrayI8ap_fixedILi20ELi10EL9ap_q_mode5EL_47, i20 %p_ZZN4nnet24compute_output_buffer_2dINS_5arrayI8ap_fixedILi20ELi10EL9ap_q_mode5EL_59, i20 %p_ZZN4nnet24compute_output_buffer_2dINS_5arrayI8ap_fixedILi20ELi10EL9ap_q_mode5EL_46, i20 %p_ZZN4nnet24compute_output_buffer_2dINS_5arrayI8ap_fixedILi20ELi10EL9ap_q_mode5EL_58, i20 %p_ZZN4nnet24compute_output_buffer_2dINS_5arrayI8ap_fixedILi20ELi10EL9ap_q_mode5EL_45, i20 %p_ZZN4nnet24compute_output_buffer_2dINS_5arrayI8ap_fixedILi20ELi10EL9ap_q_mode5EL_57, i20 %p_ZZN4nnet24compute_output_buffer_2dINS_5arrayI8ap_fixedILi20ELi10EL9ap_q_mode5EL_44, i20 %p_ZZN4nnet24compute_output_buffer_2dINS_5arrayI8ap_fixedILi20ELi10EL9ap_q_mode5EL_56, i20 %p_ZZN4nnet24compute_output_buffer_2dINS_5arrayI8ap_fixedILi20ELi10EL9ap_q_mode5EL_43, i20 %p_ZZN4nnet24compute_output_buffer_2dINS_5arrayI8ap_fixedILi20ELi10EL9ap_q_mode5EL_55, i20 %p_ZZN4nnet24compute_output_buffer_2dINS_5arrayI8ap_fixedILi20ELi10EL9ap_q_mode5EL_42, i20 %p_ZZN4nnet24compute_output_buffer_2dINS_5arrayI8ap_fixedILi20ELi10EL9ap_q_mode5EL_54, i20 %p_ZZN4nnet24compute_output_buffer_2dINS_5arrayI8ap_fixedILi20ELi10EL9ap_q_mode5EL_41, i20 %p_ZZN4nnet24compute_output_buffer_2dINS_5arrayI8ap_fixedILi20ELi10EL9ap_q_mode5EL_53, i20 %p_ZZN4nnet24compute_output_buffer_2dINS_5arrayI8ap_fixedILi20ELi10EL9ap_q_mode5EL_40, i20 %p_ZZN4nnet24compute_output_buffer_2dINS_5arrayI8ap_fixedILi20ELi10EL9ap_q_mode5EL_52, i20 %p_ZZN4nnet24compute_output_buffer_2dINS_5arrayI8ap_fixedILi20ELi10EL9ap_q_mode5EL_15, i20 %p_ZZN4nnet24compute_output_buffer_2dINS_5arrayI8ap_fixedILi20ELi10EL9ap_q_mode5EL_27, i20 %p_ZZN4nnet24compute_output_buffer_2dINS_5arrayI8ap_fixedILi20ELi10EL9ap_q_mode5EL_14, i20 %p_ZZN4nnet24compute_output_buffer_2dINS_5arrayI8ap_fixedILi20ELi10EL9ap_q_mode5EL_26, i20 %p_ZZN4nnet24compute_output_buffer_2dINS_5arrayI8ap_fixedILi20ELi10EL9ap_q_mode5EL_13, i20 %p_ZZN4nnet24compute_output_buffer_2dINS_5arrayI8ap_fixedILi20ELi10EL9ap_q_mode5EL_25, i20 %p_ZZN4nnet24compute_output_buffer_2dINS_5arrayI8ap_fixedILi20ELi10EL9ap_q_mode5EL_12, i20 %p_ZZN4nnet24compute_output_buffer_2dINS_5arrayI8ap_fixedILi20ELi10EL9ap_q_mode5EL_24, i20 %p_ZZN4nnet24compute_output_buffer_2dINS_5arrayI8ap_fixedILi20ELi10EL9ap_q_mode5EL_11, i20 %p_ZZN4nnet24compute_output_buffer_2dINS_5arrayI8ap_fixedILi20ELi10EL9ap_q_mode5EL_23, i20 %p_ZZN4nnet24compute_output_buffer_2dINS_5arrayI8ap_fixedILi20ELi10EL9ap_q_mode5EL_10, i20 %p_ZZN4nnet24compute_output_buffer_2dINS_5arrayI8ap_fixedILi20ELi10EL9ap_q_mode5EL_22, i20 %p_ZZN4nnet24compute_output_buffer_2dINS_5arrayI8ap_fixedILi20ELi10EL9ap_q_mode5EL_9, i20 %p_ZZN4nnet24compute_output_buffer_2dINS_5arrayI8ap_fixedILi20ELi10EL9ap_q_mode5EL_21, i20 %p_ZZN4nnet24compute_output_buffer_2dINS_5arrayI8ap_fixedILi20ELi10EL9ap_q_mode5EL_8, i20 %p_ZZN4nnet24compute_output_buffer_2dINS_5arrayI8ap_fixedILi20ELi10EL9ap_q_mode5EL_20, i20 %p_ZZN4nnet24compute_output_buffer_2dINS_5arrayI8ap_fixedILi20ELi10EL9ap_q_mode5EL_7, i20 %p_ZZN4nnet24compute_output_buffer_2dINS_5arrayI8ap_fixedILi20ELi10EL9ap_q_mode5EL_19, i20 %p_ZZN4nnet24compute_output_buffer_2dINS_5arrayI8ap_fixedILi20ELi10EL9ap_q_mode5EL_6, i20 %p_ZZN4nnet24compute_output_buffer_2dINS_5arrayI8ap_fixedILi20ELi10EL9ap_q_mode5EL_18, i20 %p_ZZN4nnet24compute_output_buffer_2dINS_5arrayI8ap_fixedILi20ELi10EL9ap_q_mode5EL_5, i20 %p_ZZN4nnet24compute_output_buffer_2dINS_5arrayI8ap_fixedILi20ELi10EL9ap_q_mode5EL_17, i20 %p_ZZN4nnet24compute_output_buffer_2dINS_5arrayI8ap_fixedILi20ELi10EL9ap_q_mode5EL_4, i20 %p_ZZN4nnet24compute_output_buffer_2dINS_5arrayI8ap_fixedILi20ELi10EL9ap_q_mode5EL_16, i20 %p_ZZN4nnet24compute_output_buffer_2dINS_5arrayI8ap_fixedILi20ELi10EL9ap_q_mode5EL_75, i20 %p_ZZN4nnet24compute_output_buffer_2dINS_5arrayI8ap_fixedILi20ELi10EL9ap_q_mode5EL_74, i20 %p_ZZN4nnet24compute_output_buffer_2dINS_5arrayI8ap_fixedILi20ELi10EL9ap_q_mode5EL_73, i20 %p_ZZN4nnet24compute_output_buffer_2dINS_5arrayI8ap_fixedILi20ELi10EL9ap_q_mode5EL_72, i20 %p_ZZN4nnet24compute_output_buffer_2dINS_5arrayI8ap_fixedILi20ELi10EL9ap_q_mode5EL_71, i20 %p_ZZN4nnet24compute_output_buffer_2dINS_5arrayI8ap_fixedILi20ELi10EL9ap_q_mode5EL_70, i20 %p_ZZN4nnet24compute_output_buffer_2dINS_5arrayI8ap_fixedILi20ELi10EL9ap_q_mode5EL_69, i20 %p_ZZN4nnet24compute_output_buffer_2dINS_5arrayI8ap_fixedILi20ELi10EL9ap_q_mode5EL_68, i20 %p_ZZN4nnet24compute_output_buffer_2dINS_5arrayI8ap_fixedILi20ELi10EL9ap_q_mode5EL_67, i20 %p_ZZN4nnet24compute_output_buffer_2dINS_5arrayI8ap_fixedILi20ELi10EL9ap_q_mode5EL_66, i20 %p_ZZN4nnet24compute_output_buffer_2dINS_5arrayI8ap_fixedILi20ELi10EL9ap_q_mode5EL_65, i20 %p_ZZN4nnet24compute_output_buffer_2dINS_5arrayI8ap_fixedILi20ELi10EL9ap_q_mode5EL_64, i20 %p_ZZN4nnet24compute_output_buffer_2dINS_5arrayI8ap_fixedILi20ELi10EL9ap_q_mode5EL_39, i20 %p_ZZN4nnet24compute_output_buffer_2dINS_5arrayI8ap_fixedILi20ELi10EL9ap_q_mode5EL_38, i20 %p_ZZN4nnet24compute_output_buffer_2dINS_5arrayI8ap_fixedILi20ELi10EL9ap_q_mode5EL_37, i20 %p_ZZN4nnet24compute_output_buffer_2dINS_5arrayI8ap_fixedILi20ELi10EL9ap_q_mode5EL_36, i20 %p_ZZN4nnet24compute_output_buffer_2dINS_5arrayI8ap_fixedILi20ELi10EL9ap_q_mode5EL_35, i20 %p_ZZN4nnet24compute_output_buffer_2dINS_5arrayI8ap_fixedILi20ELi10EL9ap_q_mode5EL_34, i20 %p_ZZN4nnet24compute_output_buffer_2dINS_5arrayI8ap_fixedILi20ELi10EL9ap_q_mode5EL_33, i20 %p_ZZN4nnet24compute_output_buffer_2dINS_5arrayI8ap_fixedILi20ELi10EL9ap_q_mode5EL_32, i20 %p_ZZN4nnet24compute_output_buffer_2dINS_5arrayI8ap_fixedILi20ELi10EL9ap_q_mode5EL_31, i20 %p_ZZN4nnet24compute_output_buffer_2dINS_5arrayI8ap_fixedILi20ELi10EL9ap_q_mode5EL_30, i20 %p_ZZN4nnet24compute_output_buffer_2dINS_5arrayI8ap_fixedILi20ELi10EL9ap_q_mode5EL_29, i20 %p_ZZN4nnet24compute_output_buffer_2dINS_5arrayI8ap_fixedILi20ELi10EL9ap_q_mode5EL_28, i20 %p_ZZN4nnet24compute_output_buffer_2dINS_5arrayI8ap_fixedILi20ELi10EL9ap_q_mode5EL_3, i20 %p_ZZN4nnet24compute_output_buffer_2dINS_5arrayI8ap_fixedILi20ELi10EL9ap_q_mode5EL_2, i20 %p_ZZN4nnet24compute_output_buffer_2dINS_5arrayI8ap_fixedILi20ELi10EL9ap_q_mode5EL_1, i20 %p_ZZN4nnet24compute_output_buffer_2dINS_5arrayI8ap_fixedILi20ELi10EL9ap_q_mode5EL, i20 %p_ZZN4nnet24compute_output_buffer_2dINS_5arrayI8ap_fixedILi20ELi10EL9ap_q_mode5EL_96, i20 %p_ZZN4nnet24compute_output_buffer_2dINS_5arrayI8ap_fixedILi20ELi10EL9ap_q_mode5EL_95, i20 %p_ZZN4nnet24compute_output_buffer_2dINS_5arrayI8ap_fixedILi20ELi10EL9ap_q_mode5EL_94, i20 %p_ZZN4nnet24compute_output_buffer_2dINS_5arrayI8ap_fixedILi20ELi10EL9ap_q_mode5EL_93, i20 %p_ZZN4nnet24compute_output_buffer_2dINS_5arrayI8ap_fixedILi20ELi10EL9ap_q_mode5EL_92, i20 %p_ZZN4nnet24compute_output_buffer_2dINS_5arrayI8ap_fixedILi20ELi10EL9ap_q_mode5EL_91, i20 %p_ZZN4nnet24compute_output_buffer_2dINS_5arrayI8ap_fixedILi20ELi10EL9ap_q_mode5EL_90, i20 %p_ZZN4nnet24compute_output_buffer_2dINS_5arrayI8ap_fixedILi20ELi10EL9ap_q_mode5EL_89, i20 %p_ZZN4nnet26conv_2d_buffer_resource_clINS_5arrayI8ap_fixedILi20ELi10EL9ap_q_mode5_23, i20 %p_ZZN4nnet26conv_2d_buffer_resource_clINS_5arrayI8ap_fixedILi20ELi10EL9ap_q_mode5_11, i20 %p_ZZN4nnet26conv_2d_buffer_resource_clINS_5arrayI8ap_fixedILi20ELi10EL9ap_q_mode5_22, i20 %p_ZZN4nnet26conv_2d_buffer_resource_clINS_5arrayI8ap_fixedILi20ELi10EL9ap_q_mode5_10, i20 %p_ZZN4nnet26conv_2d_buffer_resource_clINS_5arrayI8ap_fixedILi20ELi10EL9ap_q_mode5_19, i20 %p_ZZN4nnet26conv_2d_buffer_resource_clINS_5arrayI8ap_fixedILi20ELi10EL9ap_q_mode5_7, i20 %p_ZZN4nnet26conv_2d_buffer_resource_clINS_5arrayI8ap_fixedILi20ELi10EL9ap_q_mode5_18, i20 %p_ZZN4nnet26conv_2d_buffer_resource_clINS_5arrayI8ap_fixedILi20ELi10EL9ap_q_mode5_6, i20 %p_ZZN4nnet26conv_2d_buffer_resource_clINS_5arrayI8ap_fixedILi20ELi10EL9ap_q_mode5_17, i20 %p_ZZN4nnet26conv_2d_buffer_resource_clINS_5arrayI8ap_fixedILi20ELi10EL9ap_q_mode5_5, i20 %p_ZZN4nnet26conv_2d_buffer_resource_clINS_5arrayI8ap_fixedILi20ELi10EL9ap_q_mode5_16, i20 %p_ZZN4nnet26conv_2d_buffer_resource_clINS_5arrayI8ap_fixedILi20ELi10EL9ap_q_mode5_4, i20 %p_ZZN4nnet26conv_2d_buffer_resource_clINS_5arrayI8ap_fixedILi20ELi10EL9ap_q_mode5_15, i20 %p_ZZN4nnet26conv_2d_buffer_resource_clINS_5arrayI8ap_fixedILi20ELi10EL9ap_q_mode5_3, i20 %p_ZZN4nnet26conv_2d_buffer_resource_clINS_5arrayI8ap_fixedILi20ELi10EL9ap_q_mode5_14, i20 %p_ZZN4nnet26conv_2d_buffer_resource_clINS_5arrayI8ap_fixedILi20ELi10EL9ap_q_mode5_2, i20 %p_ZZN4nnet26conv_2d_buffer_resource_clINS_5arrayI8ap_fixedILi20ELi10EL9ap_q_mode5_13, i20 %p_ZZN4nnet26conv_2d_buffer_resource_clINS_5arrayI8ap_fixedILi20ELi10EL9ap_q_mode5_1, i20 %p_ZZN4nnet26conv_2d_buffer_resource_clINS_5arrayI8ap_fixedILi20ELi10EL9ap_q_mode5_12, i20 %p_ZZN4nnet26conv_2d_buffer_resource_clINS_5arrayI8ap_fixedILi20ELi10EL9ap_q_mode5, i20 %p_ZZN4nnet26conv_2d_buffer_resource_clINS_5arrayI8ap_fixedILi20ELi10EL9ap_q_mode5_21, i20 %p_ZZN4nnet26conv_2d_buffer_resource_clINS_5arrayI8ap_fixedILi20ELi10EL9ap_q_mode5_9, i20 %p_ZZN4nnet26conv_2d_buffer_resource_clINS_5arrayI8ap_fixedILi20ELi10EL9ap_q_mode5_20, i20 %p_ZZN4nnet26conv_2d_buffer_resource_clINS_5arrayI8ap_fixedILi20ELi10EL9ap_q_mode5_8, i32 %sX_3, i32 %sY_3, i32 %pY_3, i32 %pX_3, i5 %outidx_59, i12 %w6" [firmware/myproject.cpp:87]   --->   Operation 50 'call' 'call_ln87' <Predicate = true> <Delay = 0.00> <CoreType = "Generic">   --->   Core 0 '' <Latency = 0> <II = 1> <Delay = 1.00> <Generic> <Opcode : >

State 15 <SV = 14> <Delay = 1.82>
ST_15 : Operation 51 [1/2] (1.82ns)   --->   "%call_ln87 = call void @conv_2d_cl<array<ap_fixed,12u>,array<ap_fixed<18,8,5,3,0>,18u>,config6>, i240 %layer14_out, i324 %layer6_out, i20 %p_ZZN4nnet24compute_output_buffer_2dINS_5arrayI8ap_fixedILi20ELi10EL9ap_q_mode5EL_87, i20 %void_compute_output_buffer_2d_array_const_ap_shift_reg_n_chan_stream_weig_18, i20 %p_ZZN4nnet24compute_output_buffer_2dINS_5arrayI8ap_fixedILi20ELi10EL9ap_q_mode5EL_86, i20 %void_compute_output_buffer_2d_array_const_ap_shift_reg_n_chan_stream_weig_17, i20 %p_ZZN4nnet24compute_output_buffer_2dINS_5arrayI8ap_fixedILi20ELi10EL9ap_q_mode5EL_85, i20 %void_compute_output_buffer_2d_array_const_ap_shift_reg_n_chan_stream_weig_16, i20 %p_ZZN4nnet24compute_output_buffer_2dINS_5arrayI8ap_fixedILi20ELi10EL9ap_q_mode5EL_84, i20 %void_compute_output_buffer_2d_array_const_ap_shift_reg_n_chan_stream_weig_15, i20 %p_ZZN4nnet24compute_output_buffer_2dINS_5arrayI8ap_fixedILi20ELi10EL9ap_q_mode5EL_83, i20 %void_compute_output_buffer_2d_array_const_ap_shift_reg_n_chan_stream_weig_14, i20 %p_ZZN4nnet24compute_output_buffer_2dINS_5arrayI8ap_fixedILi20ELi10EL9ap_q_mode5EL_82, i20 %void_compute_output_buffer_2d_array_const_ap_shift_reg_n_chan_stream_weig_13, i20 %p_ZZN4nnet24compute_output_buffer_2dINS_5arrayI8ap_fixedILi20ELi10EL9ap_q_mode5EL_81, i20 %void_compute_output_buffer_2d_array_const_ap_shift_reg_n_chan_stream_weig_12, i20 %p_ZZN4nnet24compute_output_buffer_2dINS_5arrayI8ap_fixedILi20ELi10EL9ap_q_mode5EL_80, i20 %void_compute_output_buffer_2d_array_const_ap_shift_reg_n_chan_stream_weig_11, i20 %p_ZZN4nnet24compute_output_buffer_2dINS_5arrayI8ap_fixedILi20ELi10EL9ap_q_mode5EL_79, i20 %void_compute_output_buffer_2d_array_const_ap_shift_reg_n_chan_stream_weig_10, i20 %p_ZZN4nnet24compute_output_buffer_2dINS_5arrayI8ap_fixedILi20ELi10EL9ap_q_mode5EL_78, i20 %void_compute_output_buffer_2d_array_const_ap_shift_reg_n_chan_stream_weig_9, i20 %p_ZZN4nnet24compute_output_buffer_2dINS_5arrayI8ap_fixedILi20ELi10EL9ap_q_mode5EL_77, i20 %p_ZZN4nnet24compute_output_buffer_2dINS_5arrayI8ap_fixedILi20ELi10EL9ap_q_mode5EL_97, i20 %p_ZZN4nnet24compute_output_buffer_2dINS_5arrayI8ap_fixedILi20ELi10EL9ap_q_mode5EL_76, i20 %p_ZZN4nnet24compute_output_buffer_2dINS_5arrayI8ap_fixedILi20ELi10EL9ap_q_mode5EL_88, i20 %p_ZZN4nnet24compute_output_buffer_2dINS_5arrayI8ap_fixedILi20ELi10EL9ap_q_mode5EL_51, i20 %p_ZZN4nnet24compute_output_buffer_2dINS_5arrayI8ap_fixedILi20ELi10EL9ap_q_mode5EL_63, i20 %p_ZZN4nnet24compute_output_buffer_2dINS_5arrayI8ap_fixedILi20ELi10EL9ap_q_mode5EL_50, i20 %p_ZZN4nnet24compute_output_buffer_2dINS_5arrayI8ap_fixedILi20ELi10EL9ap_q_mode5EL_62, i20 %p_ZZN4nnet24compute_output_buffer_2dINS_5arrayI8ap_fixedILi20ELi10EL9ap_q_mode5EL_49, i20 %p_ZZN4nnet24compute_output_buffer_2dINS_5arrayI8ap_fixedILi20ELi10EL9ap_q_mode5EL_61, i20 %p_ZZN4nnet24compute_output_buffer_2dINS_5arrayI8ap_fixedILi20ELi10EL9ap_q_mode5EL_48, i20 %p_ZZN4nnet24compute_output_buffer_2dINS_5arrayI8ap_fixedILi20ELi10EL9ap_q_mode5EL_60, i20 %p_ZZN4nnet24compute_output_buffer_2dINS_5arrayI8ap_fixedILi20ELi10EL9ap_q_mode5EL_47, i20 %p_ZZN4nnet24compute_output_buffer_2dINS_5arrayI8ap_fixedILi20ELi10EL9ap_q_mode5EL_59, i20 %p_ZZN4nnet24compute_output_buffer_2dINS_5arrayI8ap_fixedILi20ELi10EL9ap_q_mode5EL_46, i20 %p_ZZN4nnet24compute_output_buffer_2dINS_5arrayI8ap_fixedILi20ELi10EL9ap_q_mode5EL_58, i20 %p_ZZN4nnet24compute_output_buffer_2dINS_5arrayI8ap_fixedILi20ELi10EL9ap_q_mode5EL_45, i20 %p_ZZN4nnet24compute_output_buffer_2dINS_5arrayI8ap_fixedILi20ELi10EL9ap_q_mode5EL_57, i20 %p_ZZN4nnet24compute_output_buffer_2dINS_5arrayI8ap_fixedILi20ELi10EL9ap_q_mode5EL_44, i20 %p_ZZN4nnet24compute_output_buffer_2dINS_5arrayI8ap_fixedILi20ELi10EL9ap_q_mode5EL_56, i20 %p_ZZN4nnet24compute_output_buffer_2dINS_5arrayI8ap_fixedILi20ELi10EL9ap_q_mode5EL_43, i20 %p_ZZN4nnet24compute_output_buffer_2dINS_5arrayI8ap_fixedILi20ELi10EL9ap_q_mode5EL_55, i20 %p_ZZN4nnet24compute_output_buffer_2dINS_5arrayI8ap_fixedILi20ELi10EL9ap_q_mode5EL_42, i20 %p_ZZN4nnet24compute_output_buffer_2dINS_5arrayI8ap_fixedILi20ELi10EL9ap_q_mode5EL_54, i20 %p_ZZN4nnet24compute_output_buffer_2dINS_5arrayI8ap_fixedILi20ELi10EL9ap_q_mode5EL_41, i20 %p_ZZN4nnet24compute_output_buffer_2dINS_5arrayI8ap_fixedILi20ELi10EL9ap_q_mode5EL_53, i20 %p_ZZN4nnet24compute_output_buffer_2dINS_5arrayI8ap_fixedILi20ELi10EL9ap_q_mode5EL_40, i20 %p_ZZN4nnet24compute_output_buffer_2dINS_5arrayI8ap_fixedILi20ELi10EL9ap_q_mode5EL_52, i20 %p_ZZN4nnet24compute_output_buffer_2dINS_5arrayI8ap_fixedILi20ELi10EL9ap_q_mode5EL_15, i20 %p_ZZN4nnet24compute_output_buffer_2dINS_5arrayI8ap_fixedILi20ELi10EL9ap_q_mode5EL_27, i20 %p_ZZN4nnet24compute_output_buffer_2dINS_5arrayI8ap_fixedILi20ELi10EL9ap_q_mode5EL_14, i20 %p_ZZN4nnet24compute_output_buffer_2dINS_5arrayI8ap_fixedILi20ELi10EL9ap_q_mode5EL_26, i20 %p_ZZN4nnet24compute_output_buffer_2dINS_5arrayI8ap_fixedILi20ELi10EL9ap_q_mode5EL_13, i20 %p_ZZN4nnet24compute_output_buffer_2dINS_5arrayI8ap_fixedILi20ELi10EL9ap_q_mode5EL_25, i20 %p_ZZN4nnet24compute_output_buffer_2dINS_5arrayI8ap_fixedILi20ELi10EL9ap_q_mode5EL_12, i20 %p_ZZN4nnet24compute_output_buffer_2dINS_5arrayI8ap_fixedILi20ELi10EL9ap_q_mode5EL_24, i20 %p_ZZN4nnet24compute_output_buffer_2dINS_5arrayI8ap_fixedILi20ELi10EL9ap_q_mode5EL_11, i20 %p_ZZN4nnet24compute_output_buffer_2dINS_5arrayI8ap_fixedILi20ELi10EL9ap_q_mode5EL_23, i20 %p_ZZN4nnet24compute_output_buffer_2dINS_5arrayI8ap_fixedILi20ELi10EL9ap_q_mode5EL_10, i20 %p_ZZN4nnet24compute_output_buffer_2dINS_5arrayI8ap_fixedILi20ELi10EL9ap_q_mode5EL_22, i20 %p_ZZN4nnet24compute_output_buffer_2dINS_5arrayI8ap_fixedILi20ELi10EL9ap_q_mode5EL_9, i20 %p_ZZN4nnet24compute_output_buffer_2dINS_5arrayI8ap_fixedILi20ELi10EL9ap_q_mode5EL_21, i20 %p_ZZN4nnet24compute_output_buffer_2dINS_5arrayI8ap_fixedILi20ELi10EL9ap_q_mode5EL_8, i20 %p_ZZN4nnet24compute_output_buffer_2dINS_5arrayI8ap_fixedILi20ELi10EL9ap_q_mode5EL_20, i20 %p_ZZN4nnet24compute_output_buffer_2dINS_5arrayI8ap_fixedILi20ELi10EL9ap_q_mode5EL_7, i20 %p_ZZN4nnet24compute_output_buffer_2dINS_5arrayI8ap_fixedILi20ELi10EL9ap_q_mode5EL_19, i20 %p_ZZN4nnet24compute_output_buffer_2dINS_5arrayI8ap_fixedILi20ELi10EL9ap_q_mode5EL_6, i20 %p_ZZN4nnet24compute_output_buffer_2dINS_5arrayI8ap_fixedILi20ELi10EL9ap_q_mode5EL_18, i20 %p_ZZN4nnet24compute_output_buffer_2dINS_5arrayI8ap_fixedILi20ELi10EL9ap_q_mode5EL_5, i20 %p_ZZN4nnet24compute_output_buffer_2dINS_5arrayI8ap_fixedILi20ELi10EL9ap_q_mode5EL_17, i20 %p_ZZN4nnet24compute_output_buffer_2dINS_5arrayI8ap_fixedILi20ELi10EL9ap_q_mode5EL_4, i20 %p_ZZN4nnet24compute_output_buffer_2dINS_5arrayI8ap_fixedILi20ELi10EL9ap_q_mode5EL_16, i20 %p_ZZN4nnet24compute_output_buffer_2dINS_5arrayI8ap_fixedILi20ELi10EL9ap_q_mode5EL_75, i20 %p_ZZN4nnet24compute_output_buffer_2dINS_5arrayI8ap_fixedILi20ELi10EL9ap_q_mode5EL_74, i20 %p_ZZN4nnet24compute_output_buffer_2dINS_5arrayI8ap_fixedILi20ELi10EL9ap_q_mode5EL_73, i20 %p_ZZN4nnet24compute_output_buffer_2dINS_5arrayI8ap_fixedILi20ELi10EL9ap_q_mode5EL_72, i20 %p_ZZN4nnet24compute_output_buffer_2dINS_5arrayI8ap_fixedILi20ELi10EL9ap_q_mode5EL_71, i20 %p_ZZN4nnet24compute_output_buffer_2dINS_5arrayI8ap_fixedILi20ELi10EL9ap_q_mode5EL_70, i20 %p_ZZN4nnet24compute_output_buffer_2dINS_5arrayI8ap_fixedILi20ELi10EL9ap_q_mode5EL_69, i20 %p_ZZN4nnet24compute_output_buffer_2dINS_5arrayI8ap_fixedILi20ELi10EL9ap_q_mode5EL_68, i20 %p_ZZN4nnet24compute_output_buffer_2dINS_5arrayI8ap_fixedILi20ELi10EL9ap_q_mode5EL_67, i20 %p_ZZN4nnet24compute_output_buffer_2dINS_5arrayI8ap_fixedILi20ELi10EL9ap_q_mode5EL_66, i20 %p_ZZN4nnet24compute_output_buffer_2dINS_5arrayI8ap_fixedILi20ELi10EL9ap_q_mode5EL_65, i20 %p_ZZN4nnet24compute_output_buffer_2dINS_5arrayI8ap_fixedILi20ELi10EL9ap_q_mode5EL_64, i20 %p_ZZN4nnet24compute_output_buffer_2dINS_5arrayI8ap_fixedILi20ELi10EL9ap_q_mode5EL_39, i20 %p_ZZN4nnet24compute_output_buffer_2dINS_5arrayI8ap_fixedILi20ELi10EL9ap_q_mode5EL_38, i20 %p_ZZN4nnet24compute_output_buffer_2dINS_5arrayI8ap_fixedILi20ELi10EL9ap_q_mode5EL_37, i20 %p_ZZN4nnet24compute_output_buffer_2dINS_5arrayI8ap_fixedILi20ELi10EL9ap_q_mode5EL_36, i20 %p_ZZN4nnet24compute_output_buffer_2dINS_5arrayI8ap_fixedILi20ELi10EL9ap_q_mode5EL_35, i20 %p_ZZN4nnet24compute_output_buffer_2dINS_5arrayI8ap_fixedILi20ELi10EL9ap_q_mode5EL_34, i20 %p_ZZN4nnet24compute_output_buffer_2dINS_5arrayI8ap_fixedILi20ELi10EL9ap_q_mode5EL_33, i20 %p_ZZN4nnet24compute_output_buffer_2dINS_5arrayI8ap_fixedILi20ELi10EL9ap_q_mode5EL_32, i20 %p_ZZN4nnet24compute_output_buffer_2dINS_5arrayI8ap_fixedILi20ELi10EL9ap_q_mode5EL_31, i20 %p_ZZN4nnet24compute_output_buffer_2dINS_5arrayI8ap_fixedILi20ELi10EL9ap_q_mode5EL_30, i20 %p_ZZN4nnet24compute_output_buffer_2dINS_5arrayI8ap_fixedILi20ELi10EL9ap_q_mode5EL_29, i20 %p_ZZN4nnet24compute_output_buffer_2dINS_5arrayI8ap_fixedILi20ELi10EL9ap_q_mode5EL_28, i20 %p_ZZN4nnet24compute_output_buffer_2dINS_5arrayI8ap_fixedILi20ELi10EL9ap_q_mode5EL_3, i20 %p_ZZN4nnet24compute_output_buffer_2dINS_5arrayI8ap_fixedILi20ELi10EL9ap_q_mode5EL_2, i20 %p_ZZN4nnet24compute_output_buffer_2dINS_5arrayI8ap_fixedILi20ELi10EL9ap_q_mode5EL_1, i20 %p_ZZN4nnet24compute_output_buffer_2dINS_5arrayI8ap_fixedILi20ELi10EL9ap_q_mode5EL, i20 %p_ZZN4nnet24compute_output_buffer_2dINS_5arrayI8ap_fixedILi20ELi10EL9ap_q_mode5EL_96, i20 %p_ZZN4nnet24compute_output_buffer_2dINS_5arrayI8ap_fixedILi20ELi10EL9ap_q_mode5EL_95, i20 %p_ZZN4nnet24compute_output_buffer_2dINS_5arrayI8ap_fixedILi20ELi10EL9ap_q_mode5EL_94, i20 %p_ZZN4nnet24compute_output_buffer_2dINS_5arrayI8ap_fixedILi20ELi10EL9ap_q_mode5EL_93, i20 %p_ZZN4nnet24compute_output_buffer_2dINS_5arrayI8ap_fixedILi20ELi10EL9ap_q_mode5EL_92, i20 %p_ZZN4nnet24compute_output_buffer_2dINS_5arrayI8ap_fixedILi20ELi10EL9ap_q_mode5EL_91, i20 %p_ZZN4nnet24compute_output_buffer_2dINS_5arrayI8ap_fixedILi20ELi10EL9ap_q_mode5EL_90, i20 %p_ZZN4nnet24compute_output_buffer_2dINS_5arrayI8ap_fixedILi20ELi10EL9ap_q_mode5EL_89, i20 %p_ZZN4nnet26conv_2d_buffer_resource_clINS_5arrayI8ap_fixedILi20ELi10EL9ap_q_mode5_23, i20 %p_ZZN4nnet26conv_2d_buffer_resource_clINS_5arrayI8ap_fixedILi20ELi10EL9ap_q_mode5_11, i20 %p_ZZN4nnet26conv_2d_buffer_resource_clINS_5arrayI8ap_fixedILi20ELi10EL9ap_q_mode5_22, i20 %p_ZZN4nnet26conv_2d_buffer_resource_clINS_5arrayI8ap_fixedILi20ELi10EL9ap_q_mode5_10, i20 %p_ZZN4nnet26conv_2d_buffer_resource_clINS_5arrayI8ap_fixedILi20ELi10EL9ap_q_mode5_19, i20 %p_ZZN4nnet26conv_2d_buffer_resource_clINS_5arrayI8ap_fixedILi20ELi10EL9ap_q_mode5_7, i20 %p_ZZN4nnet26conv_2d_buffer_resource_clINS_5arrayI8ap_fixedILi20ELi10EL9ap_q_mode5_18, i20 %p_ZZN4nnet26conv_2d_buffer_resource_clINS_5arrayI8ap_fixedILi20ELi10EL9ap_q_mode5_6, i20 %p_ZZN4nnet26conv_2d_buffer_resource_clINS_5arrayI8ap_fixedILi20ELi10EL9ap_q_mode5_17, i20 %p_ZZN4nnet26conv_2d_buffer_resource_clINS_5arrayI8ap_fixedILi20ELi10EL9ap_q_mode5_5, i20 %p_ZZN4nnet26conv_2d_buffer_resource_clINS_5arrayI8ap_fixedILi20ELi10EL9ap_q_mode5_16, i20 %p_ZZN4nnet26conv_2d_buffer_resource_clINS_5arrayI8ap_fixedILi20ELi10EL9ap_q_mode5_4, i20 %p_ZZN4nnet26conv_2d_buffer_resource_clINS_5arrayI8ap_fixedILi20ELi10EL9ap_q_mode5_15, i20 %p_ZZN4nnet26conv_2d_buffer_resource_clINS_5arrayI8ap_fixedILi20ELi10EL9ap_q_mode5_3, i20 %p_ZZN4nnet26conv_2d_buffer_resource_clINS_5arrayI8ap_fixedILi20ELi10EL9ap_q_mode5_14, i20 %p_ZZN4nnet26conv_2d_buffer_resource_clINS_5arrayI8ap_fixedILi20ELi10EL9ap_q_mode5_2, i20 %p_ZZN4nnet26conv_2d_buffer_resource_clINS_5arrayI8ap_fixedILi20ELi10EL9ap_q_mode5_13, i20 %p_ZZN4nnet26conv_2d_buffer_resource_clINS_5arrayI8ap_fixedILi20ELi10EL9ap_q_mode5_1, i20 %p_ZZN4nnet26conv_2d_buffer_resource_clINS_5arrayI8ap_fixedILi20ELi10EL9ap_q_mode5_12, i20 %p_ZZN4nnet26conv_2d_buffer_resource_clINS_5arrayI8ap_fixedILi20ELi10EL9ap_q_mode5, i20 %p_ZZN4nnet26conv_2d_buffer_resource_clINS_5arrayI8ap_fixedILi20ELi10EL9ap_q_mode5_21, i20 %p_ZZN4nnet26conv_2d_buffer_resource_clINS_5arrayI8ap_fixedILi20ELi10EL9ap_q_mode5_9, i20 %p_ZZN4nnet26conv_2d_buffer_resource_clINS_5arrayI8ap_fixedILi20ELi10EL9ap_q_mode5_20, i20 %p_ZZN4nnet26conv_2d_buffer_resource_clINS_5arrayI8ap_fixedILi20ELi10EL9ap_q_mode5_8, i32 %sX_3, i32 %sY_3, i32 %pY_3, i32 %pX_3, i5 %outidx_59, i12 %w6" [firmware/myproject.cpp:87]   --->   Operation 51 'call' 'call_ln87' <Predicate = true> <Delay = 1.82> <CoreType = "Generic">   --->   Core 0 '' <Latency = 0> <II = 1> <Delay = 1.00> <Generic> <Opcode : >

State 16 <SV = 15> <Delay = 0.00>
ST_16 : Operation 52 [2/2] (0.00ns)   --->   "%call_ln89 = call void @normalize<array<ap_fixed,18u>,array<ap_fixed<39,19,5,3,0>,18u>,config7>, i324 %layer6_out, i702 %layer7_out" [firmware/myproject.cpp:89]   --->   Operation 52 'call' 'call_ln89' <Predicate = true> <Delay = 0.00> <CoreType = "Generic">   --->   Core 0 '' <Latency = 0> <II = 1> <Delay = 1.00> <Generic> <Opcode : >

State 17 <SV = 16> <Delay = 0.00>
ST_17 : Operation 53 [1/2] (0.00ns)   --->   "%call_ln89 = call void @normalize<array<ap_fixed,18u>,array<ap_fixed<39,19,5,3,0>,18u>,config7>, i324 %layer6_out, i702 %layer7_out" [firmware/myproject.cpp:89]   --->   Operation 53 'call' 'call_ln89' <Predicate = true> <Delay = 0.00> <CoreType = "Generic">   --->   Core 0 '' <Latency = 0> <II = 1> <Delay = 1.00> <Generic> <Opcode : >

State 18 <SV = 17> <Delay = 0.00>
ST_18 : Operation 54 [2/2] (0.00ns)   --->   "%call_ln91 = call void @relu<array<ap_fixed,18u>,array<ap_fixed<20,10,5,3,0>,18u>,relu_config8>, i702 %layer7_out, i360 %layer8_out" [firmware/myproject.cpp:91]   --->   Operation 54 'call' 'call_ln91' <Predicate = true> <Delay = 0.00> <CoreType = "Generic">   --->   Core 0 '' <Latency = 0> <II = 1> <Delay = 1.00> <Generic> <Opcode : >

State 19 <SV = 18> <Delay = 5.09>
ST_19 : Operation 55 [1/2] (5.09ns)   --->   "%call_ln91 = call void @relu<array<ap_fixed,18u>,array<ap_fixed<20,10,5,3,0>,18u>,relu_config8>, i702 %layer7_out, i360 %layer8_out" [firmware/myproject.cpp:91]   --->   Operation 55 'call' 'call_ln91' <Predicate = true> <Delay = 5.09> <CoreType = "Generic">   --->   Core 0 '' <Latency = 0> <II = 1> <Delay = 1.00> <Generic> <Opcode : >

State 20 <SV = 19> <Delay = 0.00>
ST_20 : Operation 56 [2/2] (0.00ns)   --->   "%call_ln93 = call void @pooling2d_cl<array,array<ap_fixed<20,10,5,3,0>,18u>,config9>, i360 %layer8_out, i360 %layer9_out, i32 %sY, i32 %pY, i20 %void_compute_pool_buffer_2d_array_const_ap_shift_reg_n_filt_stream_kernel_9, i20 %p_ZZN4nnet22compute_pool_buffer_2dINS_5arrayI8ap_fixedILi20ELi10EL9ap_q_mode5EL9a_81, i20 %p_ZZN4nnet22compute_pool_buffer_2dINS_5arrayI8ap_fixedILi20ELi10EL9ap_q_mode5EL9a_63, i20 %p_ZZN4nnet22compute_pool_buffer_2dINS_5arrayI8ap_fixedILi20ELi10EL9ap_q_mode5EL9a_45, i20 %p_ZZN4nnet22compute_pool_buffer_2dINS_5arrayI8ap_fixedILi20ELi10EL9ap_q_mode5EL9a_27, i20 %p_ZZN4nnet22compute_pool_buffer_2dINS_5arrayI8ap_fixedILi20ELi10EL9ap_q_mode5EL9a_9, i20 %p_ZZN4nnet22compute_pool_buffer_2dINS_5arrayI8ap_fixedILi20ELi10EL9ap_q_mode5EL9a_254, i20 %p_ZZN4nnet22compute_pool_buffer_2dINS_5arrayI8ap_fixedILi20ELi10EL9ap_q_mode5EL9a_274, i20 %p_ZZN4nnet22compute_pool_buffer_2dINS_5arrayI8ap_fixedILi20ELi10EL9ap_q_mode5EL9a_294, i20 %p_ZZN4nnet22compute_pool_buffer_2dINS_5arrayI8ap_fixedILi20ELi10EL9ap_q_mode5EL9a_314, i20 %void_compute_pool_buffer_2d_array_const_ap_shift_reg_n_filt_stream_kernel_8, i20 %p_ZZN4nnet22compute_pool_buffer_2dINS_5arrayI8ap_fixedILi20ELi10EL9ap_q_mode5EL9a_80, i20 %p_ZZN4nnet22compute_pool_buffer_2dINS_5arrayI8ap_fixedILi20ELi10EL9ap_q_mode5EL9a_62, i20 %p_ZZN4nnet22compute_pool_buffer_2dINS_5arrayI8ap_fixedILi20ELi10EL9ap_q_mode5EL9a_44, i20 %p_ZZN4nnet22compute_pool_buffer_2dINS_5arrayI8ap_fixedILi20ELi10EL9ap_q_mode5EL9a_26, i20 %p_ZZN4nnet22compute_pool_buffer_2dINS_5arrayI8ap_fixedILi20ELi10EL9ap_q_mode5EL9a_8, i20 %p_ZZN4nnet22compute_pool_buffer_2dINS_5arrayI8ap_fixedILi20ELi10EL9ap_q_mode5EL9a_255, i20 %p_ZZN4nnet22compute_pool_buffer_2dINS_5arrayI8ap_fixedILi20ELi10EL9ap_q_mode5EL9a_275, i20 %p_ZZN4nnet22compute_pool_buffer_2dINS_5arrayI8ap_fixedILi20ELi10EL9ap_q_mode5EL9a_295, i20 %p_ZZN4nnet22compute_pool_buffer_2dINS_5arrayI8ap_fixedILi20ELi10EL9ap_q_mode5EL9a_99, i20 %void_compute_pool_buffer_2d_array_const_ap_shift_reg_n_filt_stream_kernel_7, i20 %p_ZZN4nnet22compute_pool_buffer_2dINS_5arrayI8ap_fixedILi20ELi10EL9ap_q_mode5EL9a_79, i20 %p_ZZN4nnet22compute_pool_buffer_2dINS_5arrayI8ap_fixedILi20ELi10EL9ap_q_mode5EL9a_61, i20 %p_ZZN4nnet22compute_pool_buffer_2dINS_5arrayI8ap_fixedILi20ELi10EL9ap_q_mode5EL9a_43, i20 %p_ZZN4nnet22compute_pool_buffer_2dINS_5arrayI8ap_fixedILi20ELi10EL9ap_q_mode5EL9a_25, i20 %p_ZZN4nnet22compute_pool_buffer_2dINS_5arrayI8ap_fixedILi20ELi10EL9ap_q_mode5EL9a_7, i20 %p_ZZN4nnet22compute_pool_buffer_2dINS_5arrayI8ap_fixedILi20ELi10EL9ap_q_mode5EL9a_257, i20 %p_ZZN4nnet22compute_pool_buffer_2dINS_5arrayI8ap_fixedILi20ELi10EL9ap_q_mode5EL9a_276, i20 %p_ZZN4nnet22compute_pool_buffer_2dINS_5arrayI8ap_fixedILi20ELi10EL9ap_q_mode5EL9a_296, i20 %p_ZZN4nnet22compute_pool_buffer_2dINS_5arrayI8ap_fixedILi20ELi10EL9ap_q_mode5EL9a_98, i20 %void_compute_pool_buffer_2d_array_const_ap_shift_reg_n_filt_stream_kernel_6, i20 %p_ZZN4nnet22compute_pool_buffer_2dINS_5arrayI8ap_fixedILi20ELi10EL9ap_q_mode5EL9a_78, i20 %p_ZZN4nnet22compute_pool_buffer_2dINS_5arrayI8ap_fixedILi20ELi10EL9ap_q_mode5EL9a_60, i20 %p_ZZN4nnet22compute_pool_buffer_2dINS_5arrayI8ap_fixedILi20ELi10EL9ap_q_mode5EL9a_42, i20 %p_ZZN4nnet22compute_pool_buffer_2dINS_5arrayI8ap_fixedILi20ELi10EL9ap_q_mode5EL9a_24, i20 %p_ZZN4nnet22compute_pool_buffer_2dINS_5arrayI8ap_fixedILi20ELi10EL9ap_q_mode5EL9a_6, i20 %p_ZZN4nnet22compute_pool_buffer_2dINS_5arrayI8ap_fixedILi20ELi10EL9ap_q_mode5EL9a_258, i20 %p_ZZN4nnet22compute_pool_buffer_2dINS_5arrayI8ap_fixedILi20ELi10EL9ap_q_mode5EL9a_277, i20 %p_ZZN4nnet22compute_pool_buffer_2dINS_5arrayI8ap_fixedILi20ELi10EL9ap_q_mode5EL9a_297, i20 %p_ZZN4nnet22compute_pool_buffer_2dINS_5arrayI8ap_fixedILi20ELi10EL9ap_q_mode5EL9a_97, i20 %void_compute_pool_buffer_2d_array_const_ap_shift_reg_n_filt_stream_kernel_5, i20 %p_ZZN4nnet22compute_pool_buffer_2dINS_5arrayI8ap_fixedILi20ELi10EL9ap_q_mode5EL9a_77, i20 %p_ZZN4nnet22compute_pool_buffer_2dINS_5arrayI8ap_fixedILi20ELi10EL9ap_q_mode5EL9a_59, i20 %p_ZZN4nnet22compute_pool_buffer_2dINS_5arrayI8ap_fixedILi20ELi10EL9ap_q_mode5EL9a_41, i20 %p_ZZN4nnet22compute_pool_buffer_2dINS_5arrayI8ap_fixedILi20ELi10EL9ap_q_mode5EL9a_23, i20 %p_ZZN4nnet22compute_pool_buffer_2dINS_5arrayI8ap_fixedILi20ELi10EL9ap_q_mode5EL9a_5, i20 %p_ZZN4nnet22compute_pool_buffer_2dINS_5arrayI8ap_fixedILi20ELi10EL9ap_q_mode5EL9a_259, i20 %p_ZZN4nnet22compute_pool_buffer_2dINS_5arrayI8ap_fixedILi20ELi10EL9ap_q_mode5EL9a_279, i20 %p_ZZN4nnet22compute_pool_buffer_2dINS_5arrayI8ap_fixedILi20ELi10EL9ap_q_mode5EL9a_298, i20 %p_ZZN4nnet22compute_pool_buffer_2dINS_5arrayI8ap_fixedILi20ELi10EL9ap_q_mode5EL9a_96, i20 %void_compute_pool_buffer_2d_array_const_ap_shift_reg_n_filt_stream_kernel_4, i20 %p_ZZN4nnet22compute_pool_buffer_2dINS_5arrayI8ap_fixedILi20ELi10EL9ap_q_mode5EL9a_76, i20 %p_ZZN4nnet22compute_pool_buffer_2dINS_5arrayI8ap_fixedILi20ELi10EL9ap_q_mode5EL9a_58, i20 %p_ZZN4nnet22compute_pool_buffer_2dINS_5arrayI8ap_fixedILi20ELi10EL9ap_q_mode5EL9a_40, i20 %p_ZZN4nnet22compute_pool_buffer_2dINS_5arrayI8ap_fixedILi20ELi10EL9ap_q_mode5EL9a_22, i20 %p_ZZN4nnet22compute_pool_buffer_2dINS_5arrayI8ap_fixedILi20ELi10EL9ap_q_mode5EL9a_4, i20 %p_ZZN4nnet22compute_pool_buffer_2dINS_5arrayI8ap_fixedILi20ELi10EL9ap_q_mode5EL9a_260, i20 %p_ZZN4nnet22compute_pool_buffer_2dINS_5arrayI8ap_fixedILi20ELi10EL9ap_q_mode5EL9a_280, i20 %p_ZZN4nnet22compute_pool_buffer_2dINS_5arrayI8ap_fixedILi20ELi10EL9ap_q_mode5EL9a_299, i20 %p_ZZN4nnet22compute_pool_buffer_2dINS_5arrayI8ap_fixedILi20ELi10EL9ap_q_mode5EL9a_95, i20 %void_compute_pool_buffer_2d_array_const_ap_shift_reg_n_filt_stream_kernel_3, i20 %p_ZZN4nnet22compute_pool_buffer_2dINS_5arrayI8ap_fixedILi20ELi10EL9ap_q_mode5EL9a_75, i20 %p_ZZN4nnet22compute_pool_buffer_2dINS_5arrayI8ap_fixedILi20ELi10EL9ap_q_mode5EL9a_57, i20 %p_ZZN4nnet22compute_pool_buffer_2dINS_5arrayI8ap_fixedILi20ELi10EL9ap_q_mode5EL9a_39, i20 %p_ZZN4nnet22compute_pool_buffer_2dINS_5arrayI8ap_fixedILi20ELi10EL9ap_q_mode5EL9a_21, i20 %p_ZZN4nnet22compute_pool_buffer_2dINS_5arrayI8ap_fixedILi20ELi10EL9ap_q_mode5EL9a_3, i20 %p_ZZN4nnet22compute_pool_buffer_2dINS_5arrayI8ap_fixedILi20ELi10EL9ap_q_mode5EL9a_261, i20 %p_ZZN4nnet22compute_pool_buffer_2dINS_5arrayI8ap_fixedILi20ELi10EL9ap_q_mode5EL9a_281, i20 %p_ZZN4nnet22compute_pool_buffer_2dINS_5arrayI8ap_fixedILi20ELi10EL9ap_q_mode5EL9a_301, i20 %p_ZZN4nnet22compute_pool_buffer_2dINS_5arrayI8ap_fixedILi20ELi10EL9ap_q_mode5EL9a_94, i20 %void_compute_pool_buffer_2d_array_const_ap_shift_reg_n_filt_stream_kernel_2, i20 %p_ZZN4nnet22compute_pool_buffer_2dINS_5arrayI8ap_fixedILi20ELi10EL9ap_q_mode5EL9a_74, i20 %p_ZZN4nnet22compute_pool_buffer_2dINS_5arrayI8ap_fixedILi20ELi10EL9ap_q_mode5EL9a_56, i20 %p_ZZN4nnet22compute_pool_buffer_2dINS_5arrayI8ap_fixedILi20ELi10EL9ap_q_mode5EL9a_38, i20 %p_ZZN4nnet22compute_pool_buffer_2dINS_5arrayI8ap_fixedILi20ELi10EL9ap_q_mode5EL9a_20, i20 %p_ZZN4nnet22compute_pool_buffer_2dINS_5arrayI8ap_fixedILi20ELi10EL9ap_q_mode5EL9a_2, i20 %p_ZZN4nnet22compute_pool_buffer_2dINS_5arrayI8ap_fixedILi20ELi10EL9ap_q_mode5EL9a_262, i20 %p_ZZN4nnet22compute_pool_buffer_2dINS_5arrayI8ap_fixedILi20ELi10EL9ap_q_mode5EL9a_282, i20 %p_ZZN4nnet22compute_pool_buffer_2dINS_5arrayI8ap_fixedILi20ELi10EL9ap_q_mode5EL9a_302, i20 %p_ZZN4nnet22compute_pool_buffer_2dINS_5arrayI8ap_fixedILi20ELi10EL9ap_q_mode5EL9a_93, i20 %void_compute_pool_buffer_2d_array_const_ap_shift_reg_n_filt_stream_kernel_1, i20 %p_ZZN4nnet22compute_pool_buffer_2dINS_5arrayI8ap_fixedILi20ELi10EL9ap_q_mode5EL9a_73, i20 %p_ZZN4nnet22compute_pool_buffer_2dINS_5arrayI8ap_fixedILi20ELi10EL9ap_q_mode5EL9a_55, i20 %p_ZZN4nnet22compute_pool_buffer_2dINS_5arrayI8ap_fixedILi20ELi10EL9ap_q_mode5EL9a_37, i20 %p_ZZN4nnet22compute_pool_buffer_2dINS_5arrayI8ap_fixedILi20ELi10EL9ap_q_mode5EL9a_19, i20 %p_ZZN4nnet22compute_pool_buffer_2dINS_5arrayI8ap_fixedILi20ELi10EL9ap_q_mode5EL9a_1, i20 %p_ZZN4nnet22compute_pool_buffer_2dINS_5arrayI8ap_fixedILi20ELi10EL9ap_q_mode5EL9a_263, i20 %p_ZZN4nnet22compute_pool_buffer_2dINS_5arrayI8ap_fixedILi20ELi10EL9ap_q_mode5EL9a_283, i20 %p_ZZN4nnet22compute_pool_buffer_2dINS_5arrayI8ap_fixedILi20ELi10EL9ap_q_mode5EL9a_303, i20 %p_ZZN4nnet22compute_pool_buffer_2dINS_5arrayI8ap_fixedILi20ELi10EL9ap_q_mode5EL9a_91, i20 %void_compute_pool_buffer_2d_array_const_ap_shift_reg_n_filt_stream_kernel, i20 %p_ZZN4nnet22compute_pool_buffer_2dINS_5arrayI8ap_fixedILi20ELi10EL9ap_q_mode5EL9a_72, i20 %p_ZZN4nnet22compute_pool_buffer_2dINS_5arrayI8ap_fixedILi20ELi10EL9ap_q_mode5EL9a_54, i20 %p_ZZN4nnet22compute_pool_buffer_2dINS_5arrayI8ap_fixedILi20ELi10EL9ap_q_mode5EL9a_36, i20 %p_ZZN4nnet22compute_pool_buffer_2dINS_5arrayI8ap_fixedILi20ELi10EL9ap_q_mode5EL9a_18, i20 %p_ZZN4nnet22compute_pool_buffer_2dINS_5arrayI8ap_fixedILi20ELi10EL9ap_q_mode5EL9a, i20 %p_ZZN4nnet22compute_pool_buffer_2dINS_5arrayI8ap_fixedILi20ELi10EL9ap_q_mode5EL9a_264, i20 %p_ZZN4nnet22compute_pool_buffer_2dINS_5arrayI8ap_fixedILi20ELi10EL9ap_q_mode5EL9a_284, i20 %p_ZZN4nnet22compute_pool_buffer_2dINS_5arrayI8ap_fixedILi20ELi10EL9ap_q_mode5EL9a_304, i20 %p_ZZN4nnet22compute_pool_buffer_2dINS_5arrayI8ap_fixedILi20ELi10EL9ap_q_mode5EL9a_90, i20 %p_ZZN4nnet22compute_pool_buffer_2dINS_5arrayI8ap_fixedILi20ELi10EL9ap_q_mode5EL9a_245, i20 %p_ZZN4nnet22compute_pool_buffer_2dINS_5arrayI8ap_fixedILi20ELi10EL9ap_q_mode5EL9a_71, i20 %p_ZZN4nnet22compute_pool_buffer_2dINS_5arrayI8ap_fixedILi20ELi10EL9ap_q_mode5EL9a_53, i20 %p_ZZN4nnet22compute_pool_buffer_2dINS_5arrayI8ap_fixedILi20ELi10EL9ap_q_mode5EL9a_35, i20 %p_ZZN4nnet22compute_pool_buffer_2dINS_5arrayI8ap_fixedILi20ELi10EL9ap_q_mode5EL9a_17, i20 %p_ZZN4nnet22compute_pool_buffer_2dINS_5arrayI8ap_fixedILi20ELi10EL9ap_q_mode5EL9a_246, i20 %p_ZZN4nnet22compute_pool_buffer_2dINS_5arrayI8ap_fixedILi20ELi10EL9ap_q_mode5EL9a_265, i20 %p_ZZN4nnet22compute_pool_buffer_2dINS_5arrayI8ap_fixedILi20ELi10EL9ap_q_mode5EL9a_285, i20 %p_ZZN4nnet22compute_pool_buffer_2dINS_5arrayI8ap_fixedILi20ELi10EL9ap_q_mode5EL9a_305, i20 %p_ZZN4nnet22compute_pool_buffer_2dINS_5arrayI8ap_fixedILi20ELi10EL9ap_q_mode5EL9a_89, i20 %p_ZZN4nnet22compute_pool_buffer_2dINS_5arrayI8ap_fixedILi20ELi10EL9ap_q_mode5EL9a_256, i20 %p_ZZN4nnet22compute_pool_buffer_2dINS_5arrayI8ap_fixedILi20ELi10EL9ap_q_mode5EL9a_70, i20 %p_ZZN4nnet22compute_pool_buffer_2dINS_5arrayI8ap_fixedILi20ELi10EL9ap_q_mode5EL9a_52, i20 %p_ZZN4nnet22compute_pool_buffer_2dINS_5arrayI8ap_fixedILi20ELi10EL9ap_q_mode5EL9a_34, i20 %p_ZZN4nnet22compute_pool_buffer_2dINS_5arrayI8ap_fixedILi20ELi10EL9ap_q_mode5EL9a_16, i20 %p_ZZN4nnet22compute_pool_buffer_2dINS_5arrayI8ap_fixedILi20ELi10EL9ap_q_mode5EL9a_247, i20 %p_ZZN4nnet22compute_pool_buffer_2dINS_5arrayI8ap_fixedILi20ELi10EL9ap_q_mode5EL9a_266, i20 %p_ZZN4nnet22compute_pool_buffer_2dINS_5arrayI8ap_fixedILi20ELi10EL9ap_q_mode5EL9a_286, i20 %p_ZZN4nnet22compute_pool_buffer_2dINS_5arrayI8ap_fixedILi20ELi10EL9ap_q_mode5EL9a_306, i20 %p_ZZN4nnet22compute_pool_buffer_2dINS_5arrayI8ap_fixedILi20ELi10EL9ap_q_mode5EL9a_88, i20 %p_ZZN4nnet22compute_pool_buffer_2dINS_5arrayI8ap_fixedILi20ELi10EL9ap_q_mode5EL9a_267, i20 %p_ZZN4nnet22compute_pool_buffer_2dINS_5arrayI8ap_fixedILi20ELi10EL9ap_q_mode5EL9a_69, i20 %p_ZZN4nnet22compute_pool_buffer_2dINS_5arrayI8ap_fixedILi20ELi10EL9ap_q_mode5EL9a_51, i20 %p_ZZN4nnet22compute_pool_buffer_2dINS_5arrayI8ap_fixedILi20ELi10EL9ap_q_mode5EL9a_33, i20 %p_ZZN4nnet22compute_pool_buffer_2dINS_5arrayI8ap_fixedILi20ELi10EL9ap_q_mode5EL9a_15, i20 %p_ZZN4nnet22compute_pool_buffer_2dINS_5arrayI8ap_fixedILi20ELi10EL9ap_q_mode5EL9a_248, i20 %p_ZZN4nnet22compute_pool_buffer_2dINS_5arrayI8ap_fixedILi20ELi10EL9ap_q_mode5EL9a_268, i20 %p_ZZN4nnet22compute_pool_buffer_2dINS_5arrayI8ap_fixedILi20ELi10EL9ap_q_mode5EL9a_287, i20 %p_ZZN4nnet22compute_pool_buffer_2dINS_5arrayI8ap_fixedILi20ELi10EL9ap_q_mode5EL9a_307, i20 %p_ZZN4nnet22compute_pool_buffer_2dINS_5arrayI8ap_fixedILi20ELi10EL9ap_q_mode5EL9a_87, i20 %p_ZZN4nnet22compute_pool_buffer_2dINS_5arrayI8ap_fixedILi20ELi10EL9ap_q_mode5EL9a_278, i20 %p_ZZN4nnet22compute_pool_buffer_2dINS_5arrayI8ap_fixedILi20ELi10EL9ap_q_mode5EL9a_68, i20 %p_ZZN4nnet22compute_pool_buffer_2dINS_5arrayI8ap_fixedILi20ELi10EL9ap_q_mode5EL9a_50, i20 %p_ZZN4nnet22compute_pool_buffer_2dINS_5arrayI8ap_fixedILi20ELi10EL9ap_q_mode5EL9a_32, i20 %p_ZZN4nnet22compute_pool_buffer_2dINS_5arrayI8ap_fixedILi20ELi10EL9ap_q_mode5EL9a_14, i20 %p_ZZN4nnet22compute_pool_buffer_2dINS_5arrayI8ap_fixedILi20ELi10EL9ap_q_mode5EL9a_249, i20 %p_ZZN4nnet22compute_pool_buffer_2dINS_5arrayI8ap_fixedILi20ELi10EL9ap_q_mode5EL9a_269, i20 %p_ZZN4nnet22compute_pool_buffer_2dINS_5arrayI8ap_fixedILi20ELi10EL9ap_q_mode5EL9a_288, i20 %p_ZZN4nnet22compute_pool_buffer_2dINS_5arrayI8ap_fixedILi20ELi10EL9ap_q_mode5EL9a_308, i20 %p_ZZN4nnet22compute_pool_buffer_2dINS_5arrayI8ap_fixedILi20ELi10EL9ap_q_mode5EL9a_86, i20 %p_ZZN4nnet22compute_pool_buffer_2dINS_5arrayI8ap_fixedILi20ELi10EL9ap_q_mode5EL9a_289, i20 %p_ZZN4nnet22compute_pool_buffer_2dINS_5arrayI8ap_fixedILi20ELi10EL9ap_q_mode5EL9a_67, i20 %p_ZZN4nnet22compute_pool_buffer_2dINS_5arrayI8ap_fixedILi20ELi10EL9ap_q_mode5EL9a_49, i20 %p_ZZN4nnet22compute_pool_buffer_2dINS_5arrayI8ap_fixedILi20ELi10EL9ap_q_mode5EL9a_31, i20 %p_ZZN4nnet22compute_pool_buffer_2dINS_5arrayI8ap_fixedILi20ELi10EL9ap_q_mode5EL9a_13, i20 %p_ZZN4nnet22compute_pool_buffer_2dINS_5arrayI8ap_fixedILi20ELi10EL9ap_q_mode5EL9a_250, i20 %p_ZZN4nnet22compute_pool_buffer_2dINS_5arrayI8ap_fixedILi20ELi10EL9ap_q_mode5EL9a_270, i20 %p_ZZN4nnet22compute_pool_buffer_2dINS_5arrayI8ap_fixedILi20ELi10EL9ap_q_mode5EL9a_290, i20 %p_ZZN4nnet22compute_pool_buffer_2dINS_5arrayI8ap_fixedILi20ELi10EL9ap_q_mode5EL9a_309, i20 %p_ZZN4nnet22compute_pool_buffer_2dINS_5arrayI8ap_fixedILi20ELi10EL9ap_q_mode5EL9a_85, i20 %p_ZZN4nnet22compute_pool_buffer_2dINS_5arrayI8ap_fixedILi20ELi10EL9ap_q_mode5EL9a_300, i20 %p_ZZN4nnet22compute_pool_buffer_2dINS_5arrayI8ap_fixedILi20ELi10EL9ap_q_mode5EL9a_66, i20 %p_ZZN4nnet22compute_pool_buffer_2dINS_5arrayI8ap_fixedILi20ELi10EL9ap_q_mode5EL9a_48, i20 %p_ZZN4nnet22compute_pool_buffer_2dINS_5arrayI8ap_fixedILi20ELi10EL9ap_q_mode5EL9a_30, i20 %p_ZZN4nnet22compute_pool_buffer_2dINS_5arrayI8ap_fixedILi20ELi10EL9ap_q_mode5EL9a_12, i20 %p_ZZN4nnet22compute_pool_buffer_2dINS_5arrayI8ap_fixedILi20ELi10EL9ap_q_mode5EL9a_251, i20 %p_ZZN4nnet22compute_pool_buffer_2dINS_5arrayI8ap_fixedILi20ELi10EL9ap_q_mode5EL9a_271, i20 %p_ZZN4nnet22compute_pool_buffer_2dINS_5arrayI8ap_fixedILi20ELi10EL9ap_q_mode5EL9a_291, i20 %p_ZZN4nnet22compute_pool_buffer_2dINS_5arrayI8ap_fixedILi20ELi10EL9ap_q_mode5EL9a_310, i20 %p_ZZN4nnet22compute_pool_buffer_2dINS_5arrayI8ap_fixedILi20ELi10EL9ap_q_mode5EL9a_84, i20 %p_ZZN4nnet22compute_pool_buffer_2dINS_5arrayI8ap_fixedILi20ELi10EL9ap_q_mode5EL9a_311, i20 %p_ZZN4nnet22compute_pool_buffer_2dINS_5arrayI8ap_fixedILi20ELi10EL9ap_q_mode5EL9a_65, i20 %p_ZZN4nnet22compute_pool_buffer_2dINS_5arrayI8ap_fixedILi20ELi10EL9ap_q_mode5EL9a_47, i20 %p_ZZN4nnet22compute_pool_buffer_2dINS_5arrayI8ap_fixedILi20ELi10EL9ap_q_mode5EL9a_29, i20 %p_ZZN4nnet22compute_pool_buffer_2dINS_5arrayI8ap_fixedILi20ELi10EL9ap_q_mode5EL9a_11, i20 %p_ZZN4nnet22compute_pool_buffer_2dINS_5arrayI8ap_fixedILi20ELi10EL9ap_q_mode5EL9a_252, i20 %p_ZZN4nnet22compute_pool_buffer_2dINS_5arrayI8ap_fixedILi20ELi10EL9ap_q_mode5EL9a_272, i20 %p_ZZN4nnet22compute_pool_buffer_2dINS_5arrayI8ap_fixedILi20ELi10EL9ap_q_mode5EL9a_292, i20 %p_ZZN4nnet22compute_pool_buffer_2dINS_5arrayI8ap_fixedILi20ELi10EL9ap_q_mode5EL9a_312, i20 %p_ZZN4nnet22compute_pool_buffer_2dINS_5arrayI8ap_fixedILi20ELi10EL9ap_q_mode5EL9a_83, i20 %p_ZZN4nnet22compute_pool_buffer_2dINS_5arrayI8ap_fixedILi20ELi10EL9ap_q_mode5EL9a_92, i20 %p_ZZN4nnet22compute_pool_buffer_2dINS_5arrayI8ap_fixedILi20ELi10EL9ap_q_mode5EL9a_64, i20 %p_ZZN4nnet22compute_pool_buffer_2dINS_5arrayI8ap_fixedILi20ELi10EL9ap_q_mode5EL9a_46, i20 %p_ZZN4nnet22compute_pool_buffer_2dINS_5arrayI8ap_fixedILi20ELi10EL9ap_q_mode5EL9a_28, i20 %p_ZZN4nnet22compute_pool_buffer_2dINS_5arrayI8ap_fixedILi20ELi10EL9ap_q_mode5EL9a_10, i20 %p_ZZN4nnet22compute_pool_buffer_2dINS_5arrayI8ap_fixedILi20ELi10EL9ap_q_mode5EL9a_253, i20 %p_ZZN4nnet22compute_pool_buffer_2dINS_5arrayI8ap_fixedILi20ELi10EL9ap_q_mode5EL9a_273, i20 %p_ZZN4nnet22compute_pool_buffer_2dINS_5arrayI8ap_fixedILi20ELi10EL9ap_q_mode5EL9a_293, i20 %p_ZZN4nnet22compute_pool_buffer_2dINS_5arrayI8ap_fixedILi20ELi10EL9ap_q_mode5EL9a_313, i20 %p_ZZN4nnet22compute_pool_buffer_2dINS_5arrayI8ap_fixedILi20ELi10EL9ap_q_mode5EL9a_82, i32 %pX, i32 %sX, i20 %void_pooling2d_cl_stream_stream_array_ap_fixed_18u_0_line_buffer_9, i20 %void_pooling2d_cl_stream_stream_array_ap_fixed_18u_0_line_buffer_8, i20 %void_pooling2d_cl_stream_stream_array_ap_fixed_18u_0_line_buffer_7, i20 %void_pooling2d_cl_stream_stream_array_ap_fixed_18u_0_line_buffer_6, i20 %void_pooling2d_cl_stream_stream_array_ap_fixed_18u_0_line_buffer_5, i20 %void_pooling2d_cl_stream_stream_array_ap_fixed_18u_0_line_buffer_4, i20 %void_pooling2d_cl_stream_stream_array_ap_fixed_18u_0_line_buffer_3, i20 %void_pooling2d_cl_stream_stream_array_ap_fixed_18u_0_line_buffer_2, i20 %void_pooling2d_cl_stream_stream_array_ap_fixed_18u_0_line_buffer_1, i20 %void_pooling2d_cl_stream_stream_array_ap_fixed_18u_0_line_buffer, i20 %p_ZZN4nnet12pooling2d_clINS_5arrayI8ap_fixedILi20ELi10EL9ap_q_mode5EL9ap_o_mode3E_7, i20 %p_ZZN4nnet12pooling2d_clINS_5arrayI8ap_fixedILi20ELi10EL9ap_q_mode5EL9ap_o_mode3E_6, i20 %p_ZZN4nnet12pooling2d_clINS_5arrayI8ap_fixedILi20ELi10EL9ap_q_mode5EL9ap_o_mode3E_5, i20 %p_ZZN4nnet12pooling2d_clINS_5arrayI8ap_fixedILi20ELi10EL9ap_q_mode5EL9ap_o_mode3E_4, i20 %p_ZZN4nnet12pooling2d_clINS_5arrayI8ap_fixedILi20ELi10EL9ap_q_mode5EL9ap_o_mode3E_3, i20 %p_ZZN4nnet12pooling2d_clINS_5arrayI8ap_fixedILi20ELi10EL9ap_q_mode5EL9ap_o_mode3E_2, i20 %p_ZZN4nnet12pooling2d_clINS_5arrayI8ap_fixedILi20ELi10EL9ap_q_mode5EL9ap_o_mode3E_1, i20 %p_ZZN4nnet12pooling2d_clINS_5arrayI8ap_fixedILi20ELi10EL9ap_q_mode5EL9ap_o_mode3E" [firmware/myproject.cpp:93]   --->   Operation 56 'call' 'call_ln93' <Predicate = true> <Delay = 0.00> <CoreType = "Generic">   --->   Core 0 '' <Latency = 0> <II = 1> <Delay = 1.00> <Generic> <Opcode : >

State 21 <SV = 20> <Delay = 0.00>
ST_21 : Operation 57 [1/2] (0.00ns)   --->   "%call_ln93 = call void @pooling2d_cl<array,array<ap_fixed<20,10,5,3,0>,18u>,config9>, i360 %layer8_out, i360 %layer9_out, i32 %sY, i32 %pY, i20 %void_compute_pool_buffer_2d_array_const_ap_shift_reg_n_filt_stream_kernel_9, i20 %p_ZZN4nnet22compute_pool_buffer_2dINS_5arrayI8ap_fixedILi20ELi10EL9ap_q_mode5EL9a_81, i20 %p_ZZN4nnet22compute_pool_buffer_2dINS_5arrayI8ap_fixedILi20ELi10EL9ap_q_mode5EL9a_63, i20 %p_ZZN4nnet22compute_pool_buffer_2dINS_5arrayI8ap_fixedILi20ELi10EL9ap_q_mode5EL9a_45, i20 %p_ZZN4nnet22compute_pool_buffer_2dINS_5arrayI8ap_fixedILi20ELi10EL9ap_q_mode5EL9a_27, i20 %p_ZZN4nnet22compute_pool_buffer_2dINS_5arrayI8ap_fixedILi20ELi10EL9ap_q_mode5EL9a_9, i20 %p_ZZN4nnet22compute_pool_buffer_2dINS_5arrayI8ap_fixedILi20ELi10EL9ap_q_mode5EL9a_254, i20 %p_ZZN4nnet22compute_pool_buffer_2dINS_5arrayI8ap_fixedILi20ELi10EL9ap_q_mode5EL9a_274, i20 %p_ZZN4nnet22compute_pool_buffer_2dINS_5arrayI8ap_fixedILi20ELi10EL9ap_q_mode5EL9a_294, i20 %p_ZZN4nnet22compute_pool_buffer_2dINS_5arrayI8ap_fixedILi20ELi10EL9ap_q_mode5EL9a_314, i20 %void_compute_pool_buffer_2d_array_const_ap_shift_reg_n_filt_stream_kernel_8, i20 %p_ZZN4nnet22compute_pool_buffer_2dINS_5arrayI8ap_fixedILi20ELi10EL9ap_q_mode5EL9a_80, i20 %p_ZZN4nnet22compute_pool_buffer_2dINS_5arrayI8ap_fixedILi20ELi10EL9ap_q_mode5EL9a_62, i20 %p_ZZN4nnet22compute_pool_buffer_2dINS_5arrayI8ap_fixedILi20ELi10EL9ap_q_mode5EL9a_44, i20 %p_ZZN4nnet22compute_pool_buffer_2dINS_5arrayI8ap_fixedILi20ELi10EL9ap_q_mode5EL9a_26, i20 %p_ZZN4nnet22compute_pool_buffer_2dINS_5arrayI8ap_fixedILi20ELi10EL9ap_q_mode5EL9a_8, i20 %p_ZZN4nnet22compute_pool_buffer_2dINS_5arrayI8ap_fixedILi20ELi10EL9ap_q_mode5EL9a_255, i20 %p_ZZN4nnet22compute_pool_buffer_2dINS_5arrayI8ap_fixedILi20ELi10EL9ap_q_mode5EL9a_275, i20 %p_ZZN4nnet22compute_pool_buffer_2dINS_5arrayI8ap_fixedILi20ELi10EL9ap_q_mode5EL9a_295, i20 %p_ZZN4nnet22compute_pool_buffer_2dINS_5arrayI8ap_fixedILi20ELi10EL9ap_q_mode5EL9a_99, i20 %void_compute_pool_buffer_2d_array_const_ap_shift_reg_n_filt_stream_kernel_7, i20 %p_ZZN4nnet22compute_pool_buffer_2dINS_5arrayI8ap_fixedILi20ELi10EL9ap_q_mode5EL9a_79, i20 %p_ZZN4nnet22compute_pool_buffer_2dINS_5arrayI8ap_fixedILi20ELi10EL9ap_q_mode5EL9a_61, i20 %p_ZZN4nnet22compute_pool_buffer_2dINS_5arrayI8ap_fixedILi20ELi10EL9ap_q_mode5EL9a_43, i20 %p_ZZN4nnet22compute_pool_buffer_2dINS_5arrayI8ap_fixedILi20ELi10EL9ap_q_mode5EL9a_25, i20 %p_ZZN4nnet22compute_pool_buffer_2dINS_5arrayI8ap_fixedILi20ELi10EL9ap_q_mode5EL9a_7, i20 %p_ZZN4nnet22compute_pool_buffer_2dINS_5arrayI8ap_fixedILi20ELi10EL9ap_q_mode5EL9a_257, i20 %p_ZZN4nnet22compute_pool_buffer_2dINS_5arrayI8ap_fixedILi20ELi10EL9ap_q_mode5EL9a_276, i20 %p_ZZN4nnet22compute_pool_buffer_2dINS_5arrayI8ap_fixedILi20ELi10EL9ap_q_mode5EL9a_296, i20 %p_ZZN4nnet22compute_pool_buffer_2dINS_5arrayI8ap_fixedILi20ELi10EL9ap_q_mode5EL9a_98, i20 %void_compute_pool_buffer_2d_array_const_ap_shift_reg_n_filt_stream_kernel_6, i20 %p_ZZN4nnet22compute_pool_buffer_2dINS_5arrayI8ap_fixedILi20ELi10EL9ap_q_mode5EL9a_78, i20 %p_ZZN4nnet22compute_pool_buffer_2dINS_5arrayI8ap_fixedILi20ELi10EL9ap_q_mode5EL9a_60, i20 %p_ZZN4nnet22compute_pool_buffer_2dINS_5arrayI8ap_fixedILi20ELi10EL9ap_q_mode5EL9a_42, i20 %p_ZZN4nnet22compute_pool_buffer_2dINS_5arrayI8ap_fixedILi20ELi10EL9ap_q_mode5EL9a_24, i20 %p_ZZN4nnet22compute_pool_buffer_2dINS_5arrayI8ap_fixedILi20ELi10EL9ap_q_mode5EL9a_6, i20 %p_ZZN4nnet22compute_pool_buffer_2dINS_5arrayI8ap_fixedILi20ELi10EL9ap_q_mode5EL9a_258, i20 %p_ZZN4nnet22compute_pool_buffer_2dINS_5arrayI8ap_fixedILi20ELi10EL9ap_q_mode5EL9a_277, i20 %p_ZZN4nnet22compute_pool_buffer_2dINS_5arrayI8ap_fixedILi20ELi10EL9ap_q_mode5EL9a_297, i20 %p_ZZN4nnet22compute_pool_buffer_2dINS_5arrayI8ap_fixedILi20ELi10EL9ap_q_mode5EL9a_97, i20 %void_compute_pool_buffer_2d_array_const_ap_shift_reg_n_filt_stream_kernel_5, i20 %p_ZZN4nnet22compute_pool_buffer_2dINS_5arrayI8ap_fixedILi20ELi10EL9ap_q_mode5EL9a_77, i20 %p_ZZN4nnet22compute_pool_buffer_2dINS_5arrayI8ap_fixedILi20ELi10EL9ap_q_mode5EL9a_59, i20 %p_ZZN4nnet22compute_pool_buffer_2dINS_5arrayI8ap_fixedILi20ELi10EL9ap_q_mode5EL9a_41, i20 %p_ZZN4nnet22compute_pool_buffer_2dINS_5arrayI8ap_fixedILi20ELi10EL9ap_q_mode5EL9a_23, i20 %p_ZZN4nnet22compute_pool_buffer_2dINS_5arrayI8ap_fixedILi20ELi10EL9ap_q_mode5EL9a_5, i20 %p_ZZN4nnet22compute_pool_buffer_2dINS_5arrayI8ap_fixedILi20ELi10EL9ap_q_mode5EL9a_259, i20 %p_ZZN4nnet22compute_pool_buffer_2dINS_5arrayI8ap_fixedILi20ELi10EL9ap_q_mode5EL9a_279, i20 %p_ZZN4nnet22compute_pool_buffer_2dINS_5arrayI8ap_fixedILi20ELi10EL9ap_q_mode5EL9a_298, i20 %p_ZZN4nnet22compute_pool_buffer_2dINS_5arrayI8ap_fixedILi20ELi10EL9ap_q_mode5EL9a_96, i20 %void_compute_pool_buffer_2d_array_const_ap_shift_reg_n_filt_stream_kernel_4, i20 %p_ZZN4nnet22compute_pool_buffer_2dINS_5arrayI8ap_fixedILi20ELi10EL9ap_q_mode5EL9a_76, i20 %p_ZZN4nnet22compute_pool_buffer_2dINS_5arrayI8ap_fixedILi20ELi10EL9ap_q_mode5EL9a_58, i20 %p_ZZN4nnet22compute_pool_buffer_2dINS_5arrayI8ap_fixedILi20ELi10EL9ap_q_mode5EL9a_40, i20 %p_ZZN4nnet22compute_pool_buffer_2dINS_5arrayI8ap_fixedILi20ELi10EL9ap_q_mode5EL9a_22, i20 %p_ZZN4nnet22compute_pool_buffer_2dINS_5arrayI8ap_fixedILi20ELi10EL9ap_q_mode5EL9a_4, i20 %p_ZZN4nnet22compute_pool_buffer_2dINS_5arrayI8ap_fixedILi20ELi10EL9ap_q_mode5EL9a_260, i20 %p_ZZN4nnet22compute_pool_buffer_2dINS_5arrayI8ap_fixedILi20ELi10EL9ap_q_mode5EL9a_280, i20 %p_ZZN4nnet22compute_pool_buffer_2dINS_5arrayI8ap_fixedILi20ELi10EL9ap_q_mode5EL9a_299, i20 %p_ZZN4nnet22compute_pool_buffer_2dINS_5arrayI8ap_fixedILi20ELi10EL9ap_q_mode5EL9a_95, i20 %void_compute_pool_buffer_2d_array_const_ap_shift_reg_n_filt_stream_kernel_3, i20 %p_ZZN4nnet22compute_pool_buffer_2dINS_5arrayI8ap_fixedILi20ELi10EL9ap_q_mode5EL9a_75, i20 %p_ZZN4nnet22compute_pool_buffer_2dINS_5arrayI8ap_fixedILi20ELi10EL9ap_q_mode5EL9a_57, i20 %p_ZZN4nnet22compute_pool_buffer_2dINS_5arrayI8ap_fixedILi20ELi10EL9ap_q_mode5EL9a_39, i20 %p_ZZN4nnet22compute_pool_buffer_2dINS_5arrayI8ap_fixedILi20ELi10EL9ap_q_mode5EL9a_21, i20 %p_ZZN4nnet22compute_pool_buffer_2dINS_5arrayI8ap_fixedILi20ELi10EL9ap_q_mode5EL9a_3, i20 %p_ZZN4nnet22compute_pool_buffer_2dINS_5arrayI8ap_fixedILi20ELi10EL9ap_q_mode5EL9a_261, i20 %p_ZZN4nnet22compute_pool_buffer_2dINS_5arrayI8ap_fixedILi20ELi10EL9ap_q_mode5EL9a_281, i20 %p_ZZN4nnet22compute_pool_buffer_2dINS_5arrayI8ap_fixedILi20ELi10EL9ap_q_mode5EL9a_301, i20 %p_ZZN4nnet22compute_pool_buffer_2dINS_5arrayI8ap_fixedILi20ELi10EL9ap_q_mode5EL9a_94, i20 %void_compute_pool_buffer_2d_array_const_ap_shift_reg_n_filt_stream_kernel_2, i20 %p_ZZN4nnet22compute_pool_buffer_2dINS_5arrayI8ap_fixedILi20ELi10EL9ap_q_mode5EL9a_74, i20 %p_ZZN4nnet22compute_pool_buffer_2dINS_5arrayI8ap_fixedILi20ELi10EL9ap_q_mode5EL9a_56, i20 %p_ZZN4nnet22compute_pool_buffer_2dINS_5arrayI8ap_fixedILi20ELi10EL9ap_q_mode5EL9a_38, i20 %p_ZZN4nnet22compute_pool_buffer_2dINS_5arrayI8ap_fixedILi20ELi10EL9ap_q_mode5EL9a_20, i20 %p_ZZN4nnet22compute_pool_buffer_2dINS_5arrayI8ap_fixedILi20ELi10EL9ap_q_mode5EL9a_2, i20 %p_ZZN4nnet22compute_pool_buffer_2dINS_5arrayI8ap_fixedILi20ELi10EL9ap_q_mode5EL9a_262, i20 %p_ZZN4nnet22compute_pool_buffer_2dINS_5arrayI8ap_fixedILi20ELi10EL9ap_q_mode5EL9a_282, i20 %p_ZZN4nnet22compute_pool_buffer_2dINS_5arrayI8ap_fixedILi20ELi10EL9ap_q_mode5EL9a_302, i20 %p_ZZN4nnet22compute_pool_buffer_2dINS_5arrayI8ap_fixedILi20ELi10EL9ap_q_mode5EL9a_93, i20 %void_compute_pool_buffer_2d_array_const_ap_shift_reg_n_filt_stream_kernel_1, i20 %p_ZZN4nnet22compute_pool_buffer_2dINS_5arrayI8ap_fixedILi20ELi10EL9ap_q_mode5EL9a_73, i20 %p_ZZN4nnet22compute_pool_buffer_2dINS_5arrayI8ap_fixedILi20ELi10EL9ap_q_mode5EL9a_55, i20 %p_ZZN4nnet22compute_pool_buffer_2dINS_5arrayI8ap_fixedILi20ELi10EL9ap_q_mode5EL9a_37, i20 %p_ZZN4nnet22compute_pool_buffer_2dINS_5arrayI8ap_fixedILi20ELi10EL9ap_q_mode5EL9a_19, i20 %p_ZZN4nnet22compute_pool_buffer_2dINS_5arrayI8ap_fixedILi20ELi10EL9ap_q_mode5EL9a_1, i20 %p_ZZN4nnet22compute_pool_buffer_2dINS_5arrayI8ap_fixedILi20ELi10EL9ap_q_mode5EL9a_263, i20 %p_ZZN4nnet22compute_pool_buffer_2dINS_5arrayI8ap_fixedILi20ELi10EL9ap_q_mode5EL9a_283, i20 %p_ZZN4nnet22compute_pool_buffer_2dINS_5arrayI8ap_fixedILi20ELi10EL9ap_q_mode5EL9a_303, i20 %p_ZZN4nnet22compute_pool_buffer_2dINS_5arrayI8ap_fixedILi20ELi10EL9ap_q_mode5EL9a_91, i20 %void_compute_pool_buffer_2d_array_const_ap_shift_reg_n_filt_stream_kernel, i20 %p_ZZN4nnet22compute_pool_buffer_2dINS_5arrayI8ap_fixedILi20ELi10EL9ap_q_mode5EL9a_72, i20 %p_ZZN4nnet22compute_pool_buffer_2dINS_5arrayI8ap_fixedILi20ELi10EL9ap_q_mode5EL9a_54, i20 %p_ZZN4nnet22compute_pool_buffer_2dINS_5arrayI8ap_fixedILi20ELi10EL9ap_q_mode5EL9a_36, i20 %p_ZZN4nnet22compute_pool_buffer_2dINS_5arrayI8ap_fixedILi20ELi10EL9ap_q_mode5EL9a_18, i20 %p_ZZN4nnet22compute_pool_buffer_2dINS_5arrayI8ap_fixedILi20ELi10EL9ap_q_mode5EL9a, i20 %p_ZZN4nnet22compute_pool_buffer_2dINS_5arrayI8ap_fixedILi20ELi10EL9ap_q_mode5EL9a_264, i20 %p_ZZN4nnet22compute_pool_buffer_2dINS_5arrayI8ap_fixedILi20ELi10EL9ap_q_mode5EL9a_284, i20 %p_ZZN4nnet22compute_pool_buffer_2dINS_5arrayI8ap_fixedILi20ELi10EL9ap_q_mode5EL9a_304, i20 %p_ZZN4nnet22compute_pool_buffer_2dINS_5arrayI8ap_fixedILi20ELi10EL9ap_q_mode5EL9a_90, i20 %p_ZZN4nnet22compute_pool_buffer_2dINS_5arrayI8ap_fixedILi20ELi10EL9ap_q_mode5EL9a_245, i20 %p_ZZN4nnet22compute_pool_buffer_2dINS_5arrayI8ap_fixedILi20ELi10EL9ap_q_mode5EL9a_71, i20 %p_ZZN4nnet22compute_pool_buffer_2dINS_5arrayI8ap_fixedILi20ELi10EL9ap_q_mode5EL9a_53, i20 %p_ZZN4nnet22compute_pool_buffer_2dINS_5arrayI8ap_fixedILi20ELi10EL9ap_q_mode5EL9a_35, i20 %p_ZZN4nnet22compute_pool_buffer_2dINS_5arrayI8ap_fixedILi20ELi10EL9ap_q_mode5EL9a_17, i20 %p_ZZN4nnet22compute_pool_buffer_2dINS_5arrayI8ap_fixedILi20ELi10EL9ap_q_mode5EL9a_246, i20 %p_ZZN4nnet22compute_pool_buffer_2dINS_5arrayI8ap_fixedILi20ELi10EL9ap_q_mode5EL9a_265, i20 %p_ZZN4nnet22compute_pool_buffer_2dINS_5arrayI8ap_fixedILi20ELi10EL9ap_q_mode5EL9a_285, i20 %p_ZZN4nnet22compute_pool_buffer_2dINS_5arrayI8ap_fixedILi20ELi10EL9ap_q_mode5EL9a_305, i20 %p_ZZN4nnet22compute_pool_buffer_2dINS_5arrayI8ap_fixedILi20ELi10EL9ap_q_mode5EL9a_89, i20 %p_ZZN4nnet22compute_pool_buffer_2dINS_5arrayI8ap_fixedILi20ELi10EL9ap_q_mode5EL9a_256, i20 %p_ZZN4nnet22compute_pool_buffer_2dINS_5arrayI8ap_fixedILi20ELi10EL9ap_q_mode5EL9a_70, i20 %p_ZZN4nnet22compute_pool_buffer_2dINS_5arrayI8ap_fixedILi20ELi10EL9ap_q_mode5EL9a_52, i20 %p_ZZN4nnet22compute_pool_buffer_2dINS_5arrayI8ap_fixedILi20ELi10EL9ap_q_mode5EL9a_34, i20 %p_ZZN4nnet22compute_pool_buffer_2dINS_5arrayI8ap_fixedILi20ELi10EL9ap_q_mode5EL9a_16, i20 %p_ZZN4nnet22compute_pool_buffer_2dINS_5arrayI8ap_fixedILi20ELi10EL9ap_q_mode5EL9a_247, i20 %p_ZZN4nnet22compute_pool_buffer_2dINS_5arrayI8ap_fixedILi20ELi10EL9ap_q_mode5EL9a_266, i20 %p_ZZN4nnet22compute_pool_buffer_2dINS_5arrayI8ap_fixedILi20ELi10EL9ap_q_mode5EL9a_286, i20 %p_ZZN4nnet22compute_pool_buffer_2dINS_5arrayI8ap_fixedILi20ELi10EL9ap_q_mode5EL9a_306, i20 %p_ZZN4nnet22compute_pool_buffer_2dINS_5arrayI8ap_fixedILi20ELi10EL9ap_q_mode5EL9a_88, i20 %p_ZZN4nnet22compute_pool_buffer_2dINS_5arrayI8ap_fixedILi20ELi10EL9ap_q_mode5EL9a_267, i20 %p_ZZN4nnet22compute_pool_buffer_2dINS_5arrayI8ap_fixedILi20ELi10EL9ap_q_mode5EL9a_69, i20 %p_ZZN4nnet22compute_pool_buffer_2dINS_5arrayI8ap_fixedILi20ELi10EL9ap_q_mode5EL9a_51, i20 %p_ZZN4nnet22compute_pool_buffer_2dINS_5arrayI8ap_fixedILi20ELi10EL9ap_q_mode5EL9a_33, i20 %p_ZZN4nnet22compute_pool_buffer_2dINS_5arrayI8ap_fixedILi20ELi10EL9ap_q_mode5EL9a_15, i20 %p_ZZN4nnet22compute_pool_buffer_2dINS_5arrayI8ap_fixedILi20ELi10EL9ap_q_mode5EL9a_248, i20 %p_ZZN4nnet22compute_pool_buffer_2dINS_5arrayI8ap_fixedILi20ELi10EL9ap_q_mode5EL9a_268, i20 %p_ZZN4nnet22compute_pool_buffer_2dINS_5arrayI8ap_fixedILi20ELi10EL9ap_q_mode5EL9a_287, i20 %p_ZZN4nnet22compute_pool_buffer_2dINS_5arrayI8ap_fixedILi20ELi10EL9ap_q_mode5EL9a_307, i20 %p_ZZN4nnet22compute_pool_buffer_2dINS_5arrayI8ap_fixedILi20ELi10EL9ap_q_mode5EL9a_87, i20 %p_ZZN4nnet22compute_pool_buffer_2dINS_5arrayI8ap_fixedILi20ELi10EL9ap_q_mode5EL9a_278, i20 %p_ZZN4nnet22compute_pool_buffer_2dINS_5arrayI8ap_fixedILi20ELi10EL9ap_q_mode5EL9a_68, i20 %p_ZZN4nnet22compute_pool_buffer_2dINS_5arrayI8ap_fixedILi20ELi10EL9ap_q_mode5EL9a_50, i20 %p_ZZN4nnet22compute_pool_buffer_2dINS_5arrayI8ap_fixedILi20ELi10EL9ap_q_mode5EL9a_32, i20 %p_ZZN4nnet22compute_pool_buffer_2dINS_5arrayI8ap_fixedILi20ELi10EL9ap_q_mode5EL9a_14, i20 %p_ZZN4nnet22compute_pool_buffer_2dINS_5arrayI8ap_fixedILi20ELi10EL9ap_q_mode5EL9a_249, i20 %p_ZZN4nnet22compute_pool_buffer_2dINS_5arrayI8ap_fixedILi20ELi10EL9ap_q_mode5EL9a_269, i20 %p_ZZN4nnet22compute_pool_buffer_2dINS_5arrayI8ap_fixedILi20ELi10EL9ap_q_mode5EL9a_288, i20 %p_ZZN4nnet22compute_pool_buffer_2dINS_5arrayI8ap_fixedILi20ELi10EL9ap_q_mode5EL9a_308, i20 %p_ZZN4nnet22compute_pool_buffer_2dINS_5arrayI8ap_fixedILi20ELi10EL9ap_q_mode5EL9a_86, i20 %p_ZZN4nnet22compute_pool_buffer_2dINS_5arrayI8ap_fixedILi20ELi10EL9ap_q_mode5EL9a_289, i20 %p_ZZN4nnet22compute_pool_buffer_2dINS_5arrayI8ap_fixedILi20ELi10EL9ap_q_mode5EL9a_67, i20 %p_ZZN4nnet22compute_pool_buffer_2dINS_5arrayI8ap_fixedILi20ELi10EL9ap_q_mode5EL9a_49, i20 %p_ZZN4nnet22compute_pool_buffer_2dINS_5arrayI8ap_fixedILi20ELi10EL9ap_q_mode5EL9a_31, i20 %p_ZZN4nnet22compute_pool_buffer_2dINS_5arrayI8ap_fixedILi20ELi10EL9ap_q_mode5EL9a_13, i20 %p_ZZN4nnet22compute_pool_buffer_2dINS_5arrayI8ap_fixedILi20ELi10EL9ap_q_mode5EL9a_250, i20 %p_ZZN4nnet22compute_pool_buffer_2dINS_5arrayI8ap_fixedILi20ELi10EL9ap_q_mode5EL9a_270, i20 %p_ZZN4nnet22compute_pool_buffer_2dINS_5arrayI8ap_fixedILi20ELi10EL9ap_q_mode5EL9a_290, i20 %p_ZZN4nnet22compute_pool_buffer_2dINS_5arrayI8ap_fixedILi20ELi10EL9ap_q_mode5EL9a_309, i20 %p_ZZN4nnet22compute_pool_buffer_2dINS_5arrayI8ap_fixedILi20ELi10EL9ap_q_mode5EL9a_85, i20 %p_ZZN4nnet22compute_pool_buffer_2dINS_5arrayI8ap_fixedILi20ELi10EL9ap_q_mode5EL9a_300, i20 %p_ZZN4nnet22compute_pool_buffer_2dINS_5arrayI8ap_fixedILi20ELi10EL9ap_q_mode5EL9a_66, i20 %p_ZZN4nnet22compute_pool_buffer_2dINS_5arrayI8ap_fixedILi20ELi10EL9ap_q_mode5EL9a_48, i20 %p_ZZN4nnet22compute_pool_buffer_2dINS_5arrayI8ap_fixedILi20ELi10EL9ap_q_mode5EL9a_30, i20 %p_ZZN4nnet22compute_pool_buffer_2dINS_5arrayI8ap_fixedILi20ELi10EL9ap_q_mode5EL9a_12, i20 %p_ZZN4nnet22compute_pool_buffer_2dINS_5arrayI8ap_fixedILi20ELi10EL9ap_q_mode5EL9a_251, i20 %p_ZZN4nnet22compute_pool_buffer_2dINS_5arrayI8ap_fixedILi20ELi10EL9ap_q_mode5EL9a_271, i20 %p_ZZN4nnet22compute_pool_buffer_2dINS_5arrayI8ap_fixedILi20ELi10EL9ap_q_mode5EL9a_291, i20 %p_ZZN4nnet22compute_pool_buffer_2dINS_5arrayI8ap_fixedILi20ELi10EL9ap_q_mode5EL9a_310, i20 %p_ZZN4nnet22compute_pool_buffer_2dINS_5arrayI8ap_fixedILi20ELi10EL9ap_q_mode5EL9a_84, i20 %p_ZZN4nnet22compute_pool_buffer_2dINS_5arrayI8ap_fixedILi20ELi10EL9ap_q_mode5EL9a_311, i20 %p_ZZN4nnet22compute_pool_buffer_2dINS_5arrayI8ap_fixedILi20ELi10EL9ap_q_mode5EL9a_65, i20 %p_ZZN4nnet22compute_pool_buffer_2dINS_5arrayI8ap_fixedILi20ELi10EL9ap_q_mode5EL9a_47, i20 %p_ZZN4nnet22compute_pool_buffer_2dINS_5arrayI8ap_fixedILi20ELi10EL9ap_q_mode5EL9a_29, i20 %p_ZZN4nnet22compute_pool_buffer_2dINS_5arrayI8ap_fixedILi20ELi10EL9ap_q_mode5EL9a_11, i20 %p_ZZN4nnet22compute_pool_buffer_2dINS_5arrayI8ap_fixedILi20ELi10EL9ap_q_mode5EL9a_252, i20 %p_ZZN4nnet22compute_pool_buffer_2dINS_5arrayI8ap_fixedILi20ELi10EL9ap_q_mode5EL9a_272, i20 %p_ZZN4nnet22compute_pool_buffer_2dINS_5arrayI8ap_fixedILi20ELi10EL9ap_q_mode5EL9a_292, i20 %p_ZZN4nnet22compute_pool_buffer_2dINS_5arrayI8ap_fixedILi20ELi10EL9ap_q_mode5EL9a_312, i20 %p_ZZN4nnet22compute_pool_buffer_2dINS_5arrayI8ap_fixedILi20ELi10EL9ap_q_mode5EL9a_83, i20 %p_ZZN4nnet22compute_pool_buffer_2dINS_5arrayI8ap_fixedILi20ELi10EL9ap_q_mode5EL9a_92, i20 %p_ZZN4nnet22compute_pool_buffer_2dINS_5arrayI8ap_fixedILi20ELi10EL9ap_q_mode5EL9a_64, i20 %p_ZZN4nnet22compute_pool_buffer_2dINS_5arrayI8ap_fixedILi20ELi10EL9ap_q_mode5EL9a_46, i20 %p_ZZN4nnet22compute_pool_buffer_2dINS_5arrayI8ap_fixedILi20ELi10EL9ap_q_mode5EL9a_28, i20 %p_ZZN4nnet22compute_pool_buffer_2dINS_5arrayI8ap_fixedILi20ELi10EL9ap_q_mode5EL9a_10, i20 %p_ZZN4nnet22compute_pool_buffer_2dINS_5arrayI8ap_fixedILi20ELi10EL9ap_q_mode5EL9a_253, i20 %p_ZZN4nnet22compute_pool_buffer_2dINS_5arrayI8ap_fixedILi20ELi10EL9ap_q_mode5EL9a_273, i20 %p_ZZN4nnet22compute_pool_buffer_2dINS_5arrayI8ap_fixedILi20ELi10EL9ap_q_mode5EL9a_293, i20 %p_ZZN4nnet22compute_pool_buffer_2dINS_5arrayI8ap_fixedILi20ELi10EL9ap_q_mode5EL9a_313, i20 %p_ZZN4nnet22compute_pool_buffer_2dINS_5arrayI8ap_fixedILi20ELi10EL9ap_q_mode5EL9a_82, i32 %pX, i32 %sX, i20 %void_pooling2d_cl_stream_stream_array_ap_fixed_18u_0_line_buffer_9, i20 %void_pooling2d_cl_stream_stream_array_ap_fixed_18u_0_line_buffer_8, i20 %void_pooling2d_cl_stream_stream_array_ap_fixed_18u_0_line_buffer_7, i20 %void_pooling2d_cl_stream_stream_array_ap_fixed_18u_0_line_buffer_6, i20 %void_pooling2d_cl_stream_stream_array_ap_fixed_18u_0_line_buffer_5, i20 %void_pooling2d_cl_stream_stream_array_ap_fixed_18u_0_line_buffer_4, i20 %void_pooling2d_cl_stream_stream_array_ap_fixed_18u_0_line_buffer_3, i20 %void_pooling2d_cl_stream_stream_array_ap_fixed_18u_0_line_buffer_2, i20 %void_pooling2d_cl_stream_stream_array_ap_fixed_18u_0_line_buffer_1, i20 %void_pooling2d_cl_stream_stream_array_ap_fixed_18u_0_line_buffer, i20 %p_ZZN4nnet12pooling2d_clINS_5arrayI8ap_fixedILi20ELi10EL9ap_q_mode5EL9ap_o_mode3E_7, i20 %p_ZZN4nnet12pooling2d_clINS_5arrayI8ap_fixedILi20ELi10EL9ap_q_mode5EL9ap_o_mode3E_6, i20 %p_ZZN4nnet12pooling2d_clINS_5arrayI8ap_fixedILi20ELi10EL9ap_q_mode5EL9ap_o_mode3E_5, i20 %p_ZZN4nnet12pooling2d_clINS_5arrayI8ap_fixedILi20ELi10EL9ap_q_mode5EL9ap_o_mode3E_4, i20 %p_ZZN4nnet12pooling2d_clINS_5arrayI8ap_fixedILi20ELi10EL9ap_q_mode5EL9ap_o_mode3E_3, i20 %p_ZZN4nnet12pooling2d_clINS_5arrayI8ap_fixedILi20ELi10EL9ap_q_mode5EL9ap_o_mode3E_2, i20 %p_ZZN4nnet12pooling2d_clINS_5arrayI8ap_fixedILi20ELi10EL9ap_q_mode5EL9ap_o_mode3E_1, i20 %p_ZZN4nnet12pooling2d_clINS_5arrayI8ap_fixedILi20ELi10EL9ap_q_mode5EL9ap_o_mode3E" [firmware/myproject.cpp:93]   --->   Operation 57 'call' 'call_ln93' <Predicate = true> <Delay = 0.00> <CoreType = "Generic">   --->   Core 0 '' <Latency = 0> <II = 1> <Delay = 1.00> <Generic> <Opcode : >

State 22 <SV = 21> <Delay = 0.00>
ST_22 : Operation 58 [2/2] (0.00ns)   --->   "%call_ln95 = call void @dense<array<ap_fixed,18u>,array<ap_fixed<24,12,5,3,0>,7u>,config12>, i360 %layer9_out, i168 %local_output, i3 %outidx, i13 %w12" [firmware/myproject.cpp:95]   --->   Operation 58 'call' 'call_ln95' <Predicate = true> <Delay = 0.00> <CoreType = "Generic">   --->   Core 0 '' <Latency = 0> <II = 1> <Delay = 1.00> <Generic> <Opcode : >

State 23 <SV = 22> <Delay = 0.00>
ST_23 : Operation 59 [1/2] (0.00ns)   --->   "%call_ln95 = call void @dense<array<ap_fixed,18u>,array<ap_fixed<24,12,5,3,0>,7u>,config12>, i360 %layer9_out, i168 %local_output, i3 %outidx, i13 %w12" [firmware/myproject.cpp:95]   --->   Operation 59 'call' 'call_ln95' <Predicate = true> <Delay = 0.00> <CoreType = "Generic">   --->   Core 0 '' <Latency = 0> <II = 1> <Delay = 1.00> <Generic> <Opcode : >

State 24 <SV = 23> <Delay = 0.00>
ST_24 : Operation 60 [2/2] (0.00ns)   --->   "%call_ln0 = call void @Block_entry.split.split.split.split.split.split.split.split.split.split.split.sp, i168 %local_output, i168 %layer12_out_V_data_V, i21 %layer12_out_V_keep_V, i21 %layer12_out_V_strb_V, i1 %layer12_out_V_last_V"   --->   Operation 60 'call' 'call_ln0' <Predicate = true> <Delay = 0.00> <CoreType = "Generic">   --->   Core 0 '' <Latency = 0> <II = 1> <Delay = 1.00> <Generic> <Opcode : >

State 25 <SV = 24> <Delay = 0.00>
ST_25 : Operation 61 [1/2] (0.00ns)   --->   "%call_ln0 = call void @Block_entry.split.split.split.split.split.split.split.split.split.split.split.sp, i168 %local_output, i168 %layer12_out_V_data_V, i21 %layer12_out_V_keep_V, i21 %layer12_out_V_strb_V, i1 %layer12_out_V_last_V"   --->   Operation 61 'call' 'call_ln0' <Predicate = true> <Delay = 0.00> <CoreType = "Generic">   --->   Core 0 '' <Latency = 0> <II = 1> <Delay = 1.00> <Generic> <Opcode : >

State 26 <SV = 25> <Delay = 0.00>
ST_26 : Operation 62 [1/1] (0.00ns)   --->   "%specdataflowpipeline_ln17 = specdataflowpipeline void @_ssdm_op_SpecDataflowPipeline, i32 4294967295, i32 0, void @empty_5" [firmware/myproject.cpp:17]   --->   Operation 62 'specdataflowpipeline' 'specdataflowpipeline_ln17' <Predicate = true> <Delay = 0.00>
ST_26 : Operation 63 [1/1] (0.00ns)   --->   "%spectopmodule_ln8 = spectopmodule void @_ssdm_op_SpecTopModule, void @empty_15" [firmware/myproject.cpp:8]   --->   Operation 63 'spectopmodule' 'spectopmodule_ln8' <Predicate = true> <Delay = 0.00>
ST_26 : Operation 64 [1/1] (0.00ns)   --->   "%specinterface_ln0 = specinterface void @_ssdm_op_SpecInterface, i32 %mfcc_input, void @empty_13, i32 1, i32 1, void @empty_1, i32 0, i32 0, void @empty_5, void @empty_5, void @empty_5, i32 0, i32 0, i32 0, i32 0, void @empty_5, void @empty_5, i32 4294967295, i32 0, i32 0"   --->   Operation 64 'specinterface' 'specinterface_ln0' <Predicate = true> <Delay = 0.00>
ST_26 : Operation 65 [1/1] (0.00ns)   --->   "%specbitsmap_ln0 = specbitsmap void @_ssdm_op_SpecBitsMap, i32 %mfcc_input"   --->   Operation 65 'specbitsmap' 'specbitsmap_ln0' <Predicate = true> <Delay = 0.00>
ST_26 : Operation 66 [1/1] (0.00ns)   --->   "%specinterface_ln0 = specinterface void @_ssdm_op_SpecInterface, i168 %layer12_out_V_data_V, i21 %layer12_out_V_keep_V, i21 %layer12_out_V_strb_V, i1 %layer12_out_V_last_V, void @empty_13, i32 1, i32 1, void @empty_1, i32 0, i32 0, void @empty_5, void @empty_5, void @empty_5, i32 0, i32 0, i32 0, i32 0, void @empty_5, void @empty_5, i32 4294967295, i32 0, i32 0"   --->   Operation 66 'specinterface' 'specinterface_ln0' <Predicate = true> <Delay = 0.00>
ST_26 : Operation 67 [1/1] (0.00ns)   --->   "%specbitsmap_ln0 = specbitsmap void @_ssdm_op_SpecBitsMap, i168 %layer12_out_V_data_V"   --->   Operation 67 'specbitsmap' 'specbitsmap_ln0' <Predicate = true> <Delay = 0.00>
ST_26 : Operation 68 [1/1] (0.00ns)   --->   "%specbitsmap_ln0 = specbitsmap void @_ssdm_op_SpecBitsMap, i21 %layer12_out_V_keep_V"   --->   Operation 68 'specbitsmap' 'specbitsmap_ln0' <Predicate = true> <Delay = 0.00>
ST_26 : Operation 69 [1/1] (0.00ns)   --->   "%specbitsmap_ln0 = specbitsmap void @_ssdm_op_SpecBitsMap, i21 %layer12_out_V_strb_V"   --->   Operation 69 'specbitsmap' 'specbitsmap_ln0' <Predicate = true> <Delay = 0.00>
ST_26 : Operation 70 [1/1] (0.00ns)   --->   "%specbitsmap_ln0 = specbitsmap void @_ssdm_op_SpecBitsMap, i1 %layer12_out_V_last_V"   --->   Operation 70 'specbitsmap' 'specbitsmap_ln0' <Predicate = true> <Delay = 0.00>
ST_26 : Operation 71 [1/1] (0.00ns)   --->   "%specinterface_ln0 = specinterface void @_ssdm_op_SpecInterface, i32 0, void @empty_8, i32 0, i32 0, void @empty_5, i32 0, i32 0, void @empty_7, void @empty_5, void @empty_5, i32 0, i32 0, i32 0, i32 0, void @empty_5, void @empty_5, i32 4294967295, i32 0, i32 0"   --->   Operation 71 'specinterface' 'specinterface_ln0' <Predicate = true> <Delay = 0.00>
ST_26 : Operation 72 [1/1] (0.00ns)   --->   "%empty = specchannel i32 @_ssdm_op_SpecChannel, void @local_output_str, i32 1, void @p_str, void @p_str, i32 2, i32 2, i168 %local_output, i168 %local_output"   --->   Operation 72 'specchannel' 'empty' <Predicate = true> <Delay = 0.00>
ST_26 : Operation 73 [1/1] (0.00ns)   --->   "%specinterface_ln0 = specinterface void @_ssdm_op_SpecInterface, i168 %local_output, void @empty_6, i32 0, i32 0, void @empty_5, i32 0, i32 0, void @empty_5, void @empty_5, void @empty_5, i32 0, i32 0, i32 0, i32 0, void @empty_5, void @empty_5, i32 4294967295, i32 0, i32 0"   --->   Operation 73 'specinterface' 'specinterface_ln0' <Predicate = true> <Delay = 0.00>
ST_26 : Operation 74 [1/1] (0.00ns)   --->   "%empty_107 = specchannel i32 @_ssdm_op_SpecChannel, void @layer13_out_str, i32 1, void @p_str, void @p_str, i32 4223, i32 4223, i20 %layer13_out, i20 %layer13_out"   --->   Operation 74 'specchannel' 'empty_107' <Predicate = true> <Delay = 0.00>
ST_26 : Operation 75 [1/1] (0.00ns)   --->   "%specinterface_ln0 = specinterface void @_ssdm_op_SpecInterface, i20 %layer13_out, void @empty_6, i32 0, i32 0, void @empty_5, i32 0, i32 0, void @empty_5, void @empty_5, void @empty_5, i32 0, i32 0, i32 0, i32 0, void @empty_5, void @empty_5, i32 4294967295, i32 0, i32 0"   --->   Operation 75 'specinterface' 'specinterface_ln0' <Predicate = true> <Delay = 0.00>
ST_26 : Operation 76 [1/1] (0.00ns)   --->   "%empty_108 = specchannel i32 @_ssdm_op_SpecChannel, void @layer2_out_str, i32 1, void @p_str, void @p_str, i32 1020, i32 1020, i216 %layer2_out, i216 %layer2_out"   --->   Operation 76 'specchannel' 'empty_108' <Predicate = true> <Delay = 0.00>
ST_26 : Operation 77 [1/1] (0.00ns)   --->   "%specinterface_ln0 = specinterface void @_ssdm_op_SpecInterface, i216 %layer2_out, void @empty_6, i32 0, i32 0, void @empty_5, i32 0, i32 0, void @empty_5, void @empty_5, void @empty_5, i32 0, i32 0, i32 0, i32 0, void @empty_5, void @empty_5, i32 4294967295, i32 0, i32 0"   --->   Operation 77 'specinterface' 'specinterface_ln0' <Predicate = true> <Delay = 0.00>
ST_26 : Operation 78 [1/1] (0.00ns)   --->   "%empty_109 = specchannel i32 @_ssdm_op_SpecChannel, void @layer3_out_str, i32 1, void @p_str, void @p_str, i32 1020, i32 1020, i468 %layer3_out, i468 %layer3_out"   --->   Operation 78 'specchannel' 'empty_109' <Predicate = true> <Delay = 0.00>
ST_26 : Operation 79 [1/1] (0.00ns)   --->   "%specinterface_ln0 = specinterface void @_ssdm_op_SpecInterface, i468 %layer3_out, void @empty_6, i32 0, i32 0, void @empty_5, i32 0, i32 0, void @empty_5, void @empty_5, void @empty_5, i32 0, i32 0, i32 0, i32 0, void @empty_5, void @empty_5, i32 4294967295, i32 0, i32 0"   --->   Operation 79 'specinterface' 'specinterface_ln0' <Predicate = true> <Delay = 0.00>
ST_26 : Operation 80 [1/1] (0.00ns)   --->   "%empty_110 = specchannel i32 @_ssdm_op_SpecChannel, void @layer4_out_str, i32 1, void @p_str, void @p_str, i32 1020, i32 1020, i240 %layer4_out, i240 %layer4_out"   --->   Operation 80 'specchannel' 'empty_110' <Predicate = true> <Delay = 0.00>
ST_26 : Operation 81 [1/1] (0.00ns)   --->   "%specinterface_ln0 = specinterface void @_ssdm_op_SpecInterface, i240 %layer4_out, void @empty_6, i32 0, i32 0, void @empty_5, i32 0, i32 0, void @empty_5, void @empty_5, void @empty_5, i32 0, i32 0, i32 0, i32 0, void @empty_5, void @empty_5, i32 4294967295, i32 0, i32 0"   --->   Operation 81 'specinterface' 'specinterface_ln0' <Predicate = true> <Delay = 0.00>
ST_26 : Operation 82 [1/1] (0.00ns)   --->   "%empty_111 = specchannel i32 @_ssdm_op_SpecChannel, void @layer5_out_str, i32 1, void @p_str, void @p_str, i32 250, i32 250, i240 %layer5_out, i240 %layer5_out"   --->   Operation 82 'specchannel' 'empty_111' <Predicate = true> <Delay = 0.00>
ST_26 : Operation 83 [1/1] (0.00ns)   --->   "%specinterface_ln0 = specinterface void @_ssdm_op_SpecInterface, i240 %layer5_out, void @empty_6, i32 0, i32 0, void @empty_5, i32 0, i32 0, void @empty_5, void @empty_5, void @empty_5, i32 0, i32 0, i32 0, i32 0, void @empty_5, void @empty_5, i32 4294967295, i32 0, i32 0"   --->   Operation 83 'specinterface' 'specinterface_ln0' <Predicate = true> <Delay = 0.00>
ST_26 : Operation 84 [1/1] (0.00ns)   --->   "%empty_112 = specchannel i32 @_ssdm_op_SpecChannel, void @layer14_out_str, i32 1, void @p_str, void @p_str, i32 324, i32 324, i240 %layer14_out, i240 %layer14_out"   --->   Operation 84 'specchannel' 'empty_112' <Predicate = true> <Delay = 0.00>
ST_26 : Operation 85 [1/1] (0.00ns)   --->   "%specinterface_ln0 = specinterface void @_ssdm_op_SpecInterface, i240 %layer14_out, void @empty_6, i32 0, i32 0, void @empty_5, i32 0, i32 0, void @empty_5, void @empty_5, void @empty_5, i32 0, i32 0, i32 0, i32 0, void @empty_5, void @empty_5, i32 4294967295, i32 0, i32 0"   --->   Operation 85 'specinterface' 'specinterface_ln0' <Predicate = true> <Delay = 0.00>
ST_26 : Operation 86 [1/1] (0.00ns)   --->   "%empty_113 = specchannel i32 @_ssdm_op_SpecChannel, void @layer6_out_str, i32 1, void @p_str, void @p_str, i32 250, i32 250, i324 %layer6_out, i324 %layer6_out"   --->   Operation 86 'specchannel' 'empty_113' <Predicate = true> <Delay = 0.00>
ST_26 : Operation 87 [1/1] (0.00ns)   --->   "%specinterface_ln0 = specinterface void @_ssdm_op_SpecInterface, i324 %layer6_out, void @empty_6, i32 0, i32 0, void @empty_5, i32 0, i32 0, void @empty_5, void @empty_5, void @empty_5, i32 0, i32 0, i32 0, i32 0, void @empty_5, void @empty_5, i32 4294967295, i32 0, i32 0"   --->   Operation 87 'specinterface' 'specinterface_ln0' <Predicate = true> <Delay = 0.00>
ST_26 : Operation 88 [1/1] (0.00ns)   --->   "%empty_114 = specchannel i32 @_ssdm_op_SpecChannel, void @layer7_out_str, i32 1, void @p_str, void @p_str, i32 250, i32 250, i702 %layer7_out, i702 %layer7_out"   --->   Operation 88 'specchannel' 'empty_114' <Predicate = true> <Delay = 0.00>
ST_26 : Operation 89 [1/1] (0.00ns)   --->   "%specinterface_ln0 = specinterface void @_ssdm_op_SpecInterface, i702 %layer7_out, void @empty_6, i32 0, i32 0, void @empty_5, i32 0, i32 0, void @empty_5, void @empty_5, void @empty_5, i32 0, i32 0, i32 0, i32 0, void @empty_5, void @empty_5, i32 4294967295, i32 0, i32 0"   --->   Operation 89 'specinterface' 'specinterface_ln0' <Predicate = true> <Delay = 0.00>
ST_26 : Operation 90 [1/1] (0.00ns)   --->   "%empty_115 = specchannel i32 @_ssdm_op_SpecChannel, void @layer8_out_str, i32 1, void @p_str, void @p_str, i32 250, i32 250, i360 %layer8_out, i360 %layer8_out"   --->   Operation 90 'specchannel' 'empty_115' <Predicate = true> <Delay = 0.00>
ST_26 : Operation 91 [1/1] (0.00ns)   --->   "%specinterface_ln0 = specinterface void @_ssdm_op_SpecInterface, i360 %layer8_out, void @empty_6, i32 0, i32 0, void @empty_5, i32 0, i32 0, void @empty_5, void @empty_5, void @empty_5, i32 0, i32 0, i32 0, i32 0, void @empty_5, void @empty_5, i32 4294967295, i32 0, i32 0"   --->   Operation 91 'specinterface' 'specinterface_ln0' <Predicate = true> <Delay = 0.00>
ST_26 : Operation 92 [1/1] (0.00ns)   --->   "%empty_116 = specchannel i32 @_ssdm_op_SpecChannel, void @layer9_out_str, i32 1, void @p_str, void @p_str, i32 25, i32 25, i360 %layer9_out, i360 %layer9_out"   --->   Operation 92 'specchannel' 'empty_116' <Predicate = true> <Delay = 0.00>
ST_26 : Operation 93 [1/1] (0.00ns)   --->   "%specinterface_ln0 = specinterface void @_ssdm_op_SpecInterface, i360 %layer9_out, void @empty_6, i32 0, i32 0, void @empty_5, i32 0, i32 0, void @empty_5, void @empty_5, void @empty_5, i32 0, i32 0, i32 0, i32 0, void @empty_5, void @empty_5, i32 4294967295, i32 0, i32 0"   --->   Operation 93 'specinterface' 'specinterface_ln0' <Predicate = true> <Delay = 0.00>
ST_26 : Operation 94 [1/1] (0.00ns)   --->   "%specmemcore_ln77 = specmemcore void @_ssdm_op_SpecMemCore, i11 %w2, i64 666, i64 38, i64 18446744073709551615" [firmware/myproject.cpp:77]   --->   Operation 94 'specmemcore' 'specmemcore_ln77' <Predicate = true> <Delay = 0.00>
ST_26 : Operation 95 [1/1] (0.00ns)   --->   "%specmemcore_ln87 = specmemcore void @_ssdm_op_SpecMemCore, i12 %w6, i64 666, i64 38, i64 18446744073709551615" [firmware/myproject.cpp:87]   --->   Operation 95 'specmemcore' 'specmemcore_ln87' <Predicate = true> <Delay = 0.00>
ST_26 : Operation 96 [1/1] (0.00ns)   --->   "%specmemcore_ln95 = specmemcore void @_ssdm_op_SpecMemCore, i13 %w12, i64 666, i64 38, i64 18446744073709551615" [firmware/myproject.cpp:95]   --->   Operation 96 'specmemcore' 'specmemcore_ln95' <Predicate = true> <Delay = 0.00>
ST_26 : Operation 97 [1/1] (0.00ns)   --->   "%specaxissidechannel_ln117 = specaxissidechannel void @_ssdm_op_SpecAXISSideChannel, i168 %layer12_out_V_data_V, i21 %layer12_out_V_keep_V, i21 %layer12_out_V_strb_V, i1 0, i1 %layer12_out_V_last_V, i1 0, i1 0, void @empty_14" [firmware/myproject.cpp:117]   --->   Operation 97 'specaxissidechannel' 'specaxissidechannel_ln117' <Predicate = true> <Delay = 0.00>
ST_26 : Operation 98 [1/1] (0.00ns)   --->   "%ret_ln117 = ret" [firmware/myproject.cpp:117]   --->   Operation 98 'ret' 'ret_ln117' <Predicate = true> <Delay = 0.00>


============================================================
+ Verbose Summary: Binding
============================================================
STG Binding: 
---------------- STG Properties BEGIN ----------------
- Is combinational: 0
- Is one-state seq: 0
- Is datapath-only: 0
- Is pipelined: 0
- Is top level: 1
Port [ Return ] is wired: 1; IO mode=ap_ctrl_hs:ce=0
Port [ mfcc_input]:  wired=1; compound=1; hidden=0; nouse=0; global=0; static=0; extern=0; dir=0; type=0; pingpong=0; private_global=0; IO mode=axis:ce=0
Port [ layer12_out_V_data_V]:  wired=1; compound=1; hidden=0; nouse=0; global=0; static=0; extern=0; dir=1; type=0; pingpong=0; private_global=0; IO mode=axis:ce=0
Port [ layer12_out_V_keep_V]:  wired=1; compound=1; hidden=0; nouse=0; global=0; static=0; extern=0; dir=1; type=0; pingpong=0; private_global=0; IO mode=axis:ce=0
Port [ layer12_out_V_strb_V]:  wired=1; compound=1; hidden=0; nouse=0; global=0; static=0; extern=0; dir=1; type=0; pingpong=0; private_global=0; IO mode=axis:ce=0
Port [ layer12_out_V_last_V]:  wired=1; compound=1; hidden=0; nouse=0; global=0; static=0; extern=0; dir=1; type=0; pingpong=0; private_global=0; IO mode=axis:ce=0
Port [ void_compute_output_buffer_2d_array_const_ap_shift_reg_n_chan_stream_weig_7]:  wired=0; compound=0; hidden=1; nouse=1; global=1; static=1; extern=0; dir=2; type=0; pingpong=0; private_global=0; IO mode=ap_ovld:ce=0
Port [ void_compute_output_buffer_2d_array_const_ap_shift_reg_n_chan_stream_weig_8]:  wired=0; compound=0; hidden=1; nouse=1; global=1; static=1; extern=0; dir=2; type=0; pingpong=0; private_global=0; IO mode=ap_ovld:ce=0
Port [ void_compute_output_buffer_2d_array_const_ap_shift_reg_n_chan_stream_weig_4]:  wired=0; compound=0; hidden=1; nouse=1; global=1; static=1; extern=0; dir=2; type=0; pingpong=0; private_global=0; IO mode=ap_ovld:ce=0
Port [ void_compute_output_buffer_2d_array_const_ap_shift_reg_n_chan_stream_weig_5]:  wired=0; compound=0; hidden=1; nouse=1; global=1; static=1; extern=0; dir=2; type=0; pingpong=0; private_global=0; IO mode=ap_ovld:ce=0
Port [ void_compute_output_buffer_2d_array_const_ap_shift_reg_n_chan_stream_weig_1]:  wired=0; compound=0; hidden=1; nouse=1; global=1; static=1; extern=0; dir=2; type=0; pingpong=0; private_global=0; IO mode=ap_ovld:ce=0
Port [ void_compute_output_buffer_2d_array_const_ap_shift_reg_n_chan_stream_weig_2]:  wired=0; compound=0; hidden=1; nouse=1; global=1; static=1; extern=0; dir=2; type=0; pingpong=0; private_global=0; IO mode=ap_ovld:ce=0
Port [ void_compute_output_buffer_2d_array_const_ap_shift_reg_n_chan_stream_weig_6]:  wired=0; compound=0; hidden=1; nouse=1; global=1; static=1; extern=0; dir=2; type=0; pingpong=0; private_global=0; IO mode=ap_ovld:ce=0
Port [ void_compute_output_buffer_2d_array_const_ap_shift_reg_n_chan_stream_weig_3]:  wired=0; compound=0; hidden=1; nouse=1; global=1; static=1; extern=0; dir=2; type=0; pingpong=0; private_global=0; IO mode=ap_ovld:ce=0
Port [ void_compute_output_buffer_2d_array_const_ap_shift_reg_n_chan_stream_weig]:  wired=0; compound=0; hidden=1; nouse=1; global=1; static=1; extern=0; dir=2; type=0; pingpong=0; private_global=0; IO mode=ap_ovld:ce=0
Port [ void_conv_2d_buffer_resource_cl_stream_stream_weight_t_bias_t_line_buffer_1]:  wired=0; compound=1; hidden=1; nouse=1; global=1; static=1; extern=0; dir=3; type=1; pingpong=0; private_global=0; MemPort=[2]; IO mode=ap_memory:ce=0
Port [ void_conv_2d_buffer_resource_cl_stream_stream_weight_t_bias_t_line_buffer]:  wired=0; compound=1; hidden=1; nouse=1; global=1; static=1; extern=0; dir=3; type=1; pingpong=0; private_global=0; MemPort=[2]; IO mode=ap_memory:ce=0
Port [ sX_2]:  wired=0; compound=0; hidden=1; nouse=1; global=1; static=1; extern=0; dir=2; type=0; pingpong=0; private_global=0; IO mode=ap_ovld:ce=0
Port [ sY_2]:  wired=0; compound=0; hidden=1; nouse=1; global=1; static=1; extern=0; dir=2; type=0; pingpong=0; private_global=0; IO mode=ap_ovld:ce=0
Port [ pY_2]:  wired=0; compound=0; hidden=1; nouse=1; global=1; static=1; extern=0; dir=2; type=0; pingpong=0; private_global=0; IO mode=ap_ovld:ce=0
Port [ pX_2]:  wired=0; compound=0; hidden=1; nouse=1; global=1; static=1; extern=0; dir=2; type=0; pingpong=0; private_global=0; IO mode=ap_ovld:ce=0
Port [ outidx_63]:  wired=0; compound=1; hidden=1; nouse=1; global=1; static=1; extern=0; dir=0; type=1; pingpong=0; private_global=0; MemPort=[1]; IO mode=ap_memory:ce=0
Port [ w2]:  wired=0; compound=1; hidden=1; nouse=1; global=1; static=1; extern=0; dir=0; type=1; pingpong=0; private_global=0; MemPort=[1]; IO mode=ap_memory:ce=0
Port [ sY_1]:  wired=0; compound=0; hidden=1; nouse=1; global=1; static=1; extern=0; dir=2; type=0; pingpong=0; private_global=0; IO mode=ap_ovld:ce=0
Port [ pY_1]:  wired=0; compound=0; hidden=1; nouse=1; global=1; static=1; extern=0; dir=2; type=0; pingpong=0; private_global=0; IO mode=ap_ovld:ce=0
Port [ void_compute_pool_buffer_2d_array_const_ap_shift_reg_n_filt_stream_kernel_19]:  wired=0; compound=0; hidden=1; nouse=1; global=1; static=1; extern=0; dir=2; type=0; pingpong=0; private_global=0; IO mode=ap_ovld:ce=0
Port [ p_ZZN4nnet22compute_pool_buffer_2dINS_5arrayI8ap_fixedILi20ELi10EL9ap_q_mode5EL9a_209]:  wired=0; compound=0; hidden=1; nouse=1; global=1; static=1; extern=0; dir=2; type=0; pingpong=0; private_global=0; IO mode=ap_ovld:ce=0
Port [ p_ZZN4nnet22compute_pool_buffer_2dINS_5arrayI8ap_fixedILi20ELi10EL9ap_q_mode5EL9a_221]:  wired=0; compound=0; hidden=1; nouse=1; global=1; static=1; extern=0; dir=2; type=0; pingpong=0; private_global=0; IO mode=ap_ovld:ce=0
Port [ p_ZZN4nnet22compute_pool_buffer_2dINS_5arrayI8ap_fixedILi20ELi10EL9ap_q_mode5EL9a_233]:  wired=0; compound=0; hidden=1; nouse=1; global=1; static=1; extern=0; dir=2; type=0; pingpong=0; private_global=0; IO mode=ap_ovld:ce=0
Port [ void_compute_pool_buffer_2d_array_const_ap_shift_reg_n_filt_stream_kernel_18]:  wired=0; compound=0; hidden=1; nouse=1; global=1; static=1; extern=0; dir=2; type=0; pingpong=0; private_global=0; IO mode=ap_ovld:ce=0
Port [ p_ZZN4nnet22compute_pool_buffer_2dINS_5arrayI8ap_fixedILi20ELi10EL9ap_q_mode5EL9a_210]:  wired=0; compound=0; hidden=1; nouse=1; global=1; static=1; extern=0; dir=2; type=0; pingpong=0; private_global=0; IO mode=ap_ovld:ce=0
Port [ p_ZZN4nnet22compute_pool_buffer_2dINS_5arrayI8ap_fixedILi20ELi10EL9ap_q_mode5EL9a_222]:  wired=0; compound=0; hidden=1; nouse=1; global=1; static=1; extern=0; dir=2; type=0; pingpong=0; private_global=0; IO mode=ap_ovld:ce=0
Port [ p_ZZN4nnet22compute_pool_buffer_2dINS_5arrayI8ap_fixedILi20ELi10EL9ap_q_mode5EL9a_234]:  wired=0; compound=0; hidden=1; nouse=1; global=1; static=1; extern=0; dir=2; type=0; pingpong=0; private_global=0; IO mode=ap_ovld:ce=0
Port [ void_compute_pool_buffer_2d_array_const_ap_shift_reg_n_filt_stream_kernel_17]:  wired=0; compound=0; hidden=1; nouse=1; global=1; static=1; extern=0; dir=2; type=0; pingpong=0; private_global=0; IO mode=ap_ovld:ce=0
Port [ p_ZZN4nnet22compute_pool_buffer_2dINS_5arrayI8ap_fixedILi20ELi10EL9ap_q_mode5EL9a_211]:  wired=0; compound=0; hidden=1; nouse=1; global=1; static=1; extern=0; dir=2; type=0; pingpong=0; private_global=0; IO mode=ap_ovld:ce=0
Port [ p_ZZN4nnet22compute_pool_buffer_2dINS_5arrayI8ap_fixedILi20ELi10EL9ap_q_mode5EL9a_223]:  wired=0; compound=0; hidden=1; nouse=1; global=1; static=1; extern=0; dir=2; type=0; pingpong=0; private_global=0; IO mode=ap_ovld:ce=0
Port [ p_ZZN4nnet22compute_pool_buffer_2dINS_5arrayI8ap_fixedILi20ELi10EL9ap_q_mode5EL9a_235]:  wired=0; compound=0; hidden=1; nouse=1; global=1; static=1; extern=0; dir=2; type=0; pingpong=0; private_global=0; IO mode=ap_ovld:ce=0
Port [ void_compute_pool_buffer_2d_array_const_ap_shift_reg_n_filt_stream_kernel_16]:  wired=0; compound=0; hidden=1; nouse=1; global=1; static=1; extern=0; dir=2; type=0; pingpong=0; private_global=0; IO mode=ap_ovld:ce=0
Port [ p_ZZN4nnet22compute_pool_buffer_2dINS_5arrayI8ap_fixedILi20ELi10EL9ap_q_mode5EL9a_212]:  wired=0; compound=0; hidden=1; nouse=1; global=1; static=1; extern=0; dir=2; type=0; pingpong=0; private_global=0; IO mode=ap_ovld:ce=0
Port [ p_ZZN4nnet22compute_pool_buffer_2dINS_5arrayI8ap_fixedILi20ELi10EL9ap_q_mode5EL9a_224]:  wired=0; compound=0; hidden=1; nouse=1; global=1; static=1; extern=0; dir=2; type=0; pingpong=0; private_global=0; IO mode=ap_ovld:ce=0
Port [ p_ZZN4nnet22compute_pool_buffer_2dINS_5arrayI8ap_fixedILi20ELi10EL9ap_q_mode5EL9a_236]:  wired=0; compound=0; hidden=1; nouse=1; global=1; static=1; extern=0; dir=2; type=0; pingpong=0; private_global=0; IO mode=ap_ovld:ce=0
Port [ void_compute_pool_buffer_2d_array_const_ap_shift_reg_n_filt_stream_kernel_15]:  wired=0; compound=0; hidden=1; nouse=1; global=1; static=1; extern=0; dir=2; type=0; pingpong=0; private_global=0; IO mode=ap_ovld:ce=0
Port [ p_ZZN4nnet22compute_pool_buffer_2dINS_5arrayI8ap_fixedILi20ELi10EL9ap_q_mode5EL9a_213]:  wired=0; compound=0; hidden=1; nouse=1; global=1; static=1; extern=0; dir=2; type=0; pingpong=0; private_global=0; IO mode=ap_ovld:ce=0
Port [ p_ZZN4nnet22compute_pool_buffer_2dINS_5arrayI8ap_fixedILi20ELi10EL9ap_q_mode5EL9a_225]:  wired=0; compound=0; hidden=1; nouse=1; global=1; static=1; extern=0; dir=2; type=0; pingpong=0; private_global=0; IO mode=ap_ovld:ce=0
Port [ p_ZZN4nnet22compute_pool_buffer_2dINS_5arrayI8ap_fixedILi20ELi10EL9ap_q_mode5EL9a_237]:  wired=0; compound=0; hidden=1; nouse=1; global=1; static=1; extern=0; dir=2; type=0; pingpong=0; private_global=0; IO mode=ap_ovld:ce=0
Port [ void_compute_pool_buffer_2d_array_const_ap_shift_reg_n_filt_stream_kernel_14]:  wired=0; compound=0; hidden=1; nouse=1; global=1; static=1; extern=0; dir=2; type=0; pingpong=0; private_global=0; IO mode=ap_ovld:ce=0
Port [ p_ZZN4nnet22compute_pool_buffer_2dINS_5arrayI8ap_fixedILi20ELi10EL9ap_q_mode5EL9a_214]:  wired=0; compound=0; hidden=1; nouse=1; global=1; static=1; extern=0; dir=2; type=0; pingpong=0; private_global=0; IO mode=ap_ovld:ce=0
Port [ p_ZZN4nnet22compute_pool_buffer_2dINS_5arrayI8ap_fixedILi20ELi10EL9ap_q_mode5EL9a_226]:  wired=0; compound=0; hidden=1; nouse=1; global=1; static=1; extern=0; dir=2; type=0; pingpong=0; private_global=0; IO mode=ap_ovld:ce=0
Port [ p_ZZN4nnet22compute_pool_buffer_2dINS_5arrayI8ap_fixedILi20ELi10EL9ap_q_mode5EL9a_238]:  wired=0; compound=0; hidden=1; nouse=1; global=1; static=1; extern=0; dir=2; type=0; pingpong=0; private_global=0; IO mode=ap_ovld:ce=0
Port [ void_compute_pool_buffer_2d_array_const_ap_shift_reg_n_filt_stream_kernel_13]:  wired=0; compound=0; hidden=1; nouse=1; global=1; static=1; extern=0; dir=2; type=0; pingpong=0; private_global=0; IO mode=ap_ovld:ce=0
Port [ p_ZZN4nnet22compute_pool_buffer_2dINS_5arrayI8ap_fixedILi20ELi10EL9ap_q_mode5EL9a_215]:  wired=0; compound=0; hidden=1; nouse=1; global=1; static=1; extern=0; dir=2; type=0; pingpong=0; private_global=0; IO mode=ap_ovld:ce=0
Port [ p_ZZN4nnet22compute_pool_buffer_2dINS_5arrayI8ap_fixedILi20ELi10EL9ap_q_mode5EL9a_227]:  wired=0; compound=0; hidden=1; nouse=1; global=1; static=1; extern=0; dir=2; type=0; pingpong=0; private_global=0; IO mode=ap_ovld:ce=0
Port [ p_ZZN4nnet22compute_pool_buffer_2dINS_5arrayI8ap_fixedILi20ELi10EL9ap_q_mode5EL9a_239]:  wired=0; compound=0; hidden=1; nouse=1; global=1; static=1; extern=0; dir=2; type=0; pingpong=0; private_global=0; IO mode=ap_ovld:ce=0
Port [ void_compute_pool_buffer_2d_array_const_ap_shift_reg_n_filt_stream_kernel_12]:  wired=0; compound=0; hidden=1; nouse=1; global=1; static=1; extern=0; dir=2; type=0; pingpong=0; private_global=0; IO mode=ap_ovld:ce=0
Port [ p_ZZN4nnet22compute_pool_buffer_2dINS_5arrayI8ap_fixedILi20ELi10EL9ap_q_mode5EL9a_216]:  wired=0; compound=0; hidden=1; nouse=1; global=1; static=1; extern=0; dir=2; type=0; pingpong=0; private_global=0; IO mode=ap_ovld:ce=0
Port [ p_ZZN4nnet22compute_pool_buffer_2dINS_5arrayI8ap_fixedILi20ELi10EL9ap_q_mode5EL9a_228]:  wired=0; compound=0; hidden=1; nouse=1; global=1; static=1; extern=0; dir=2; type=0; pingpong=0; private_global=0; IO mode=ap_ovld:ce=0
Port [ p_ZZN4nnet22compute_pool_buffer_2dINS_5arrayI8ap_fixedILi20ELi10EL9ap_q_mode5EL9a_240]:  wired=0; compound=0; hidden=1; nouse=1; global=1; static=1; extern=0; dir=2; type=0; pingpong=0; private_global=0; IO mode=ap_ovld:ce=0
Port [ void_compute_pool_buffer_2d_array_const_ap_shift_reg_n_filt_stream_kernel_11]:  wired=0; compound=0; hidden=1; nouse=1; global=1; static=1; extern=0; dir=2; type=0; pingpong=0; private_global=0; IO mode=ap_ovld:ce=0
Port [ p_ZZN4nnet22compute_pool_buffer_2dINS_5arrayI8ap_fixedILi20ELi10EL9ap_q_mode5EL9a_217]:  wired=0; compound=0; hidden=1; nouse=1; global=1; static=1; extern=0; dir=2; type=0; pingpong=0; private_global=0; IO mode=ap_ovld:ce=0
Port [ p_ZZN4nnet22compute_pool_buffer_2dINS_5arrayI8ap_fixedILi20ELi10EL9ap_q_mode5EL9a_229]:  wired=0; compound=0; hidden=1; nouse=1; global=1; static=1; extern=0; dir=2; type=0; pingpong=0; private_global=0; IO mode=ap_ovld:ce=0
Port [ p_ZZN4nnet22compute_pool_buffer_2dINS_5arrayI8ap_fixedILi20ELi10EL9ap_q_mode5EL9a_241]:  wired=0; compound=0; hidden=1; nouse=1; global=1; static=1; extern=0; dir=2; type=0; pingpong=0; private_global=0; IO mode=ap_ovld:ce=0
Port [ void_compute_pool_buffer_2d_array_const_ap_shift_reg_n_filt_stream_kernel_10]:  wired=0; compound=0; hidden=1; nouse=1; global=1; static=1; extern=0; dir=2; type=0; pingpong=0; private_global=0; IO mode=ap_ovld:ce=0
Port [ p_ZZN4nnet22compute_pool_buffer_2dINS_5arrayI8ap_fixedILi20ELi10EL9ap_q_mode5EL9a_218]:  wired=0; compound=0; hidden=1; nouse=1; global=1; static=1; extern=0; dir=2; type=0; pingpong=0; private_global=0; IO mode=ap_ovld:ce=0
Port [ p_ZZN4nnet22compute_pool_buffer_2dINS_5arrayI8ap_fixedILi20ELi10EL9ap_q_mode5EL9a_230]:  wired=0; compound=0; hidden=1; nouse=1; global=1; static=1; extern=0; dir=2; type=0; pingpong=0; private_global=0; IO mode=ap_ovld:ce=0
Port [ p_ZZN4nnet22compute_pool_buffer_2dINS_5arrayI8ap_fixedILi20ELi10EL9ap_q_mode5EL9a_242]:  wired=0; compound=0; hidden=1; nouse=1; global=1; static=1; extern=0; dir=2; type=0; pingpong=0; private_global=0; IO mode=ap_ovld:ce=0
Port [ p_ZZN4nnet22compute_pool_buffer_2dINS_5arrayI8ap_fixedILi20ELi10EL9ap_q_mode5EL9a_207]:  wired=0; compound=0; hidden=1; nouse=1; global=1; static=1; extern=0; dir=2; type=0; pingpong=0; private_global=0; IO mode=ap_ovld:ce=0
Port [ p_ZZN4nnet22compute_pool_buffer_2dINS_5arrayI8ap_fixedILi20ELi10EL9ap_q_mode5EL9a_219]:  wired=0; compound=0; hidden=1; nouse=1; global=1; static=1; extern=0; dir=2; type=0; pingpong=0; private_global=0; IO mode=ap_ovld:ce=0
Port [ p_ZZN4nnet22compute_pool_buffer_2dINS_5arrayI8ap_fixedILi20ELi10EL9ap_q_mode5EL9a_231]:  wired=0; compound=0; hidden=1; nouse=1; global=1; static=1; extern=0; dir=2; type=0; pingpong=0; private_global=0; IO mode=ap_ovld:ce=0
Port [ p_ZZN4nnet22compute_pool_buffer_2dINS_5arrayI8ap_fixedILi20ELi10EL9ap_q_mode5EL9a_243]:  wired=0; compound=0; hidden=1; nouse=1; global=1; static=1; extern=0; dir=2; type=0; pingpong=0; private_global=0; IO mode=ap_ovld:ce=0
Port [ p_ZZN4nnet22compute_pool_buffer_2dINS_5arrayI8ap_fixedILi20ELi10EL9ap_q_mode5EL9a_208]:  wired=0; compound=0; hidden=1; nouse=1; global=1; static=1; extern=0; dir=2; type=0; pingpong=0; private_global=0; IO mode=ap_ovld:ce=0
Port [ p_ZZN4nnet22compute_pool_buffer_2dINS_5arrayI8ap_fixedILi20ELi10EL9ap_q_mode5EL9a_220]:  wired=0; compound=0; hidden=1; nouse=1; global=1; static=1; extern=0; dir=2; type=0; pingpong=0; private_global=0; IO mode=ap_ovld:ce=0
Port [ p_ZZN4nnet22compute_pool_buffer_2dINS_5arrayI8ap_fixedILi20ELi10EL9ap_q_mode5EL9a_232]:  wired=0; compound=0; hidden=1; nouse=1; global=1; static=1; extern=0; dir=2; type=0; pingpong=0; private_global=0; IO mode=ap_ovld:ce=0
Port [ p_ZZN4nnet22compute_pool_buffer_2dINS_5arrayI8ap_fixedILi20ELi10EL9ap_q_mode5EL9a_244]:  wired=0; compound=0; hidden=1; nouse=1; global=1; static=1; extern=0; dir=2; type=0; pingpong=0; private_global=0; IO mode=ap_ovld:ce=0
Port [ pX_1]:  wired=0; compound=0; hidden=1; nouse=1; global=1; static=1; extern=0; dir=2; type=0; pingpong=0; private_global=0; IO mode=ap_ovld:ce=0
Port [ sX_1]:  wired=0; compound=0; hidden=1; nouse=1; global=1; static=1; extern=0; dir=2; type=0; pingpong=0; private_global=0; IO mode=ap_ovld:ce=0
Port [ void_pooling2d_cl_stream_stream_array_ap_fixed_12u_0_line_buffer_9]:  wired=0; compound=1; hidden=1; nouse=1; global=1; static=1; extern=0; dir=3; type=1; pingpong=0; private_global=0; MemPort=[2]; IO mode=ap_memory:ce=0
Port [ void_pooling2d_cl_stream_stream_array_ap_fixed_12u_0_line_buffer_8]:  wired=0; compound=1; hidden=1; nouse=1; global=1; static=1; extern=0; dir=3; type=1; pingpong=0; private_global=0; MemPort=[2]; IO mode=ap_memory:ce=0
Port [ void_pooling2d_cl_stream_stream_array_ap_fixed_12u_0_line_buffer_7]:  wired=0; compound=1; hidden=1; nouse=1; global=1; static=1; extern=0; dir=3; type=1; pingpong=0; private_global=0; MemPort=[2]; IO mode=ap_memory:ce=0
Port [ void_pooling2d_cl_stream_stream_array_ap_fixed_12u_0_line_buffer_6]:  wired=0; compound=1; hidden=1; nouse=1; global=1; static=1; extern=0; dir=3; type=1; pingpong=0; private_global=0; MemPort=[2]; IO mode=ap_memory:ce=0
Port [ void_pooling2d_cl_stream_stream_array_ap_fixed_12u_0_line_buffer_5]:  wired=0; compound=1; hidden=1; nouse=1; global=1; static=1; extern=0; dir=3; type=1; pingpong=0; private_global=0; MemPort=[2]; IO mode=ap_memory:ce=0
Port [ void_pooling2d_cl_stream_stream_array_ap_fixed_12u_0_line_buffer_4]:  wired=0; compound=1; hidden=1; nouse=1; global=1; static=1; extern=0; dir=3; type=1; pingpong=0; private_global=0; MemPort=[2]; IO mode=ap_memory:ce=0
Port [ void_pooling2d_cl_stream_stream_array_ap_fixed_12u_0_line_buffer_3]:  wired=0; compound=1; hidden=1; nouse=1; global=1; static=1; extern=0; dir=3; type=1; pingpong=0; private_global=0; MemPort=[2]; IO mode=ap_memory:ce=0
Port [ void_pooling2d_cl_stream_stream_array_ap_fixed_12u_0_line_buffer_2]:  wired=0; compound=1; hidden=1; nouse=1; global=1; static=1; extern=0; dir=3; type=1; pingpong=0; private_global=0; MemPort=[2]; IO mode=ap_memory:ce=0
Port [ void_pooling2d_cl_stream_stream_array_ap_fixed_12u_0_line_buffer_1]:  wired=0; compound=1; hidden=1; nouse=1; global=1; static=1; extern=0; dir=3; type=1; pingpong=0; private_global=0; MemPort=[2]; IO mode=ap_memory:ce=0
Port [ void_pooling2d_cl_stream_stream_array_ap_fixed_12u_0_line_buffer]:  wired=0; compound=1; hidden=1; nouse=1; global=1; static=1; extern=0; dir=3; type=1; pingpong=0; private_global=0; MemPort=[2]; IO mode=ap_memory:ce=0
Port [ p_ZZN4nnet12pooling2d_clINS_5arrayI8ap_fixedILi20ELi10EL9ap_q_mode5EL9ap_o_mode3E_9]:  wired=0; compound=1; hidden=1; nouse=1; global=1; static=1; extern=0; dir=3; type=1; pingpong=0; private_global=0; MemPort=[2]; IO mode=ap_memory:ce=0
Port [ p_ZZN4nnet12pooling2d_clINS_5arrayI8ap_fixedILi20ELi10EL9ap_q_mode5EL9ap_o_mode3E_8]:  wired=0; compound=1; hidden=1; nouse=1; global=1; static=1; extern=0; dir=3; type=1; pingpong=0; private_global=0; MemPort=[2]; IO mode=ap_memory:ce=0
Port [ p_ZZN4nnet24compute_output_buffer_2dINS_5arrayI8ap_fixedILi20ELi10EL9ap_q_mode5EL_87]:  wired=0; compound=0; hidden=1; nouse=1; global=1; static=1; extern=0; dir=2; type=0; pingpong=0; private_global=0; IO mode=ap_ovld:ce=0
Port [ void_compute_output_buffer_2d_array_const_ap_shift_reg_n_chan_stream_weig_18]:  wired=0; compound=0; hidden=1; nouse=1; global=1; static=1; extern=0; dir=2; type=0; pingpong=0; private_global=0; IO mode=ap_ovld:ce=0
Port [ p_ZZN4nnet24compute_output_buffer_2dINS_5arrayI8ap_fixedILi20ELi10EL9ap_q_mode5EL_86]:  wired=0; compound=0; hidden=1; nouse=1; global=1; static=1; extern=0; dir=2; type=0; pingpong=0; private_global=0; IO mode=ap_ovld:ce=0
Port [ void_compute_output_buffer_2d_array_const_ap_shift_reg_n_chan_stream_weig_17]:  wired=0; compound=0; hidden=1; nouse=1; global=1; static=1; extern=0; dir=2; type=0; pingpong=0; private_global=0; IO mode=ap_ovld:ce=0
Port [ p_ZZN4nnet24compute_output_buffer_2dINS_5arrayI8ap_fixedILi20ELi10EL9ap_q_mode5EL_85]:  wired=0; compound=0; hidden=1; nouse=1; global=1; static=1; extern=0; dir=2; type=0; pingpong=0; private_global=0; IO mode=ap_ovld:ce=0
Port [ void_compute_output_buffer_2d_array_const_ap_shift_reg_n_chan_stream_weig_16]:  wired=0; compound=0; hidden=1; nouse=1; global=1; static=1; extern=0; dir=2; type=0; pingpong=0; private_global=0; IO mode=ap_ovld:ce=0
Port [ p_ZZN4nnet24compute_output_buffer_2dINS_5arrayI8ap_fixedILi20ELi10EL9ap_q_mode5EL_84]:  wired=0; compound=0; hidden=1; nouse=1; global=1; static=1; extern=0; dir=2; type=0; pingpong=0; private_global=0; IO mode=ap_ovld:ce=0
Port [ void_compute_output_buffer_2d_array_const_ap_shift_reg_n_chan_stream_weig_15]:  wired=0; compound=0; hidden=1; nouse=1; global=1; static=1; extern=0; dir=2; type=0; pingpong=0; private_global=0; IO mode=ap_ovld:ce=0
Port [ p_ZZN4nnet24compute_output_buffer_2dINS_5arrayI8ap_fixedILi20ELi10EL9ap_q_mode5EL_83]:  wired=0; compound=0; hidden=1; nouse=1; global=1; static=1; extern=0; dir=2; type=0; pingpong=0; private_global=0; IO mode=ap_ovld:ce=0
Port [ void_compute_output_buffer_2d_array_const_ap_shift_reg_n_chan_stream_weig_14]:  wired=0; compound=0; hidden=1; nouse=1; global=1; static=1; extern=0; dir=2; type=0; pingpong=0; private_global=0; IO mode=ap_ovld:ce=0
Port [ p_ZZN4nnet24compute_output_buffer_2dINS_5arrayI8ap_fixedILi20ELi10EL9ap_q_mode5EL_82]:  wired=0; compound=0; hidden=1; nouse=1; global=1; static=1; extern=0; dir=2; type=0; pingpong=0; private_global=0; IO mode=ap_ovld:ce=0
Port [ void_compute_output_buffer_2d_array_const_ap_shift_reg_n_chan_stream_weig_13]:  wired=0; compound=0; hidden=1; nouse=1; global=1; static=1; extern=0; dir=2; type=0; pingpong=0; private_global=0; IO mode=ap_ovld:ce=0
Port [ p_ZZN4nnet24compute_output_buffer_2dINS_5arrayI8ap_fixedILi20ELi10EL9ap_q_mode5EL_81]:  wired=0; compound=0; hidden=1; nouse=1; global=1; static=1; extern=0; dir=2; type=0; pingpong=0; private_global=0; IO mode=ap_ovld:ce=0
Port [ void_compute_output_buffer_2d_array_const_ap_shift_reg_n_chan_stream_weig_12]:  wired=0; compound=0; hidden=1; nouse=1; global=1; static=1; extern=0; dir=2; type=0; pingpong=0; private_global=0; IO mode=ap_ovld:ce=0
Port [ p_ZZN4nnet24compute_output_buffer_2dINS_5arrayI8ap_fixedILi20ELi10EL9ap_q_mode5EL_80]:  wired=0; compound=0; hidden=1; nouse=1; global=1; static=1; extern=0; dir=2; type=0; pingpong=0; private_global=0; IO mode=ap_ovld:ce=0
Port [ void_compute_output_buffer_2d_array_const_ap_shift_reg_n_chan_stream_weig_11]:  wired=0; compound=0; hidden=1; nouse=1; global=1; static=1; extern=0; dir=2; type=0; pingpong=0; private_global=0; IO mode=ap_ovld:ce=0
Port [ p_ZZN4nnet24compute_output_buffer_2dINS_5arrayI8ap_fixedILi20ELi10EL9ap_q_mode5EL_79]:  wired=0; compound=0; hidden=1; nouse=1; global=1; static=1; extern=0; dir=2; type=0; pingpong=0; private_global=0; IO mode=ap_ovld:ce=0
Port [ void_compute_output_buffer_2d_array_const_ap_shift_reg_n_chan_stream_weig_10]:  wired=0; compound=0; hidden=1; nouse=1; global=1; static=1; extern=0; dir=2; type=0; pingpong=0; private_global=0; IO mode=ap_ovld:ce=0
Port [ p_ZZN4nnet24compute_output_buffer_2dINS_5arrayI8ap_fixedILi20ELi10EL9ap_q_mode5EL_78]:  wired=0; compound=0; hidden=1; nouse=1; global=1; static=1; extern=0; dir=2; type=0; pingpong=0; private_global=0; IO mode=ap_ovld:ce=0
Port [ void_compute_output_buffer_2d_array_const_ap_shift_reg_n_chan_stream_weig_9]:  wired=0; compound=0; hidden=1; nouse=1; global=1; static=1; extern=0; dir=2; type=0; pingpong=0; private_global=0; IO mode=ap_ovld:ce=0
Port [ p_ZZN4nnet24compute_output_buffer_2dINS_5arrayI8ap_fixedILi20ELi10EL9ap_q_mode5EL_77]:  wired=0; compound=0; hidden=1; nouse=1; global=1; static=1; extern=0; dir=2; type=0; pingpong=0; private_global=0; IO mode=ap_ovld:ce=0
Port [ p_ZZN4nnet24compute_output_buffer_2dINS_5arrayI8ap_fixedILi20ELi10EL9ap_q_mode5EL_97]:  wired=0; compound=0; hidden=1; nouse=1; global=1; static=1; extern=0; dir=2; type=0; pingpong=0; private_global=0; IO mode=ap_ovld:ce=0
Port [ p_ZZN4nnet24compute_output_buffer_2dINS_5arrayI8ap_fixedILi20ELi10EL9ap_q_mode5EL_76]:  wired=0; compound=0; hidden=1; nouse=1; global=1; static=1; extern=0; dir=2; type=0; pingpong=0; private_global=0; IO mode=ap_ovld:ce=0
Port [ p_ZZN4nnet24compute_output_buffer_2dINS_5arrayI8ap_fixedILi20ELi10EL9ap_q_mode5EL_88]:  wired=0; compound=0; hidden=1; nouse=1; global=1; static=1; extern=0; dir=2; type=0; pingpong=0; private_global=0; IO mode=ap_ovld:ce=0
Port [ p_ZZN4nnet24compute_output_buffer_2dINS_5arrayI8ap_fixedILi20ELi10EL9ap_q_mode5EL_51]:  wired=0; compound=0; hidden=1; nouse=1; global=1; static=1; extern=0; dir=2; type=0; pingpong=0; private_global=0; IO mode=ap_ovld:ce=0
Port [ p_ZZN4nnet24compute_output_buffer_2dINS_5arrayI8ap_fixedILi20ELi10EL9ap_q_mode5EL_63]:  wired=0; compound=0; hidden=1; nouse=1; global=1; static=1; extern=0; dir=2; type=0; pingpong=0; private_global=0; IO mode=ap_ovld:ce=0
Port [ p_ZZN4nnet24compute_output_buffer_2dINS_5arrayI8ap_fixedILi20ELi10EL9ap_q_mode5EL_50]:  wired=0; compound=0; hidden=1; nouse=1; global=1; static=1; extern=0; dir=2; type=0; pingpong=0; private_global=0; IO mode=ap_ovld:ce=0
Port [ p_ZZN4nnet24compute_output_buffer_2dINS_5arrayI8ap_fixedILi20ELi10EL9ap_q_mode5EL_62]:  wired=0; compound=0; hidden=1; nouse=1; global=1; static=1; extern=0; dir=2; type=0; pingpong=0; private_global=0; IO mode=ap_ovld:ce=0
Port [ p_ZZN4nnet24compute_output_buffer_2dINS_5arrayI8ap_fixedILi20ELi10EL9ap_q_mode5EL_49]:  wired=0; compound=0; hidden=1; nouse=1; global=1; static=1; extern=0; dir=2; type=0; pingpong=0; private_global=0; IO mode=ap_ovld:ce=0
Port [ p_ZZN4nnet24compute_output_buffer_2dINS_5arrayI8ap_fixedILi20ELi10EL9ap_q_mode5EL_61]:  wired=0; compound=0; hidden=1; nouse=1; global=1; static=1; extern=0; dir=2; type=0; pingpong=0; private_global=0; IO mode=ap_ovld:ce=0
Port [ p_ZZN4nnet24compute_output_buffer_2dINS_5arrayI8ap_fixedILi20ELi10EL9ap_q_mode5EL_48]:  wired=0; compound=0; hidden=1; nouse=1; global=1; static=1; extern=0; dir=2; type=0; pingpong=0; private_global=0; IO mode=ap_ovld:ce=0
Port [ p_ZZN4nnet24compute_output_buffer_2dINS_5arrayI8ap_fixedILi20ELi10EL9ap_q_mode5EL_60]:  wired=0; compound=0; hidden=1; nouse=1; global=1; static=1; extern=0; dir=2; type=0; pingpong=0; private_global=0; IO mode=ap_ovld:ce=0
Port [ p_ZZN4nnet24compute_output_buffer_2dINS_5arrayI8ap_fixedILi20ELi10EL9ap_q_mode5EL_47]:  wired=0; compound=0; hidden=1; nouse=1; global=1; static=1; extern=0; dir=2; type=0; pingpong=0; private_global=0; IO mode=ap_ovld:ce=0
Port [ p_ZZN4nnet24compute_output_buffer_2dINS_5arrayI8ap_fixedILi20ELi10EL9ap_q_mode5EL_59]:  wired=0; compound=0; hidden=1; nouse=1; global=1; static=1; extern=0; dir=2; type=0; pingpong=0; private_global=0; IO mode=ap_ovld:ce=0
Port [ p_ZZN4nnet24compute_output_buffer_2dINS_5arrayI8ap_fixedILi20ELi10EL9ap_q_mode5EL_46]:  wired=0; compound=0; hidden=1; nouse=1; global=1; static=1; extern=0; dir=2; type=0; pingpong=0; private_global=0; IO mode=ap_ovld:ce=0
Port [ p_ZZN4nnet24compute_output_buffer_2dINS_5arrayI8ap_fixedILi20ELi10EL9ap_q_mode5EL_58]:  wired=0; compound=0; hidden=1; nouse=1; global=1; static=1; extern=0; dir=2; type=0; pingpong=0; private_global=0; IO mode=ap_ovld:ce=0
Port [ p_ZZN4nnet24compute_output_buffer_2dINS_5arrayI8ap_fixedILi20ELi10EL9ap_q_mode5EL_45]:  wired=0; compound=0; hidden=1; nouse=1; global=1; static=1; extern=0; dir=2; type=0; pingpong=0; private_global=0; IO mode=ap_ovld:ce=0
Port [ p_ZZN4nnet24compute_output_buffer_2dINS_5arrayI8ap_fixedILi20ELi10EL9ap_q_mode5EL_57]:  wired=0; compound=0; hidden=1; nouse=1; global=1; static=1; extern=0; dir=2; type=0; pingpong=0; private_global=0; IO mode=ap_ovld:ce=0
Port [ p_ZZN4nnet24compute_output_buffer_2dINS_5arrayI8ap_fixedILi20ELi10EL9ap_q_mode5EL_44]:  wired=0; compound=0; hidden=1; nouse=1; global=1; static=1; extern=0; dir=2; type=0; pingpong=0; private_global=0; IO mode=ap_ovld:ce=0
Port [ p_ZZN4nnet24compute_output_buffer_2dINS_5arrayI8ap_fixedILi20ELi10EL9ap_q_mode5EL_56]:  wired=0; compound=0; hidden=1; nouse=1; global=1; static=1; extern=0; dir=2; type=0; pingpong=0; private_global=0; IO mode=ap_ovld:ce=0
Port [ p_ZZN4nnet24compute_output_buffer_2dINS_5arrayI8ap_fixedILi20ELi10EL9ap_q_mode5EL_43]:  wired=0; compound=0; hidden=1; nouse=1; global=1; static=1; extern=0; dir=2; type=0; pingpong=0; private_global=0; IO mode=ap_ovld:ce=0
Port [ p_ZZN4nnet24compute_output_buffer_2dINS_5arrayI8ap_fixedILi20ELi10EL9ap_q_mode5EL_55]:  wired=0; compound=0; hidden=1; nouse=1; global=1; static=1; extern=0; dir=2; type=0; pingpong=0; private_global=0; IO mode=ap_ovld:ce=0
Port [ p_ZZN4nnet24compute_output_buffer_2dINS_5arrayI8ap_fixedILi20ELi10EL9ap_q_mode5EL_42]:  wired=0; compound=0; hidden=1; nouse=1; global=1; static=1; extern=0; dir=2; type=0; pingpong=0; private_global=0; IO mode=ap_ovld:ce=0
Port [ p_ZZN4nnet24compute_output_buffer_2dINS_5arrayI8ap_fixedILi20ELi10EL9ap_q_mode5EL_54]:  wired=0; compound=0; hidden=1; nouse=1; global=1; static=1; extern=0; dir=2; type=0; pingpong=0; private_global=0; IO mode=ap_ovld:ce=0
Port [ p_ZZN4nnet24compute_output_buffer_2dINS_5arrayI8ap_fixedILi20ELi10EL9ap_q_mode5EL_41]:  wired=0; compound=0; hidden=1; nouse=1; global=1; static=1; extern=0; dir=2; type=0; pingpong=0; private_global=0; IO mode=ap_ovld:ce=0
Port [ p_ZZN4nnet24compute_output_buffer_2dINS_5arrayI8ap_fixedILi20ELi10EL9ap_q_mode5EL_53]:  wired=0; compound=0; hidden=1; nouse=1; global=1; static=1; extern=0; dir=2; type=0; pingpong=0; private_global=0; IO mode=ap_ovld:ce=0
Port [ p_ZZN4nnet24compute_output_buffer_2dINS_5arrayI8ap_fixedILi20ELi10EL9ap_q_mode5EL_40]:  wired=0; compound=0; hidden=1; nouse=1; global=1; static=1; extern=0; dir=2; type=0; pingpong=0; private_global=0; IO mode=ap_ovld:ce=0
Port [ p_ZZN4nnet24compute_output_buffer_2dINS_5arrayI8ap_fixedILi20ELi10EL9ap_q_mode5EL_52]:  wired=0; compound=0; hidden=1; nouse=1; global=1; static=1; extern=0; dir=2; type=0; pingpong=0; private_global=0; IO mode=ap_ovld:ce=0
Port [ p_ZZN4nnet24compute_output_buffer_2dINS_5arrayI8ap_fixedILi20ELi10EL9ap_q_mode5EL_15]:  wired=0; compound=0; hidden=1; nouse=1; global=1; static=1; extern=0; dir=2; type=0; pingpong=0; private_global=0; IO mode=ap_ovld:ce=0
Port [ p_ZZN4nnet24compute_output_buffer_2dINS_5arrayI8ap_fixedILi20ELi10EL9ap_q_mode5EL_27]:  wired=0; compound=0; hidden=1; nouse=1; global=1; static=1; extern=0; dir=2; type=0; pingpong=0; private_global=0; IO mode=ap_ovld:ce=0
Port [ p_ZZN4nnet24compute_output_buffer_2dINS_5arrayI8ap_fixedILi20ELi10EL9ap_q_mode5EL_14]:  wired=0; compound=0; hidden=1; nouse=1; global=1; static=1; extern=0; dir=2; type=0; pingpong=0; private_global=0; IO mode=ap_ovld:ce=0
Port [ p_ZZN4nnet24compute_output_buffer_2dINS_5arrayI8ap_fixedILi20ELi10EL9ap_q_mode5EL_26]:  wired=0; compound=0; hidden=1; nouse=1; global=1; static=1; extern=0; dir=2; type=0; pingpong=0; private_global=0; IO mode=ap_ovld:ce=0
Port [ p_ZZN4nnet24compute_output_buffer_2dINS_5arrayI8ap_fixedILi20ELi10EL9ap_q_mode5EL_13]:  wired=0; compound=0; hidden=1; nouse=1; global=1; static=1; extern=0; dir=2; type=0; pingpong=0; private_global=0; IO mode=ap_ovld:ce=0
Port [ p_ZZN4nnet24compute_output_buffer_2dINS_5arrayI8ap_fixedILi20ELi10EL9ap_q_mode5EL_25]:  wired=0; compound=0; hidden=1; nouse=1; global=1; static=1; extern=0; dir=2; type=0; pingpong=0; private_global=0; IO mode=ap_ovld:ce=0
Port [ p_ZZN4nnet24compute_output_buffer_2dINS_5arrayI8ap_fixedILi20ELi10EL9ap_q_mode5EL_12]:  wired=0; compound=0; hidden=1; nouse=1; global=1; static=1; extern=0; dir=2; type=0; pingpong=0; private_global=0; IO mode=ap_ovld:ce=0
Port [ p_ZZN4nnet24compute_output_buffer_2dINS_5arrayI8ap_fixedILi20ELi10EL9ap_q_mode5EL_24]:  wired=0; compound=0; hidden=1; nouse=1; global=1; static=1; extern=0; dir=2; type=0; pingpong=0; private_global=0; IO mode=ap_ovld:ce=0
Port [ p_ZZN4nnet24compute_output_buffer_2dINS_5arrayI8ap_fixedILi20ELi10EL9ap_q_mode5EL_11]:  wired=0; compound=0; hidden=1; nouse=1; global=1; static=1; extern=0; dir=2; type=0; pingpong=0; private_global=0; IO mode=ap_ovld:ce=0
Port [ p_ZZN4nnet24compute_output_buffer_2dINS_5arrayI8ap_fixedILi20ELi10EL9ap_q_mode5EL_23]:  wired=0; compound=0; hidden=1; nouse=1; global=1; static=1; extern=0; dir=2; type=0; pingpong=0; private_global=0; IO mode=ap_ovld:ce=0
Port [ p_ZZN4nnet24compute_output_buffer_2dINS_5arrayI8ap_fixedILi20ELi10EL9ap_q_mode5EL_10]:  wired=0; compound=0; hidden=1; nouse=1; global=1; static=1; extern=0; dir=2; type=0; pingpong=0; private_global=0; IO mode=ap_ovld:ce=0
Port [ p_ZZN4nnet24compute_output_buffer_2dINS_5arrayI8ap_fixedILi20ELi10EL9ap_q_mode5EL_22]:  wired=0; compound=0; hidden=1; nouse=1; global=1; static=1; extern=0; dir=2; type=0; pingpong=0; private_global=0; IO mode=ap_ovld:ce=0
Port [ p_ZZN4nnet24compute_output_buffer_2dINS_5arrayI8ap_fixedILi20ELi10EL9ap_q_mode5EL_9]:  wired=0; compound=0; hidden=1; nouse=1; global=1; static=1; extern=0; dir=2; type=0; pingpong=0; private_global=0; IO mode=ap_ovld:ce=0
Port [ p_ZZN4nnet24compute_output_buffer_2dINS_5arrayI8ap_fixedILi20ELi10EL9ap_q_mode5EL_21]:  wired=0; compound=0; hidden=1; nouse=1; global=1; static=1; extern=0; dir=2; type=0; pingpong=0; private_global=0; IO mode=ap_ovld:ce=0
Port [ p_ZZN4nnet24compute_output_buffer_2dINS_5arrayI8ap_fixedILi20ELi10EL9ap_q_mode5EL_8]:  wired=0; compound=0; hidden=1; nouse=1; global=1; static=1; extern=0; dir=2; type=0; pingpong=0; private_global=0; IO mode=ap_ovld:ce=0
Port [ p_ZZN4nnet24compute_output_buffer_2dINS_5arrayI8ap_fixedILi20ELi10EL9ap_q_mode5EL_20]:  wired=0; compound=0; hidden=1; nouse=1; global=1; static=1; extern=0; dir=2; type=0; pingpong=0; private_global=0; IO mode=ap_ovld:ce=0
Port [ p_ZZN4nnet24compute_output_buffer_2dINS_5arrayI8ap_fixedILi20ELi10EL9ap_q_mode5EL_7]:  wired=0; compound=0; hidden=1; nouse=1; global=1; static=1; extern=0; dir=2; type=0; pingpong=0; private_global=0; IO mode=ap_ovld:ce=0
Port [ p_ZZN4nnet24compute_output_buffer_2dINS_5arrayI8ap_fixedILi20ELi10EL9ap_q_mode5EL_19]:  wired=0; compound=0; hidden=1; nouse=1; global=1; static=1; extern=0; dir=2; type=0; pingpong=0; private_global=0; IO mode=ap_ovld:ce=0
Port [ p_ZZN4nnet24compute_output_buffer_2dINS_5arrayI8ap_fixedILi20ELi10EL9ap_q_mode5EL_6]:  wired=0; compound=0; hidden=1; nouse=1; global=1; static=1; extern=0; dir=2; type=0; pingpong=0; private_global=0; IO mode=ap_ovld:ce=0
Port [ p_ZZN4nnet24compute_output_buffer_2dINS_5arrayI8ap_fixedILi20ELi10EL9ap_q_mode5EL_18]:  wired=0; compound=0; hidden=1; nouse=1; global=1; static=1; extern=0; dir=2; type=0; pingpong=0; private_global=0; IO mode=ap_ovld:ce=0
Port [ p_ZZN4nnet24compute_output_buffer_2dINS_5arrayI8ap_fixedILi20ELi10EL9ap_q_mode5EL_5]:  wired=0; compound=0; hidden=1; nouse=1; global=1; static=1; extern=0; dir=2; type=0; pingpong=0; private_global=0; IO mode=ap_ovld:ce=0
Port [ p_ZZN4nnet24compute_output_buffer_2dINS_5arrayI8ap_fixedILi20ELi10EL9ap_q_mode5EL_17]:  wired=0; compound=0; hidden=1; nouse=1; global=1; static=1; extern=0; dir=2; type=0; pingpong=0; private_global=0; IO mode=ap_ovld:ce=0
Port [ p_ZZN4nnet24compute_output_buffer_2dINS_5arrayI8ap_fixedILi20ELi10EL9ap_q_mode5EL_4]:  wired=0; compound=0; hidden=1; nouse=1; global=1; static=1; extern=0; dir=2; type=0; pingpong=0; private_global=0; IO mode=ap_ovld:ce=0
Port [ p_ZZN4nnet24compute_output_buffer_2dINS_5arrayI8ap_fixedILi20ELi10EL9ap_q_mode5EL_16]:  wired=0; compound=0; hidden=1; nouse=1; global=1; static=1; extern=0; dir=2; type=0; pingpong=0; private_global=0; IO mode=ap_ovld:ce=0
Port [ p_ZZN4nnet24compute_output_buffer_2dINS_5arrayI8ap_fixedILi20ELi10EL9ap_q_mode5EL_75]:  wired=0; compound=0; hidden=1; nouse=1; global=1; static=1; extern=0; dir=2; type=0; pingpong=0; private_global=0; IO mode=ap_ovld:ce=0
Port [ p_ZZN4nnet24compute_output_buffer_2dINS_5arrayI8ap_fixedILi20ELi10EL9ap_q_mode5EL_74]:  wired=0; compound=0; hidden=1; nouse=1; global=1; static=1; extern=0; dir=2; type=0; pingpong=0; private_global=0; IO mode=ap_ovld:ce=0
Port [ p_ZZN4nnet24compute_output_buffer_2dINS_5arrayI8ap_fixedILi20ELi10EL9ap_q_mode5EL_73]:  wired=0; compound=0; hidden=1; nouse=1; global=1; static=1; extern=0; dir=2; type=0; pingpong=0; private_global=0; IO mode=ap_ovld:ce=0
Port [ p_ZZN4nnet24compute_output_buffer_2dINS_5arrayI8ap_fixedILi20ELi10EL9ap_q_mode5EL_72]:  wired=0; compound=0; hidden=1; nouse=1; global=1; static=1; extern=0; dir=2; type=0; pingpong=0; private_global=0; IO mode=ap_ovld:ce=0
Port [ p_ZZN4nnet24compute_output_buffer_2dINS_5arrayI8ap_fixedILi20ELi10EL9ap_q_mode5EL_71]:  wired=0; compound=0; hidden=1; nouse=1; global=1; static=1; extern=0; dir=2; type=0; pingpong=0; private_global=0; IO mode=ap_ovld:ce=0
Port [ p_ZZN4nnet24compute_output_buffer_2dINS_5arrayI8ap_fixedILi20ELi10EL9ap_q_mode5EL_70]:  wired=0; compound=0; hidden=1; nouse=1; global=1; static=1; extern=0; dir=2; type=0; pingpong=0; private_global=0; IO mode=ap_ovld:ce=0
Port [ p_ZZN4nnet24compute_output_buffer_2dINS_5arrayI8ap_fixedILi20ELi10EL9ap_q_mode5EL_69]:  wired=0; compound=0; hidden=1; nouse=1; global=1; static=1; extern=0; dir=2; type=0; pingpong=0; private_global=0; IO mode=ap_ovld:ce=0
Port [ p_ZZN4nnet24compute_output_buffer_2dINS_5arrayI8ap_fixedILi20ELi10EL9ap_q_mode5EL_68]:  wired=0; compound=0; hidden=1; nouse=1; global=1; static=1; extern=0; dir=2; type=0; pingpong=0; private_global=0; IO mode=ap_ovld:ce=0
Port [ p_ZZN4nnet24compute_output_buffer_2dINS_5arrayI8ap_fixedILi20ELi10EL9ap_q_mode5EL_67]:  wired=0; compound=0; hidden=1; nouse=1; global=1; static=1; extern=0; dir=2; type=0; pingpong=0; private_global=0; IO mode=ap_ovld:ce=0
Port [ p_ZZN4nnet24compute_output_buffer_2dINS_5arrayI8ap_fixedILi20ELi10EL9ap_q_mode5EL_66]:  wired=0; compound=0; hidden=1; nouse=1; global=1; static=1; extern=0; dir=2; type=0; pingpong=0; private_global=0; IO mode=ap_ovld:ce=0
Port [ p_ZZN4nnet24compute_output_buffer_2dINS_5arrayI8ap_fixedILi20ELi10EL9ap_q_mode5EL_65]:  wired=0; compound=0; hidden=1; nouse=1; global=1; static=1; extern=0; dir=2; type=0; pingpong=0; private_global=0; IO mode=ap_ovld:ce=0
Port [ p_ZZN4nnet24compute_output_buffer_2dINS_5arrayI8ap_fixedILi20ELi10EL9ap_q_mode5EL_64]:  wired=0; compound=0; hidden=1; nouse=1; global=1; static=1; extern=0; dir=2; type=0; pingpong=0; private_global=0; IO mode=ap_ovld:ce=0
Port [ p_ZZN4nnet24compute_output_buffer_2dINS_5arrayI8ap_fixedILi20ELi10EL9ap_q_mode5EL_39]:  wired=0; compound=0; hidden=1; nouse=1; global=1; static=1; extern=0; dir=2; type=0; pingpong=0; private_global=0; IO mode=ap_ovld:ce=0
Port [ p_ZZN4nnet24compute_output_buffer_2dINS_5arrayI8ap_fixedILi20ELi10EL9ap_q_mode5EL_38]:  wired=0; compound=0; hidden=1; nouse=1; global=1; static=1; extern=0; dir=2; type=0; pingpong=0; private_global=0; IO mode=ap_ovld:ce=0
Port [ p_ZZN4nnet24compute_output_buffer_2dINS_5arrayI8ap_fixedILi20ELi10EL9ap_q_mode5EL_37]:  wired=0; compound=0; hidden=1; nouse=1; global=1; static=1; extern=0; dir=2; type=0; pingpong=0; private_global=0; IO mode=ap_ovld:ce=0
Port [ p_ZZN4nnet24compute_output_buffer_2dINS_5arrayI8ap_fixedILi20ELi10EL9ap_q_mode5EL_36]:  wired=0; compound=0; hidden=1; nouse=1; global=1; static=1; extern=0; dir=2; type=0; pingpong=0; private_global=0; IO mode=ap_ovld:ce=0
Port [ p_ZZN4nnet24compute_output_buffer_2dINS_5arrayI8ap_fixedILi20ELi10EL9ap_q_mode5EL_35]:  wired=0; compound=0; hidden=1; nouse=1; global=1; static=1; extern=0; dir=2; type=0; pingpong=0; private_global=0; IO mode=ap_ovld:ce=0
Port [ p_ZZN4nnet24compute_output_buffer_2dINS_5arrayI8ap_fixedILi20ELi10EL9ap_q_mode5EL_34]:  wired=0; compound=0; hidden=1; nouse=1; global=1; static=1; extern=0; dir=2; type=0; pingpong=0; private_global=0; IO mode=ap_ovld:ce=0
Port [ p_ZZN4nnet24compute_output_buffer_2dINS_5arrayI8ap_fixedILi20ELi10EL9ap_q_mode5EL_33]:  wired=0; compound=0; hidden=1; nouse=1; global=1; static=1; extern=0; dir=2; type=0; pingpong=0; private_global=0; IO mode=ap_ovld:ce=0
Port [ p_ZZN4nnet24compute_output_buffer_2dINS_5arrayI8ap_fixedILi20ELi10EL9ap_q_mode5EL_32]:  wired=0; compound=0; hidden=1; nouse=1; global=1; static=1; extern=0; dir=2; type=0; pingpong=0; private_global=0; IO mode=ap_ovld:ce=0
Port [ p_ZZN4nnet24compute_output_buffer_2dINS_5arrayI8ap_fixedILi20ELi10EL9ap_q_mode5EL_31]:  wired=0; compound=0; hidden=1; nouse=1; global=1; static=1; extern=0; dir=2; type=0; pingpong=0; private_global=0; IO mode=ap_ovld:ce=0
Port [ p_ZZN4nnet24compute_output_buffer_2dINS_5arrayI8ap_fixedILi20ELi10EL9ap_q_mode5EL_30]:  wired=0; compound=0; hidden=1; nouse=1; global=1; static=1; extern=0; dir=2; type=0; pingpong=0; private_global=0; IO mode=ap_ovld:ce=0
Port [ p_ZZN4nnet24compute_output_buffer_2dINS_5arrayI8ap_fixedILi20ELi10EL9ap_q_mode5EL_29]:  wired=0; compound=0; hidden=1; nouse=1; global=1; static=1; extern=0; dir=2; type=0; pingpong=0; private_global=0; IO mode=ap_ovld:ce=0
Port [ p_ZZN4nnet24compute_output_buffer_2dINS_5arrayI8ap_fixedILi20ELi10EL9ap_q_mode5EL_28]:  wired=0; compound=0; hidden=1; nouse=1; global=1; static=1; extern=0; dir=2; type=0; pingpong=0; private_global=0; IO mode=ap_ovld:ce=0
Port [ p_ZZN4nnet24compute_output_buffer_2dINS_5arrayI8ap_fixedILi20ELi10EL9ap_q_mode5EL_3]:  wired=0; compound=0; hidden=1; nouse=1; global=1; static=1; extern=0; dir=2; type=0; pingpong=0; private_global=0; IO mode=ap_ovld:ce=0
Port [ p_ZZN4nnet24compute_output_buffer_2dINS_5arrayI8ap_fixedILi20ELi10EL9ap_q_mode5EL_2]:  wired=0; compound=0; hidden=1; nouse=1; global=1; static=1; extern=0; dir=2; type=0; pingpong=0; private_global=0; IO mode=ap_ovld:ce=0
Port [ p_ZZN4nnet24compute_output_buffer_2dINS_5arrayI8ap_fixedILi20ELi10EL9ap_q_mode5EL_1]:  wired=0; compound=0; hidden=1; nouse=1; global=1; static=1; extern=0; dir=2; type=0; pingpong=0; private_global=0; IO mode=ap_ovld:ce=0
Port [ p_ZZN4nnet24compute_output_buffer_2dINS_5arrayI8ap_fixedILi20ELi10EL9ap_q_mode5EL]:  wired=0; compound=0; hidden=1; nouse=1; global=1; static=1; extern=0; dir=2; type=0; pingpong=0; private_global=0; IO mode=ap_ovld:ce=0
Port [ p_ZZN4nnet24compute_output_buffer_2dINS_5arrayI8ap_fixedILi20ELi10EL9ap_q_mode5EL_96]:  wired=0; compound=0; hidden=1; nouse=1; global=1; static=1; extern=0; dir=2; type=0; pingpong=0; private_global=0; IO mode=ap_ovld:ce=0
Port [ p_ZZN4nnet24compute_output_buffer_2dINS_5arrayI8ap_fixedILi20ELi10EL9ap_q_mode5EL_95]:  wired=0; compound=0; hidden=1; nouse=1; global=1; static=1; extern=0; dir=2; type=0; pingpong=0; private_global=0; IO mode=ap_ovld:ce=0
Port [ p_ZZN4nnet24compute_output_buffer_2dINS_5arrayI8ap_fixedILi20ELi10EL9ap_q_mode5EL_94]:  wired=0; compound=0; hidden=1; nouse=1; global=1; static=1; extern=0; dir=2; type=0; pingpong=0; private_global=0; IO mode=ap_ovld:ce=0
Port [ p_ZZN4nnet24compute_output_buffer_2dINS_5arrayI8ap_fixedILi20ELi10EL9ap_q_mode5EL_93]:  wired=0; compound=0; hidden=1; nouse=1; global=1; static=1; extern=0; dir=2; type=0; pingpong=0; private_global=0; IO mode=ap_ovld:ce=0
Port [ p_ZZN4nnet24compute_output_buffer_2dINS_5arrayI8ap_fixedILi20ELi10EL9ap_q_mode5EL_92]:  wired=0; compound=0; hidden=1; nouse=1; global=1; static=1; extern=0; dir=2; type=0; pingpong=0; private_global=0; IO mode=ap_ovld:ce=0
Port [ p_ZZN4nnet24compute_output_buffer_2dINS_5arrayI8ap_fixedILi20ELi10EL9ap_q_mode5EL_91]:  wired=0; compound=0; hidden=1; nouse=1; global=1; static=1; extern=0; dir=2; type=0; pingpong=0; private_global=0; IO mode=ap_ovld:ce=0
Port [ p_ZZN4nnet24compute_output_buffer_2dINS_5arrayI8ap_fixedILi20ELi10EL9ap_q_mode5EL_90]:  wired=0; compound=0; hidden=1; nouse=1; global=1; static=1; extern=0; dir=2; type=0; pingpong=0; private_global=0; IO mode=ap_ovld:ce=0
Port [ p_ZZN4nnet24compute_output_buffer_2dINS_5arrayI8ap_fixedILi20ELi10EL9ap_q_mode5EL_89]:  wired=0; compound=0; hidden=1; nouse=1; global=1; static=1; extern=0; dir=2; type=0; pingpong=0; private_global=0; IO mode=ap_ovld:ce=0
Port [ p_ZZN4nnet26conv_2d_buffer_resource_clINS_5arrayI8ap_fixedILi20ELi10EL9ap_q_mode5_23]:  wired=0; compound=1; hidden=1; nouse=1; global=1; static=1; extern=0; dir=3; type=1; pingpong=0; private_global=0; MemPort=[2]; IO mode=ap_memory:ce=0
Port [ p_ZZN4nnet26conv_2d_buffer_resource_clINS_5arrayI8ap_fixedILi20ELi10EL9ap_q_mode5_11]:  wired=0; compound=1; hidden=1; nouse=1; global=1; static=1; extern=0; dir=3; type=1; pingpong=0; private_global=0; MemPort=[2]; IO mode=ap_memory:ce=0
Port [ p_ZZN4nnet26conv_2d_buffer_resource_clINS_5arrayI8ap_fixedILi20ELi10EL9ap_q_mode5_22]:  wired=0; compound=1; hidden=1; nouse=1; global=1; static=1; extern=0; dir=3; type=1; pingpong=0; private_global=0; MemPort=[2]; IO mode=ap_memory:ce=0
Port [ p_ZZN4nnet26conv_2d_buffer_resource_clINS_5arrayI8ap_fixedILi20ELi10EL9ap_q_mode5_10]:  wired=0; compound=1; hidden=1; nouse=1; global=1; static=1; extern=0; dir=3; type=1; pingpong=0; private_global=0; MemPort=[2]; IO mode=ap_memory:ce=0
Port [ p_ZZN4nnet26conv_2d_buffer_resource_clINS_5arrayI8ap_fixedILi20ELi10EL9ap_q_mode5_19]:  wired=0; compound=1; hidden=1; nouse=1; global=1; static=1; extern=0; dir=3; type=1; pingpong=0; private_global=0; MemPort=[2]; IO mode=ap_memory:ce=0
Port [ p_ZZN4nnet26conv_2d_buffer_resource_clINS_5arrayI8ap_fixedILi20ELi10EL9ap_q_mode5_7]:  wired=0; compound=1; hidden=1; nouse=1; global=1; static=1; extern=0; dir=3; type=1; pingpong=0; private_global=0; MemPort=[2]; IO mode=ap_memory:ce=0
Port [ p_ZZN4nnet26conv_2d_buffer_resource_clINS_5arrayI8ap_fixedILi20ELi10EL9ap_q_mode5_18]:  wired=0; compound=1; hidden=1; nouse=1; global=1; static=1; extern=0; dir=3; type=1; pingpong=0; private_global=0; MemPort=[2]; IO mode=ap_memory:ce=0
Port [ p_ZZN4nnet26conv_2d_buffer_resource_clINS_5arrayI8ap_fixedILi20ELi10EL9ap_q_mode5_6]:  wired=0; compound=1; hidden=1; nouse=1; global=1; static=1; extern=0; dir=3; type=1; pingpong=0; private_global=0; MemPort=[2]; IO mode=ap_memory:ce=0
Port [ p_ZZN4nnet26conv_2d_buffer_resource_clINS_5arrayI8ap_fixedILi20ELi10EL9ap_q_mode5_17]:  wired=0; compound=1; hidden=1; nouse=1; global=1; static=1; extern=0; dir=3; type=1; pingpong=0; private_global=0; MemPort=[2]; IO mode=ap_memory:ce=0
Port [ p_ZZN4nnet26conv_2d_buffer_resource_clINS_5arrayI8ap_fixedILi20ELi10EL9ap_q_mode5_5]:  wired=0; compound=1; hidden=1; nouse=1; global=1; static=1; extern=0; dir=3; type=1; pingpong=0; private_global=0; MemPort=[2]; IO mode=ap_memory:ce=0
Port [ p_ZZN4nnet26conv_2d_buffer_resource_clINS_5arrayI8ap_fixedILi20ELi10EL9ap_q_mode5_16]:  wired=0; compound=1; hidden=1; nouse=1; global=1; static=1; extern=0; dir=3; type=1; pingpong=0; private_global=0; MemPort=[2]; IO mode=ap_memory:ce=0
Port [ p_ZZN4nnet26conv_2d_buffer_resource_clINS_5arrayI8ap_fixedILi20ELi10EL9ap_q_mode5_4]:  wired=0; compound=1; hidden=1; nouse=1; global=1; static=1; extern=0; dir=3; type=1; pingpong=0; private_global=0; MemPort=[2]; IO mode=ap_memory:ce=0
Port [ p_ZZN4nnet26conv_2d_buffer_resource_clINS_5arrayI8ap_fixedILi20ELi10EL9ap_q_mode5_15]:  wired=0; compound=1; hidden=1; nouse=1; global=1; static=1; extern=0; dir=3; type=1; pingpong=0; private_global=0; MemPort=[2]; IO mode=ap_memory:ce=0
Port [ p_ZZN4nnet26conv_2d_buffer_resource_clINS_5arrayI8ap_fixedILi20ELi10EL9ap_q_mode5_3]:  wired=0; compound=1; hidden=1; nouse=1; global=1; static=1; extern=0; dir=3; type=1; pingpong=0; private_global=0; MemPort=[2]; IO mode=ap_memory:ce=0
Port [ p_ZZN4nnet26conv_2d_buffer_resource_clINS_5arrayI8ap_fixedILi20ELi10EL9ap_q_mode5_14]:  wired=0; compound=1; hidden=1; nouse=1; global=1; static=1; extern=0; dir=3; type=1; pingpong=0; private_global=0; MemPort=[2]; IO mode=ap_memory:ce=0
Port [ p_ZZN4nnet26conv_2d_buffer_resource_clINS_5arrayI8ap_fixedILi20ELi10EL9ap_q_mode5_2]:  wired=0; compound=1; hidden=1; nouse=1; global=1; static=1; extern=0; dir=3; type=1; pingpong=0; private_global=0; MemPort=[2]; IO mode=ap_memory:ce=0
Port [ p_ZZN4nnet26conv_2d_buffer_resource_clINS_5arrayI8ap_fixedILi20ELi10EL9ap_q_mode5_13]:  wired=0; compound=1; hidden=1; nouse=1; global=1; static=1; extern=0; dir=3; type=1; pingpong=0; private_global=0; MemPort=[2]; IO mode=ap_memory:ce=0
Port [ p_ZZN4nnet26conv_2d_buffer_resource_clINS_5arrayI8ap_fixedILi20ELi10EL9ap_q_mode5_1]:  wired=0; compound=1; hidden=1; nouse=1; global=1; static=1; extern=0; dir=3; type=1; pingpong=0; private_global=0; MemPort=[2]; IO mode=ap_memory:ce=0
Port [ p_ZZN4nnet26conv_2d_buffer_resource_clINS_5arrayI8ap_fixedILi20ELi10EL9ap_q_mode5_12]:  wired=0; compound=1; hidden=1; nouse=1; global=1; static=1; extern=0; dir=3; type=1; pingpong=0; private_global=0; MemPort=[2]; IO mode=ap_memory:ce=0
Port [ p_ZZN4nnet26conv_2d_buffer_resource_clINS_5arrayI8ap_fixedILi20ELi10EL9ap_q_mode5]:  wired=0; compound=1; hidden=1; nouse=1; global=1; static=1; extern=0; dir=3; type=1; pingpong=0; private_global=0; MemPort=[2]; IO mode=ap_memory:ce=0
Port [ p_ZZN4nnet26conv_2d_buffer_resource_clINS_5arrayI8ap_fixedILi20ELi10EL9ap_q_mode5_21]:  wired=0; compound=1; hidden=1; nouse=1; global=1; static=1; extern=0; dir=3; type=1; pingpong=0; private_global=0; MemPort=[2]; IO mode=ap_memory:ce=0
Port [ p_ZZN4nnet26conv_2d_buffer_resource_clINS_5arrayI8ap_fixedILi20ELi10EL9ap_q_mode5_9]:  wired=0; compound=1; hidden=1; nouse=1; global=1; static=1; extern=0; dir=3; type=1; pingpong=0; private_global=0; MemPort=[2]; IO mode=ap_memory:ce=0
Port [ p_ZZN4nnet26conv_2d_buffer_resource_clINS_5arrayI8ap_fixedILi20ELi10EL9ap_q_mode5_20]:  wired=0; compound=1; hidden=1; nouse=1; global=1; static=1; extern=0; dir=3; type=1; pingpong=0; private_global=0; MemPort=[2]; IO mode=ap_memory:ce=0
Port [ p_ZZN4nnet26conv_2d_buffer_resource_clINS_5arrayI8ap_fixedILi20ELi10EL9ap_q_mode5_8]:  wired=0; compound=1; hidden=1; nouse=1; global=1; static=1; extern=0; dir=3; type=1; pingpong=0; private_global=0; MemPort=[2]; IO mode=ap_memory:ce=0
Port [ sX_3]:  wired=0; compound=0; hidden=1; nouse=1; global=1; static=1; extern=0; dir=2; type=0; pingpong=0; private_global=0; IO mode=ap_ovld:ce=0
Port [ sY_3]:  wired=0; compound=0; hidden=1; nouse=1; global=1; static=1; extern=0; dir=2; type=0; pingpong=0; private_global=0; IO mode=ap_ovld:ce=0
Port [ pY_3]:  wired=0; compound=0; hidden=1; nouse=1; global=1; static=1; extern=0; dir=2; type=0; pingpong=0; private_global=0; IO mode=ap_ovld:ce=0
Port [ pX_3]:  wired=0; compound=0; hidden=1; nouse=1; global=1; static=1; extern=0; dir=2; type=0; pingpong=0; private_global=0; IO mode=ap_ovld:ce=0
Port [ outidx_59]:  wired=0; compound=1; hidden=1; nouse=1; global=1; static=1; extern=0; dir=0; type=1; pingpong=0; private_global=0; MemPort=[1]; IO mode=ap_memory:ce=0
Port [ w6]:  wired=0; compound=1; hidden=1; nouse=1; global=1; static=1; extern=0; dir=0; type=1; pingpong=0; private_global=0; MemPort=[1]; IO mode=ap_memory:ce=0
Port [ sY]:  wired=0; compound=0; hidden=1; nouse=1; global=1; static=1; extern=0; dir=2; type=0; pingpong=0; private_global=0; IO mode=ap_ovld:ce=0
Port [ pY]:  wired=0; compound=0; hidden=1; nouse=1; global=1; static=1; extern=0; dir=2; type=0; pingpong=0; private_global=0; IO mode=ap_ovld:ce=0
Port [ void_compute_pool_buffer_2d_array_const_ap_shift_reg_n_filt_stream_kernel_9]:  wired=0; compound=0; hidden=1; nouse=1; global=1; static=1; extern=0; dir=2; type=0; pingpong=0; private_global=0; IO mode=ap_ovld:ce=0
Port [ p_ZZN4nnet22compute_pool_buffer_2dINS_5arrayI8ap_fixedILi20ELi10EL9ap_q_mode5EL9a_81]:  wired=0; compound=0; hidden=1; nouse=1; global=1; static=1; extern=0; dir=2; type=0; pingpong=0; private_global=0; IO mode=ap_ovld:ce=0
Port [ p_ZZN4nnet22compute_pool_buffer_2dINS_5arrayI8ap_fixedILi20ELi10EL9ap_q_mode5EL9a_63]:  wired=0; compound=0; hidden=1; nouse=1; global=1; static=1; extern=0; dir=2; type=0; pingpong=0; private_global=0; IO mode=ap_ovld:ce=0
Port [ p_ZZN4nnet22compute_pool_buffer_2dINS_5arrayI8ap_fixedILi20ELi10EL9ap_q_mode5EL9a_45]:  wired=0; compound=0; hidden=1; nouse=1; global=1; static=1; extern=0; dir=2; type=0; pingpong=0; private_global=0; IO mode=ap_ovld:ce=0
Port [ p_ZZN4nnet22compute_pool_buffer_2dINS_5arrayI8ap_fixedILi20ELi10EL9ap_q_mode5EL9a_27]:  wired=0; compound=0; hidden=1; nouse=1; global=1; static=1; extern=0; dir=2; type=0; pingpong=0; private_global=0; IO mode=ap_ovld:ce=0
Port [ p_ZZN4nnet22compute_pool_buffer_2dINS_5arrayI8ap_fixedILi20ELi10EL9ap_q_mode5EL9a_9]:  wired=0; compound=0; hidden=1; nouse=1; global=1; static=1; extern=0; dir=2; type=0; pingpong=0; private_global=0; IO mode=ap_ovld:ce=0
Port [ p_ZZN4nnet22compute_pool_buffer_2dINS_5arrayI8ap_fixedILi20ELi10EL9ap_q_mode5EL9a_254]:  wired=0; compound=0; hidden=1; nouse=1; global=1; static=1; extern=0; dir=2; type=0; pingpong=0; private_global=0; IO mode=ap_ovld:ce=0
Port [ p_ZZN4nnet22compute_pool_buffer_2dINS_5arrayI8ap_fixedILi20ELi10EL9ap_q_mode5EL9a_274]:  wired=0; compound=0; hidden=1; nouse=1; global=1; static=1; extern=0; dir=2; type=0; pingpong=0; private_global=0; IO mode=ap_ovld:ce=0
Port [ p_ZZN4nnet22compute_pool_buffer_2dINS_5arrayI8ap_fixedILi20ELi10EL9ap_q_mode5EL9a_294]:  wired=0; compound=0; hidden=1; nouse=1; global=1; static=1; extern=0; dir=2; type=0; pingpong=0; private_global=0; IO mode=ap_ovld:ce=0
Port [ p_ZZN4nnet22compute_pool_buffer_2dINS_5arrayI8ap_fixedILi20ELi10EL9ap_q_mode5EL9a_314]:  wired=0; compound=0; hidden=1; nouse=1; global=1; static=1; extern=0; dir=2; type=0; pingpong=0; private_global=0; IO mode=ap_ovld:ce=0
Port [ void_compute_pool_buffer_2d_array_const_ap_shift_reg_n_filt_stream_kernel_8]:  wired=0; compound=0; hidden=1; nouse=1; global=1; static=1; extern=0; dir=2; type=0; pingpong=0; private_global=0; IO mode=ap_ovld:ce=0
Port [ p_ZZN4nnet22compute_pool_buffer_2dINS_5arrayI8ap_fixedILi20ELi10EL9ap_q_mode5EL9a_80]:  wired=0; compound=0; hidden=1; nouse=1; global=1; static=1; extern=0; dir=2; type=0; pingpong=0; private_global=0; IO mode=ap_ovld:ce=0
Port [ p_ZZN4nnet22compute_pool_buffer_2dINS_5arrayI8ap_fixedILi20ELi10EL9ap_q_mode5EL9a_62]:  wired=0; compound=0; hidden=1; nouse=1; global=1; static=1; extern=0; dir=2; type=0; pingpong=0; private_global=0; IO mode=ap_ovld:ce=0
Port [ p_ZZN4nnet22compute_pool_buffer_2dINS_5arrayI8ap_fixedILi20ELi10EL9ap_q_mode5EL9a_44]:  wired=0; compound=0; hidden=1; nouse=1; global=1; static=1; extern=0; dir=2; type=0; pingpong=0; private_global=0; IO mode=ap_ovld:ce=0
Port [ p_ZZN4nnet22compute_pool_buffer_2dINS_5arrayI8ap_fixedILi20ELi10EL9ap_q_mode5EL9a_26]:  wired=0; compound=0; hidden=1; nouse=1; global=1; static=1; extern=0; dir=2; type=0; pingpong=0; private_global=0; IO mode=ap_ovld:ce=0
Port [ p_ZZN4nnet22compute_pool_buffer_2dINS_5arrayI8ap_fixedILi20ELi10EL9ap_q_mode5EL9a_8]:  wired=0; compound=0; hidden=1; nouse=1; global=1; static=1; extern=0; dir=2; type=0; pingpong=0; private_global=0; IO mode=ap_ovld:ce=0
Port [ p_ZZN4nnet22compute_pool_buffer_2dINS_5arrayI8ap_fixedILi20ELi10EL9ap_q_mode5EL9a_255]:  wired=0; compound=0; hidden=1; nouse=1; global=1; static=1; extern=0; dir=2; type=0; pingpong=0; private_global=0; IO mode=ap_ovld:ce=0
Port [ p_ZZN4nnet22compute_pool_buffer_2dINS_5arrayI8ap_fixedILi20ELi10EL9ap_q_mode5EL9a_275]:  wired=0; compound=0; hidden=1; nouse=1; global=1; static=1; extern=0; dir=2; type=0; pingpong=0; private_global=0; IO mode=ap_ovld:ce=0
Port [ p_ZZN4nnet22compute_pool_buffer_2dINS_5arrayI8ap_fixedILi20ELi10EL9ap_q_mode5EL9a_295]:  wired=0; compound=0; hidden=1; nouse=1; global=1; static=1; extern=0; dir=2; type=0; pingpong=0; private_global=0; IO mode=ap_ovld:ce=0
Port [ p_ZZN4nnet22compute_pool_buffer_2dINS_5arrayI8ap_fixedILi20ELi10EL9ap_q_mode5EL9a_99]:  wired=0; compound=0; hidden=1; nouse=1; global=1; static=1; extern=0; dir=2; type=0; pingpong=0; private_global=0; IO mode=ap_ovld:ce=0
Port [ void_compute_pool_buffer_2d_array_const_ap_shift_reg_n_filt_stream_kernel_7]:  wired=0; compound=0; hidden=1; nouse=1; global=1; static=1; extern=0; dir=2; type=0; pingpong=0; private_global=0; IO mode=ap_ovld:ce=0
Port [ p_ZZN4nnet22compute_pool_buffer_2dINS_5arrayI8ap_fixedILi20ELi10EL9ap_q_mode5EL9a_79]:  wired=0; compound=0; hidden=1; nouse=1; global=1; static=1; extern=0; dir=2; type=0; pingpong=0; private_global=0; IO mode=ap_ovld:ce=0
Port [ p_ZZN4nnet22compute_pool_buffer_2dINS_5arrayI8ap_fixedILi20ELi10EL9ap_q_mode5EL9a_61]:  wired=0; compound=0; hidden=1; nouse=1; global=1; static=1; extern=0; dir=2; type=0; pingpong=0; private_global=0; IO mode=ap_ovld:ce=0
Port [ p_ZZN4nnet22compute_pool_buffer_2dINS_5arrayI8ap_fixedILi20ELi10EL9ap_q_mode5EL9a_43]:  wired=0; compound=0; hidden=1; nouse=1; global=1; static=1; extern=0; dir=2; type=0; pingpong=0; private_global=0; IO mode=ap_ovld:ce=0
Port [ p_ZZN4nnet22compute_pool_buffer_2dINS_5arrayI8ap_fixedILi20ELi10EL9ap_q_mode5EL9a_25]:  wired=0; compound=0; hidden=1; nouse=1; global=1; static=1; extern=0; dir=2; type=0; pingpong=0; private_global=0; IO mode=ap_ovld:ce=0
Port [ p_ZZN4nnet22compute_pool_buffer_2dINS_5arrayI8ap_fixedILi20ELi10EL9ap_q_mode5EL9a_7]:  wired=0; compound=0; hidden=1; nouse=1; global=1; static=1; extern=0; dir=2; type=0; pingpong=0; private_global=0; IO mode=ap_ovld:ce=0
Port [ p_ZZN4nnet22compute_pool_buffer_2dINS_5arrayI8ap_fixedILi20ELi10EL9ap_q_mode5EL9a_257]:  wired=0; compound=0; hidden=1; nouse=1; global=1; static=1; extern=0; dir=2; type=0; pingpong=0; private_global=0; IO mode=ap_ovld:ce=0
Port [ p_ZZN4nnet22compute_pool_buffer_2dINS_5arrayI8ap_fixedILi20ELi10EL9ap_q_mode5EL9a_276]:  wired=0; compound=0; hidden=1; nouse=1; global=1; static=1; extern=0; dir=2; type=0; pingpong=0; private_global=0; IO mode=ap_ovld:ce=0
Port [ p_ZZN4nnet22compute_pool_buffer_2dINS_5arrayI8ap_fixedILi20ELi10EL9ap_q_mode5EL9a_296]:  wired=0; compound=0; hidden=1; nouse=1; global=1; static=1; extern=0; dir=2; type=0; pingpong=0; private_global=0; IO mode=ap_ovld:ce=0
Port [ p_ZZN4nnet22compute_pool_buffer_2dINS_5arrayI8ap_fixedILi20ELi10EL9ap_q_mode5EL9a_98]:  wired=0; compound=0; hidden=1; nouse=1; global=1; static=1; extern=0; dir=2; type=0; pingpong=0; private_global=0; IO mode=ap_ovld:ce=0
Port [ void_compute_pool_buffer_2d_array_const_ap_shift_reg_n_filt_stream_kernel_6]:  wired=0; compound=0; hidden=1; nouse=1; global=1; static=1; extern=0; dir=2; type=0; pingpong=0; private_global=0; IO mode=ap_ovld:ce=0
Port [ p_ZZN4nnet22compute_pool_buffer_2dINS_5arrayI8ap_fixedILi20ELi10EL9ap_q_mode5EL9a_78]:  wired=0; compound=0; hidden=1; nouse=1; global=1; static=1; extern=0; dir=2; type=0; pingpong=0; private_global=0; IO mode=ap_ovld:ce=0
Port [ p_ZZN4nnet22compute_pool_buffer_2dINS_5arrayI8ap_fixedILi20ELi10EL9ap_q_mode5EL9a_60]:  wired=0; compound=0; hidden=1; nouse=1; global=1; static=1; extern=0; dir=2; type=0; pingpong=0; private_global=0; IO mode=ap_ovld:ce=0
Port [ p_ZZN4nnet22compute_pool_buffer_2dINS_5arrayI8ap_fixedILi20ELi10EL9ap_q_mode5EL9a_42]:  wired=0; compound=0; hidden=1; nouse=1; global=1; static=1; extern=0; dir=2; type=0; pingpong=0; private_global=0; IO mode=ap_ovld:ce=0
Port [ p_ZZN4nnet22compute_pool_buffer_2dINS_5arrayI8ap_fixedILi20ELi10EL9ap_q_mode5EL9a_24]:  wired=0; compound=0; hidden=1; nouse=1; global=1; static=1; extern=0; dir=2; type=0; pingpong=0; private_global=0; IO mode=ap_ovld:ce=0
Port [ p_ZZN4nnet22compute_pool_buffer_2dINS_5arrayI8ap_fixedILi20ELi10EL9ap_q_mode5EL9a_6]:  wired=0; compound=0; hidden=1; nouse=1; global=1; static=1; extern=0; dir=2; type=0; pingpong=0; private_global=0; IO mode=ap_ovld:ce=0
Port [ p_ZZN4nnet22compute_pool_buffer_2dINS_5arrayI8ap_fixedILi20ELi10EL9ap_q_mode5EL9a_258]:  wired=0; compound=0; hidden=1; nouse=1; global=1; static=1; extern=0; dir=2; type=0; pingpong=0; private_global=0; IO mode=ap_ovld:ce=0
Port [ p_ZZN4nnet22compute_pool_buffer_2dINS_5arrayI8ap_fixedILi20ELi10EL9ap_q_mode5EL9a_277]:  wired=0; compound=0; hidden=1; nouse=1; global=1; static=1; extern=0; dir=2; type=0; pingpong=0; private_global=0; IO mode=ap_ovld:ce=0
Port [ p_ZZN4nnet22compute_pool_buffer_2dINS_5arrayI8ap_fixedILi20ELi10EL9ap_q_mode5EL9a_297]:  wired=0; compound=0; hidden=1; nouse=1; global=1; static=1; extern=0; dir=2; type=0; pingpong=0; private_global=0; IO mode=ap_ovld:ce=0
Port [ p_ZZN4nnet22compute_pool_buffer_2dINS_5arrayI8ap_fixedILi20ELi10EL9ap_q_mode5EL9a_97]:  wired=0; compound=0; hidden=1; nouse=1; global=1; static=1; extern=0; dir=2; type=0; pingpong=0; private_global=0; IO mode=ap_ovld:ce=0
Port [ void_compute_pool_buffer_2d_array_const_ap_shift_reg_n_filt_stream_kernel_5]:  wired=0; compound=0; hidden=1; nouse=1; global=1; static=1; extern=0; dir=2; type=0; pingpong=0; private_global=0; IO mode=ap_ovld:ce=0
Port [ p_ZZN4nnet22compute_pool_buffer_2dINS_5arrayI8ap_fixedILi20ELi10EL9ap_q_mode5EL9a_77]:  wired=0; compound=0; hidden=1; nouse=1; global=1; static=1; extern=0; dir=2; type=0; pingpong=0; private_global=0; IO mode=ap_ovld:ce=0
Port [ p_ZZN4nnet22compute_pool_buffer_2dINS_5arrayI8ap_fixedILi20ELi10EL9ap_q_mode5EL9a_59]:  wired=0; compound=0; hidden=1; nouse=1; global=1; static=1; extern=0; dir=2; type=0; pingpong=0; private_global=0; IO mode=ap_ovld:ce=0
Port [ p_ZZN4nnet22compute_pool_buffer_2dINS_5arrayI8ap_fixedILi20ELi10EL9ap_q_mode5EL9a_41]:  wired=0; compound=0; hidden=1; nouse=1; global=1; static=1; extern=0; dir=2; type=0; pingpong=0; private_global=0; IO mode=ap_ovld:ce=0
Port [ p_ZZN4nnet22compute_pool_buffer_2dINS_5arrayI8ap_fixedILi20ELi10EL9ap_q_mode5EL9a_23]:  wired=0; compound=0; hidden=1; nouse=1; global=1; static=1; extern=0; dir=2; type=0; pingpong=0; private_global=0; IO mode=ap_ovld:ce=0
Port [ p_ZZN4nnet22compute_pool_buffer_2dINS_5arrayI8ap_fixedILi20ELi10EL9ap_q_mode5EL9a_5]:  wired=0; compound=0; hidden=1; nouse=1; global=1; static=1; extern=0; dir=2; type=0; pingpong=0; private_global=0; IO mode=ap_ovld:ce=0
Port [ p_ZZN4nnet22compute_pool_buffer_2dINS_5arrayI8ap_fixedILi20ELi10EL9ap_q_mode5EL9a_259]:  wired=0; compound=0; hidden=1; nouse=1; global=1; static=1; extern=0; dir=2; type=0; pingpong=0; private_global=0; IO mode=ap_ovld:ce=0
Port [ p_ZZN4nnet22compute_pool_buffer_2dINS_5arrayI8ap_fixedILi20ELi10EL9ap_q_mode5EL9a_279]:  wired=0; compound=0; hidden=1; nouse=1; global=1; static=1; extern=0; dir=2; type=0; pingpong=0; private_global=0; IO mode=ap_ovld:ce=0
Port [ p_ZZN4nnet22compute_pool_buffer_2dINS_5arrayI8ap_fixedILi20ELi10EL9ap_q_mode5EL9a_298]:  wired=0; compound=0; hidden=1; nouse=1; global=1; static=1; extern=0; dir=2; type=0; pingpong=0; private_global=0; IO mode=ap_ovld:ce=0
Port [ p_ZZN4nnet22compute_pool_buffer_2dINS_5arrayI8ap_fixedILi20ELi10EL9ap_q_mode5EL9a_96]:  wired=0; compound=0; hidden=1; nouse=1; global=1; static=1; extern=0; dir=2; type=0; pingpong=0; private_global=0; IO mode=ap_ovld:ce=0
Port [ void_compute_pool_buffer_2d_array_const_ap_shift_reg_n_filt_stream_kernel_4]:  wired=0; compound=0; hidden=1; nouse=1; global=1; static=1; extern=0; dir=2; type=0; pingpong=0; private_global=0; IO mode=ap_ovld:ce=0
Port [ p_ZZN4nnet22compute_pool_buffer_2dINS_5arrayI8ap_fixedILi20ELi10EL9ap_q_mode5EL9a_76]:  wired=0; compound=0; hidden=1; nouse=1; global=1; static=1; extern=0; dir=2; type=0; pingpong=0; private_global=0; IO mode=ap_ovld:ce=0
Port [ p_ZZN4nnet22compute_pool_buffer_2dINS_5arrayI8ap_fixedILi20ELi10EL9ap_q_mode5EL9a_58]:  wired=0; compound=0; hidden=1; nouse=1; global=1; static=1; extern=0; dir=2; type=0; pingpong=0; private_global=0; IO mode=ap_ovld:ce=0
Port [ p_ZZN4nnet22compute_pool_buffer_2dINS_5arrayI8ap_fixedILi20ELi10EL9ap_q_mode5EL9a_40]:  wired=0; compound=0; hidden=1; nouse=1; global=1; static=1; extern=0; dir=2; type=0; pingpong=0; private_global=0; IO mode=ap_ovld:ce=0
Port [ p_ZZN4nnet22compute_pool_buffer_2dINS_5arrayI8ap_fixedILi20ELi10EL9ap_q_mode5EL9a_22]:  wired=0; compound=0; hidden=1; nouse=1; global=1; static=1; extern=0; dir=2; type=0; pingpong=0; private_global=0; IO mode=ap_ovld:ce=0
Port [ p_ZZN4nnet22compute_pool_buffer_2dINS_5arrayI8ap_fixedILi20ELi10EL9ap_q_mode5EL9a_4]:  wired=0; compound=0; hidden=1; nouse=1; global=1; static=1; extern=0; dir=2; type=0; pingpong=0; private_global=0; IO mode=ap_ovld:ce=0
Port [ p_ZZN4nnet22compute_pool_buffer_2dINS_5arrayI8ap_fixedILi20ELi10EL9ap_q_mode5EL9a_260]:  wired=0; compound=0; hidden=1; nouse=1; global=1; static=1; extern=0; dir=2; type=0; pingpong=0; private_global=0; IO mode=ap_ovld:ce=0
Port [ p_ZZN4nnet22compute_pool_buffer_2dINS_5arrayI8ap_fixedILi20ELi10EL9ap_q_mode5EL9a_280]:  wired=0; compound=0; hidden=1; nouse=1; global=1; static=1; extern=0; dir=2; type=0; pingpong=0; private_global=0; IO mode=ap_ovld:ce=0
Port [ p_ZZN4nnet22compute_pool_buffer_2dINS_5arrayI8ap_fixedILi20ELi10EL9ap_q_mode5EL9a_299]:  wired=0; compound=0; hidden=1; nouse=1; global=1; static=1; extern=0; dir=2; type=0; pingpong=0; private_global=0; IO mode=ap_ovld:ce=0
Port [ p_ZZN4nnet22compute_pool_buffer_2dINS_5arrayI8ap_fixedILi20ELi10EL9ap_q_mode5EL9a_95]:  wired=0; compound=0; hidden=1; nouse=1; global=1; static=1; extern=0; dir=2; type=0; pingpong=0; private_global=0; IO mode=ap_ovld:ce=0
Port [ void_compute_pool_buffer_2d_array_const_ap_shift_reg_n_filt_stream_kernel_3]:  wired=0; compound=0; hidden=1; nouse=1; global=1; static=1; extern=0; dir=2; type=0; pingpong=0; private_global=0; IO mode=ap_ovld:ce=0
Port [ p_ZZN4nnet22compute_pool_buffer_2dINS_5arrayI8ap_fixedILi20ELi10EL9ap_q_mode5EL9a_75]:  wired=0; compound=0; hidden=1; nouse=1; global=1; static=1; extern=0; dir=2; type=0; pingpong=0; private_global=0; IO mode=ap_ovld:ce=0
Port [ p_ZZN4nnet22compute_pool_buffer_2dINS_5arrayI8ap_fixedILi20ELi10EL9ap_q_mode5EL9a_57]:  wired=0; compound=0; hidden=1; nouse=1; global=1; static=1; extern=0; dir=2; type=0; pingpong=0; private_global=0; IO mode=ap_ovld:ce=0
Port [ p_ZZN4nnet22compute_pool_buffer_2dINS_5arrayI8ap_fixedILi20ELi10EL9ap_q_mode5EL9a_39]:  wired=0; compound=0; hidden=1; nouse=1; global=1; static=1; extern=0; dir=2; type=0; pingpong=0; private_global=0; IO mode=ap_ovld:ce=0
Port [ p_ZZN4nnet22compute_pool_buffer_2dINS_5arrayI8ap_fixedILi20ELi10EL9ap_q_mode5EL9a_21]:  wired=0; compound=0; hidden=1; nouse=1; global=1; static=1; extern=0; dir=2; type=0; pingpong=0; private_global=0; IO mode=ap_ovld:ce=0
Port [ p_ZZN4nnet22compute_pool_buffer_2dINS_5arrayI8ap_fixedILi20ELi10EL9ap_q_mode5EL9a_3]:  wired=0; compound=0; hidden=1; nouse=1; global=1; static=1; extern=0; dir=2; type=0; pingpong=0; private_global=0; IO mode=ap_ovld:ce=0
Port [ p_ZZN4nnet22compute_pool_buffer_2dINS_5arrayI8ap_fixedILi20ELi10EL9ap_q_mode5EL9a_261]:  wired=0; compound=0; hidden=1; nouse=1; global=1; static=1; extern=0; dir=2; type=0; pingpong=0; private_global=0; IO mode=ap_ovld:ce=0
Port [ p_ZZN4nnet22compute_pool_buffer_2dINS_5arrayI8ap_fixedILi20ELi10EL9ap_q_mode5EL9a_281]:  wired=0; compound=0; hidden=1; nouse=1; global=1; static=1; extern=0; dir=2; type=0; pingpong=0; private_global=0; IO mode=ap_ovld:ce=0
Port [ p_ZZN4nnet22compute_pool_buffer_2dINS_5arrayI8ap_fixedILi20ELi10EL9ap_q_mode5EL9a_301]:  wired=0; compound=0; hidden=1; nouse=1; global=1; static=1; extern=0; dir=2; type=0; pingpong=0; private_global=0; IO mode=ap_ovld:ce=0
Port [ p_ZZN4nnet22compute_pool_buffer_2dINS_5arrayI8ap_fixedILi20ELi10EL9ap_q_mode5EL9a_94]:  wired=0; compound=0; hidden=1; nouse=1; global=1; static=1; extern=0; dir=2; type=0; pingpong=0; private_global=0; IO mode=ap_ovld:ce=0
Port [ void_compute_pool_buffer_2d_array_const_ap_shift_reg_n_filt_stream_kernel_2]:  wired=0; compound=0; hidden=1; nouse=1; global=1; static=1; extern=0; dir=2; type=0; pingpong=0; private_global=0; IO mode=ap_ovld:ce=0
Port [ p_ZZN4nnet22compute_pool_buffer_2dINS_5arrayI8ap_fixedILi20ELi10EL9ap_q_mode5EL9a_74]:  wired=0; compound=0; hidden=1; nouse=1; global=1; static=1; extern=0; dir=2; type=0; pingpong=0; private_global=0; IO mode=ap_ovld:ce=0
Port [ p_ZZN4nnet22compute_pool_buffer_2dINS_5arrayI8ap_fixedILi20ELi10EL9ap_q_mode5EL9a_56]:  wired=0; compound=0; hidden=1; nouse=1; global=1; static=1; extern=0; dir=2; type=0; pingpong=0; private_global=0; IO mode=ap_ovld:ce=0
Port [ p_ZZN4nnet22compute_pool_buffer_2dINS_5arrayI8ap_fixedILi20ELi10EL9ap_q_mode5EL9a_38]:  wired=0; compound=0; hidden=1; nouse=1; global=1; static=1; extern=0; dir=2; type=0; pingpong=0; private_global=0; IO mode=ap_ovld:ce=0
Port [ p_ZZN4nnet22compute_pool_buffer_2dINS_5arrayI8ap_fixedILi20ELi10EL9ap_q_mode5EL9a_20]:  wired=0; compound=0; hidden=1; nouse=1; global=1; static=1; extern=0; dir=2; type=0; pingpong=0; private_global=0; IO mode=ap_ovld:ce=0
Port [ p_ZZN4nnet22compute_pool_buffer_2dINS_5arrayI8ap_fixedILi20ELi10EL9ap_q_mode5EL9a_2]:  wired=0; compound=0; hidden=1; nouse=1; global=1; static=1; extern=0; dir=2; type=0; pingpong=0; private_global=0; IO mode=ap_ovld:ce=0
Port [ p_ZZN4nnet22compute_pool_buffer_2dINS_5arrayI8ap_fixedILi20ELi10EL9ap_q_mode5EL9a_262]:  wired=0; compound=0; hidden=1; nouse=1; global=1; static=1; extern=0; dir=2; type=0; pingpong=0; private_global=0; IO mode=ap_ovld:ce=0
Port [ p_ZZN4nnet22compute_pool_buffer_2dINS_5arrayI8ap_fixedILi20ELi10EL9ap_q_mode5EL9a_282]:  wired=0; compound=0; hidden=1; nouse=1; global=1; static=1; extern=0; dir=2; type=0; pingpong=0; private_global=0; IO mode=ap_ovld:ce=0
Port [ p_ZZN4nnet22compute_pool_buffer_2dINS_5arrayI8ap_fixedILi20ELi10EL9ap_q_mode5EL9a_302]:  wired=0; compound=0; hidden=1; nouse=1; global=1; static=1; extern=0; dir=2; type=0; pingpong=0; private_global=0; IO mode=ap_ovld:ce=0
Port [ p_ZZN4nnet22compute_pool_buffer_2dINS_5arrayI8ap_fixedILi20ELi10EL9ap_q_mode5EL9a_93]:  wired=0; compound=0; hidden=1; nouse=1; global=1; static=1; extern=0; dir=2; type=0; pingpong=0; private_global=0; IO mode=ap_ovld:ce=0
Port [ void_compute_pool_buffer_2d_array_const_ap_shift_reg_n_filt_stream_kernel_1]:  wired=0; compound=0; hidden=1; nouse=1; global=1; static=1; extern=0; dir=2; type=0; pingpong=0; private_global=0; IO mode=ap_ovld:ce=0
Port [ p_ZZN4nnet22compute_pool_buffer_2dINS_5arrayI8ap_fixedILi20ELi10EL9ap_q_mode5EL9a_73]:  wired=0; compound=0; hidden=1; nouse=1; global=1; static=1; extern=0; dir=2; type=0; pingpong=0; private_global=0; IO mode=ap_ovld:ce=0
Port [ p_ZZN4nnet22compute_pool_buffer_2dINS_5arrayI8ap_fixedILi20ELi10EL9ap_q_mode5EL9a_55]:  wired=0; compound=0; hidden=1; nouse=1; global=1; static=1; extern=0; dir=2; type=0; pingpong=0; private_global=0; IO mode=ap_ovld:ce=0
Port [ p_ZZN4nnet22compute_pool_buffer_2dINS_5arrayI8ap_fixedILi20ELi10EL9ap_q_mode5EL9a_37]:  wired=0; compound=0; hidden=1; nouse=1; global=1; static=1; extern=0; dir=2; type=0; pingpong=0; private_global=0; IO mode=ap_ovld:ce=0
Port [ p_ZZN4nnet22compute_pool_buffer_2dINS_5arrayI8ap_fixedILi20ELi10EL9ap_q_mode5EL9a_19]:  wired=0; compound=0; hidden=1; nouse=1; global=1; static=1; extern=0; dir=2; type=0; pingpong=0; private_global=0; IO mode=ap_ovld:ce=0
Port [ p_ZZN4nnet22compute_pool_buffer_2dINS_5arrayI8ap_fixedILi20ELi10EL9ap_q_mode5EL9a_1]:  wired=0; compound=0; hidden=1; nouse=1; global=1; static=1; extern=0; dir=2; type=0; pingpong=0; private_global=0; IO mode=ap_ovld:ce=0
Port [ p_ZZN4nnet22compute_pool_buffer_2dINS_5arrayI8ap_fixedILi20ELi10EL9ap_q_mode5EL9a_263]:  wired=0; compound=0; hidden=1; nouse=1; global=1; static=1; extern=0; dir=2; type=0; pingpong=0; private_global=0; IO mode=ap_ovld:ce=0
Port [ p_ZZN4nnet22compute_pool_buffer_2dINS_5arrayI8ap_fixedILi20ELi10EL9ap_q_mode5EL9a_283]:  wired=0; compound=0; hidden=1; nouse=1; global=1; static=1; extern=0; dir=2; type=0; pingpong=0; private_global=0; IO mode=ap_ovld:ce=0
Port [ p_ZZN4nnet22compute_pool_buffer_2dINS_5arrayI8ap_fixedILi20ELi10EL9ap_q_mode5EL9a_303]:  wired=0; compound=0; hidden=1; nouse=1; global=1; static=1; extern=0; dir=2; type=0; pingpong=0; private_global=0; IO mode=ap_ovld:ce=0
Port [ p_ZZN4nnet22compute_pool_buffer_2dINS_5arrayI8ap_fixedILi20ELi10EL9ap_q_mode5EL9a_91]:  wired=0; compound=0; hidden=1; nouse=1; global=1; static=1; extern=0; dir=2; type=0; pingpong=0; private_global=0; IO mode=ap_ovld:ce=0
Port [ void_compute_pool_buffer_2d_array_const_ap_shift_reg_n_filt_stream_kernel]:  wired=0; compound=0; hidden=1; nouse=1; global=1; static=1; extern=0; dir=2; type=0; pingpong=0; private_global=0; IO mode=ap_ovld:ce=0
Port [ p_ZZN4nnet22compute_pool_buffer_2dINS_5arrayI8ap_fixedILi20ELi10EL9ap_q_mode5EL9a_72]:  wired=0; compound=0; hidden=1; nouse=1; global=1; static=1; extern=0; dir=2; type=0; pingpong=0; private_global=0; IO mode=ap_ovld:ce=0
Port [ p_ZZN4nnet22compute_pool_buffer_2dINS_5arrayI8ap_fixedILi20ELi10EL9ap_q_mode5EL9a_54]:  wired=0; compound=0; hidden=1; nouse=1; global=1; static=1; extern=0; dir=2; type=0; pingpong=0; private_global=0; IO mode=ap_ovld:ce=0
Port [ p_ZZN4nnet22compute_pool_buffer_2dINS_5arrayI8ap_fixedILi20ELi10EL9ap_q_mode5EL9a_36]:  wired=0; compound=0; hidden=1; nouse=1; global=1; static=1; extern=0; dir=2; type=0; pingpong=0; private_global=0; IO mode=ap_ovld:ce=0
Port [ p_ZZN4nnet22compute_pool_buffer_2dINS_5arrayI8ap_fixedILi20ELi10EL9ap_q_mode5EL9a_18]:  wired=0; compound=0; hidden=1; nouse=1; global=1; static=1; extern=0; dir=2; type=0; pingpong=0; private_global=0; IO mode=ap_ovld:ce=0
Port [ p_ZZN4nnet22compute_pool_buffer_2dINS_5arrayI8ap_fixedILi20ELi10EL9ap_q_mode5EL9a]:  wired=0; compound=0; hidden=1; nouse=1; global=1; static=1; extern=0; dir=2; type=0; pingpong=0; private_global=0; IO mode=ap_ovld:ce=0
Port [ p_ZZN4nnet22compute_pool_buffer_2dINS_5arrayI8ap_fixedILi20ELi10EL9ap_q_mode5EL9a_264]:  wired=0; compound=0; hidden=1; nouse=1; global=1; static=1; extern=0; dir=2; type=0; pingpong=0; private_global=0; IO mode=ap_ovld:ce=0
Port [ p_ZZN4nnet22compute_pool_buffer_2dINS_5arrayI8ap_fixedILi20ELi10EL9ap_q_mode5EL9a_284]:  wired=0; compound=0; hidden=1; nouse=1; global=1; static=1; extern=0; dir=2; type=0; pingpong=0; private_global=0; IO mode=ap_ovld:ce=0
Port [ p_ZZN4nnet22compute_pool_buffer_2dINS_5arrayI8ap_fixedILi20ELi10EL9ap_q_mode5EL9a_304]:  wired=0; compound=0; hidden=1; nouse=1; global=1; static=1; extern=0; dir=2; type=0; pingpong=0; private_global=0; IO mode=ap_ovld:ce=0
Port [ p_ZZN4nnet22compute_pool_buffer_2dINS_5arrayI8ap_fixedILi20ELi10EL9ap_q_mode5EL9a_90]:  wired=0; compound=0; hidden=1; nouse=1; global=1; static=1; extern=0; dir=2; type=0; pingpong=0; private_global=0; IO mode=ap_ovld:ce=0
Port [ p_ZZN4nnet22compute_pool_buffer_2dINS_5arrayI8ap_fixedILi20ELi10EL9ap_q_mode5EL9a_245]:  wired=0; compound=0; hidden=1; nouse=1; global=1; static=1; extern=0; dir=2; type=0; pingpong=0; private_global=0; IO mode=ap_ovld:ce=0
Port [ p_ZZN4nnet22compute_pool_buffer_2dINS_5arrayI8ap_fixedILi20ELi10EL9ap_q_mode5EL9a_71]:  wired=0; compound=0; hidden=1; nouse=1; global=1; static=1; extern=0; dir=2; type=0; pingpong=0; private_global=0; IO mode=ap_ovld:ce=0
Port [ p_ZZN4nnet22compute_pool_buffer_2dINS_5arrayI8ap_fixedILi20ELi10EL9ap_q_mode5EL9a_53]:  wired=0; compound=0; hidden=1; nouse=1; global=1; static=1; extern=0; dir=2; type=0; pingpong=0; private_global=0; IO mode=ap_ovld:ce=0
Port [ p_ZZN4nnet22compute_pool_buffer_2dINS_5arrayI8ap_fixedILi20ELi10EL9ap_q_mode5EL9a_35]:  wired=0; compound=0; hidden=1; nouse=1; global=1; static=1; extern=0; dir=2; type=0; pingpong=0; private_global=0; IO mode=ap_ovld:ce=0
Port [ p_ZZN4nnet22compute_pool_buffer_2dINS_5arrayI8ap_fixedILi20ELi10EL9ap_q_mode5EL9a_17]:  wired=0; compound=0; hidden=1; nouse=1; global=1; static=1; extern=0; dir=2; type=0; pingpong=0; private_global=0; IO mode=ap_ovld:ce=0
Port [ p_ZZN4nnet22compute_pool_buffer_2dINS_5arrayI8ap_fixedILi20ELi10EL9ap_q_mode5EL9a_246]:  wired=0; compound=0; hidden=1; nouse=1; global=1; static=1; extern=0; dir=2; type=0; pingpong=0; private_global=0; IO mode=ap_ovld:ce=0
Port [ p_ZZN4nnet22compute_pool_buffer_2dINS_5arrayI8ap_fixedILi20ELi10EL9ap_q_mode5EL9a_265]:  wired=0; compound=0; hidden=1; nouse=1; global=1; static=1; extern=0; dir=2; type=0; pingpong=0; private_global=0; IO mode=ap_ovld:ce=0
Port [ p_ZZN4nnet22compute_pool_buffer_2dINS_5arrayI8ap_fixedILi20ELi10EL9ap_q_mode5EL9a_285]:  wired=0; compound=0; hidden=1; nouse=1; global=1; static=1; extern=0; dir=2; type=0; pingpong=0; private_global=0; IO mode=ap_ovld:ce=0
Port [ p_ZZN4nnet22compute_pool_buffer_2dINS_5arrayI8ap_fixedILi20ELi10EL9ap_q_mode5EL9a_305]:  wired=0; compound=0; hidden=1; nouse=1; global=1; static=1; extern=0; dir=2; type=0; pingpong=0; private_global=0; IO mode=ap_ovld:ce=0
Port [ p_ZZN4nnet22compute_pool_buffer_2dINS_5arrayI8ap_fixedILi20ELi10EL9ap_q_mode5EL9a_89]:  wired=0; compound=0; hidden=1; nouse=1; global=1; static=1; extern=0; dir=2; type=0; pingpong=0; private_global=0; IO mode=ap_ovld:ce=0
Port [ p_ZZN4nnet22compute_pool_buffer_2dINS_5arrayI8ap_fixedILi20ELi10EL9ap_q_mode5EL9a_256]:  wired=0; compound=0; hidden=1; nouse=1; global=1; static=1; extern=0; dir=2; type=0; pingpong=0; private_global=0; IO mode=ap_ovld:ce=0
Port [ p_ZZN4nnet22compute_pool_buffer_2dINS_5arrayI8ap_fixedILi20ELi10EL9ap_q_mode5EL9a_70]:  wired=0; compound=0; hidden=1; nouse=1; global=1; static=1; extern=0; dir=2; type=0; pingpong=0; private_global=0; IO mode=ap_ovld:ce=0
Port [ p_ZZN4nnet22compute_pool_buffer_2dINS_5arrayI8ap_fixedILi20ELi10EL9ap_q_mode5EL9a_52]:  wired=0; compound=0; hidden=1; nouse=1; global=1; static=1; extern=0; dir=2; type=0; pingpong=0; private_global=0; IO mode=ap_ovld:ce=0
Port [ p_ZZN4nnet22compute_pool_buffer_2dINS_5arrayI8ap_fixedILi20ELi10EL9ap_q_mode5EL9a_34]:  wired=0; compound=0; hidden=1; nouse=1; global=1; static=1; extern=0; dir=2; type=0; pingpong=0; private_global=0; IO mode=ap_ovld:ce=0
Port [ p_ZZN4nnet22compute_pool_buffer_2dINS_5arrayI8ap_fixedILi20ELi10EL9ap_q_mode5EL9a_16]:  wired=0; compound=0; hidden=1; nouse=1; global=1; static=1; extern=0; dir=2; type=0; pingpong=0; private_global=0; IO mode=ap_ovld:ce=0
Port [ p_ZZN4nnet22compute_pool_buffer_2dINS_5arrayI8ap_fixedILi20ELi10EL9ap_q_mode5EL9a_247]:  wired=0; compound=0; hidden=1; nouse=1; global=1; static=1; extern=0; dir=2; type=0; pingpong=0; private_global=0; IO mode=ap_ovld:ce=0
Port [ p_ZZN4nnet22compute_pool_buffer_2dINS_5arrayI8ap_fixedILi20ELi10EL9ap_q_mode5EL9a_266]:  wired=0; compound=0; hidden=1; nouse=1; global=1; static=1; extern=0; dir=2; type=0; pingpong=0; private_global=0; IO mode=ap_ovld:ce=0
Port [ p_ZZN4nnet22compute_pool_buffer_2dINS_5arrayI8ap_fixedILi20ELi10EL9ap_q_mode5EL9a_286]:  wired=0; compound=0; hidden=1; nouse=1; global=1; static=1; extern=0; dir=2; type=0; pingpong=0; private_global=0; IO mode=ap_ovld:ce=0
Port [ p_ZZN4nnet22compute_pool_buffer_2dINS_5arrayI8ap_fixedILi20ELi10EL9ap_q_mode5EL9a_306]:  wired=0; compound=0; hidden=1; nouse=1; global=1; static=1; extern=0; dir=2; type=0; pingpong=0; private_global=0; IO mode=ap_ovld:ce=0
Port [ p_ZZN4nnet22compute_pool_buffer_2dINS_5arrayI8ap_fixedILi20ELi10EL9ap_q_mode5EL9a_88]:  wired=0; compound=0; hidden=1; nouse=1; global=1; static=1; extern=0; dir=2; type=0; pingpong=0; private_global=0; IO mode=ap_ovld:ce=0
Port [ p_ZZN4nnet22compute_pool_buffer_2dINS_5arrayI8ap_fixedILi20ELi10EL9ap_q_mode5EL9a_267]:  wired=0; compound=0; hidden=1; nouse=1; global=1; static=1; extern=0; dir=2; type=0; pingpong=0; private_global=0; IO mode=ap_ovld:ce=0
Port [ p_ZZN4nnet22compute_pool_buffer_2dINS_5arrayI8ap_fixedILi20ELi10EL9ap_q_mode5EL9a_69]:  wired=0; compound=0; hidden=1; nouse=1; global=1; static=1; extern=0; dir=2; type=0; pingpong=0; private_global=0; IO mode=ap_ovld:ce=0
Port [ p_ZZN4nnet22compute_pool_buffer_2dINS_5arrayI8ap_fixedILi20ELi10EL9ap_q_mode5EL9a_51]:  wired=0; compound=0; hidden=1; nouse=1; global=1; static=1; extern=0; dir=2; type=0; pingpong=0; private_global=0; IO mode=ap_ovld:ce=0
Port [ p_ZZN4nnet22compute_pool_buffer_2dINS_5arrayI8ap_fixedILi20ELi10EL9ap_q_mode5EL9a_33]:  wired=0; compound=0; hidden=1; nouse=1; global=1; static=1; extern=0; dir=2; type=0; pingpong=0; private_global=0; IO mode=ap_ovld:ce=0
Port [ p_ZZN4nnet22compute_pool_buffer_2dINS_5arrayI8ap_fixedILi20ELi10EL9ap_q_mode5EL9a_15]:  wired=0; compound=0; hidden=1; nouse=1; global=1; static=1; extern=0; dir=2; type=0; pingpong=0; private_global=0; IO mode=ap_ovld:ce=0
Port [ p_ZZN4nnet22compute_pool_buffer_2dINS_5arrayI8ap_fixedILi20ELi10EL9ap_q_mode5EL9a_248]:  wired=0; compound=0; hidden=1; nouse=1; global=1; static=1; extern=0; dir=2; type=0; pingpong=0; private_global=0; IO mode=ap_ovld:ce=0
Port [ p_ZZN4nnet22compute_pool_buffer_2dINS_5arrayI8ap_fixedILi20ELi10EL9ap_q_mode5EL9a_268]:  wired=0; compound=0; hidden=1; nouse=1; global=1; static=1; extern=0; dir=2; type=0; pingpong=0; private_global=0; IO mode=ap_ovld:ce=0
Port [ p_ZZN4nnet22compute_pool_buffer_2dINS_5arrayI8ap_fixedILi20ELi10EL9ap_q_mode5EL9a_287]:  wired=0; compound=0; hidden=1; nouse=1; global=1; static=1; extern=0; dir=2; type=0; pingpong=0; private_global=0; IO mode=ap_ovld:ce=0
Port [ p_ZZN4nnet22compute_pool_buffer_2dINS_5arrayI8ap_fixedILi20ELi10EL9ap_q_mode5EL9a_307]:  wired=0; compound=0; hidden=1; nouse=1; global=1; static=1; extern=0; dir=2; type=0; pingpong=0; private_global=0; IO mode=ap_ovld:ce=0
Port [ p_ZZN4nnet22compute_pool_buffer_2dINS_5arrayI8ap_fixedILi20ELi10EL9ap_q_mode5EL9a_87]:  wired=0; compound=0; hidden=1; nouse=1; global=1; static=1; extern=0; dir=2; type=0; pingpong=0; private_global=0; IO mode=ap_ovld:ce=0
Port [ p_ZZN4nnet22compute_pool_buffer_2dINS_5arrayI8ap_fixedILi20ELi10EL9ap_q_mode5EL9a_278]:  wired=0; compound=0; hidden=1; nouse=1; global=1; static=1; extern=0; dir=2; type=0; pingpong=0; private_global=0; IO mode=ap_ovld:ce=0
Port [ p_ZZN4nnet22compute_pool_buffer_2dINS_5arrayI8ap_fixedILi20ELi10EL9ap_q_mode5EL9a_68]:  wired=0; compound=0; hidden=1; nouse=1; global=1; static=1; extern=0; dir=2; type=0; pingpong=0; private_global=0; IO mode=ap_ovld:ce=0
Port [ p_ZZN4nnet22compute_pool_buffer_2dINS_5arrayI8ap_fixedILi20ELi10EL9ap_q_mode5EL9a_50]:  wired=0; compound=0; hidden=1; nouse=1; global=1; static=1; extern=0; dir=2; type=0; pingpong=0; private_global=0; IO mode=ap_ovld:ce=0
Port [ p_ZZN4nnet22compute_pool_buffer_2dINS_5arrayI8ap_fixedILi20ELi10EL9ap_q_mode5EL9a_32]:  wired=0; compound=0; hidden=1; nouse=1; global=1; static=1; extern=0; dir=2; type=0; pingpong=0; private_global=0; IO mode=ap_ovld:ce=0
Port [ p_ZZN4nnet22compute_pool_buffer_2dINS_5arrayI8ap_fixedILi20ELi10EL9ap_q_mode5EL9a_14]:  wired=0; compound=0; hidden=1; nouse=1; global=1; static=1; extern=0; dir=2; type=0; pingpong=0; private_global=0; IO mode=ap_ovld:ce=0
Port [ p_ZZN4nnet22compute_pool_buffer_2dINS_5arrayI8ap_fixedILi20ELi10EL9ap_q_mode5EL9a_249]:  wired=0; compound=0; hidden=1; nouse=1; global=1; static=1; extern=0; dir=2; type=0; pingpong=0; private_global=0; IO mode=ap_ovld:ce=0
Port [ p_ZZN4nnet22compute_pool_buffer_2dINS_5arrayI8ap_fixedILi20ELi10EL9ap_q_mode5EL9a_269]:  wired=0; compound=0; hidden=1; nouse=1; global=1; static=1; extern=0; dir=2; type=0; pingpong=0; private_global=0; IO mode=ap_ovld:ce=0
Port [ p_ZZN4nnet22compute_pool_buffer_2dINS_5arrayI8ap_fixedILi20ELi10EL9ap_q_mode5EL9a_288]:  wired=0; compound=0; hidden=1; nouse=1; global=1; static=1; extern=0; dir=2; type=0; pingpong=0; private_global=0; IO mode=ap_ovld:ce=0
Port [ p_ZZN4nnet22compute_pool_buffer_2dINS_5arrayI8ap_fixedILi20ELi10EL9ap_q_mode5EL9a_308]:  wired=0; compound=0; hidden=1; nouse=1; global=1; static=1; extern=0; dir=2; type=0; pingpong=0; private_global=0; IO mode=ap_ovld:ce=0
Port [ p_ZZN4nnet22compute_pool_buffer_2dINS_5arrayI8ap_fixedILi20ELi10EL9ap_q_mode5EL9a_86]:  wired=0; compound=0; hidden=1; nouse=1; global=1; static=1; extern=0; dir=2; type=0; pingpong=0; private_global=0; IO mode=ap_ovld:ce=0
Port [ p_ZZN4nnet22compute_pool_buffer_2dINS_5arrayI8ap_fixedILi20ELi10EL9ap_q_mode5EL9a_289]:  wired=0; compound=0; hidden=1; nouse=1; global=1; static=1; extern=0; dir=2; type=0; pingpong=0; private_global=0; IO mode=ap_ovld:ce=0
Port [ p_ZZN4nnet22compute_pool_buffer_2dINS_5arrayI8ap_fixedILi20ELi10EL9ap_q_mode5EL9a_67]:  wired=0; compound=0; hidden=1; nouse=1; global=1; static=1; extern=0; dir=2; type=0; pingpong=0; private_global=0; IO mode=ap_ovld:ce=0
Port [ p_ZZN4nnet22compute_pool_buffer_2dINS_5arrayI8ap_fixedILi20ELi10EL9ap_q_mode5EL9a_49]:  wired=0; compound=0; hidden=1; nouse=1; global=1; static=1; extern=0; dir=2; type=0; pingpong=0; private_global=0; IO mode=ap_ovld:ce=0
Port [ p_ZZN4nnet22compute_pool_buffer_2dINS_5arrayI8ap_fixedILi20ELi10EL9ap_q_mode5EL9a_31]:  wired=0; compound=0; hidden=1; nouse=1; global=1; static=1; extern=0; dir=2; type=0; pingpong=0; private_global=0; IO mode=ap_ovld:ce=0
Port [ p_ZZN4nnet22compute_pool_buffer_2dINS_5arrayI8ap_fixedILi20ELi10EL9ap_q_mode5EL9a_13]:  wired=0; compound=0; hidden=1; nouse=1; global=1; static=1; extern=0; dir=2; type=0; pingpong=0; private_global=0; IO mode=ap_ovld:ce=0
Port [ p_ZZN4nnet22compute_pool_buffer_2dINS_5arrayI8ap_fixedILi20ELi10EL9ap_q_mode5EL9a_250]:  wired=0; compound=0; hidden=1; nouse=1; global=1; static=1; extern=0; dir=2; type=0; pingpong=0; private_global=0; IO mode=ap_ovld:ce=0
Port [ p_ZZN4nnet22compute_pool_buffer_2dINS_5arrayI8ap_fixedILi20ELi10EL9ap_q_mode5EL9a_270]:  wired=0; compound=0; hidden=1; nouse=1; global=1; static=1; extern=0; dir=2; type=0; pingpong=0; private_global=0; IO mode=ap_ovld:ce=0
Port [ p_ZZN4nnet22compute_pool_buffer_2dINS_5arrayI8ap_fixedILi20ELi10EL9ap_q_mode5EL9a_290]:  wired=0; compound=0; hidden=1; nouse=1; global=1; static=1; extern=0; dir=2; type=0; pingpong=0; private_global=0; IO mode=ap_ovld:ce=0
Port [ p_ZZN4nnet22compute_pool_buffer_2dINS_5arrayI8ap_fixedILi20ELi10EL9ap_q_mode5EL9a_309]:  wired=0; compound=0; hidden=1; nouse=1; global=1; static=1; extern=0; dir=2; type=0; pingpong=0; private_global=0; IO mode=ap_ovld:ce=0
Port [ p_ZZN4nnet22compute_pool_buffer_2dINS_5arrayI8ap_fixedILi20ELi10EL9ap_q_mode5EL9a_85]:  wired=0; compound=0; hidden=1; nouse=1; global=1; static=1; extern=0; dir=2; type=0; pingpong=0; private_global=0; IO mode=ap_ovld:ce=0
Port [ p_ZZN4nnet22compute_pool_buffer_2dINS_5arrayI8ap_fixedILi20ELi10EL9ap_q_mode5EL9a_300]:  wired=0; compound=0; hidden=1; nouse=1; global=1; static=1; extern=0; dir=2; type=0; pingpong=0; private_global=0; IO mode=ap_ovld:ce=0
Port [ p_ZZN4nnet22compute_pool_buffer_2dINS_5arrayI8ap_fixedILi20ELi10EL9ap_q_mode5EL9a_66]:  wired=0; compound=0; hidden=1; nouse=1; global=1; static=1; extern=0; dir=2; type=0; pingpong=0; private_global=0; IO mode=ap_ovld:ce=0
Port [ p_ZZN4nnet22compute_pool_buffer_2dINS_5arrayI8ap_fixedILi20ELi10EL9ap_q_mode5EL9a_48]:  wired=0; compound=0; hidden=1; nouse=1; global=1; static=1; extern=0; dir=2; type=0; pingpong=0; private_global=0; IO mode=ap_ovld:ce=0
Port [ p_ZZN4nnet22compute_pool_buffer_2dINS_5arrayI8ap_fixedILi20ELi10EL9ap_q_mode5EL9a_30]:  wired=0; compound=0; hidden=1; nouse=1; global=1; static=1; extern=0; dir=2; type=0; pingpong=0; private_global=0; IO mode=ap_ovld:ce=0
Port [ p_ZZN4nnet22compute_pool_buffer_2dINS_5arrayI8ap_fixedILi20ELi10EL9ap_q_mode5EL9a_12]:  wired=0; compound=0; hidden=1; nouse=1; global=1; static=1; extern=0; dir=2; type=0; pingpong=0; private_global=0; IO mode=ap_ovld:ce=0
Port [ p_ZZN4nnet22compute_pool_buffer_2dINS_5arrayI8ap_fixedILi20ELi10EL9ap_q_mode5EL9a_251]:  wired=0; compound=0; hidden=1; nouse=1; global=1; static=1; extern=0; dir=2; type=0; pingpong=0; private_global=0; IO mode=ap_ovld:ce=0
Port [ p_ZZN4nnet22compute_pool_buffer_2dINS_5arrayI8ap_fixedILi20ELi10EL9ap_q_mode5EL9a_271]:  wired=0; compound=0; hidden=1; nouse=1; global=1; static=1; extern=0; dir=2; type=0; pingpong=0; private_global=0; IO mode=ap_ovld:ce=0
Port [ p_ZZN4nnet22compute_pool_buffer_2dINS_5arrayI8ap_fixedILi20ELi10EL9ap_q_mode5EL9a_291]:  wired=0; compound=0; hidden=1; nouse=1; global=1; static=1; extern=0; dir=2; type=0; pingpong=0; private_global=0; IO mode=ap_ovld:ce=0
Port [ p_ZZN4nnet22compute_pool_buffer_2dINS_5arrayI8ap_fixedILi20ELi10EL9ap_q_mode5EL9a_310]:  wired=0; compound=0; hidden=1; nouse=1; global=1; static=1; extern=0; dir=2; type=0; pingpong=0; private_global=0; IO mode=ap_ovld:ce=0
Port [ p_ZZN4nnet22compute_pool_buffer_2dINS_5arrayI8ap_fixedILi20ELi10EL9ap_q_mode5EL9a_84]:  wired=0; compound=0; hidden=1; nouse=1; global=1; static=1; extern=0; dir=2; type=0; pingpong=0; private_global=0; IO mode=ap_ovld:ce=0
Port [ p_ZZN4nnet22compute_pool_buffer_2dINS_5arrayI8ap_fixedILi20ELi10EL9ap_q_mode5EL9a_311]:  wired=0; compound=0; hidden=1; nouse=1; global=1; static=1; extern=0; dir=2; type=0; pingpong=0; private_global=0; IO mode=ap_ovld:ce=0
Port [ p_ZZN4nnet22compute_pool_buffer_2dINS_5arrayI8ap_fixedILi20ELi10EL9ap_q_mode5EL9a_65]:  wired=0; compound=0; hidden=1; nouse=1; global=1; static=1; extern=0; dir=2; type=0; pingpong=0; private_global=0; IO mode=ap_ovld:ce=0
Port [ p_ZZN4nnet22compute_pool_buffer_2dINS_5arrayI8ap_fixedILi20ELi10EL9ap_q_mode5EL9a_47]:  wired=0; compound=0; hidden=1; nouse=1; global=1; static=1; extern=0; dir=2; type=0; pingpong=0; private_global=0; IO mode=ap_ovld:ce=0
Port [ p_ZZN4nnet22compute_pool_buffer_2dINS_5arrayI8ap_fixedILi20ELi10EL9ap_q_mode5EL9a_29]:  wired=0; compound=0; hidden=1; nouse=1; global=1; static=1; extern=0; dir=2; type=0; pingpong=0; private_global=0; IO mode=ap_ovld:ce=0
Port [ p_ZZN4nnet22compute_pool_buffer_2dINS_5arrayI8ap_fixedILi20ELi10EL9ap_q_mode5EL9a_11]:  wired=0; compound=0; hidden=1; nouse=1; global=1; static=1; extern=0; dir=2; type=0; pingpong=0; private_global=0; IO mode=ap_ovld:ce=0
Port [ p_ZZN4nnet22compute_pool_buffer_2dINS_5arrayI8ap_fixedILi20ELi10EL9ap_q_mode5EL9a_252]:  wired=0; compound=0; hidden=1; nouse=1; global=1; static=1; extern=0; dir=2; type=0; pingpong=0; private_global=0; IO mode=ap_ovld:ce=0
Port [ p_ZZN4nnet22compute_pool_buffer_2dINS_5arrayI8ap_fixedILi20ELi10EL9ap_q_mode5EL9a_272]:  wired=0; compound=0; hidden=1; nouse=1; global=1; static=1; extern=0; dir=2; type=0; pingpong=0; private_global=0; IO mode=ap_ovld:ce=0
Port [ p_ZZN4nnet22compute_pool_buffer_2dINS_5arrayI8ap_fixedILi20ELi10EL9ap_q_mode5EL9a_292]:  wired=0; compound=0; hidden=1; nouse=1; global=1; static=1; extern=0; dir=2; type=0; pingpong=0; private_global=0; IO mode=ap_ovld:ce=0
Port [ p_ZZN4nnet22compute_pool_buffer_2dINS_5arrayI8ap_fixedILi20ELi10EL9ap_q_mode5EL9a_312]:  wired=0; compound=0; hidden=1; nouse=1; global=1; static=1; extern=0; dir=2; type=0; pingpong=0; private_global=0; IO mode=ap_ovld:ce=0
Port [ p_ZZN4nnet22compute_pool_buffer_2dINS_5arrayI8ap_fixedILi20ELi10EL9ap_q_mode5EL9a_83]:  wired=0; compound=0; hidden=1; nouse=1; global=1; static=1; extern=0; dir=2; type=0; pingpong=0; private_global=0; IO mode=ap_ovld:ce=0
Port [ p_ZZN4nnet22compute_pool_buffer_2dINS_5arrayI8ap_fixedILi20ELi10EL9ap_q_mode5EL9a_92]:  wired=0; compound=0; hidden=1; nouse=1; global=1; static=1; extern=0; dir=2; type=0; pingpong=0; private_global=0; IO mode=ap_ovld:ce=0
Port [ p_ZZN4nnet22compute_pool_buffer_2dINS_5arrayI8ap_fixedILi20ELi10EL9ap_q_mode5EL9a_64]:  wired=0; compound=0; hidden=1; nouse=1; global=1; static=1; extern=0; dir=2; type=0; pingpong=0; private_global=0; IO mode=ap_ovld:ce=0
Port [ p_ZZN4nnet22compute_pool_buffer_2dINS_5arrayI8ap_fixedILi20ELi10EL9ap_q_mode5EL9a_46]:  wired=0; compound=0; hidden=1; nouse=1; global=1; static=1; extern=0; dir=2; type=0; pingpong=0; private_global=0; IO mode=ap_ovld:ce=0
Port [ p_ZZN4nnet22compute_pool_buffer_2dINS_5arrayI8ap_fixedILi20ELi10EL9ap_q_mode5EL9a_28]:  wired=0; compound=0; hidden=1; nouse=1; global=1; static=1; extern=0; dir=2; type=0; pingpong=0; private_global=0; IO mode=ap_ovld:ce=0
Port [ p_ZZN4nnet22compute_pool_buffer_2dINS_5arrayI8ap_fixedILi20ELi10EL9ap_q_mode5EL9a_10]:  wired=0; compound=0; hidden=1; nouse=1; global=1; static=1; extern=0; dir=2; type=0; pingpong=0; private_global=0; IO mode=ap_ovld:ce=0
Port [ p_ZZN4nnet22compute_pool_buffer_2dINS_5arrayI8ap_fixedILi20ELi10EL9ap_q_mode5EL9a_253]:  wired=0; compound=0; hidden=1; nouse=1; global=1; static=1; extern=0; dir=2; type=0; pingpong=0; private_global=0; IO mode=ap_ovld:ce=0
Port [ p_ZZN4nnet22compute_pool_buffer_2dINS_5arrayI8ap_fixedILi20ELi10EL9ap_q_mode5EL9a_273]:  wired=0; compound=0; hidden=1; nouse=1; global=1; static=1; extern=0; dir=2; type=0; pingpong=0; private_global=0; IO mode=ap_ovld:ce=0
Port [ p_ZZN4nnet22compute_pool_buffer_2dINS_5arrayI8ap_fixedILi20ELi10EL9ap_q_mode5EL9a_293]:  wired=0; compound=0; hidden=1; nouse=1; global=1; static=1; extern=0; dir=2; type=0; pingpong=0; private_global=0; IO mode=ap_ovld:ce=0
Port [ p_ZZN4nnet22compute_pool_buffer_2dINS_5arrayI8ap_fixedILi20ELi10EL9ap_q_mode5EL9a_313]:  wired=0; compound=0; hidden=1; nouse=1; global=1; static=1; extern=0; dir=2; type=0; pingpong=0; private_global=0; IO mode=ap_ovld:ce=0
Port [ p_ZZN4nnet22compute_pool_buffer_2dINS_5arrayI8ap_fixedILi20ELi10EL9ap_q_mode5EL9a_82]:  wired=0; compound=0; hidden=1; nouse=1; global=1; static=1; extern=0; dir=2; type=0; pingpong=0; private_global=0; IO mode=ap_ovld:ce=0
Port [ pX]:  wired=0; compound=0; hidden=1; nouse=1; global=1; static=1; extern=0; dir=2; type=0; pingpong=0; private_global=0; IO mode=ap_ovld:ce=0
Port [ sX]:  wired=0; compound=0; hidden=1; nouse=1; global=1; static=1; extern=0; dir=2; type=0; pingpong=0; private_global=0; IO mode=ap_ovld:ce=0
Port [ void_pooling2d_cl_stream_stream_array_ap_fixed_18u_0_line_buffer_9]:  wired=0; compound=1; hidden=1; nouse=1; global=1; static=1; extern=0; dir=3; type=1; pingpong=0; private_global=0; MemPort=[2]; IO mode=ap_memory:ce=0
Port [ void_pooling2d_cl_stream_stream_array_ap_fixed_18u_0_line_buffer_8]:  wired=0; compound=1; hidden=1; nouse=1; global=1; static=1; extern=0; dir=3; type=1; pingpong=0; private_global=0; MemPort=[2]; IO mode=ap_memory:ce=0
Port [ void_pooling2d_cl_stream_stream_array_ap_fixed_18u_0_line_buffer_7]:  wired=0; compound=1; hidden=1; nouse=1; global=1; static=1; extern=0; dir=3; type=1; pingpong=0; private_global=0; MemPort=[2]; IO mode=ap_memory:ce=0
Port [ void_pooling2d_cl_stream_stream_array_ap_fixed_18u_0_line_buffer_6]:  wired=0; compound=1; hidden=1; nouse=1; global=1; static=1; extern=0; dir=3; type=1; pingpong=0; private_global=0; MemPort=[2]; IO mode=ap_memory:ce=0
Port [ void_pooling2d_cl_stream_stream_array_ap_fixed_18u_0_line_buffer_5]:  wired=0; compound=1; hidden=1; nouse=1; global=1; static=1; extern=0; dir=3; type=1; pingpong=0; private_global=0; MemPort=[2]; IO mode=ap_memory:ce=0
Port [ void_pooling2d_cl_stream_stream_array_ap_fixed_18u_0_line_buffer_4]:  wired=0; compound=1; hidden=1; nouse=1; global=1; static=1; extern=0; dir=3; type=1; pingpong=0; private_global=0; MemPort=[2]; IO mode=ap_memory:ce=0
Port [ void_pooling2d_cl_stream_stream_array_ap_fixed_18u_0_line_buffer_3]:  wired=0; compound=1; hidden=1; nouse=1; global=1; static=1; extern=0; dir=3; type=1; pingpong=0; private_global=0; MemPort=[2]; IO mode=ap_memory:ce=0
Port [ void_pooling2d_cl_stream_stream_array_ap_fixed_18u_0_line_buffer_2]:  wired=0; compound=1; hidden=1; nouse=1; global=1; static=1; extern=0; dir=3; type=1; pingpong=0; private_global=0; MemPort=[2]; IO mode=ap_memory:ce=0
Port [ void_pooling2d_cl_stream_stream_array_ap_fixed_18u_0_line_buffer_1]:  wired=0; compound=1; hidden=1; nouse=1; global=1; static=1; extern=0; dir=3; type=1; pingpong=0; private_global=0; MemPort=[2]; IO mode=ap_memory:ce=0
Port [ void_pooling2d_cl_stream_stream_array_ap_fixed_18u_0_line_buffer]:  wired=0; compound=1; hidden=1; nouse=1; global=1; static=1; extern=0; dir=3; type=1; pingpong=0; private_global=0; MemPort=[2]; IO mode=ap_memory:ce=0
Port [ p_ZZN4nnet12pooling2d_clINS_5arrayI8ap_fixedILi20ELi10EL9ap_q_mode5EL9ap_o_mode3E_7]:  wired=0; compound=1; hidden=1; nouse=1; global=1; static=1; extern=0; dir=3; type=1; pingpong=0; private_global=0; MemPort=[2]; IO mode=ap_memory:ce=0
Port [ p_ZZN4nnet12pooling2d_clINS_5arrayI8ap_fixedILi20ELi10EL9ap_q_mode5EL9ap_o_mode3E_6]:  wired=0; compound=1; hidden=1; nouse=1; global=1; static=1; extern=0; dir=3; type=1; pingpong=0; private_global=0; MemPort=[2]; IO mode=ap_memory:ce=0
Port [ p_ZZN4nnet12pooling2d_clINS_5arrayI8ap_fixedILi20ELi10EL9ap_q_mode5EL9ap_o_mode3E_5]:  wired=0; compound=1; hidden=1; nouse=1; global=1; static=1; extern=0; dir=3; type=1; pingpong=0; private_global=0; MemPort=[2]; IO mode=ap_memory:ce=0
Port [ p_ZZN4nnet12pooling2d_clINS_5arrayI8ap_fixedILi20ELi10EL9ap_q_mode5EL9ap_o_mode3E_4]:  wired=0; compound=1; hidden=1; nouse=1; global=1; static=1; extern=0; dir=3; type=1; pingpong=0; private_global=0; MemPort=[2]; IO mode=ap_memory:ce=0
Port [ p_ZZN4nnet12pooling2d_clINS_5arrayI8ap_fixedILi20ELi10EL9ap_q_mode5EL9ap_o_mode3E_3]:  wired=0; compound=1; hidden=1; nouse=1; global=1; static=1; extern=0; dir=3; type=1; pingpong=0; private_global=0; MemPort=[2]; IO mode=ap_memory:ce=0
Port [ p_ZZN4nnet12pooling2d_clINS_5arrayI8ap_fixedILi20ELi10EL9ap_q_mode5EL9ap_o_mode3E_2]:  wired=0; compound=1; hidden=1; nouse=1; global=1; static=1; extern=0; dir=3; type=1; pingpong=0; private_global=0; MemPort=[2]; IO mode=ap_memory:ce=0
Port [ p_ZZN4nnet12pooling2d_clINS_5arrayI8ap_fixedILi20ELi10EL9ap_q_mode5EL9ap_o_mode3E_1]:  wired=0; compound=1; hidden=1; nouse=1; global=1; static=1; extern=0; dir=3; type=1; pingpong=0; private_global=0; MemPort=[2]; IO mode=ap_memory:ce=0
Port [ p_ZZN4nnet12pooling2d_clINS_5arrayI8ap_fixedILi20ELi10EL9ap_q_mode5EL9ap_o_mode3E]:  wired=0; compound=1; hidden=1; nouse=1; global=1; static=1; extern=0; dir=3; type=1; pingpong=0; private_global=0; MemPort=[2]; IO mode=ap_memory:ce=0
Port [ outidx]:  wired=0; compound=1; hidden=1; nouse=1; global=1; static=1; extern=0; dir=0; type=1; pingpong=0; private_global=0; MemPort=[1]; IO mode=ap_memory:ce=0
Port [ w12]:  wired=0; compound=1; hidden=1; nouse=1; global=1; static=1; extern=0; dir=0; type=1; pingpong=0; private_global=0; MemPort=[1]; IO mode=ap_memory:ce=0
---------------- STG Properties END ------------------

---------------- Datapath Model BEGIN ----------------

<LifeTime>
<method=bitvector/>
local_output              (alloca              ) [ 001111111111111111111111111]
layer13_out               (alloca              ) [ 001111111111111111111111111]
layer2_out                (alloca              ) [ 001111111111111111111111111]
layer3_out                (alloca              ) [ 001111111111111111111111111]
layer4_out                (alloca              ) [ 001111111111111111111111111]
layer5_out                (alloca              ) [ 001111111111111111111111111]
layer14_out               (alloca              ) [ 001111111111111111111111111]
layer6_out                (alloca              ) [ 001111111111111111111111111]
layer7_out                (alloca              ) [ 001111111111111111111111111]
layer8_out                (alloca              ) [ 001111111111111111111111111]
layer9_out                (alloca              ) [ 001111111111111111111111111]
call_ln75                 (call                ) [ 000000000000000000000000000]
call_ln77                 (call                ) [ 000000000000000000000000000]
call_ln79                 (call                ) [ 000000000000000000000000000]
call_ln81                 (call                ) [ 000000000000000000000000000]
call_ln83                 (call                ) [ 000000000000000000000000000]
call_ln85                 (call                ) [ 000000000000000000000000000]
call_ln87                 (call                ) [ 000000000000000000000000000]
call_ln89                 (call                ) [ 000000000000000000000000000]
call_ln91                 (call                ) [ 000000000000000000000000000]
call_ln93                 (call                ) [ 000000000000000000000000000]
call_ln95                 (call                ) [ 000000000000000000000000000]
call_ln0                  (call                ) [ 000000000000000000000000000]
specdataflowpipeline_ln17 (specdataflowpipeline) [ 000000000000000000000000000]
spectopmodule_ln8         (spectopmodule       ) [ 000000000000000000000000000]
specinterface_ln0         (specinterface       ) [ 000000000000000000000000000]
specbitsmap_ln0           (specbitsmap         ) [ 000000000000000000000000000]
specinterface_ln0         (specinterface       ) [ 000000000000000000000000000]
specbitsmap_ln0           (specbitsmap         ) [ 000000000000000000000000000]
specbitsmap_ln0           (specbitsmap         ) [ 000000000000000000000000000]
specbitsmap_ln0           (specbitsmap         ) [ 000000000000000000000000000]
specbitsmap_ln0           (specbitsmap         ) [ 000000000000000000000000000]
specinterface_ln0         (specinterface       ) [ 000000000000000000000000000]
empty                     (specchannel         ) [ 000000000000000000000000000]
specinterface_ln0         (specinterface       ) [ 000000000000000000000000000]
empty_107                 (specchannel         ) [ 000000000000000000000000000]
specinterface_ln0         (specinterface       ) [ 000000000000000000000000000]
empty_108                 (specchannel         ) [ 000000000000000000000000000]
specinterface_ln0         (specinterface       ) [ 000000000000000000000000000]
empty_109                 (specchannel         ) [ 000000000000000000000000000]
specinterface_ln0         (specinterface       ) [ 000000000000000000000000000]
empty_110                 (specchannel         ) [ 000000000000000000000000000]
specinterface_ln0         (specinterface       ) [ 000000000000000000000000000]
empty_111                 (specchannel         ) [ 000000000000000000000000000]
specinterface_ln0         (specinterface       ) [ 000000000000000000000000000]
empty_112                 (specchannel         ) [ 000000000000000000000000000]
specinterface_ln0         (specinterface       ) [ 000000000000000000000000000]
empty_113                 (specchannel         ) [ 000000000000000000000000000]
specinterface_ln0         (specinterface       ) [ 000000000000000000000000000]
empty_114                 (specchannel         ) [ 000000000000000000000000000]
specinterface_ln0         (specinterface       ) [ 000000000000000000000000000]
empty_115                 (specchannel         ) [ 000000000000000000000000000]
specinterface_ln0         (specinterface       ) [ 000000000000000000000000000]
empty_116                 (specchannel         ) [ 000000000000000000000000000]
specinterface_ln0         (specinterface       ) [ 000000000000000000000000000]
specmemcore_ln77          (specmemcore         ) [ 000000000000000000000000000]
specmemcore_ln87          (specmemcore         ) [ 000000000000000000000000000]
specmemcore_ln95          (specmemcore         ) [ 000000000000000000000000000]
specaxissidechannel_ln117 (specaxissidechannel ) [ 000000000000000000000000000]
ret_ln117                 (ret                 ) [ 000000000000000000000000000]
</LifeTime>

<model>

<comp_list>
<comp id="0" class="1000" name="mfcc_input">
<pin_list>
<pin id="1" dir="1" index="0" bw="1" slack="0"/>
</pin_list>
<bind>
<StgValue><ssdm name="mfcc_input"/></StgValue>
</bind>
</comp>

<comp id="2" class="1000" name="layer12_out_V_data_V">
<pin_list>
<pin id="3" dir="1" index="0" bw="1" slack="0"/>
</pin_list>
<bind>
<StgValue><ssdm name="layer12_out_V_data_V"/></StgValue>
</bind>
</comp>

<comp id="4" class="1000" name="layer12_out_V_keep_V">
<pin_list>
<pin id="5" dir="1" index="0" bw="1" slack="0"/>
</pin_list>
<bind>
<StgValue><ssdm name="layer12_out_V_keep_V"/></StgValue>
</bind>
</comp>

<comp id="6" class="1000" name="layer12_out_V_strb_V">
<pin_list>
<pin id="7" dir="1" index="0" bw="1" slack="0"/>
</pin_list>
<bind>
<StgValue><ssdm name="layer12_out_V_strb_V"/></StgValue>
</bind>
</comp>

<comp id="8" class="1000" name="layer12_out_V_last_V">
<pin_list>
<pin id="9" dir="1" index="0" bw="1" slack="0"/>
</pin_list>
<bind>
<StgValue><ssdm name="layer12_out_V_last_V"/></StgValue>
</bind>
</comp>

<comp id="10" class="1000" name="void_compute_output_buffer_2d_array_const_ap_shift_reg_n_chan_stream_weig_7">
<pin_list>
<pin id="11" dir="1" index="0" bw="1" slack="0"/>
</pin_list>
<bind>
<StgValue><ssdm name="void_compute_output_buffer_2d_array_const_ap_shift_reg_n_chan_stream_weig_7"/></StgValue>
</bind>
</comp>

<comp id="12" class="1000" name="void_compute_output_buffer_2d_array_const_ap_shift_reg_n_chan_stream_weig_8">
<pin_list>
<pin id="13" dir="1" index="0" bw="1" slack="0"/>
</pin_list>
<bind>
<StgValue><ssdm name="void_compute_output_buffer_2d_array_const_ap_shift_reg_n_chan_stream_weig_8"/></StgValue>
</bind>
</comp>

<comp id="14" class="1000" name="void_compute_output_buffer_2d_array_const_ap_shift_reg_n_chan_stream_weig_4">
<pin_list>
<pin id="15" dir="1" index="0" bw="1" slack="0"/>
</pin_list>
<bind>
<StgValue><ssdm name="void_compute_output_buffer_2d_array_const_ap_shift_reg_n_chan_stream_weig_4"/></StgValue>
</bind>
</comp>

<comp id="16" class="1000" name="void_compute_output_buffer_2d_array_const_ap_shift_reg_n_chan_stream_weig_5">
<pin_list>
<pin id="17" dir="1" index="0" bw="1" slack="0"/>
</pin_list>
<bind>
<StgValue><ssdm name="void_compute_output_buffer_2d_array_const_ap_shift_reg_n_chan_stream_weig_5"/></StgValue>
</bind>
</comp>

<comp id="18" class="1000" name="void_compute_output_buffer_2d_array_const_ap_shift_reg_n_chan_stream_weig_1">
<pin_list>
<pin id="19" dir="1" index="0" bw="1" slack="0"/>
</pin_list>
<bind>
<StgValue><ssdm name="void_compute_output_buffer_2d_array_const_ap_shift_reg_n_chan_stream_weig_1"/></StgValue>
</bind>
</comp>

<comp id="20" class="1000" name="void_compute_output_buffer_2d_array_const_ap_shift_reg_n_chan_stream_weig_2">
<pin_list>
<pin id="21" dir="1" index="0" bw="1" slack="0"/>
</pin_list>
<bind>
<StgValue><ssdm name="void_compute_output_buffer_2d_array_const_ap_shift_reg_n_chan_stream_weig_2"/></StgValue>
</bind>
</comp>

<comp id="22" class="1000" name="void_compute_output_buffer_2d_array_const_ap_shift_reg_n_chan_stream_weig_6">
<pin_list>
<pin id="23" dir="1" index="0" bw="1" slack="0"/>
</pin_list>
<bind>
<StgValue><ssdm name="void_compute_output_buffer_2d_array_const_ap_shift_reg_n_chan_stream_weig_6"/></StgValue>
</bind>
</comp>

<comp id="24" class="1000" name="void_compute_output_buffer_2d_array_const_ap_shift_reg_n_chan_stream_weig_3">
<pin_list>
<pin id="25" dir="1" index="0" bw="1" slack="0"/>
</pin_list>
<bind>
<StgValue><ssdm name="void_compute_output_buffer_2d_array_const_ap_shift_reg_n_chan_stream_weig_3"/></StgValue>
</bind>
</comp>

<comp id="26" class="1000" name="void_compute_output_buffer_2d_array_const_ap_shift_reg_n_chan_stream_weig">
<pin_list>
<pin id="27" dir="1" index="0" bw="1" slack="0"/>
</pin_list>
<bind>
<StgValue><ssdm name="void_compute_output_buffer_2d_array_const_ap_shift_reg_n_chan_stream_weig"/></StgValue>
</bind>
</comp>

<comp id="28" class="1000" name="void_conv_2d_buffer_resource_cl_stream_stream_weight_t_bias_t_line_buffer_1">
<pin_list>
<pin id="29" dir="1" index="0" bw="1" slack="0"/>
</pin_list>
<bind>
<StgValue><ssdm name="void_conv_2d_buffer_resource_cl_stream_stream_weight_t_bias_t_line_buffer_1"/><MemPortTyVec>2 </MemPortTyVec>
</StgValue>
</bind>
</comp>

<comp id="30" class="1000" name="void_conv_2d_buffer_resource_cl_stream_stream_weight_t_bias_t_line_buffer">
<pin_list>
<pin id="31" dir="1" index="0" bw="1" slack="0"/>
</pin_list>
<bind>
<StgValue><ssdm name="void_conv_2d_buffer_resource_cl_stream_stream_weight_t_bias_t_line_buffer"/><MemPortTyVec>2 </MemPortTyVec>
</StgValue>
</bind>
</comp>

<comp id="32" class="1000" name="sX_2">
<pin_list>
<pin id="33" dir="1" index="0" bw="1" slack="0"/>
</pin_list>
<bind>
<StgValue><ssdm name="sX_2"/></StgValue>
</bind>
</comp>

<comp id="34" class="1000" name="sY_2">
<pin_list>
<pin id="35" dir="1" index="0" bw="1" slack="0"/>
</pin_list>
<bind>
<StgValue><ssdm name="sY_2"/></StgValue>
</bind>
</comp>

<comp id="36" class="1000" name="pY_2">
<pin_list>
<pin id="37" dir="1" index="0" bw="1" slack="0"/>
</pin_list>
<bind>
<StgValue><ssdm name="pY_2"/></StgValue>
</bind>
</comp>

<comp id="38" class="1000" name="pX_2">
<pin_list>
<pin id="39" dir="1" index="0" bw="1" slack="0"/>
</pin_list>
<bind>
<StgValue><ssdm name="pX_2"/></StgValue>
</bind>
</comp>

<comp id="40" class="1000" name="outidx_63">
<pin_list>
<pin id="41" dir="1" index="0" bw="1" slack="0"/>
</pin_list>
<bind>
<StgValue><ssdm name="outidx_63"/><MemPortTyVec>1 </MemPortTyVec>
</StgValue>
</bind>
</comp>

<comp id="42" class="1000" name="w2">
<pin_list>
<pin id="43" dir="1" index="0" bw="1" slack="0"/>
</pin_list>
<bind>
<StgValue><ssdm name="w2"/><MemPortTyVec>1 </MemPortTyVec>
</StgValue>
</bind>
</comp>

<comp id="44" class="1000" name="sY_1">
<pin_list>
<pin id="45" dir="1" index="0" bw="1" slack="0"/>
</pin_list>
<bind>
<StgValue><ssdm name="sY_1"/></StgValue>
</bind>
</comp>

<comp id="46" class="1000" name="pY_1">
<pin_list>
<pin id="47" dir="1" index="0" bw="1" slack="0"/>
</pin_list>
<bind>
<StgValue><ssdm name="pY_1"/></StgValue>
</bind>
</comp>

<comp id="48" class="1000" name="void_compute_pool_buffer_2d_array_const_ap_shift_reg_n_filt_stream_kernel_19">
<pin_list>
<pin id="49" dir="1" index="0" bw="1" slack="0"/>
</pin_list>
<bind>
<StgValue><ssdm name="void_compute_pool_buffer_2d_array_const_ap_shift_reg_n_filt_stream_kernel_19"/></StgValue>
</bind>
</comp>

<comp id="50" class="1000" name="p_ZZN4nnet22compute_pool_buffer_2dINS_5arrayI8ap_fixedILi20ELi10EL9ap_q_mode5EL9a_209">
<pin_list>
<pin id="51" dir="1" index="0" bw="1" slack="0"/>
</pin_list>
<bind>
<StgValue><ssdm name="p_ZZN4nnet22compute_pool_buffer_2dINS_5arrayI8ap_fixedILi20ELi10EL9ap_q_mode5EL9a_209"/></StgValue>
</bind>
</comp>

<comp id="52" class="1000" name="p_ZZN4nnet22compute_pool_buffer_2dINS_5arrayI8ap_fixedILi20ELi10EL9ap_q_mode5EL9a_221">
<pin_list>
<pin id="53" dir="1" index="0" bw="1" slack="0"/>
</pin_list>
<bind>
<StgValue><ssdm name="p_ZZN4nnet22compute_pool_buffer_2dINS_5arrayI8ap_fixedILi20ELi10EL9ap_q_mode5EL9a_221"/></StgValue>
</bind>
</comp>

<comp id="54" class="1000" name="p_ZZN4nnet22compute_pool_buffer_2dINS_5arrayI8ap_fixedILi20ELi10EL9ap_q_mode5EL9a_233">
<pin_list>
<pin id="55" dir="1" index="0" bw="1" slack="0"/>
</pin_list>
<bind>
<StgValue><ssdm name="p_ZZN4nnet22compute_pool_buffer_2dINS_5arrayI8ap_fixedILi20ELi10EL9ap_q_mode5EL9a_233"/></StgValue>
</bind>
</comp>

<comp id="56" class="1000" name="void_compute_pool_buffer_2d_array_const_ap_shift_reg_n_filt_stream_kernel_18">
<pin_list>
<pin id="57" dir="1" index="0" bw="1" slack="0"/>
</pin_list>
<bind>
<StgValue><ssdm name="void_compute_pool_buffer_2d_array_const_ap_shift_reg_n_filt_stream_kernel_18"/></StgValue>
</bind>
</comp>

<comp id="58" class="1000" name="p_ZZN4nnet22compute_pool_buffer_2dINS_5arrayI8ap_fixedILi20ELi10EL9ap_q_mode5EL9a_210">
<pin_list>
<pin id="59" dir="1" index="0" bw="1" slack="0"/>
</pin_list>
<bind>
<StgValue><ssdm name="p_ZZN4nnet22compute_pool_buffer_2dINS_5arrayI8ap_fixedILi20ELi10EL9ap_q_mode5EL9a_210"/></StgValue>
</bind>
</comp>

<comp id="60" class="1000" name="p_ZZN4nnet22compute_pool_buffer_2dINS_5arrayI8ap_fixedILi20ELi10EL9ap_q_mode5EL9a_222">
<pin_list>
<pin id="61" dir="1" index="0" bw="1" slack="0"/>
</pin_list>
<bind>
<StgValue><ssdm name="p_ZZN4nnet22compute_pool_buffer_2dINS_5arrayI8ap_fixedILi20ELi10EL9ap_q_mode5EL9a_222"/></StgValue>
</bind>
</comp>

<comp id="62" class="1000" name="p_ZZN4nnet22compute_pool_buffer_2dINS_5arrayI8ap_fixedILi20ELi10EL9ap_q_mode5EL9a_234">
<pin_list>
<pin id="63" dir="1" index="0" bw="1" slack="0"/>
</pin_list>
<bind>
<StgValue><ssdm name="p_ZZN4nnet22compute_pool_buffer_2dINS_5arrayI8ap_fixedILi20ELi10EL9ap_q_mode5EL9a_234"/></StgValue>
</bind>
</comp>

<comp id="64" class="1000" name="void_compute_pool_buffer_2d_array_const_ap_shift_reg_n_filt_stream_kernel_17">
<pin_list>
<pin id="65" dir="1" index="0" bw="1" slack="0"/>
</pin_list>
<bind>
<StgValue><ssdm name="void_compute_pool_buffer_2d_array_const_ap_shift_reg_n_filt_stream_kernel_17"/></StgValue>
</bind>
</comp>

<comp id="66" class="1000" name="p_ZZN4nnet22compute_pool_buffer_2dINS_5arrayI8ap_fixedILi20ELi10EL9ap_q_mode5EL9a_211">
<pin_list>
<pin id="67" dir="1" index="0" bw="1" slack="0"/>
</pin_list>
<bind>
<StgValue><ssdm name="p_ZZN4nnet22compute_pool_buffer_2dINS_5arrayI8ap_fixedILi20ELi10EL9ap_q_mode5EL9a_211"/></StgValue>
</bind>
</comp>

<comp id="68" class="1000" name="p_ZZN4nnet22compute_pool_buffer_2dINS_5arrayI8ap_fixedILi20ELi10EL9ap_q_mode5EL9a_223">
<pin_list>
<pin id="69" dir="1" index="0" bw="1" slack="0"/>
</pin_list>
<bind>
<StgValue><ssdm name="p_ZZN4nnet22compute_pool_buffer_2dINS_5arrayI8ap_fixedILi20ELi10EL9ap_q_mode5EL9a_223"/></StgValue>
</bind>
</comp>

<comp id="70" class="1000" name="p_ZZN4nnet22compute_pool_buffer_2dINS_5arrayI8ap_fixedILi20ELi10EL9ap_q_mode5EL9a_235">
<pin_list>
<pin id="71" dir="1" index="0" bw="1" slack="0"/>
</pin_list>
<bind>
<StgValue><ssdm name="p_ZZN4nnet22compute_pool_buffer_2dINS_5arrayI8ap_fixedILi20ELi10EL9ap_q_mode5EL9a_235"/></StgValue>
</bind>
</comp>

<comp id="72" class="1000" name="void_compute_pool_buffer_2d_array_const_ap_shift_reg_n_filt_stream_kernel_16">
<pin_list>
<pin id="73" dir="1" index="0" bw="1" slack="0"/>
</pin_list>
<bind>
<StgValue><ssdm name="void_compute_pool_buffer_2d_array_const_ap_shift_reg_n_filt_stream_kernel_16"/></StgValue>
</bind>
</comp>

<comp id="74" class="1000" name="p_ZZN4nnet22compute_pool_buffer_2dINS_5arrayI8ap_fixedILi20ELi10EL9ap_q_mode5EL9a_212">
<pin_list>
<pin id="75" dir="1" index="0" bw="1" slack="0"/>
</pin_list>
<bind>
<StgValue><ssdm name="p_ZZN4nnet22compute_pool_buffer_2dINS_5arrayI8ap_fixedILi20ELi10EL9ap_q_mode5EL9a_212"/></StgValue>
</bind>
</comp>

<comp id="76" class="1000" name="p_ZZN4nnet22compute_pool_buffer_2dINS_5arrayI8ap_fixedILi20ELi10EL9ap_q_mode5EL9a_224">
<pin_list>
<pin id="77" dir="1" index="0" bw="1" slack="0"/>
</pin_list>
<bind>
<StgValue><ssdm name="p_ZZN4nnet22compute_pool_buffer_2dINS_5arrayI8ap_fixedILi20ELi10EL9ap_q_mode5EL9a_224"/></StgValue>
</bind>
</comp>

<comp id="78" class="1000" name="p_ZZN4nnet22compute_pool_buffer_2dINS_5arrayI8ap_fixedILi20ELi10EL9ap_q_mode5EL9a_236">
<pin_list>
<pin id="79" dir="1" index="0" bw="1" slack="0"/>
</pin_list>
<bind>
<StgValue><ssdm name="p_ZZN4nnet22compute_pool_buffer_2dINS_5arrayI8ap_fixedILi20ELi10EL9ap_q_mode5EL9a_236"/></StgValue>
</bind>
</comp>

<comp id="80" class="1000" name="void_compute_pool_buffer_2d_array_const_ap_shift_reg_n_filt_stream_kernel_15">
<pin_list>
<pin id="81" dir="1" index="0" bw="1" slack="0"/>
</pin_list>
<bind>
<StgValue><ssdm name="void_compute_pool_buffer_2d_array_const_ap_shift_reg_n_filt_stream_kernel_15"/></StgValue>
</bind>
</comp>

<comp id="82" class="1000" name="p_ZZN4nnet22compute_pool_buffer_2dINS_5arrayI8ap_fixedILi20ELi10EL9ap_q_mode5EL9a_213">
<pin_list>
<pin id="83" dir="1" index="0" bw="1" slack="0"/>
</pin_list>
<bind>
<StgValue><ssdm name="p_ZZN4nnet22compute_pool_buffer_2dINS_5arrayI8ap_fixedILi20ELi10EL9ap_q_mode5EL9a_213"/></StgValue>
</bind>
</comp>

<comp id="84" class="1000" name="p_ZZN4nnet22compute_pool_buffer_2dINS_5arrayI8ap_fixedILi20ELi10EL9ap_q_mode5EL9a_225">
<pin_list>
<pin id="85" dir="1" index="0" bw="1" slack="0"/>
</pin_list>
<bind>
<StgValue><ssdm name="p_ZZN4nnet22compute_pool_buffer_2dINS_5arrayI8ap_fixedILi20ELi10EL9ap_q_mode5EL9a_225"/></StgValue>
</bind>
</comp>

<comp id="86" class="1000" name="p_ZZN4nnet22compute_pool_buffer_2dINS_5arrayI8ap_fixedILi20ELi10EL9ap_q_mode5EL9a_237">
<pin_list>
<pin id="87" dir="1" index="0" bw="1" slack="0"/>
</pin_list>
<bind>
<StgValue><ssdm name="p_ZZN4nnet22compute_pool_buffer_2dINS_5arrayI8ap_fixedILi20ELi10EL9ap_q_mode5EL9a_237"/></StgValue>
</bind>
</comp>

<comp id="88" class="1000" name="void_compute_pool_buffer_2d_array_const_ap_shift_reg_n_filt_stream_kernel_14">
<pin_list>
<pin id="89" dir="1" index="0" bw="1" slack="0"/>
</pin_list>
<bind>
<StgValue><ssdm name="void_compute_pool_buffer_2d_array_const_ap_shift_reg_n_filt_stream_kernel_14"/></StgValue>
</bind>
</comp>

<comp id="90" class="1000" name="p_ZZN4nnet22compute_pool_buffer_2dINS_5arrayI8ap_fixedILi20ELi10EL9ap_q_mode5EL9a_214">
<pin_list>
<pin id="91" dir="1" index="0" bw="1" slack="0"/>
</pin_list>
<bind>
<StgValue><ssdm name="p_ZZN4nnet22compute_pool_buffer_2dINS_5arrayI8ap_fixedILi20ELi10EL9ap_q_mode5EL9a_214"/></StgValue>
</bind>
</comp>

<comp id="92" class="1000" name="p_ZZN4nnet22compute_pool_buffer_2dINS_5arrayI8ap_fixedILi20ELi10EL9ap_q_mode5EL9a_226">
<pin_list>
<pin id="93" dir="1" index="0" bw="1" slack="0"/>
</pin_list>
<bind>
<StgValue><ssdm name="p_ZZN4nnet22compute_pool_buffer_2dINS_5arrayI8ap_fixedILi20ELi10EL9ap_q_mode5EL9a_226"/></StgValue>
</bind>
</comp>

<comp id="94" class="1000" name="p_ZZN4nnet22compute_pool_buffer_2dINS_5arrayI8ap_fixedILi20ELi10EL9ap_q_mode5EL9a_238">
<pin_list>
<pin id="95" dir="1" index="0" bw="1" slack="0"/>
</pin_list>
<bind>
<StgValue><ssdm name="p_ZZN4nnet22compute_pool_buffer_2dINS_5arrayI8ap_fixedILi20ELi10EL9ap_q_mode5EL9a_238"/></StgValue>
</bind>
</comp>

<comp id="96" class="1000" name="void_compute_pool_buffer_2d_array_const_ap_shift_reg_n_filt_stream_kernel_13">
<pin_list>
<pin id="97" dir="1" index="0" bw="1" slack="0"/>
</pin_list>
<bind>
<StgValue><ssdm name="void_compute_pool_buffer_2d_array_const_ap_shift_reg_n_filt_stream_kernel_13"/></StgValue>
</bind>
</comp>

<comp id="98" class="1000" name="p_ZZN4nnet22compute_pool_buffer_2dINS_5arrayI8ap_fixedILi20ELi10EL9ap_q_mode5EL9a_215">
<pin_list>
<pin id="99" dir="1" index="0" bw="1" slack="0"/>
</pin_list>
<bind>
<StgValue><ssdm name="p_ZZN4nnet22compute_pool_buffer_2dINS_5arrayI8ap_fixedILi20ELi10EL9ap_q_mode5EL9a_215"/></StgValue>
</bind>
</comp>

<comp id="100" class="1000" name="p_ZZN4nnet22compute_pool_buffer_2dINS_5arrayI8ap_fixedILi20ELi10EL9ap_q_mode5EL9a_227">
<pin_list>
<pin id="101" dir="1" index="0" bw="1" slack="0"/>
</pin_list>
<bind>
<StgValue><ssdm name="p_ZZN4nnet22compute_pool_buffer_2dINS_5arrayI8ap_fixedILi20ELi10EL9ap_q_mode5EL9a_227"/></StgValue>
</bind>
</comp>

<comp id="102" class="1000" name="p_ZZN4nnet22compute_pool_buffer_2dINS_5arrayI8ap_fixedILi20ELi10EL9ap_q_mode5EL9a_239">
<pin_list>
<pin id="103" dir="1" index="0" bw="1" slack="0"/>
</pin_list>
<bind>
<StgValue><ssdm name="p_ZZN4nnet22compute_pool_buffer_2dINS_5arrayI8ap_fixedILi20ELi10EL9ap_q_mode5EL9a_239"/></StgValue>
</bind>
</comp>

<comp id="104" class="1000" name="void_compute_pool_buffer_2d_array_const_ap_shift_reg_n_filt_stream_kernel_12">
<pin_list>
<pin id="105" dir="1" index="0" bw="1" slack="0"/>
</pin_list>
<bind>
<StgValue><ssdm name="void_compute_pool_buffer_2d_array_const_ap_shift_reg_n_filt_stream_kernel_12"/></StgValue>
</bind>
</comp>

<comp id="106" class="1000" name="p_ZZN4nnet22compute_pool_buffer_2dINS_5arrayI8ap_fixedILi20ELi10EL9ap_q_mode5EL9a_216">
<pin_list>
<pin id="107" dir="1" index="0" bw="1" slack="0"/>
</pin_list>
<bind>
<StgValue><ssdm name="p_ZZN4nnet22compute_pool_buffer_2dINS_5arrayI8ap_fixedILi20ELi10EL9ap_q_mode5EL9a_216"/></StgValue>
</bind>
</comp>

<comp id="108" class="1000" name="p_ZZN4nnet22compute_pool_buffer_2dINS_5arrayI8ap_fixedILi20ELi10EL9ap_q_mode5EL9a_228">
<pin_list>
<pin id="109" dir="1" index="0" bw="1" slack="0"/>
</pin_list>
<bind>
<StgValue><ssdm name="p_ZZN4nnet22compute_pool_buffer_2dINS_5arrayI8ap_fixedILi20ELi10EL9ap_q_mode5EL9a_228"/></StgValue>
</bind>
</comp>

<comp id="110" class="1000" name="p_ZZN4nnet22compute_pool_buffer_2dINS_5arrayI8ap_fixedILi20ELi10EL9ap_q_mode5EL9a_240">
<pin_list>
<pin id="111" dir="1" index="0" bw="1" slack="0"/>
</pin_list>
<bind>
<StgValue><ssdm name="p_ZZN4nnet22compute_pool_buffer_2dINS_5arrayI8ap_fixedILi20ELi10EL9ap_q_mode5EL9a_240"/></StgValue>
</bind>
</comp>

<comp id="112" class="1000" name="void_compute_pool_buffer_2d_array_const_ap_shift_reg_n_filt_stream_kernel_11">
<pin_list>
<pin id="113" dir="1" index="0" bw="1" slack="0"/>
</pin_list>
<bind>
<StgValue><ssdm name="void_compute_pool_buffer_2d_array_const_ap_shift_reg_n_filt_stream_kernel_11"/></StgValue>
</bind>
</comp>

<comp id="114" class="1000" name="p_ZZN4nnet22compute_pool_buffer_2dINS_5arrayI8ap_fixedILi20ELi10EL9ap_q_mode5EL9a_217">
<pin_list>
<pin id="115" dir="1" index="0" bw="1" slack="0"/>
</pin_list>
<bind>
<StgValue><ssdm name="p_ZZN4nnet22compute_pool_buffer_2dINS_5arrayI8ap_fixedILi20ELi10EL9ap_q_mode5EL9a_217"/></StgValue>
</bind>
</comp>

<comp id="116" class="1000" name="p_ZZN4nnet22compute_pool_buffer_2dINS_5arrayI8ap_fixedILi20ELi10EL9ap_q_mode5EL9a_229">
<pin_list>
<pin id="117" dir="1" index="0" bw="1" slack="0"/>
</pin_list>
<bind>
<StgValue><ssdm name="p_ZZN4nnet22compute_pool_buffer_2dINS_5arrayI8ap_fixedILi20ELi10EL9ap_q_mode5EL9a_229"/></StgValue>
</bind>
</comp>

<comp id="118" class="1000" name="p_ZZN4nnet22compute_pool_buffer_2dINS_5arrayI8ap_fixedILi20ELi10EL9ap_q_mode5EL9a_241">
<pin_list>
<pin id="119" dir="1" index="0" bw="1" slack="0"/>
</pin_list>
<bind>
<StgValue><ssdm name="p_ZZN4nnet22compute_pool_buffer_2dINS_5arrayI8ap_fixedILi20ELi10EL9ap_q_mode5EL9a_241"/></StgValue>
</bind>
</comp>

<comp id="120" class="1000" name="void_compute_pool_buffer_2d_array_const_ap_shift_reg_n_filt_stream_kernel_10">
<pin_list>
<pin id="121" dir="1" index="0" bw="1" slack="0"/>
</pin_list>
<bind>
<StgValue><ssdm name="void_compute_pool_buffer_2d_array_const_ap_shift_reg_n_filt_stream_kernel_10"/></StgValue>
</bind>
</comp>

<comp id="122" class="1000" name="p_ZZN4nnet22compute_pool_buffer_2dINS_5arrayI8ap_fixedILi20ELi10EL9ap_q_mode5EL9a_218">
<pin_list>
<pin id="123" dir="1" index="0" bw="1" slack="0"/>
</pin_list>
<bind>
<StgValue><ssdm name="p_ZZN4nnet22compute_pool_buffer_2dINS_5arrayI8ap_fixedILi20ELi10EL9ap_q_mode5EL9a_218"/></StgValue>
</bind>
</comp>

<comp id="124" class="1000" name="p_ZZN4nnet22compute_pool_buffer_2dINS_5arrayI8ap_fixedILi20ELi10EL9ap_q_mode5EL9a_230">
<pin_list>
<pin id="125" dir="1" index="0" bw="1" slack="0"/>
</pin_list>
<bind>
<StgValue><ssdm name="p_ZZN4nnet22compute_pool_buffer_2dINS_5arrayI8ap_fixedILi20ELi10EL9ap_q_mode5EL9a_230"/></StgValue>
</bind>
</comp>

<comp id="126" class="1000" name="p_ZZN4nnet22compute_pool_buffer_2dINS_5arrayI8ap_fixedILi20ELi10EL9ap_q_mode5EL9a_242">
<pin_list>
<pin id="127" dir="1" index="0" bw="1" slack="0"/>
</pin_list>
<bind>
<StgValue><ssdm name="p_ZZN4nnet22compute_pool_buffer_2dINS_5arrayI8ap_fixedILi20ELi10EL9ap_q_mode5EL9a_242"/></StgValue>
</bind>
</comp>

<comp id="128" class="1000" name="p_ZZN4nnet22compute_pool_buffer_2dINS_5arrayI8ap_fixedILi20ELi10EL9ap_q_mode5EL9a_207">
<pin_list>
<pin id="129" dir="1" index="0" bw="1" slack="0"/>
</pin_list>
<bind>
<StgValue><ssdm name="p_ZZN4nnet22compute_pool_buffer_2dINS_5arrayI8ap_fixedILi20ELi10EL9ap_q_mode5EL9a_207"/></StgValue>
</bind>
</comp>

<comp id="130" class="1000" name="p_ZZN4nnet22compute_pool_buffer_2dINS_5arrayI8ap_fixedILi20ELi10EL9ap_q_mode5EL9a_219">
<pin_list>
<pin id="131" dir="1" index="0" bw="1" slack="0"/>
</pin_list>
<bind>
<StgValue><ssdm name="p_ZZN4nnet22compute_pool_buffer_2dINS_5arrayI8ap_fixedILi20ELi10EL9ap_q_mode5EL9a_219"/></StgValue>
</bind>
</comp>

<comp id="132" class="1000" name="p_ZZN4nnet22compute_pool_buffer_2dINS_5arrayI8ap_fixedILi20ELi10EL9ap_q_mode5EL9a_231">
<pin_list>
<pin id="133" dir="1" index="0" bw="1" slack="0"/>
</pin_list>
<bind>
<StgValue><ssdm name="p_ZZN4nnet22compute_pool_buffer_2dINS_5arrayI8ap_fixedILi20ELi10EL9ap_q_mode5EL9a_231"/></StgValue>
</bind>
</comp>

<comp id="134" class="1000" name="p_ZZN4nnet22compute_pool_buffer_2dINS_5arrayI8ap_fixedILi20ELi10EL9ap_q_mode5EL9a_243">
<pin_list>
<pin id="135" dir="1" index="0" bw="1" slack="0"/>
</pin_list>
<bind>
<StgValue><ssdm name="p_ZZN4nnet22compute_pool_buffer_2dINS_5arrayI8ap_fixedILi20ELi10EL9ap_q_mode5EL9a_243"/></StgValue>
</bind>
</comp>

<comp id="136" class="1000" name="p_ZZN4nnet22compute_pool_buffer_2dINS_5arrayI8ap_fixedILi20ELi10EL9ap_q_mode5EL9a_208">
<pin_list>
<pin id="137" dir="1" index="0" bw="1" slack="0"/>
</pin_list>
<bind>
<StgValue><ssdm name="p_ZZN4nnet22compute_pool_buffer_2dINS_5arrayI8ap_fixedILi20ELi10EL9ap_q_mode5EL9a_208"/></StgValue>
</bind>
</comp>

<comp id="138" class="1000" name="p_ZZN4nnet22compute_pool_buffer_2dINS_5arrayI8ap_fixedILi20ELi10EL9ap_q_mode5EL9a_220">
<pin_list>
<pin id="139" dir="1" index="0" bw="1" slack="0"/>
</pin_list>
<bind>
<StgValue><ssdm name="p_ZZN4nnet22compute_pool_buffer_2dINS_5arrayI8ap_fixedILi20ELi10EL9ap_q_mode5EL9a_220"/></StgValue>
</bind>
</comp>

<comp id="140" class="1000" name="p_ZZN4nnet22compute_pool_buffer_2dINS_5arrayI8ap_fixedILi20ELi10EL9ap_q_mode5EL9a_232">
<pin_list>
<pin id="141" dir="1" index="0" bw="1" slack="0"/>
</pin_list>
<bind>
<StgValue><ssdm name="p_ZZN4nnet22compute_pool_buffer_2dINS_5arrayI8ap_fixedILi20ELi10EL9ap_q_mode5EL9a_232"/></StgValue>
</bind>
</comp>

<comp id="142" class="1000" name="p_ZZN4nnet22compute_pool_buffer_2dINS_5arrayI8ap_fixedILi20ELi10EL9ap_q_mode5EL9a_244">
<pin_list>
<pin id="143" dir="1" index="0" bw="1" slack="0"/>
</pin_list>
<bind>
<StgValue><ssdm name="p_ZZN4nnet22compute_pool_buffer_2dINS_5arrayI8ap_fixedILi20ELi10EL9ap_q_mode5EL9a_244"/></StgValue>
</bind>
</comp>

<comp id="144" class="1000" name="pX_1">
<pin_list>
<pin id="145" dir="1" index="0" bw="1" slack="0"/>
</pin_list>
<bind>
<StgValue><ssdm name="pX_1"/></StgValue>
</bind>
</comp>

<comp id="146" class="1000" name="sX_1">
<pin_list>
<pin id="147" dir="1" index="0" bw="1" slack="0"/>
</pin_list>
<bind>
<StgValue><ssdm name="sX_1"/></StgValue>
</bind>
</comp>

<comp id="148" class="1000" name="void_pooling2d_cl_stream_stream_array_ap_fixed_12u_0_line_buffer_9">
<pin_list>
<pin id="149" dir="1" index="0" bw="1" slack="0"/>
</pin_list>
<bind>
<StgValue><ssdm name="void_pooling2d_cl_stream_stream_array_ap_fixed_12u_0_line_buffer_9"/><MemPortTyVec>2 </MemPortTyVec>
</StgValue>
</bind>
</comp>

<comp id="150" class="1000" name="void_pooling2d_cl_stream_stream_array_ap_fixed_12u_0_line_buffer_8">
<pin_list>
<pin id="151" dir="1" index="0" bw="1" slack="0"/>
</pin_list>
<bind>
<StgValue><ssdm name="void_pooling2d_cl_stream_stream_array_ap_fixed_12u_0_line_buffer_8"/><MemPortTyVec>2 </MemPortTyVec>
</StgValue>
</bind>
</comp>

<comp id="152" class="1000" name="void_pooling2d_cl_stream_stream_array_ap_fixed_12u_0_line_buffer_7">
<pin_list>
<pin id="153" dir="1" index="0" bw="1" slack="0"/>
</pin_list>
<bind>
<StgValue><ssdm name="void_pooling2d_cl_stream_stream_array_ap_fixed_12u_0_line_buffer_7"/><MemPortTyVec>2 </MemPortTyVec>
</StgValue>
</bind>
</comp>

<comp id="154" class="1000" name="void_pooling2d_cl_stream_stream_array_ap_fixed_12u_0_line_buffer_6">
<pin_list>
<pin id="155" dir="1" index="0" bw="1" slack="0"/>
</pin_list>
<bind>
<StgValue><ssdm name="void_pooling2d_cl_stream_stream_array_ap_fixed_12u_0_line_buffer_6"/><MemPortTyVec>2 </MemPortTyVec>
</StgValue>
</bind>
</comp>

<comp id="156" class="1000" name="void_pooling2d_cl_stream_stream_array_ap_fixed_12u_0_line_buffer_5">
<pin_list>
<pin id="157" dir="1" index="0" bw="1" slack="0"/>
</pin_list>
<bind>
<StgValue><ssdm name="void_pooling2d_cl_stream_stream_array_ap_fixed_12u_0_line_buffer_5"/><MemPortTyVec>2 </MemPortTyVec>
</StgValue>
</bind>
</comp>

<comp id="158" class="1000" name="void_pooling2d_cl_stream_stream_array_ap_fixed_12u_0_line_buffer_4">
<pin_list>
<pin id="159" dir="1" index="0" bw="1" slack="0"/>
</pin_list>
<bind>
<StgValue><ssdm name="void_pooling2d_cl_stream_stream_array_ap_fixed_12u_0_line_buffer_4"/><MemPortTyVec>2 </MemPortTyVec>
</StgValue>
</bind>
</comp>

<comp id="160" class="1000" name="void_pooling2d_cl_stream_stream_array_ap_fixed_12u_0_line_buffer_3">
<pin_list>
<pin id="161" dir="1" index="0" bw="1" slack="0"/>
</pin_list>
<bind>
<StgValue><ssdm name="void_pooling2d_cl_stream_stream_array_ap_fixed_12u_0_line_buffer_3"/><MemPortTyVec>2 </MemPortTyVec>
</StgValue>
</bind>
</comp>

<comp id="162" class="1000" name="void_pooling2d_cl_stream_stream_array_ap_fixed_12u_0_line_buffer_2">
<pin_list>
<pin id="163" dir="1" index="0" bw="1" slack="0"/>
</pin_list>
<bind>
<StgValue><ssdm name="void_pooling2d_cl_stream_stream_array_ap_fixed_12u_0_line_buffer_2"/><MemPortTyVec>2 </MemPortTyVec>
</StgValue>
</bind>
</comp>

<comp id="164" class="1000" name="void_pooling2d_cl_stream_stream_array_ap_fixed_12u_0_line_buffer_1">
<pin_list>
<pin id="165" dir="1" index="0" bw="1" slack="0"/>
</pin_list>
<bind>
<StgValue><ssdm name="void_pooling2d_cl_stream_stream_array_ap_fixed_12u_0_line_buffer_1"/><MemPortTyVec>2 </MemPortTyVec>
</StgValue>
</bind>
</comp>

<comp id="166" class="1000" name="void_pooling2d_cl_stream_stream_array_ap_fixed_12u_0_line_buffer">
<pin_list>
<pin id="167" dir="1" index="0" bw="1" slack="0"/>
</pin_list>
<bind>
<StgValue><ssdm name="void_pooling2d_cl_stream_stream_array_ap_fixed_12u_0_line_buffer"/><MemPortTyVec>2 </MemPortTyVec>
</StgValue>
</bind>
</comp>

<comp id="168" class="1000" name="p_ZZN4nnet12pooling2d_clINS_5arrayI8ap_fixedILi20ELi10EL9ap_q_mode5EL9ap_o_mode3E_9">
<pin_list>
<pin id="169" dir="1" index="0" bw="1" slack="0"/>
</pin_list>
<bind>
<StgValue><ssdm name="p_ZZN4nnet12pooling2d_clINS_5arrayI8ap_fixedILi20ELi10EL9ap_q_mode5EL9ap_o_mode3E_9"/><MemPortTyVec>2 </MemPortTyVec>
</StgValue>
</bind>
</comp>

<comp id="170" class="1000" name="p_ZZN4nnet12pooling2d_clINS_5arrayI8ap_fixedILi20ELi10EL9ap_q_mode5EL9ap_o_mode3E_8">
<pin_list>
<pin id="171" dir="1" index="0" bw="1" slack="0"/>
</pin_list>
<bind>
<StgValue><ssdm name="p_ZZN4nnet12pooling2d_clINS_5arrayI8ap_fixedILi20ELi10EL9ap_q_mode5EL9ap_o_mode3E_8"/><MemPortTyVec>2 </MemPortTyVec>
</StgValue>
</bind>
</comp>

<comp id="172" class="1000" name="p_ZZN4nnet24compute_output_buffer_2dINS_5arrayI8ap_fixedILi20ELi10EL9ap_q_mode5EL_87">
<pin_list>
<pin id="173" dir="1" index="0" bw="1" slack="0"/>
</pin_list>
<bind>
<StgValue><ssdm name="p_ZZN4nnet24compute_output_buffer_2dINS_5arrayI8ap_fixedILi20ELi10EL9ap_q_mode5EL_87"/></StgValue>
</bind>
</comp>

<comp id="174" class="1000" name="void_compute_output_buffer_2d_array_const_ap_shift_reg_n_chan_stream_weig_18">
<pin_list>
<pin id="175" dir="1" index="0" bw="1" slack="0"/>
</pin_list>
<bind>
<StgValue><ssdm name="void_compute_output_buffer_2d_array_const_ap_shift_reg_n_chan_stream_weig_18"/></StgValue>
</bind>
</comp>

<comp id="176" class="1000" name="p_ZZN4nnet24compute_output_buffer_2dINS_5arrayI8ap_fixedILi20ELi10EL9ap_q_mode5EL_86">
<pin_list>
<pin id="177" dir="1" index="0" bw="1" slack="0"/>
</pin_list>
<bind>
<StgValue><ssdm name="p_ZZN4nnet24compute_output_buffer_2dINS_5arrayI8ap_fixedILi20ELi10EL9ap_q_mode5EL_86"/></StgValue>
</bind>
</comp>

<comp id="178" class="1000" name="void_compute_output_buffer_2d_array_const_ap_shift_reg_n_chan_stream_weig_17">
<pin_list>
<pin id="179" dir="1" index="0" bw="1" slack="0"/>
</pin_list>
<bind>
<StgValue><ssdm name="void_compute_output_buffer_2d_array_const_ap_shift_reg_n_chan_stream_weig_17"/></StgValue>
</bind>
</comp>

<comp id="180" class="1000" name="p_ZZN4nnet24compute_output_buffer_2dINS_5arrayI8ap_fixedILi20ELi10EL9ap_q_mode5EL_85">
<pin_list>
<pin id="181" dir="1" index="0" bw="1" slack="0"/>
</pin_list>
<bind>
<StgValue><ssdm name="p_ZZN4nnet24compute_output_buffer_2dINS_5arrayI8ap_fixedILi20ELi10EL9ap_q_mode5EL_85"/></StgValue>
</bind>
</comp>

<comp id="182" class="1000" name="void_compute_output_buffer_2d_array_const_ap_shift_reg_n_chan_stream_weig_16">
<pin_list>
<pin id="183" dir="1" index="0" bw="1" slack="0"/>
</pin_list>
<bind>
<StgValue><ssdm name="void_compute_output_buffer_2d_array_const_ap_shift_reg_n_chan_stream_weig_16"/></StgValue>
</bind>
</comp>

<comp id="184" class="1000" name="p_ZZN4nnet24compute_output_buffer_2dINS_5arrayI8ap_fixedILi20ELi10EL9ap_q_mode5EL_84">
<pin_list>
<pin id="185" dir="1" index="0" bw="1" slack="0"/>
</pin_list>
<bind>
<StgValue><ssdm name="p_ZZN4nnet24compute_output_buffer_2dINS_5arrayI8ap_fixedILi20ELi10EL9ap_q_mode5EL_84"/></StgValue>
</bind>
</comp>

<comp id="186" class="1000" name="void_compute_output_buffer_2d_array_const_ap_shift_reg_n_chan_stream_weig_15">
<pin_list>
<pin id="187" dir="1" index="0" bw="1" slack="0"/>
</pin_list>
<bind>
<StgValue><ssdm name="void_compute_output_buffer_2d_array_const_ap_shift_reg_n_chan_stream_weig_15"/></StgValue>
</bind>
</comp>

<comp id="188" class="1000" name="p_ZZN4nnet24compute_output_buffer_2dINS_5arrayI8ap_fixedILi20ELi10EL9ap_q_mode5EL_83">
<pin_list>
<pin id="189" dir="1" index="0" bw="1" slack="0"/>
</pin_list>
<bind>
<StgValue><ssdm name="p_ZZN4nnet24compute_output_buffer_2dINS_5arrayI8ap_fixedILi20ELi10EL9ap_q_mode5EL_83"/></StgValue>
</bind>
</comp>

<comp id="190" class="1000" name="void_compute_output_buffer_2d_array_const_ap_shift_reg_n_chan_stream_weig_14">
<pin_list>
<pin id="191" dir="1" index="0" bw="1" slack="0"/>
</pin_list>
<bind>
<StgValue><ssdm name="void_compute_output_buffer_2d_array_const_ap_shift_reg_n_chan_stream_weig_14"/></StgValue>
</bind>
</comp>

<comp id="192" class="1000" name="p_ZZN4nnet24compute_output_buffer_2dINS_5arrayI8ap_fixedILi20ELi10EL9ap_q_mode5EL_82">
<pin_list>
<pin id="193" dir="1" index="0" bw="1" slack="0"/>
</pin_list>
<bind>
<StgValue><ssdm name="p_ZZN4nnet24compute_output_buffer_2dINS_5arrayI8ap_fixedILi20ELi10EL9ap_q_mode5EL_82"/></StgValue>
</bind>
</comp>

<comp id="194" class="1000" name="void_compute_output_buffer_2d_array_const_ap_shift_reg_n_chan_stream_weig_13">
<pin_list>
<pin id="195" dir="1" index="0" bw="1" slack="0"/>
</pin_list>
<bind>
<StgValue><ssdm name="void_compute_output_buffer_2d_array_const_ap_shift_reg_n_chan_stream_weig_13"/></StgValue>
</bind>
</comp>

<comp id="196" class="1000" name="p_ZZN4nnet24compute_output_buffer_2dINS_5arrayI8ap_fixedILi20ELi10EL9ap_q_mode5EL_81">
<pin_list>
<pin id="197" dir="1" index="0" bw="1" slack="0"/>
</pin_list>
<bind>
<StgValue><ssdm name="p_ZZN4nnet24compute_output_buffer_2dINS_5arrayI8ap_fixedILi20ELi10EL9ap_q_mode5EL_81"/></StgValue>
</bind>
</comp>

<comp id="198" class="1000" name="void_compute_output_buffer_2d_array_const_ap_shift_reg_n_chan_stream_weig_12">
<pin_list>
<pin id="199" dir="1" index="0" bw="1" slack="0"/>
</pin_list>
<bind>
<StgValue><ssdm name="void_compute_output_buffer_2d_array_const_ap_shift_reg_n_chan_stream_weig_12"/></StgValue>
</bind>
</comp>

<comp id="200" class="1000" name="p_ZZN4nnet24compute_output_buffer_2dINS_5arrayI8ap_fixedILi20ELi10EL9ap_q_mode5EL_80">
<pin_list>
<pin id="201" dir="1" index="0" bw="1" slack="0"/>
</pin_list>
<bind>
<StgValue><ssdm name="p_ZZN4nnet24compute_output_buffer_2dINS_5arrayI8ap_fixedILi20ELi10EL9ap_q_mode5EL_80"/></StgValue>
</bind>
</comp>

<comp id="202" class="1000" name="void_compute_output_buffer_2d_array_const_ap_shift_reg_n_chan_stream_weig_11">
<pin_list>
<pin id="203" dir="1" index="0" bw="1" slack="0"/>
</pin_list>
<bind>
<StgValue><ssdm name="void_compute_output_buffer_2d_array_const_ap_shift_reg_n_chan_stream_weig_11"/></StgValue>
</bind>
</comp>

<comp id="204" class="1000" name="p_ZZN4nnet24compute_output_buffer_2dINS_5arrayI8ap_fixedILi20ELi10EL9ap_q_mode5EL_79">
<pin_list>
<pin id="205" dir="1" index="0" bw="1" slack="0"/>
</pin_list>
<bind>
<StgValue><ssdm name="p_ZZN4nnet24compute_output_buffer_2dINS_5arrayI8ap_fixedILi20ELi10EL9ap_q_mode5EL_79"/></StgValue>
</bind>
</comp>

<comp id="206" class="1000" name="void_compute_output_buffer_2d_array_const_ap_shift_reg_n_chan_stream_weig_10">
<pin_list>
<pin id="207" dir="1" index="0" bw="1" slack="0"/>
</pin_list>
<bind>
<StgValue><ssdm name="void_compute_output_buffer_2d_array_const_ap_shift_reg_n_chan_stream_weig_10"/></StgValue>
</bind>
</comp>

<comp id="208" class="1000" name="p_ZZN4nnet24compute_output_buffer_2dINS_5arrayI8ap_fixedILi20ELi10EL9ap_q_mode5EL_78">
<pin_list>
<pin id="209" dir="1" index="0" bw="1" slack="0"/>
</pin_list>
<bind>
<StgValue><ssdm name="p_ZZN4nnet24compute_output_buffer_2dINS_5arrayI8ap_fixedILi20ELi10EL9ap_q_mode5EL_78"/></StgValue>
</bind>
</comp>

<comp id="210" class="1000" name="void_compute_output_buffer_2d_array_const_ap_shift_reg_n_chan_stream_weig_9">
<pin_list>
<pin id="211" dir="1" index="0" bw="1" slack="0"/>
</pin_list>
<bind>
<StgValue><ssdm name="void_compute_output_buffer_2d_array_const_ap_shift_reg_n_chan_stream_weig_9"/></StgValue>
</bind>
</comp>

<comp id="212" class="1000" name="p_ZZN4nnet24compute_output_buffer_2dINS_5arrayI8ap_fixedILi20ELi10EL9ap_q_mode5EL_77">
<pin_list>
<pin id="213" dir="1" index="0" bw="1" slack="0"/>
</pin_list>
<bind>
<StgValue><ssdm name="p_ZZN4nnet24compute_output_buffer_2dINS_5arrayI8ap_fixedILi20ELi10EL9ap_q_mode5EL_77"/></StgValue>
</bind>
</comp>

<comp id="214" class="1000" name="p_ZZN4nnet24compute_output_buffer_2dINS_5arrayI8ap_fixedILi20ELi10EL9ap_q_mode5EL_97">
<pin_list>
<pin id="215" dir="1" index="0" bw="1" slack="0"/>
</pin_list>
<bind>
<StgValue><ssdm name="p_ZZN4nnet24compute_output_buffer_2dINS_5arrayI8ap_fixedILi20ELi10EL9ap_q_mode5EL_97"/></StgValue>
</bind>
</comp>

<comp id="216" class="1000" name="p_ZZN4nnet24compute_output_buffer_2dINS_5arrayI8ap_fixedILi20ELi10EL9ap_q_mode5EL_76">
<pin_list>
<pin id="217" dir="1" index="0" bw="1" slack="0"/>
</pin_list>
<bind>
<StgValue><ssdm name="p_ZZN4nnet24compute_output_buffer_2dINS_5arrayI8ap_fixedILi20ELi10EL9ap_q_mode5EL_76"/></StgValue>
</bind>
</comp>

<comp id="218" class="1000" name="p_ZZN4nnet24compute_output_buffer_2dINS_5arrayI8ap_fixedILi20ELi10EL9ap_q_mode5EL_88">
<pin_list>
<pin id="219" dir="1" index="0" bw="1" slack="0"/>
</pin_list>
<bind>
<StgValue><ssdm name="p_ZZN4nnet24compute_output_buffer_2dINS_5arrayI8ap_fixedILi20ELi10EL9ap_q_mode5EL_88"/></StgValue>
</bind>
</comp>

<comp id="220" class="1000" name="p_ZZN4nnet24compute_output_buffer_2dINS_5arrayI8ap_fixedILi20ELi10EL9ap_q_mode5EL_51">
<pin_list>
<pin id="221" dir="1" index="0" bw="1" slack="0"/>
</pin_list>
<bind>
<StgValue><ssdm name="p_ZZN4nnet24compute_output_buffer_2dINS_5arrayI8ap_fixedILi20ELi10EL9ap_q_mode5EL_51"/></StgValue>
</bind>
</comp>

<comp id="222" class="1000" name="p_ZZN4nnet24compute_output_buffer_2dINS_5arrayI8ap_fixedILi20ELi10EL9ap_q_mode5EL_63">
<pin_list>
<pin id="223" dir="1" index="0" bw="1" slack="0"/>
</pin_list>
<bind>
<StgValue><ssdm name="p_ZZN4nnet24compute_output_buffer_2dINS_5arrayI8ap_fixedILi20ELi10EL9ap_q_mode5EL_63"/></StgValue>
</bind>
</comp>

<comp id="224" class="1000" name="p_ZZN4nnet24compute_output_buffer_2dINS_5arrayI8ap_fixedILi20ELi10EL9ap_q_mode5EL_50">
<pin_list>
<pin id="225" dir="1" index="0" bw="1" slack="0"/>
</pin_list>
<bind>
<StgValue><ssdm name="p_ZZN4nnet24compute_output_buffer_2dINS_5arrayI8ap_fixedILi20ELi10EL9ap_q_mode5EL_50"/></StgValue>
</bind>
</comp>

<comp id="226" class="1000" name="p_ZZN4nnet24compute_output_buffer_2dINS_5arrayI8ap_fixedILi20ELi10EL9ap_q_mode5EL_62">
<pin_list>
<pin id="227" dir="1" index="0" bw="1" slack="0"/>
</pin_list>
<bind>
<StgValue><ssdm name="p_ZZN4nnet24compute_output_buffer_2dINS_5arrayI8ap_fixedILi20ELi10EL9ap_q_mode5EL_62"/></StgValue>
</bind>
</comp>

<comp id="228" class="1000" name="p_ZZN4nnet24compute_output_buffer_2dINS_5arrayI8ap_fixedILi20ELi10EL9ap_q_mode5EL_49">
<pin_list>
<pin id="229" dir="1" index="0" bw="1" slack="0"/>
</pin_list>
<bind>
<StgValue><ssdm name="p_ZZN4nnet24compute_output_buffer_2dINS_5arrayI8ap_fixedILi20ELi10EL9ap_q_mode5EL_49"/></StgValue>
</bind>
</comp>

<comp id="230" class="1000" name="p_ZZN4nnet24compute_output_buffer_2dINS_5arrayI8ap_fixedILi20ELi10EL9ap_q_mode5EL_61">
<pin_list>
<pin id="231" dir="1" index="0" bw="1" slack="0"/>
</pin_list>
<bind>
<StgValue><ssdm name="p_ZZN4nnet24compute_output_buffer_2dINS_5arrayI8ap_fixedILi20ELi10EL9ap_q_mode5EL_61"/></StgValue>
</bind>
</comp>

<comp id="232" class="1000" name="p_ZZN4nnet24compute_output_buffer_2dINS_5arrayI8ap_fixedILi20ELi10EL9ap_q_mode5EL_48">
<pin_list>
<pin id="233" dir="1" index="0" bw="1" slack="0"/>
</pin_list>
<bind>
<StgValue><ssdm name="p_ZZN4nnet24compute_output_buffer_2dINS_5arrayI8ap_fixedILi20ELi10EL9ap_q_mode5EL_48"/></StgValue>
</bind>
</comp>

<comp id="234" class="1000" name="p_ZZN4nnet24compute_output_buffer_2dINS_5arrayI8ap_fixedILi20ELi10EL9ap_q_mode5EL_60">
<pin_list>
<pin id="235" dir="1" index="0" bw="1" slack="0"/>
</pin_list>
<bind>
<StgValue><ssdm name="p_ZZN4nnet24compute_output_buffer_2dINS_5arrayI8ap_fixedILi20ELi10EL9ap_q_mode5EL_60"/></StgValue>
</bind>
</comp>

<comp id="236" class="1000" name="p_ZZN4nnet24compute_output_buffer_2dINS_5arrayI8ap_fixedILi20ELi10EL9ap_q_mode5EL_47">
<pin_list>
<pin id="237" dir="1" index="0" bw="1" slack="0"/>
</pin_list>
<bind>
<StgValue><ssdm name="p_ZZN4nnet24compute_output_buffer_2dINS_5arrayI8ap_fixedILi20ELi10EL9ap_q_mode5EL_47"/></StgValue>
</bind>
</comp>

<comp id="238" class="1000" name="p_ZZN4nnet24compute_output_buffer_2dINS_5arrayI8ap_fixedILi20ELi10EL9ap_q_mode5EL_59">
<pin_list>
<pin id="239" dir="1" index="0" bw="1" slack="0"/>
</pin_list>
<bind>
<StgValue><ssdm name="p_ZZN4nnet24compute_output_buffer_2dINS_5arrayI8ap_fixedILi20ELi10EL9ap_q_mode5EL_59"/></StgValue>
</bind>
</comp>

<comp id="240" class="1000" name="p_ZZN4nnet24compute_output_buffer_2dINS_5arrayI8ap_fixedILi20ELi10EL9ap_q_mode5EL_46">
<pin_list>
<pin id="241" dir="1" index="0" bw="1" slack="0"/>
</pin_list>
<bind>
<StgValue><ssdm name="p_ZZN4nnet24compute_output_buffer_2dINS_5arrayI8ap_fixedILi20ELi10EL9ap_q_mode5EL_46"/></StgValue>
</bind>
</comp>

<comp id="242" class="1000" name="p_ZZN4nnet24compute_output_buffer_2dINS_5arrayI8ap_fixedILi20ELi10EL9ap_q_mode5EL_58">
<pin_list>
<pin id="243" dir="1" index="0" bw="1" slack="0"/>
</pin_list>
<bind>
<StgValue><ssdm name="p_ZZN4nnet24compute_output_buffer_2dINS_5arrayI8ap_fixedILi20ELi10EL9ap_q_mode5EL_58"/></StgValue>
</bind>
</comp>

<comp id="244" class="1000" name="p_ZZN4nnet24compute_output_buffer_2dINS_5arrayI8ap_fixedILi20ELi10EL9ap_q_mode5EL_45">
<pin_list>
<pin id="245" dir="1" index="0" bw="1" slack="0"/>
</pin_list>
<bind>
<StgValue><ssdm name="p_ZZN4nnet24compute_output_buffer_2dINS_5arrayI8ap_fixedILi20ELi10EL9ap_q_mode5EL_45"/></StgValue>
</bind>
</comp>

<comp id="246" class="1000" name="p_ZZN4nnet24compute_output_buffer_2dINS_5arrayI8ap_fixedILi20ELi10EL9ap_q_mode5EL_57">
<pin_list>
<pin id="247" dir="1" index="0" bw="1" slack="0"/>
</pin_list>
<bind>
<StgValue><ssdm name="p_ZZN4nnet24compute_output_buffer_2dINS_5arrayI8ap_fixedILi20ELi10EL9ap_q_mode5EL_57"/></StgValue>
</bind>
</comp>

<comp id="248" class="1000" name="p_ZZN4nnet24compute_output_buffer_2dINS_5arrayI8ap_fixedILi20ELi10EL9ap_q_mode5EL_44">
<pin_list>
<pin id="249" dir="1" index="0" bw="1" slack="0"/>
</pin_list>
<bind>
<StgValue><ssdm name="p_ZZN4nnet24compute_output_buffer_2dINS_5arrayI8ap_fixedILi20ELi10EL9ap_q_mode5EL_44"/></StgValue>
</bind>
</comp>

<comp id="250" class="1000" name="p_ZZN4nnet24compute_output_buffer_2dINS_5arrayI8ap_fixedILi20ELi10EL9ap_q_mode5EL_56">
<pin_list>
<pin id="251" dir="1" index="0" bw="1" slack="0"/>
</pin_list>
<bind>
<StgValue><ssdm name="p_ZZN4nnet24compute_output_buffer_2dINS_5arrayI8ap_fixedILi20ELi10EL9ap_q_mode5EL_56"/></StgValue>
</bind>
</comp>

<comp id="252" class="1000" name="p_ZZN4nnet24compute_output_buffer_2dINS_5arrayI8ap_fixedILi20ELi10EL9ap_q_mode5EL_43">
<pin_list>
<pin id="253" dir="1" index="0" bw="1" slack="0"/>
</pin_list>
<bind>
<StgValue><ssdm name="p_ZZN4nnet24compute_output_buffer_2dINS_5arrayI8ap_fixedILi20ELi10EL9ap_q_mode5EL_43"/></StgValue>
</bind>
</comp>

<comp id="254" class="1000" name="p_ZZN4nnet24compute_output_buffer_2dINS_5arrayI8ap_fixedILi20ELi10EL9ap_q_mode5EL_55">
<pin_list>
<pin id="255" dir="1" index="0" bw="1" slack="0"/>
</pin_list>
<bind>
<StgValue><ssdm name="p_ZZN4nnet24compute_output_buffer_2dINS_5arrayI8ap_fixedILi20ELi10EL9ap_q_mode5EL_55"/></StgValue>
</bind>
</comp>

<comp id="256" class="1000" name="p_ZZN4nnet24compute_output_buffer_2dINS_5arrayI8ap_fixedILi20ELi10EL9ap_q_mode5EL_42">
<pin_list>
<pin id="257" dir="1" index="0" bw="1" slack="0"/>
</pin_list>
<bind>
<StgValue><ssdm name="p_ZZN4nnet24compute_output_buffer_2dINS_5arrayI8ap_fixedILi20ELi10EL9ap_q_mode5EL_42"/></StgValue>
</bind>
</comp>

<comp id="258" class="1000" name="p_ZZN4nnet24compute_output_buffer_2dINS_5arrayI8ap_fixedILi20ELi10EL9ap_q_mode5EL_54">
<pin_list>
<pin id="259" dir="1" index="0" bw="1" slack="0"/>
</pin_list>
<bind>
<StgValue><ssdm name="p_ZZN4nnet24compute_output_buffer_2dINS_5arrayI8ap_fixedILi20ELi10EL9ap_q_mode5EL_54"/></StgValue>
</bind>
</comp>

<comp id="260" class="1000" name="p_ZZN4nnet24compute_output_buffer_2dINS_5arrayI8ap_fixedILi20ELi10EL9ap_q_mode5EL_41">
<pin_list>
<pin id="261" dir="1" index="0" bw="1" slack="0"/>
</pin_list>
<bind>
<StgValue><ssdm name="p_ZZN4nnet24compute_output_buffer_2dINS_5arrayI8ap_fixedILi20ELi10EL9ap_q_mode5EL_41"/></StgValue>
</bind>
</comp>

<comp id="262" class="1000" name="p_ZZN4nnet24compute_output_buffer_2dINS_5arrayI8ap_fixedILi20ELi10EL9ap_q_mode5EL_53">
<pin_list>
<pin id="263" dir="1" index="0" bw="1" slack="0"/>
</pin_list>
<bind>
<StgValue><ssdm name="p_ZZN4nnet24compute_output_buffer_2dINS_5arrayI8ap_fixedILi20ELi10EL9ap_q_mode5EL_53"/></StgValue>
</bind>
</comp>

<comp id="264" class="1000" name="p_ZZN4nnet24compute_output_buffer_2dINS_5arrayI8ap_fixedILi20ELi10EL9ap_q_mode5EL_40">
<pin_list>
<pin id="265" dir="1" index="0" bw="1" slack="0"/>
</pin_list>
<bind>
<StgValue><ssdm name="p_ZZN4nnet24compute_output_buffer_2dINS_5arrayI8ap_fixedILi20ELi10EL9ap_q_mode5EL_40"/></StgValue>
</bind>
</comp>

<comp id="266" class="1000" name="p_ZZN4nnet24compute_output_buffer_2dINS_5arrayI8ap_fixedILi20ELi10EL9ap_q_mode5EL_52">
<pin_list>
<pin id="267" dir="1" index="0" bw="1" slack="0"/>
</pin_list>
<bind>
<StgValue><ssdm name="p_ZZN4nnet24compute_output_buffer_2dINS_5arrayI8ap_fixedILi20ELi10EL9ap_q_mode5EL_52"/></StgValue>
</bind>
</comp>

<comp id="268" class="1000" name="p_ZZN4nnet24compute_output_buffer_2dINS_5arrayI8ap_fixedILi20ELi10EL9ap_q_mode5EL_15">
<pin_list>
<pin id="269" dir="1" index="0" bw="1" slack="0"/>
</pin_list>
<bind>
<StgValue><ssdm name="p_ZZN4nnet24compute_output_buffer_2dINS_5arrayI8ap_fixedILi20ELi10EL9ap_q_mode5EL_15"/></StgValue>
</bind>
</comp>

<comp id="270" class="1000" name="p_ZZN4nnet24compute_output_buffer_2dINS_5arrayI8ap_fixedILi20ELi10EL9ap_q_mode5EL_27">
<pin_list>
<pin id="271" dir="1" index="0" bw="1" slack="0"/>
</pin_list>
<bind>
<StgValue><ssdm name="p_ZZN4nnet24compute_output_buffer_2dINS_5arrayI8ap_fixedILi20ELi10EL9ap_q_mode5EL_27"/></StgValue>
</bind>
</comp>

<comp id="272" class="1000" name="p_ZZN4nnet24compute_output_buffer_2dINS_5arrayI8ap_fixedILi20ELi10EL9ap_q_mode5EL_14">
<pin_list>
<pin id="273" dir="1" index="0" bw="1" slack="0"/>
</pin_list>
<bind>
<StgValue><ssdm name="p_ZZN4nnet24compute_output_buffer_2dINS_5arrayI8ap_fixedILi20ELi10EL9ap_q_mode5EL_14"/></StgValue>
</bind>
</comp>

<comp id="274" class="1000" name="p_ZZN4nnet24compute_output_buffer_2dINS_5arrayI8ap_fixedILi20ELi10EL9ap_q_mode5EL_26">
<pin_list>
<pin id="275" dir="1" index="0" bw="1" slack="0"/>
</pin_list>
<bind>
<StgValue><ssdm name="p_ZZN4nnet24compute_output_buffer_2dINS_5arrayI8ap_fixedILi20ELi10EL9ap_q_mode5EL_26"/></StgValue>
</bind>
</comp>

<comp id="276" class="1000" name="p_ZZN4nnet24compute_output_buffer_2dINS_5arrayI8ap_fixedILi20ELi10EL9ap_q_mode5EL_13">
<pin_list>
<pin id="277" dir="1" index="0" bw="1" slack="0"/>
</pin_list>
<bind>
<StgValue><ssdm name="p_ZZN4nnet24compute_output_buffer_2dINS_5arrayI8ap_fixedILi20ELi10EL9ap_q_mode5EL_13"/></StgValue>
</bind>
</comp>

<comp id="278" class="1000" name="p_ZZN4nnet24compute_output_buffer_2dINS_5arrayI8ap_fixedILi20ELi10EL9ap_q_mode5EL_25">
<pin_list>
<pin id="279" dir="1" index="0" bw="1" slack="0"/>
</pin_list>
<bind>
<StgValue><ssdm name="p_ZZN4nnet24compute_output_buffer_2dINS_5arrayI8ap_fixedILi20ELi10EL9ap_q_mode5EL_25"/></StgValue>
</bind>
</comp>

<comp id="280" class="1000" name="p_ZZN4nnet24compute_output_buffer_2dINS_5arrayI8ap_fixedILi20ELi10EL9ap_q_mode5EL_12">
<pin_list>
<pin id="281" dir="1" index="0" bw="1" slack="0"/>
</pin_list>
<bind>
<StgValue><ssdm name="p_ZZN4nnet24compute_output_buffer_2dINS_5arrayI8ap_fixedILi20ELi10EL9ap_q_mode5EL_12"/></StgValue>
</bind>
</comp>

<comp id="282" class="1000" name="p_ZZN4nnet24compute_output_buffer_2dINS_5arrayI8ap_fixedILi20ELi10EL9ap_q_mode5EL_24">
<pin_list>
<pin id="283" dir="1" index="0" bw="1" slack="0"/>
</pin_list>
<bind>
<StgValue><ssdm name="p_ZZN4nnet24compute_output_buffer_2dINS_5arrayI8ap_fixedILi20ELi10EL9ap_q_mode5EL_24"/></StgValue>
</bind>
</comp>

<comp id="284" class="1000" name="p_ZZN4nnet24compute_output_buffer_2dINS_5arrayI8ap_fixedILi20ELi10EL9ap_q_mode5EL_11">
<pin_list>
<pin id="285" dir="1" index="0" bw="1" slack="0"/>
</pin_list>
<bind>
<StgValue><ssdm name="p_ZZN4nnet24compute_output_buffer_2dINS_5arrayI8ap_fixedILi20ELi10EL9ap_q_mode5EL_11"/></StgValue>
</bind>
</comp>

<comp id="286" class="1000" name="p_ZZN4nnet24compute_output_buffer_2dINS_5arrayI8ap_fixedILi20ELi10EL9ap_q_mode5EL_23">
<pin_list>
<pin id="287" dir="1" index="0" bw="1" slack="0"/>
</pin_list>
<bind>
<StgValue><ssdm name="p_ZZN4nnet24compute_output_buffer_2dINS_5arrayI8ap_fixedILi20ELi10EL9ap_q_mode5EL_23"/></StgValue>
</bind>
</comp>

<comp id="288" class="1000" name="p_ZZN4nnet24compute_output_buffer_2dINS_5arrayI8ap_fixedILi20ELi10EL9ap_q_mode5EL_10">
<pin_list>
<pin id="289" dir="1" index="0" bw="1" slack="0"/>
</pin_list>
<bind>
<StgValue><ssdm name="p_ZZN4nnet24compute_output_buffer_2dINS_5arrayI8ap_fixedILi20ELi10EL9ap_q_mode5EL_10"/></StgValue>
</bind>
</comp>

<comp id="290" class="1000" name="p_ZZN4nnet24compute_output_buffer_2dINS_5arrayI8ap_fixedILi20ELi10EL9ap_q_mode5EL_22">
<pin_list>
<pin id="291" dir="1" index="0" bw="1" slack="0"/>
</pin_list>
<bind>
<StgValue><ssdm name="p_ZZN4nnet24compute_output_buffer_2dINS_5arrayI8ap_fixedILi20ELi10EL9ap_q_mode5EL_22"/></StgValue>
</bind>
</comp>

<comp id="292" class="1000" name="p_ZZN4nnet24compute_output_buffer_2dINS_5arrayI8ap_fixedILi20ELi10EL9ap_q_mode5EL_9">
<pin_list>
<pin id="293" dir="1" index="0" bw="1" slack="0"/>
</pin_list>
<bind>
<StgValue><ssdm name="p_ZZN4nnet24compute_output_buffer_2dINS_5arrayI8ap_fixedILi20ELi10EL9ap_q_mode5EL_9"/></StgValue>
</bind>
</comp>

<comp id="294" class="1000" name="p_ZZN4nnet24compute_output_buffer_2dINS_5arrayI8ap_fixedILi20ELi10EL9ap_q_mode5EL_21">
<pin_list>
<pin id="295" dir="1" index="0" bw="1" slack="0"/>
</pin_list>
<bind>
<StgValue><ssdm name="p_ZZN4nnet24compute_output_buffer_2dINS_5arrayI8ap_fixedILi20ELi10EL9ap_q_mode5EL_21"/></StgValue>
</bind>
</comp>

<comp id="296" class="1000" name="p_ZZN4nnet24compute_output_buffer_2dINS_5arrayI8ap_fixedILi20ELi10EL9ap_q_mode5EL_8">
<pin_list>
<pin id="297" dir="1" index="0" bw="1" slack="0"/>
</pin_list>
<bind>
<StgValue><ssdm name="p_ZZN4nnet24compute_output_buffer_2dINS_5arrayI8ap_fixedILi20ELi10EL9ap_q_mode5EL_8"/></StgValue>
</bind>
</comp>

<comp id="298" class="1000" name="p_ZZN4nnet24compute_output_buffer_2dINS_5arrayI8ap_fixedILi20ELi10EL9ap_q_mode5EL_20">
<pin_list>
<pin id="299" dir="1" index="0" bw="1" slack="0"/>
</pin_list>
<bind>
<StgValue><ssdm name="p_ZZN4nnet24compute_output_buffer_2dINS_5arrayI8ap_fixedILi20ELi10EL9ap_q_mode5EL_20"/></StgValue>
</bind>
</comp>

<comp id="300" class="1000" name="p_ZZN4nnet24compute_output_buffer_2dINS_5arrayI8ap_fixedILi20ELi10EL9ap_q_mode5EL_7">
<pin_list>
<pin id="301" dir="1" index="0" bw="1" slack="0"/>
</pin_list>
<bind>
<StgValue><ssdm name="p_ZZN4nnet24compute_output_buffer_2dINS_5arrayI8ap_fixedILi20ELi10EL9ap_q_mode5EL_7"/></StgValue>
</bind>
</comp>

<comp id="302" class="1000" name="p_ZZN4nnet24compute_output_buffer_2dINS_5arrayI8ap_fixedILi20ELi10EL9ap_q_mode5EL_19">
<pin_list>
<pin id="303" dir="1" index="0" bw="1" slack="0"/>
</pin_list>
<bind>
<StgValue><ssdm name="p_ZZN4nnet24compute_output_buffer_2dINS_5arrayI8ap_fixedILi20ELi10EL9ap_q_mode5EL_19"/></StgValue>
</bind>
</comp>

<comp id="304" class="1000" name="p_ZZN4nnet24compute_output_buffer_2dINS_5arrayI8ap_fixedILi20ELi10EL9ap_q_mode5EL_6">
<pin_list>
<pin id="305" dir="1" index="0" bw="1" slack="0"/>
</pin_list>
<bind>
<StgValue><ssdm name="p_ZZN4nnet24compute_output_buffer_2dINS_5arrayI8ap_fixedILi20ELi10EL9ap_q_mode5EL_6"/></StgValue>
</bind>
</comp>

<comp id="306" class="1000" name="p_ZZN4nnet24compute_output_buffer_2dINS_5arrayI8ap_fixedILi20ELi10EL9ap_q_mode5EL_18">
<pin_list>
<pin id="307" dir="1" index="0" bw="1" slack="0"/>
</pin_list>
<bind>
<StgValue><ssdm name="p_ZZN4nnet24compute_output_buffer_2dINS_5arrayI8ap_fixedILi20ELi10EL9ap_q_mode5EL_18"/></StgValue>
</bind>
</comp>

<comp id="308" class="1000" name="p_ZZN4nnet24compute_output_buffer_2dINS_5arrayI8ap_fixedILi20ELi10EL9ap_q_mode5EL_5">
<pin_list>
<pin id="309" dir="1" index="0" bw="1" slack="0"/>
</pin_list>
<bind>
<StgValue><ssdm name="p_ZZN4nnet24compute_output_buffer_2dINS_5arrayI8ap_fixedILi20ELi10EL9ap_q_mode5EL_5"/></StgValue>
</bind>
</comp>

<comp id="310" class="1000" name="p_ZZN4nnet24compute_output_buffer_2dINS_5arrayI8ap_fixedILi20ELi10EL9ap_q_mode5EL_17">
<pin_list>
<pin id="311" dir="1" index="0" bw="1" slack="0"/>
</pin_list>
<bind>
<StgValue><ssdm name="p_ZZN4nnet24compute_output_buffer_2dINS_5arrayI8ap_fixedILi20ELi10EL9ap_q_mode5EL_17"/></StgValue>
</bind>
</comp>

<comp id="312" class="1000" name="p_ZZN4nnet24compute_output_buffer_2dINS_5arrayI8ap_fixedILi20ELi10EL9ap_q_mode5EL_4">
<pin_list>
<pin id="313" dir="1" index="0" bw="1" slack="0"/>
</pin_list>
<bind>
<StgValue><ssdm name="p_ZZN4nnet24compute_output_buffer_2dINS_5arrayI8ap_fixedILi20ELi10EL9ap_q_mode5EL_4"/></StgValue>
</bind>
</comp>

<comp id="314" class="1000" name="p_ZZN4nnet24compute_output_buffer_2dINS_5arrayI8ap_fixedILi20ELi10EL9ap_q_mode5EL_16">
<pin_list>
<pin id="315" dir="1" index="0" bw="1" slack="0"/>
</pin_list>
<bind>
<StgValue><ssdm name="p_ZZN4nnet24compute_output_buffer_2dINS_5arrayI8ap_fixedILi20ELi10EL9ap_q_mode5EL_16"/></StgValue>
</bind>
</comp>

<comp id="316" class="1000" name="p_ZZN4nnet24compute_output_buffer_2dINS_5arrayI8ap_fixedILi20ELi10EL9ap_q_mode5EL_75">
<pin_list>
<pin id="317" dir="1" index="0" bw="1" slack="0"/>
</pin_list>
<bind>
<StgValue><ssdm name="p_ZZN4nnet24compute_output_buffer_2dINS_5arrayI8ap_fixedILi20ELi10EL9ap_q_mode5EL_75"/></StgValue>
</bind>
</comp>

<comp id="318" class="1000" name="p_ZZN4nnet24compute_output_buffer_2dINS_5arrayI8ap_fixedILi20ELi10EL9ap_q_mode5EL_74">
<pin_list>
<pin id="319" dir="1" index="0" bw="1" slack="0"/>
</pin_list>
<bind>
<StgValue><ssdm name="p_ZZN4nnet24compute_output_buffer_2dINS_5arrayI8ap_fixedILi20ELi10EL9ap_q_mode5EL_74"/></StgValue>
</bind>
</comp>

<comp id="320" class="1000" name="p_ZZN4nnet24compute_output_buffer_2dINS_5arrayI8ap_fixedILi20ELi10EL9ap_q_mode5EL_73">
<pin_list>
<pin id="321" dir="1" index="0" bw="1" slack="0"/>
</pin_list>
<bind>
<StgValue><ssdm name="p_ZZN4nnet24compute_output_buffer_2dINS_5arrayI8ap_fixedILi20ELi10EL9ap_q_mode5EL_73"/></StgValue>
</bind>
</comp>

<comp id="322" class="1000" name="p_ZZN4nnet24compute_output_buffer_2dINS_5arrayI8ap_fixedILi20ELi10EL9ap_q_mode5EL_72">
<pin_list>
<pin id="323" dir="1" index="0" bw="1" slack="0"/>
</pin_list>
<bind>
<StgValue><ssdm name="p_ZZN4nnet24compute_output_buffer_2dINS_5arrayI8ap_fixedILi20ELi10EL9ap_q_mode5EL_72"/></StgValue>
</bind>
</comp>

<comp id="324" class="1000" name="p_ZZN4nnet24compute_output_buffer_2dINS_5arrayI8ap_fixedILi20ELi10EL9ap_q_mode5EL_71">
<pin_list>
<pin id="325" dir="1" index="0" bw="1" slack="0"/>
</pin_list>
<bind>
<StgValue><ssdm name="p_ZZN4nnet24compute_output_buffer_2dINS_5arrayI8ap_fixedILi20ELi10EL9ap_q_mode5EL_71"/></StgValue>
</bind>
</comp>

<comp id="326" class="1000" name="p_ZZN4nnet24compute_output_buffer_2dINS_5arrayI8ap_fixedILi20ELi10EL9ap_q_mode5EL_70">
<pin_list>
<pin id="327" dir="1" index="0" bw="1" slack="0"/>
</pin_list>
<bind>
<StgValue><ssdm name="p_ZZN4nnet24compute_output_buffer_2dINS_5arrayI8ap_fixedILi20ELi10EL9ap_q_mode5EL_70"/></StgValue>
</bind>
</comp>

<comp id="328" class="1000" name="p_ZZN4nnet24compute_output_buffer_2dINS_5arrayI8ap_fixedILi20ELi10EL9ap_q_mode5EL_69">
<pin_list>
<pin id="329" dir="1" index="0" bw="1" slack="0"/>
</pin_list>
<bind>
<StgValue><ssdm name="p_ZZN4nnet24compute_output_buffer_2dINS_5arrayI8ap_fixedILi20ELi10EL9ap_q_mode5EL_69"/></StgValue>
</bind>
</comp>

<comp id="330" class="1000" name="p_ZZN4nnet24compute_output_buffer_2dINS_5arrayI8ap_fixedILi20ELi10EL9ap_q_mode5EL_68">
<pin_list>
<pin id="331" dir="1" index="0" bw="1" slack="0"/>
</pin_list>
<bind>
<StgValue><ssdm name="p_ZZN4nnet24compute_output_buffer_2dINS_5arrayI8ap_fixedILi20ELi10EL9ap_q_mode5EL_68"/></StgValue>
</bind>
</comp>

<comp id="332" class="1000" name="p_ZZN4nnet24compute_output_buffer_2dINS_5arrayI8ap_fixedILi20ELi10EL9ap_q_mode5EL_67">
<pin_list>
<pin id="333" dir="1" index="0" bw="1" slack="0"/>
</pin_list>
<bind>
<StgValue><ssdm name="p_ZZN4nnet24compute_output_buffer_2dINS_5arrayI8ap_fixedILi20ELi10EL9ap_q_mode5EL_67"/></StgValue>
</bind>
</comp>

<comp id="334" class="1000" name="p_ZZN4nnet24compute_output_buffer_2dINS_5arrayI8ap_fixedILi20ELi10EL9ap_q_mode5EL_66">
<pin_list>
<pin id="335" dir="1" index="0" bw="1" slack="0"/>
</pin_list>
<bind>
<StgValue><ssdm name="p_ZZN4nnet24compute_output_buffer_2dINS_5arrayI8ap_fixedILi20ELi10EL9ap_q_mode5EL_66"/></StgValue>
</bind>
</comp>

<comp id="336" class="1000" name="p_ZZN4nnet24compute_output_buffer_2dINS_5arrayI8ap_fixedILi20ELi10EL9ap_q_mode5EL_65">
<pin_list>
<pin id="337" dir="1" index="0" bw="1" slack="0"/>
</pin_list>
<bind>
<StgValue><ssdm name="p_ZZN4nnet24compute_output_buffer_2dINS_5arrayI8ap_fixedILi20ELi10EL9ap_q_mode5EL_65"/></StgValue>
</bind>
</comp>

<comp id="338" class="1000" name="p_ZZN4nnet24compute_output_buffer_2dINS_5arrayI8ap_fixedILi20ELi10EL9ap_q_mode5EL_64">
<pin_list>
<pin id="339" dir="1" index="0" bw="1" slack="0"/>
</pin_list>
<bind>
<StgValue><ssdm name="p_ZZN4nnet24compute_output_buffer_2dINS_5arrayI8ap_fixedILi20ELi10EL9ap_q_mode5EL_64"/></StgValue>
</bind>
</comp>

<comp id="340" class="1000" name="p_ZZN4nnet24compute_output_buffer_2dINS_5arrayI8ap_fixedILi20ELi10EL9ap_q_mode5EL_39">
<pin_list>
<pin id="341" dir="1" index="0" bw="1" slack="0"/>
</pin_list>
<bind>
<StgValue><ssdm name="p_ZZN4nnet24compute_output_buffer_2dINS_5arrayI8ap_fixedILi20ELi10EL9ap_q_mode5EL_39"/></StgValue>
</bind>
</comp>

<comp id="342" class="1000" name="p_ZZN4nnet24compute_output_buffer_2dINS_5arrayI8ap_fixedILi20ELi10EL9ap_q_mode5EL_38">
<pin_list>
<pin id="343" dir="1" index="0" bw="1" slack="0"/>
</pin_list>
<bind>
<StgValue><ssdm name="p_ZZN4nnet24compute_output_buffer_2dINS_5arrayI8ap_fixedILi20ELi10EL9ap_q_mode5EL_38"/></StgValue>
</bind>
</comp>

<comp id="344" class="1000" name="p_ZZN4nnet24compute_output_buffer_2dINS_5arrayI8ap_fixedILi20ELi10EL9ap_q_mode5EL_37">
<pin_list>
<pin id="345" dir="1" index="0" bw="1" slack="0"/>
</pin_list>
<bind>
<StgValue><ssdm name="p_ZZN4nnet24compute_output_buffer_2dINS_5arrayI8ap_fixedILi20ELi10EL9ap_q_mode5EL_37"/></StgValue>
</bind>
</comp>

<comp id="346" class="1000" name="p_ZZN4nnet24compute_output_buffer_2dINS_5arrayI8ap_fixedILi20ELi10EL9ap_q_mode5EL_36">
<pin_list>
<pin id="347" dir="1" index="0" bw="1" slack="0"/>
</pin_list>
<bind>
<StgValue><ssdm name="p_ZZN4nnet24compute_output_buffer_2dINS_5arrayI8ap_fixedILi20ELi10EL9ap_q_mode5EL_36"/></StgValue>
</bind>
</comp>

<comp id="348" class="1000" name="p_ZZN4nnet24compute_output_buffer_2dINS_5arrayI8ap_fixedILi20ELi10EL9ap_q_mode5EL_35">
<pin_list>
<pin id="349" dir="1" index="0" bw="1" slack="0"/>
</pin_list>
<bind>
<StgValue><ssdm name="p_ZZN4nnet24compute_output_buffer_2dINS_5arrayI8ap_fixedILi20ELi10EL9ap_q_mode5EL_35"/></StgValue>
</bind>
</comp>

<comp id="350" class="1000" name="p_ZZN4nnet24compute_output_buffer_2dINS_5arrayI8ap_fixedILi20ELi10EL9ap_q_mode5EL_34">
<pin_list>
<pin id="351" dir="1" index="0" bw="1" slack="0"/>
</pin_list>
<bind>
<StgValue><ssdm name="p_ZZN4nnet24compute_output_buffer_2dINS_5arrayI8ap_fixedILi20ELi10EL9ap_q_mode5EL_34"/></StgValue>
</bind>
</comp>

<comp id="352" class="1000" name="p_ZZN4nnet24compute_output_buffer_2dINS_5arrayI8ap_fixedILi20ELi10EL9ap_q_mode5EL_33">
<pin_list>
<pin id="353" dir="1" index="0" bw="1" slack="0"/>
</pin_list>
<bind>
<StgValue><ssdm name="p_ZZN4nnet24compute_output_buffer_2dINS_5arrayI8ap_fixedILi20ELi10EL9ap_q_mode5EL_33"/></StgValue>
</bind>
</comp>

<comp id="354" class="1000" name="p_ZZN4nnet24compute_output_buffer_2dINS_5arrayI8ap_fixedILi20ELi10EL9ap_q_mode5EL_32">
<pin_list>
<pin id="355" dir="1" index="0" bw="1" slack="0"/>
</pin_list>
<bind>
<StgValue><ssdm name="p_ZZN4nnet24compute_output_buffer_2dINS_5arrayI8ap_fixedILi20ELi10EL9ap_q_mode5EL_32"/></StgValue>
</bind>
</comp>

<comp id="356" class="1000" name="p_ZZN4nnet24compute_output_buffer_2dINS_5arrayI8ap_fixedILi20ELi10EL9ap_q_mode5EL_31">
<pin_list>
<pin id="357" dir="1" index="0" bw="1" slack="0"/>
</pin_list>
<bind>
<StgValue><ssdm name="p_ZZN4nnet24compute_output_buffer_2dINS_5arrayI8ap_fixedILi20ELi10EL9ap_q_mode5EL_31"/></StgValue>
</bind>
</comp>

<comp id="358" class="1000" name="p_ZZN4nnet24compute_output_buffer_2dINS_5arrayI8ap_fixedILi20ELi10EL9ap_q_mode5EL_30">
<pin_list>
<pin id="359" dir="1" index="0" bw="1" slack="0"/>
</pin_list>
<bind>
<StgValue><ssdm name="p_ZZN4nnet24compute_output_buffer_2dINS_5arrayI8ap_fixedILi20ELi10EL9ap_q_mode5EL_30"/></StgValue>
</bind>
</comp>

<comp id="360" class="1000" name="p_ZZN4nnet24compute_output_buffer_2dINS_5arrayI8ap_fixedILi20ELi10EL9ap_q_mode5EL_29">
<pin_list>
<pin id="361" dir="1" index="0" bw="1" slack="0"/>
</pin_list>
<bind>
<StgValue><ssdm name="p_ZZN4nnet24compute_output_buffer_2dINS_5arrayI8ap_fixedILi20ELi10EL9ap_q_mode5EL_29"/></StgValue>
</bind>
</comp>

<comp id="362" class="1000" name="p_ZZN4nnet24compute_output_buffer_2dINS_5arrayI8ap_fixedILi20ELi10EL9ap_q_mode5EL_28">
<pin_list>
<pin id="363" dir="1" index="0" bw="1" slack="0"/>
</pin_list>
<bind>
<StgValue><ssdm name="p_ZZN4nnet24compute_output_buffer_2dINS_5arrayI8ap_fixedILi20ELi10EL9ap_q_mode5EL_28"/></StgValue>
</bind>
</comp>

<comp id="364" class="1000" name="p_ZZN4nnet24compute_output_buffer_2dINS_5arrayI8ap_fixedILi20ELi10EL9ap_q_mode5EL_3">
<pin_list>
<pin id="365" dir="1" index="0" bw="1" slack="0"/>
</pin_list>
<bind>
<StgValue><ssdm name="p_ZZN4nnet24compute_output_buffer_2dINS_5arrayI8ap_fixedILi20ELi10EL9ap_q_mode5EL_3"/></StgValue>
</bind>
</comp>

<comp id="366" class="1000" name="p_ZZN4nnet24compute_output_buffer_2dINS_5arrayI8ap_fixedILi20ELi10EL9ap_q_mode5EL_2">
<pin_list>
<pin id="367" dir="1" index="0" bw="1" slack="0"/>
</pin_list>
<bind>
<StgValue><ssdm name="p_ZZN4nnet24compute_output_buffer_2dINS_5arrayI8ap_fixedILi20ELi10EL9ap_q_mode5EL_2"/></StgValue>
</bind>
</comp>

<comp id="368" class="1000" name="p_ZZN4nnet24compute_output_buffer_2dINS_5arrayI8ap_fixedILi20ELi10EL9ap_q_mode5EL_1">
<pin_list>
<pin id="369" dir="1" index="0" bw="1" slack="0"/>
</pin_list>
<bind>
<StgValue><ssdm name="p_ZZN4nnet24compute_output_buffer_2dINS_5arrayI8ap_fixedILi20ELi10EL9ap_q_mode5EL_1"/></StgValue>
</bind>
</comp>

<comp id="370" class="1000" name="p_ZZN4nnet24compute_output_buffer_2dINS_5arrayI8ap_fixedILi20ELi10EL9ap_q_mode5EL">
<pin_list>
<pin id="371" dir="1" index="0" bw="1" slack="0"/>
</pin_list>
<bind>
<StgValue><ssdm name="p_ZZN4nnet24compute_output_buffer_2dINS_5arrayI8ap_fixedILi20ELi10EL9ap_q_mode5EL"/></StgValue>
</bind>
</comp>

<comp id="372" class="1000" name="p_ZZN4nnet24compute_output_buffer_2dINS_5arrayI8ap_fixedILi20ELi10EL9ap_q_mode5EL_96">
<pin_list>
<pin id="373" dir="1" index="0" bw="1" slack="0"/>
</pin_list>
<bind>
<StgValue><ssdm name="p_ZZN4nnet24compute_output_buffer_2dINS_5arrayI8ap_fixedILi20ELi10EL9ap_q_mode5EL_96"/></StgValue>
</bind>
</comp>

<comp id="374" class="1000" name="p_ZZN4nnet24compute_output_buffer_2dINS_5arrayI8ap_fixedILi20ELi10EL9ap_q_mode5EL_95">
<pin_list>
<pin id="375" dir="1" index="0" bw="1" slack="0"/>
</pin_list>
<bind>
<StgValue><ssdm name="p_ZZN4nnet24compute_output_buffer_2dINS_5arrayI8ap_fixedILi20ELi10EL9ap_q_mode5EL_95"/></StgValue>
</bind>
</comp>

<comp id="376" class="1000" name="p_ZZN4nnet24compute_output_buffer_2dINS_5arrayI8ap_fixedILi20ELi10EL9ap_q_mode5EL_94">
<pin_list>
<pin id="377" dir="1" index="0" bw="1" slack="0"/>
</pin_list>
<bind>
<StgValue><ssdm name="p_ZZN4nnet24compute_output_buffer_2dINS_5arrayI8ap_fixedILi20ELi10EL9ap_q_mode5EL_94"/></StgValue>
</bind>
</comp>

<comp id="378" class="1000" name="p_ZZN4nnet24compute_output_buffer_2dINS_5arrayI8ap_fixedILi20ELi10EL9ap_q_mode5EL_93">
<pin_list>
<pin id="379" dir="1" index="0" bw="1" slack="0"/>
</pin_list>
<bind>
<StgValue><ssdm name="p_ZZN4nnet24compute_output_buffer_2dINS_5arrayI8ap_fixedILi20ELi10EL9ap_q_mode5EL_93"/></StgValue>
</bind>
</comp>

<comp id="380" class="1000" name="p_ZZN4nnet24compute_output_buffer_2dINS_5arrayI8ap_fixedILi20ELi10EL9ap_q_mode5EL_92">
<pin_list>
<pin id="381" dir="1" index="0" bw="1" slack="0"/>
</pin_list>
<bind>
<StgValue><ssdm name="p_ZZN4nnet24compute_output_buffer_2dINS_5arrayI8ap_fixedILi20ELi10EL9ap_q_mode5EL_92"/></StgValue>
</bind>
</comp>

<comp id="382" class="1000" name="p_ZZN4nnet24compute_output_buffer_2dINS_5arrayI8ap_fixedILi20ELi10EL9ap_q_mode5EL_91">
<pin_list>
<pin id="383" dir="1" index="0" bw="1" slack="0"/>
</pin_list>
<bind>
<StgValue><ssdm name="p_ZZN4nnet24compute_output_buffer_2dINS_5arrayI8ap_fixedILi20ELi10EL9ap_q_mode5EL_91"/></StgValue>
</bind>
</comp>

<comp id="384" class="1000" name="p_ZZN4nnet24compute_output_buffer_2dINS_5arrayI8ap_fixedILi20ELi10EL9ap_q_mode5EL_90">
<pin_list>
<pin id="385" dir="1" index="0" bw="1" slack="0"/>
</pin_list>
<bind>
<StgValue><ssdm name="p_ZZN4nnet24compute_output_buffer_2dINS_5arrayI8ap_fixedILi20ELi10EL9ap_q_mode5EL_90"/></StgValue>
</bind>
</comp>

<comp id="386" class="1000" name="p_ZZN4nnet24compute_output_buffer_2dINS_5arrayI8ap_fixedILi20ELi10EL9ap_q_mode5EL_89">
<pin_list>
<pin id="387" dir="1" index="0" bw="1" slack="0"/>
</pin_list>
<bind>
<StgValue><ssdm name="p_ZZN4nnet24compute_output_buffer_2dINS_5arrayI8ap_fixedILi20ELi10EL9ap_q_mode5EL_89"/></StgValue>
</bind>
</comp>

<comp id="388" class="1000" name="p_ZZN4nnet26conv_2d_buffer_resource_clINS_5arrayI8ap_fixedILi20ELi10EL9ap_q_mode5_23">
<pin_list>
<pin id="389" dir="1" index="0" bw="1" slack="0"/>
</pin_list>
<bind>
<StgValue><ssdm name="p_ZZN4nnet26conv_2d_buffer_resource_clINS_5arrayI8ap_fixedILi20ELi10EL9ap_q_mode5_23"/><MemPortTyVec>2 </MemPortTyVec>
</StgValue>
</bind>
</comp>

<comp id="390" class="1000" name="p_ZZN4nnet26conv_2d_buffer_resource_clINS_5arrayI8ap_fixedILi20ELi10EL9ap_q_mode5_11">
<pin_list>
<pin id="391" dir="1" index="0" bw="1" slack="0"/>
</pin_list>
<bind>
<StgValue><ssdm name="p_ZZN4nnet26conv_2d_buffer_resource_clINS_5arrayI8ap_fixedILi20ELi10EL9ap_q_mode5_11"/><MemPortTyVec>2 </MemPortTyVec>
</StgValue>
</bind>
</comp>

<comp id="392" class="1000" name="p_ZZN4nnet26conv_2d_buffer_resource_clINS_5arrayI8ap_fixedILi20ELi10EL9ap_q_mode5_22">
<pin_list>
<pin id="393" dir="1" index="0" bw="1" slack="0"/>
</pin_list>
<bind>
<StgValue><ssdm name="p_ZZN4nnet26conv_2d_buffer_resource_clINS_5arrayI8ap_fixedILi20ELi10EL9ap_q_mode5_22"/><MemPortTyVec>2 </MemPortTyVec>
</StgValue>
</bind>
</comp>

<comp id="394" class="1000" name="p_ZZN4nnet26conv_2d_buffer_resource_clINS_5arrayI8ap_fixedILi20ELi10EL9ap_q_mode5_10">
<pin_list>
<pin id="395" dir="1" index="0" bw="1" slack="0"/>
</pin_list>
<bind>
<StgValue><ssdm name="p_ZZN4nnet26conv_2d_buffer_resource_clINS_5arrayI8ap_fixedILi20ELi10EL9ap_q_mode5_10"/><MemPortTyVec>2 </MemPortTyVec>
</StgValue>
</bind>
</comp>

<comp id="396" class="1000" name="p_ZZN4nnet26conv_2d_buffer_resource_clINS_5arrayI8ap_fixedILi20ELi10EL9ap_q_mode5_19">
<pin_list>
<pin id="397" dir="1" index="0" bw="1" slack="0"/>
</pin_list>
<bind>
<StgValue><ssdm name="p_ZZN4nnet26conv_2d_buffer_resource_clINS_5arrayI8ap_fixedILi20ELi10EL9ap_q_mode5_19"/><MemPortTyVec>2 </MemPortTyVec>
</StgValue>
</bind>
</comp>

<comp id="398" class="1000" name="p_ZZN4nnet26conv_2d_buffer_resource_clINS_5arrayI8ap_fixedILi20ELi10EL9ap_q_mode5_7">
<pin_list>
<pin id="399" dir="1" index="0" bw="1" slack="0"/>
</pin_list>
<bind>
<StgValue><ssdm name="p_ZZN4nnet26conv_2d_buffer_resource_clINS_5arrayI8ap_fixedILi20ELi10EL9ap_q_mode5_7"/><MemPortTyVec>2 </MemPortTyVec>
</StgValue>
</bind>
</comp>

<comp id="400" class="1000" name="p_ZZN4nnet26conv_2d_buffer_resource_clINS_5arrayI8ap_fixedILi20ELi10EL9ap_q_mode5_18">
<pin_list>
<pin id="401" dir="1" index="0" bw="1" slack="0"/>
</pin_list>
<bind>
<StgValue><ssdm name="p_ZZN4nnet26conv_2d_buffer_resource_clINS_5arrayI8ap_fixedILi20ELi10EL9ap_q_mode5_18"/><MemPortTyVec>2 </MemPortTyVec>
</StgValue>
</bind>
</comp>

<comp id="402" class="1000" name="p_ZZN4nnet26conv_2d_buffer_resource_clINS_5arrayI8ap_fixedILi20ELi10EL9ap_q_mode5_6">
<pin_list>
<pin id="403" dir="1" index="0" bw="1" slack="0"/>
</pin_list>
<bind>
<StgValue><ssdm name="p_ZZN4nnet26conv_2d_buffer_resource_clINS_5arrayI8ap_fixedILi20ELi10EL9ap_q_mode5_6"/><MemPortTyVec>2 </MemPortTyVec>
</StgValue>
</bind>
</comp>

<comp id="404" class="1000" name="p_ZZN4nnet26conv_2d_buffer_resource_clINS_5arrayI8ap_fixedILi20ELi10EL9ap_q_mode5_17">
<pin_list>
<pin id="405" dir="1" index="0" bw="1" slack="0"/>
</pin_list>
<bind>
<StgValue><ssdm name="p_ZZN4nnet26conv_2d_buffer_resource_clINS_5arrayI8ap_fixedILi20ELi10EL9ap_q_mode5_17"/><MemPortTyVec>2 </MemPortTyVec>
</StgValue>
</bind>
</comp>

<comp id="406" class="1000" name="p_ZZN4nnet26conv_2d_buffer_resource_clINS_5arrayI8ap_fixedILi20ELi10EL9ap_q_mode5_5">
<pin_list>
<pin id="407" dir="1" index="0" bw="1" slack="0"/>
</pin_list>
<bind>
<StgValue><ssdm name="p_ZZN4nnet26conv_2d_buffer_resource_clINS_5arrayI8ap_fixedILi20ELi10EL9ap_q_mode5_5"/><MemPortTyVec>2 </MemPortTyVec>
</StgValue>
</bind>
</comp>

<comp id="408" class="1000" name="p_ZZN4nnet26conv_2d_buffer_resource_clINS_5arrayI8ap_fixedILi20ELi10EL9ap_q_mode5_16">
<pin_list>
<pin id="409" dir="1" index="0" bw="1" slack="0"/>
</pin_list>
<bind>
<StgValue><ssdm name="p_ZZN4nnet26conv_2d_buffer_resource_clINS_5arrayI8ap_fixedILi20ELi10EL9ap_q_mode5_16"/><MemPortTyVec>2 </MemPortTyVec>
</StgValue>
</bind>
</comp>

<comp id="410" class="1000" name="p_ZZN4nnet26conv_2d_buffer_resource_clINS_5arrayI8ap_fixedILi20ELi10EL9ap_q_mode5_4">
<pin_list>
<pin id="411" dir="1" index="0" bw="1" slack="0"/>
</pin_list>
<bind>
<StgValue><ssdm name="p_ZZN4nnet26conv_2d_buffer_resource_clINS_5arrayI8ap_fixedILi20ELi10EL9ap_q_mode5_4"/><MemPortTyVec>2 </MemPortTyVec>
</StgValue>
</bind>
</comp>

<comp id="412" class="1000" name="p_ZZN4nnet26conv_2d_buffer_resource_clINS_5arrayI8ap_fixedILi20ELi10EL9ap_q_mode5_15">
<pin_list>
<pin id="413" dir="1" index="0" bw="1" slack="0"/>
</pin_list>
<bind>
<StgValue><ssdm name="p_ZZN4nnet26conv_2d_buffer_resource_clINS_5arrayI8ap_fixedILi20ELi10EL9ap_q_mode5_15"/><MemPortTyVec>2 </MemPortTyVec>
</StgValue>
</bind>
</comp>

<comp id="414" class="1000" name="p_ZZN4nnet26conv_2d_buffer_resource_clINS_5arrayI8ap_fixedILi20ELi10EL9ap_q_mode5_3">
<pin_list>
<pin id="415" dir="1" index="0" bw="1" slack="0"/>
</pin_list>
<bind>
<StgValue><ssdm name="p_ZZN4nnet26conv_2d_buffer_resource_clINS_5arrayI8ap_fixedILi20ELi10EL9ap_q_mode5_3"/><MemPortTyVec>2 </MemPortTyVec>
</StgValue>
</bind>
</comp>

<comp id="416" class="1000" name="p_ZZN4nnet26conv_2d_buffer_resource_clINS_5arrayI8ap_fixedILi20ELi10EL9ap_q_mode5_14">
<pin_list>
<pin id="417" dir="1" index="0" bw="1" slack="0"/>
</pin_list>
<bind>
<StgValue><ssdm name="p_ZZN4nnet26conv_2d_buffer_resource_clINS_5arrayI8ap_fixedILi20ELi10EL9ap_q_mode5_14"/><MemPortTyVec>2 </MemPortTyVec>
</StgValue>
</bind>
</comp>

<comp id="418" class="1000" name="p_ZZN4nnet26conv_2d_buffer_resource_clINS_5arrayI8ap_fixedILi20ELi10EL9ap_q_mode5_2">
<pin_list>
<pin id="419" dir="1" index="0" bw="1" slack="0"/>
</pin_list>
<bind>
<StgValue><ssdm name="p_ZZN4nnet26conv_2d_buffer_resource_clINS_5arrayI8ap_fixedILi20ELi10EL9ap_q_mode5_2"/><MemPortTyVec>2 </MemPortTyVec>
</StgValue>
</bind>
</comp>

<comp id="420" class="1000" name="p_ZZN4nnet26conv_2d_buffer_resource_clINS_5arrayI8ap_fixedILi20ELi10EL9ap_q_mode5_13">
<pin_list>
<pin id="421" dir="1" index="0" bw="1" slack="0"/>
</pin_list>
<bind>
<StgValue><ssdm name="p_ZZN4nnet26conv_2d_buffer_resource_clINS_5arrayI8ap_fixedILi20ELi10EL9ap_q_mode5_13"/><MemPortTyVec>2 </MemPortTyVec>
</StgValue>
</bind>
</comp>

<comp id="422" class="1000" name="p_ZZN4nnet26conv_2d_buffer_resource_clINS_5arrayI8ap_fixedILi20ELi10EL9ap_q_mode5_1">
<pin_list>
<pin id="423" dir="1" index="0" bw="1" slack="0"/>
</pin_list>
<bind>
<StgValue><ssdm name="p_ZZN4nnet26conv_2d_buffer_resource_clINS_5arrayI8ap_fixedILi20ELi10EL9ap_q_mode5_1"/><MemPortTyVec>2 </MemPortTyVec>
</StgValue>
</bind>
</comp>

<comp id="424" class="1000" name="p_ZZN4nnet26conv_2d_buffer_resource_clINS_5arrayI8ap_fixedILi20ELi10EL9ap_q_mode5_12">
<pin_list>
<pin id="425" dir="1" index="0" bw="1" slack="0"/>
</pin_list>
<bind>
<StgValue><ssdm name="p_ZZN4nnet26conv_2d_buffer_resource_clINS_5arrayI8ap_fixedILi20ELi10EL9ap_q_mode5_12"/><MemPortTyVec>2 </MemPortTyVec>
</StgValue>
</bind>
</comp>

<comp id="426" class="1000" name="p_ZZN4nnet26conv_2d_buffer_resource_clINS_5arrayI8ap_fixedILi20ELi10EL9ap_q_mode5">
<pin_list>
<pin id="427" dir="1" index="0" bw="1" slack="0"/>
</pin_list>
<bind>
<StgValue><ssdm name="p_ZZN4nnet26conv_2d_buffer_resource_clINS_5arrayI8ap_fixedILi20ELi10EL9ap_q_mode5"/><MemPortTyVec>2 </MemPortTyVec>
</StgValue>
</bind>
</comp>

<comp id="428" class="1000" name="p_ZZN4nnet26conv_2d_buffer_resource_clINS_5arrayI8ap_fixedILi20ELi10EL9ap_q_mode5_21">
<pin_list>
<pin id="429" dir="1" index="0" bw="1" slack="0"/>
</pin_list>
<bind>
<StgValue><ssdm name="p_ZZN4nnet26conv_2d_buffer_resource_clINS_5arrayI8ap_fixedILi20ELi10EL9ap_q_mode5_21"/><MemPortTyVec>2 </MemPortTyVec>
</StgValue>
</bind>
</comp>

<comp id="430" class="1000" name="p_ZZN4nnet26conv_2d_buffer_resource_clINS_5arrayI8ap_fixedILi20ELi10EL9ap_q_mode5_9">
<pin_list>
<pin id="431" dir="1" index="0" bw="1" slack="0"/>
</pin_list>
<bind>
<StgValue><ssdm name="p_ZZN4nnet26conv_2d_buffer_resource_clINS_5arrayI8ap_fixedILi20ELi10EL9ap_q_mode5_9"/><MemPortTyVec>2 </MemPortTyVec>
</StgValue>
</bind>
</comp>

<comp id="432" class="1000" name="p_ZZN4nnet26conv_2d_buffer_resource_clINS_5arrayI8ap_fixedILi20ELi10EL9ap_q_mode5_20">
<pin_list>
<pin id="433" dir="1" index="0" bw="1" slack="0"/>
</pin_list>
<bind>
<StgValue><ssdm name="p_ZZN4nnet26conv_2d_buffer_resource_clINS_5arrayI8ap_fixedILi20ELi10EL9ap_q_mode5_20"/><MemPortTyVec>2 </MemPortTyVec>
</StgValue>
</bind>
</comp>

<comp id="434" class="1000" name="p_ZZN4nnet26conv_2d_buffer_resource_clINS_5arrayI8ap_fixedILi20ELi10EL9ap_q_mode5_8">
<pin_list>
<pin id="435" dir="1" index="0" bw="1" slack="0"/>
</pin_list>
<bind>
<StgValue><ssdm name="p_ZZN4nnet26conv_2d_buffer_resource_clINS_5arrayI8ap_fixedILi20ELi10EL9ap_q_mode5_8"/><MemPortTyVec>2 </MemPortTyVec>
</StgValue>
</bind>
</comp>

<comp id="436" class="1000" name="sX_3">
<pin_list>
<pin id="437" dir="1" index="0" bw="1" slack="0"/>
</pin_list>
<bind>
<StgValue><ssdm name="sX_3"/></StgValue>
</bind>
</comp>

<comp id="438" class="1000" name="sY_3">
<pin_list>
<pin id="439" dir="1" index="0" bw="1" slack="0"/>
</pin_list>
<bind>
<StgValue><ssdm name="sY_3"/></StgValue>
</bind>
</comp>

<comp id="440" class="1000" name="pY_3">
<pin_list>
<pin id="441" dir="1" index="0" bw="1" slack="0"/>
</pin_list>
<bind>
<StgValue><ssdm name="pY_3"/></StgValue>
</bind>
</comp>

<comp id="442" class="1000" name="pX_3">
<pin_list>
<pin id="443" dir="1" index="0" bw="1" slack="0"/>
</pin_list>
<bind>
<StgValue><ssdm name="pX_3"/></StgValue>
</bind>
</comp>

<comp id="444" class="1000" name="outidx_59">
<pin_list>
<pin id="445" dir="1" index="0" bw="1" slack="0"/>
</pin_list>
<bind>
<StgValue><ssdm name="outidx_59"/><MemPortTyVec>1 </MemPortTyVec>
</StgValue>
</bind>
</comp>

<comp id="446" class="1000" name="w6">
<pin_list>
<pin id="447" dir="1" index="0" bw="1" slack="0"/>
</pin_list>
<bind>
<StgValue><ssdm name="w6"/><MemPortTyVec>1 </MemPortTyVec>
</StgValue>
</bind>
</comp>

<comp id="448" class="1000" name="sY">
<pin_list>
<pin id="449" dir="1" index="0" bw="1" slack="0"/>
</pin_list>
<bind>
<StgValue><ssdm name="sY"/></StgValue>
</bind>
</comp>

<comp id="450" class="1000" name="pY">
<pin_list>
<pin id="451" dir="1" index="0" bw="1" slack="0"/>
</pin_list>
<bind>
<StgValue><ssdm name="pY"/></StgValue>
</bind>
</comp>

<comp id="452" class="1000" name="void_compute_pool_buffer_2d_array_const_ap_shift_reg_n_filt_stream_kernel_9">
<pin_list>
<pin id="453" dir="1" index="0" bw="1" slack="0"/>
</pin_list>
<bind>
<StgValue><ssdm name="void_compute_pool_buffer_2d_array_const_ap_shift_reg_n_filt_stream_kernel_9"/></StgValue>
</bind>
</comp>

<comp id="454" class="1000" name="p_ZZN4nnet22compute_pool_buffer_2dINS_5arrayI8ap_fixedILi20ELi10EL9ap_q_mode5EL9a_81">
<pin_list>
<pin id="455" dir="1" index="0" bw="1" slack="0"/>
</pin_list>
<bind>
<StgValue><ssdm name="p_ZZN4nnet22compute_pool_buffer_2dINS_5arrayI8ap_fixedILi20ELi10EL9ap_q_mode5EL9a_81"/></StgValue>
</bind>
</comp>

<comp id="456" class="1000" name="p_ZZN4nnet22compute_pool_buffer_2dINS_5arrayI8ap_fixedILi20ELi10EL9ap_q_mode5EL9a_63">
<pin_list>
<pin id="457" dir="1" index="0" bw="1" slack="0"/>
</pin_list>
<bind>
<StgValue><ssdm name="p_ZZN4nnet22compute_pool_buffer_2dINS_5arrayI8ap_fixedILi20ELi10EL9ap_q_mode5EL9a_63"/></StgValue>
</bind>
</comp>

<comp id="458" class="1000" name="p_ZZN4nnet22compute_pool_buffer_2dINS_5arrayI8ap_fixedILi20ELi10EL9ap_q_mode5EL9a_45">
<pin_list>
<pin id="459" dir="1" index="0" bw="1" slack="0"/>
</pin_list>
<bind>
<StgValue><ssdm name="p_ZZN4nnet22compute_pool_buffer_2dINS_5arrayI8ap_fixedILi20ELi10EL9ap_q_mode5EL9a_45"/></StgValue>
</bind>
</comp>

<comp id="460" class="1000" name="p_ZZN4nnet22compute_pool_buffer_2dINS_5arrayI8ap_fixedILi20ELi10EL9ap_q_mode5EL9a_27">
<pin_list>
<pin id="461" dir="1" index="0" bw="1" slack="0"/>
</pin_list>
<bind>
<StgValue><ssdm name="p_ZZN4nnet22compute_pool_buffer_2dINS_5arrayI8ap_fixedILi20ELi10EL9ap_q_mode5EL9a_27"/></StgValue>
</bind>
</comp>

<comp id="462" class="1000" name="p_ZZN4nnet22compute_pool_buffer_2dINS_5arrayI8ap_fixedILi20ELi10EL9ap_q_mode5EL9a_9">
<pin_list>
<pin id="463" dir="1" index="0" bw="1" slack="0"/>
</pin_list>
<bind>
<StgValue><ssdm name="p_ZZN4nnet22compute_pool_buffer_2dINS_5arrayI8ap_fixedILi20ELi10EL9ap_q_mode5EL9a_9"/></StgValue>
</bind>
</comp>

<comp id="464" class="1000" name="p_ZZN4nnet22compute_pool_buffer_2dINS_5arrayI8ap_fixedILi20ELi10EL9ap_q_mode5EL9a_254">
<pin_list>
<pin id="465" dir="1" index="0" bw="1" slack="0"/>
</pin_list>
<bind>
<StgValue><ssdm name="p_ZZN4nnet22compute_pool_buffer_2dINS_5arrayI8ap_fixedILi20ELi10EL9ap_q_mode5EL9a_254"/></StgValue>
</bind>
</comp>

<comp id="466" class="1000" name="p_ZZN4nnet22compute_pool_buffer_2dINS_5arrayI8ap_fixedILi20ELi10EL9ap_q_mode5EL9a_274">
<pin_list>
<pin id="467" dir="1" index="0" bw="1" slack="0"/>
</pin_list>
<bind>
<StgValue><ssdm name="p_ZZN4nnet22compute_pool_buffer_2dINS_5arrayI8ap_fixedILi20ELi10EL9ap_q_mode5EL9a_274"/></StgValue>
</bind>
</comp>

<comp id="468" class="1000" name="p_ZZN4nnet22compute_pool_buffer_2dINS_5arrayI8ap_fixedILi20ELi10EL9ap_q_mode5EL9a_294">
<pin_list>
<pin id="469" dir="1" index="0" bw="1" slack="0"/>
</pin_list>
<bind>
<StgValue><ssdm name="p_ZZN4nnet22compute_pool_buffer_2dINS_5arrayI8ap_fixedILi20ELi10EL9ap_q_mode5EL9a_294"/></StgValue>
</bind>
</comp>

<comp id="470" class="1000" name="p_ZZN4nnet22compute_pool_buffer_2dINS_5arrayI8ap_fixedILi20ELi10EL9ap_q_mode5EL9a_314">
<pin_list>
<pin id="471" dir="1" index="0" bw="1" slack="0"/>
</pin_list>
<bind>
<StgValue><ssdm name="p_ZZN4nnet22compute_pool_buffer_2dINS_5arrayI8ap_fixedILi20ELi10EL9ap_q_mode5EL9a_314"/></StgValue>
</bind>
</comp>

<comp id="472" class="1000" name="void_compute_pool_buffer_2d_array_const_ap_shift_reg_n_filt_stream_kernel_8">
<pin_list>
<pin id="473" dir="1" index="0" bw="1" slack="0"/>
</pin_list>
<bind>
<StgValue><ssdm name="void_compute_pool_buffer_2d_array_const_ap_shift_reg_n_filt_stream_kernel_8"/></StgValue>
</bind>
</comp>

<comp id="474" class="1000" name="p_ZZN4nnet22compute_pool_buffer_2dINS_5arrayI8ap_fixedILi20ELi10EL9ap_q_mode5EL9a_80">
<pin_list>
<pin id="475" dir="1" index="0" bw="1" slack="0"/>
</pin_list>
<bind>
<StgValue><ssdm name="p_ZZN4nnet22compute_pool_buffer_2dINS_5arrayI8ap_fixedILi20ELi10EL9ap_q_mode5EL9a_80"/></StgValue>
</bind>
</comp>

<comp id="476" class="1000" name="p_ZZN4nnet22compute_pool_buffer_2dINS_5arrayI8ap_fixedILi20ELi10EL9ap_q_mode5EL9a_62">
<pin_list>
<pin id="477" dir="1" index="0" bw="1" slack="0"/>
</pin_list>
<bind>
<StgValue><ssdm name="p_ZZN4nnet22compute_pool_buffer_2dINS_5arrayI8ap_fixedILi20ELi10EL9ap_q_mode5EL9a_62"/></StgValue>
</bind>
</comp>

<comp id="478" class="1000" name="p_ZZN4nnet22compute_pool_buffer_2dINS_5arrayI8ap_fixedILi20ELi10EL9ap_q_mode5EL9a_44">
<pin_list>
<pin id="479" dir="1" index="0" bw="1" slack="0"/>
</pin_list>
<bind>
<StgValue><ssdm name="p_ZZN4nnet22compute_pool_buffer_2dINS_5arrayI8ap_fixedILi20ELi10EL9ap_q_mode5EL9a_44"/></StgValue>
</bind>
</comp>

<comp id="480" class="1000" name="p_ZZN4nnet22compute_pool_buffer_2dINS_5arrayI8ap_fixedILi20ELi10EL9ap_q_mode5EL9a_26">
<pin_list>
<pin id="481" dir="1" index="0" bw="1" slack="0"/>
</pin_list>
<bind>
<StgValue><ssdm name="p_ZZN4nnet22compute_pool_buffer_2dINS_5arrayI8ap_fixedILi20ELi10EL9ap_q_mode5EL9a_26"/></StgValue>
</bind>
</comp>

<comp id="482" class="1000" name="p_ZZN4nnet22compute_pool_buffer_2dINS_5arrayI8ap_fixedILi20ELi10EL9ap_q_mode5EL9a_8">
<pin_list>
<pin id="483" dir="1" index="0" bw="1" slack="0"/>
</pin_list>
<bind>
<StgValue><ssdm name="p_ZZN4nnet22compute_pool_buffer_2dINS_5arrayI8ap_fixedILi20ELi10EL9ap_q_mode5EL9a_8"/></StgValue>
</bind>
</comp>

<comp id="484" class="1000" name="p_ZZN4nnet22compute_pool_buffer_2dINS_5arrayI8ap_fixedILi20ELi10EL9ap_q_mode5EL9a_255">
<pin_list>
<pin id="485" dir="1" index="0" bw="1" slack="0"/>
</pin_list>
<bind>
<StgValue><ssdm name="p_ZZN4nnet22compute_pool_buffer_2dINS_5arrayI8ap_fixedILi20ELi10EL9ap_q_mode5EL9a_255"/></StgValue>
</bind>
</comp>

<comp id="486" class="1000" name="p_ZZN4nnet22compute_pool_buffer_2dINS_5arrayI8ap_fixedILi20ELi10EL9ap_q_mode5EL9a_275">
<pin_list>
<pin id="487" dir="1" index="0" bw="1" slack="0"/>
</pin_list>
<bind>
<StgValue><ssdm name="p_ZZN4nnet22compute_pool_buffer_2dINS_5arrayI8ap_fixedILi20ELi10EL9ap_q_mode5EL9a_275"/></StgValue>
</bind>
</comp>

<comp id="488" class="1000" name="p_ZZN4nnet22compute_pool_buffer_2dINS_5arrayI8ap_fixedILi20ELi10EL9ap_q_mode5EL9a_295">
<pin_list>
<pin id="489" dir="1" index="0" bw="1" slack="0"/>
</pin_list>
<bind>
<StgValue><ssdm name="p_ZZN4nnet22compute_pool_buffer_2dINS_5arrayI8ap_fixedILi20ELi10EL9ap_q_mode5EL9a_295"/></StgValue>
</bind>
</comp>

<comp id="490" class="1000" name="p_ZZN4nnet22compute_pool_buffer_2dINS_5arrayI8ap_fixedILi20ELi10EL9ap_q_mode5EL9a_99">
<pin_list>
<pin id="491" dir="1" index="0" bw="1" slack="0"/>
</pin_list>
<bind>
<StgValue><ssdm name="p_ZZN4nnet22compute_pool_buffer_2dINS_5arrayI8ap_fixedILi20ELi10EL9ap_q_mode5EL9a_99"/></StgValue>
</bind>
</comp>

<comp id="492" class="1000" name="void_compute_pool_buffer_2d_array_const_ap_shift_reg_n_filt_stream_kernel_7">
<pin_list>
<pin id="493" dir="1" index="0" bw="1" slack="0"/>
</pin_list>
<bind>
<StgValue><ssdm name="void_compute_pool_buffer_2d_array_const_ap_shift_reg_n_filt_stream_kernel_7"/></StgValue>
</bind>
</comp>

<comp id="494" class="1000" name="p_ZZN4nnet22compute_pool_buffer_2dINS_5arrayI8ap_fixedILi20ELi10EL9ap_q_mode5EL9a_79">
<pin_list>
<pin id="495" dir="1" index="0" bw="1" slack="0"/>
</pin_list>
<bind>
<StgValue><ssdm name="p_ZZN4nnet22compute_pool_buffer_2dINS_5arrayI8ap_fixedILi20ELi10EL9ap_q_mode5EL9a_79"/></StgValue>
</bind>
</comp>

<comp id="496" class="1000" name="p_ZZN4nnet22compute_pool_buffer_2dINS_5arrayI8ap_fixedILi20ELi10EL9ap_q_mode5EL9a_61">
<pin_list>
<pin id="497" dir="1" index="0" bw="1" slack="0"/>
</pin_list>
<bind>
<StgValue><ssdm name="p_ZZN4nnet22compute_pool_buffer_2dINS_5arrayI8ap_fixedILi20ELi10EL9ap_q_mode5EL9a_61"/></StgValue>
</bind>
</comp>

<comp id="498" class="1000" name="p_ZZN4nnet22compute_pool_buffer_2dINS_5arrayI8ap_fixedILi20ELi10EL9ap_q_mode5EL9a_43">
<pin_list>
<pin id="499" dir="1" index="0" bw="1" slack="0"/>
</pin_list>
<bind>
<StgValue><ssdm name="p_ZZN4nnet22compute_pool_buffer_2dINS_5arrayI8ap_fixedILi20ELi10EL9ap_q_mode5EL9a_43"/></StgValue>
</bind>
</comp>

<comp id="500" class="1000" name="p_ZZN4nnet22compute_pool_buffer_2dINS_5arrayI8ap_fixedILi20ELi10EL9ap_q_mode5EL9a_25">
<pin_list>
<pin id="501" dir="1" index="0" bw="1" slack="0"/>
</pin_list>
<bind>
<StgValue><ssdm name="p_ZZN4nnet22compute_pool_buffer_2dINS_5arrayI8ap_fixedILi20ELi10EL9ap_q_mode5EL9a_25"/></StgValue>
</bind>
</comp>

<comp id="502" class="1000" name="p_ZZN4nnet22compute_pool_buffer_2dINS_5arrayI8ap_fixedILi20ELi10EL9ap_q_mode5EL9a_7">
<pin_list>
<pin id="503" dir="1" index="0" bw="1" slack="0"/>
</pin_list>
<bind>
<StgValue><ssdm name="p_ZZN4nnet22compute_pool_buffer_2dINS_5arrayI8ap_fixedILi20ELi10EL9ap_q_mode5EL9a_7"/></StgValue>
</bind>
</comp>

<comp id="504" class="1000" name="p_ZZN4nnet22compute_pool_buffer_2dINS_5arrayI8ap_fixedILi20ELi10EL9ap_q_mode5EL9a_257">
<pin_list>
<pin id="505" dir="1" index="0" bw="1" slack="0"/>
</pin_list>
<bind>
<StgValue><ssdm name="p_ZZN4nnet22compute_pool_buffer_2dINS_5arrayI8ap_fixedILi20ELi10EL9ap_q_mode5EL9a_257"/></StgValue>
</bind>
</comp>

<comp id="506" class="1000" name="p_ZZN4nnet22compute_pool_buffer_2dINS_5arrayI8ap_fixedILi20ELi10EL9ap_q_mode5EL9a_276">
<pin_list>
<pin id="507" dir="1" index="0" bw="1" slack="0"/>
</pin_list>
<bind>
<StgValue><ssdm name="p_ZZN4nnet22compute_pool_buffer_2dINS_5arrayI8ap_fixedILi20ELi10EL9ap_q_mode5EL9a_276"/></StgValue>
</bind>
</comp>

<comp id="508" class="1000" name="p_ZZN4nnet22compute_pool_buffer_2dINS_5arrayI8ap_fixedILi20ELi10EL9ap_q_mode5EL9a_296">
<pin_list>
<pin id="509" dir="1" index="0" bw="1" slack="0"/>
</pin_list>
<bind>
<StgValue><ssdm name="p_ZZN4nnet22compute_pool_buffer_2dINS_5arrayI8ap_fixedILi20ELi10EL9ap_q_mode5EL9a_296"/></StgValue>
</bind>
</comp>

<comp id="510" class="1000" name="p_ZZN4nnet22compute_pool_buffer_2dINS_5arrayI8ap_fixedILi20ELi10EL9ap_q_mode5EL9a_98">
<pin_list>
<pin id="511" dir="1" index="0" bw="1" slack="0"/>
</pin_list>
<bind>
<StgValue><ssdm name="p_ZZN4nnet22compute_pool_buffer_2dINS_5arrayI8ap_fixedILi20ELi10EL9ap_q_mode5EL9a_98"/></StgValue>
</bind>
</comp>

<comp id="512" class="1000" name="void_compute_pool_buffer_2d_array_const_ap_shift_reg_n_filt_stream_kernel_6">
<pin_list>
<pin id="513" dir="1" index="0" bw="1" slack="0"/>
</pin_list>
<bind>
<StgValue><ssdm name="void_compute_pool_buffer_2d_array_const_ap_shift_reg_n_filt_stream_kernel_6"/></StgValue>
</bind>
</comp>

<comp id="514" class="1000" name="p_ZZN4nnet22compute_pool_buffer_2dINS_5arrayI8ap_fixedILi20ELi10EL9ap_q_mode5EL9a_78">
<pin_list>
<pin id="515" dir="1" index="0" bw="1" slack="0"/>
</pin_list>
<bind>
<StgValue><ssdm name="p_ZZN4nnet22compute_pool_buffer_2dINS_5arrayI8ap_fixedILi20ELi10EL9ap_q_mode5EL9a_78"/></StgValue>
</bind>
</comp>

<comp id="516" class="1000" name="p_ZZN4nnet22compute_pool_buffer_2dINS_5arrayI8ap_fixedILi20ELi10EL9ap_q_mode5EL9a_60">
<pin_list>
<pin id="517" dir="1" index="0" bw="1" slack="0"/>
</pin_list>
<bind>
<StgValue><ssdm name="p_ZZN4nnet22compute_pool_buffer_2dINS_5arrayI8ap_fixedILi20ELi10EL9ap_q_mode5EL9a_60"/></StgValue>
</bind>
</comp>

<comp id="518" class="1000" name="p_ZZN4nnet22compute_pool_buffer_2dINS_5arrayI8ap_fixedILi20ELi10EL9ap_q_mode5EL9a_42">
<pin_list>
<pin id="519" dir="1" index="0" bw="1" slack="0"/>
</pin_list>
<bind>
<StgValue><ssdm name="p_ZZN4nnet22compute_pool_buffer_2dINS_5arrayI8ap_fixedILi20ELi10EL9ap_q_mode5EL9a_42"/></StgValue>
</bind>
</comp>

<comp id="520" class="1000" name="p_ZZN4nnet22compute_pool_buffer_2dINS_5arrayI8ap_fixedILi20ELi10EL9ap_q_mode5EL9a_24">
<pin_list>
<pin id="521" dir="1" index="0" bw="1" slack="0"/>
</pin_list>
<bind>
<StgValue><ssdm name="p_ZZN4nnet22compute_pool_buffer_2dINS_5arrayI8ap_fixedILi20ELi10EL9ap_q_mode5EL9a_24"/></StgValue>
</bind>
</comp>

<comp id="522" class="1000" name="p_ZZN4nnet22compute_pool_buffer_2dINS_5arrayI8ap_fixedILi20ELi10EL9ap_q_mode5EL9a_6">
<pin_list>
<pin id="523" dir="1" index="0" bw="1" slack="0"/>
</pin_list>
<bind>
<StgValue><ssdm name="p_ZZN4nnet22compute_pool_buffer_2dINS_5arrayI8ap_fixedILi20ELi10EL9ap_q_mode5EL9a_6"/></StgValue>
</bind>
</comp>

<comp id="524" class="1000" name="p_ZZN4nnet22compute_pool_buffer_2dINS_5arrayI8ap_fixedILi20ELi10EL9ap_q_mode5EL9a_258">
<pin_list>
<pin id="525" dir="1" index="0" bw="1" slack="0"/>
</pin_list>
<bind>
<StgValue><ssdm name="p_ZZN4nnet22compute_pool_buffer_2dINS_5arrayI8ap_fixedILi20ELi10EL9ap_q_mode5EL9a_258"/></StgValue>
</bind>
</comp>

<comp id="526" class="1000" name="p_ZZN4nnet22compute_pool_buffer_2dINS_5arrayI8ap_fixedILi20ELi10EL9ap_q_mode5EL9a_277">
<pin_list>
<pin id="527" dir="1" index="0" bw="1" slack="0"/>
</pin_list>
<bind>
<StgValue><ssdm name="p_ZZN4nnet22compute_pool_buffer_2dINS_5arrayI8ap_fixedILi20ELi10EL9ap_q_mode5EL9a_277"/></StgValue>
</bind>
</comp>

<comp id="528" class="1000" name="p_ZZN4nnet22compute_pool_buffer_2dINS_5arrayI8ap_fixedILi20ELi10EL9ap_q_mode5EL9a_297">
<pin_list>
<pin id="529" dir="1" index="0" bw="1" slack="0"/>
</pin_list>
<bind>
<StgValue><ssdm name="p_ZZN4nnet22compute_pool_buffer_2dINS_5arrayI8ap_fixedILi20ELi10EL9ap_q_mode5EL9a_297"/></StgValue>
</bind>
</comp>

<comp id="530" class="1000" name="p_ZZN4nnet22compute_pool_buffer_2dINS_5arrayI8ap_fixedILi20ELi10EL9ap_q_mode5EL9a_97">
<pin_list>
<pin id="531" dir="1" index="0" bw="1" slack="0"/>
</pin_list>
<bind>
<StgValue><ssdm name="p_ZZN4nnet22compute_pool_buffer_2dINS_5arrayI8ap_fixedILi20ELi10EL9ap_q_mode5EL9a_97"/></StgValue>
</bind>
</comp>

<comp id="532" class="1000" name="void_compute_pool_buffer_2d_array_const_ap_shift_reg_n_filt_stream_kernel_5">
<pin_list>
<pin id="533" dir="1" index="0" bw="1" slack="0"/>
</pin_list>
<bind>
<StgValue><ssdm name="void_compute_pool_buffer_2d_array_const_ap_shift_reg_n_filt_stream_kernel_5"/></StgValue>
</bind>
</comp>

<comp id="534" class="1000" name="p_ZZN4nnet22compute_pool_buffer_2dINS_5arrayI8ap_fixedILi20ELi10EL9ap_q_mode5EL9a_77">
<pin_list>
<pin id="535" dir="1" index="0" bw="1" slack="0"/>
</pin_list>
<bind>
<StgValue><ssdm name="p_ZZN4nnet22compute_pool_buffer_2dINS_5arrayI8ap_fixedILi20ELi10EL9ap_q_mode5EL9a_77"/></StgValue>
</bind>
</comp>

<comp id="536" class="1000" name="p_ZZN4nnet22compute_pool_buffer_2dINS_5arrayI8ap_fixedILi20ELi10EL9ap_q_mode5EL9a_59">
<pin_list>
<pin id="537" dir="1" index="0" bw="1" slack="0"/>
</pin_list>
<bind>
<StgValue><ssdm name="p_ZZN4nnet22compute_pool_buffer_2dINS_5arrayI8ap_fixedILi20ELi10EL9ap_q_mode5EL9a_59"/></StgValue>
</bind>
</comp>

<comp id="538" class="1000" name="p_ZZN4nnet22compute_pool_buffer_2dINS_5arrayI8ap_fixedILi20ELi10EL9ap_q_mode5EL9a_41">
<pin_list>
<pin id="539" dir="1" index="0" bw="1" slack="0"/>
</pin_list>
<bind>
<StgValue><ssdm name="p_ZZN4nnet22compute_pool_buffer_2dINS_5arrayI8ap_fixedILi20ELi10EL9ap_q_mode5EL9a_41"/></StgValue>
</bind>
</comp>

<comp id="540" class="1000" name="p_ZZN4nnet22compute_pool_buffer_2dINS_5arrayI8ap_fixedILi20ELi10EL9ap_q_mode5EL9a_23">
<pin_list>
<pin id="541" dir="1" index="0" bw="1" slack="0"/>
</pin_list>
<bind>
<StgValue><ssdm name="p_ZZN4nnet22compute_pool_buffer_2dINS_5arrayI8ap_fixedILi20ELi10EL9ap_q_mode5EL9a_23"/></StgValue>
</bind>
</comp>

<comp id="542" class="1000" name="p_ZZN4nnet22compute_pool_buffer_2dINS_5arrayI8ap_fixedILi20ELi10EL9ap_q_mode5EL9a_5">
<pin_list>
<pin id="543" dir="1" index="0" bw="1" slack="0"/>
</pin_list>
<bind>
<StgValue><ssdm name="p_ZZN4nnet22compute_pool_buffer_2dINS_5arrayI8ap_fixedILi20ELi10EL9ap_q_mode5EL9a_5"/></StgValue>
</bind>
</comp>

<comp id="544" class="1000" name="p_ZZN4nnet22compute_pool_buffer_2dINS_5arrayI8ap_fixedILi20ELi10EL9ap_q_mode5EL9a_259">
<pin_list>
<pin id="545" dir="1" index="0" bw="1" slack="0"/>
</pin_list>
<bind>
<StgValue><ssdm name="p_ZZN4nnet22compute_pool_buffer_2dINS_5arrayI8ap_fixedILi20ELi10EL9ap_q_mode5EL9a_259"/></StgValue>
</bind>
</comp>

<comp id="546" class="1000" name="p_ZZN4nnet22compute_pool_buffer_2dINS_5arrayI8ap_fixedILi20ELi10EL9ap_q_mode5EL9a_279">
<pin_list>
<pin id="547" dir="1" index="0" bw="1" slack="0"/>
</pin_list>
<bind>
<StgValue><ssdm name="p_ZZN4nnet22compute_pool_buffer_2dINS_5arrayI8ap_fixedILi20ELi10EL9ap_q_mode5EL9a_279"/></StgValue>
</bind>
</comp>

<comp id="548" class="1000" name="p_ZZN4nnet22compute_pool_buffer_2dINS_5arrayI8ap_fixedILi20ELi10EL9ap_q_mode5EL9a_298">
<pin_list>
<pin id="549" dir="1" index="0" bw="1" slack="0"/>
</pin_list>
<bind>
<StgValue><ssdm name="p_ZZN4nnet22compute_pool_buffer_2dINS_5arrayI8ap_fixedILi20ELi10EL9ap_q_mode5EL9a_298"/></StgValue>
</bind>
</comp>

<comp id="550" class="1000" name="p_ZZN4nnet22compute_pool_buffer_2dINS_5arrayI8ap_fixedILi20ELi10EL9ap_q_mode5EL9a_96">
<pin_list>
<pin id="551" dir="1" index="0" bw="1" slack="0"/>
</pin_list>
<bind>
<StgValue><ssdm name="p_ZZN4nnet22compute_pool_buffer_2dINS_5arrayI8ap_fixedILi20ELi10EL9ap_q_mode5EL9a_96"/></StgValue>
</bind>
</comp>

<comp id="552" class="1000" name="void_compute_pool_buffer_2d_array_const_ap_shift_reg_n_filt_stream_kernel_4">
<pin_list>
<pin id="553" dir="1" index="0" bw="1" slack="0"/>
</pin_list>
<bind>
<StgValue><ssdm name="void_compute_pool_buffer_2d_array_const_ap_shift_reg_n_filt_stream_kernel_4"/></StgValue>
</bind>
</comp>

<comp id="554" class="1000" name="p_ZZN4nnet22compute_pool_buffer_2dINS_5arrayI8ap_fixedILi20ELi10EL9ap_q_mode5EL9a_76">
<pin_list>
<pin id="555" dir="1" index="0" bw="1" slack="0"/>
</pin_list>
<bind>
<StgValue><ssdm name="p_ZZN4nnet22compute_pool_buffer_2dINS_5arrayI8ap_fixedILi20ELi10EL9ap_q_mode5EL9a_76"/></StgValue>
</bind>
</comp>

<comp id="556" class="1000" name="p_ZZN4nnet22compute_pool_buffer_2dINS_5arrayI8ap_fixedILi20ELi10EL9ap_q_mode5EL9a_58">
<pin_list>
<pin id="557" dir="1" index="0" bw="1" slack="0"/>
</pin_list>
<bind>
<StgValue><ssdm name="p_ZZN4nnet22compute_pool_buffer_2dINS_5arrayI8ap_fixedILi20ELi10EL9ap_q_mode5EL9a_58"/></StgValue>
</bind>
</comp>

<comp id="558" class="1000" name="p_ZZN4nnet22compute_pool_buffer_2dINS_5arrayI8ap_fixedILi20ELi10EL9ap_q_mode5EL9a_40">
<pin_list>
<pin id="559" dir="1" index="0" bw="1" slack="0"/>
</pin_list>
<bind>
<StgValue><ssdm name="p_ZZN4nnet22compute_pool_buffer_2dINS_5arrayI8ap_fixedILi20ELi10EL9ap_q_mode5EL9a_40"/></StgValue>
</bind>
</comp>

<comp id="560" class="1000" name="p_ZZN4nnet22compute_pool_buffer_2dINS_5arrayI8ap_fixedILi20ELi10EL9ap_q_mode5EL9a_22">
<pin_list>
<pin id="561" dir="1" index="0" bw="1" slack="0"/>
</pin_list>
<bind>
<StgValue><ssdm name="p_ZZN4nnet22compute_pool_buffer_2dINS_5arrayI8ap_fixedILi20ELi10EL9ap_q_mode5EL9a_22"/></StgValue>
</bind>
</comp>

<comp id="562" class="1000" name="p_ZZN4nnet22compute_pool_buffer_2dINS_5arrayI8ap_fixedILi20ELi10EL9ap_q_mode5EL9a_4">
<pin_list>
<pin id="563" dir="1" index="0" bw="1" slack="0"/>
</pin_list>
<bind>
<StgValue><ssdm name="p_ZZN4nnet22compute_pool_buffer_2dINS_5arrayI8ap_fixedILi20ELi10EL9ap_q_mode5EL9a_4"/></StgValue>
</bind>
</comp>

<comp id="564" class="1000" name="p_ZZN4nnet22compute_pool_buffer_2dINS_5arrayI8ap_fixedILi20ELi10EL9ap_q_mode5EL9a_260">
<pin_list>
<pin id="565" dir="1" index="0" bw="1" slack="0"/>
</pin_list>
<bind>
<StgValue><ssdm name="p_ZZN4nnet22compute_pool_buffer_2dINS_5arrayI8ap_fixedILi20ELi10EL9ap_q_mode5EL9a_260"/></StgValue>
</bind>
</comp>

<comp id="566" class="1000" name="p_ZZN4nnet22compute_pool_buffer_2dINS_5arrayI8ap_fixedILi20ELi10EL9ap_q_mode5EL9a_280">
<pin_list>
<pin id="567" dir="1" index="0" bw="1" slack="0"/>
</pin_list>
<bind>
<StgValue><ssdm name="p_ZZN4nnet22compute_pool_buffer_2dINS_5arrayI8ap_fixedILi20ELi10EL9ap_q_mode5EL9a_280"/></StgValue>
</bind>
</comp>

<comp id="568" class="1000" name="p_ZZN4nnet22compute_pool_buffer_2dINS_5arrayI8ap_fixedILi20ELi10EL9ap_q_mode5EL9a_299">
<pin_list>
<pin id="569" dir="1" index="0" bw="1" slack="0"/>
</pin_list>
<bind>
<StgValue><ssdm name="p_ZZN4nnet22compute_pool_buffer_2dINS_5arrayI8ap_fixedILi20ELi10EL9ap_q_mode5EL9a_299"/></StgValue>
</bind>
</comp>

<comp id="570" class="1000" name="p_ZZN4nnet22compute_pool_buffer_2dINS_5arrayI8ap_fixedILi20ELi10EL9ap_q_mode5EL9a_95">
<pin_list>
<pin id="571" dir="1" index="0" bw="1" slack="0"/>
</pin_list>
<bind>
<StgValue><ssdm name="p_ZZN4nnet22compute_pool_buffer_2dINS_5arrayI8ap_fixedILi20ELi10EL9ap_q_mode5EL9a_95"/></StgValue>
</bind>
</comp>

<comp id="572" class="1000" name="void_compute_pool_buffer_2d_array_const_ap_shift_reg_n_filt_stream_kernel_3">
<pin_list>
<pin id="573" dir="1" index="0" bw="1" slack="0"/>
</pin_list>
<bind>
<StgValue><ssdm name="void_compute_pool_buffer_2d_array_const_ap_shift_reg_n_filt_stream_kernel_3"/></StgValue>
</bind>
</comp>

<comp id="574" class="1000" name="p_ZZN4nnet22compute_pool_buffer_2dINS_5arrayI8ap_fixedILi20ELi10EL9ap_q_mode5EL9a_75">
<pin_list>
<pin id="575" dir="1" index="0" bw="1" slack="0"/>
</pin_list>
<bind>
<StgValue><ssdm name="p_ZZN4nnet22compute_pool_buffer_2dINS_5arrayI8ap_fixedILi20ELi10EL9ap_q_mode5EL9a_75"/></StgValue>
</bind>
</comp>

<comp id="576" class="1000" name="p_ZZN4nnet22compute_pool_buffer_2dINS_5arrayI8ap_fixedILi20ELi10EL9ap_q_mode5EL9a_57">
<pin_list>
<pin id="577" dir="1" index="0" bw="1" slack="0"/>
</pin_list>
<bind>
<StgValue><ssdm name="p_ZZN4nnet22compute_pool_buffer_2dINS_5arrayI8ap_fixedILi20ELi10EL9ap_q_mode5EL9a_57"/></StgValue>
</bind>
</comp>

<comp id="578" class="1000" name="p_ZZN4nnet22compute_pool_buffer_2dINS_5arrayI8ap_fixedILi20ELi10EL9ap_q_mode5EL9a_39">
<pin_list>
<pin id="579" dir="1" index="0" bw="1" slack="0"/>
</pin_list>
<bind>
<StgValue><ssdm name="p_ZZN4nnet22compute_pool_buffer_2dINS_5arrayI8ap_fixedILi20ELi10EL9ap_q_mode5EL9a_39"/></StgValue>
</bind>
</comp>

<comp id="580" class="1000" name="p_ZZN4nnet22compute_pool_buffer_2dINS_5arrayI8ap_fixedILi20ELi10EL9ap_q_mode5EL9a_21">
<pin_list>
<pin id="581" dir="1" index="0" bw="1" slack="0"/>
</pin_list>
<bind>
<StgValue><ssdm name="p_ZZN4nnet22compute_pool_buffer_2dINS_5arrayI8ap_fixedILi20ELi10EL9ap_q_mode5EL9a_21"/></StgValue>
</bind>
</comp>

<comp id="582" class="1000" name="p_ZZN4nnet22compute_pool_buffer_2dINS_5arrayI8ap_fixedILi20ELi10EL9ap_q_mode5EL9a_3">
<pin_list>
<pin id="583" dir="1" index="0" bw="1" slack="0"/>
</pin_list>
<bind>
<StgValue><ssdm name="p_ZZN4nnet22compute_pool_buffer_2dINS_5arrayI8ap_fixedILi20ELi10EL9ap_q_mode5EL9a_3"/></StgValue>
</bind>
</comp>

<comp id="584" class="1000" name="p_ZZN4nnet22compute_pool_buffer_2dINS_5arrayI8ap_fixedILi20ELi10EL9ap_q_mode5EL9a_261">
<pin_list>
<pin id="585" dir="1" index="0" bw="1" slack="0"/>
</pin_list>
<bind>
<StgValue><ssdm name="p_ZZN4nnet22compute_pool_buffer_2dINS_5arrayI8ap_fixedILi20ELi10EL9ap_q_mode5EL9a_261"/></StgValue>
</bind>
</comp>

<comp id="586" class="1000" name="p_ZZN4nnet22compute_pool_buffer_2dINS_5arrayI8ap_fixedILi20ELi10EL9ap_q_mode5EL9a_281">
<pin_list>
<pin id="587" dir="1" index="0" bw="1" slack="0"/>
</pin_list>
<bind>
<StgValue><ssdm name="p_ZZN4nnet22compute_pool_buffer_2dINS_5arrayI8ap_fixedILi20ELi10EL9ap_q_mode5EL9a_281"/></StgValue>
</bind>
</comp>

<comp id="588" class="1000" name="p_ZZN4nnet22compute_pool_buffer_2dINS_5arrayI8ap_fixedILi20ELi10EL9ap_q_mode5EL9a_301">
<pin_list>
<pin id="589" dir="1" index="0" bw="1" slack="0"/>
</pin_list>
<bind>
<StgValue><ssdm name="p_ZZN4nnet22compute_pool_buffer_2dINS_5arrayI8ap_fixedILi20ELi10EL9ap_q_mode5EL9a_301"/></StgValue>
</bind>
</comp>

<comp id="590" class="1000" name="p_ZZN4nnet22compute_pool_buffer_2dINS_5arrayI8ap_fixedILi20ELi10EL9ap_q_mode5EL9a_94">
<pin_list>
<pin id="591" dir="1" index="0" bw="1" slack="0"/>
</pin_list>
<bind>
<StgValue><ssdm name="p_ZZN4nnet22compute_pool_buffer_2dINS_5arrayI8ap_fixedILi20ELi10EL9ap_q_mode5EL9a_94"/></StgValue>
</bind>
</comp>

<comp id="592" class="1000" name="void_compute_pool_buffer_2d_array_const_ap_shift_reg_n_filt_stream_kernel_2">
<pin_list>
<pin id="593" dir="1" index="0" bw="1" slack="0"/>
</pin_list>
<bind>
<StgValue><ssdm name="void_compute_pool_buffer_2d_array_const_ap_shift_reg_n_filt_stream_kernel_2"/></StgValue>
</bind>
</comp>

<comp id="594" class="1000" name="p_ZZN4nnet22compute_pool_buffer_2dINS_5arrayI8ap_fixedILi20ELi10EL9ap_q_mode5EL9a_74">
<pin_list>
<pin id="595" dir="1" index="0" bw="1" slack="0"/>
</pin_list>
<bind>
<StgValue><ssdm name="p_ZZN4nnet22compute_pool_buffer_2dINS_5arrayI8ap_fixedILi20ELi10EL9ap_q_mode5EL9a_74"/></StgValue>
</bind>
</comp>

<comp id="596" class="1000" name="p_ZZN4nnet22compute_pool_buffer_2dINS_5arrayI8ap_fixedILi20ELi10EL9ap_q_mode5EL9a_56">
<pin_list>
<pin id="597" dir="1" index="0" bw="1" slack="0"/>
</pin_list>
<bind>
<StgValue><ssdm name="p_ZZN4nnet22compute_pool_buffer_2dINS_5arrayI8ap_fixedILi20ELi10EL9ap_q_mode5EL9a_56"/></StgValue>
</bind>
</comp>

<comp id="598" class="1000" name="p_ZZN4nnet22compute_pool_buffer_2dINS_5arrayI8ap_fixedILi20ELi10EL9ap_q_mode5EL9a_38">
<pin_list>
<pin id="599" dir="1" index="0" bw="1" slack="0"/>
</pin_list>
<bind>
<StgValue><ssdm name="p_ZZN4nnet22compute_pool_buffer_2dINS_5arrayI8ap_fixedILi20ELi10EL9ap_q_mode5EL9a_38"/></StgValue>
</bind>
</comp>

<comp id="600" class="1000" name="p_ZZN4nnet22compute_pool_buffer_2dINS_5arrayI8ap_fixedILi20ELi10EL9ap_q_mode5EL9a_20">
<pin_list>
<pin id="601" dir="1" index="0" bw="1" slack="0"/>
</pin_list>
<bind>
<StgValue><ssdm name="p_ZZN4nnet22compute_pool_buffer_2dINS_5arrayI8ap_fixedILi20ELi10EL9ap_q_mode5EL9a_20"/></StgValue>
</bind>
</comp>

<comp id="602" class="1000" name="p_ZZN4nnet22compute_pool_buffer_2dINS_5arrayI8ap_fixedILi20ELi10EL9ap_q_mode5EL9a_2">
<pin_list>
<pin id="603" dir="1" index="0" bw="1" slack="0"/>
</pin_list>
<bind>
<StgValue><ssdm name="p_ZZN4nnet22compute_pool_buffer_2dINS_5arrayI8ap_fixedILi20ELi10EL9ap_q_mode5EL9a_2"/></StgValue>
</bind>
</comp>

<comp id="604" class="1000" name="p_ZZN4nnet22compute_pool_buffer_2dINS_5arrayI8ap_fixedILi20ELi10EL9ap_q_mode5EL9a_262">
<pin_list>
<pin id="605" dir="1" index="0" bw="1" slack="0"/>
</pin_list>
<bind>
<StgValue><ssdm name="p_ZZN4nnet22compute_pool_buffer_2dINS_5arrayI8ap_fixedILi20ELi10EL9ap_q_mode5EL9a_262"/></StgValue>
</bind>
</comp>

<comp id="606" class="1000" name="p_ZZN4nnet22compute_pool_buffer_2dINS_5arrayI8ap_fixedILi20ELi10EL9ap_q_mode5EL9a_282">
<pin_list>
<pin id="607" dir="1" index="0" bw="1" slack="0"/>
</pin_list>
<bind>
<StgValue><ssdm name="p_ZZN4nnet22compute_pool_buffer_2dINS_5arrayI8ap_fixedILi20ELi10EL9ap_q_mode5EL9a_282"/></StgValue>
</bind>
</comp>

<comp id="608" class="1000" name="p_ZZN4nnet22compute_pool_buffer_2dINS_5arrayI8ap_fixedILi20ELi10EL9ap_q_mode5EL9a_302">
<pin_list>
<pin id="609" dir="1" index="0" bw="1" slack="0"/>
</pin_list>
<bind>
<StgValue><ssdm name="p_ZZN4nnet22compute_pool_buffer_2dINS_5arrayI8ap_fixedILi20ELi10EL9ap_q_mode5EL9a_302"/></StgValue>
</bind>
</comp>

<comp id="610" class="1000" name="p_ZZN4nnet22compute_pool_buffer_2dINS_5arrayI8ap_fixedILi20ELi10EL9ap_q_mode5EL9a_93">
<pin_list>
<pin id="611" dir="1" index="0" bw="1" slack="0"/>
</pin_list>
<bind>
<StgValue><ssdm name="p_ZZN4nnet22compute_pool_buffer_2dINS_5arrayI8ap_fixedILi20ELi10EL9ap_q_mode5EL9a_93"/></StgValue>
</bind>
</comp>

<comp id="612" class="1000" name="void_compute_pool_buffer_2d_array_const_ap_shift_reg_n_filt_stream_kernel_1">
<pin_list>
<pin id="613" dir="1" index="0" bw="1" slack="0"/>
</pin_list>
<bind>
<StgValue><ssdm name="void_compute_pool_buffer_2d_array_const_ap_shift_reg_n_filt_stream_kernel_1"/></StgValue>
</bind>
</comp>

<comp id="614" class="1000" name="p_ZZN4nnet22compute_pool_buffer_2dINS_5arrayI8ap_fixedILi20ELi10EL9ap_q_mode5EL9a_73">
<pin_list>
<pin id="615" dir="1" index="0" bw="1" slack="0"/>
</pin_list>
<bind>
<StgValue><ssdm name="p_ZZN4nnet22compute_pool_buffer_2dINS_5arrayI8ap_fixedILi20ELi10EL9ap_q_mode5EL9a_73"/></StgValue>
</bind>
</comp>

<comp id="616" class="1000" name="p_ZZN4nnet22compute_pool_buffer_2dINS_5arrayI8ap_fixedILi20ELi10EL9ap_q_mode5EL9a_55">
<pin_list>
<pin id="617" dir="1" index="0" bw="1" slack="0"/>
</pin_list>
<bind>
<StgValue><ssdm name="p_ZZN4nnet22compute_pool_buffer_2dINS_5arrayI8ap_fixedILi20ELi10EL9ap_q_mode5EL9a_55"/></StgValue>
</bind>
</comp>

<comp id="618" class="1000" name="p_ZZN4nnet22compute_pool_buffer_2dINS_5arrayI8ap_fixedILi20ELi10EL9ap_q_mode5EL9a_37">
<pin_list>
<pin id="619" dir="1" index="0" bw="1" slack="0"/>
</pin_list>
<bind>
<StgValue><ssdm name="p_ZZN4nnet22compute_pool_buffer_2dINS_5arrayI8ap_fixedILi20ELi10EL9ap_q_mode5EL9a_37"/></StgValue>
</bind>
</comp>

<comp id="620" class="1000" name="p_ZZN4nnet22compute_pool_buffer_2dINS_5arrayI8ap_fixedILi20ELi10EL9ap_q_mode5EL9a_19">
<pin_list>
<pin id="621" dir="1" index="0" bw="1" slack="0"/>
</pin_list>
<bind>
<StgValue><ssdm name="p_ZZN4nnet22compute_pool_buffer_2dINS_5arrayI8ap_fixedILi20ELi10EL9ap_q_mode5EL9a_19"/></StgValue>
</bind>
</comp>

<comp id="622" class="1000" name="p_ZZN4nnet22compute_pool_buffer_2dINS_5arrayI8ap_fixedILi20ELi10EL9ap_q_mode5EL9a_1">
<pin_list>
<pin id="623" dir="1" index="0" bw="1" slack="0"/>
</pin_list>
<bind>
<StgValue><ssdm name="p_ZZN4nnet22compute_pool_buffer_2dINS_5arrayI8ap_fixedILi20ELi10EL9ap_q_mode5EL9a_1"/></StgValue>
</bind>
</comp>

<comp id="624" class="1000" name="p_ZZN4nnet22compute_pool_buffer_2dINS_5arrayI8ap_fixedILi20ELi10EL9ap_q_mode5EL9a_263">
<pin_list>
<pin id="625" dir="1" index="0" bw="1" slack="0"/>
</pin_list>
<bind>
<StgValue><ssdm name="p_ZZN4nnet22compute_pool_buffer_2dINS_5arrayI8ap_fixedILi20ELi10EL9ap_q_mode5EL9a_263"/></StgValue>
</bind>
</comp>

<comp id="626" class="1000" name="p_ZZN4nnet22compute_pool_buffer_2dINS_5arrayI8ap_fixedILi20ELi10EL9ap_q_mode5EL9a_283">
<pin_list>
<pin id="627" dir="1" index="0" bw="1" slack="0"/>
</pin_list>
<bind>
<StgValue><ssdm name="p_ZZN4nnet22compute_pool_buffer_2dINS_5arrayI8ap_fixedILi20ELi10EL9ap_q_mode5EL9a_283"/></StgValue>
</bind>
</comp>

<comp id="628" class="1000" name="p_ZZN4nnet22compute_pool_buffer_2dINS_5arrayI8ap_fixedILi20ELi10EL9ap_q_mode5EL9a_303">
<pin_list>
<pin id="629" dir="1" index="0" bw="1" slack="0"/>
</pin_list>
<bind>
<StgValue><ssdm name="p_ZZN4nnet22compute_pool_buffer_2dINS_5arrayI8ap_fixedILi20ELi10EL9ap_q_mode5EL9a_303"/></StgValue>
</bind>
</comp>

<comp id="630" class="1000" name="p_ZZN4nnet22compute_pool_buffer_2dINS_5arrayI8ap_fixedILi20ELi10EL9ap_q_mode5EL9a_91">
<pin_list>
<pin id="631" dir="1" index="0" bw="1" slack="0"/>
</pin_list>
<bind>
<StgValue><ssdm name="p_ZZN4nnet22compute_pool_buffer_2dINS_5arrayI8ap_fixedILi20ELi10EL9ap_q_mode5EL9a_91"/></StgValue>
</bind>
</comp>

<comp id="632" class="1000" name="void_compute_pool_buffer_2d_array_const_ap_shift_reg_n_filt_stream_kernel">
<pin_list>
<pin id="633" dir="1" index="0" bw="1" slack="0"/>
</pin_list>
<bind>
<StgValue><ssdm name="void_compute_pool_buffer_2d_array_const_ap_shift_reg_n_filt_stream_kernel"/></StgValue>
</bind>
</comp>

<comp id="634" class="1000" name="p_ZZN4nnet22compute_pool_buffer_2dINS_5arrayI8ap_fixedILi20ELi10EL9ap_q_mode5EL9a_72">
<pin_list>
<pin id="635" dir="1" index="0" bw="1" slack="0"/>
</pin_list>
<bind>
<StgValue><ssdm name="p_ZZN4nnet22compute_pool_buffer_2dINS_5arrayI8ap_fixedILi20ELi10EL9ap_q_mode5EL9a_72"/></StgValue>
</bind>
</comp>

<comp id="636" class="1000" name="p_ZZN4nnet22compute_pool_buffer_2dINS_5arrayI8ap_fixedILi20ELi10EL9ap_q_mode5EL9a_54">
<pin_list>
<pin id="637" dir="1" index="0" bw="1" slack="0"/>
</pin_list>
<bind>
<StgValue><ssdm name="p_ZZN4nnet22compute_pool_buffer_2dINS_5arrayI8ap_fixedILi20ELi10EL9ap_q_mode5EL9a_54"/></StgValue>
</bind>
</comp>

<comp id="638" class="1000" name="p_ZZN4nnet22compute_pool_buffer_2dINS_5arrayI8ap_fixedILi20ELi10EL9ap_q_mode5EL9a_36">
<pin_list>
<pin id="639" dir="1" index="0" bw="1" slack="0"/>
</pin_list>
<bind>
<StgValue><ssdm name="p_ZZN4nnet22compute_pool_buffer_2dINS_5arrayI8ap_fixedILi20ELi10EL9ap_q_mode5EL9a_36"/></StgValue>
</bind>
</comp>

<comp id="640" class="1000" name="p_ZZN4nnet22compute_pool_buffer_2dINS_5arrayI8ap_fixedILi20ELi10EL9ap_q_mode5EL9a_18">
<pin_list>
<pin id="641" dir="1" index="0" bw="1" slack="0"/>
</pin_list>
<bind>
<StgValue><ssdm name="p_ZZN4nnet22compute_pool_buffer_2dINS_5arrayI8ap_fixedILi20ELi10EL9ap_q_mode5EL9a_18"/></StgValue>
</bind>
</comp>

<comp id="642" class="1000" name="p_ZZN4nnet22compute_pool_buffer_2dINS_5arrayI8ap_fixedILi20ELi10EL9ap_q_mode5EL9a">
<pin_list>
<pin id="643" dir="1" index="0" bw="1" slack="0"/>
</pin_list>
<bind>
<StgValue><ssdm name="p_ZZN4nnet22compute_pool_buffer_2dINS_5arrayI8ap_fixedILi20ELi10EL9ap_q_mode5EL9a"/></StgValue>
</bind>
</comp>

<comp id="644" class="1000" name="p_ZZN4nnet22compute_pool_buffer_2dINS_5arrayI8ap_fixedILi20ELi10EL9ap_q_mode5EL9a_264">
<pin_list>
<pin id="645" dir="1" index="0" bw="1" slack="0"/>
</pin_list>
<bind>
<StgValue><ssdm name="p_ZZN4nnet22compute_pool_buffer_2dINS_5arrayI8ap_fixedILi20ELi10EL9ap_q_mode5EL9a_264"/></StgValue>
</bind>
</comp>

<comp id="646" class="1000" name="p_ZZN4nnet22compute_pool_buffer_2dINS_5arrayI8ap_fixedILi20ELi10EL9ap_q_mode5EL9a_284">
<pin_list>
<pin id="647" dir="1" index="0" bw="1" slack="0"/>
</pin_list>
<bind>
<StgValue><ssdm name="p_ZZN4nnet22compute_pool_buffer_2dINS_5arrayI8ap_fixedILi20ELi10EL9ap_q_mode5EL9a_284"/></StgValue>
</bind>
</comp>

<comp id="648" class="1000" name="p_ZZN4nnet22compute_pool_buffer_2dINS_5arrayI8ap_fixedILi20ELi10EL9ap_q_mode5EL9a_304">
<pin_list>
<pin id="649" dir="1" index="0" bw="1" slack="0"/>
</pin_list>
<bind>
<StgValue><ssdm name="p_ZZN4nnet22compute_pool_buffer_2dINS_5arrayI8ap_fixedILi20ELi10EL9ap_q_mode5EL9a_304"/></StgValue>
</bind>
</comp>

<comp id="650" class="1000" name="p_ZZN4nnet22compute_pool_buffer_2dINS_5arrayI8ap_fixedILi20ELi10EL9ap_q_mode5EL9a_90">
<pin_list>
<pin id="651" dir="1" index="0" bw="1" slack="0"/>
</pin_list>
<bind>
<StgValue><ssdm name="p_ZZN4nnet22compute_pool_buffer_2dINS_5arrayI8ap_fixedILi20ELi10EL9ap_q_mode5EL9a_90"/></StgValue>
</bind>
</comp>

<comp id="652" class="1000" name="p_ZZN4nnet22compute_pool_buffer_2dINS_5arrayI8ap_fixedILi20ELi10EL9ap_q_mode5EL9a_245">
<pin_list>
<pin id="653" dir="1" index="0" bw="1" slack="0"/>
</pin_list>
<bind>
<StgValue><ssdm name="p_ZZN4nnet22compute_pool_buffer_2dINS_5arrayI8ap_fixedILi20ELi10EL9ap_q_mode5EL9a_245"/></StgValue>
</bind>
</comp>

<comp id="654" class="1000" name="p_ZZN4nnet22compute_pool_buffer_2dINS_5arrayI8ap_fixedILi20ELi10EL9ap_q_mode5EL9a_71">
<pin_list>
<pin id="655" dir="1" index="0" bw="1" slack="0"/>
</pin_list>
<bind>
<StgValue><ssdm name="p_ZZN4nnet22compute_pool_buffer_2dINS_5arrayI8ap_fixedILi20ELi10EL9ap_q_mode5EL9a_71"/></StgValue>
</bind>
</comp>

<comp id="656" class="1000" name="p_ZZN4nnet22compute_pool_buffer_2dINS_5arrayI8ap_fixedILi20ELi10EL9ap_q_mode5EL9a_53">
<pin_list>
<pin id="657" dir="1" index="0" bw="1" slack="0"/>
</pin_list>
<bind>
<StgValue><ssdm name="p_ZZN4nnet22compute_pool_buffer_2dINS_5arrayI8ap_fixedILi20ELi10EL9ap_q_mode5EL9a_53"/></StgValue>
</bind>
</comp>

<comp id="658" class="1000" name="p_ZZN4nnet22compute_pool_buffer_2dINS_5arrayI8ap_fixedILi20ELi10EL9ap_q_mode5EL9a_35">
<pin_list>
<pin id="659" dir="1" index="0" bw="1" slack="0"/>
</pin_list>
<bind>
<StgValue><ssdm name="p_ZZN4nnet22compute_pool_buffer_2dINS_5arrayI8ap_fixedILi20ELi10EL9ap_q_mode5EL9a_35"/></StgValue>
</bind>
</comp>

<comp id="660" class="1000" name="p_ZZN4nnet22compute_pool_buffer_2dINS_5arrayI8ap_fixedILi20ELi10EL9ap_q_mode5EL9a_17">
<pin_list>
<pin id="661" dir="1" index="0" bw="1" slack="0"/>
</pin_list>
<bind>
<StgValue><ssdm name="p_ZZN4nnet22compute_pool_buffer_2dINS_5arrayI8ap_fixedILi20ELi10EL9ap_q_mode5EL9a_17"/></StgValue>
</bind>
</comp>

<comp id="662" class="1000" name="p_ZZN4nnet22compute_pool_buffer_2dINS_5arrayI8ap_fixedILi20ELi10EL9ap_q_mode5EL9a_246">
<pin_list>
<pin id="663" dir="1" index="0" bw="1" slack="0"/>
</pin_list>
<bind>
<StgValue><ssdm name="p_ZZN4nnet22compute_pool_buffer_2dINS_5arrayI8ap_fixedILi20ELi10EL9ap_q_mode5EL9a_246"/></StgValue>
</bind>
</comp>

<comp id="664" class="1000" name="p_ZZN4nnet22compute_pool_buffer_2dINS_5arrayI8ap_fixedILi20ELi10EL9ap_q_mode5EL9a_265">
<pin_list>
<pin id="665" dir="1" index="0" bw="1" slack="0"/>
</pin_list>
<bind>
<StgValue><ssdm name="p_ZZN4nnet22compute_pool_buffer_2dINS_5arrayI8ap_fixedILi20ELi10EL9ap_q_mode5EL9a_265"/></StgValue>
</bind>
</comp>

<comp id="666" class="1000" name="p_ZZN4nnet22compute_pool_buffer_2dINS_5arrayI8ap_fixedILi20ELi10EL9ap_q_mode5EL9a_285">
<pin_list>
<pin id="667" dir="1" index="0" bw="1" slack="0"/>
</pin_list>
<bind>
<StgValue><ssdm name="p_ZZN4nnet22compute_pool_buffer_2dINS_5arrayI8ap_fixedILi20ELi10EL9ap_q_mode5EL9a_285"/></StgValue>
</bind>
</comp>

<comp id="668" class="1000" name="p_ZZN4nnet22compute_pool_buffer_2dINS_5arrayI8ap_fixedILi20ELi10EL9ap_q_mode5EL9a_305">
<pin_list>
<pin id="669" dir="1" index="0" bw="1" slack="0"/>
</pin_list>
<bind>
<StgValue><ssdm name="p_ZZN4nnet22compute_pool_buffer_2dINS_5arrayI8ap_fixedILi20ELi10EL9ap_q_mode5EL9a_305"/></StgValue>
</bind>
</comp>

<comp id="670" class="1000" name="p_ZZN4nnet22compute_pool_buffer_2dINS_5arrayI8ap_fixedILi20ELi10EL9ap_q_mode5EL9a_89">
<pin_list>
<pin id="671" dir="1" index="0" bw="1" slack="0"/>
</pin_list>
<bind>
<StgValue><ssdm name="p_ZZN4nnet22compute_pool_buffer_2dINS_5arrayI8ap_fixedILi20ELi10EL9ap_q_mode5EL9a_89"/></StgValue>
</bind>
</comp>

<comp id="672" class="1000" name="p_ZZN4nnet22compute_pool_buffer_2dINS_5arrayI8ap_fixedILi20ELi10EL9ap_q_mode5EL9a_256">
<pin_list>
<pin id="673" dir="1" index="0" bw="1" slack="0"/>
</pin_list>
<bind>
<StgValue><ssdm name="p_ZZN4nnet22compute_pool_buffer_2dINS_5arrayI8ap_fixedILi20ELi10EL9ap_q_mode5EL9a_256"/></StgValue>
</bind>
</comp>

<comp id="674" class="1000" name="p_ZZN4nnet22compute_pool_buffer_2dINS_5arrayI8ap_fixedILi20ELi10EL9ap_q_mode5EL9a_70">
<pin_list>
<pin id="675" dir="1" index="0" bw="1" slack="0"/>
</pin_list>
<bind>
<StgValue><ssdm name="p_ZZN4nnet22compute_pool_buffer_2dINS_5arrayI8ap_fixedILi20ELi10EL9ap_q_mode5EL9a_70"/></StgValue>
</bind>
</comp>

<comp id="676" class="1000" name="p_ZZN4nnet22compute_pool_buffer_2dINS_5arrayI8ap_fixedILi20ELi10EL9ap_q_mode5EL9a_52">
<pin_list>
<pin id="677" dir="1" index="0" bw="1" slack="0"/>
</pin_list>
<bind>
<StgValue><ssdm name="p_ZZN4nnet22compute_pool_buffer_2dINS_5arrayI8ap_fixedILi20ELi10EL9ap_q_mode5EL9a_52"/></StgValue>
</bind>
</comp>

<comp id="678" class="1000" name="p_ZZN4nnet22compute_pool_buffer_2dINS_5arrayI8ap_fixedILi20ELi10EL9ap_q_mode5EL9a_34">
<pin_list>
<pin id="679" dir="1" index="0" bw="1" slack="0"/>
</pin_list>
<bind>
<StgValue><ssdm name="p_ZZN4nnet22compute_pool_buffer_2dINS_5arrayI8ap_fixedILi20ELi10EL9ap_q_mode5EL9a_34"/></StgValue>
</bind>
</comp>

<comp id="680" class="1000" name="p_ZZN4nnet22compute_pool_buffer_2dINS_5arrayI8ap_fixedILi20ELi10EL9ap_q_mode5EL9a_16">
<pin_list>
<pin id="681" dir="1" index="0" bw="1" slack="0"/>
</pin_list>
<bind>
<StgValue><ssdm name="p_ZZN4nnet22compute_pool_buffer_2dINS_5arrayI8ap_fixedILi20ELi10EL9ap_q_mode5EL9a_16"/></StgValue>
</bind>
</comp>

<comp id="682" class="1000" name="p_ZZN4nnet22compute_pool_buffer_2dINS_5arrayI8ap_fixedILi20ELi10EL9ap_q_mode5EL9a_247">
<pin_list>
<pin id="683" dir="1" index="0" bw="1" slack="0"/>
</pin_list>
<bind>
<StgValue><ssdm name="p_ZZN4nnet22compute_pool_buffer_2dINS_5arrayI8ap_fixedILi20ELi10EL9ap_q_mode5EL9a_247"/></StgValue>
</bind>
</comp>

<comp id="684" class="1000" name="p_ZZN4nnet22compute_pool_buffer_2dINS_5arrayI8ap_fixedILi20ELi10EL9ap_q_mode5EL9a_266">
<pin_list>
<pin id="685" dir="1" index="0" bw="1" slack="0"/>
</pin_list>
<bind>
<StgValue><ssdm name="p_ZZN4nnet22compute_pool_buffer_2dINS_5arrayI8ap_fixedILi20ELi10EL9ap_q_mode5EL9a_266"/></StgValue>
</bind>
</comp>

<comp id="686" class="1000" name="p_ZZN4nnet22compute_pool_buffer_2dINS_5arrayI8ap_fixedILi20ELi10EL9ap_q_mode5EL9a_286">
<pin_list>
<pin id="687" dir="1" index="0" bw="1" slack="0"/>
</pin_list>
<bind>
<StgValue><ssdm name="p_ZZN4nnet22compute_pool_buffer_2dINS_5arrayI8ap_fixedILi20ELi10EL9ap_q_mode5EL9a_286"/></StgValue>
</bind>
</comp>

<comp id="688" class="1000" name="p_ZZN4nnet22compute_pool_buffer_2dINS_5arrayI8ap_fixedILi20ELi10EL9ap_q_mode5EL9a_306">
<pin_list>
<pin id="689" dir="1" index="0" bw="1" slack="0"/>
</pin_list>
<bind>
<StgValue><ssdm name="p_ZZN4nnet22compute_pool_buffer_2dINS_5arrayI8ap_fixedILi20ELi10EL9ap_q_mode5EL9a_306"/></StgValue>
</bind>
</comp>

<comp id="690" class="1000" name="p_ZZN4nnet22compute_pool_buffer_2dINS_5arrayI8ap_fixedILi20ELi10EL9ap_q_mode5EL9a_88">
<pin_list>
<pin id="691" dir="1" index="0" bw="1" slack="0"/>
</pin_list>
<bind>
<StgValue><ssdm name="p_ZZN4nnet22compute_pool_buffer_2dINS_5arrayI8ap_fixedILi20ELi10EL9ap_q_mode5EL9a_88"/></StgValue>
</bind>
</comp>

<comp id="692" class="1000" name="p_ZZN4nnet22compute_pool_buffer_2dINS_5arrayI8ap_fixedILi20ELi10EL9ap_q_mode5EL9a_267">
<pin_list>
<pin id="693" dir="1" index="0" bw="1" slack="0"/>
</pin_list>
<bind>
<StgValue><ssdm name="p_ZZN4nnet22compute_pool_buffer_2dINS_5arrayI8ap_fixedILi20ELi10EL9ap_q_mode5EL9a_267"/></StgValue>
</bind>
</comp>

<comp id="694" class="1000" name="p_ZZN4nnet22compute_pool_buffer_2dINS_5arrayI8ap_fixedILi20ELi10EL9ap_q_mode5EL9a_69">
<pin_list>
<pin id="695" dir="1" index="0" bw="1" slack="0"/>
</pin_list>
<bind>
<StgValue><ssdm name="p_ZZN4nnet22compute_pool_buffer_2dINS_5arrayI8ap_fixedILi20ELi10EL9ap_q_mode5EL9a_69"/></StgValue>
</bind>
</comp>

<comp id="696" class="1000" name="p_ZZN4nnet22compute_pool_buffer_2dINS_5arrayI8ap_fixedILi20ELi10EL9ap_q_mode5EL9a_51">
<pin_list>
<pin id="697" dir="1" index="0" bw="1" slack="0"/>
</pin_list>
<bind>
<StgValue><ssdm name="p_ZZN4nnet22compute_pool_buffer_2dINS_5arrayI8ap_fixedILi20ELi10EL9ap_q_mode5EL9a_51"/></StgValue>
</bind>
</comp>

<comp id="698" class="1000" name="p_ZZN4nnet22compute_pool_buffer_2dINS_5arrayI8ap_fixedILi20ELi10EL9ap_q_mode5EL9a_33">
<pin_list>
<pin id="699" dir="1" index="0" bw="1" slack="0"/>
</pin_list>
<bind>
<StgValue><ssdm name="p_ZZN4nnet22compute_pool_buffer_2dINS_5arrayI8ap_fixedILi20ELi10EL9ap_q_mode5EL9a_33"/></StgValue>
</bind>
</comp>

<comp id="700" class="1000" name="p_ZZN4nnet22compute_pool_buffer_2dINS_5arrayI8ap_fixedILi20ELi10EL9ap_q_mode5EL9a_15">
<pin_list>
<pin id="701" dir="1" index="0" bw="1" slack="0"/>
</pin_list>
<bind>
<StgValue><ssdm name="p_ZZN4nnet22compute_pool_buffer_2dINS_5arrayI8ap_fixedILi20ELi10EL9ap_q_mode5EL9a_15"/></StgValue>
</bind>
</comp>

<comp id="702" class="1000" name="p_ZZN4nnet22compute_pool_buffer_2dINS_5arrayI8ap_fixedILi20ELi10EL9ap_q_mode5EL9a_248">
<pin_list>
<pin id="703" dir="1" index="0" bw="1" slack="0"/>
</pin_list>
<bind>
<StgValue><ssdm name="p_ZZN4nnet22compute_pool_buffer_2dINS_5arrayI8ap_fixedILi20ELi10EL9ap_q_mode5EL9a_248"/></StgValue>
</bind>
</comp>

<comp id="704" class="1000" name="p_ZZN4nnet22compute_pool_buffer_2dINS_5arrayI8ap_fixedILi20ELi10EL9ap_q_mode5EL9a_268">
<pin_list>
<pin id="705" dir="1" index="0" bw="1" slack="0"/>
</pin_list>
<bind>
<StgValue><ssdm name="p_ZZN4nnet22compute_pool_buffer_2dINS_5arrayI8ap_fixedILi20ELi10EL9ap_q_mode5EL9a_268"/></StgValue>
</bind>
</comp>

<comp id="706" class="1000" name="p_ZZN4nnet22compute_pool_buffer_2dINS_5arrayI8ap_fixedILi20ELi10EL9ap_q_mode5EL9a_287">
<pin_list>
<pin id="707" dir="1" index="0" bw="1" slack="0"/>
</pin_list>
<bind>
<StgValue><ssdm name="p_ZZN4nnet22compute_pool_buffer_2dINS_5arrayI8ap_fixedILi20ELi10EL9ap_q_mode5EL9a_287"/></StgValue>
</bind>
</comp>

<comp id="708" class="1000" name="p_ZZN4nnet22compute_pool_buffer_2dINS_5arrayI8ap_fixedILi20ELi10EL9ap_q_mode5EL9a_307">
<pin_list>
<pin id="709" dir="1" index="0" bw="1" slack="0"/>
</pin_list>
<bind>
<StgValue><ssdm name="p_ZZN4nnet22compute_pool_buffer_2dINS_5arrayI8ap_fixedILi20ELi10EL9ap_q_mode5EL9a_307"/></StgValue>
</bind>
</comp>

<comp id="710" class="1000" name="p_ZZN4nnet22compute_pool_buffer_2dINS_5arrayI8ap_fixedILi20ELi10EL9ap_q_mode5EL9a_87">
<pin_list>
<pin id="711" dir="1" index="0" bw="1" slack="0"/>
</pin_list>
<bind>
<StgValue><ssdm name="p_ZZN4nnet22compute_pool_buffer_2dINS_5arrayI8ap_fixedILi20ELi10EL9ap_q_mode5EL9a_87"/></StgValue>
</bind>
</comp>

<comp id="712" class="1000" name="p_ZZN4nnet22compute_pool_buffer_2dINS_5arrayI8ap_fixedILi20ELi10EL9ap_q_mode5EL9a_278">
<pin_list>
<pin id="713" dir="1" index="0" bw="1" slack="0"/>
</pin_list>
<bind>
<StgValue><ssdm name="p_ZZN4nnet22compute_pool_buffer_2dINS_5arrayI8ap_fixedILi20ELi10EL9ap_q_mode5EL9a_278"/></StgValue>
</bind>
</comp>

<comp id="714" class="1000" name="p_ZZN4nnet22compute_pool_buffer_2dINS_5arrayI8ap_fixedILi20ELi10EL9ap_q_mode5EL9a_68">
<pin_list>
<pin id="715" dir="1" index="0" bw="1" slack="0"/>
</pin_list>
<bind>
<StgValue><ssdm name="p_ZZN4nnet22compute_pool_buffer_2dINS_5arrayI8ap_fixedILi20ELi10EL9ap_q_mode5EL9a_68"/></StgValue>
</bind>
</comp>

<comp id="716" class="1000" name="p_ZZN4nnet22compute_pool_buffer_2dINS_5arrayI8ap_fixedILi20ELi10EL9ap_q_mode5EL9a_50">
<pin_list>
<pin id="717" dir="1" index="0" bw="1" slack="0"/>
</pin_list>
<bind>
<StgValue><ssdm name="p_ZZN4nnet22compute_pool_buffer_2dINS_5arrayI8ap_fixedILi20ELi10EL9ap_q_mode5EL9a_50"/></StgValue>
</bind>
</comp>

<comp id="718" class="1000" name="p_ZZN4nnet22compute_pool_buffer_2dINS_5arrayI8ap_fixedILi20ELi10EL9ap_q_mode5EL9a_32">
<pin_list>
<pin id="719" dir="1" index="0" bw="1" slack="0"/>
</pin_list>
<bind>
<StgValue><ssdm name="p_ZZN4nnet22compute_pool_buffer_2dINS_5arrayI8ap_fixedILi20ELi10EL9ap_q_mode5EL9a_32"/></StgValue>
</bind>
</comp>

<comp id="720" class="1000" name="p_ZZN4nnet22compute_pool_buffer_2dINS_5arrayI8ap_fixedILi20ELi10EL9ap_q_mode5EL9a_14">
<pin_list>
<pin id="721" dir="1" index="0" bw="1" slack="0"/>
</pin_list>
<bind>
<StgValue><ssdm name="p_ZZN4nnet22compute_pool_buffer_2dINS_5arrayI8ap_fixedILi20ELi10EL9ap_q_mode5EL9a_14"/></StgValue>
</bind>
</comp>

<comp id="722" class="1000" name="p_ZZN4nnet22compute_pool_buffer_2dINS_5arrayI8ap_fixedILi20ELi10EL9ap_q_mode5EL9a_249">
<pin_list>
<pin id="723" dir="1" index="0" bw="1" slack="0"/>
</pin_list>
<bind>
<StgValue><ssdm name="p_ZZN4nnet22compute_pool_buffer_2dINS_5arrayI8ap_fixedILi20ELi10EL9ap_q_mode5EL9a_249"/></StgValue>
</bind>
</comp>

<comp id="724" class="1000" name="p_ZZN4nnet22compute_pool_buffer_2dINS_5arrayI8ap_fixedILi20ELi10EL9ap_q_mode5EL9a_269">
<pin_list>
<pin id="725" dir="1" index="0" bw="1" slack="0"/>
</pin_list>
<bind>
<StgValue><ssdm name="p_ZZN4nnet22compute_pool_buffer_2dINS_5arrayI8ap_fixedILi20ELi10EL9ap_q_mode5EL9a_269"/></StgValue>
</bind>
</comp>

<comp id="726" class="1000" name="p_ZZN4nnet22compute_pool_buffer_2dINS_5arrayI8ap_fixedILi20ELi10EL9ap_q_mode5EL9a_288">
<pin_list>
<pin id="727" dir="1" index="0" bw="1" slack="0"/>
</pin_list>
<bind>
<StgValue><ssdm name="p_ZZN4nnet22compute_pool_buffer_2dINS_5arrayI8ap_fixedILi20ELi10EL9ap_q_mode5EL9a_288"/></StgValue>
</bind>
</comp>

<comp id="728" class="1000" name="p_ZZN4nnet22compute_pool_buffer_2dINS_5arrayI8ap_fixedILi20ELi10EL9ap_q_mode5EL9a_308">
<pin_list>
<pin id="729" dir="1" index="0" bw="1" slack="0"/>
</pin_list>
<bind>
<StgValue><ssdm name="p_ZZN4nnet22compute_pool_buffer_2dINS_5arrayI8ap_fixedILi20ELi10EL9ap_q_mode5EL9a_308"/></StgValue>
</bind>
</comp>

<comp id="730" class="1000" name="p_ZZN4nnet22compute_pool_buffer_2dINS_5arrayI8ap_fixedILi20ELi10EL9ap_q_mode5EL9a_86">
<pin_list>
<pin id="731" dir="1" index="0" bw="1" slack="0"/>
</pin_list>
<bind>
<StgValue><ssdm name="p_ZZN4nnet22compute_pool_buffer_2dINS_5arrayI8ap_fixedILi20ELi10EL9ap_q_mode5EL9a_86"/></StgValue>
</bind>
</comp>

<comp id="732" class="1000" name="p_ZZN4nnet22compute_pool_buffer_2dINS_5arrayI8ap_fixedILi20ELi10EL9ap_q_mode5EL9a_289">
<pin_list>
<pin id="733" dir="1" index="0" bw="1" slack="0"/>
</pin_list>
<bind>
<StgValue><ssdm name="p_ZZN4nnet22compute_pool_buffer_2dINS_5arrayI8ap_fixedILi20ELi10EL9ap_q_mode5EL9a_289"/></StgValue>
</bind>
</comp>

<comp id="734" class="1000" name="p_ZZN4nnet22compute_pool_buffer_2dINS_5arrayI8ap_fixedILi20ELi10EL9ap_q_mode5EL9a_67">
<pin_list>
<pin id="735" dir="1" index="0" bw="1" slack="0"/>
</pin_list>
<bind>
<StgValue><ssdm name="p_ZZN4nnet22compute_pool_buffer_2dINS_5arrayI8ap_fixedILi20ELi10EL9ap_q_mode5EL9a_67"/></StgValue>
</bind>
</comp>

<comp id="736" class="1000" name="p_ZZN4nnet22compute_pool_buffer_2dINS_5arrayI8ap_fixedILi20ELi10EL9ap_q_mode5EL9a_49">
<pin_list>
<pin id="737" dir="1" index="0" bw="1" slack="0"/>
</pin_list>
<bind>
<StgValue><ssdm name="p_ZZN4nnet22compute_pool_buffer_2dINS_5arrayI8ap_fixedILi20ELi10EL9ap_q_mode5EL9a_49"/></StgValue>
</bind>
</comp>

<comp id="738" class="1000" name="p_ZZN4nnet22compute_pool_buffer_2dINS_5arrayI8ap_fixedILi20ELi10EL9ap_q_mode5EL9a_31">
<pin_list>
<pin id="739" dir="1" index="0" bw="1" slack="0"/>
</pin_list>
<bind>
<StgValue><ssdm name="p_ZZN4nnet22compute_pool_buffer_2dINS_5arrayI8ap_fixedILi20ELi10EL9ap_q_mode5EL9a_31"/></StgValue>
</bind>
</comp>

<comp id="740" class="1000" name="p_ZZN4nnet22compute_pool_buffer_2dINS_5arrayI8ap_fixedILi20ELi10EL9ap_q_mode5EL9a_13">
<pin_list>
<pin id="741" dir="1" index="0" bw="1" slack="0"/>
</pin_list>
<bind>
<StgValue><ssdm name="p_ZZN4nnet22compute_pool_buffer_2dINS_5arrayI8ap_fixedILi20ELi10EL9ap_q_mode5EL9a_13"/></StgValue>
</bind>
</comp>

<comp id="742" class="1000" name="p_ZZN4nnet22compute_pool_buffer_2dINS_5arrayI8ap_fixedILi20ELi10EL9ap_q_mode5EL9a_250">
<pin_list>
<pin id="743" dir="1" index="0" bw="1" slack="0"/>
</pin_list>
<bind>
<StgValue><ssdm name="p_ZZN4nnet22compute_pool_buffer_2dINS_5arrayI8ap_fixedILi20ELi10EL9ap_q_mode5EL9a_250"/></StgValue>
</bind>
</comp>

<comp id="744" class="1000" name="p_ZZN4nnet22compute_pool_buffer_2dINS_5arrayI8ap_fixedILi20ELi10EL9ap_q_mode5EL9a_270">
<pin_list>
<pin id="745" dir="1" index="0" bw="1" slack="0"/>
</pin_list>
<bind>
<StgValue><ssdm name="p_ZZN4nnet22compute_pool_buffer_2dINS_5arrayI8ap_fixedILi20ELi10EL9ap_q_mode5EL9a_270"/></StgValue>
</bind>
</comp>

<comp id="746" class="1000" name="p_ZZN4nnet22compute_pool_buffer_2dINS_5arrayI8ap_fixedILi20ELi10EL9ap_q_mode5EL9a_290">
<pin_list>
<pin id="747" dir="1" index="0" bw="1" slack="0"/>
</pin_list>
<bind>
<StgValue><ssdm name="p_ZZN4nnet22compute_pool_buffer_2dINS_5arrayI8ap_fixedILi20ELi10EL9ap_q_mode5EL9a_290"/></StgValue>
</bind>
</comp>

<comp id="748" class="1000" name="p_ZZN4nnet22compute_pool_buffer_2dINS_5arrayI8ap_fixedILi20ELi10EL9ap_q_mode5EL9a_309">
<pin_list>
<pin id="749" dir="1" index="0" bw="1" slack="0"/>
</pin_list>
<bind>
<StgValue><ssdm name="p_ZZN4nnet22compute_pool_buffer_2dINS_5arrayI8ap_fixedILi20ELi10EL9ap_q_mode5EL9a_309"/></StgValue>
</bind>
</comp>

<comp id="750" class="1000" name="p_ZZN4nnet22compute_pool_buffer_2dINS_5arrayI8ap_fixedILi20ELi10EL9ap_q_mode5EL9a_85">
<pin_list>
<pin id="751" dir="1" index="0" bw="1" slack="0"/>
</pin_list>
<bind>
<StgValue><ssdm name="p_ZZN4nnet22compute_pool_buffer_2dINS_5arrayI8ap_fixedILi20ELi10EL9ap_q_mode5EL9a_85"/></StgValue>
</bind>
</comp>

<comp id="752" class="1000" name="p_ZZN4nnet22compute_pool_buffer_2dINS_5arrayI8ap_fixedILi20ELi10EL9ap_q_mode5EL9a_300">
<pin_list>
<pin id="753" dir="1" index="0" bw="1" slack="0"/>
</pin_list>
<bind>
<StgValue><ssdm name="p_ZZN4nnet22compute_pool_buffer_2dINS_5arrayI8ap_fixedILi20ELi10EL9ap_q_mode5EL9a_300"/></StgValue>
</bind>
</comp>

<comp id="754" class="1000" name="p_ZZN4nnet22compute_pool_buffer_2dINS_5arrayI8ap_fixedILi20ELi10EL9ap_q_mode5EL9a_66">
<pin_list>
<pin id="755" dir="1" index="0" bw="1" slack="0"/>
</pin_list>
<bind>
<StgValue><ssdm name="p_ZZN4nnet22compute_pool_buffer_2dINS_5arrayI8ap_fixedILi20ELi10EL9ap_q_mode5EL9a_66"/></StgValue>
</bind>
</comp>

<comp id="756" class="1000" name="p_ZZN4nnet22compute_pool_buffer_2dINS_5arrayI8ap_fixedILi20ELi10EL9ap_q_mode5EL9a_48">
<pin_list>
<pin id="757" dir="1" index="0" bw="1" slack="0"/>
</pin_list>
<bind>
<StgValue><ssdm name="p_ZZN4nnet22compute_pool_buffer_2dINS_5arrayI8ap_fixedILi20ELi10EL9ap_q_mode5EL9a_48"/></StgValue>
</bind>
</comp>

<comp id="758" class="1000" name="p_ZZN4nnet22compute_pool_buffer_2dINS_5arrayI8ap_fixedILi20ELi10EL9ap_q_mode5EL9a_30">
<pin_list>
<pin id="759" dir="1" index="0" bw="1" slack="0"/>
</pin_list>
<bind>
<StgValue><ssdm name="p_ZZN4nnet22compute_pool_buffer_2dINS_5arrayI8ap_fixedILi20ELi10EL9ap_q_mode5EL9a_30"/></StgValue>
</bind>
</comp>

<comp id="760" class="1000" name="p_ZZN4nnet22compute_pool_buffer_2dINS_5arrayI8ap_fixedILi20ELi10EL9ap_q_mode5EL9a_12">
<pin_list>
<pin id="761" dir="1" index="0" bw="1" slack="0"/>
</pin_list>
<bind>
<StgValue><ssdm name="p_ZZN4nnet22compute_pool_buffer_2dINS_5arrayI8ap_fixedILi20ELi10EL9ap_q_mode5EL9a_12"/></StgValue>
</bind>
</comp>

<comp id="762" class="1000" name="p_ZZN4nnet22compute_pool_buffer_2dINS_5arrayI8ap_fixedILi20ELi10EL9ap_q_mode5EL9a_251">
<pin_list>
<pin id="763" dir="1" index="0" bw="1" slack="0"/>
</pin_list>
<bind>
<StgValue><ssdm name="p_ZZN4nnet22compute_pool_buffer_2dINS_5arrayI8ap_fixedILi20ELi10EL9ap_q_mode5EL9a_251"/></StgValue>
</bind>
</comp>

<comp id="764" class="1000" name="p_ZZN4nnet22compute_pool_buffer_2dINS_5arrayI8ap_fixedILi20ELi10EL9ap_q_mode5EL9a_271">
<pin_list>
<pin id="765" dir="1" index="0" bw="1" slack="0"/>
</pin_list>
<bind>
<StgValue><ssdm name="p_ZZN4nnet22compute_pool_buffer_2dINS_5arrayI8ap_fixedILi20ELi10EL9ap_q_mode5EL9a_271"/></StgValue>
</bind>
</comp>

<comp id="766" class="1000" name="p_ZZN4nnet22compute_pool_buffer_2dINS_5arrayI8ap_fixedILi20ELi10EL9ap_q_mode5EL9a_291">
<pin_list>
<pin id="767" dir="1" index="0" bw="1" slack="0"/>
</pin_list>
<bind>
<StgValue><ssdm name="p_ZZN4nnet22compute_pool_buffer_2dINS_5arrayI8ap_fixedILi20ELi10EL9ap_q_mode5EL9a_291"/></StgValue>
</bind>
</comp>

<comp id="768" class="1000" name="p_ZZN4nnet22compute_pool_buffer_2dINS_5arrayI8ap_fixedILi20ELi10EL9ap_q_mode5EL9a_310">
<pin_list>
<pin id="769" dir="1" index="0" bw="1" slack="0"/>
</pin_list>
<bind>
<StgValue><ssdm name="p_ZZN4nnet22compute_pool_buffer_2dINS_5arrayI8ap_fixedILi20ELi10EL9ap_q_mode5EL9a_310"/></StgValue>
</bind>
</comp>

<comp id="770" class="1000" name="p_ZZN4nnet22compute_pool_buffer_2dINS_5arrayI8ap_fixedILi20ELi10EL9ap_q_mode5EL9a_84">
<pin_list>
<pin id="771" dir="1" index="0" bw="1" slack="0"/>
</pin_list>
<bind>
<StgValue><ssdm name="p_ZZN4nnet22compute_pool_buffer_2dINS_5arrayI8ap_fixedILi20ELi10EL9ap_q_mode5EL9a_84"/></StgValue>
</bind>
</comp>

<comp id="772" class="1000" name="p_ZZN4nnet22compute_pool_buffer_2dINS_5arrayI8ap_fixedILi20ELi10EL9ap_q_mode5EL9a_311">
<pin_list>
<pin id="773" dir="1" index="0" bw="1" slack="0"/>
</pin_list>
<bind>
<StgValue><ssdm name="p_ZZN4nnet22compute_pool_buffer_2dINS_5arrayI8ap_fixedILi20ELi10EL9ap_q_mode5EL9a_311"/></StgValue>
</bind>
</comp>

<comp id="774" class="1000" name="p_ZZN4nnet22compute_pool_buffer_2dINS_5arrayI8ap_fixedILi20ELi10EL9ap_q_mode5EL9a_65">
<pin_list>
<pin id="775" dir="1" index="0" bw="1" slack="0"/>
</pin_list>
<bind>
<StgValue><ssdm name="p_ZZN4nnet22compute_pool_buffer_2dINS_5arrayI8ap_fixedILi20ELi10EL9ap_q_mode5EL9a_65"/></StgValue>
</bind>
</comp>

<comp id="776" class="1000" name="p_ZZN4nnet22compute_pool_buffer_2dINS_5arrayI8ap_fixedILi20ELi10EL9ap_q_mode5EL9a_47">
<pin_list>
<pin id="777" dir="1" index="0" bw="1" slack="0"/>
</pin_list>
<bind>
<StgValue><ssdm name="p_ZZN4nnet22compute_pool_buffer_2dINS_5arrayI8ap_fixedILi20ELi10EL9ap_q_mode5EL9a_47"/></StgValue>
</bind>
</comp>

<comp id="778" class="1000" name="p_ZZN4nnet22compute_pool_buffer_2dINS_5arrayI8ap_fixedILi20ELi10EL9ap_q_mode5EL9a_29">
<pin_list>
<pin id="779" dir="1" index="0" bw="1" slack="0"/>
</pin_list>
<bind>
<StgValue><ssdm name="p_ZZN4nnet22compute_pool_buffer_2dINS_5arrayI8ap_fixedILi20ELi10EL9ap_q_mode5EL9a_29"/></StgValue>
</bind>
</comp>

<comp id="780" class="1000" name="p_ZZN4nnet22compute_pool_buffer_2dINS_5arrayI8ap_fixedILi20ELi10EL9ap_q_mode5EL9a_11">
<pin_list>
<pin id="781" dir="1" index="0" bw="1" slack="0"/>
</pin_list>
<bind>
<StgValue><ssdm name="p_ZZN4nnet22compute_pool_buffer_2dINS_5arrayI8ap_fixedILi20ELi10EL9ap_q_mode5EL9a_11"/></StgValue>
</bind>
</comp>

<comp id="782" class="1000" name="p_ZZN4nnet22compute_pool_buffer_2dINS_5arrayI8ap_fixedILi20ELi10EL9ap_q_mode5EL9a_252">
<pin_list>
<pin id="783" dir="1" index="0" bw="1" slack="0"/>
</pin_list>
<bind>
<StgValue><ssdm name="p_ZZN4nnet22compute_pool_buffer_2dINS_5arrayI8ap_fixedILi20ELi10EL9ap_q_mode5EL9a_252"/></StgValue>
</bind>
</comp>

<comp id="784" class="1000" name="p_ZZN4nnet22compute_pool_buffer_2dINS_5arrayI8ap_fixedILi20ELi10EL9ap_q_mode5EL9a_272">
<pin_list>
<pin id="785" dir="1" index="0" bw="1" slack="0"/>
</pin_list>
<bind>
<StgValue><ssdm name="p_ZZN4nnet22compute_pool_buffer_2dINS_5arrayI8ap_fixedILi20ELi10EL9ap_q_mode5EL9a_272"/></StgValue>
</bind>
</comp>

<comp id="786" class="1000" name="p_ZZN4nnet22compute_pool_buffer_2dINS_5arrayI8ap_fixedILi20ELi10EL9ap_q_mode5EL9a_292">
<pin_list>
<pin id="787" dir="1" index="0" bw="1" slack="0"/>
</pin_list>
<bind>
<StgValue><ssdm name="p_ZZN4nnet22compute_pool_buffer_2dINS_5arrayI8ap_fixedILi20ELi10EL9ap_q_mode5EL9a_292"/></StgValue>
</bind>
</comp>

<comp id="788" class="1000" name="p_ZZN4nnet22compute_pool_buffer_2dINS_5arrayI8ap_fixedILi20ELi10EL9ap_q_mode5EL9a_312">
<pin_list>
<pin id="789" dir="1" index="0" bw="1" slack="0"/>
</pin_list>
<bind>
<StgValue><ssdm name="p_ZZN4nnet22compute_pool_buffer_2dINS_5arrayI8ap_fixedILi20ELi10EL9ap_q_mode5EL9a_312"/></StgValue>
</bind>
</comp>

<comp id="790" class="1000" name="p_ZZN4nnet22compute_pool_buffer_2dINS_5arrayI8ap_fixedILi20ELi10EL9ap_q_mode5EL9a_83">
<pin_list>
<pin id="791" dir="1" index="0" bw="1" slack="0"/>
</pin_list>
<bind>
<StgValue><ssdm name="p_ZZN4nnet22compute_pool_buffer_2dINS_5arrayI8ap_fixedILi20ELi10EL9ap_q_mode5EL9a_83"/></StgValue>
</bind>
</comp>

<comp id="792" class="1000" name="p_ZZN4nnet22compute_pool_buffer_2dINS_5arrayI8ap_fixedILi20ELi10EL9ap_q_mode5EL9a_92">
<pin_list>
<pin id="793" dir="1" index="0" bw="1" slack="0"/>
</pin_list>
<bind>
<StgValue><ssdm name="p_ZZN4nnet22compute_pool_buffer_2dINS_5arrayI8ap_fixedILi20ELi10EL9ap_q_mode5EL9a_92"/></StgValue>
</bind>
</comp>

<comp id="794" class="1000" name="p_ZZN4nnet22compute_pool_buffer_2dINS_5arrayI8ap_fixedILi20ELi10EL9ap_q_mode5EL9a_64">
<pin_list>
<pin id="795" dir="1" index="0" bw="1" slack="0"/>
</pin_list>
<bind>
<StgValue><ssdm name="p_ZZN4nnet22compute_pool_buffer_2dINS_5arrayI8ap_fixedILi20ELi10EL9ap_q_mode5EL9a_64"/></StgValue>
</bind>
</comp>

<comp id="796" class="1000" name="p_ZZN4nnet22compute_pool_buffer_2dINS_5arrayI8ap_fixedILi20ELi10EL9ap_q_mode5EL9a_46">
<pin_list>
<pin id="797" dir="1" index="0" bw="1" slack="0"/>
</pin_list>
<bind>
<StgValue><ssdm name="p_ZZN4nnet22compute_pool_buffer_2dINS_5arrayI8ap_fixedILi20ELi10EL9ap_q_mode5EL9a_46"/></StgValue>
</bind>
</comp>

<comp id="798" class="1000" name="p_ZZN4nnet22compute_pool_buffer_2dINS_5arrayI8ap_fixedILi20ELi10EL9ap_q_mode5EL9a_28">
<pin_list>
<pin id="799" dir="1" index="0" bw="1" slack="0"/>
</pin_list>
<bind>
<StgValue><ssdm name="p_ZZN4nnet22compute_pool_buffer_2dINS_5arrayI8ap_fixedILi20ELi10EL9ap_q_mode5EL9a_28"/></StgValue>
</bind>
</comp>

<comp id="800" class="1000" name="p_ZZN4nnet22compute_pool_buffer_2dINS_5arrayI8ap_fixedILi20ELi10EL9ap_q_mode5EL9a_10">
<pin_list>
<pin id="801" dir="1" index="0" bw="1" slack="0"/>
</pin_list>
<bind>
<StgValue><ssdm name="p_ZZN4nnet22compute_pool_buffer_2dINS_5arrayI8ap_fixedILi20ELi10EL9ap_q_mode5EL9a_10"/></StgValue>
</bind>
</comp>

<comp id="802" class="1000" name="p_ZZN4nnet22compute_pool_buffer_2dINS_5arrayI8ap_fixedILi20ELi10EL9ap_q_mode5EL9a_253">
<pin_list>
<pin id="803" dir="1" index="0" bw="1" slack="0"/>
</pin_list>
<bind>
<StgValue><ssdm name="p_ZZN4nnet22compute_pool_buffer_2dINS_5arrayI8ap_fixedILi20ELi10EL9ap_q_mode5EL9a_253"/></StgValue>
</bind>
</comp>

<comp id="804" class="1000" name="p_ZZN4nnet22compute_pool_buffer_2dINS_5arrayI8ap_fixedILi20ELi10EL9ap_q_mode5EL9a_273">
<pin_list>
<pin id="805" dir="1" index="0" bw="1" slack="0"/>
</pin_list>
<bind>
<StgValue><ssdm name="p_ZZN4nnet22compute_pool_buffer_2dINS_5arrayI8ap_fixedILi20ELi10EL9ap_q_mode5EL9a_273"/></StgValue>
</bind>
</comp>

<comp id="806" class="1000" name="p_ZZN4nnet22compute_pool_buffer_2dINS_5arrayI8ap_fixedILi20ELi10EL9ap_q_mode5EL9a_293">
<pin_list>
<pin id="807" dir="1" index="0" bw="1" slack="0"/>
</pin_list>
<bind>
<StgValue><ssdm name="p_ZZN4nnet22compute_pool_buffer_2dINS_5arrayI8ap_fixedILi20ELi10EL9ap_q_mode5EL9a_293"/></StgValue>
</bind>
</comp>

<comp id="808" class="1000" name="p_ZZN4nnet22compute_pool_buffer_2dINS_5arrayI8ap_fixedILi20ELi10EL9ap_q_mode5EL9a_313">
<pin_list>
<pin id="809" dir="1" index="0" bw="1" slack="0"/>
</pin_list>
<bind>
<StgValue><ssdm name="p_ZZN4nnet22compute_pool_buffer_2dINS_5arrayI8ap_fixedILi20ELi10EL9ap_q_mode5EL9a_313"/></StgValue>
</bind>
</comp>

<comp id="810" class="1000" name="p_ZZN4nnet22compute_pool_buffer_2dINS_5arrayI8ap_fixedILi20ELi10EL9ap_q_mode5EL9a_82">
<pin_list>
<pin id="811" dir="1" index="0" bw="1" slack="0"/>
</pin_list>
<bind>
<StgValue><ssdm name="p_ZZN4nnet22compute_pool_buffer_2dINS_5arrayI8ap_fixedILi20ELi10EL9ap_q_mode5EL9a_82"/></StgValue>
</bind>
</comp>

<comp id="812" class="1000" name="pX">
<pin_list>
<pin id="813" dir="1" index="0" bw="1" slack="0"/>
</pin_list>
<bind>
<StgValue><ssdm name="pX"/></StgValue>
</bind>
</comp>

<comp id="814" class="1000" name="sX">
<pin_list>
<pin id="815" dir="1" index="0" bw="1" slack="0"/>
</pin_list>
<bind>
<StgValue><ssdm name="sX"/></StgValue>
</bind>
</comp>

<comp id="816" class="1000" name="void_pooling2d_cl_stream_stream_array_ap_fixed_18u_0_line_buffer_9">
<pin_list>
<pin id="817" dir="1" index="0" bw="1" slack="0"/>
</pin_list>
<bind>
<StgValue><ssdm name="void_pooling2d_cl_stream_stream_array_ap_fixed_18u_0_line_buffer_9"/><MemPortTyVec>2 </MemPortTyVec>
</StgValue>
</bind>
</comp>

<comp id="818" class="1000" name="void_pooling2d_cl_stream_stream_array_ap_fixed_18u_0_line_buffer_8">
<pin_list>
<pin id="819" dir="1" index="0" bw="1" slack="0"/>
</pin_list>
<bind>
<StgValue><ssdm name="void_pooling2d_cl_stream_stream_array_ap_fixed_18u_0_line_buffer_8"/><MemPortTyVec>2 </MemPortTyVec>
</StgValue>
</bind>
</comp>

<comp id="820" class="1000" name="void_pooling2d_cl_stream_stream_array_ap_fixed_18u_0_line_buffer_7">
<pin_list>
<pin id="821" dir="1" index="0" bw="1" slack="0"/>
</pin_list>
<bind>
<StgValue><ssdm name="void_pooling2d_cl_stream_stream_array_ap_fixed_18u_0_line_buffer_7"/><MemPortTyVec>2 </MemPortTyVec>
</StgValue>
</bind>
</comp>

<comp id="822" class="1000" name="void_pooling2d_cl_stream_stream_array_ap_fixed_18u_0_line_buffer_6">
<pin_list>
<pin id="823" dir="1" index="0" bw="1" slack="0"/>
</pin_list>
<bind>
<StgValue><ssdm name="void_pooling2d_cl_stream_stream_array_ap_fixed_18u_0_line_buffer_6"/><MemPortTyVec>2 </MemPortTyVec>
</StgValue>
</bind>
</comp>

<comp id="824" class="1000" name="void_pooling2d_cl_stream_stream_array_ap_fixed_18u_0_line_buffer_5">
<pin_list>
<pin id="825" dir="1" index="0" bw="1" slack="0"/>
</pin_list>
<bind>
<StgValue><ssdm name="void_pooling2d_cl_stream_stream_array_ap_fixed_18u_0_line_buffer_5"/><MemPortTyVec>2 </MemPortTyVec>
</StgValue>
</bind>
</comp>

<comp id="826" class="1000" name="void_pooling2d_cl_stream_stream_array_ap_fixed_18u_0_line_buffer_4">
<pin_list>
<pin id="827" dir="1" index="0" bw="1" slack="0"/>
</pin_list>
<bind>
<StgValue><ssdm name="void_pooling2d_cl_stream_stream_array_ap_fixed_18u_0_line_buffer_4"/><MemPortTyVec>2 </MemPortTyVec>
</StgValue>
</bind>
</comp>

<comp id="828" class="1000" name="void_pooling2d_cl_stream_stream_array_ap_fixed_18u_0_line_buffer_3">
<pin_list>
<pin id="829" dir="1" index="0" bw="1" slack="0"/>
</pin_list>
<bind>
<StgValue><ssdm name="void_pooling2d_cl_stream_stream_array_ap_fixed_18u_0_line_buffer_3"/><MemPortTyVec>2 </MemPortTyVec>
</StgValue>
</bind>
</comp>

<comp id="830" class="1000" name="void_pooling2d_cl_stream_stream_array_ap_fixed_18u_0_line_buffer_2">
<pin_list>
<pin id="831" dir="1" index="0" bw="1" slack="0"/>
</pin_list>
<bind>
<StgValue><ssdm name="void_pooling2d_cl_stream_stream_array_ap_fixed_18u_0_line_buffer_2"/><MemPortTyVec>2 </MemPortTyVec>
</StgValue>
</bind>
</comp>

<comp id="832" class="1000" name="void_pooling2d_cl_stream_stream_array_ap_fixed_18u_0_line_buffer_1">
<pin_list>
<pin id="833" dir="1" index="0" bw="1" slack="0"/>
</pin_list>
<bind>
<StgValue><ssdm name="void_pooling2d_cl_stream_stream_array_ap_fixed_18u_0_line_buffer_1"/><MemPortTyVec>2 </MemPortTyVec>
</StgValue>
</bind>
</comp>

<comp id="834" class="1000" name="void_pooling2d_cl_stream_stream_array_ap_fixed_18u_0_line_buffer">
<pin_list>
<pin id="835" dir="1" index="0" bw="1" slack="0"/>
</pin_list>
<bind>
<StgValue><ssdm name="void_pooling2d_cl_stream_stream_array_ap_fixed_18u_0_line_buffer"/><MemPortTyVec>2 </MemPortTyVec>
</StgValue>
</bind>
</comp>

<comp id="836" class="1000" name="p_ZZN4nnet12pooling2d_clINS_5arrayI8ap_fixedILi20ELi10EL9ap_q_mode5EL9ap_o_mode3E_7">
<pin_list>
<pin id="837" dir="1" index="0" bw="1" slack="0"/>
</pin_list>
<bind>
<StgValue><ssdm name="p_ZZN4nnet12pooling2d_clINS_5arrayI8ap_fixedILi20ELi10EL9ap_q_mode5EL9ap_o_mode3E_7"/><MemPortTyVec>2 </MemPortTyVec>
</StgValue>
</bind>
</comp>

<comp id="838" class="1000" name="p_ZZN4nnet12pooling2d_clINS_5arrayI8ap_fixedILi20ELi10EL9ap_q_mode5EL9ap_o_mode3E_6">
<pin_list>
<pin id="839" dir="1" index="0" bw="1" slack="0"/>
</pin_list>
<bind>
<StgValue><ssdm name="p_ZZN4nnet12pooling2d_clINS_5arrayI8ap_fixedILi20ELi10EL9ap_q_mode5EL9ap_o_mode3E_6"/><MemPortTyVec>2 </MemPortTyVec>
</StgValue>
</bind>
</comp>

<comp id="840" class="1000" name="p_ZZN4nnet12pooling2d_clINS_5arrayI8ap_fixedILi20ELi10EL9ap_q_mode5EL9ap_o_mode3E_5">
<pin_list>
<pin id="841" dir="1" index="0" bw="1" slack="0"/>
</pin_list>
<bind>
<StgValue><ssdm name="p_ZZN4nnet12pooling2d_clINS_5arrayI8ap_fixedILi20ELi10EL9ap_q_mode5EL9ap_o_mode3E_5"/><MemPortTyVec>2 </MemPortTyVec>
</StgValue>
</bind>
</comp>

<comp id="842" class="1000" name="p_ZZN4nnet12pooling2d_clINS_5arrayI8ap_fixedILi20ELi10EL9ap_q_mode5EL9ap_o_mode3E_4">
<pin_list>
<pin id="843" dir="1" index="0" bw="1" slack="0"/>
</pin_list>
<bind>
<StgValue><ssdm name="p_ZZN4nnet12pooling2d_clINS_5arrayI8ap_fixedILi20ELi10EL9ap_q_mode5EL9ap_o_mode3E_4"/><MemPortTyVec>2 </MemPortTyVec>
</StgValue>
</bind>
</comp>

<comp id="844" class="1000" name="p_ZZN4nnet12pooling2d_clINS_5arrayI8ap_fixedILi20ELi10EL9ap_q_mode5EL9ap_o_mode3E_3">
<pin_list>
<pin id="845" dir="1" index="0" bw="1" slack="0"/>
</pin_list>
<bind>
<StgValue><ssdm name="p_ZZN4nnet12pooling2d_clINS_5arrayI8ap_fixedILi20ELi10EL9ap_q_mode5EL9ap_o_mode3E_3"/><MemPortTyVec>2 </MemPortTyVec>
</StgValue>
</bind>
</comp>

<comp id="846" class="1000" name="p_ZZN4nnet12pooling2d_clINS_5arrayI8ap_fixedILi20ELi10EL9ap_q_mode5EL9ap_o_mode3E_2">
<pin_list>
<pin id="847" dir="1" index="0" bw="1" slack="0"/>
</pin_list>
<bind>
<StgValue><ssdm name="p_ZZN4nnet12pooling2d_clINS_5arrayI8ap_fixedILi20ELi10EL9ap_q_mode5EL9ap_o_mode3E_2"/><MemPortTyVec>2 </MemPortTyVec>
</StgValue>
</bind>
</comp>

<comp id="848" class="1000" name="p_ZZN4nnet12pooling2d_clINS_5arrayI8ap_fixedILi20ELi10EL9ap_q_mode5EL9ap_o_mode3E_1">
<pin_list>
<pin id="849" dir="1" index="0" bw="1" slack="0"/>
</pin_list>
<bind>
<StgValue><ssdm name="p_ZZN4nnet12pooling2d_clINS_5arrayI8ap_fixedILi20ELi10EL9ap_q_mode5EL9ap_o_mode3E_1"/><MemPortTyVec>2 </MemPortTyVec>
</StgValue>
</bind>
</comp>

<comp id="850" class="1000" name="p_ZZN4nnet12pooling2d_clINS_5arrayI8ap_fixedILi20ELi10EL9ap_q_mode5EL9ap_o_mode3E">
<pin_list>
<pin id="851" dir="1" index="0" bw="1" slack="0"/>
</pin_list>
<bind>
<StgValue><ssdm name="p_ZZN4nnet12pooling2d_clINS_5arrayI8ap_fixedILi20ELi10EL9ap_q_mode5EL9ap_o_mode3E"/><MemPortTyVec>2 </MemPortTyVec>
</StgValue>
</bind>
</comp>

<comp id="852" class="1000" name="outidx">
<pin_list>
<pin id="853" dir="1" index="0" bw="1" slack="0"/>
</pin_list>
<bind>
<StgValue><ssdm name="outidx"/><MemPortTyVec>1 </MemPortTyVec>
</StgValue>
</bind>
</comp>

<comp id="854" class="1000" name="w12">
<pin_list>
<pin id="855" dir="1" index="0" bw="1" slack="0"/>
</pin_list>
<bind>
<StgValue><ssdm name="w12"/><MemPortTyVec>1 </MemPortTyVec>
</StgValue>
</bind>
</comp>

<comp id="856" class="1001" name="const_856">
<pin_list>
<pin id="857" dir="1" index="0" bw="1" slack="0"/>
</pin_list>
<bind>
<StgValue><ssdm name=""/></StgValue>
</bind>
</comp>

<comp id="858" class="1001" name="const_858">
<pin_list>
<pin id="859" dir="1" index="0" bw="1" slack="0"/>
</pin_list>
<bind>
<StgValue><ssdm name="zeropad2d_cl<array,array<ap_fixed<20,10,5,3,0>,1u>,config13>"/></StgValue>
</bind>
</comp>

<comp id="860" class="1001" name="const_860">
<pin_list>
<pin id="861" dir="1" index="0" bw="1" slack="0"/>
</pin_list>
<bind>
<StgValue><ssdm name="conv_2d_cl<array<ap_fixed,1u>,array<ap_fixed<18,8,5,3,0>,12u>,config2>"/></StgValue>
</bind>
</comp>

<comp id="862" class="1001" name="const_862">
<pin_list>
<pin id="863" dir="1" index="0" bw="1" slack="0"/>
</pin_list>
<bind>
<StgValue><ssdm name="normalize<array<ap_fixed,12u>,array<ap_fixed<39,19,5,3,0>,12u>,config3>"/></StgValue>
</bind>
</comp>

<comp id="864" class="1001" name="const_864">
<pin_list>
<pin id="865" dir="1" index="0" bw="1" slack="0"/>
</pin_list>
<bind>
<StgValue><ssdm name="relu<array<ap_fixed,12u>,array<ap_fixed<20,10,5,3,0>,12u>,relu_config4>"/></StgValue>
</bind>
</comp>

<comp id="866" class="1001" name="const_866">
<pin_list>
<pin id="867" dir="1" index="0" bw="1" slack="0"/>
</pin_list>
<bind>
<StgValue><ssdm name="pooling2d_cl<array,array<ap_fixed<20,10,5,3,0>,12u>,config5>"/></StgValue>
</bind>
</comp>

<comp id="868" class="1001" name="const_868">
<pin_list>
<pin id="869" dir="1" index="0" bw="1" slack="0"/>
</pin_list>
<bind>
<StgValue><ssdm name="zeropad2d_cl<array,array<ap_fixed<20,10,5,3,0>,12u>,config14>"/></StgValue>
</bind>
</comp>

<comp id="870" class="1001" name="const_870">
<pin_list>
<pin id="871" dir="1" index="0" bw="1" slack="0"/>
</pin_list>
<bind>
<StgValue><ssdm name="conv_2d_cl<array<ap_fixed,12u>,array<ap_fixed<18,8,5,3,0>,18u>,config6>"/></StgValue>
</bind>
</comp>

<comp id="872" class="1001" name="const_872">
<pin_list>
<pin id="873" dir="1" index="0" bw="1" slack="0"/>
</pin_list>
<bind>
<StgValue><ssdm name="normalize<array<ap_fixed,18u>,array<ap_fixed<39,19,5,3,0>,18u>,config7>"/></StgValue>
</bind>
</comp>

<comp id="874" class="1001" name="const_874">
<pin_list>
<pin id="875" dir="1" index="0" bw="1" slack="0"/>
</pin_list>
<bind>
<StgValue><ssdm name="relu<array<ap_fixed,18u>,array<ap_fixed<20,10,5,3,0>,18u>,relu_config8>"/></StgValue>
</bind>
</comp>

<comp id="876" class="1001" name="const_876">
<pin_list>
<pin id="877" dir="1" index="0" bw="1" slack="0"/>
</pin_list>
<bind>
<StgValue><ssdm name="pooling2d_cl<array,array<ap_fixed<20,10,5,3,0>,18u>,config9>"/></StgValue>
</bind>
</comp>

<comp id="878" class="1001" name="const_878">
<pin_list>
<pin id="879" dir="1" index="0" bw="1" slack="0"/>
</pin_list>
<bind>
<StgValue><ssdm name="dense<array<ap_fixed,18u>,array<ap_fixed<24,12,5,3,0>,7u>,config12>"/></StgValue>
</bind>
</comp>

<comp id="880" class="1001" name="const_880">
<pin_list>
<pin id="881" dir="1" index="0" bw="1" slack="0"/>
</pin_list>
<bind>
<StgValue><ssdm name="Block_entry.split.split.split.split.split.split.split.split.split.split.split.sp"/></StgValue>
</bind>
</comp>

<comp id="882" class="1001" name="const_882">
<pin_list>
<pin id="883" dir="1" index="0" bw="1" slack="2147483647"/>
</pin_list>
<bind>
<StgValue><ssdm name="_ssdm_op_SpecDataflowPipeline"/></StgValue>
</bind>
</comp>

<comp id="884" class="1001" name="const_884">
<pin_list>
<pin id="885" dir="1" index="0" bw="1" slack="2147483647"/>
</pin_list>
<bind>
<StgValue><ssdm name=""/></StgValue>
</bind>
</comp>

<comp id="886" class="1001" name="const_886">
<pin_list>
<pin id="887" dir="1" index="0" bw="1" slack="2147483647"/>
</pin_list>
<bind>
<StgValue><ssdm name=""/></StgValue>
</bind>
</comp>

<comp id="888" class="1001" name="const_888">
<pin_list>
<pin id="889" dir="1" index="0" bw="1" slack="2147483647"/>
</pin_list>
<bind>
<StgValue><ssdm name="empty_5"/></StgValue>
</bind>
</comp>

<comp id="890" class="1001" name="const_890">
<pin_list>
<pin id="891" dir="1" index="0" bw="1" slack="2147483647"/>
</pin_list>
<bind>
<StgValue><ssdm name="_ssdm_op_SpecTopModule"/></StgValue>
</bind>
</comp>

<comp id="892" class="1001" name="const_892">
<pin_list>
<pin id="893" dir="1" index="0" bw="1" slack="2147483647"/>
</pin_list>
<bind>
<StgValue><ssdm name="empty_15"/></StgValue>
</bind>
</comp>

<comp id="894" class="1001" name="const_894">
<pin_list>
<pin id="895" dir="1" index="0" bw="1" slack="2147483647"/>
</pin_list>
<bind>
<StgValue><ssdm name="_ssdm_op_SpecInterface"/></StgValue>
</bind>
</comp>

<comp id="896" class="1001" name="const_896">
<pin_list>
<pin id="897" dir="1" index="0" bw="1" slack="2147483647"/>
</pin_list>
<bind>
<StgValue><ssdm name="empty_13"/></StgValue>
</bind>
</comp>

<comp id="898" class="1001" name="const_898">
<pin_list>
<pin id="899" dir="1" index="0" bw="1" slack="2147483647"/>
</pin_list>
<bind>
<StgValue><ssdm name=""/></StgValue>
</bind>
</comp>

<comp id="900" class="1001" name="const_900">
<pin_list>
<pin id="901" dir="1" index="0" bw="1" slack="2147483647"/>
</pin_list>
<bind>
<StgValue><ssdm name="empty_1"/></StgValue>
</bind>
</comp>

<comp id="902" class="1001" name="const_902">
<pin_list>
<pin id="903" dir="1" index="0" bw="1" slack="2147483647"/>
</pin_list>
<bind>
<StgValue><ssdm name="_ssdm_op_SpecBitsMap"/></StgValue>
</bind>
</comp>

<comp id="904" class="1001" name="const_904">
<pin_list>
<pin id="905" dir="1" index="0" bw="1" slack="2147483647"/>
</pin_list>
<bind>
<StgValue><ssdm name="empty_8"/></StgValue>
</bind>
</comp>

<comp id="906" class="1001" name="const_906">
<pin_list>
<pin id="907" dir="1" index="0" bw="1" slack="2147483647"/>
</pin_list>
<bind>
<StgValue><ssdm name="empty_7"/></StgValue>
</bind>
</comp>

<comp id="908" class="1001" name="const_908">
<pin_list>
<pin id="909" dir="1" index="0" bw="1" slack="2147483647"/>
</pin_list>
<bind>
<StgValue><ssdm name="_ssdm_op_SpecChannel"/></StgValue>
</bind>
</comp>

<comp id="910" class="1001" name="const_910">
<pin_list>
<pin id="911" dir="1" index="0" bw="1" slack="2147483647"/>
</pin_list>
<bind>
<StgValue><ssdm name="local_output_str"/></StgValue>
</bind>
</comp>

<comp id="912" class="1001" name="const_912">
<pin_list>
<pin id="913" dir="1" index="0" bw="1" slack="2147483647"/>
</pin_list>
<bind>
<StgValue><ssdm name="p_str"/></StgValue>
</bind>
</comp>

<comp id="914" class="1001" name="const_914">
<pin_list>
<pin id="915" dir="1" index="0" bw="1" slack="2147483647"/>
</pin_list>
<bind>
<StgValue><ssdm name=""/></StgValue>
</bind>
</comp>

<comp id="916" class="1001" name="const_916">
<pin_list>
<pin id="917" dir="1" index="0" bw="1" slack="2147483647"/>
</pin_list>
<bind>
<StgValue><ssdm name="empty_6"/></StgValue>
</bind>
</comp>

<comp id="918" class="1001" name="const_918">
<pin_list>
<pin id="919" dir="1" index="0" bw="1" slack="2147483647"/>
</pin_list>
<bind>
<StgValue><ssdm name="layer13_out_str"/></StgValue>
</bind>
</comp>

<comp id="920" class="1001" name="const_920">
<pin_list>
<pin id="921" dir="1" index="0" bw="1" slack="2147483647"/>
</pin_list>
<bind>
<StgValue><ssdm name=""/></StgValue>
</bind>
</comp>

<comp id="922" class="1001" name="const_922">
<pin_list>
<pin id="923" dir="1" index="0" bw="1" slack="2147483647"/>
</pin_list>
<bind>
<StgValue><ssdm name="layer2_out_str"/></StgValue>
</bind>
</comp>

<comp id="924" class="1001" name="const_924">
<pin_list>
<pin id="925" dir="1" index="0" bw="1" slack="2147483647"/>
</pin_list>
<bind>
<StgValue><ssdm name=""/></StgValue>
</bind>
</comp>

<comp id="926" class="1001" name="const_926">
<pin_list>
<pin id="927" dir="1" index="0" bw="1" slack="2147483647"/>
</pin_list>
<bind>
<StgValue><ssdm name="layer3_out_str"/></StgValue>
</bind>
</comp>

<comp id="928" class="1001" name="const_928">
<pin_list>
<pin id="929" dir="1" index="0" bw="1" slack="2147483647"/>
</pin_list>
<bind>
<StgValue><ssdm name="layer4_out_str"/></StgValue>
</bind>
</comp>

<comp id="930" class="1001" name="const_930">
<pin_list>
<pin id="931" dir="1" index="0" bw="1" slack="2147483647"/>
</pin_list>
<bind>
<StgValue><ssdm name="layer5_out_str"/></StgValue>
</bind>
</comp>

<comp id="932" class="1001" name="const_932">
<pin_list>
<pin id="933" dir="1" index="0" bw="1" slack="2147483647"/>
</pin_list>
<bind>
<StgValue><ssdm name=""/></StgValue>
</bind>
</comp>

<comp id="934" class="1001" name="const_934">
<pin_list>
<pin id="935" dir="1" index="0" bw="1" slack="2147483647"/>
</pin_list>
<bind>
<StgValue><ssdm name="layer14_out_str"/></StgValue>
</bind>
</comp>

<comp id="936" class="1001" name="const_936">
<pin_list>
<pin id="937" dir="1" index="0" bw="1" slack="2147483647"/>
</pin_list>
<bind>
<StgValue><ssdm name=""/></StgValue>
</bind>
</comp>

<comp id="938" class="1001" name="const_938">
<pin_list>
<pin id="939" dir="1" index="0" bw="1" slack="2147483647"/>
</pin_list>
<bind>
<StgValue><ssdm name="layer6_out_str"/></StgValue>
</bind>
</comp>

<comp id="940" class="1001" name="const_940">
<pin_list>
<pin id="941" dir="1" index="0" bw="1" slack="2147483647"/>
</pin_list>
<bind>
<StgValue><ssdm name="layer7_out_str"/></StgValue>
</bind>
</comp>

<comp id="942" class="1001" name="const_942">
<pin_list>
<pin id="943" dir="1" index="0" bw="1" slack="2147483647"/>
</pin_list>
<bind>
<StgValue><ssdm name="layer8_out_str"/></StgValue>
</bind>
</comp>

<comp id="944" class="1001" name="const_944">
<pin_list>
<pin id="945" dir="1" index="0" bw="1" slack="2147483647"/>
</pin_list>
<bind>
<StgValue><ssdm name="layer9_out_str"/></StgValue>
</bind>
</comp>

<comp id="946" class="1001" name="const_946">
<pin_list>
<pin id="947" dir="1" index="0" bw="1" slack="2147483647"/>
</pin_list>
<bind>
<StgValue><ssdm name=""/></StgValue>
</bind>
</comp>

<comp id="948" class="1001" name="const_948">
<pin_list>
<pin id="949" dir="1" index="0" bw="1" slack="2147483647"/>
</pin_list>
<bind>
<StgValue><ssdm name="_ssdm_op_SpecMemCore"/></StgValue>
</bind>
</comp>

<comp id="950" class="1001" name="const_950">
<pin_list>
<pin id="951" dir="1" index="0" bw="1" slack="2147483647"/>
</pin_list>
<bind>
<StgValue><ssdm name=""/></StgValue>
</bind>
</comp>

<comp id="952" class="1001" name="const_952">
<pin_list>
<pin id="953" dir="1" index="0" bw="1" slack="2147483647"/>
</pin_list>
<bind>
<StgValue><ssdm name=""/></StgValue>
</bind>
</comp>

<comp id="954" class="1001" name="const_954">
<pin_list>
<pin id="955" dir="1" index="0" bw="1" slack="2147483647"/>
</pin_list>
<bind>
<StgValue><ssdm name=""/></StgValue>
</bind>
</comp>

<comp id="956" class="1001" name="const_956">
<pin_list>
<pin id="957" dir="1" index="0" bw="1" slack="2147483647"/>
</pin_list>
<bind>
<StgValue><ssdm name="_ssdm_op_SpecAXISSideChannel"/></StgValue>
</bind>
</comp>

<comp id="958" class="1001" name="const_958">
<pin_list>
<pin id="959" dir="1" index="0" bw="1" slack="2147483647"/>
</pin_list>
<bind>
<StgValue><ssdm name=""/></StgValue>
</bind>
</comp>

<comp id="960" class="1001" name="const_960">
<pin_list>
<pin id="961" dir="1" index="0" bw="1" slack="2147483647"/>
</pin_list>
<bind>
<StgValue><ssdm name="empty_14"/></StgValue>
</bind>
</comp>

<comp id="962" class="1004" name="local_output_fu_962">
<pin_list>
<pin id="963" dir="0" index="0" bw="1" slack="0"/>
<pin id="964" dir="1" index="1" bw="168" slack="21"/>
</pin_list>
<bind>
<opcode="alloca(26) " fcode="alloca"/>
<opset="local_output/1 "/>
</bind>
</comp>

<comp id="966" class="1004" name="layer13_out_fu_966">
<pin_list>
<pin id="967" dir="0" index="0" bw="1" slack="0"/>
<pin id="968" dir="1" index="1" bw="20" slack="1"/>
</pin_list>
<bind>
<opcode="alloca(26) " fcode="alloca"/>
<opset="layer13_out/1 "/>
</bind>
</comp>

<comp id="970" class="1004" name="layer2_out_fu_970">
<pin_list>
<pin id="971" dir="0" index="0" bw="1" slack="0"/>
<pin id="972" dir="1" index="1" bw="216" slack="3"/>
</pin_list>
<bind>
<opcode="alloca(26) " fcode="alloca"/>
<opset="layer2_out/1 "/>
</bind>
</comp>

<comp id="974" class="1004" name="layer3_out_fu_974">
<pin_list>
<pin id="975" dir="0" index="0" bw="1" slack="0"/>
<pin id="976" dir="1" index="1" bw="468" slack="5"/>
</pin_list>
<bind>
<opcode="alloca(26) " fcode="alloca"/>
<opset="layer3_out/1 "/>
</bind>
</comp>

<comp id="978" class="1004" name="layer4_out_fu_978">
<pin_list>
<pin id="979" dir="0" index="0" bw="1" slack="0"/>
<pin id="980" dir="1" index="1" bw="240" slack="7"/>
</pin_list>
<bind>
<opcode="alloca(26) " fcode="alloca"/>
<opset="layer4_out/1 "/>
</bind>
</comp>

<comp id="982" class="1004" name="layer5_out_fu_982">
<pin_list>
<pin id="983" dir="0" index="0" bw="1" slack="0"/>
<pin id="984" dir="1" index="1" bw="240" slack="9"/>
</pin_list>
<bind>
<opcode="alloca(26) " fcode="alloca"/>
<opset="layer5_out/1 "/>
</bind>
</comp>

<comp id="986" class="1004" name="layer14_out_fu_986">
<pin_list>
<pin id="987" dir="0" index="0" bw="1" slack="0"/>
<pin id="988" dir="1" index="1" bw="240" slack="11"/>
</pin_list>
<bind>
<opcode="alloca(26) " fcode="alloca"/>
<opset="layer14_out/1 "/>
</bind>
</comp>

<comp id="990" class="1004" name="layer6_out_fu_990">
<pin_list>
<pin id="991" dir="0" index="0" bw="1" slack="0"/>
<pin id="992" dir="1" index="1" bw="324" slack="13"/>
</pin_list>
<bind>
<opcode="alloca(26) " fcode="alloca"/>
<opset="layer6_out/1 "/>
</bind>
</comp>

<comp id="994" class="1004" name="layer7_out_fu_994">
<pin_list>
<pin id="995" dir="0" index="0" bw="1" slack="0"/>
<pin id="996" dir="1" index="1" bw="702" slack="15"/>
</pin_list>
<bind>
<opcode="alloca(26) " fcode="alloca"/>
<opset="layer7_out/1 "/>
</bind>
</comp>

<comp id="998" class="1004" name="layer8_out_fu_998">
<pin_list>
<pin id="999" dir="0" index="0" bw="1" slack="0"/>
<pin id="1000" dir="1" index="1" bw="360" slack="17"/>
</pin_list>
<bind>
<opcode="alloca(26) " fcode="alloca"/>
<opset="layer8_out/1 "/>
</bind>
</comp>

<comp id="1002" class="1004" name="layer9_out_fu_1002">
<pin_list>
<pin id="1003" dir="0" index="0" bw="1" slack="0"/>
<pin id="1004" dir="1" index="1" bw="360" slack="19"/>
</pin_list>
<bind>
<opcode="alloca(26) " fcode="alloca"/>
<opset="layer9_out/1 "/>
</bind>
</comp>

<comp id="1006" class="1004" name="grp_zeropad2d_cl_array_array_ap_fixed_20_10_5_3_0_1u_config13_s_fu_1006">
<pin_list>
<pin id="1007" dir="0" index="0" bw="0" slack="0"/>
<pin id="1008" dir="0" index="1" bw="32" slack="0"/>
<pin id="1009" dir="0" index="2" bw="20" slack="1"/>
<pin id="1010" dir="1" index="3" bw="0" slack="2147483647"/>
</pin_list>
<bind>
<opcode="call(48) " fcode="call"/>
<opset="call_ln75/2 "/>
</bind>
</comp>

<comp id="1013" class="1004" name="grp_conv_2d_cl_array_ap_fixed_1u_array_ap_fixed_18_8_5_3_0_12u_config2_s_fu_1013">
<pin_list>
<pin id="1014" dir="0" index="0" bw="0" slack="0"/>
<pin id="1015" dir="0" index="1" bw="20" slack="3"/>
<pin id="1016" dir="0" index="2" bw="216" slack="3"/>
<pin id="1017" dir="0" index="3" bw="20" slack="0"/>
<pin id="1018" dir="0" index="4" bw="20" slack="0"/>
<pin id="1019" dir="0" index="5" bw="20" slack="0"/>
<pin id="1020" dir="0" index="6" bw="20" slack="0"/>
<pin id="1021" dir="0" index="7" bw="20" slack="0"/>
<pin id="1022" dir="0" index="8" bw="20" slack="0"/>
<pin id="1023" dir="0" index="9" bw="20" slack="0"/>
<pin id="1024" dir="0" index="10" bw="20" slack="0"/>
<pin id="1025" dir="0" index="11" bw="20" slack="0"/>
<pin id="1026" dir="0" index="12" bw="20" slack="0"/>
<pin id="1027" dir="0" index="13" bw="20" slack="0"/>
<pin id="1028" dir="0" index="14" bw="32" slack="0"/>
<pin id="1029" dir="0" index="15" bw="32" slack="0"/>
<pin id="1030" dir="0" index="16" bw="32" slack="0"/>
<pin id="1031" dir="0" index="17" bw="32" slack="0"/>
<pin id="1032" dir="0" index="18" bw="4" slack="0"/>
<pin id="1033" dir="0" index="19" bw="11" slack="0"/>
<pin id="1034" dir="1" index="20" bw="0" slack="2147483647"/>
</pin_list>
<bind>
<opcode="call(48) " fcode="call"/>
<opset="call_ln77/4 "/>
</bind>
</comp>

<comp id="1053" class="1004" name="grp_normalize_array_ap_fixed_12u_array_ap_fixed_39_19_5_3_0_12u_config3_s_fu_1053">
<pin_list>
<pin id="1054" dir="0" index="0" bw="0" slack="0"/>
<pin id="1055" dir="0" index="1" bw="216" slack="5"/>
<pin id="1056" dir="0" index="2" bw="468" slack="5"/>
<pin id="1057" dir="1" index="3" bw="0" slack="2147483647"/>
</pin_list>
<bind>
<opcode="call(48) " fcode="call"/>
<opset="call_ln79/6 "/>
</bind>
</comp>

<comp id="1059" class="1004" name="grp_relu_array_ap_fixed_12u_array_ap_fixed_20_10_5_3_0_12u_relu_config4_s_fu_1059">
<pin_list>
<pin id="1060" dir="0" index="0" bw="0" slack="0"/>
<pin id="1061" dir="0" index="1" bw="468" slack="7"/>
<pin id="1062" dir="0" index="2" bw="240" slack="7"/>
<pin id="1063" dir="1" index="3" bw="0" slack="2147483647"/>
</pin_list>
<bind>
<opcode="call(48) " fcode="call"/>
<opset="call_ln81/8 "/>
</bind>
</comp>

<comp id="1065" class="1004" name="grp_pooling2d_cl_array_array_ap_fixed_20_10_5_3_0_12u_config5_s_fu_1065">
<pin_list>
<pin id="1066" dir="0" index="0" bw="0" slack="0"/>
<pin id="1067" dir="0" index="1" bw="240" slack="9"/>
<pin id="1068" dir="0" index="2" bw="240" slack="9"/>
<pin id="1069" dir="0" index="3" bw="32" slack="0"/>
<pin id="1070" dir="0" index="4" bw="32" slack="0"/>
<pin id="1071" dir="0" index="5" bw="20" slack="0"/>
<pin id="1072" dir="0" index="6" bw="20" slack="0"/>
<pin id="1073" dir="0" index="7" bw="20" slack="0"/>
<pin id="1074" dir="0" index="8" bw="20" slack="0"/>
<pin id="1075" dir="0" index="9" bw="20" slack="0"/>
<pin id="1076" dir="0" index="10" bw="20" slack="0"/>
<pin id="1077" dir="0" index="11" bw="20" slack="0"/>
<pin id="1078" dir="0" index="12" bw="20" slack="0"/>
<pin id="1079" dir="0" index="13" bw="20" slack="0"/>
<pin id="1080" dir="0" index="14" bw="20" slack="0"/>
<pin id="1081" dir="0" index="15" bw="20" slack="0"/>
<pin id="1082" dir="0" index="16" bw="20" slack="0"/>
<pin id="1083" dir="0" index="17" bw="20" slack="0"/>
<pin id="1084" dir="0" index="18" bw="20" slack="0"/>
<pin id="1085" dir="0" index="19" bw="20" slack="0"/>
<pin id="1086" dir="0" index="20" bw="20" slack="0"/>
<pin id="1087" dir="0" index="21" bw="20" slack="0"/>
<pin id="1088" dir="0" index="22" bw="20" slack="0"/>
<pin id="1089" dir="0" index="23" bw="20" slack="0"/>
<pin id="1090" dir="0" index="24" bw="20" slack="0"/>
<pin id="1091" dir="0" index="25" bw="20" slack="0"/>
<pin id="1092" dir="0" index="26" bw="20" slack="0"/>
<pin id="1093" dir="0" index="27" bw="20" slack="0"/>
<pin id="1094" dir="0" index="28" bw="20" slack="0"/>
<pin id="1095" dir="0" index="29" bw="20" slack="0"/>
<pin id="1096" dir="0" index="30" bw="20" slack="0"/>
<pin id="1097" dir="0" index="31" bw="20" slack="0"/>
<pin id="1098" dir="0" index="32" bw="20" slack="0"/>
<pin id="1099" dir="0" index="33" bw="20" slack="0"/>
<pin id="1100" dir="0" index="34" bw="20" slack="0"/>
<pin id="1101" dir="0" index="35" bw="20" slack="0"/>
<pin id="1102" dir="0" index="36" bw="20" slack="0"/>
<pin id="1103" dir="0" index="37" bw="20" slack="0"/>
<pin id="1104" dir="0" index="38" bw="20" slack="0"/>
<pin id="1105" dir="0" index="39" bw="20" slack="0"/>
<pin id="1106" dir="0" index="40" bw="20" slack="0"/>
<pin id="1107" dir="0" index="41" bw="20" slack="0"/>
<pin id="1108" dir="0" index="42" bw="20" slack="0"/>
<pin id="1109" dir="0" index="43" bw="20" slack="0"/>
<pin id="1110" dir="0" index="44" bw="20" slack="0"/>
<pin id="1111" dir="0" index="45" bw="20" slack="0"/>
<pin id="1112" dir="0" index="46" bw="20" slack="0"/>
<pin id="1113" dir="0" index="47" bw="20" slack="0"/>
<pin id="1114" dir="0" index="48" bw="20" slack="0"/>
<pin id="1115" dir="0" index="49" bw="20" slack="0"/>
<pin id="1116" dir="0" index="50" bw="20" slack="0"/>
<pin id="1117" dir="0" index="51" bw="20" slack="0"/>
<pin id="1118" dir="0" index="52" bw="20" slack="0"/>
<pin id="1119" dir="0" index="53" bw="32" slack="0"/>
<pin id="1120" dir="0" index="54" bw="32" slack="0"/>
<pin id="1121" dir="0" index="55" bw="20" slack="0"/>
<pin id="1122" dir="0" index="56" bw="20" slack="0"/>
<pin id="1123" dir="0" index="57" bw="20" slack="0"/>
<pin id="1124" dir="0" index="58" bw="20" slack="0"/>
<pin id="1125" dir="0" index="59" bw="20" slack="0"/>
<pin id="1126" dir="0" index="60" bw="20" slack="0"/>
<pin id="1127" dir="0" index="61" bw="20" slack="0"/>
<pin id="1128" dir="0" index="62" bw="20" slack="0"/>
<pin id="1129" dir="0" index="63" bw="20" slack="0"/>
<pin id="1130" dir="0" index="64" bw="20" slack="0"/>
<pin id="1131" dir="0" index="65" bw="20" slack="0"/>
<pin id="1132" dir="0" index="66" bw="20" slack="0"/>
<pin id="1133" dir="1" index="67" bw="0" slack="2147483647"/>
</pin_list>
<bind>
<opcode="call(48) " fcode="call"/>
<opset="call_ln83/10 "/>
</bind>
</comp>

<comp id="1199" class="1004" name="grp_zeropad2d_cl_array_array_ap_fixed_20_10_5_3_0_12u_config14_s_fu_1199">
<pin_list>
<pin id="1200" dir="0" index="0" bw="0" slack="0"/>
<pin id="1201" dir="0" index="1" bw="240" slack="11"/>
<pin id="1202" dir="0" index="2" bw="240" slack="11"/>
<pin id="1203" dir="1" index="3" bw="0" slack="2147483647"/>
</pin_list>
<bind>
<opcode="call(48) " fcode="call"/>
<opset="call_ln85/12 "/>
</bind>
</comp>

<comp id="1205" class="1004" name="grp_conv_2d_cl_array_ap_fixed_12u_array_ap_fixed_18_8_5_3_0_18u_config6_s_fu_1205">
<pin_list>
<pin id="1206" dir="0" index="0" bw="0" slack="0"/>
<pin id="1207" dir="0" index="1" bw="240" slack="13"/>
<pin id="1208" dir="0" index="2" bw="324" slack="13"/>
<pin id="1209" dir="0" index="3" bw="20" slack="0"/>
<pin id="1210" dir="0" index="4" bw="20" slack="0"/>
<pin id="1211" dir="0" index="5" bw="20" slack="0"/>
<pin id="1212" dir="0" index="6" bw="20" slack="0"/>
<pin id="1213" dir="0" index="7" bw="20" slack="0"/>
<pin id="1214" dir="0" index="8" bw="20" slack="0"/>
<pin id="1215" dir="0" index="9" bw="20" slack="0"/>
<pin id="1216" dir="0" index="10" bw="20" slack="0"/>
<pin id="1217" dir="0" index="11" bw="20" slack="0"/>
<pin id="1218" dir="0" index="12" bw="20" slack="0"/>
<pin id="1219" dir="0" index="13" bw="20" slack="0"/>
<pin id="1220" dir="0" index="14" bw="20" slack="0"/>
<pin id="1221" dir="0" index="15" bw="20" slack="0"/>
<pin id="1222" dir="0" index="16" bw="20" slack="0"/>
<pin id="1223" dir="0" index="17" bw="20" slack="0"/>
<pin id="1224" dir="0" index="18" bw="20" slack="0"/>
<pin id="1225" dir="0" index="19" bw="20" slack="0"/>
<pin id="1226" dir="0" index="20" bw="20" slack="0"/>
<pin id="1227" dir="0" index="21" bw="20" slack="0"/>
<pin id="1228" dir="0" index="22" bw="20" slack="0"/>
<pin id="1229" dir="0" index="23" bw="20" slack="0"/>
<pin id="1230" dir="0" index="24" bw="20" slack="0"/>
<pin id="1231" dir="0" index="25" bw="20" slack="0"/>
<pin id="1232" dir="0" index="26" bw="20" slack="0"/>
<pin id="1233" dir="0" index="27" bw="20" slack="0"/>
<pin id="1234" dir="0" index="28" bw="20" slack="0"/>
<pin id="1235" dir="0" index="29" bw="20" slack="0"/>
<pin id="1236" dir="0" index="30" bw="20" slack="0"/>
<pin id="1237" dir="0" index="31" bw="20" slack="0"/>
<pin id="1238" dir="0" index="32" bw="20" slack="0"/>
<pin id="1239" dir="0" index="33" bw="20" slack="0"/>
<pin id="1240" dir="0" index="34" bw="20" slack="0"/>
<pin id="1241" dir="0" index="35" bw="20" slack="0"/>
<pin id="1242" dir="0" index="36" bw="20" slack="0"/>
<pin id="1243" dir="0" index="37" bw="20" slack="0"/>
<pin id="1244" dir="0" index="38" bw="20" slack="0"/>
<pin id="1245" dir="0" index="39" bw="20" slack="0"/>
<pin id="1246" dir="0" index="40" bw="20" slack="0"/>
<pin id="1247" dir="0" index="41" bw="20" slack="0"/>
<pin id="1248" dir="0" index="42" bw="20" slack="0"/>
<pin id="1249" dir="0" index="43" bw="20" slack="0"/>
<pin id="1250" dir="0" index="44" bw="20" slack="0"/>
<pin id="1251" dir="0" index="45" bw="20" slack="0"/>
<pin id="1252" dir="0" index="46" bw="20" slack="0"/>
<pin id="1253" dir="0" index="47" bw="20" slack="0"/>
<pin id="1254" dir="0" index="48" bw="20" slack="0"/>
<pin id="1255" dir="0" index="49" bw="20" slack="0"/>
<pin id="1256" dir="0" index="50" bw="20" slack="0"/>
<pin id="1257" dir="0" index="51" bw="20" slack="0"/>
<pin id="1258" dir="0" index="52" bw="20" slack="0"/>
<pin id="1259" dir="0" index="53" bw="20" slack="0"/>
<pin id="1260" dir="0" index="54" bw="20" slack="0"/>
<pin id="1261" dir="0" index="55" bw="20" slack="0"/>
<pin id="1262" dir="0" index="56" bw="20" slack="0"/>
<pin id="1263" dir="0" index="57" bw="20" slack="0"/>
<pin id="1264" dir="0" index="58" bw="20" slack="0"/>
<pin id="1265" dir="0" index="59" bw="20" slack="0"/>
<pin id="1266" dir="0" index="60" bw="20" slack="0"/>
<pin id="1267" dir="0" index="61" bw="20" slack="0"/>
<pin id="1268" dir="0" index="62" bw="20" slack="0"/>
<pin id="1269" dir="0" index="63" bw="20" slack="0"/>
<pin id="1270" dir="0" index="64" bw="20" slack="0"/>
<pin id="1271" dir="0" index="65" bw="20" slack="0"/>
<pin id="1272" dir="0" index="66" bw="20" slack="0"/>
<pin id="1273" dir="0" index="67" bw="20" slack="0"/>
<pin id="1274" dir="0" index="68" bw="20" slack="0"/>
<pin id="1275" dir="0" index="69" bw="20" slack="0"/>
<pin id="1276" dir="0" index="70" bw="20" slack="0"/>
<pin id="1277" dir="0" index="71" bw="20" slack="0"/>
<pin id="1278" dir="0" index="72" bw="20" slack="0"/>
<pin id="1279" dir="0" index="73" bw="20" slack="0"/>
<pin id="1280" dir="0" index="74" bw="20" slack="0"/>
<pin id="1281" dir="0" index="75" bw="20" slack="0"/>
<pin id="1282" dir="0" index="76" bw="20" slack="0"/>
<pin id="1283" dir="0" index="77" bw="20" slack="0"/>
<pin id="1284" dir="0" index="78" bw="20" slack="0"/>
<pin id="1285" dir="0" index="79" bw="20" slack="0"/>
<pin id="1286" dir="0" index="80" bw="20" slack="0"/>
<pin id="1287" dir="0" index="81" bw="20" slack="0"/>
<pin id="1288" dir="0" index="82" bw="20" slack="0"/>
<pin id="1289" dir="0" index="83" bw="20" slack="0"/>
<pin id="1290" dir="0" index="84" bw="20" slack="0"/>
<pin id="1291" dir="0" index="85" bw="20" slack="0"/>
<pin id="1292" dir="0" index="86" bw="20" slack="0"/>
<pin id="1293" dir="0" index="87" bw="20" slack="0"/>
<pin id="1294" dir="0" index="88" bw="20" slack="0"/>
<pin id="1295" dir="0" index="89" bw="20" slack="0"/>
<pin id="1296" dir="0" index="90" bw="20" slack="0"/>
<pin id="1297" dir="0" index="91" bw="20" slack="0"/>
<pin id="1298" dir="0" index="92" bw="20" slack="0"/>
<pin id="1299" dir="0" index="93" bw="20" slack="0"/>
<pin id="1300" dir="0" index="94" bw="20" slack="0"/>
<pin id="1301" dir="0" index="95" bw="20" slack="0"/>
<pin id="1302" dir="0" index="96" bw="20" slack="0"/>
<pin id="1303" dir="0" index="97" bw="20" slack="0"/>
<pin id="1304" dir="0" index="98" bw="20" slack="0"/>
<pin id="1305" dir="0" index="99" bw="20" slack="0"/>
<pin id="1306" dir="0" index="100" bw="20" slack="0"/>
<pin id="1307" dir="0" index="101" bw="20" slack="0"/>
<pin id="1308" dir="0" index="102" bw="20" slack="0"/>
<pin id="1309" dir="0" index="103" bw="20" slack="0"/>
<pin id="1310" dir="0" index="104" bw="20" slack="0"/>
<pin id="1311" dir="0" index="105" bw="20" slack="0"/>
<pin id="1312" dir="0" index="106" bw="20" slack="0"/>
<pin id="1313" dir="0" index="107" bw="20" slack="0"/>
<pin id="1314" dir="0" index="108" bw="20" slack="0"/>
<pin id="1315" dir="0" index="109" bw="20" slack="0"/>
<pin id="1316" dir="0" index="110" bw="20" slack="0"/>
<pin id="1317" dir="0" index="111" bw="20" slack="0"/>
<pin id="1318" dir="0" index="112" bw="20" slack="0"/>
<pin id="1319" dir="0" index="113" bw="20" slack="0"/>
<pin id="1320" dir="0" index="114" bw="20" slack="0"/>
<pin id="1321" dir="0" index="115" bw="20" slack="0"/>
<pin id="1322" dir="0" index="116" bw="20" slack="0"/>
<pin id="1323" dir="0" index="117" bw="20" slack="0"/>
<pin id="1324" dir="0" index="118" bw="20" slack="0"/>
<pin id="1325" dir="0" index="119" bw="20" slack="0"/>
<pin id="1326" dir="0" index="120" bw="20" slack="0"/>
<pin id="1327" dir="0" index="121" bw="20" slack="0"/>
<pin id="1328" dir="0" index="122" bw="20" slack="0"/>
<pin id="1329" dir="0" index="123" bw="20" slack="0"/>
<pin id="1330" dir="0" index="124" bw="20" slack="0"/>
<pin id="1331" dir="0" index="125" bw="20" slack="0"/>
<pin id="1332" dir="0" index="126" bw="20" slack="0"/>
<pin id="1333" dir="0" index="127" bw="20" slack="0"/>
<pin id="1334" dir="0" index="128" bw="20" slack="0"/>
<pin id="1335" dir="0" index="129" bw="20" slack="0"/>
<pin id="1336" dir="0" index="130" bw="20" slack="0"/>
<pin id="1337" dir="0" index="131" bw="20" slack="0"/>
<pin id="1338" dir="0" index="132" bw="20" slack="0"/>
<pin id="1339" dir="0" index="133" bw="20" slack="0"/>
<pin id="1340" dir="0" index="134" bw="20" slack="0"/>
<pin id="1341" dir="0" index="135" bw="32" slack="0"/>
<pin id="1342" dir="0" index="136" bw="32" slack="0"/>
<pin id="1343" dir="0" index="137" bw="32" slack="0"/>
<pin id="1344" dir="0" index="138" bw="32" slack="0"/>
<pin id="1345" dir="0" index="139" bw="5" slack="0"/>
<pin id="1346" dir="0" index="140" bw="12" slack="0"/>
<pin id="1347" dir="1" index="141" bw="0" slack="2147483647"/>
</pin_list>
<bind>
<opcode="call(48) " fcode="call"/>
<opset="call_ln87/14 "/>
</bind>
</comp>

<comp id="1487" class="1004" name="grp_normalize_array_ap_fixed_18u_array_ap_fixed_39_19_5_3_0_18u_config7_s_fu_1487">
<pin_list>
<pin id="1488" dir="0" index="0" bw="0" slack="0"/>
<pin id="1489" dir="0" index="1" bw="324" slack="15"/>
<pin id="1490" dir="0" index="2" bw="702" slack="15"/>
<pin id="1491" dir="1" index="3" bw="0" slack="2147483647"/>
</pin_list>
<bind>
<opcode="call(48) " fcode="call"/>
<opset="call_ln89/16 "/>
</bind>
</comp>

<comp id="1493" class="1004" name="grp_relu_array_ap_fixed_18u_array_ap_fixed_20_10_5_3_0_18u_relu_config8_s_fu_1493">
<pin_list>
<pin id="1494" dir="0" index="0" bw="0" slack="0"/>
<pin id="1495" dir="0" index="1" bw="702" slack="17"/>
<pin id="1496" dir="0" index="2" bw="360" slack="17"/>
<pin id="1497" dir="1" index="3" bw="0" slack="2147483647"/>
</pin_list>
<bind>
<opcode="call(48) " fcode="call"/>
<opset="call_ln91/18 "/>
</bind>
</comp>

<comp id="1499" class="1004" name="grp_pooling2d_cl_array_array_ap_fixed_20_10_5_3_0_18u_config9_s_fu_1499">
<pin_list>
<pin id="1500" dir="0" index="0" bw="0" slack="0"/>
<pin id="1501" dir="0" index="1" bw="360" slack="19"/>
<pin id="1502" dir="0" index="2" bw="360" slack="19"/>
<pin id="1503" dir="0" index="3" bw="32" slack="0"/>
<pin id="1504" dir="0" index="4" bw="32" slack="0"/>
<pin id="1505" dir="0" index="5" bw="20" slack="0"/>
<pin id="1506" dir="0" index="6" bw="20" slack="0"/>
<pin id="1507" dir="0" index="7" bw="20" slack="0"/>
<pin id="1508" dir="0" index="8" bw="20" slack="0"/>
<pin id="1509" dir="0" index="9" bw="20" slack="0"/>
<pin id="1510" dir="0" index="10" bw="20" slack="0"/>
<pin id="1511" dir="0" index="11" bw="20" slack="0"/>
<pin id="1512" dir="0" index="12" bw="20" slack="0"/>
<pin id="1513" dir="0" index="13" bw="20" slack="0"/>
<pin id="1514" dir="0" index="14" bw="20" slack="0"/>
<pin id="1515" dir="0" index="15" bw="20" slack="0"/>
<pin id="1516" dir="0" index="16" bw="20" slack="0"/>
<pin id="1517" dir="0" index="17" bw="20" slack="0"/>
<pin id="1518" dir="0" index="18" bw="20" slack="0"/>
<pin id="1519" dir="0" index="19" bw="20" slack="0"/>
<pin id="1520" dir="0" index="20" bw="20" slack="0"/>
<pin id="1521" dir="0" index="21" bw="20" slack="0"/>
<pin id="1522" dir="0" index="22" bw="20" slack="0"/>
<pin id="1523" dir="0" index="23" bw="20" slack="0"/>
<pin id="1524" dir="0" index="24" bw="20" slack="0"/>
<pin id="1525" dir="0" index="25" bw="20" slack="0"/>
<pin id="1526" dir="0" index="26" bw="20" slack="0"/>
<pin id="1527" dir="0" index="27" bw="20" slack="0"/>
<pin id="1528" dir="0" index="28" bw="20" slack="0"/>
<pin id="1529" dir="0" index="29" bw="20" slack="0"/>
<pin id="1530" dir="0" index="30" bw="20" slack="0"/>
<pin id="1531" dir="0" index="31" bw="20" slack="0"/>
<pin id="1532" dir="0" index="32" bw="20" slack="0"/>
<pin id="1533" dir="0" index="33" bw="20" slack="0"/>
<pin id="1534" dir="0" index="34" bw="20" slack="0"/>
<pin id="1535" dir="0" index="35" bw="20" slack="0"/>
<pin id="1536" dir="0" index="36" bw="20" slack="0"/>
<pin id="1537" dir="0" index="37" bw="20" slack="0"/>
<pin id="1538" dir="0" index="38" bw="20" slack="0"/>
<pin id="1539" dir="0" index="39" bw="20" slack="0"/>
<pin id="1540" dir="0" index="40" bw="20" slack="0"/>
<pin id="1541" dir="0" index="41" bw="20" slack="0"/>
<pin id="1542" dir="0" index="42" bw="20" slack="0"/>
<pin id="1543" dir="0" index="43" bw="20" slack="0"/>
<pin id="1544" dir="0" index="44" bw="20" slack="0"/>
<pin id="1545" dir="0" index="45" bw="20" slack="0"/>
<pin id="1546" dir="0" index="46" bw="20" slack="0"/>
<pin id="1547" dir="0" index="47" bw="20" slack="0"/>
<pin id="1548" dir="0" index="48" bw="20" slack="0"/>
<pin id="1549" dir="0" index="49" bw="20" slack="0"/>
<pin id="1550" dir="0" index="50" bw="20" slack="0"/>
<pin id="1551" dir="0" index="51" bw="20" slack="0"/>
<pin id="1552" dir="0" index="52" bw="20" slack="0"/>
<pin id="1553" dir="0" index="53" bw="20" slack="0"/>
<pin id="1554" dir="0" index="54" bw="20" slack="0"/>
<pin id="1555" dir="0" index="55" bw="20" slack="0"/>
<pin id="1556" dir="0" index="56" bw="20" slack="0"/>
<pin id="1557" dir="0" index="57" bw="20" slack="0"/>
<pin id="1558" dir="0" index="58" bw="20" slack="0"/>
<pin id="1559" dir="0" index="59" bw="20" slack="0"/>
<pin id="1560" dir="0" index="60" bw="20" slack="0"/>
<pin id="1561" dir="0" index="61" bw="20" slack="0"/>
<pin id="1562" dir="0" index="62" bw="20" slack="0"/>
<pin id="1563" dir="0" index="63" bw="20" slack="0"/>
<pin id="1564" dir="0" index="64" bw="20" slack="0"/>
<pin id="1565" dir="0" index="65" bw="20" slack="0"/>
<pin id="1566" dir="0" index="66" bw="20" slack="0"/>
<pin id="1567" dir="0" index="67" bw="20" slack="0"/>
<pin id="1568" dir="0" index="68" bw="20" slack="0"/>
<pin id="1569" dir="0" index="69" bw="20" slack="0"/>
<pin id="1570" dir="0" index="70" bw="20" slack="0"/>
<pin id="1571" dir="0" index="71" bw="20" slack="0"/>
<pin id="1572" dir="0" index="72" bw="20" slack="0"/>
<pin id="1573" dir="0" index="73" bw="20" slack="0"/>
<pin id="1574" dir="0" index="74" bw="20" slack="0"/>
<pin id="1575" dir="0" index="75" bw="20" slack="0"/>
<pin id="1576" dir="0" index="76" bw="20" slack="0"/>
<pin id="1577" dir="0" index="77" bw="20" slack="0"/>
<pin id="1578" dir="0" index="78" bw="20" slack="0"/>
<pin id="1579" dir="0" index="79" bw="20" slack="0"/>
<pin id="1580" dir="0" index="80" bw="20" slack="0"/>
<pin id="1581" dir="0" index="81" bw="20" slack="0"/>
<pin id="1582" dir="0" index="82" bw="20" slack="0"/>
<pin id="1583" dir="0" index="83" bw="20" slack="0"/>
<pin id="1584" dir="0" index="84" bw="20" slack="0"/>
<pin id="1585" dir="0" index="85" bw="20" slack="0"/>
<pin id="1586" dir="0" index="86" bw="20" slack="0"/>
<pin id="1587" dir="0" index="87" bw="20" slack="0"/>
<pin id="1588" dir="0" index="88" bw="20" slack="0"/>
<pin id="1589" dir="0" index="89" bw="20" slack="0"/>
<pin id="1590" dir="0" index="90" bw="20" slack="0"/>
<pin id="1591" dir="0" index="91" bw="20" slack="0"/>
<pin id="1592" dir="0" index="92" bw="20" slack="0"/>
<pin id="1593" dir="0" index="93" bw="20" slack="0"/>
<pin id="1594" dir="0" index="94" bw="20" slack="0"/>
<pin id="1595" dir="0" index="95" bw="20" slack="0"/>
<pin id="1596" dir="0" index="96" bw="20" slack="0"/>
<pin id="1597" dir="0" index="97" bw="20" slack="0"/>
<pin id="1598" dir="0" index="98" bw="20" slack="0"/>
<pin id="1599" dir="0" index="99" bw="20" slack="0"/>
<pin id="1600" dir="0" index="100" bw="20" slack="0"/>
<pin id="1601" dir="0" index="101" bw="20" slack="0"/>
<pin id="1602" dir="0" index="102" bw="20" slack="0"/>
<pin id="1603" dir="0" index="103" bw="20" slack="0"/>
<pin id="1604" dir="0" index="104" bw="20" slack="0"/>
<pin id="1605" dir="0" index="105" bw="20" slack="0"/>
<pin id="1606" dir="0" index="106" bw="20" slack="0"/>
<pin id="1607" dir="0" index="107" bw="20" slack="0"/>
<pin id="1608" dir="0" index="108" bw="20" slack="0"/>
<pin id="1609" dir="0" index="109" bw="20" slack="0"/>
<pin id="1610" dir="0" index="110" bw="20" slack="0"/>
<pin id="1611" dir="0" index="111" bw="20" slack="0"/>
<pin id="1612" dir="0" index="112" bw="20" slack="0"/>
<pin id="1613" dir="0" index="113" bw="20" slack="0"/>
<pin id="1614" dir="0" index="114" bw="20" slack="0"/>
<pin id="1615" dir="0" index="115" bw="20" slack="0"/>
<pin id="1616" dir="0" index="116" bw="20" slack="0"/>
<pin id="1617" dir="0" index="117" bw="20" slack="0"/>
<pin id="1618" dir="0" index="118" bw="20" slack="0"/>
<pin id="1619" dir="0" index="119" bw="20" slack="0"/>
<pin id="1620" dir="0" index="120" bw="20" slack="0"/>
<pin id="1621" dir="0" index="121" bw="20" slack="0"/>
<pin id="1622" dir="0" index="122" bw="20" slack="0"/>
<pin id="1623" dir="0" index="123" bw="20" slack="0"/>
<pin id="1624" dir="0" index="124" bw="20" slack="0"/>
<pin id="1625" dir="0" index="125" bw="20" slack="0"/>
<pin id="1626" dir="0" index="126" bw="20" slack="0"/>
<pin id="1627" dir="0" index="127" bw="20" slack="0"/>
<pin id="1628" dir="0" index="128" bw="20" slack="0"/>
<pin id="1629" dir="0" index="129" bw="20" slack="0"/>
<pin id="1630" dir="0" index="130" bw="20" slack="0"/>
<pin id="1631" dir="0" index="131" bw="20" slack="0"/>
<pin id="1632" dir="0" index="132" bw="20" slack="0"/>
<pin id="1633" dir="0" index="133" bw="20" slack="0"/>
<pin id="1634" dir="0" index="134" bw="20" slack="0"/>
<pin id="1635" dir="0" index="135" bw="20" slack="0"/>
<pin id="1636" dir="0" index="136" bw="20" slack="0"/>
<pin id="1637" dir="0" index="137" bw="20" slack="0"/>
<pin id="1638" dir="0" index="138" bw="20" slack="0"/>
<pin id="1639" dir="0" index="139" bw="20" slack="0"/>
<pin id="1640" dir="0" index="140" bw="20" slack="0"/>
<pin id="1641" dir="0" index="141" bw="20" slack="0"/>
<pin id="1642" dir="0" index="142" bw="20" slack="0"/>
<pin id="1643" dir="0" index="143" bw="20" slack="0"/>
<pin id="1644" dir="0" index="144" bw="20" slack="0"/>
<pin id="1645" dir="0" index="145" bw="20" slack="0"/>
<pin id="1646" dir="0" index="146" bw="20" slack="0"/>
<pin id="1647" dir="0" index="147" bw="20" slack="0"/>
<pin id="1648" dir="0" index="148" bw="20" slack="0"/>
<pin id="1649" dir="0" index="149" bw="20" slack="0"/>
<pin id="1650" dir="0" index="150" bw="20" slack="0"/>
<pin id="1651" dir="0" index="151" bw="20" slack="0"/>
<pin id="1652" dir="0" index="152" bw="20" slack="0"/>
<pin id="1653" dir="0" index="153" bw="20" slack="0"/>
<pin id="1654" dir="0" index="154" bw="20" slack="0"/>
<pin id="1655" dir="0" index="155" bw="20" slack="0"/>
<pin id="1656" dir="0" index="156" bw="20" slack="0"/>
<pin id="1657" dir="0" index="157" bw="20" slack="0"/>
<pin id="1658" dir="0" index="158" bw="20" slack="0"/>
<pin id="1659" dir="0" index="159" bw="20" slack="0"/>
<pin id="1660" dir="0" index="160" bw="20" slack="0"/>
<pin id="1661" dir="0" index="161" bw="20" slack="0"/>
<pin id="1662" dir="0" index="162" bw="20" slack="0"/>
<pin id="1663" dir="0" index="163" bw="20" slack="0"/>
<pin id="1664" dir="0" index="164" bw="20" slack="0"/>
<pin id="1665" dir="0" index="165" bw="20" slack="0"/>
<pin id="1666" dir="0" index="166" bw="20" slack="0"/>
<pin id="1667" dir="0" index="167" bw="20" slack="0"/>
<pin id="1668" dir="0" index="168" bw="20" slack="0"/>
<pin id="1669" dir="0" index="169" bw="20" slack="0"/>
<pin id="1670" dir="0" index="170" bw="20" slack="0"/>
<pin id="1671" dir="0" index="171" bw="20" slack="0"/>
<pin id="1672" dir="0" index="172" bw="20" slack="0"/>
<pin id="1673" dir="0" index="173" bw="20" slack="0"/>
<pin id="1674" dir="0" index="174" bw="20" slack="0"/>
<pin id="1675" dir="0" index="175" bw="20" slack="0"/>
<pin id="1676" dir="0" index="176" bw="20" slack="0"/>
<pin id="1677" dir="0" index="177" bw="20" slack="0"/>
<pin id="1678" dir="0" index="178" bw="20" slack="0"/>
<pin id="1679" dir="0" index="179" bw="20" slack="0"/>
<pin id="1680" dir="0" index="180" bw="20" slack="0"/>
<pin id="1681" dir="0" index="181" bw="20" slack="0"/>
<pin id="1682" dir="0" index="182" bw="20" slack="0"/>
<pin id="1683" dir="0" index="183" bw="20" slack="0"/>
<pin id="1684" dir="0" index="184" bw="20" slack="0"/>
<pin id="1685" dir="0" index="185" bw="32" slack="0"/>
<pin id="1686" dir="0" index="186" bw="32" slack="0"/>
<pin id="1687" dir="0" index="187" bw="20" slack="0"/>
<pin id="1688" dir="0" index="188" bw="20" slack="0"/>
<pin id="1689" dir="0" index="189" bw="20" slack="0"/>
<pin id="1690" dir="0" index="190" bw="20" slack="0"/>
<pin id="1691" dir="0" index="191" bw="20" slack="0"/>
<pin id="1692" dir="0" index="192" bw="20" slack="0"/>
<pin id="1693" dir="0" index="193" bw="20" slack="0"/>
<pin id="1694" dir="0" index="194" bw="20" slack="0"/>
<pin id="1695" dir="0" index="195" bw="20" slack="0"/>
<pin id="1696" dir="0" index="196" bw="20" slack="0"/>
<pin id="1697" dir="0" index="197" bw="20" slack="0"/>
<pin id="1698" dir="0" index="198" bw="20" slack="0"/>
<pin id="1699" dir="0" index="199" bw="20" slack="0"/>
<pin id="1700" dir="0" index="200" bw="20" slack="0"/>
<pin id="1701" dir="0" index="201" bw="20" slack="0"/>
<pin id="1702" dir="0" index="202" bw="20" slack="0"/>
<pin id="1703" dir="0" index="203" bw="20" slack="0"/>
<pin id="1704" dir="0" index="204" bw="20" slack="0"/>
<pin id="1705" dir="1" index="205" bw="0" slack="2147483647"/>
</pin_list>
<bind>
<opcode="call(48) " fcode="call"/>
<opset="call_ln93/20 "/>
</bind>
</comp>

<comp id="1909" class="1004" name="grp_dense_array_ap_fixed_18u_array_ap_fixed_24_12_5_3_0_7u_config12_s_fu_1909">
<pin_list>
<pin id="1910" dir="0" index="0" bw="0" slack="0"/>
<pin id="1911" dir="0" index="1" bw="360" slack="21"/>
<pin id="1912" dir="0" index="2" bw="168" slack="21"/>
<pin id="1913" dir="0" index="3" bw="3" slack="0"/>
<pin id="1914" dir="0" index="4" bw="13" slack="0"/>
<pin id="1915" dir="1" index="5" bw="0" slack="2147483647"/>
</pin_list>
<bind>
<opcode="call(48) " fcode="call"/>
<opset="call_ln95/22 "/>
</bind>
</comp>

<comp id="1919" class="1004" name="grp_Block_entry_split_split_split_split_split_split_split_split_split_split_split_sp_fu_1919">
<pin_list>
<pin id="1920" dir="0" index="0" bw="0" slack="0"/>
<pin id="1921" dir="0" index="1" bw="168" slack="23"/>
<pin id="1922" dir="0" index="2" bw="168" slack="0"/>
<pin id="1923" dir="0" index="3" bw="21" slack="0"/>
<pin id="1924" dir="0" index="4" bw="21" slack="0"/>
<pin id="1925" dir="0" index="5" bw="1" slack="0"/>
<pin id="1926" dir="1" index="6" bw="0" slack="2147483647"/>
</pin_list>
<bind>
<opcode="call(48) " fcode="call"/>
<opset="call_ln0/24 "/>
</bind>
</comp>

<comp id="1932" class="1005" name="local_output_reg_1932">
<pin_list>
<pin id="1933" dir="0" index="0" bw="168" slack="21"/>
<pin id="1934" dir="1" index="1" bw="168" slack="21"/>
</pin_list>
<bind>
<opset="local_output "/>
</bind>
</comp>

<comp id="1938" class="1005" name="layer13_out_reg_1938">
<pin_list>
<pin id="1939" dir="0" index="0" bw="20" slack="1"/>
<pin id="1940" dir="1" index="1" bw="20" slack="1"/>
</pin_list>
<bind>
<opset="layer13_out "/>
</bind>
</comp>

<comp id="1944" class="1005" name="layer2_out_reg_1944">
<pin_list>
<pin id="1945" dir="0" index="0" bw="216" slack="3"/>
<pin id="1946" dir="1" index="1" bw="216" slack="3"/>
</pin_list>
<bind>
<opset="layer2_out "/>
</bind>
</comp>

<comp id="1950" class="1005" name="layer3_out_reg_1950">
<pin_list>
<pin id="1951" dir="0" index="0" bw="468" slack="5"/>
<pin id="1952" dir="1" index="1" bw="468" slack="5"/>
</pin_list>
<bind>
<opset="layer3_out "/>
</bind>
</comp>

<comp id="1956" class="1005" name="layer4_out_reg_1956">
<pin_list>
<pin id="1957" dir="0" index="0" bw="240" slack="7"/>
<pin id="1958" dir="1" index="1" bw="240" slack="7"/>
</pin_list>
<bind>
<opset="layer4_out "/>
</bind>
</comp>

<comp id="1962" class="1005" name="layer5_out_reg_1962">
<pin_list>
<pin id="1963" dir="0" index="0" bw="240" slack="9"/>
<pin id="1964" dir="1" index="1" bw="240" slack="9"/>
</pin_list>
<bind>
<opset="layer5_out "/>
</bind>
</comp>

<comp id="1968" class="1005" name="layer14_out_reg_1968">
<pin_list>
<pin id="1969" dir="0" index="0" bw="240" slack="11"/>
<pin id="1970" dir="1" index="1" bw="240" slack="11"/>
</pin_list>
<bind>
<opset="layer14_out "/>
</bind>
</comp>

<comp id="1974" class="1005" name="layer6_out_reg_1974">
<pin_list>
<pin id="1975" dir="0" index="0" bw="324" slack="13"/>
<pin id="1976" dir="1" index="1" bw="324" slack="13"/>
</pin_list>
<bind>
<opset="layer6_out "/>
</bind>
</comp>

<comp id="1980" class="1005" name="layer7_out_reg_1980">
<pin_list>
<pin id="1981" dir="0" index="0" bw="702" slack="15"/>
<pin id="1982" dir="1" index="1" bw="702" slack="15"/>
</pin_list>
<bind>
<opset="layer7_out "/>
</bind>
</comp>

<comp id="1986" class="1005" name="layer8_out_reg_1986">
<pin_list>
<pin id="1987" dir="0" index="0" bw="360" slack="17"/>
<pin id="1988" dir="1" index="1" bw="360" slack="17"/>
</pin_list>
<bind>
<opset="layer8_out "/>
</bind>
</comp>

<comp id="1992" class="1005" name="layer9_out_reg_1992">
<pin_list>
<pin id="1993" dir="0" index="0" bw="360" slack="19"/>
<pin id="1994" dir="1" index="1" bw="360" slack="19"/>
</pin_list>
<bind>
<opset="layer9_out "/>
</bind>
</comp>

</comp_list>

<net_list>
<net id="965"><net_src comp="856" pin="0"/><net_sink comp="962" pin=0"/></net>

<net id="969"><net_src comp="856" pin="0"/><net_sink comp="966" pin=0"/></net>

<net id="973"><net_src comp="856" pin="0"/><net_sink comp="970" pin=0"/></net>

<net id="977"><net_src comp="856" pin="0"/><net_sink comp="974" pin=0"/></net>

<net id="981"><net_src comp="856" pin="0"/><net_sink comp="978" pin=0"/></net>

<net id="985"><net_src comp="856" pin="0"/><net_sink comp="982" pin=0"/></net>

<net id="989"><net_src comp="856" pin="0"/><net_sink comp="986" pin=0"/></net>

<net id="993"><net_src comp="856" pin="0"/><net_sink comp="990" pin=0"/></net>

<net id="997"><net_src comp="856" pin="0"/><net_sink comp="994" pin=0"/></net>

<net id="1001"><net_src comp="856" pin="0"/><net_sink comp="998" pin=0"/></net>

<net id="1005"><net_src comp="856" pin="0"/><net_sink comp="1002" pin=0"/></net>

<net id="1011"><net_src comp="858" pin="0"/><net_sink comp="1006" pin=0"/></net>

<net id="1012"><net_src comp="0" pin="0"/><net_sink comp="1006" pin=1"/></net>

<net id="1035"><net_src comp="860" pin="0"/><net_sink comp="1013" pin=0"/></net>

<net id="1036"><net_src comp="10" pin="0"/><net_sink comp="1013" pin=3"/></net>

<net id="1037"><net_src comp="12" pin="0"/><net_sink comp="1013" pin=4"/></net>

<net id="1038"><net_src comp="14" pin="0"/><net_sink comp="1013" pin=5"/></net>

<net id="1039"><net_src comp="16" pin="0"/><net_sink comp="1013" pin=6"/></net>

<net id="1040"><net_src comp="18" pin="0"/><net_sink comp="1013" pin=7"/></net>

<net id="1041"><net_src comp="20" pin="0"/><net_sink comp="1013" pin=8"/></net>

<net id="1042"><net_src comp="22" pin="0"/><net_sink comp="1013" pin=9"/></net>

<net id="1043"><net_src comp="24" pin="0"/><net_sink comp="1013" pin=10"/></net>

<net id="1044"><net_src comp="26" pin="0"/><net_sink comp="1013" pin=11"/></net>

<net id="1045"><net_src comp="28" pin="0"/><net_sink comp="1013" pin=12"/></net>

<net id="1046"><net_src comp="30" pin="0"/><net_sink comp="1013" pin=13"/></net>

<net id="1047"><net_src comp="32" pin="0"/><net_sink comp="1013" pin=14"/></net>

<net id="1048"><net_src comp="34" pin="0"/><net_sink comp="1013" pin=15"/></net>

<net id="1049"><net_src comp="36" pin="0"/><net_sink comp="1013" pin=16"/></net>

<net id="1050"><net_src comp="38" pin="0"/><net_sink comp="1013" pin=17"/></net>

<net id="1051"><net_src comp="40" pin="0"/><net_sink comp="1013" pin=18"/></net>

<net id="1052"><net_src comp="42" pin="0"/><net_sink comp="1013" pin=19"/></net>

<net id="1058"><net_src comp="862" pin="0"/><net_sink comp="1053" pin=0"/></net>

<net id="1064"><net_src comp="864" pin="0"/><net_sink comp="1059" pin=0"/></net>

<net id="1134"><net_src comp="866" pin="0"/><net_sink comp="1065" pin=0"/></net>

<net id="1135"><net_src comp="44" pin="0"/><net_sink comp="1065" pin=3"/></net>

<net id="1136"><net_src comp="46" pin="0"/><net_sink comp="1065" pin=4"/></net>

<net id="1137"><net_src comp="48" pin="0"/><net_sink comp="1065" pin=5"/></net>

<net id="1138"><net_src comp="50" pin="0"/><net_sink comp="1065" pin=6"/></net>

<net id="1139"><net_src comp="52" pin="0"/><net_sink comp="1065" pin=7"/></net>

<net id="1140"><net_src comp="54" pin="0"/><net_sink comp="1065" pin=8"/></net>

<net id="1141"><net_src comp="56" pin="0"/><net_sink comp="1065" pin=9"/></net>

<net id="1142"><net_src comp="58" pin="0"/><net_sink comp="1065" pin=10"/></net>

<net id="1143"><net_src comp="60" pin="0"/><net_sink comp="1065" pin=11"/></net>

<net id="1144"><net_src comp="62" pin="0"/><net_sink comp="1065" pin=12"/></net>

<net id="1145"><net_src comp="64" pin="0"/><net_sink comp="1065" pin=13"/></net>

<net id="1146"><net_src comp="66" pin="0"/><net_sink comp="1065" pin=14"/></net>

<net id="1147"><net_src comp="68" pin="0"/><net_sink comp="1065" pin=15"/></net>

<net id="1148"><net_src comp="70" pin="0"/><net_sink comp="1065" pin=16"/></net>

<net id="1149"><net_src comp="72" pin="0"/><net_sink comp="1065" pin=17"/></net>

<net id="1150"><net_src comp="74" pin="0"/><net_sink comp="1065" pin=18"/></net>

<net id="1151"><net_src comp="76" pin="0"/><net_sink comp="1065" pin=19"/></net>

<net id="1152"><net_src comp="78" pin="0"/><net_sink comp="1065" pin=20"/></net>

<net id="1153"><net_src comp="80" pin="0"/><net_sink comp="1065" pin=21"/></net>

<net id="1154"><net_src comp="82" pin="0"/><net_sink comp="1065" pin=22"/></net>

<net id="1155"><net_src comp="84" pin="0"/><net_sink comp="1065" pin=23"/></net>

<net id="1156"><net_src comp="86" pin="0"/><net_sink comp="1065" pin=24"/></net>

<net id="1157"><net_src comp="88" pin="0"/><net_sink comp="1065" pin=25"/></net>

<net id="1158"><net_src comp="90" pin="0"/><net_sink comp="1065" pin=26"/></net>

<net id="1159"><net_src comp="92" pin="0"/><net_sink comp="1065" pin=27"/></net>

<net id="1160"><net_src comp="94" pin="0"/><net_sink comp="1065" pin=28"/></net>

<net id="1161"><net_src comp="96" pin="0"/><net_sink comp="1065" pin=29"/></net>

<net id="1162"><net_src comp="98" pin="0"/><net_sink comp="1065" pin=30"/></net>

<net id="1163"><net_src comp="100" pin="0"/><net_sink comp="1065" pin=31"/></net>

<net id="1164"><net_src comp="102" pin="0"/><net_sink comp="1065" pin=32"/></net>

<net id="1165"><net_src comp="104" pin="0"/><net_sink comp="1065" pin=33"/></net>

<net id="1166"><net_src comp="106" pin="0"/><net_sink comp="1065" pin=34"/></net>

<net id="1167"><net_src comp="108" pin="0"/><net_sink comp="1065" pin=35"/></net>

<net id="1168"><net_src comp="110" pin="0"/><net_sink comp="1065" pin=36"/></net>

<net id="1169"><net_src comp="112" pin="0"/><net_sink comp="1065" pin=37"/></net>

<net id="1170"><net_src comp="114" pin="0"/><net_sink comp="1065" pin=38"/></net>

<net id="1171"><net_src comp="116" pin="0"/><net_sink comp="1065" pin=39"/></net>

<net id="1172"><net_src comp="118" pin="0"/><net_sink comp="1065" pin=40"/></net>

<net id="1173"><net_src comp="120" pin="0"/><net_sink comp="1065" pin=41"/></net>

<net id="1174"><net_src comp="122" pin="0"/><net_sink comp="1065" pin=42"/></net>

<net id="1175"><net_src comp="124" pin="0"/><net_sink comp="1065" pin=43"/></net>

<net id="1176"><net_src comp="126" pin="0"/><net_sink comp="1065" pin=44"/></net>

<net id="1177"><net_src comp="128" pin="0"/><net_sink comp="1065" pin=45"/></net>

<net id="1178"><net_src comp="130" pin="0"/><net_sink comp="1065" pin=46"/></net>

<net id="1179"><net_src comp="132" pin="0"/><net_sink comp="1065" pin=47"/></net>

<net id="1180"><net_src comp="134" pin="0"/><net_sink comp="1065" pin=48"/></net>

<net id="1181"><net_src comp="136" pin="0"/><net_sink comp="1065" pin=49"/></net>

<net id="1182"><net_src comp="138" pin="0"/><net_sink comp="1065" pin=50"/></net>

<net id="1183"><net_src comp="140" pin="0"/><net_sink comp="1065" pin=51"/></net>

<net id="1184"><net_src comp="142" pin="0"/><net_sink comp="1065" pin=52"/></net>

<net id="1185"><net_src comp="144" pin="0"/><net_sink comp="1065" pin=53"/></net>

<net id="1186"><net_src comp="146" pin="0"/><net_sink comp="1065" pin=54"/></net>

<net id="1187"><net_src comp="148" pin="0"/><net_sink comp="1065" pin=55"/></net>

<net id="1188"><net_src comp="150" pin="0"/><net_sink comp="1065" pin=56"/></net>

<net id="1189"><net_src comp="152" pin="0"/><net_sink comp="1065" pin=57"/></net>

<net id="1190"><net_src comp="154" pin="0"/><net_sink comp="1065" pin=58"/></net>

<net id="1191"><net_src comp="156" pin="0"/><net_sink comp="1065" pin=59"/></net>

<net id="1192"><net_src comp="158" pin="0"/><net_sink comp="1065" pin=60"/></net>

<net id="1193"><net_src comp="160" pin="0"/><net_sink comp="1065" pin=61"/></net>

<net id="1194"><net_src comp="162" pin="0"/><net_sink comp="1065" pin=62"/></net>

<net id="1195"><net_src comp="164" pin="0"/><net_sink comp="1065" pin=63"/></net>

<net id="1196"><net_src comp="166" pin="0"/><net_sink comp="1065" pin=64"/></net>

<net id="1197"><net_src comp="168" pin="0"/><net_sink comp="1065" pin=65"/></net>

<net id="1198"><net_src comp="170" pin="0"/><net_sink comp="1065" pin=66"/></net>

<net id="1204"><net_src comp="868" pin="0"/><net_sink comp="1199" pin=0"/></net>

<net id="1348"><net_src comp="870" pin="0"/><net_sink comp="1205" pin=0"/></net>

<net id="1349"><net_src comp="172" pin="0"/><net_sink comp="1205" pin=3"/></net>

<net id="1350"><net_src comp="174" pin="0"/><net_sink comp="1205" pin=4"/></net>

<net id="1351"><net_src comp="176" pin="0"/><net_sink comp="1205" pin=5"/></net>

<net id="1352"><net_src comp="178" pin="0"/><net_sink comp="1205" pin=6"/></net>

<net id="1353"><net_src comp="180" pin="0"/><net_sink comp="1205" pin=7"/></net>

<net id="1354"><net_src comp="182" pin="0"/><net_sink comp="1205" pin=8"/></net>

<net id="1355"><net_src comp="184" pin="0"/><net_sink comp="1205" pin=9"/></net>

<net id="1356"><net_src comp="186" pin="0"/><net_sink comp="1205" pin=10"/></net>

<net id="1357"><net_src comp="188" pin="0"/><net_sink comp="1205" pin=11"/></net>

<net id="1358"><net_src comp="190" pin="0"/><net_sink comp="1205" pin=12"/></net>

<net id="1359"><net_src comp="192" pin="0"/><net_sink comp="1205" pin=13"/></net>

<net id="1360"><net_src comp="194" pin="0"/><net_sink comp="1205" pin=14"/></net>

<net id="1361"><net_src comp="196" pin="0"/><net_sink comp="1205" pin=15"/></net>

<net id="1362"><net_src comp="198" pin="0"/><net_sink comp="1205" pin=16"/></net>

<net id="1363"><net_src comp="200" pin="0"/><net_sink comp="1205" pin=17"/></net>

<net id="1364"><net_src comp="202" pin="0"/><net_sink comp="1205" pin=18"/></net>

<net id="1365"><net_src comp="204" pin="0"/><net_sink comp="1205" pin=19"/></net>

<net id="1366"><net_src comp="206" pin="0"/><net_sink comp="1205" pin=20"/></net>

<net id="1367"><net_src comp="208" pin="0"/><net_sink comp="1205" pin=21"/></net>

<net id="1368"><net_src comp="210" pin="0"/><net_sink comp="1205" pin=22"/></net>

<net id="1369"><net_src comp="212" pin="0"/><net_sink comp="1205" pin=23"/></net>

<net id="1370"><net_src comp="214" pin="0"/><net_sink comp="1205" pin=24"/></net>

<net id="1371"><net_src comp="216" pin="0"/><net_sink comp="1205" pin=25"/></net>

<net id="1372"><net_src comp="218" pin="0"/><net_sink comp="1205" pin=26"/></net>

<net id="1373"><net_src comp="220" pin="0"/><net_sink comp="1205" pin=27"/></net>

<net id="1374"><net_src comp="222" pin="0"/><net_sink comp="1205" pin=28"/></net>

<net id="1375"><net_src comp="224" pin="0"/><net_sink comp="1205" pin=29"/></net>

<net id="1376"><net_src comp="226" pin="0"/><net_sink comp="1205" pin=30"/></net>

<net id="1377"><net_src comp="228" pin="0"/><net_sink comp="1205" pin=31"/></net>

<net id="1378"><net_src comp="230" pin="0"/><net_sink comp="1205" pin=32"/></net>

<net id="1379"><net_src comp="232" pin="0"/><net_sink comp="1205" pin=33"/></net>

<net id="1380"><net_src comp="234" pin="0"/><net_sink comp="1205" pin=34"/></net>

<net id="1381"><net_src comp="236" pin="0"/><net_sink comp="1205" pin=35"/></net>

<net id="1382"><net_src comp="238" pin="0"/><net_sink comp="1205" pin=36"/></net>

<net id="1383"><net_src comp="240" pin="0"/><net_sink comp="1205" pin=37"/></net>

<net id="1384"><net_src comp="242" pin="0"/><net_sink comp="1205" pin=38"/></net>

<net id="1385"><net_src comp="244" pin="0"/><net_sink comp="1205" pin=39"/></net>

<net id="1386"><net_src comp="246" pin="0"/><net_sink comp="1205" pin=40"/></net>

<net id="1387"><net_src comp="248" pin="0"/><net_sink comp="1205" pin=41"/></net>

<net id="1388"><net_src comp="250" pin="0"/><net_sink comp="1205" pin=42"/></net>

<net id="1389"><net_src comp="252" pin="0"/><net_sink comp="1205" pin=43"/></net>

<net id="1390"><net_src comp="254" pin="0"/><net_sink comp="1205" pin=44"/></net>

<net id="1391"><net_src comp="256" pin="0"/><net_sink comp="1205" pin=45"/></net>

<net id="1392"><net_src comp="258" pin="0"/><net_sink comp="1205" pin=46"/></net>

<net id="1393"><net_src comp="260" pin="0"/><net_sink comp="1205" pin=47"/></net>

<net id="1394"><net_src comp="262" pin="0"/><net_sink comp="1205" pin=48"/></net>

<net id="1395"><net_src comp="264" pin="0"/><net_sink comp="1205" pin=49"/></net>

<net id="1396"><net_src comp="266" pin="0"/><net_sink comp="1205" pin=50"/></net>

<net id="1397"><net_src comp="268" pin="0"/><net_sink comp="1205" pin=51"/></net>

<net id="1398"><net_src comp="270" pin="0"/><net_sink comp="1205" pin=52"/></net>

<net id="1399"><net_src comp="272" pin="0"/><net_sink comp="1205" pin=53"/></net>

<net id="1400"><net_src comp="274" pin="0"/><net_sink comp="1205" pin=54"/></net>

<net id="1401"><net_src comp="276" pin="0"/><net_sink comp="1205" pin=55"/></net>

<net id="1402"><net_src comp="278" pin="0"/><net_sink comp="1205" pin=56"/></net>

<net id="1403"><net_src comp="280" pin="0"/><net_sink comp="1205" pin=57"/></net>

<net id="1404"><net_src comp="282" pin="0"/><net_sink comp="1205" pin=58"/></net>

<net id="1405"><net_src comp="284" pin="0"/><net_sink comp="1205" pin=59"/></net>

<net id="1406"><net_src comp="286" pin="0"/><net_sink comp="1205" pin=60"/></net>

<net id="1407"><net_src comp="288" pin="0"/><net_sink comp="1205" pin=61"/></net>

<net id="1408"><net_src comp="290" pin="0"/><net_sink comp="1205" pin=62"/></net>

<net id="1409"><net_src comp="292" pin="0"/><net_sink comp="1205" pin=63"/></net>

<net id="1410"><net_src comp="294" pin="0"/><net_sink comp="1205" pin=64"/></net>

<net id="1411"><net_src comp="296" pin="0"/><net_sink comp="1205" pin=65"/></net>

<net id="1412"><net_src comp="298" pin="0"/><net_sink comp="1205" pin=66"/></net>

<net id="1413"><net_src comp="300" pin="0"/><net_sink comp="1205" pin=67"/></net>

<net id="1414"><net_src comp="302" pin="0"/><net_sink comp="1205" pin=68"/></net>

<net id="1415"><net_src comp="304" pin="0"/><net_sink comp="1205" pin=69"/></net>

<net id="1416"><net_src comp="306" pin="0"/><net_sink comp="1205" pin=70"/></net>

<net id="1417"><net_src comp="308" pin="0"/><net_sink comp="1205" pin=71"/></net>

<net id="1418"><net_src comp="310" pin="0"/><net_sink comp="1205" pin=72"/></net>

<net id="1419"><net_src comp="312" pin="0"/><net_sink comp="1205" pin=73"/></net>

<net id="1420"><net_src comp="314" pin="0"/><net_sink comp="1205" pin=74"/></net>

<net id="1421"><net_src comp="316" pin="0"/><net_sink comp="1205" pin=75"/></net>

<net id="1422"><net_src comp="318" pin="0"/><net_sink comp="1205" pin=76"/></net>

<net id="1423"><net_src comp="320" pin="0"/><net_sink comp="1205" pin=77"/></net>

<net id="1424"><net_src comp="322" pin="0"/><net_sink comp="1205" pin=78"/></net>

<net id="1425"><net_src comp="324" pin="0"/><net_sink comp="1205" pin=79"/></net>

<net id="1426"><net_src comp="326" pin="0"/><net_sink comp="1205" pin=80"/></net>

<net id="1427"><net_src comp="328" pin="0"/><net_sink comp="1205" pin=81"/></net>

<net id="1428"><net_src comp="330" pin="0"/><net_sink comp="1205" pin=82"/></net>

<net id="1429"><net_src comp="332" pin="0"/><net_sink comp="1205" pin=83"/></net>

<net id="1430"><net_src comp="334" pin="0"/><net_sink comp="1205" pin=84"/></net>

<net id="1431"><net_src comp="336" pin="0"/><net_sink comp="1205" pin=85"/></net>

<net id="1432"><net_src comp="338" pin="0"/><net_sink comp="1205" pin=86"/></net>

<net id="1433"><net_src comp="340" pin="0"/><net_sink comp="1205" pin=87"/></net>

<net id="1434"><net_src comp="342" pin="0"/><net_sink comp="1205" pin=88"/></net>

<net id="1435"><net_src comp="344" pin="0"/><net_sink comp="1205" pin=89"/></net>

<net id="1436"><net_src comp="346" pin="0"/><net_sink comp="1205" pin=90"/></net>

<net id="1437"><net_src comp="348" pin="0"/><net_sink comp="1205" pin=91"/></net>

<net id="1438"><net_src comp="350" pin="0"/><net_sink comp="1205" pin=92"/></net>

<net id="1439"><net_src comp="352" pin="0"/><net_sink comp="1205" pin=93"/></net>

<net id="1440"><net_src comp="354" pin="0"/><net_sink comp="1205" pin=94"/></net>

<net id="1441"><net_src comp="356" pin="0"/><net_sink comp="1205" pin=95"/></net>

<net id="1442"><net_src comp="358" pin="0"/><net_sink comp="1205" pin=96"/></net>

<net id="1443"><net_src comp="360" pin="0"/><net_sink comp="1205" pin=97"/></net>

<net id="1444"><net_src comp="362" pin="0"/><net_sink comp="1205" pin=98"/></net>

<net id="1445"><net_src comp="364" pin="0"/><net_sink comp="1205" pin=99"/></net>

<net id="1446"><net_src comp="366" pin="0"/><net_sink comp="1205" pin=100"/></net>

<net id="1447"><net_src comp="368" pin="0"/><net_sink comp="1205" pin=101"/></net>

<net id="1448"><net_src comp="370" pin="0"/><net_sink comp="1205" pin=102"/></net>

<net id="1449"><net_src comp="372" pin="0"/><net_sink comp="1205" pin=103"/></net>

<net id="1450"><net_src comp="374" pin="0"/><net_sink comp="1205" pin=104"/></net>

<net id="1451"><net_src comp="376" pin="0"/><net_sink comp="1205" pin=105"/></net>

<net id="1452"><net_src comp="378" pin="0"/><net_sink comp="1205" pin=106"/></net>

<net id="1453"><net_src comp="380" pin="0"/><net_sink comp="1205" pin=107"/></net>

<net id="1454"><net_src comp="382" pin="0"/><net_sink comp="1205" pin=108"/></net>

<net id="1455"><net_src comp="384" pin="0"/><net_sink comp="1205" pin=109"/></net>

<net id="1456"><net_src comp="386" pin="0"/><net_sink comp="1205" pin=110"/></net>

<net id="1457"><net_src comp="388" pin="0"/><net_sink comp="1205" pin=111"/></net>

<net id="1458"><net_src comp="390" pin="0"/><net_sink comp="1205" pin=112"/></net>

<net id="1459"><net_src comp="392" pin="0"/><net_sink comp="1205" pin=113"/></net>

<net id="1460"><net_src comp="394" pin="0"/><net_sink comp="1205" pin=114"/></net>

<net id="1461"><net_src comp="396" pin="0"/><net_sink comp="1205" pin=115"/></net>

<net id="1462"><net_src comp="398" pin="0"/><net_sink comp="1205" pin=116"/></net>

<net id="1463"><net_src comp="400" pin="0"/><net_sink comp="1205" pin=117"/></net>

<net id="1464"><net_src comp="402" pin="0"/><net_sink comp="1205" pin=118"/></net>

<net id="1465"><net_src comp="404" pin="0"/><net_sink comp="1205" pin=119"/></net>

<net id="1466"><net_src comp="406" pin="0"/><net_sink comp="1205" pin=120"/></net>

<net id="1467"><net_src comp="408" pin="0"/><net_sink comp="1205" pin=121"/></net>

<net id="1468"><net_src comp="410" pin="0"/><net_sink comp="1205" pin=122"/></net>

<net id="1469"><net_src comp="412" pin="0"/><net_sink comp="1205" pin=123"/></net>

<net id="1470"><net_src comp="414" pin="0"/><net_sink comp="1205" pin=124"/></net>

<net id="1471"><net_src comp="416" pin="0"/><net_sink comp="1205" pin=125"/></net>

<net id="1472"><net_src comp="418" pin="0"/><net_sink comp="1205" pin=126"/></net>

<net id="1473"><net_src comp="420" pin="0"/><net_sink comp="1205" pin=127"/></net>

<net id="1474"><net_src comp="422" pin="0"/><net_sink comp="1205" pin=128"/></net>

<net id="1475"><net_src comp="424" pin="0"/><net_sink comp="1205" pin=129"/></net>

<net id="1476"><net_src comp="426" pin="0"/><net_sink comp="1205" pin=130"/></net>

<net id="1477"><net_src comp="428" pin="0"/><net_sink comp="1205" pin=131"/></net>

<net id="1478"><net_src comp="430" pin="0"/><net_sink comp="1205" pin=132"/></net>

<net id="1479"><net_src comp="432" pin="0"/><net_sink comp="1205" pin=133"/></net>

<net id="1480"><net_src comp="434" pin="0"/><net_sink comp="1205" pin=134"/></net>

<net id="1481"><net_src comp="436" pin="0"/><net_sink comp="1205" pin=135"/></net>

<net id="1482"><net_src comp="438" pin="0"/><net_sink comp="1205" pin=136"/></net>

<net id="1483"><net_src comp="440" pin="0"/><net_sink comp="1205" pin=137"/></net>

<net id="1484"><net_src comp="442" pin="0"/><net_sink comp="1205" pin=138"/></net>

<net id="1485"><net_src comp="444" pin="0"/><net_sink comp="1205" pin=139"/></net>

<net id="1486"><net_src comp="446" pin="0"/><net_sink comp="1205" pin=140"/></net>

<net id="1492"><net_src comp="872" pin="0"/><net_sink comp="1487" pin=0"/></net>

<net id="1498"><net_src comp="874" pin="0"/><net_sink comp="1493" pin=0"/></net>

<net id="1706"><net_src comp="876" pin="0"/><net_sink comp="1499" pin=0"/></net>

<net id="1707"><net_src comp="448" pin="0"/><net_sink comp="1499" pin=3"/></net>

<net id="1708"><net_src comp="450" pin="0"/><net_sink comp="1499" pin=4"/></net>

<net id="1709"><net_src comp="452" pin="0"/><net_sink comp="1499" pin=5"/></net>

<net id="1710"><net_src comp="454" pin="0"/><net_sink comp="1499" pin=6"/></net>

<net id="1711"><net_src comp="456" pin="0"/><net_sink comp="1499" pin=7"/></net>

<net id="1712"><net_src comp="458" pin="0"/><net_sink comp="1499" pin=8"/></net>

<net id="1713"><net_src comp="460" pin="0"/><net_sink comp="1499" pin=9"/></net>

<net id="1714"><net_src comp="462" pin="0"/><net_sink comp="1499" pin=10"/></net>

<net id="1715"><net_src comp="464" pin="0"/><net_sink comp="1499" pin=11"/></net>

<net id="1716"><net_src comp="466" pin="0"/><net_sink comp="1499" pin=12"/></net>

<net id="1717"><net_src comp="468" pin="0"/><net_sink comp="1499" pin=13"/></net>

<net id="1718"><net_src comp="470" pin="0"/><net_sink comp="1499" pin=14"/></net>

<net id="1719"><net_src comp="472" pin="0"/><net_sink comp="1499" pin=15"/></net>

<net id="1720"><net_src comp="474" pin="0"/><net_sink comp="1499" pin=16"/></net>

<net id="1721"><net_src comp="476" pin="0"/><net_sink comp="1499" pin=17"/></net>

<net id="1722"><net_src comp="478" pin="0"/><net_sink comp="1499" pin=18"/></net>

<net id="1723"><net_src comp="480" pin="0"/><net_sink comp="1499" pin=19"/></net>

<net id="1724"><net_src comp="482" pin="0"/><net_sink comp="1499" pin=20"/></net>

<net id="1725"><net_src comp="484" pin="0"/><net_sink comp="1499" pin=21"/></net>

<net id="1726"><net_src comp="486" pin="0"/><net_sink comp="1499" pin=22"/></net>

<net id="1727"><net_src comp="488" pin="0"/><net_sink comp="1499" pin=23"/></net>

<net id="1728"><net_src comp="490" pin="0"/><net_sink comp="1499" pin=24"/></net>

<net id="1729"><net_src comp="492" pin="0"/><net_sink comp="1499" pin=25"/></net>

<net id="1730"><net_src comp="494" pin="0"/><net_sink comp="1499" pin=26"/></net>

<net id="1731"><net_src comp="496" pin="0"/><net_sink comp="1499" pin=27"/></net>

<net id="1732"><net_src comp="498" pin="0"/><net_sink comp="1499" pin=28"/></net>

<net id="1733"><net_src comp="500" pin="0"/><net_sink comp="1499" pin=29"/></net>

<net id="1734"><net_src comp="502" pin="0"/><net_sink comp="1499" pin=30"/></net>

<net id="1735"><net_src comp="504" pin="0"/><net_sink comp="1499" pin=31"/></net>

<net id="1736"><net_src comp="506" pin="0"/><net_sink comp="1499" pin=32"/></net>

<net id="1737"><net_src comp="508" pin="0"/><net_sink comp="1499" pin=33"/></net>

<net id="1738"><net_src comp="510" pin="0"/><net_sink comp="1499" pin=34"/></net>

<net id="1739"><net_src comp="512" pin="0"/><net_sink comp="1499" pin=35"/></net>

<net id="1740"><net_src comp="514" pin="0"/><net_sink comp="1499" pin=36"/></net>

<net id="1741"><net_src comp="516" pin="0"/><net_sink comp="1499" pin=37"/></net>

<net id="1742"><net_src comp="518" pin="0"/><net_sink comp="1499" pin=38"/></net>

<net id="1743"><net_src comp="520" pin="0"/><net_sink comp="1499" pin=39"/></net>

<net id="1744"><net_src comp="522" pin="0"/><net_sink comp="1499" pin=40"/></net>

<net id="1745"><net_src comp="524" pin="0"/><net_sink comp="1499" pin=41"/></net>

<net id="1746"><net_src comp="526" pin="0"/><net_sink comp="1499" pin=42"/></net>

<net id="1747"><net_src comp="528" pin="0"/><net_sink comp="1499" pin=43"/></net>

<net id="1748"><net_src comp="530" pin="0"/><net_sink comp="1499" pin=44"/></net>

<net id="1749"><net_src comp="532" pin="0"/><net_sink comp="1499" pin=45"/></net>

<net id="1750"><net_src comp="534" pin="0"/><net_sink comp="1499" pin=46"/></net>

<net id="1751"><net_src comp="536" pin="0"/><net_sink comp="1499" pin=47"/></net>

<net id="1752"><net_src comp="538" pin="0"/><net_sink comp="1499" pin=48"/></net>

<net id="1753"><net_src comp="540" pin="0"/><net_sink comp="1499" pin=49"/></net>

<net id="1754"><net_src comp="542" pin="0"/><net_sink comp="1499" pin=50"/></net>

<net id="1755"><net_src comp="544" pin="0"/><net_sink comp="1499" pin=51"/></net>

<net id="1756"><net_src comp="546" pin="0"/><net_sink comp="1499" pin=52"/></net>

<net id="1757"><net_src comp="548" pin="0"/><net_sink comp="1499" pin=53"/></net>

<net id="1758"><net_src comp="550" pin="0"/><net_sink comp="1499" pin=54"/></net>

<net id="1759"><net_src comp="552" pin="0"/><net_sink comp="1499" pin=55"/></net>

<net id="1760"><net_src comp="554" pin="0"/><net_sink comp="1499" pin=56"/></net>

<net id="1761"><net_src comp="556" pin="0"/><net_sink comp="1499" pin=57"/></net>

<net id="1762"><net_src comp="558" pin="0"/><net_sink comp="1499" pin=58"/></net>

<net id="1763"><net_src comp="560" pin="0"/><net_sink comp="1499" pin=59"/></net>

<net id="1764"><net_src comp="562" pin="0"/><net_sink comp="1499" pin=60"/></net>

<net id="1765"><net_src comp="564" pin="0"/><net_sink comp="1499" pin=61"/></net>

<net id="1766"><net_src comp="566" pin="0"/><net_sink comp="1499" pin=62"/></net>

<net id="1767"><net_src comp="568" pin="0"/><net_sink comp="1499" pin=63"/></net>

<net id="1768"><net_src comp="570" pin="0"/><net_sink comp="1499" pin=64"/></net>

<net id="1769"><net_src comp="572" pin="0"/><net_sink comp="1499" pin=65"/></net>

<net id="1770"><net_src comp="574" pin="0"/><net_sink comp="1499" pin=66"/></net>

<net id="1771"><net_src comp="576" pin="0"/><net_sink comp="1499" pin=67"/></net>

<net id="1772"><net_src comp="578" pin="0"/><net_sink comp="1499" pin=68"/></net>

<net id="1773"><net_src comp="580" pin="0"/><net_sink comp="1499" pin=69"/></net>

<net id="1774"><net_src comp="582" pin="0"/><net_sink comp="1499" pin=70"/></net>

<net id="1775"><net_src comp="584" pin="0"/><net_sink comp="1499" pin=71"/></net>

<net id="1776"><net_src comp="586" pin="0"/><net_sink comp="1499" pin=72"/></net>

<net id="1777"><net_src comp="588" pin="0"/><net_sink comp="1499" pin=73"/></net>

<net id="1778"><net_src comp="590" pin="0"/><net_sink comp="1499" pin=74"/></net>

<net id="1779"><net_src comp="592" pin="0"/><net_sink comp="1499" pin=75"/></net>

<net id="1780"><net_src comp="594" pin="0"/><net_sink comp="1499" pin=76"/></net>

<net id="1781"><net_src comp="596" pin="0"/><net_sink comp="1499" pin=77"/></net>

<net id="1782"><net_src comp="598" pin="0"/><net_sink comp="1499" pin=78"/></net>

<net id="1783"><net_src comp="600" pin="0"/><net_sink comp="1499" pin=79"/></net>

<net id="1784"><net_src comp="602" pin="0"/><net_sink comp="1499" pin=80"/></net>

<net id="1785"><net_src comp="604" pin="0"/><net_sink comp="1499" pin=81"/></net>

<net id="1786"><net_src comp="606" pin="0"/><net_sink comp="1499" pin=82"/></net>

<net id="1787"><net_src comp="608" pin="0"/><net_sink comp="1499" pin=83"/></net>

<net id="1788"><net_src comp="610" pin="0"/><net_sink comp="1499" pin=84"/></net>

<net id="1789"><net_src comp="612" pin="0"/><net_sink comp="1499" pin=85"/></net>

<net id="1790"><net_src comp="614" pin="0"/><net_sink comp="1499" pin=86"/></net>

<net id="1791"><net_src comp="616" pin="0"/><net_sink comp="1499" pin=87"/></net>

<net id="1792"><net_src comp="618" pin="0"/><net_sink comp="1499" pin=88"/></net>

<net id="1793"><net_src comp="620" pin="0"/><net_sink comp="1499" pin=89"/></net>

<net id="1794"><net_src comp="622" pin="0"/><net_sink comp="1499" pin=90"/></net>

<net id="1795"><net_src comp="624" pin="0"/><net_sink comp="1499" pin=91"/></net>

<net id="1796"><net_src comp="626" pin="0"/><net_sink comp="1499" pin=92"/></net>

<net id="1797"><net_src comp="628" pin="0"/><net_sink comp="1499" pin=93"/></net>

<net id="1798"><net_src comp="630" pin="0"/><net_sink comp="1499" pin=94"/></net>

<net id="1799"><net_src comp="632" pin="0"/><net_sink comp="1499" pin=95"/></net>

<net id="1800"><net_src comp="634" pin="0"/><net_sink comp="1499" pin=96"/></net>

<net id="1801"><net_src comp="636" pin="0"/><net_sink comp="1499" pin=97"/></net>

<net id="1802"><net_src comp="638" pin="0"/><net_sink comp="1499" pin=98"/></net>

<net id="1803"><net_src comp="640" pin="0"/><net_sink comp="1499" pin=99"/></net>

<net id="1804"><net_src comp="642" pin="0"/><net_sink comp="1499" pin=100"/></net>

<net id="1805"><net_src comp="644" pin="0"/><net_sink comp="1499" pin=101"/></net>

<net id="1806"><net_src comp="646" pin="0"/><net_sink comp="1499" pin=102"/></net>

<net id="1807"><net_src comp="648" pin="0"/><net_sink comp="1499" pin=103"/></net>

<net id="1808"><net_src comp="650" pin="0"/><net_sink comp="1499" pin=104"/></net>

<net id="1809"><net_src comp="652" pin="0"/><net_sink comp="1499" pin=105"/></net>

<net id="1810"><net_src comp="654" pin="0"/><net_sink comp="1499" pin=106"/></net>

<net id="1811"><net_src comp="656" pin="0"/><net_sink comp="1499" pin=107"/></net>

<net id="1812"><net_src comp="658" pin="0"/><net_sink comp="1499" pin=108"/></net>

<net id="1813"><net_src comp="660" pin="0"/><net_sink comp="1499" pin=109"/></net>

<net id="1814"><net_src comp="662" pin="0"/><net_sink comp="1499" pin=110"/></net>

<net id="1815"><net_src comp="664" pin="0"/><net_sink comp="1499" pin=111"/></net>

<net id="1816"><net_src comp="666" pin="0"/><net_sink comp="1499" pin=112"/></net>

<net id="1817"><net_src comp="668" pin="0"/><net_sink comp="1499" pin=113"/></net>

<net id="1818"><net_src comp="670" pin="0"/><net_sink comp="1499" pin=114"/></net>

<net id="1819"><net_src comp="672" pin="0"/><net_sink comp="1499" pin=115"/></net>

<net id="1820"><net_src comp="674" pin="0"/><net_sink comp="1499" pin=116"/></net>

<net id="1821"><net_src comp="676" pin="0"/><net_sink comp="1499" pin=117"/></net>

<net id="1822"><net_src comp="678" pin="0"/><net_sink comp="1499" pin=118"/></net>

<net id="1823"><net_src comp="680" pin="0"/><net_sink comp="1499" pin=119"/></net>

<net id="1824"><net_src comp="682" pin="0"/><net_sink comp="1499" pin=120"/></net>

<net id="1825"><net_src comp="684" pin="0"/><net_sink comp="1499" pin=121"/></net>

<net id="1826"><net_src comp="686" pin="0"/><net_sink comp="1499" pin=122"/></net>

<net id="1827"><net_src comp="688" pin="0"/><net_sink comp="1499" pin=123"/></net>

<net id="1828"><net_src comp="690" pin="0"/><net_sink comp="1499" pin=124"/></net>

<net id="1829"><net_src comp="692" pin="0"/><net_sink comp="1499" pin=125"/></net>

<net id="1830"><net_src comp="694" pin="0"/><net_sink comp="1499" pin=126"/></net>

<net id="1831"><net_src comp="696" pin="0"/><net_sink comp="1499" pin=127"/></net>

<net id="1832"><net_src comp="698" pin="0"/><net_sink comp="1499" pin=128"/></net>

<net id="1833"><net_src comp="700" pin="0"/><net_sink comp="1499" pin=129"/></net>

<net id="1834"><net_src comp="702" pin="0"/><net_sink comp="1499" pin=130"/></net>

<net id="1835"><net_src comp="704" pin="0"/><net_sink comp="1499" pin=131"/></net>

<net id="1836"><net_src comp="706" pin="0"/><net_sink comp="1499" pin=132"/></net>

<net id="1837"><net_src comp="708" pin="0"/><net_sink comp="1499" pin=133"/></net>

<net id="1838"><net_src comp="710" pin="0"/><net_sink comp="1499" pin=134"/></net>

<net id="1839"><net_src comp="712" pin="0"/><net_sink comp="1499" pin=135"/></net>

<net id="1840"><net_src comp="714" pin="0"/><net_sink comp="1499" pin=136"/></net>

<net id="1841"><net_src comp="716" pin="0"/><net_sink comp="1499" pin=137"/></net>

<net id="1842"><net_src comp="718" pin="0"/><net_sink comp="1499" pin=138"/></net>

<net id="1843"><net_src comp="720" pin="0"/><net_sink comp="1499" pin=139"/></net>

<net id="1844"><net_src comp="722" pin="0"/><net_sink comp="1499" pin=140"/></net>

<net id="1845"><net_src comp="724" pin="0"/><net_sink comp="1499" pin=141"/></net>

<net id="1846"><net_src comp="726" pin="0"/><net_sink comp="1499" pin=142"/></net>

<net id="1847"><net_src comp="728" pin="0"/><net_sink comp="1499" pin=143"/></net>

<net id="1848"><net_src comp="730" pin="0"/><net_sink comp="1499" pin=144"/></net>

<net id="1849"><net_src comp="732" pin="0"/><net_sink comp="1499" pin=145"/></net>

<net id="1850"><net_src comp="734" pin="0"/><net_sink comp="1499" pin=146"/></net>

<net id="1851"><net_src comp="736" pin="0"/><net_sink comp="1499" pin=147"/></net>

<net id="1852"><net_src comp="738" pin="0"/><net_sink comp="1499" pin=148"/></net>

<net id="1853"><net_src comp="740" pin="0"/><net_sink comp="1499" pin=149"/></net>

<net id="1854"><net_src comp="742" pin="0"/><net_sink comp="1499" pin=150"/></net>

<net id="1855"><net_src comp="744" pin="0"/><net_sink comp="1499" pin=151"/></net>

<net id="1856"><net_src comp="746" pin="0"/><net_sink comp="1499" pin=152"/></net>

<net id="1857"><net_src comp="748" pin="0"/><net_sink comp="1499" pin=153"/></net>

<net id="1858"><net_src comp="750" pin="0"/><net_sink comp="1499" pin=154"/></net>

<net id="1859"><net_src comp="752" pin="0"/><net_sink comp="1499" pin=155"/></net>

<net id="1860"><net_src comp="754" pin="0"/><net_sink comp="1499" pin=156"/></net>

<net id="1861"><net_src comp="756" pin="0"/><net_sink comp="1499" pin=157"/></net>

<net id="1862"><net_src comp="758" pin="0"/><net_sink comp="1499" pin=158"/></net>

<net id="1863"><net_src comp="760" pin="0"/><net_sink comp="1499" pin=159"/></net>

<net id="1864"><net_src comp="762" pin="0"/><net_sink comp="1499" pin=160"/></net>

<net id="1865"><net_src comp="764" pin="0"/><net_sink comp="1499" pin=161"/></net>

<net id="1866"><net_src comp="766" pin="0"/><net_sink comp="1499" pin=162"/></net>

<net id="1867"><net_src comp="768" pin="0"/><net_sink comp="1499" pin=163"/></net>

<net id="1868"><net_src comp="770" pin="0"/><net_sink comp="1499" pin=164"/></net>

<net id="1869"><net_src comp="772" pin="0"/><net_sink comp="1499" pin=165"/></net>

<net id="1870"><net_src comp="774" pin="0"/><net_sink comp="1499" pin=166"/></net>

<net id="1871"><net_src comp="776" pin="0"/><net_sink comp="1499" pin=167"/></net>

<net id="1872"><net_src comp="778" pin="0"/><net_sink comp="1499" pin=168"/></net>

<net id="1873"><net_src comp="780" pin="0"/><net_sink comp="1499" pin=169"/></net>

<net id="1874"><net_src comp="782" pin="0"/><net_sink comp="1499" pin=170"/></net>

<net id="1875"><net_src comp="784" pin="0"/><net_sink comp="1499" pin=171"/></net>

<net id="1876"><net_src comp="786" pin="0"/><net_sink comp="1499" pin=172"/></net>

<net id="1877"><net_src comp="788" pin="0"/><net_sink comp="1499" pin=173"/></net>

<net id="1878"><net_src comp="790" pin="0"/><net_sink comp="1499" pin=174"/></net>

<net id="1879"><net_src comp="792" pin="0"/><net_sink comp="1499" pin=175"/></net>

<net id="1880"><net_src comp="794" pin="0"/><net_sink comp="1499" pin=176"/></net>

<net id="1881"><net_src comp="796" pin="0"/><net_sink comp="1499" pin=177"/></net>

<net id="1882"><net_src comp="798" pin="0"/><net_sink comp="1499" pin=178"/></net>

<net id="1883"><net_src comp="800" pin="0"/><net_sink comp="1499" pin=179"/></net>

<net id="1884"><net_src comp="802" pin="0"/><net_sink comp="1499" pin=180"/></net>

<net id="1885"><net_src comp="804" pin="0"/><net_sink comp="1499" pin=181"/></net>

<net id="1886"><net_src comp="806" pin="0"/><net_sink comp="1499" pin=182"/></net>

<net id="1887"><net_src comp="808" pin="0"/><net_sink comp="1499" pin=183"/></net>

<net id="1888"><net_src comp="810" pin="0"/><net_sink comp="1499" pin=184"/></net>

<net id="1889"><net_src comp="812" pin="0"/><net_sink comp="1499" pin=185"/></net>

<net id="1890"><net_src comp="814" pin="0"/><net_sink comp="1499" pin=186"/></net>

<net id="1891"><net_src comp="816" pin="0"/><net_sink comp="1499" pin=187"/></net>

<net id="1892"><net_src comp="818" pin="0"/><net_sink comp="1499" pin=188"/></net>

<net id="1893"><net_src comp="820" pin="0"/><net_sink comp="1499" pin=189"/></net>

<net id="1894"><net_src comp="822" pin="0"/><net_sink comp="1499" pin=190"/></net>

<net id="1895"><net_src comp="824" pin="0"/><net_sink comp="1499" pin=191"/></net>

<net id="1896"><net_src comp="826" pin="0"/><net_sink comp="1499" pin=192"/></net>

<net id="1897"><net_src comp="828" pin="0"/><net_sink comp="1499" pin=193"/></net>

<net id="1898"><net_src comp="830" pin="0"/><net_sink comp="1499" pin=194"/></net>

<net id="1899"><net_src comp="832" pin="0"/><net_sink comp="1499" pin=195"/></net>

<net id="1900"><net_src comp="834" pin="0"/><net_sink comp="1499" pin=196"/></net>

<net id="1901"><net_src comp="836" pin="0"/><net_sink comp="1499" pin=197"/></net>

<net id="1902"><net_src comp="838" pin="0"/><net_sink comp="1499" pin=198"/></net>

<net id="1903"><net_src comp="840" pin="0"/><net_sink comp="1499" pin=199"/></net>

<net id="1904"><net_src comp="842" pin="0"/><net_sink comp="1499" pin=200"/></net>

<net id="1905"><net_src comp="844" pin="0"/><net_sink comp="1499" pin=201"/></net>

<net id="1906"><net_src comp="846" pin="0"/><net_sink comp="1499" pin=202"/></net>

<net id="1907"><net_src comp="848" pin="0"/><net_sink comp="1499" pin=203"/></net>

<net id="1908"><net_src comp="850" pin="0"/><net_sink comp="1499" pin=204"/></net>

<net id="1916"><net_src comp="878" pin="0"/><net_sink comp="1909" pin=0"/></net>

<net id="1917"><net_src comp="852" pin="0"/><net_sink comp="1909" pin=3"/></net>

<net id="1918"><net_src comp="854" pin="0"/><net_sink comp="1909" pin=4"/></net>

<net id="1927"><net_src comp="880" pin="0"/><net_sink comp="1919" pin=0"/></net>

<net id="1928"><net_src comp="2" pin="0"/><net_sink comp="1919" pin=2"/></net>

<net id="1929"><net_src comp="4" pin="0"/><net_sink comp="1919" pin=3"/></net>

<net id="1930"><net_src comp="6" pin="0"/><net_sink comp="1919" pin=4"/></net>

<net id="1931"><net_src comp="8" pin="0"/><net_sink comp="1919" pin=5"/></net>

<net id="1935"><net_src comp="962" pin="1"/><net_sink comp="1932" pin=0"/></net>

<net id="1936"><net_src comp="1932" pin="1"/><net_sink comp="1909" pin=2"/></net>

<net id="1937"><net_src comp="1932" pin="1"/><net_sink comp="1919" pin=1"/></net>

<net id="1941"><net_src comp="966" pin="1"/><net_sink comp="1938" pin=0"/></net>

<net id="1942"><net_src comp="1938" pin="1"/><net_sink comp="1006" pin=2"/></net>

<net id="1943"><net_src comp="1938" pin="1"/><net_sink comp="1013" pin=1"/></net>

<net id="1947"><net_src comp="970" pin="1"/><net_sink comp="1944" pin=0"/></net>

<net id="1948"><net_src comp="1944" pin="1"/><net_sink comp="1013" pin=2"/></net>

<net id="1949"><net_src comp="1944" pin="1"/><net_sink comp="1053" pin=1"/></net>

<net id="1953"><net_src comp="974" pin="1"/><net_sink comp="1950" pin=0"/></net>

<net id="1954"><net_src comp="1950" pin="1"/><net_sink comp="1053" pin=2"/></net>

<net id="1955"><net_src comp="1950" pin="1"/><net_sink comp="1059" pin=1"/></net>

<net id="1959"><net_src comp="978" pin="1"/><net_sink comp="1956" pin=0"/></net>

<net id="1960"><net_src comp="1956" pin="1"/><net_sink comp="1059" pin=2"/></net>

<net id="1961"><net_src comp="1956" pin="1"/><net_sink comp="1065" pin=1"/></net>

<net id="1965"><net_src comp="982" pin="1"/><net_sink comp="1962" pin=0"/></net>

<net id="1966"><net_src comp="1962" pin="1"/><net_sink comp="1065" pin=2"/></net>

<net id="1967"><net_src comp="1962" pin="1"/><net_sink comp="1199" pin=1"/></net>

<net id="1971"><net_src comp="986" pin="1"/><net_sink comp="1968" pin=0"/></net>

<net id="1972"><net_src comp="1968" pin="1"/><net_sink comp="1199" pin=2"/></net>

<net id="1973"><net_src comp="1968" pin="1"/><net_sink comp="1205" pin=1"/></net>

<net id="1977"><net_src comp="990" pin="1"/><net_sink comp="1974" pin=0"/></net>

<net id="1978"><net_src comp="1974" pin="1"/><net_sink comp="1205" pin=2"/></net>

<net id="1979"><net_src comp="1974" pin="1"/><net_sink comp="1487" pin=1"/></net>

<net id="1983"><net_src comp="994" pin="1"/><net_sink comp="1980" pin=0"/></net>

<net id="1984"><net_src comp="1980" pin="1"/><net_sink comp="1487" pin=2"/></net>

<net id="1985"><net_src comp="1980" pin="1"/><net_sink comp="1493" pin=1"/></net>

<net id="1989"><net_src comp="998" pin="1"/><net_sink comp="1986" pin=0"/></net>

<net id="1990"><net_src comp="1986" pin="1"/><net_sink comp="1493" pin=2"/></net>

<net id="1991"><net_src comp="1986" pin="1"/><net_sink comp="1499" pin=1"/></net>

<net id="1995"><net_src comp="1002" pin="1"/><net_sink comp="1992" pin=0"/></net>

<net id="1996"><net_src comp="1992" pin="1"/><net_sink comp="1499" pin=2"/></net>

<net id="1997"><net_src comp="1992" pin="1"/><net_sink comp="1909" pin=1"/></net>

</net_list>

</model> 
---------------- Datapath Model END ------------------

* FSMD analyzer results:
  - Output states:
	Port: layer12_out_V_data_V | {24 25 }
	Port: layer12_out_V_keep_V | {24 25 }
	Port: layer12_out_V_strb_V | {24 25 }
	Port: layer12_out_V_last_V | {24 25 }
	Port: void_compute_output_buffer_2d_array_const_ap_shift_reg_n_chan_stream_weig_7 | {4 5 }
	Port: void_compute_output_buffer_2d_array_const_ap_shift_reg_n_chan_stream_weig_8 | {4 5 }
	Port: void_compute_output_buffer_2d_array_const_ap_shift_reg_n_chan_stream_weig_4 | {4 5 }
	Port: void_compute_output_buffer_2d_array_const_ap_shift_reg_n_chan_stream_weig_5 | {4 5 }
	Port: void_compute_output_buffer_2d_array_const_ap_shift_reg_n_chan_stream_weig_1 | {4 5 }
	Port: void_compute_output_buffer_2d_array_const_ap_shift_reg_n_chan_stream_weig_2 | {4 5 }
	Port: void_compute_output_buffer_2d_array_const_ap_shift_reg_n_chan_stream_weig_6 | {4 5 }
	Port: void_compute_output_buffer_2d_array_const_ap_shift_reg_n_chan_stream_weig_3 | {4 5 }
	Port: void_compute_output_buffer_2d_array_const_ap_shift_reg_n_chan_stream_weig | {4 5 }
	Port: void_conv_2d_buffer_resource_cl_stream_stream_weight_t_bias_t_line_buffer_1 | {4 5 }
	Port: void_conv_2d_buffer_resource_cl_stream_stream_weight_t_bias_t_line_buffer | {4 5 }
	Port: sX_2 | {4 5 }
	Port: sY_2 | {4 5 }
	Port: pY_2 | {4 5 }
	Port: pX_2 | {4 5 }
	Port: sY_1 | {10 11 }
	Port: pY_1 | {10 11 }
	Port: void_compute_pool_buffer_2d_array_const_ap_shift_reg_n_filt_stream_kernel_19 | {10 11 }
	Port: p_ZZN4nnet22compute_pool_buffer_2dINS_5arrayI8ap_fixedILi20ELi10EL9ap_q_mode5EL9a_209 | {10 11 }
	Port: p_ZZN4nnet22compute_pool_buffer_2dINS_5arrayI8ap_fixedILi20ELi10EL9ap_q_mode5EL9a_221 | {10 11 }
	Port: p_ZZN4nnet22compute_pool_buffer_2dINS_5arrayI8ap_fixedILi20ELi10EL9ap_q_mode5EL9a_233 | {10 11 }
	Port: void_compute_pool_buffer_2d_array_const_ap_shift_reg_n_filt_stream_kernel_18 | {10 11 }
	Port: p_ZZN4nnet22compute_pool_buffer_2dINS_5arrayI8ap_fixedILi20ELi10EL9ap_q_mode5EL9a_210 | {10 11 }
	Port: p_ZZN4nnet22compute_pool_buffer_2dINS_5arrayI8ap_fixedILi20ELi10EL9ap_q_mode5EL9a_222 | {10 11 }
	Port: p_ZZN4nnet22compute_pool_buffer_2dINS_5arrayI8ap_fixedILi20ELi10EL9ap_q_mode5EL9a_234 | {10 11 }
	Port: void_compute_pool_buffer_2d_array_const_ap_shift_reg_n_filt_stream_kernel_17 | {10 11 }
	Port: p_ZZN4nnet22compute_pool_buffer_2dINS_5arrayI8ap_fixedILi20ELi10EL9ap_q_mode5EL9a_211 | {10 11 }
	Port: p_ZZN4nnet22compute_pool_buffer_2dINS_5arrayI8ap_fixedILi20ELi10EL9ap_q_mode5EL9a_223 | {10 11 }
	Port: p_ZZN4nnet22compute_pool_buffer_2dINS_5arrayI8ap_fixedILi20ELi10EL9ap_q_mode5EL9a_235 | {10 11 }
	Port: void_compute_pool_buffer_2d_array_const_ap_shift_reg_n_filt_stream_kernel_16 | {10 11 }
	Port: p_ZZN4nnet22compute_pool_buffer_2dINS_5arrayI8ap_fixedILi20ELi10EL9ap_q_mode5EL9a_212 | {10 11 }
	Port: p_ZZN4nnet22compute_pool_buffer_2dINS_5arrayI8ap_fixedILi20ELi10EL9ap_q_mode5EL9a_224 | {10 11 }
	Port: p_ZZN4nnet22compute_pool_buffer_2dINS_5arrayI8ap_fixedILi20ELi10EL9ap_q_mode5EL9a_236 | {10 11 }
	Port: void_compute_pool_buffer_2d_array_const_ap_shift_reg_n_filt_stream_kernel_15 | {10 11 }
	Port: p_ZZN4nnet22compute_pool_buffer_2dINS_5arrayI8ap_fixedILi20ELi10EL9ap_q_mode5EL9a_213 | {10 11 }
	Port: p_ZZN4nnet22compute_pool_buffer_2dINS_5arrayI8ap_fixedILi20ELi10EL9ap_q_mode5EL9a_225 | {10 11 }
	Port: p_ZZN4nnet22compute_pool_buffer_2dINS_5arrayI8ap_fixedILi20ELi10EL9ap_q_mode5EL9a_237 | {10 11 }
	Port: void_compute_pool_buffer_2d_array_const_ap_shift_reg_n_filt_stream_kernel_14 | {10 11 }
	Port: p_ZZN4nnet22compute_pool_buffer_2dINS_5arrayI8ap_fixedILi20ELi10EL9ap_q_mode5EL9a_214 | {10 11 }
	Port: p_ZZN4nnet22compute_pool_buffer_2dINS_5arrayI8ap_fixedILi20ELi10EL9ap_q_mode5EL9a_226 | {10 11 }
	Port: p_ZZN4nnet22compute_pool_buffer_2dINS_5arrayI8ap_fixedILi20ELi10EL9ap_q_mode5EL9a_238 | {10 11 }
	Port: void_compute_pool_buffer_2d_array_const_ap_shift_reg_n_filt_stream_kernel_13 | {10 11 }
	Port: p_ZZN4nnet22compute_pool_buffer_2dINS_5arrayI8ap_fixedILi20ELi10EL9ap_q_mode5EL9a_215 | {10 11 }
	Port: p_ZZN4nnet22compute_pool_buffer_2dINS_5arrayI8ap_fixedILi20ELi10EL9ap_q_mode5EL9a_227 | {10 11 }
	Port: p_ZZN4nnet22compute_pool_buffer_2dINS_5arrayI8ap_fixedILi20ELi10EL9ap_q_mode5EL9a_239 | {10 11 }
	Port: void_compute_pool_buffer_2d_array_const_ap_shift_reg_n_filt_stream_kernel_12 | {10 11 }
	Port: p_ZZN4nnet22compute_pool_buffer_2dINS_5arrayI8ap_fixedILi20ELi10EL9ap_q_mode5EL9a_216 | {10 11 }
	Port: p_ZZN4nnet22compute_pool_buffer_2dINS_5arrayI8ap_fixedILi20ELi10EL9ap_q_mode5EL9a_228 | {10 11 }
	Port: p_ZZN4nnet22compute_pool_buffer_2dINS_5arrayI8ap_fixedILi20ELi10EL9ap_q_mode5EL9a_240 | {10 11 }
	Port: void_compute_pool_buffer_2d_array_const_ap_shift_reg_n_filt_stream_kernel_11 | {10 11 }
	Port: p_ZZN4nnet22compute_pool_buffer_2dINS_5arrayI8ap_fixedILi20ELi10EL9ap_q_mode5EL9a_217 | {10 11 }
	Port: p_ZZN4nnet22compute_pool_buffer_2dINS_5arrayI8ap_fixedILi20ELi10EL9ap_q_mode5EL9a_229 | {10 11 }
	Port: p_ZZN4nnet22compute_pool_buffer_2dINS_5arrayI8ap_fixedILi20ELi10EL9ap_q_mode5EL9a_241 | {10 11 }
	Port: void_compute_pool_buffer_2d_array_const_ap_shift_reg_n_filt_stream_kernel_10 | {10 11 }
	Port: p_ZZN4nnet22compute_pool_buffer_2dINS_5arrayI8ap_fixedILi20ELi10EL9ap_q_mode5EL9a_218 | {10 11 }
	Port: p_ZZN4nnet22compute_pool_buffer_2dINS_5arrayI8ap_fixedILi20ELi10EL9ap_q_mode5EL9a_230 | {10 11 }
	Port: p_ZZN4nnet22compute_pool_buffer_2dINS_5arrayI8ap_fixedILi20ELi10EL9ap_q_mode5EL9a_242 | {10 11 }
	Port: p_ZZN4nnet22compute_pool_buffer_2dINS_5arrayI8ap_fixedILi20ELi10EL9ap_q_mode5EL9a_207 | {10 11 }
	Port: p_ZZN4nnet22compute_pool_buffer_2dINS_5arrayI8ap_fixedILi20ELi10EL9ap_q_mode5EL9a_219 | {10 11 }
	Port: p_ZZN4nnet22compute_pool_buffer_2dINS_5arrayI8ap_fixedILi20ELi10EL9ap_q_mode5EL9a_231 | {10 11 }
	Port: p_ZZN4nnet22compute_pool_buffer_2dINS_5arrayI8ap_fixedILi20ELi10EL9ap_q_mode5EL9a_243 | {10 11 }
	Port: p_ZZN4nnet22compute_pool_buffer_2dINS_5arrayI8ap_fixedILi20ELi10EL9ap_q_mode5EL9a_208 | {10 11 }
	Port: p_ZZN4nnet22compute_pool_buffer_2dINS_5arrayI8ap_fixedILi20ELi10EL9ap_q_mode5EL9a_220 | {10 11 }
	Port: p_ZZN4nnet22compute_pool_buffer_2dINS_5arrayI8ap_fixedILi20ELi10EL9ap_q_mode5EL9a_232 | {10 11 }
	Port: p_ZZN4nnet22compute_pool_buffer_2dINS_5arrayI8ap_fixedILi20ELi10EL9ap_q_mode5EL9a_244 | {10 11 }
	Port: pX_1 | {10 11 }
	Port: sX_1 | {10 11 }
	Port: void_pooling2d_cl_stream_stream_array_ap_fixed_12u_0_line_buffer_9 | {10 11 }
	Port: void_pooling2d_cl_stream_stream_array_ap_fixed_12u_0_line_buffer_8 | {10 11 }
	Port: void_pooling2d_cl_stream_stream_array_ap_fixed_12u_0_line_buffer_7 | {10 11 }
	Port: void_pooling2d_cl_stream_stream_array_ap_fixed_12u_0_line_buffer_6 | {10 11 }
	Port: void_pooling2d_cl_stream_stream_array_ap_fixed_12u_0_line_buffer_5 | {10 11 }
	Port: void_pooling2d_cl_stream_stream_array_ap_fixed_12u_0_line_buffer_4 | {10 11 }
	Port: void_pooling2d_cl_stream_stream_array_ap_fixed_12u_0_line_buffer_3 | {10 11 }
	Port: void_pooling2d_cl_stream_stream_array_ap_fixed_12u_0_line_buffer_2 | {10 11 }
	Port: void_pooling2d_cl_stream_stream_array_ap_fixed_12u_0_line_buffer_1 | {10 11 }
	Port: void_pooling2d_cl_stream_stream_array_ap_fixed_12u_0_line_buffer | {10 11 }
	Port: p_ZZN4nnet12pooling2d_clINS_5arrayI8ap_fixedILi20ELi10EL9ap_q_mode5EL9ap_o_mode3E_9 | {10 11 }
	Port: p_ZZN4nnet12pooling2d_clINS_5arrayI8ap_fixedILi20ELi10EL9ap_q_mode5EL9ap_o_mode3E_8 | {10 11 }
	Port: p_ZZN4nnet24compute_output_buffer_2dINS_5arrayI8ap_fixedILi20ELi10EL9ap_q_mode5EL_87 | {14 15 }
	Port: void_compute_output_buffer_2d_array_const_ap_shift_reg_n_chan_stream_weig_18 | {14 15 }
	Port: p_ZZN4nnet24compute_output_buffer_2dINS_5arrayI8ap_fixedILi20ELi10EL9ap_q_mode5EL_86 | {14 15 }
	Port: void_compute_output_buffer_2d_array_const_ap_shift_reg_n_chan_stream_weig_17 | {14 15 }
	Port: p_ZZN4nnet24compute_output_buffer_2dINS_5arrayI8ap_fixedILi20ELi10EL9ap_q_mode5EL_85 | {14 15 }
	Port: void_compute_output_buffer_2d_array_const_ap_shift_reg_n_chan_stream_weig_16 | {14 15 }
	Port: p_ZZN4nnet24compute_output_buffer_2dINS_5arrayI8ap_fixedILi20ELi10EL9ap_q_mode5EL_84 | {14 15 }
	Port: void_compute_output_buffer_2d_array_const_ap_shift_reg_n_chan_stream_weig_15 | {14 15 }
	Port: p_ZZN4nnet24compute_output_buffer_2dINS_5arrayI8ap_fixedILi20ELi10EL9ap_q_mode5EL_83 | {14 15 }
	Port: void_compute_output_buffer_2d_array_const_ap_shift_reg_n_chan_stream_weig_14 | {14 15 }
	Port: p_ZZN4nnet24compute_output_buffer_2dINS_5arrayI8ap_fixedILi20ELi10EL9ap_q_mode5EL_82 | {14 15 }
	Port: void_compute_output_buffer_2d_array_const_ap_shift_reg_n_chan_stream_weig_13 | {14 15 }
	Port: p_ZZN4nnet24compute_output_buffer_2dINS_5arrayI8ap_fixedILi20ELi10EL9ap_q_mode5EL_81 | {14 15 }
	Port: void_compute_output_buffer_2d_array_const_ap_shift_reg_n_chan_stream_weig_12 | {14 15 }
	Port: p_ZZN4nnet24compute_output_buffer_2dINS_5arrayI8ap_fixedILi20ELi10EL9ap_q_mode5EL_80 | {14 15 }
	Port: void_compute_output_buffer_2d_array_const_ap_shift_reg_n_chan_stream_weig_11 | {14 15 }
	Port: p_ZZN4nnet24compute_output_buffer_2dINS_5arrayI8ap_fixedILi20ELi10EL9ap_q_mode5EL_79 | {14 15 }
	Port: void_compute_output_buffer_2d_array_const_ap_shift_reg_n_chan_stream_weig_10 | {14 15 }
	Port: p_ZZN4nnet24compute_output_buffer_2dINS_5arrayI8ap_fixedILi20ELi10EL9ap_q_mode5EL_78 | {14 15 }
	Port: void_compute_output_buffer_2d_array_const_ap_shift_reg_n_chan_stream_weig_9 | {14 15 }
	Port: p_ZZN4nnet24compute_output_buffer_2dINS_5arrayI8ap_fixedILi20ELi10EL9ap_q_mode5EL_77 | {14 15 }
	Port: p_ZZN4nnet24compute_output_buffer_2dINS_5arrayI8ap_fixedILi20ELi10EL9ap_q_mode5EL_97 | {14 15 }
	Port: p_ZZN4nnet24compute_output_buffer_2dINS_5arrayI8ap_fixedILi20ELi10EL9ap_q_mode5EL_76 | {14 15 }
	Port: p_ZZN4nnet24compute_output_buffer_2dINS_5arrayI8ap_fixedILi20ELi10EL9ap_q_mode5EL_88 | {14 15 }
	Port: p_ZZN4nnet24compute_output_buffer_2dINS_5arrayI8ap_fixedILi20ELi10EL9ap_q_mode5EL_51 | {14 15 }
	Port: p_ZZN4nnet24compute_output_buffer_2dINS_5arrayI8ap_fixedILi20ELi10EL9ap_q_mode5EL_63 | {14 15 }
	Port: p_ZZN4nnet24compute_output_buffer_2dINS_5arrayI8ap_fixedILi20ELi10EL9ap_q_mode5EL_50 | {14 15 }
	Port: p_ZZN4nnet24compute_output_buffer_2dINS_5arrayI8ap_fixedILi20ELi10EL9ap_q_mode5EL_62 | {14 15 }
	Port: p_ZZN4nnet24compute_output_buffer_2dINS_5arrayI8ap_fixedILi20ELi10EL9ap_q_mode5EL_49 | {14 15 }
	Port: p_ZZN4nnet24compute_output_buffer_2dINS_5arrayI8ap_fixedILi20ELi10EL9ap_q_mode5EL_61 | {14 15 }
	Port: p_ZZN4nnet24compute_output_buffer_2dINS_5arrayI8ap_fixedILi20ELi10EL9ap_q_mode5EL_48 | {14 15 }
	Port: p_ZZN4nnet24compute_output_buffer_2dINS_5arrayI8ap_fixedILi20ELi10EL9ap_q_mode5EL_60 | {14 15 }
	Port: p_ZZN4nnet24compute_output_buffer_2dINS_5arrayI8ap_fixedILi20ELi10EL9ap_q_mode5EL_47 | {14 15 }
	Port: p_ZZN4nnet24compute_output_buffer_2dINS_5arrayI8ap_fixedILi20ELi10EL9ap_q_mode5EL_59 | {14 15 }
	Port: p_ZZN4nnet24compute_output_buffer_2dINS_5arrayI8ap_fixedILi20ELi10EL9ap_q_mode5EL_46 | {14 15 }
	Port: p_ZZN4nnet24compute_output_buffer_2dINS_5arrayI8ap_fixedILi20ELi10EL9ap_q_mode5EL_58 | {14 15 }
	Port: p_ZZN4nnet24compute_output_buffer_2dINS_5arrayI8ap_fixedILi20ELi10EL9ap_q_mode5EL_45 | {14 15 }
	Port: p_ZZN4nnet24compute_output_buffer_2dINS_5arrayI8ap_fixedILi20ELi10EL9ap_q_mode5EL_57 | {14 15 }
	Port: p_ZZN4nnet24compute_output_buffer_2dINS_5arrayI8ap_fixedILi20ELi10EL9ap_q_mode5EL_44 | {14 15 }
	Port: p_ZZN4nnet24compute_output_buffer_2dINS_5arrayI8ap_fixedILi20ELi10EL9ap_q_mode5EL_56 | {14 15 }
	Port: p_ZZN4nnet24compute_output_buffer_2dINS_5arrayI8ap_fixedILi20ELi10EL9ap_q_mode5EL_43 | {14 15 }
	Port: p_ZZN4nnet24compute_output_buffer_2dINS_5arrayI8ap_fixedILi20ELi10EL9ap_q_mode5EL_55 | {14 15 }
	Port: p_ZZN4nnet24compute_output_buffer_2dINS_5arrayI8ap_fixedILi20ELi10EL9ap_q_mode5EL_42 | {14 15 }
	Port: p_ZZN4nnet24compute_output_buffer_2dINS_5arrayI8ap_fixedILi20ELi10EL9ap_q_mode5EL_54 | {14 15 }
	Port: p_ZZN4nnet24compute_output_buffer_2dINS_5arrayI8ap_fixedILi20ELi10EL9ap_q_mode5EL_41 | {14 15 }
	Port: p_ZZN4nnet24compute_output_buffer_2dINS_5arrayI8ap_fixedILi20ELi10EL9ap_q_mode5EL_53 | {14 15 }
	Port: p_ZZN4nnet24compute_output_buffer_2dINS_5arrayI8ap_fixedILi20ELi10EL9ap_q_mode5EL_40 | {14 15 }
	Port: p_ZZN4nnet24compute_output_buffer_2dINS_5arrayI8ap_fixedILi20ELi10EL9ap_q_mode5EL_52 | {14 15 }
	Port: p_ZZN4nnet24compute_output_buffer_2dINS_5arrayI8ap_fixedILi20ELi10EL9ap_q_mode5EL_15 | {14 15 }
	Port: p_ZZN4nnet24compute_output_buffer_2dINS_5arrayI8ap_fixedILi20ELi10EL9ap_q_mode5EL_27 | {14 15 }
	Port: p_ZZN4nnet24compute_output_buffer_2dINS_5arrayI8ap_fixedILi20ELi10EL9ap_q_mode5EL_14 | {14 15 }
	Port: p_ZZN4nnet24compute_output_buffer_2dINS_5arrayI8ap_fixedILi20ELi10EL9ap_q_mode5EL_26 | {14 15 }
	Port: p_ZZN4nnet24compute_output_buffer_2dINS_5arrayI8ap_fixedILi20ELi10EL9ap_q_mode5EL_13 | {14 15 }
	Port: p_ZZN4nnet24compute_output_buffer_2dINS_5arrayI8ap_fixedILi20ELi10EL9ap_q_mode5EL_25 | {14 15 }
	Port: p_ZZN4nnet24compute_output_buffer_2dINS_5arrayI8ap_fixedILi20ELi10EL9ap_q_mode5EL_12 | {14 15 }
	Port: p_ZZN4nnet24compute_output_buffer_2dINS_5arrayI8ap_fixedILi20ELi10EL9ap_q_mode5EL_24 | {14 15 }
	Port: p_ZZN4nnet24compute_output_buffer_2dINS_5arrayI8ap_fixedILi20ELi10EL9ap_q_mode5EL_11 | {14 15 }
	Port: p_ZZN4nnet24compute_output_buffer_2dINS_5arrayI8ap_fixedILi20ELi10EL9ap_q_mode5EL_23 | {14 15 }
	Port: p_ZZN4nnet24compute_output_buffer_2dINS_5arrayI8ap_fixedILi20ELi10EL9ap_q_mode5EL_10 | {14 15 }
	Port: p_ZZN4nnet24compute_output_buffer_2dINS_5arrayI8ap_fixedILi20ELi10EL9ap_q_mode5EL_22 | {14 15 }
	Port: p_ZZN4nnet24compute_output_buffer_2dINS_5arrayI8ap_fixedILi20ELi10EL9ap_q_mode5EL_9 | {14 15 }
	Port: p_ZZN4nnet24compute_output_buffer_2dINS_5arrayI8ap_fixedILi20ELi10EL9ap_q_mode5EL_21 | {14 15 }
	Port: p_ZZN4nnet24compute_output_buffer_2dINS_5arrayI8ap_fixedILi20ELi10EL9ap_q_mode5EL_8 | {14 15 }
	Port: p_ZZN4nnet24compute_output_buffer_2dINS_5arrayI8ap_fixedILi20ELi10EL9ap_q_mode5EL_20 | {14 15 }
	Port: p_ZZN4nnet24compute_output_buffer_2dINS_5arrayI8ap_fixedILi20ELi10EL9ap_q_mode5EL_7 | {14 15 }
	Port: p_ZZN4nnet24compute_output_buffer_2dINS_5arrayI8ap_fixedILi20ELi10EL9ap_q_mode5EL_19 | {14 15 }
	Port: p_ZZN4nnet24compute_output_buffer_2dINS_5arrayI8ap_fixedILi20ELi10EL9ap_q_mode5EL_6 | {14 15 }
	Port: p_ZZN4nnet24compute_output_buffer_2dINS_5arrayI8ap_fixedILi20ELi10EL9ap_q_mode5EL_18 | {14 15 }
	Port: p_ZZN4nnet24compute_output_buffer_2dINS_5arrayI8ap_fixedILi20ELi10EL9ap_q_mode5EL_5 | {14 15 }
	Port: p_ZZN4nnet24compute_output_buffer_2dINS_5arrayI8ap_fixedILi20ELi10EL9ap_q_mode5EL_17 | {14 15 }
	Port: p_ZZN4nnet24compute_output_buffer_2dINS_5arrayI8ap_fixedILi20ELi10EL9ap_q_mode5EL_4 | {14 15 }
	Port: p_ZZN4nnet24compute_output_buffer_2dINS_5arrayI8ap_fixedILi20ELi10EL9ap_q_mode5EL_16 | {14 15 }
	Port: p_ZZN4nnet24compute_output_buffer_2dINS_5arrayI8ap_fixedILi20ELi10EL9ap_q_mode5EL_75 | {14 15 }
	Port: p_ZZN4nnet24compute_output_buffer_2dINS_5arrayI8ap_fixedILi20ELi10EL9ap_q_mode5EL_74 | {14 15 }
	Port: p_ZZN4nnet24compute_output_buffer_2dINS_5arrayI8ap_fixedILi20ELi10EL9ap_q_mode5EL_73 | {14 15 }
	Port: p_ZZN4nnet24compute_output_buffer_2dINS_5arrayI8ap_fixedILi20ELi10EL9ap_q_mode5EL_72 | {14 15 }
	Port: p_ZZN4nnet24compute_output_buffer_2dINS_5arrayI8ap_fixedILi20ELi10EL9ap_q_mode5EL_71 | {14 15 }
	Port: p_ZZN4nnet24compute_output_buffer_2dINS_5arrayI8ap_fixedILi20ELi10EL9ap_q_mode5EL_70 | {14 15 }
	Port: p_ZZN4nnet24compute_output_buffer_2dINS_5arrayI8ap_fixedILi20ELi10EL9ap_q_mode5EL_69 | {14 15 }
	Port: p_ZZN4nnet24compute_output_buffer_2dINS_5arrayI8ap_fixedILi20ELi10EL9ap_q_mode5EL_68 | {14 15 }
	Port: p_ZZN4nnet24compute_output_buffer_2dINS_5arrayI8ap_fixedILi20ELi10EL9ap_q_mode5EL_67 | {14 15 }
	Port: p_ZZN4nnet24compute_output_buffer_2dINS_5arrayI8ap_fixedILi20ELi10EL9ap_q_mode5EL_66 | {14 15 }
	Port: p_ZZN4nnet24compute_output_buffer_2dINS_5arrayI8ap_fixedILi20ELi10EL9ap_q_mode5EL_65 | {14 15 }
	Port: p_ZZN4nnet24compute_output_buffer_2dINS_5arrayI8ap_fixedILi20ELi10EL9ap_q_mode5EL_64 | {14 15 }
	Port: p_ZZN4nnet24compute_output_buffer_2dINS_5arrayI8ap_fixedILi20ELi10EL9ap_q_mode5EL_39 | {14 15 }
	Port: p_ZZN4nnet24compute_output_buffer_2dINS_5arrayI8ap_fixedILi20ELi10EL9ap_q_mode5EL_38 | {14 15 }
	Port: p_ZZN4nnet24compute_output_buffer_2dINS_5arrayI8ap_fixedILi20ELi10EL9ap_q_mode5EL_37 | {14 15 }
	Port: p_ZZN4nnet24compute_output_buffer_2dINS_5arrayI8ap_fixedILi20ELi10EL9ap_q_mode5EL_36 | {14 15 }
	Port: p_ZZN4nnet24compute_output_buffer_2dINS_5arrayI8ap_fixedILi20ELi10EL9ap_q_mode5EL_35 | {14 15 }
	Port: p_ZZN4nnet24compute_output_buffer_2dINS_5arrayI8ap_fixedILi20ELi10EL9ap_q_mode5EL_34 | {14 15 }
	Port: p_ZZN4nnet24compute_output_buffer_2dINS_5arrayI8ap_fixedILi20ELi10EL9ap_q_mode5EL_33 | {14 15 }
	Port: p_ZZN4nnet24compute_output_buffer_2dINS_5arrayI8ap_fixedILi20ELi10EL9ap_q_mode5EL_32 | {14 15 }
	Port: p_ZZN4nnet24compute_output_buffer_2dINS_5arrayI8ap_fixedILi20ELi10EL9ap_q_mode5EL_31 | {14 15 }
	Port: p_ZZN4nnet24compute_output_buffer_2dINS_5arrayI8ap_fixedILi20ELi10EL9ap_q_mode5EL_30 | {14 15 }
	Port: p_ZZN4nnet24compute_output_buffer_2dINS_5arrayI8ap_fixedILi20ELi10EL9ap_q_mode5EL_29 | {14 15 }
	Port: p_ZZN4nnet24compute_output_buffer_2dINS_5arrayI8ap_fixedILi20ELi10EL9ap_q_mode5EL_28 | {14 15 }
	Port: p_ZZN4nnet24compute_output_buffer_2dINS_5arrayI8ap_fixedILi20ELi10EL9ap_q_mode5EL_3 | {14 15 }
	Port: p_ZZN4nnet24compute_output_buffer_2dINS_5arrayI8ap_fixedILi20ELi10EL9ap_q_mode5EL_2 | {14 15 }
	Port: p_ZZN4nnet24compute_output_buffer_2dINS_5arrayI8ap_fixedILi20ELi10EL9ap_q_mode5EL_1 | {14 15 }
	Port: p_ZZN4nnet24compute_output_buffer_2dINS_5arrayI8ap_fixedILi20ELi10EL9ap_q_mode5EL | {14 15 }
	Port: p_ZZN4nnet24compute_output_buffer_2dINS_5arrayI8ap_fixedILi20ELi10EL9ap_q_mode5EL_96 | {14 15 }
	Port: p_ZZN4nnet24compute_output_buffer_2dINS_5arrayI8ap_fixedILi20ELi10EL9ap_q_mode5EL_95 | {14 15 }
	Port: p_ZZN4nnet24compute_output_buffer_2dINS_5arrayI8ap_fixedILi20ELi10EL9ap_q_mode5EL_94 | {14 15 }
	Port: p_ZZN4nnet24compute_output_buffer_2dINS_5arrayI8ap_fixedILi20ELi10EL9ap_q_mode5EL_93 | {14 15 }
	Port: p_ZZN4nnet24compute_output_buffer_2dINS_5arrayI8ap_fixedILi20ELi10EL9ap_q_mode5EL_92 | {14 15 }
	Port: p_ZZN4nnet24compute_output_buffer_2dINS_5arrayI8ap_fixedILi20ELi10EL9ap_q_mode5EL_91 | {14 15 }
	Port: p_ZZN4nnet24compute_output_buffer_2dINS_5arrayI8ap_fixedILi20ELi10EL9ap_q_mode5EL_90 | {14 15 }
	Port: p_ZZN4nnet24compute_output_buffer_2dINS_5arrayI8ap_fixedILi20ELi10EL9ap_q_mode5EL_89 | {14 15 }
	Port: p_ZZN4nnet26conv_2d_buffer_resource_clINS_5arrayI8ap_fixedILi20ELi10EL9ap_q_mode5_23 | {14 15 }
	Port: p_ZZN4nnet26conv_2d_buffer_resource_clINS_5arrayI8ap_fixedILi20ELi10EL9ap_q_mode5_11 | {14 15 }
	Port: p_ZZN4nnet26conv_2d_buffer_resource_clINS_5arrayI8ap_fixedILi20ELi10EL9ap_q_mode5_22 | {14 15 }
	Port: p_ZZN4nnet26conv_2d_buffer_resource_clINS_5arrayI8ap_fixedILi20ELi10EL9ap_q_mode5_10 | {14 15 }
	Port: p_ZZN4nnet26conv_2d_buffer_resource_clINS_5arrayI8ap_fixedILi20ELi10EL9ap_q_mode5_19 | {14 15 }
	Port: p_ZZN4nnet26conv_2d_buffer_resource_clINS_5arrayI8ap_fixedILi20ELi10EL9ap_q_mode5_7 | {14 15 }
	Port: p_ZZN4nnet26conv_2d_buffer_resource_clINS_5arrayI8ap_fixedILi20ELi10EL9ap_q_mode5_18 | {14 15 }
	Port: p_ZZN4nnet26conv_2d_buffer_resource_clINS_5arrayI8ap_fixedILi20ELi10EL9ap_q_mode5_6 | {14 15 }
	Port: p_ZZN4nnet26conv_2d_buffer_resource_clINS_5arrayI8ap_fixedILi20ELi10EL9ap_q_mode5_17 | {14 15 }
	Port: p_ZZN4nnet26conv_2d_buffer_resource_clINS_5arrayI8ap_fixedILi20ELi10EL9ap_q_mode5_5 | {14 15 }
	Port: p_ZZN4nnet26conv_2d_buffer_resource_clINS_5arrayI8ap_fixedILi20ELi10EL9ap_q_mode5_16 | {14 15 }
	Port: p_ZZN4nnet26conv_2d_buffer_resource_clINS_5arrayI8ap_fixedILi20ELi10EL9ap_q_mode5_4 | {14 15 }
	Port: p_ZZN4nnet26conv_2d_buffer_resource_clINS_5arrayI8ap_fixedILi20ELi10EL9ap_q_mode5_15 | {14 15 }
	Port: p_ZZN4nnet26conv_2d_buffer_resource_clINS_5arrayI8ap_fixedILi20ELi10EL9ap_q_mode5_3 | {14 15 }
	Port: p_ZZN4nnet26conv_2d_buffer_resource_clINS_5arrayI8ap_fixedILi20ELi10EL9ap_q_mode5_14 | {14 15 }
	Port: p_ZZN4nnet26conv_2d_buffer_resource_clINS_5arrayI8ap_fixedILi20ELi10EL9ap_q_mode5_2 | {14 15 }
	Port: p_ZZN4nnet26conv_2d_buffer_resource_clINS_5arrayI8ap_fixedILi20ELi10EL9ap_q_mode5_13 | {14 15 }
	Port: p_ZZN4nnet26conv_2d_buffer_resource_clINS_5arrayI8ap_fixedILi20ELi10EL9ap_q_mode5_1 | {14 15 }
	Port: p_ZZN4nnet26conv_2d_buffer_resource_clINS_5arrayI8ap_fixedILi20ELi10EL9ap_q_mode5_12 | {14 15 }
	Port: p_ZZN4nnet26conv_2d_buffer_resource_clINS_5arrayI8ap_fixedILi20ELi10EL9ap_q_mode5 | {14 15 }
	Port: p_ZZN4nnet26conv_2d_buffer_resource_clINS_5arrayI8ap_fixedILi20ELi10EL9ap_q_mode5_21 | {14 15 }
	Port: p_ZZN4nnet26conv_2d_buffer_resource_clINS_5arrayI8ap_fixedILi20ELi10EL9ap_q_mode5_9 | {14 15 }
	Port: p_ZZN4nnet26conv_2d_buffer_resource_clINS_5arrayI8ap_fixedILi20ELi10EL9ap_q_mode5_20 | {14 15 }
	Port: p_ZZN4nnet26conv_2d_buffer_resource_clINS_5arrayI8ap_fixedILi20ELi10EL9ap_q_mode5_8 | {14 15 }
	Port: sX_3 | {14 15 }
	Port: sY_3 | {14 15 }
	Port: pY_3 | {14 15 }
	Port: pX_3 | {14 15 }
	Port: sY | {20 21 }
	Port: pY | {20 21 }
	Port: void_compute_pool_buffer_2d_array_const_ap_shift_reg_n_filt_stream_kernel_9 | {20 21 }
	Port: p_ZZN4nnet22compute_pool_buffer_2dINS_5arrayI8ap_fixedILi20ELi10EL9ap_q_mode5EL9a_81 | {20 21 }
	Port: p_ZZN4nnet22compute_pool_buffer_2dINS_5arrayI8ap_fixedILi20ELi10EL9ap_q_mode5EL9a_63 | {20 21 }
	Port: p_ZZN4nnet22compute_pool_buffer_2dINS_5arrayI8ap_fixedILi20ELi10EL9ap_q_mode5EL9a_45 | {20 21 }
	Port: p_ZZN4nnet22compute_pool_buffer_2dINS_5arrayI8ap_fixedILi20ELi10EL9ap_q_mode5EL9a_27 | {20 21 }
	Port: p_ZZN4nnet22compute_pool_buffer_2dINS_5arrayI8ap_fixedILi20ELi10EL9ap_q_mode5EL9a_9 | {20 21 }
	Port: p_ZZN4nnet22compute_pool_buffer_2dINS_5arrayI8ap_fixedILi20ELi10EL9ap_q_mode5EL9a_254 | {20 21 }
	Port: p_ZZN4nnet22compute_pool_buffer_2dINS_5arrayI8ap_fixedILi20ELi10EL9ap_q_mode5EL9a_274 | {20 21 }
	Port: p_ZZN4nnet22compute_pool_buffer_2dINS_5arrayI8ap_fixedILi20ELi10EL9ap_q_mode5EL9a_294 | {20 21 }
	Port: p_ZZN4nnet22compute_pool_buffer_2dINS_5arrayI8ap_fixedILi20ELi10EL9ap_q_mode5EL9a_314 | {20 21 }
	Port: void_compute_pool_buffer_2d_array_const_ap_shift_reg_n_filt_stream_kernel_8 | {20 21 }
	Port: p_ZZN4nnet22compute_pool_buffer_2dINS_5arrayI8ap_fixedILi20ELi10EL9ap_q_mode5EL9a_80 | {20 21 }
	Port: p_ZZN4nnet22compute_pool_buffer_2dINS_5arrayI8ap_fixedILi20ELi10EL9ap_q_mode5EL9a_62 | {20 21 }
	Port: p_ZZN4nnet22compute_pool_buffer_2dINS_5arrayI8ap_fixedILi20ELi10EL9ap_q_mode5EL9a_44 | {20 21 }
	Port: p_ZZN4nnet22compute_pool_buffer_2dINS_5arrayI8ap_fixedILi20ELi10EL9ap_q_mode5EL9a_26 | {20 21 }
	Port: p_ZZN4nnet22compute_pool_buffer_2dINS_5arrayI8ap_fixedILi20ELi10EL9ap_q_mode5EL9a_8 | {20 21 }
	Port: p_ZZN4nnet22compute_pool_buffer_2dINS_5arrayI8ap_fixedILi20ELi10EL9ap_q_mode5EL9a_255 | {20 21 }
	Port: p_ZZN4nnet22compute_pool_buffer_2dINS_5arrayI8ap_fixedILi20ELi10EL9ap_q_mode5EL9a_275 | {20 21 }
	Port: p_ZZN4nnet22compute_pool_buffer_2dINS_5arrayI8ap_fixedILi20ELi10EL9ap_q_mode5EL9a_295 | {20 21 }
	Port: p_ZZN4nnet22compute_pool_buffer_2dINS_5arrayI8ap_fixedILi20ELi10EL9ap_q_mode5EL9a_99 | {20 21 }
	Port: void_compute_pool_buffer_2d_array_const_ap_shift_reg_n_filt_stream_kernel_7 | {20 21 }
	Port: p_ZZN4nnet22compute_pool_buffer_2dINS_5arrayI8ap_fixedILi20ELi10EL9ap_q_mode5EL9a_79 | {20 21 }
	Port: p_ZZN4nnet22compute_pool_buffer_2dINS_5arrayI8ap_fixedILi20ELi10EL9ap_q_mode5EL9a_61 | {20 21 }
	Port: p_ZZN4nnet22compute_pool_buffer_2dINS_5arrayI8ap_fixedILi20ELi10EL9ap_q_mode5EL9a_43 | {20 21 }
	Port: p_ZZN4nnet22compute_pool_buffer_2dINS_5arrayI8ap_fixedILi20ELi10EL9ap_q_mode5EL9a_25 | {20 21 }
	Port: p_ZZN4nnet22compute_pool_buffer_2dINS_5arrayI8ap_fixedILi20ELi10EL9ap_q_mode5EL9a_7 | {20 21 }
	Port: p_ZZN4nnet22compute_pool_buffer_2dINS_5arrayI8ap_fixedILi20ELi10EL9ap_q_mode5EL9a_257 | {20 21 }
	Port: p_ZZN4nnet22compute_pool_buffer_2dINS_5arrayI8ap_fixedILi20ELi10EL9ap_q_mode5EL9a_276 | {20 21 }
	Port: p_ZZN4nnet22compute_pool_buffer_2dINS_5arrayI8ap_fixedILi20ELi10EL9ap_q_mode5EL9a_296 | {20 21 }
	Port: p_ZZN4nnet22compute_pool_buffer_2dINS_5arrayI8ap_fixedILi20ELi10EL9ap_q_mode5EL9a_98 | {20 21 }
	Port: void_compute_pool_buffer_2d_array_const_ap_shift_reg_n_filt_stream_kernel_6 | {20 21 }
	Port: p_ZZN4nnet22compute_pool_buffer_2dINS_5arrayI8ap_fixedILi20ELi10EL9ap_q_mode5EL9a_78 | {20 21 }
	Port: p_ZZN4nnet22compute_pool_buffer_2dINS_5arrayI8ap_fixedILi20ELi10EL9ap_q_mode5EL9a_60 | {20 21 }
	Port: p_ZZN4nnet22compute_pool_buffer_2dINS_5arrayI8ap_fixedILi20ELi10EL9ap_q_mode5EL9a_42 | {20 21 }
	Port: p_ZZN4nnet22compute_pool_buffer_2dINS_5arrayI8ap_fixedILi20ELi10EL9ap_q_mode5EL9a_24 | {20 21 }
	Port: p_ZZN4nnet22compute_pool_buffer_2dINS_5arrayI8ap_fixedILi20ELi10EL9ap_q_mode5EL9a_6 | {20 21 }
	Port: p_ZZN4nnet22compute_pool_buffer_2dINS_5arrayI8ap_fixedILi20ELi10EL9ap_q_mode5EL9a_258 | {20 21 }
	Port: p_ZZN4nnet22compute_pool_buffer_2dINS_5arrayI8ap_fixedILi20ELi10EL9ap_q_mode5EL9a_277 | {20 21 }
	Port: p_ZZN4nnet22compute_pool_buffer_2dINS_5arrayI8ap_fixedILi20ELi10EL9ap_q_mode5EL9a_297 | {20 21 }
	Port: p_ZZN4nnet22compute_pool_buffer_2dINS_5arrayI8ap_fixedILi20ELi10EL9ap_q_mode5EL9a_97 | {20 21 }
	Port: void_compute_pool_buffer_2d_array_const_ap_shift_reg_n_filt_stream_kernel_5 | {20 21 }
	Port: p_ZZN4nnet22compute_pool_buffer_2dINS_5arrayI8ap_fixedILi20ELi10EL9ap_q_mode5EL9a_77 | {20 21 }
	Port: p_ZZN4nnet22compute_pool_buffer_2dINS_5arrayI8ap_fixedILi20ELi10EL9ap_q_mode5EL9a_59 | {20 21 }
	Port: p_ZZN4nnet22compute_pool_buffer_2dINS_5arrayI8ap_fixedILi20ELi10EL9ap_q_mode5EL9a_41 | {20 21 }
	Port: p_ZZN4nnet22compute_pool_buffer_2dINS_5arrayI8ap_fixedILi20ELi10EL9ap_q_mode5EL9a_23 | {20 21 }
	Port: p_ZZN4nnet22compute_pool_buffer_2dINS_5arrayI8ap_fixedILi20ELi10EL9ap_q_mode5EL9a_5 | {20 21 }
	Port: p_ZZN4nnet22compute_pool_buffer_2dINS_5arrayI8ap_fixedILi20ELi10EL9ap_q_mode5EL9a_259 | {20 21 }
	Port: p_ZZN4nnet22compute_pool_buffer_2dINS_5arrayI8ap_fixedILi20ELi10EL9ap_q_mode5EL9a_279 | {20 21 }
	Port: p_ZZN4nnet22compute_pool_buffer_2dINS_5arrayI8ap_fixedILi20ELi10EL9ap_q_mode5EL9a_298 | {20 21 }
	Port: p_ZZN4nnet22compute_pool_buffer_2dINS_5arrayI8ap_fixedILi20ELi10EL9ap_q_mode5EL9a_96 | {20 21 }
	Port: void_compute_pool_buffer_2d_array_const_ap_shift_reg_n_filt_stream_kernel_4 | {20 21 }
	Port: p_ZZN4nnet22compute_pool_buffer_2dINS_5arrayI8ap_fixedILi20ELi10EL9ap_q_mode5EL9a_76 | {20 21 }
	Port: p_ZZN4nnet22compute_pool_buffer_2dINS_5arrayI8ap_fixedILi20ELi10EL9ap_q_mode5EL9a_58 | {20 21 }
	Port: p_ZZN4nnet22compute_pool_buffer_2dINS_5arrayI8ap_fixedILi20ELi10EL9ap_q_mode5EL9a_40 | {20 21 }
	Port: p_ZZN4nnet22compute_pool_buffer_2dINS_5arrayI8ap_fixedILi20ELi10EL9ap_q_mode5EL9a_22 | {20 21 }
	Port: p_ZZN4nnet22compute_pool_buffer_2dINS_5arrayI8ap_fixedILi20ELi10EL9ap_q_mode5EL9a_4 | {20 21 }
	Port: p_ZZN4nnet22compute_pool_buffer_2dINS_5arrayI8ap_fixedILi20ELi10EL9ap_q_mode5EL9a_260 | {20 21 }
	Port: p_ZZN4nnet22compute_pool_buffer_2dINS_5arrayI8ap_fixedILi20ELi10EL9ap_q_mode5EL9a_280 | {20 21 }
	Port: p_ZZN4nnet22compute_pool_buffer_2dINS_5arrayI8ap_fixedILi20ELi10EL9ap_q_mode5EL9a_299 | {20 21 }
	Port: p_ZZN4nnet22compute_pool_buffer_2dINS_5arrayI8ap_fixedILi20ELi10EL9ap_q_mode5EL9a_95 | {20 21 }
	Port: void_compute_pool_buffer_2d_array_const_ap_shift_reg_n_filt_stream_kernel_3 | {20 21 }
	Port: p_ZZN4nnet22compute_pool_buffer_2dINS_5arrayI8ap_fixedILi20ELi10EL9ap_q_mode5EL9a_75 | {20 21 }
	Port: p_ZZN4nnet22compute_pool_buffer_2dINS_5arrayI8ap_fixedILi20ELi10EL9ap_q_mode5EL9a_57 | {20 21 }
	Port: p_ZZN4nnet22compute_pool_buffer_2dINS_5arrayI8ap_fixedILi20ELi10EL9ap_q_mode5EL9a_39 | {20 21 }
	Port: p_ZZN4nnet22compute_pool_buffer_2dINS_5arrayI8ap_fixedILi20ELi10EL9ap_q_mode5EL9a_21 | {20 21 }
	Port: p_ZZN4nnet22compute_pool_buffer_2dINS_5arrayI8ap_fixedILi20ELi10EL9ap_q_mode5EL9a_3 | {20 21 }
	Port: p_ZZN4nnet22compute_pool_buffer_2dINS_5arrayI8ap_fixedILi20ELi10EL9ap_q_mode5EL9a_261 | {20 21 }
	Port: p_ZZN4nnet22compute_pool_buffer_2dINS_5arrayI8ap_fixedILi20ELi10EL9ap_q_mode5EL9a_281 | {20 21 }
	Port: p_ZZN4nnet22compute_pool_buffer_2dINS_5arrayI8ap_fixedILi20ELi10EL9ap_q_mode5EL9a_301 | {20 21 }
	Port: p_ZZN4nnet22compute_pool_buffer_2dINS_5arrayI8ap_fixedILi20ELi10EL9ap_q_mode5EL9a_94 | {20 21 }
	Port: void_compute_pool_buffer_2d_array_const_ap_shift_reg_n_filt_stream_kernel_2 | {20 21 }
	Port: p_ZZN4nnet22compute_pool_buffer_2dINS_5arrayI8ap_fixedILi20ELi10EL9ap_q_mode5EL9a_74 | {20 21 }
	Port: p_ZZN4nnet22compute_pool_buffer_2dINS_5arrayI8ap_fixedILi20ELi10EL9ap_q_mode5EL9a_56 | {20 21 }
	Port: p_ZZN4nnet22compute_pool_buffer_2dINS_5arrayI8ap_fixedILi20ELi10EL9ap_q_mode5EL9a_38 | {20 21 }
	Port: p_ZZN4nnet22compute_pool_buffer_2dINS_5arrayI8ap_fixedILi20ELi10EL9ap_q_mode5EL9a_20 | {20 21 }
	Port: p_ZZN4nnet22compute_pool_buffer_2dINS_5arrayI8ap_fixedILi20ELi10EL9ap_q_mode5EL9a_2 | {20 21 }
	Port: p_ZZN4nnet22compute_pool_buffer_2dINS_5arrayI8ap_fixedILi20ELi10EL9ap_q_mode5EL9a_262 | {20 21 }
	Port: p_ZZN4nnet22compute_pool_buffer_2dINS_5arrayI8ap_fixedILi20ELi10EL9ap_q_mode5EL9a_282 | {20 21 }
	Port: p_ZZN4nnet22compute_pool_buffer_2dINS_5arrayI8ap_fixedILi20ELi10EL9ap_q_mode5EL9a_302 | {20 21 }
	Port: p_ZZN4nnet22compute_pool_buffer_2dINS_5arrayI8ap_fixedILi20ELi10EL9ap_q_mode5EL9a_93 | {20 21 }
	Port: void_compute_pool_buffer_2d_array_const_ap_shift_reg_n_filt_stream_kernel_1 | {20 21 }
	Port: p_ZZN4nnet22compute_pool_buffer_2dINS_5arrayI8ap_fixedILi20ELi10EL9ap_q_mode5EL9a_73 | {20 21 }
	Port: p_ZZN4nnet22compute_pool_buffer_2dINS_5arrayI8ap_fixedILi20ELi10EL9ap_q_mode5EL9a_55 | {20 21 }
	Port: p_ZZN4nnet22compute_pool_buffer_2dINS_5arrayI8ap_fixedILi20ELi10EL9ap_q_mode5EL9a_37 | {20 21 }
	Port: p_ZZN4nnet22compute_pool_buffer_2dINS_5arrayI8ap_fixedILi20ELi10EL9ap_q_mode5EL9a_19 | {20 21 }
	Port: p_ZZN4nnet22compute_pool_buffer_2dINS_5arrayI8ap_fixedILi20ELi10EL9ap_q_mode5EL9a_1 | {20 21 }
	Port: p_ZZN4nnet22compute_pool_buffer_2dINS_5arrayI8ap_fixedILi20ELi10EL9ap_q_mode5EL9a_263 | {20 21 }
	Port: p_ZZN4nnet22compute_pool_buffer_2dINS_5arrayI8ap_fixedILi20ELi10EL9ap_q_mode5EL9a_283 | {20 21 }
	Port: p_ZZN4nnet22compute_pool_buffer_2dINS_5arrayI8ap_fixedILi20ELi10EL9ap_q_mode5EL9a_303 | {20 21 }
	Port: p_ZZN4nnet22compute_pool_buffer_2dINS_5arrayI8ap_fixedILi20ELi10EL9ap_q_mode5EL9a_91 | {20 21 }
	Port: void_compute_pool_buffer_2d_array_const_ap_shift_reg_n_filt_stream_kernel | {20 21 }
	Port: p_ZZN4nnet22compute_pool_buffer_2dINS_5arrayI8ap_fixedILi20ELi10EL9ap_q_mode5EL9a_72 | {20 21 }
	Port: p_ZZN4nnet22compute_pool_buffer_2dINS_5arrayI8ap_fixedILi20ELi10EL9ap_q_mode5EL9a_54 | {20 21 }
	Port: p_ZZN4nnet22compute_pool_buffer_2dINS_5arrayI8ap_fixedILi20ELi10EL9ap_q_mode5EL9a_36 | {20 21 }
	Port: p_ZZN4nnet22compute_pool_buffer_2dINS_5arrayI8ap_fixedILi20ELi10EL9ap_q_mode5EL9a_18 | {20 21 }
	Port: p_ZZN4nnet22compute_pool_buffer_2dINS_5arrayI8ap_fixedILi20ELi10EL9ap_q_mode5EL9a | {20 21 }
	Port: p_ZZN4nnet22compute_pool_buffer_2dINS_5arrayI8ap_fixedILi20ELi10EL9ap_q_mode5EL9a_264 | {20 21 }
	Port: p_ZZN4nnet22compute_pool_buffer_2dINS_5arrayI8ap_fixedILi20ELi10EL9ap_q_mode5EL9a_284 | {20 21 }
	Port: p_ZZN4nnet22compute_pool_buffer_2dINS_5arrayI8ap_fixedILi20ELi10EL9ap_q_mode5EL9a_304 | {20 21 }
	Port: p_ZZN4nnet22compute_pool_buffer_2dINS_5arrayI8ap_fixedILi20ELi10EL9ap_q_mode5EL9a_90 | {20 21 }
	Port: p_ZZN4nnet22compute_pool_buffer_2dINS_5arrayI8ap_fixedILi20ELi10EL9ap_q_mode5EL9a_245 | {20 21 }
	Port: p_ZZN4nnet22compute_pool_buffer_2dINS_5arrayI8ap_fixedILi20ELi10EL9ap_q_mode5EL9a_71 | {20 21 }
	Port: p_ZZN4nnet22compute_pool_buffer_2dINS_5arrayI8ap_fixedILi20ELi10EL9ap_q_mode5EL9a_53 | {20 21 }
	Port: p_ZZN4nnet22compute_pool_buffer_2dINS_5arrayI8ap_fixedILi20ELi10EL9ap_q_mode5EL9a_35 | {20 21 }
	Port: p_ZZN4nnet22compute_pool_buffer_2dINS_5arrayI8ap_fixedILi20ELi10EL9ap_q_mode5EL9a_17 | {20 21 }
	Port: p_ZZN4nnet22compute_pool_buffer_2dINS_5arrayI8ap_fixedILi20ELi10EL9ap_q_mode5EL9a_246 | {20 21 }
	Port: p_ZZN4nnet22compute_pool_buffer_2dINS_5arrayI8ap_fixedILi20ELi10EL9ap_q_mode5EL9a_265 | {20 21 }
	Port: p_ZZN4nnet22compute_pool_buffer_2dINS_5arrayI8ap_fixedILi20ELi10EL9ap_q_mode5EL9a_285 | {20 21 }
	Port: p_ZZN4nnet22compute_pool_buffer_2dINS_5arrayI8ap_fixedILi20ELi10EL9ap_q_mode5EL9a_305 | {20 21 }
	Port: p_ZZN4nnet22compute_pool_buffer_2dINS_5arrayI8ap_fixedILi20ELi10EL9ap_q_mode5EL9a_89 | {20 21 }
	Port: p_ZZN4nnet22compute_pool_buffer_2dINS_5arrayI8ap_fixedILi20ELi10EL9ap_q_mode5EL9a_256 | {20 21 }
	Port: p_ZZN4nnet22compute_pool_buffer_2dINS_5arrayI8ap_fixedILi20ELi10EL9ap_q_mode5EL9a_70 | {20 21 }
	Port: p_ZZN4nnet22compute_pool_buffer_2dINS_5arrayI8ap_fixedILi20ELi10EL9ap_q_mode5EL9a_52 | {20 21 }
	Port: p_ZZN4nnet22compute_pool_buffer_2dINS_5arrayI8ap_fixedILi20ELi10EL9ap_q_mode5EL9a_34 | {20 21 }
	Port: p_ZZN4nnet22compute_pool_buffer_2dINS_5arrayI8ap_fixedILi20ELi10EL9ap_q_mode5EL9a_16 | {20 21 }
	Port: p_ZZN4nnet22compute_pool_buffer_2dINS_5arrayI8ap_fixedILi20ELi10EL9ap_q_mode5EL9a_247 | {20 21 }
	Port: p_ZZN4nnet22compute_pool_buffer_2dINS_5arrayI8ap_fixedILi20ELi10EL9ap_q_mode5EL9a_266 | {20 21 }
	Port: p_ZZN4nnet22compute_pool_buffer_2dINS_5arrayI8ap_fixedILi20ELi10EL9ap_q_mode5EL9a_286 | {20 21 }
	Port: p_ZZN4nnet22compute_pool_buffer_2dINS_5arrayI8ap_fixedILi20ELi10EL9ap_q_mode5EL9a_306 | {20 21 }
	Port: p_ZZN4nnet22compute_pool_buffer_2dINS_5arrayI8ap_fixedILi20ELi10EL9ap_q_mode5EL9a_88 | {20 21 }
	Port: p_ZZN4nnet22compute_pool_buffer_2dINS_5arrayI8ap_fixedILi20ELi10EL9ap_q_mode5EL9a_267 | {20 21 }
	Port: p_ZZN4nnet22compute_pool_buffer_2dINS_5arrayI8ap_fixedILi20ELi10EL9ap_q_mode5EL9a_69 | {20 21 }
	Port: p_ZZN4nnet22compute_pool_buffer_2dINS_5arrayI8ap_fixedILi20ELi10EL9ap_q_mode5EL9a_51 | {20 21 }
	Port: p_ZZN4nnet22compute_pool_buffer_2dINS_5arrayI8ap_fixedILi20ELi10EL9ap_q_mode5EL9a_33 | {20 21 }
	Port: p_ZZN4nnet22compute_pool_buffer_2dINS_5arrayI8ap_fixedILi20ELi10EL9ap_q_mode5EL9a_15 | {20 21 }
	Port: p_ZZN4nnet22compute_pool_buffer_2dINS_5arrayI8ap_fixedILi20ELi10EL9ap_q_mode5EL9a_248 | {20 21 }
	Port: p_ZZN4nnet22compute_pool_buffer_2dINS_5arrayI8ap_fixedILi20ELi10EL9ap_q_mode5EL9a_268 | {20 21 }
	Port: p_ZZN4nnet22compute_pool_buffer_2dINS_5arrayI8ap_fixedILi20ELi10EL9ap_q_mode5EL9a_287 | {20 21 }
	Port: p_ZZN4nnet22compute_pool_buffer_2dINS_5arrayI8ap_fixedILi20ELi10EL9ap_q_mode5EL9a_307 | {20 21 }
	Port: p_ZZN4nnet22compute_pool_buffer_2dINS_5arrayI8ap_fixedILi20ELi10EL9ap_q_mode5EL9a_87 | {20 21 }
	Port: p_ZZN4nnet22compute_pool_buffer_2dINS_5arrayI8ap_fixedILi20ELi10EL9ap_q_mode5EL9a_278 | {20 21 }
	Port: p_ZZN4nnet22compute_pool_buffer_2dINS_5arrayI8ap_fixedILi20ELi10EL9ap_q_mode5EL9a_68 | {20 21 }
	Port: p_ZZN4nnet22compute_pool_buffer_2dINS_5arrayI8ap_fixedILi20ELi10EL9ap_q_mode5EL9a_50 | {20 21 }
	Port: p_ZZN4nnet22compute_pool_buffer_2dINS_5arrayI8ap_fixedILi20ELi10EL9ap_q_mode5EL9a_32 | {20 21 }
	Port: p_ZZN4nnet22compute_pool_buffer_2dINS_5arrayI8ap_fixedILi20ELi10EL9ap_q_mode5EL9a_14 | {20 21 }
	Port: p_ZZN4nnet22compute_pool_buffer_2dINS_5arrayI8ap_fixedILi20ELi10EL9ap_q_mode5EL9a_249 | {20 21 }
	Port: p_ZZN4nnet22compute_pool_buffer_2dINS_5arrayI8ap_fixedILi20ELi10EL9ap_q_mode5EL9a_269 | {20 21 }
	Port: p_ZZN4nnet22compute_pool_buffer_2dINS_5arrayI8ap_fixedILi20ELi10EL9ap_q_mode5EL9a_288 | {20 21 }
	Port: p_ZZN4nnet22compute_pool_buffer_2dINS_5arrayI8ap_fixedILi20ELi10EL9ap_q_mode5EL9a_308 | {20 21 }
	Port: p_ZZN4nnet22compute_pool_buffer_2dINS_5arrayI8ap_fixedILi20ELi10EL9ap_q_mode5EL9a_86 | {20 21 }
	Port: p_ZZN4nnet22compute_pool_buffer_2dINS_5arrayI8ap_fixedILi20ELi10EL9ap_q_mode5EL9a_289 | {20 21 }
	Port: p_ZZN4nnet22compute_pool_buffer_2dINS_5arrayI8ap_fixedILi20ELi10EL9ap_q_mode5EL9a_67 | {20 21 }
	Port: p_ZZN4nnet22compute_pool_buffer_2dINS_5arrayI8ap_fixedILi20ELi10EL9ap_q_mode5EL9a_49 | {20 21 }
	Port: p_ZZN4nnet22compute_pool_buffer_2dINS_5arrayI8ap_fixedILi20ELi10EL9ap_q_mode5EL9a_31 | {20 21 }
	Port: p_ZZN4nnet22compute_pool_buffer_2dINS_5arrayI8ap_fixedILi20ELi10EL9ap_q_mode5EL9a_13 | {20 21 }
	Port: p_ZZN4nnet22compute_pool_buffer_2dINS_5arrayI8ap_fixedILi20ELi10EL9ap_q_mode5EL9a_250 | {20 21 }
	Port: p_ZZN4nnet22compute_pool_buffer_2dINS_5arrayI8ap_fixedILi20ELi10EL9ap_q_mode5EL9a_270 | {20 21 }
	Port: p_ZZN4nnet22compute_pool_buffer_2dINS_5arrayI8ap_fixedILi20ELi10EL9ap_q_mode5EL9a_290 | {20 21 }
	Port: p_ZZN4nnet22compute_pool_buffer_2dINS_5arrayI8ap_fixedILi20ELi10EL9ap_q_mode5EL9a_309 | {20 21 }
	Port: p_ZZN4nnet22compute_pool_buffer_2dINS_5arrayI8ap_fixedILi20ELi10EL9ap_q_mode5EL9a_85 | {20 21 }
	Port: p_ZZN4nnet22compute_pool_buffer_2dINS_5arrayI8ap_fixedILi20ELi10EL9ap_q_mode5EL9a_300 | {20 21 }
	Port: p_ZZN4nnet22compute_pool_buffer_2dINS_5arrayI8ap_fixedILi20ELi10EL9ap_q_mode5EL9a_66 | {20 21 }
	Port: p_ZZN4nnet22compute_pool_buffer_2dINS_5arrayI8ap_fixedILi20ELi10EL9ap_q_mode5EL9a_48 | {20 21 }
	Port: p_ZZN4nnet22compute_pool_buffer_2dINS_5arrayI8ap_fixedILi20ELi10EL9ap_q_mode5EL9a_30 | {20 21 }
	Port: p_ZZN4nnet22compute_pool_buffer_2dINS_5arrayI8ap_fixedILi20ELi10EL9ap_q_mode5EL9a_12 | {20 21 }
	Port: p_ZZN4nnet22compute_pool_buffer_2dINS_5arrayI8ap_fixedILi20ELi10EL9ap_q_mode5EL9a_251 | {20 21 }
	Port: p_ZZN4nnet22compute_pool_buffer_2dINS_5arrayI8ap_fixedILi20ELi10EL9ap_q_mode5EL9a_271 | {20 21 }
	Port: p_ZZN4nnet22compute_pool_buffer_2dINS_5arrayI8ap_fixedILi20ELi10EL9ap_q_mode5EL9a_291 | {20 21 }
	Port: p_ZZN4nnet22compute_pool_buffer_2dINS_5arrayI8ap_fixedILi20ELi10EL9ap_q_mode5EL9a_310 | {20 21 }
	Port: p_ZZN4nnet22compute_pool_buffer_2dINS_5arrayI8ap_fixedILi20ELi10EL9ap_q_mode5EL9a_84 | {20 21 }
	Port: p_ZZN4nnet22compute_pool_buffer_2dINS_5arrayI8ap_fixedILi20ELi10EL9ap_q_mode5EL9a_311 | {20 21 }
	Port: p_ZZN4nnet22compute_pool_buffer_2dINS_5arrayI8ap_fixedILi20ELi10EL9ap_q_mode5EL9a_65 | {20 21 }
	Port: p_ZZN4nnet22compute_pool_buffer_2dINS_5arrayI8ap_fixedILi20ELi10EL9ap_q_mode5EL9a_47 | {20 21 }
	Port: p_ZZN4nnet22compute_pool_buffer_2dINS_5arrayI8ap_fixedILi20ELi10EL9ap_q_mode5EL9a_29 | {20 21 }
	Port: p_ZZN4nnet22compute_pool_buffer_2dINS_5arrayI8ap_fixedILi20ELi10EL9ap_q_mode5EL9a_11 | {20 21 }
	Port: p_ZZN4nnet22compute_pool_buffer_2dINS_5arrayI8ap_fixedILi20ELi10EL9ap_q_mode5EL9a_252 | {20 21 }
	Port: p_ZZN4nnet22compute_pool_buffer_2dINS_5arrayI8ap_fixedILi20ELi10EL9ap_q_mode5EL9a_272 | {20 21 }
	Port: p_ZZN4nnet22compute_pool_buffer_2dINS_5arrayI8ap_fixedILi20ELi10EL9ap_q_mode5EL9a_292 | {20 21 }
	Port: p_ZZN4nnet22compute_pool_buffer_2dINS_5arrayI8ap_fixedILi20ELi10EL9ap_q_mode5EL9a_312 | {20 21 }
	Port: p_ZZN4nnet22compute_pool_buffer_2dINS_5arrayI8ap_fixedILi20ELi10EL9ap_q_mode5EL9a_83 | {20 21 }
	Port: p_ZZN4nnet22compute_pool_buffer_2dINS_5arrayI8ap_fixedILi20ELi10EL9ap_q_mode5EL9a_92 | {20 21 }
	Port: p_ZZN4nnet22compute_pool_buffer_2dINS_5arrayI8ap_fixedILi20ELi10EL9ap_q_mode5EL9a_64 | {20 21 }
	Port: p_ZZN4nnet22compute_pool_buffer_2dINS_5arrayI8ap_fixedILi20ELi10EL9ap_q_mode5EL9a_46 | {20 21 }
	Port: p_ZZN4nnet22compute_pool_buffer_2dINS_5arrayI8ap_fixedILi20ELi10EL9ap_q_mode5EL9a_28 | {20 21 }
	Port: p_ZZN4nnet22compute_pool_buffer_2dINS_5arrayI8ap_fixedILi20ELi10EL9ap_q_mode5EL9a_10 | {20 21 }
	Port: p_ZZN4nnet22compute_pool_buffer_2dINS_5arrayI8ap_fixedILi20ELi10EL9ap_q_mode5EL9a_253 | {20 21 }
	Port: p_ZZN4nnet22compute_pool_buffer_2dINS_5arrayI8ap_fixedILi20ELi10EL9ap_q_mode5EL9a_273 | {20 21 }
	Port: p_ZZN4nnet22compute_pool_buffer_2dINS_5arrayI8ap_fixedILi20ELi10EL9ap_q_mode5EL9a_293 | {20 21 }
	Port: p_ZZN4nnet22compute_pool_buffer_2dINS_5arrayI8ap_fixedILi20ELi10EL9ap_q_mode5EL9a_313 | {20 21 }
	Port: p_ZZN4nnet22compute_pool_buffer_2dINS_5arrayI8ap_fixedILi20ELi10EL9ap_q_mode5EL9a_82 | {20 21 }
	Port: pX | {20 21 }
	Port: sX | {20 21 }
	Port: void_pooling2d_cl_stream_stream_array_ap_fixed_18u_0_line_buffer_9 | {20 21 }
	Port: void_pooling2d_cl_stream_stream_array_ap_fixed_18u_0_line_buffer_8 | {20 21 }
	Port: void_pooling2d_cl_stream_stream_array_ap_fixed_18u_0_line_buffer_7 | {20 21 }
	Port: void_pooling2d_cl_stream_stream_array_ap_fixed_18u_0_line_buffer_6 | {20 21 }
	Port: void_pooling2d_cl_stream_stream_array_ap_fixed_18u_0_line_buffer_5 | {20 21 }
	Port: void_pooling2d_cl_stream_stream_array_ap_fixed_18u_0_line_buffer_4 | {20 21 }
	Port: void_pooling2d_cl_stream_stream_array_ap_fixed_18u_0_line_buffer_3 | {20 21 }
	Port: void_pooling2d_cl_stream_stream_array_ap_fixed_18u_0_line_buffer_2 | {20 21 }
	Port: void_pooling2d_cl_stream_stream_array_ap_fixed_18u_0_line_buffer_1 | {20 21 }
	Port: void_pooling2d_cl_stream_stream_array_ap_fixed_18u_0_line_buffer | {20 21 }
	Port: p_ZZN4nnet12pooling2d_clINS_5arrayI8ap_fixedILi20ELi10EL9ap_q_mode5EL9ap_o_mode3E_7 | {20 21 }
	Port: p_ZZN4nnet12pooling2d_clINS_5arrayI8ap_fixedILi20ELi10EL9ap_q_mode5EL9ap_o_mode3E_6 | {20 21 }
	Port: p_ZZN4nnet12pooling2d_clINS_5arrayI8ap_fixedILi20ELi10EL9ap_q_mode5EL9ap_o_mode3E_5 | {20 21 }
	Port: p_ZZN4nnet12pooling2d_clINS_5arrayI8ap_fixedILi20ELi10EL9ap_q_mode5EL9ap_o_mode3E_4 | {20 21 }
	Port: p_ZZN4nnet12pooling2d_clINS_5arrayI8ap_fixedILi20ELi10EL9ap_q_mode5EL9ap_o_mode3E_3 | {20 21 }
	Port: p_ZZN4nnet12pooling2d_clINS_5arrayI8ap_fixedILi20ELi10EL9ap_q_mode5EL9ap_o_mode3E_2 | {20 21 }
	Port: p_ZZN4nnet12pooling2d_clINS_5arrayI8ap_fixedILi20ELi10EL9ap_q_mode5EL9ap_o_mode3E_1 | {20 21 }
	Port: p_ZZN4nnet12pooling2d_clINS_5arrayI8ap_fixedILi20ELi10EL9ap_q_mode5EL9ap_o_mode3E | {20 21 }
 - Input state : 
	Port: myproject : mfcc_input | {2 3 }
	Port: myproject : void_compute_output_buffer_2d_array_const_ap_shift_reg_n_chan_stream_weig_7 | {4 5 }
	Port: myproject : void_compute_output_buffer_2d_array_const_ap_shift_reg_n_chan_stream_weig_8 | {4 5 }
	Port: myproject : void_compute_output_buffer_2d_array_const_ap_shift_reg_n_chan_stream_weig_4 | {4 5 }
	Port: myproject : void_compute_output_buffer_2d_array_const_ap_shift_reg_n_chan_stream_weig_5 | {4 5 }
	Port: myproject : void_compute_output_buffer_2d_array_const_ap_shift_reg_n_chan_stream_weig_1 | {4 5 }
	Port: myproject : void_compute_output_buffer_2d_array_const_ap_shift_reg_n_chan_stream_weig_2 | {4 5 }
	Port: myproject : void_compute_output_buffer_2d_array_const_ap_shift_reg_n_chan_stream_weig_6 | {4 5 }
	Port: myproject : void_compute_output_buffer_2d_array_const_ap_shift_reg_n_chan_stream_weig_3 | {4 5 }
	Port: myproject : void_compute_output_buffer_2d_array_const_ap_shift_reg_n_chan_stream_weig | {4 5 }
	Port: myproject : void_conv_2d_buffer_resource_cl_stream_stream_weight_t_bias_t_line_buffer_1 | {4 5 }
	Port: myproject : void_conv_2d_buffer_resource_cl_stream_stream_weight_t_bias_t_line_buffer | {4 5 }
	Port: myproject : sX_2 | {4 5 }
	Port: myproject : sY_2 | {4 5 }
	Port: myproject : pY_2 | {4 5 }
	Port: myproject : pX_2 | {4 5 }
	Port: myproject : outidx_63 | {4 5 }
	Port: myproject : w2 | {4 5 }
	Port: myproject : sY_1 | {10 11 }
	Port: myproject : pY_1 | {10 11 }
	Port: myproject : void_compute_pool_buffer_2d_array_const_ap_shift_reg_n_filt_stream_kernel_19 | {10 11 }
	Port: myproject : p_ZZN4nnet22compute_pool_buffer_2dINS_5arrayI8ap_fixedILi20ELi10EL9ap_q_mode5EL9a_209 | {10 11 }
	Port: myproject : p_ZZN4nnet22compute_pool_buffer_2dINS_5arrayI8ap_fixedILi20ELi10EL9ap_q_mode5EL9a_221 | {10 11 }
	Port: myproject : p_ZZN4nnet22compute_pool_buffer_2dINS_5arrayI8ap_fixedILi20ELi10EL9ap_q_mode5EL9a_233 | {10 11 }
	Port: myproject : void_compute_pool_buffer_2d_array_const_ap_shift_reg_n_filt_stream_kernel_18 | {10 11 }
	Port: myproject : p_ZZN4nnet22compute_pool_buffer_2dINS_5arrayI8ap_fixedILi20ELi10EL9ap_q_mode5EL9a_210 | {10 11 }
	Port: myproject : p_ZZN4nnet22compute_pool_buffer_2dINS_5arrayI8ap_fixedILi20ELi10EL9ap_q_mode5EL9a_222 | {10 11 }
	Port: myproject : p_ZZN4nnet22compute_pool_buffer_2dINS_5arrayI8ap_fixedILi20ELi10EL9ap_q_mode5EL9a_234 | {10 11 }
	Port: myproject : void_compute_pool_buffer_2d_array_const_ap_shift_reg_n_filt_stream_kernel_17 | {10 11 }
	Port: myproject : p_ZZN4nnet22compute_pool_buffer_2dINS_5arrayI8ap_fixedILi20ELi10EL9ap_q_mode5EL9a_211 | {10 11 }
	Port: myproject : p_ZZN4nnet22compute_pool_buffer_2dINS_5arrayI8ap_fixedILi20ELi10EL9ap_q_mode5EL9a_223 | {10 11 }
	Port: myproject : p_ZZN4nnet22compute_pool_buffer_2dINS_5arrayI8ap_fixedILi20ELi10EL9ap_q_mode5EL9a_235 | {10 11 }
	Port: myproject : void_compute_pool_buffer_2d_array_const_ap_shift_reg_n_filt_stream_kernel_16 | {10 11 }
	Port: myproject : p_ZZN4nnet22compute_pool_buffer_2dINS_5arrayI8ap_fixedILi20ELi10EL9ap_q_mode5EL9a_212 | {10 11 }
	Port: myproject : p_ZZN4nnet22compute_pool_buffer_2dINS_5arrayI8ap_fixedILi20ELi10EL9ap_q_mode5EL9a_224 | {10 11 }
	Port: myproject : p_ZZN4nnet22compute_pool_buffer_2dINS_5arrayI8ap_fixedILi20ELi10EL9ap_q_mode5EL9a_236 | {10 11 }
	Port: myproject : void_compute_pool_buffer_2d_array_const_ap_shift_reg_n_filt_stream_kernel_15 | {10 11 }
	Port: myproject : p_ZZN4nnet22compute_pool_buffer_2dINS_5arrayI8ap_fixedILi20ELi10EL9ap_q_mode5EL9a_213 | {10 11 }
	Port: myproject : p_ZZN4nnet22compute_pool_buffer_2dINS_5arrayI8ap_fixedILi20ELi10EL9ap_q_mode5EL9a_225 | {10 11 }
	Port: myproject : p_ZZN4nnet22compute_pool_buffer_2dINS_5arrayI8ap_fixedILi20ELi10EL9ap_q_mode5EL9a_237 | {10 11 }
	Port: myproject : void_compute_pool_buffer_2d_array_const_ap_shift_reg_n_filt_stream_kernel_14 | {10 11 }
	Port: myproject : p_ZZN4nnet22compute_pool_buffer_2dINS_5arrayI8ap_fixedILi20ELi10EL9ap_q_mode5EL9a_214 | {10 11 }
	Port: myproject : p_ZZN4nnet22compute_pool_buffer_2dINS_5arrayI8ap_fixedILi20ELi10EL9ap_q_mode5EL9a_226 | {10 11 }
	Port: myproject : p_ZZN4nnet22compute_pool_buffer_2dINS_5arrayI8ap_fixedILi20ELi10EL9ap_q_mode5EL9a_238 | {10 11 }
	Port: myproject : void_compute_pool_buffer_2d_array_const_ap_shift_reg_n_filt_stream_kernel_13 | {10 11 }
	Port: myproject : p_ZZN4nnet22compute_pool_buffer_2dINS_5arrayI8ap_fixedILi20ELi10EL9ap_q_mode5EL9a_215 | {10 11 }
	Port: myproject : p_ZZN4nnet22compute_pool_buffer_2dINS_5arrayI8ap_fixedILi20ELi10EL9ap_q_mode5EL9a_227 | {10 11 }
	Port: myproject : p_ZZN4nnet22compute_pool_buffer_2dINS_5arrayI8ap_fixedILi20ELi10EL9ap_q_mode5EL9a_239 | {10 11 }
	Port: myproject : void_compute_pool_buffer_2d_array_const_ap_shift_reg_n_filt_stream_kernel_12 | {10 11 }
	Port: myproject : p_ZZN4nnet22compute_pool_buffer_2dINS_5arrayI8ap_fixedILi20ELi10EL9ap_q_mode5EL9a_216 | {10 11 }
	Port: myproject : p_ZZN4nnet22compute_pool_buffer_2dINS_5arrayI8ap_fixedILi20ELi10EL9ap_q_mode5EL9a_228 | {10 11 }
	Port: myproject : p_ZZN4nnet22compute_pool_buffer_2dINS_5arrayI8ap_fixedILi20ELi10EL9ap_q_mode5EL9a_240 | {10 11 }
	Port: myproject : void_compute_pool_buffer_2d_array_const_ap_shift_reg_n_filt_stream_kernel_11 | {10 11 }
	Port: myproject : p_ZZN4nnet22compute_pool_buffer_2dINS_5arrayI8ap_fixedILi20ELi10EL9ap_q_mode5EL9a_217 | {10 11 }
	Port: myproject : p_ZZN4nnet22compute_pool_buffer_2dINS_5arrayI8ap_fixedILi20ELi10EL9ap_q_mode5EL9a_229 | {10 11 }
	Port: myproject : p_ZZN4nnet22compute_pool_buffer_2dINS_5arrayI8ap_fixedILi20ELi10EL9ap_q_mode5EL9a_241 | {10 11 }
	Port: myproject : void_compute_pool_buffer_2d_array_const_ap_shift_reg_n_filt_stream_kernel_10 | {10 11 }
	Port: myproject : p_ZZN4nnet22compute_pool_buffer_2dINS_5arrayI8ap_fixedILi20ELi10EL9ap_q_mode5EL9a_218 | {10 11 }
	Port: myproject : p_ZZN4nnet22compute_pool_buffer_2dINS_5arrayI8ap_fixedILi20ELi10EL9ap_q_mode5EL9a_230 | {10 11 }
	Port: myproject : p_ZZN4nnet22compute_pool_buffer_2dINS_5arrayI8ap_fixedILi20ELi10EL9ap_q_mode5EL9a_242 | {10 11 }
	Port: myproject : p_ZZN4nnet22compute_pool_buffer_2dINS_5arrayI8ap_fixedILi20ELi10EL9ap_q_mode5EL9a_207 | {10 11 }
	Port: myproject : p_ZZN4nnet22compute_pool_buffer_2dINS_5arrayI8ap_fixedILi20ELi10EL9ap_q_mode5EL9a_219 | {10 11 }
	Port: myproject : p_ZZN4nnet22compute_pool_buffer_2dINS_5arrayI8ap_fixedILi20ELi10EL9ap_q_mode5EL9a_231 | {10 11 }
	Port: myproject : p_ZZN4nnet22compute_pool_buffer_2dINS_5arrayI8ap_fixedILi20ELi10EL9ap_q_mode5EL9a_243 | {10 11 }
	Port: myproject : p_ZZN4nnet22compute_pool_buffer_2dINS_5arrayI8ap_fixedILi20ELi10EL9ap_q_mode5EL9a_208 | {10 11 }
	Port: myproject : p_ZZN4nnet22compute_pool_buffer_2dINS_5arrayI8ap_fixedILi20ELi10EL9ap_q_mode5EL9a_220 | {10 11 }
	Port: myproject : p_ZZN4nnet22compute_pool_buffer_2dINS_5arrayI8ap_fixedILi20ELi10EL9ap_q_mode5EL9a_232 | {10 11 }
	Port: myproject : p_ZZN4nnet22compute_pool_buffer_2dINS_5arrayI8ap_fixedILi20ELi10EL9ap_q_mode5EL9a_244 | {10 11 }
	Port: myproject : pX_1 | {10 11 }
	Port: myproject : sX_1 | {10 11 }
	Port: myproject : void_pooling2d_cl_stream_stream_array_ap_fixed_12u_0_line_buffer_9 | {10 11 }
	Port: myproject : void_pooling2d_cl_stream_stream_array_ap_fixed_12u_0_line_buffer_8 | {10 11 }
	Port: myproject : void_pooling2d_cl_stream_stream_array_ap_fixed_12u_0_line_buffer_7 | {10 11 }
	Port: myproject : void_pooling2d_cl_stream_stream_array_ap_fixed_12u_0_line_buffer_6 | {10 11 }
	Port: myproject : void_pooling2d_cl_stream_stream_array_ap_fixed_12u_0_line_buffer_5 | {10 11 }
	Port: myproject : void_pooling2d_cl_stream_stream_array_ap_fixed_12u_0_line_buffer_4 | {10 11 }
	Port: myproject : void_pooling2d_cl_stream_stream_array_ap_fixed_12u_0_line_buffer_3 | {10 11 }
	Port: myproject : void_pooling2d_cl_stream_stream_array_ap_fixed_12u_0_line_buffer_2 | {10 11 }
	Port: myproject : void_pooling2d_cl_stream_stream_array_ap_fixed_12u_0_line_buffer_1 | {10 11 }
	Port: myproject : void_pooling2d_cl_stream_stream_array_ap_fixed_12u_0_line_buffer | {10 11 }
	Port: myproject : p_ZZN4nnet12pooling2d_clINS_5arrayI8ap_fixedILi20ELi10EL9ap_q_mode5EL9ap_o_mode3E_9 | {10 11 }
	Port: myproject : p_ZZN4nnet12pooling2d_clINS_5arrayI8ap_fixedILi20ELi10EL9ap_q_mode5EL9ap_o_mode3E_8 | {10 11 }
	Port: myproject : p_ZZN4nnet24compute_output_buffer_2dINS_5arrayI8ap_fixedILi20ELi10EL9ap_q_mode5EL_87 | {14 15 }
	Port: myproject : void_compute_output_buffer_2d_array_const_ap_shift_reg_n_chan_stream_weig_18 | {14 15 }
	Port: myproject : p_ZZN4nnet24compute_output_buffer_2dINS_5arrayI8ap_fixedILi20ELi10EL9ap_q_mode5EL_86 | {14 15 }
	Port: myproject : void_compute_output_buffer_2d_array_const_ap_shift_reg_n_chan_stream_weig_17 | {14 15 }
	Port: myproject : p_ZZN4nnet24compute_output_buffer_2dINS_5arrayI8ap_fixedILi20ELi10EL9ap_q_mode5EL_85 | {14 15 }
	Port: myproject : void_compute_output_buffer_2d_array_const_ap_shift_reg_n_chan_stream_weig_16 | {14 15 }
	Port: myproject : p_ZZN4nnet24compute_output_buffer_2dINS_5arrayI8ap_fixedILi20ELi10EL9ap_q_mode5EL_84 | {14 15 }
	Port: myproject : void_compute_output_buffer_2d_array_const_ap_shift_reg_n_chan_stream_weig_15 | {14 15 }
	Port: myproject : p_ZZN4nnet24compute_output_buffer_2dINS_5arrayI8ap_fixedILi20ELi10EL9ap_q_mode5EL_83 | {14 15 }
	Port: myproject : void_compute_output_buffer_2d_array_const_ap_shift_reg_n_chan_stream_weig_14 | {14 15 }
	Port: myproject : p_ZZN4nnet24compute_output_buffer_2dINS_5arrayI8ap_fixedILi20ELi10EL9ap_q_mode5EL_82 | {14 15 }
	Port: myproject : void_compute_output_buffer_2d_array_const_ap_shift_reg_n_chan_stream_weig_13 | {14 15 }
	Port: myproject : p_ZZN4nnet24compute_output_buffer_2dINS_5arrayI8ap_fixedILi20ELi10EL9ap_q_mode5EL_81 | {14 15 }
	Port: myproject : void_compute_output_buffer_2d_array_const_ap_shift_reg_n_chan_stream_weig_12 | {14 15 }
	Port: myproject : p_ZZN4nnet24compute_output_buffer_2dINS_5arrayI8ap_fixedILi20ELi10EL9ap_q_mode5EL_80 | {14 15 }
	Port: myproject : void_compute_output_buffer_2d_array_const_ap_shift_reg_n_chan_stream_weig_11 | {14 15 }
	Port: myproject : p_ZZN4nnet24compute_output_buffer_2dINS_5arrayI8ap_fixedILi20ELi10EL9ap_q_mode5EL_79 | {14 15 }
	Port: myproject : void_compute_output_buffer_2d_array_const_ap_shift_reg_n_chan_stream_weig_10 | {14 15 }
	Port: myproject : p_ZZN4nnet24compute_output_buffer_2dINS_5arrayI8ap_fixedILi20ELi10EL9ap_q_mode5EL_78 | {14 15 }
	Port: myproject : void_compute_output_buffer_2d_array_const_ap_shift_reg_n_chan_stream_weig_9 | {14 15 }
	Port: myproject : p_ZZN4nnet24compute_output_buffer_2dINS_5arrayI8ap_fixedILi20ELi10EL9ap_q_mode5EL_77 | {14 15 }
	Port: myproject : p_ZZN4nnet24compute_output_buffer_2dINS_5arrayI8ap_fixedILi20ELi10EL9ap_q_mode5EL_97 | {14 15 }
	Port: myproject : p_ZZN4nnet24compute_output_buffer_2dINS_5arrayI8ap_fixedILi20ELi10EL9ap_q_mode5EL_76 | {14 15 }
	Port: myproject : p_ZZN4nnet24compute_output_buffer_2dINS_5arrayI8ap_fixedILi20ELi10EL9ap_q_mode5EL_88 | {14 15 }
	Port: myproject : p_ZZN4nnet24compute_output_buffer_2dINS_5arrayI8ap_fixedILi20ELi10EL9ap_q_mode5EL_51 | {14 15 }
	Port: myproject : p_ZZN4nnet24compute_output_buffer_2dINS_5arrayI8ap_fixedILi20ELi10EL9ap_q_mode5EL_63 | {14 15 }
	Port: myproject : p_ZZN4nnet24compute_output_buffer_2dINS_5arrayI8ap_fixedILi20ELi10EL9ap_q_mode5EL_50 | {14 15 }
	Port: myproject : p_ZZN4nnet24compute_output_buffer_2dINS_5arrayI8ap_fixedILi20ELi10EL9ap_q_mode5EL_62 | {14 15 }
	Port: myproject : p_ZZN4nnet24compute_output_buffer_2dINS_5arrayI8ap_fixedILi20ELi10EL9ap_q_mode5EL_49 | {14 15 }
	Port: myproject : p_ZZN4nnet24compute_output_buffer_2dINS_5arrayI8ap_fixedILi20ELi10EL9ap_q_mode5EL_61 | {14 15 }
	Port: myproject : p_ZZN4nnet24compute_output_buffer_2dINS_5arrayI8ap_fixedILi20ELi10EL9ap_q_mode5EL_48 | {14 15 }
	Port: myproject : p_ZZN4nnet24compute_output_buffer_2dINS_5arrayI8ap_fixedILi20ELi10EL9ap_q_mode5EL_60 | {14 15 }
	Port: myproject : p_ZZN4nnet24compute_output_buffer_2dINS_5arrayI8ap_fixedILi20ELi10EL9ap_q_mode5EL_47 | {14 15 }
	Port: myproject : p_ZZN4nnet24compute_output_buffer_2dINS_5arrayI8ap_fixedILi20ELi10EL9ap_q_mode5EL_59 | {14 15 }
	Port: myproject : p_ZZN4nnet24compute_output_buffer_2dINS_5arrayI8ap_fixedILi20ELi10EL9ap_q_mode5EL_46 | {14 15 }
	Port: myproject : p_ZZN4nnet24compute_output_buffer_2dINS_5arrayI8ap_fixedILi20ELi10EL9ap_q_mode5EL_58 | {14 15 }
	Port: myproject : p_ZZN4nnet24compute_output_buffer_2dINS_5arrayI8ap_fixedILi20ELi10EL9ap_q_mode5EL_45 | {14 15 }
	Port: myproject : p_ZZN4nnet24compute_output_buffer_2dINS_5arrayI8ap_fixedILi20ELi10EL9ap_q_mode5EL_57 | {14 15 }
	Port: myproject : p_ZZN4nnet24compute_output_buffer_2dINS_5arrayI8ap_fixedILi20ELi10EL9ap_q_mode5EL_44 | {14 15 }
	Port: myproject : p_ZZN4nnet24compute_output_buffer_2dINS_5arrayI8ap_fixedILi20ELi10EL9ap_q_mode5EL_56 | {14 15 }
	Port: myproject : p_ZZN4nnet24compute_output_buffer_2dINS_5arrayI8ap_fixedILi20ELi10EL9ap_q_mode5EL_43 | {14 15 }
	Port: myproject : p_ZZN4nnet24compute_output_buffer_2dINS_5arrayI8ap_fixedILi20ELi10EL9ap_q_mode5EL_55 | {14 15 }
	Port: myproject : p_ZZN4nnet24compute_output_buffer_2dINS_5arrayI8ap_fixedILi20ELi10EL9ap_q_mode5EL_42 | {14 15 }
	Port: myproject : p_ZZN4nnet24compute_output_buffer_2dINS_5arrayI8ap_fixedILi20ELi10EL9ap_q_mode5EL_54 | {14 15 }
	Port: myproject : p_ZZN4nnet24compute_output_buffer_2dINS_5arrayI8ap_fixedILi20ELi10EL9ap_q_mode5EL_41 | {14 15 }
	Port: myproject : p_ZZN4nnet24compute_output_buffer_2dINS_5arrayI8ap_fixedILi20ELi10EL9ap_q_mode5EL_53 | {14 15 }
	Port: myproject : p_ZZN4nnet24compute_output_buffer_2dINS_5arrayI8ap_fixedILi20ELi10EL9ap_q_mode5EL_40 | {14 15 }
	Port: myproject : p_ZZN4nnet24compute_output_buffer_2dINS_5arrayI8ap_fixedILi20ELi10EL9ap_q_mode5EL_52 | {14 15 }
	Port: myproject : p_ZZN4nnet24compute_output_buffer_2dINS_5arrayI8ap_fixedILi20ELi10EL9ap_q_mode5EL_15 | {14 15 }
	Port: myproject : p_ZZN4nnet24compute_output_buffer_2dINS_5arrayI8ap_fixedILi20ELi10EL9ap_q_mode5EL_27 | {14 15 }
	Port: myproject : p_ZZN4nnet24compute_output_buffer_2dINS_5arrayI8ap_fixedILi20ELi10EL9ap_q_mode5EL_14 | {14 15 }
	Port: myproject : p_ZZN4nnet24compute_output_buffer_2dINS_5arrayI8ap_fixedILi20ELi10EL9ap_q_mode5EL_26 | {14 15 }
	Port: myproject : p_ZZN4nnet24compute_output_buffer_2dINS_5arrayI8ap_fixedILi20ELi10EL9ap_q_mode5EL_13 | {14 15 }
	Port: myproject : p_ZZN4nnet24compute_output_buffer_2dINS_5arrayI8ap_fixedILi20ELi10EL9ap_q_mode5EL_25 | {14 15 }
	Port: myproject : p_ZZN4nnet24compute_output_buffer_2dINS_5arrayI8ap_fixedILi20ELi10EL9ap_q_mode5EL_12 | {14 15 }
	Port: myproject : p_ZZN4nnet24compute_output_buffer_2dINS_5arrayI8ap_fixedILi20ELi10EL9ap_q_mode5EL_24 | {14 15 }
	Port: myproject : p_ZZN4nnet24compute_output_buffer_2dINS_5arrayI8ap_fixedILi20ELi10EL9ap_q_mode5EL_11 | {14 15 }
	Port: myproject : p_ZZN4nnet24compute_output_buffer_2dINS_5arrayI8ap_fixedILi20ELi10EL9ap_q_mode5EL_23 | {14 15 }
	Port: myproject : p_ZZN4nnet24compute_output_buffer_2dINS_5arrayI8ap_fixedILi20ELi10EL9ap_q_mode5EL_10 | {14 15 }
	Port: myproject : p_ZZN4nnet24compute_output_buffer_2dINS_5arrayI8ap_fixedILi20ELi10EL9ap_q_mode5EL_22 | {14 15 }
	Port: myproject : p_ZZN4nnet24compute_output_buffer_2dINS_5arrayI8ap_fixedILi20ELi10EL9ap_q_mode5EL_9 | {14 15 }
	Port: myproject : p_ZZN4nnet24compute_output_buffer_2dINS_5arrayI8ap_fixedILi20ELi10EL9ap_q_mode5EL_21 | {14 15 }
	Port: myproject : p_ZZN4nnet24compute_output_buffer_2dINS_5arrayI8ap_fixedILi20ELi10EL9ap_q_mode5EL_8 | {14 15 }
	Port: myproject : p_ZZN4nnet24compute_output_buffer_2dINS_5arrayI8ap_fixedILi20ELi10EL9ap_q_mode5EL_20 | {14 15 }
	Port: myproject : p_ZZN4nnet24compute_output_buffer_2dINS_5arrayI8ap_fixedILi20ELi10EL9ap_q_mode5EL_7 | {14 15 }
	Port: myproject : p_ZZN4nnet24compute_output_buffer_2dINS_5arrayI8ap_fixedILi20ELi10EL9ap_q_mode5EL_19 | {14 15 }
	Port: myproject : p_ZZN4nnet24compute_output_buffer_2dINS_5arrayI8ap_fixedILi20ELi10EL9ap_q_mode5EL_6 | {14 15 }
	Port: myproject : p_ZZN4nnet24compute_output_buffer_2dINS_5arrayI8ap_fixedILi20ELi10EL9ap_q_mode5EL_18 | {14 15 }
	Port: myproject : p_ZZN4nnet24compute_output_buffer_2dINS_5arrayI8ap_fixedILi20ELi10EL9ap_q_mode5EL_5 | {14 15 }
	Port: myproject : p_ZZN4nnet24compute_output_buffer_2dINS_5arrayI8ap_fixedILi20ELi10EL9ap_q_mode5EL_17 | {14 15 }
	Port: myproject : p_ZZN4nnet24compute_output_buffer_2dINS_5arrayI8ap_fixedILi20ELi10EL9ap_q_mode5EL_4 | {14 15 }
	Port: myproject : p_ZZN4nnet24compute_output_buffer_2dINS_5arrayI8ap_fixedILi20ELi10EL9ap_q_mode5EL_16 | {14 15 }
	Port: myproject : p_ZZN4nnet24compute_output_buffer_2dINS_5arrayI8ap_fixedILi20ELi10EL9ap_q_mode5EL_75 | {14 15 }
	Port: myproject : p_ZZN4nnet24compute_output_buffer_2dINS_5arrayI8ap_fixedILi20ELi10EL9ap_q_mode5EL_74 | {14 15 }
	Port: myproject : p_ZZN4nnet24compute_output_buffer_2dINS_5arrayI8ap_fixedILi20ELi10EL9ap_q_mode5EL_73 | {14 15 }
	Port: myproject : p_ZZN4nnet24compute_output_buffer_2dINS_5arrayI8ap_fixedILi20ELi10EL9ap_q_mode5EL_72 | {14 15 }
	Port: myproject : p_ZZN4nnet24compute_output_buffer_2dINS_5arrayI8ap_fixedILi20ELi10EL9ap_q_mode5EL_71 | {14 15 }
	Port: myproject : p_ZZN4nnet24compute_output_buffer_2dINS_5arrayI8ap_fixedILi20ELi10EL9ap_q_mode5EL_70 | {14 15 }
	Port: myproject : p_ZZN4nnet24compute_output_buffer_2dINS_5arrayI8ap_fixedILi20ELi10EL9ap_q_mode5EL_69 | {14 15 }
	Port: myproject : p_ZZN4nnet24compute_output_buffer_2dINS_5arrayI8ap_fixedILi20ELi10EL9ap_q_mode5EL_68 | {14 15 }
	Port: myproject : p_ZZN4nnet24compute_output_buffer_2dINS_5arrayI8ap_fixedILi20ELi10EL9ap_q_mode5EL_67 | {14 15 }
	Port: myproject : p_ZZN4nnet24compute_output_buffer_2dINS_5arrayI8ap_fixedILi20ELi10EL9ap_q_mode5EL_66 | {14 15 }
	Port: myproject : p_ZZN4nnet24compute_output_buffer_2dINS_5arrayI8ap_fixedILi20ELi10EL9ap_q_mode5EL_65 | {14 15 }
	Port: myproject : p_ZZN4nnet24compute_output_buffer_2dINS_5arrayI8ap_fixedILi20ELi10EL9ap_q_mode5EL_64 | {14 15 }
	Port: myproject : p_ZZN4nnet24compute_output_buffer_2dINS_5arrayI8ap_fixedILi20ELi10EL9ap_q_mode5EL_39 | {14 15 }
	Port: myproject : p_ZZN4nnet24compute_output_buffer_2dINS_5arrayI8ap_fixedILi20ELi10EL9ap_q_mode5EL_38 | {14 15 }
	Port: myproject : p_ZZN4nnet24compute_output_buffer_2dINS_5arrayI8ap_fixedILi20ELi10EL9ap_q_mode5EL_37 | {14 15 }
	Port: myproject : p_ZZN4nnet24compute_output_buffer_2dINS_5arrayI8ap_fixedILi20ELi10EL9ap_q_mode5EL_36 | {14 15 }
	Port: myproject : p_ZZN4nnet24compute_output_buffer_2dINS_5arrayI8ap_fixedILi20ELi10EL9ap_q_mode5EL_35 | {14 15 }
	Port: myproject : p_ZZN4nnet24compute_output_buffer_2dINS_5arrayI8ap_fixedILi20ELi10EL9ap_q_mode5EL_34 | {14 15 }
	Port: myproject : p_ZZN4nnet24compute_output_buffer_2dINS_5arrayI8ap_fixedILi20ELi10EL9ap_q_mode5EL_33 | {14 15 }
	Port: myproject : p_ZZN4nnet24compute_output_buffer_2dINS_5arrayI8ap_fixedILi20ELi10EL9ap_q_mode5EL_32 | {14 15 }
	Port: myproject : p_ZZN4nnet24compute_output_buffer_2dINS_5arrayI8ap_fixedILi20ELi10EL9ap_q_mode5EL_31 | {14 15 }
	Port: myproject : p_ZZN4nnet24compute_output_buffer_2dINS_5arrayI8ap_fixedILi20ELi10EL9ap_q_mode5EL_30 | {14 15 }
	Port: myproject : p_ZZN4nnet24compute_output_buffer_2dINS_5arrayI8ap_fixedILi20ELi10EL9ap_q_mode5EL_29 | {14 15 }
	Port: myproject : p_ZZN4nnet24compute_output_buffer_2dINS_5arrayI8ap_fixedILi20ELi10EL9ap_q_mode5EL_28 | {14 15 }
	Port: myproject : p_ZZN4nnet24compute_output_buffer_2dINS_5arrayI8ap_fixedILi20ELi10EL9ap_q_mode5EL_3 | {14 15 }
	Port: myproject : p_ZZN4nnet24compute_output_buffer_2dINS_5arrayI8ap_fixedILi20ELi10EL9ap_q_mode5EL_2 | {14 15 }
	Port: myproject : p_ZZN4nnet24compute_output_buffer_2dINS_5arrayI8ap_fixedILi20ELi10EL9ap_q_mode5EL_1 | {14 15 }
	Port: myproject : p_ZZN4nnet24compute_output_buffer_2dINS_5arrayI8ap_fixedILi20ELi10EL9ap_q_mode5EL | {14 15 }
	Port: myproject : p_ZZN4nnet24compute_output_buffer_2dINS_5arrayI8ap_fixedILi20ELi10EL9ap_q_mode5EL_96 | {14 15 }
	Port: myproject : p_ZZN4nnet24compute_output_buffer_2dINS_5arrayI8ap_fixedILi20ELi10EL9ap_q_mode5EL_95 | {14 15 }
	Port: myproject : p_ZZN4nnet24compute_output_buffer_2dINS_5arrayI8ap_fixedILi20ELi10EL9ap_q_mode5EL_94 | {14 15 }
	Port: myproject : p_ZZN4nnet24compute_output_buffer_2dINS_5arrayI8ap_fixedILi20ELi10EL9ap_q_mode5EL_93 | {14 15 }
	Port: myproject : p_ZZN4nnet24compute_output_buffer_2dINS_5arrayI8ap_fixedILi20ELi10EL9ap_q_mode5EL_92 | {14 15 }
	Port: myproject : p_ZZN4nnet24compute_output_buffer_2dINS_5arrayI8ap_fixedILi20ELi10EL9ap_q_mode5EL_91 | {14 15 }
	Port: myproject : p_ZZN4nnet24compute_output_buffer_2dINS_5arrayI8ap_fixedILi20ELi10EL9ap_q_mode5EL_90 | {14 15 }
	Port: myproject : p_ZZN4nnet24compute_output_buffer_2dINS_5arrayI8ap_fixedILi20ELi10EL9ap_q_mode5EL_89 | {14 15 }
	Port: myproject : p_ZZN4nnet26conv_2d_buffer_resource_clINS_5arrayI8ap_fixedILi20ELi10EL9ap_q_mode5_23 | {14 15 }
	Port: myproject : p_ZZN4nnet26conv_2d_buffer_resource_clINS_5arrayI8ap_fixedILi20ELi10EL9ap_q_mode5_11 | {14 15 }
	Port: myproject : p_ZZN4nnet26conv_2d_buffer_resource_clINS_5arrayI8ap_fixedILi20ELi10EL9ap_q_mode5_22 | {14 15 }
	Port: myproject : p_ZZN4nnet26conv_2d_buffer_resource_clINS_5arrayI8ap_fixedILi20ELi10EL9ap_q_mode5_10 | {14 15 }
	Port: myproject : p_ZZN4nnet26conv_2d_buffer_resource_clINS_5arrayI8ap_fixedILi20ELi10EL9ap_q_mode5_19 | {14 15 }
	Port: myproject : p_ZZN4nnet26conv_2d_buffer_resource_clINS_5arrayI8ap_fixedILi20ELi10EL9ap_q_mode5_7 | {14 15 }
	Port: myproject : p_ZZN4nnet26conv_2d_buffer_resource_clINS_5arrayI8ap_fixedILi20ELi10EL9ap_q_mode5_18 | {14 15 }
	Port: myproject : p_ZZN4nnet26conv_2d_buffer_resource_clINS_5arrayI8ap_fixedILi20ELi10EL9ap_q_mode5_6 | {14 15 }
	Port: myproject : p_ZZN4nnet26conv_2d_buffer_resource_clINS_5arrayI8ap_fixedILi20ELi10EL9ap_q_mode5_17 | {14 15 }
	Port: myproject : p_ZZN4nnet26conv_2d_buffer_resource_clINS_5arrayI8ap_fixedILi20ELi10EL9ap_q_mode5_5 | {14 15 }
	Port: myproject : p_ZZN4nnet26conv_2d_buffer_resource_clINS_5arrayI8ap_fixedILi20ELi10EL9ap_q_mode5_16 | {14 15 }
	Port: myproject : p_ZZN4nnet26conv_2d_buffer_resource_clINS_5arrayI8ap_fixedILi20ELi10EL9ap_q_mode5_4 | {14 15 }
	Port: myproject : p_ZZN4nnet26conv_2d_buffer_resource_clINS_5arrayI8ap_fixedILi20ELi10EL9ap_q_mode5_15 | {14 15 }
	Port: myproject : p_ZZN4nnet26conv_2d_buffer_resource_clINS_5arrayI8ap_fixedILi20ELi10EL9ap_q_mode5_3 | {14 15 }
	Port: myproject : p_ZZN4nnet26conv_2d_buffer_resource_clINS_5arrayI8ap_fixedILi20ELi10EL9ap_q_mode5_14 | {14 15 }
	Port: myproject : p_ZZN4nnet26conv_2d_buffer_resource_clINS_5arrayI8ap_fixedILi20ELi10EL9ap_q_mode5_2 | {14 15 }
	Port: myproject : p_ZZN4nnet26conv_2d_buffer_resource_clINS_5arrayI8ap_fixedILi20ELi10EL9ap_q_mode5_13 | {14 15 }
	Port: myproject : p_ZZN4nnet26conv_2d_buffer_resource_clINS_5arrayI8ap_fixedILi20ELi10EL9ap_q_mode5_1 | {14 15 }
	Port: myproject : p_ZZN4nnet26conv_2d_buffer_resource_clINS_5arrayI8ap_fixedILi20ELi10EL9ap_q_mode5_12 | {14 15 }
	Port: myproject : p_ZZN4nnet26conv_2d_buffer_resource_clINS_5arrayI8ap_fixedILi20ELi10EL9ap_q_mode5 | {14 15 }
	Port: myproject : p_ZZN4nnet26conv_2d_buffer_resource_clINS_5arrayI8ap_fixedILi20ELi10EL9ap_q_mode5_21 | {14 15 }
	Port: myproject : p_ZZN4nnet26conv_2d_buffer_resource_clINS_5arrayI8ap_fixedILi20ELi10EL9ap_q_mode5_9 | {14 15 }
	Port: myproject : p_ZZN4nnet26conv_2d_buffer_resource_clINS_5arrayI8ap_fixedILi20ELi10EL9ap_q_mode5_20 | {14 15 }
	Port: myproject : p_ZZN4nnet26conv_2d_buffer_resource_clINS_5arrayI8ap_fixedILi20ELi10EL9ap_q_mode5_8 | {14 15 }
	Port: myproject : sX_3 | {14 15 }
	Port: myproject : sY_3 | {14 15 }
	Port: myproject : pY_3 | {14 15 }
	Port: myproject : pX_3 | {14 15 }
	Port: myproject : outidx_59 | {14 15 }
	Port: myproject : w6 | {14 15 }
	Port: myproject : sY | {20 21 }
	Port: myproject : pY | {20 21 }
	Port: myproject : void_compute_pool_buffer_2d_array_const_ap_shift_reg_n_filt_stream_kernel_9 | {20 21 }
	Port: myproject : p_ZZN4nnet22compute_pool_buffer_2dINS_5arrayI8ap_fixedILi20ELi10EL9ap_q_mode5EL9a_81 | {20 21 }
	Port: myproject : p_ZZN4nnet22compute_pool_buffer_2dINS_5arrayI8ap_fixedILi20ELi10EL9ap_q_mode5EL9a_63 | {20 21 }
	Port: myproject : p_ZZN4nnet22compute_pool_buffer_2dINS_5arrayI8ap_fixedILi20ELi10EL9ap_q_mode5EL9a_45 | {20 21 }
	Port: myproject : p_ZZN4nnet22compute_pool_buffer_2dINS_5arrayI8ap_fixedILi20ELi10EL9ap_q_mode5EL9a_27 | {20 21 }
	Port: myproject : p_ZZN4nnet22compute_pool_buffer_2dINS_5arrayI8ap_fixedILi20ELi10EL9ap_q_mode5EL9a_9 | {20 21 }
	Port: myproject : p_ZZN4nnet22compute_pool_buffer_2dINS_5arrayI8ap_fixedILi20ELi10EL9ap_q_mode5EL9a_254 | {20 21 }
	Port: myproject : p_ZZN4nnet22compute_pool_buffer_2dINS_5arrayI8ap_fixedILi20ELi10EL9ap_q_mode5EL9a_274 | {20 21 }
	Port: myproject : p_ZZN4nnet22compute_pool_buffer_2dINS_5arrayI8ap_fixedILi20ELi10EL9ap_q_mode5EL9a_294 | {20 21 }
	Port: myproject : p_ZZN4nnet22compute_pool_buffer_2dINS_5arrayI8ap_fixedILi20ELi10EL9ap_q_mode5EL9a_314 | {20 21 }
	Port: myproject : void_compute_pool_buffer_2d_array_const_ap_shift_reg_n_filt_stream_kernel_8 | {20 21 }
	Port: myproject : p_ZZN4nnet22compute_pool_buffer_2dINS_5arrayI8ap_fixedILi20ELi10EL9ap_q_mode5EL9a_80 | {20 21 }
	Port: myproject : p_ZZN4nnet22compute_pool_buffer_2dINS_5arrayI8ap_fixedILi20ELi10EL9ap_q_mode5EL9a_62 | {20 21 }
	Port: myproject : p_ZZN4nnet22compute_pool_buffer_2dINS_5arrayI8ap_fixedILi20ELi10EL9ap_q_mode5EL9a_44 | {20 21 }
	Port: myproject : p_ZZN4nnet22compute_pool_buffer_2dINS_5arrayI8ap_fixedILi20ELi10EL9ap_q_mode5EL9a_26 | {20 21 }
	Port: myproject : p_ZZN4nnet22compute_pool_buffer_2dINS_5arrayI8ap_fixedILi20ELi10EL9ap_q_mode5EL9a_8 | {20 21 }
	Port: myproject : p_ZZN4nnet22compute_pool_buffer_2dINS_5arrayI8ap_fixedILi20ELi10EL9ap_q_mode5EL9a_255 | {20 21 }
	Port: myproject : p_ZZN4nnet22compute_pool_buffer_2dINS_5arrayI8ap_fixedILi20ELi10EL9ap_q_mode5EL9a_275 | {20 21 }
	Port: myproject : p_ZZN4nnet22compute_pool_buffer_2dINS_5arrayI8ap_fixedILi20ELi10EL9ap_q_mode5EL9a_295 | {20 21 }
	Port: myproject : p_ZZN4nnet22compute_pool_buffer_2dINS_5arrayI8ap_fixedILi20ELi10EL9ap_q_mode5EL9a_99 | {20 21 }
	Port: myproject : void_compute_pool_buffer_2d_array_const_ap_shift_reg_n_filt_stream_kernel_7 | {20 21 }
	Port: myproject : p_ZZN4nnet22compute_pool_buffer_2dINS_5arrayI8ap_fixedILi20ELi10EL9ap_q_mode5EL9a_79 | {20 21 }
	Port: myproject : p_ZZN4nnet22compute_pool_buffer_2dINS_5arrayI8ap_fixedILi20ELi10EL9ap_q_mode5EL9a_61 | {20 21 }
	Port: myproject : p_ZZN4nnet22compute_pool_buffer_2dINS_5arrayI8ap_fixedILi20ELi10EL9ap_q_mode5EL9a_43 | {20 21 }
	Port: myproject : p_ZZN4nnet22compute_pool_buffer_2dINS_5arrayI8ap_fixedILi20ELi10EL9ap_q_mode5EL9a_25 | {20 21 }
	Port: myproject : p_ZZN4nnet22compute_pool_buffer_2dINS_5arrayI8ap_fixedILi20ELi10EL9ap_q_mode5EL9a_7 | {20 21 }
	Port: myproject : p_ZZN4nnet22compute_pool_buffer_2dINS_5arrayI8ap_fixedILi20ELi10EL9ap_q_mode5EL9a_257 | {20 21 }
	Port: myproject : p_ZZN4nnet22compute_pool_buffer_2dINS_5arrayI8ap_fixedILi20ELi10EL9ap_q_mode5EL9a_276 | {20 21 }
	Port: myproject : p_ZZN4nnet22compute_pool_buffer_2dINS_5arrayI8ap_fixedILi20ELi10EL9ap_q_mode5EL9a_296 | {20 21 }
	Port: myproject : p_ZZN4nnet22compute_pool_buffer_2dINS_5arrayI8ap_fixedILi20ELi10EL9ap_q_mode5EL9a_98 | {20 21 }
	Port: myproject : void_compute_pool_buffer_2d_array_const_ap_shift_reg_n_filt_stream_kernel_6 | {20 21 }
	Port: myproject : p_ZZN4nnet22compute_pool_buffer_2dINS_5arrayI8ap_fixedILi20ELi10EL9ap_q_mode5EL9a_78 | {20 21 }
	Port: myproject : p_ZZN4nnet22compute_pool_buffer_2dINS_5arrayI8ap_fixedILi20ELi10EL9ap_q_mode5EL9a_60 | {20 21 }
	Port: myproject : p_ZZN4nnet22compute_pool_buffer_2dINS_5arrayI8ap_fixedILi20ELi10EL9ap_q_mode5EL9a_42 | {20 21 }
	Port: myproject : p_ZZN4nnet22compute_pool_buffer_2dINS_5arrayI8ap_fixedILi20ELi10EL9ap_q_mode5EL9a_24 | {20 21 }
	Port: myproject : p_ZZN4nnet22compute_pool_buffer_2dINS_5arrayI8ap_fixedILi20ELi10EL9ap_q_mode5EL9a_6 | {20 21 }
	Port: myproject : p_ZZN4nnet22compute_pool_buffer_2dINS_5arrayI8ap_fixedILi20ELi10EL9ap_q_mode5EL9a_258 | {20 21 }
	Port: myproject : p_ZZN4nnet22compute_pool_buffer_2dINS_5arrayI8ap_fixedILi20ELi10EL9ap_q_mode5EL9a_277 | {20 21 }
	Port: myproject : p_ZZN4nnet22compute_pool_buffer_2dINS_5arrayI8ap_fixedILi20ELi10EL9ap_q_mode5EL9a_297 | {20 21 }
	Port: myproject : p_ZZN4nnet22compute_pool_buffer_2dINS_5arrayI8ap_fixedILi20ELi10EL9ap_q_mode5EL9a_97 | {20 21 }
	Port: myproject : void_compute_pool_buffer_2d_array_const_ap_shift_reg_n_filt_stream_kernel_5 | {20 21 }
	Port: myproject : p_ZZN4nnet22compute_pool_buffer_2dINS_5arrayI8ap_fixedILi20ELi10EL9ap_q_mode5EL9a_77 | {20 21 }
	Port: myproject : p_ZZN4nnet22compute_pool_buffer_2dINS_5arrayI8ap_fixedILi20ELi10EL9ap_q_mode5EL9a_59 | {20 21 }
	Port: myproject : p_ZZN4nnet22compute_pool_buffer_2dINS_5arrayI8ap_fixedILi20ELi10EL9ap_q_mode5EL9a_41 | {20 21 }
	Port: myproject : p_ZZN4nnet22compute_pool_buffer_2dINS_5arrayI8ap_fixedILi20ELi10EL9ap_q_mode5EL9a_23 | {20 21 }
	Port: myproject : p_ZZN4nnet22compute_pool_buffer_2dINS_5arrayI8ap_fixedILi20ELi10EL9ap_q_mode5EL9a_5 | {20 21 }
	Port: myproject : p_ZZN4nnet22compute_pool_buffer_2dINS_5arrayI8ap_fixedILi20ELi10EL9ap_q_mode5EL9a_259 | {20 21 }
	Port: myproject : p_ZZN4nnet22compute_pool_buffer_2dINS_5arrayI8ap_fixedILi20ELi10EL9ap_q_mode5EL9a_279 | {20 21 }
	Port: myproject : p_ZZN4nnet22compute_pool_buffer_2dINS_5arrayI8ap_fixedILi20ELi10EL9ap_q_mode5EL9a_298 | {20 21 }
	Port: myproject : p_ZZN4nnet22compute_pool_buffer_2dINS_5arrayI8ap_fixedILi20ELi10EL9ap_q_mode5EL9a_96 | {20 21 }
	Port: myproject : void_compute_pool_buffer_2d_array_const_ap_shift_reg_n_filt_stream_kernel_4 | {20 21 }
	Port: myproject : p_ZZN4nnet22compute_pool_buffer_2dINS_5arrayI8ap_fixedILi20ELi10EL9ap_q_mode5EL9a_76 | {20 21 }
	Port: myproject : p_ZZN4nnet22compute_pool_buffer_2dINS_5arrayI8ap_fixedILi20ELi10EL9ap_q_mode5EL9a_58 | {20 21 }
	Port: myproject : p_ZZN4nnet22compute_pool_buffer_2dINS_5arrayI8ap_fixedILi20ELi10EL9ap_q_mode5EL9a_40 | {20 21 }
	Port: myproject : p_ZZN4nnet22compute_pool_buffer_2dINS_5arrayI8ap_fixedILi20ELi10EL9ap_q_mode5EL9a_22 | {20 21 }
	Port: myproject : p_ZZN4nnet22compute_pool_buffer_2dINS_5arrayI8ap_fixedILi20ELi10EL9ap_q_mode5EL9a_4 | {20 21 }
	Port: myproject : p_ZZN4nnet22compute_pool_buffer_2dINS_5arrayI8ap_fixedILi20ELi10EL9ap_q_mode5EL9a_260 | {20 21 }
	Port: myproject : p_ZZN4nnet22compute_pool_buffer_2dINS_5arrayI8ap_fixedILi20ELi10EL9ap_q_mode5EL9a_280 | {20 21 }
	Port: myproject : p_ZZN4nnet22compute_pool_buffer_2dINS_5arrayI8ap_fixedILi20ELi10EL9ap_q_mode5EL9a_299 | {20 21 }
	Port: myproject : p_ZZN4nnet22compute_pool_buffer_2dINS_5arrayI8ap_fixedILi20ELi10EL9ap_q_mode5EL9a_95 | {20 21 }
	Port: myproject : void_compute_pool_buffer_2d_array_const_ap_shift_reg_n_filt_stream_kernel_3 | {20 21 }
	Port: myproject : p_ZZN4nnet22compute_pool_buffer_2dINS_5arrayI8ap_fixedILi20ELi10EL9ap_q_mode5EL9a_75 | {20 21 }
	Port: myproject : p_ZZN4nnet22compute_pool_buffer_2dINS_5arrayI8ap_fixedILi20ELi10EL9ap_q_mode5EL9a_57 | {20 21 }
	Port: myproject : p_ZZN4nnet22compute_pool_buffer_2dINS_5arrayI8ap_fixedILi20ELi10EL9ap_q_mode5EL9a_39 | {20 21 }
	Port: myproject : p_ZZN4nnet22compute_pool_buffer_2dINS_5arrayI8ap_fixedILi20ELi10EL9ap_q_mode5EL9a_21 | {20 21 }
	Port: myproject : p_ZZN4nnet22compute_pool_buffer_2dINS_5arrayI8ap_fixedILi20ELi10EL9ap_q_mode5EL9a_3 | {20 21 }
	Port: myproject : p_ZZN4nnet22compute_pool_buffer_2dINS_5arrayI8ap_fixedILi20ELi10EL9ap_q_mode5EL9a_261 | {20 21 }
	Port: myproject : p_ZZN4nnet22compute_pool_buffer_2dINS_5arrayI8ap_fixedILi20ELi10EL9ap_q_mode5EL9a_281 | {20 21 }
	Port: myproject : p_ZZN4nnet22compute_pool_buffer_2dINS_5arrayI8ap_fixedILi20ELi10EL9ap_q_mode5EL9a_301 | {20 21 }
	Port: myproject : p_ZZN4nnet22compute_pool_buffer_2dINS_5arrayI8ap_fixedILi20ELi10EL9ap_q_mode5EL9a_94 | {20 21 }
	Port: myproject : void_compute_pool_buffer_2d_array_const_ap_shift_reg_n_filt_stream_kernel_2 | {20 21 }
	Port: myproject : p_ZZN4nnet22compute_pool_buffer_2dINS_5arrayI8ap_fixedILi20ELi10EL9ap_q_mode5EL9a_74 | {20 21 }
	Port: myproject : p_ZZN4nnet22compute_pool_buffer_2dINS_5arrayI8ap_fixedILi20ELi10EL9ap_q_mode5EL9a_56 | {20 21 }
	Port: myproject : p_ZZN4nnet22compute_pool_buffer_2dINS_5arrayI8ap_fixedILi20ELi10EL9ap_q_mode5EL9a_38 | {20 21 }
	Port: myproject : p_ZZN4nnet22compute_pool_buffer_2dINS_5arrayI8ap_fixedILi20ELi10EL9ap_q_mode5EL9a_20 | {20 21 }
	Port: myproject : p_ZZN4nnet22compute_pool_buffer_2dINS_5arrayI8ap_fixedILi20ELi10EL9ap_q_mode5EL9a_2 | {20 21 }
	Port: myproject : p_ZZN4nnet22compute_pool_buffer_2dINS_5arrayI8ap_fixedILi20ELi10EL9ap_q_mode5EL9a_262 | {20 21 }
	Port: myproject : p_ZZN4nnet22compute_pool_buffer_2dINS_5arrayI8ap_fixedILi20ELi10EL9ap_q_mode5EL9a_282 | {20 21 }
	Port: myproject : p_ZZN4nnet22compute_pool_buffer_2dINS_5arrayI8ap_fixedILi20ELi10EL9ap_q_mode5EL9a_302 | {20 21 }
	Port: myproject : p_ZZN4nnet22compute_pool_buffer_2dINS_5arrayI8ap_fixedILi20ELi10EL9ap_q_mode5EL9a_93 | {20 21 }
	Port: myproject : void_compute_pool_buffer_2d_array_const_ap_shift_reg_n_filt_stream_kernel_1 | {20 21 }
	Port: myproject : p_ZZN4nnet22compute_pool_buffer_2dINS_5arrayI8ap_fixedILi20ELi10EL9ap_q_mode5EL9a_73 | {20 21 }
	Port: myproject : p_ZZN4nnet22compute_pool_buffer_2dINS_5arrayI8ap_fixedILi20ELi10EL9ap_q_mode5EL9a_55 | {20 21 }
	Port: myproject : p_ZZN4nnet22compute_pool_buffer_2dINS_5arrayI8ap_fixedILi20ELi10EL9ap_q_mode5EL9a_37 | {20 21 }
	Port: myproject : p_ZZN4nnet22compute_pool_buffer_2dINS_5arrayI8ap_fixedILi20ELi10EL9ap_q_mode5EL9a_19 | {20 21 }
	Port: myproject : p_ZZN4nnet22compute_pool_buffer_2dINS_5arrayI8ap_fixedILi20ELi10EL9ap_q_mode5EL9a_1 | {20 21 }
	Port: myproject : p_ZZN4nnet22compute_pool_buffer_2dINS_5arrayI8ap_fixedILi20ELi10EL9ap_q_mode5EL9a_263 | {20 21 }
	Port: myproject : p_ZZN4nnet22compute_pool_buffer_2dINS_5arrayI8ap_fixedILi20ELi10EL9ap_q_mode5EL9a_283 | {20 21 }
	Port: myproject : p_ZZN4nnet22compute_pool_buffer_2dINS_5arrayI8ap_fixedILi20ELi10EL9ap_q_mode5EL9a_303 | {20 21 }
	Port: myproject : p_ZZN4nnet22compute_pool_buffer_2dINS_5arrayI8ap_fixedILi20ELi10EL9ap_q_mode5EL9a_91 | {20 21 }
	Port: myproject : void_compute_pool_buffer_2d_array_const_ap_shift_reg_n_filt_stream_kernel | {20 21 }
	Port: myproject : p_ZZN4nnet22compute_pool_buffer_2dINS_5arrayI8ap_fixedILi20ELi10EL9ap_q_mode5EL9a_72 | {20 21 }
	Port: myproject : p_ZZN4nnet22compute_pool_buffer_2dINS_5arrayI8ap_fixedILi20ELi10EL9ap_q_mode5EL9a_54 | {20 21 }
	Port: myproject : p_ZZN4nnet22compute_pool_buffer_2dINS_5arrayI8ap_fixedILi20ELi10EL9ap_q_mode5EL9a_36 | {20 21 }
	Port: myproject : p_ZZN4nnet22compute_pool_buffer_2dINS_5arrayI8ap_fixedILi20ELi10EL9ap_q_mode5EL9a_18 | {20 21 }
	Port: myproject : p_ZZN4nnet22compute_pool_buffer_2dINS_5arrayI8ap_fixedILi20ELi10EL9ap_q_mode5EL9a | {20 21 }
	Port: myproject : p_ZZN4nnet22compute_pool_buffer_2dINS_5arrayI8ap_fixedILi20ELi10EL9ap_q_mode5EL9a_264 | {20 21 }
	Port: myproject : p_ZZN4nnet22compute_pool_buffer_2dINS_5arrayI8ap_fixedILi20ELi10EL9ap_q_mode5EL9a_284 | {20 21 }
	Port: myproject : p_ZZN4nnet22compute_pool_buffer_2dINS_5arrayI8ap_fixedILi20ELi10EL9ap_q_mode5EL9a_304 | {20 21 }
	Port: myproject : p_ZZN4nnet22compute_pool_buffer_2dINS_5arrayI8ap_fixedILi20ELi10EL9ap_q_mode5EL9a_90 | {20 21 }
	Port: myproject : p_ZZN4nnet22compute_pool_buffer_2dINS_5arrayI8ap_fixedILi20ELi10EL9ap_q_mode5EL9a_245 | {20 21 }
	Port: myproject : p_ZZN4nnet22compute_pool_buffer_2dINS_5arrayI8ap_fixedILi20ELi10EL9ap_q_mode5EL9a_71 | {20 21 }
	Port: myproject : p_ZZN4nnet22compute_pool_buffer_2dINS_5arrayI8ap_fixedILi20ELi10EL9ap_q_mode5EL9a_53 | {20 21 }
	Port: myproject : p_ZZN4nnet22compute_pool_buffer_2dINS_5arrayI8ap_fixedILi20ELi10EL9ap_q_mode5EL9a_35 | {20 21 }
	Port: myproject : p_ZZN4nnet22compute_pool_buffer_2dINS_5arrayI8ap_fixedILi20ELi10EL9ap_q_mode5EL9a_17 | {20 21 }
	Port: myproject : p_ZZN4nnet22compute_pool_buffer_2dINS_5arrayI8ap_fixedILi20ELi10EL9ap_q_mode5EL9a_246 | {20 21 }
	Port: myproject : p_ZZN4nnet22compute_pool_buffer_2dINS_5arrayI8ap_fixedILi20ELi10EL9ap_q_mode5EL9a_265 | {20 21 }
	Port: myproject : p_ZZN4nnet22compute_pool_buffer_2dINS_5arrayI8ap_fixedILi20ELi10EL9ap_q_mode5EL9a_285 | {20 21 }
	Port: myproject : p_ZZN4nnet22compute_pool_buffer_2dINS_5arrayI8ap_fixedILi20ELi10EL9ap_q_mode5EL9a_305 | {20 21 }
	Port: myproject : p_ZZN4nnet22compute_pool_buffer_2dINS_5arrayI8ap_fixedILi20ELi10EL9ap_q_mode5EL9a_89 | {20 21 }
	Port: myproject : p_ZZN4nnet22compute_pool_buffer_2dINS_5arrayI8ap_fixedILi20ELi10EL9ap_q_mode5EL9a_256 | {20 21 }
	Port: myproject : p_ZZN4nnet22compute_pool_buffer_2dINS_5arrayI8ap_fixedILi20ELi10EL9ap_q_mode5EL9a_70 | {20 21 }
	Port: myproject : p_ZZN4nnet22compute_pool_buffer_2dINS_5arrayI8ap_fixedILi20ELi10EL9ap_q_mode5EL9a_52 | {20 21 }
	Port: myproject : p_ZZN4nnet22compute_pool_buffer_2dINS_5arrayI8ap_fixedILi20ELi10EL9ap_q_mode5EL9a_34 | {20 21 }
	Port: myproject : p_ZZN4nnet22compute_pool_buffer_2dINS_5arrayI8ap_fixedILi20ELi10EL9ap_q_mode5EL9a_16 | {20 21 }
	Port: myproject : p_ZZN4nnet22compute_pool_buffer_2dINS_5arrayI8ap_fixedILi20ELi10EL9ap_q_mode5EL9a_247 | {20 21 }
	Port: myproject : p_ZZN4nnet22compute_pool_buffer_2dINS_5arrayI8ap_fixedILi20ELi10EL9ap_q_mode5EL9a_266 | {20 21 }
	Port: myproject : p_ZZN4nnet22compute_pool_buffer_2dINS_5arrayI8ap_fixedILi20ELi10EL9ap_q_mode5EL9a_286 | {20 21 }
	Port: myproject : p_ZZN4nnet22compute_pool_buffer_2dINS_5arrayI8ap_fixedILi20ELi10EL9ap_q_mode5EL9a_306 | {20 21 }
	Port: myproject : p_ZZN4nnet22compute_pool_buffer_2dINS_5arrayI8ap_fixedILi20ELi10EL9ap_q_mode5EL9a_88 | {20 21 }
	Port: myproject : p_ZZN4nnet22compute_pool_buffer_2dINS_5arrayI8ap_fixedILi20ELi10EL9ap_q_mode5EL9a_267 | {20 21 }
	Port: myproject : p_ZZN4nnet22compute_pool_buffer_2dINS_5arrayI8ap_fixedILi20ELi10EL9ap_q_mode5EL9a_69 | {20 21 }
	Port: myproject : p_ZZN4nnet22compute_pool_buffer_2dINS_5arrayI8ap_fixedILi20ELi10EL9ap_q_mode5EL9a_51 | {20 21 }
	Port: myproject : p_ZZN4nnet22compute_pool_buffer_2dINS_5arrayI8ap_fixedILi20ELi10EL9ap_q_mode5EL9a_33 | {20 21 }
	Port: myproject : p_ZZN4nnet22compute_pool_buffer_2dINS_5arrayI8ap_fixedILi20ELi10EL9ap_q_mode5EL9a_15 | {20 21 }
	Port: myproject : p_ZZN4nnet22compute_pool_buffer_2dINS_5arrayI8ap_fixedILi20ELi10EL9ap_q_mode5EL9a_248 | {20 21 }
	Port: myproject : p_ZZN4nnet22compute_pool_buffer_2dINS_5arrayI8ap_fixedILi20ELi10EL9ap_q_mode5EL9a_268 | {20 21 }
	Port: myproject : p_ZZN4nnet22compute_pool_buffer_2dINS_5arrayI8ap_fixedILi20ELi10EL9ap_q_mode5EL9a_287 | {20 21 }
	Port: myproject : p_ZZN4nnet22compute_pool_buffer_2dINS_5arrayI8ap_fixedILi20ELi10EL9ap_q_mode5EL9a_307 | {20 21 }
	Port: myproject : p_ZZN4nnet22compute_pool_buffer_2dINS_5arrayI8ap_fixedILi20ELi10EL9ap_q_mode5EL9a_87 | {20 21 }
	Port: myproject : p_ZZN4nnet22compute_pool_buffer_2dINS_5arrayI8ap_fixedILi20ELi10EL9ap_q_mode5EL9a_278 | {20 21 }
	Port: myproject : p_ZZN4nnet22compute_pool_buffer_2dINS_5arrayI8ap_fixedILi20ELi10EL9ap_q_mode5EL9a_68 | {20 21 }
	Port: myproject : p_ZZN4nnet22compute_pool_buffer_2dINS_5arrayI8ap_fixedILi20ELi10EL9ap_q_mode5EL9a_50 | {20 21 }
	Port: myproject : p_ZZN4nnet22compute_pool_buffer_2dINS_5arrayI8ap_fixedILi20ELi10EL9ap_q_mode5EL9a_32 | {20 21 }
	Port: myproject : p_ZZN4nnet22compute_pool_buffer_2dINS_5arrayI8ap_fixedILi20ELi10EL9ap_q_mode5EL9a_14 | {20 21 }
	Port: myproject : p_ZZN4nnet22compute_pool_buffer_2dINS_5arrayI8ap_fixedILi20ELi10EL9ap_q_mode5EL9a_249 | {20 21 }
	Port: myproject : p_ZZN4nnet22compute_pool_buffer_2dINS_5arrayI8ap_fixedILi20ELi10EL9ap_q_mode5EL9a_269 | {20 21 }
	Port: myproject : p_ZZN4nnet22compute_pool_buffer_2dINS_5arrayI8ap_fixedILi20ELi10EL9ap_q_mode5EL9a_288 | {20 21 }
	Port: myproject : p_ZZN4nnet22compute_pool_buffer_2dINS_5arrayI8ap_fixedILi20ELi10EL9ap_q_mode5EL9a_308 | {20 21 }
	Port: myproject : p_ZZN4nnet22compute_pool_buffer_2dINS_5arrayI8ap_fixedILi20ELi10EL9ap_q_mode5EL9a_86 | {20 21 }
	Port: myproject : p_ZZN4nnet22compute_pool_buffer_2dINS_5arrayI8ap_fixedILi20ELi10EL9ap_q_mode5EL9a_289 | {20 21 }
	Port: myproject : p_ZZN4nnet22compute_pool_buffer_2dINS_5arrayI8ap_fixedILi20ELi10EL9ap_q_mode5EL9a_67 | {20 21 }
	Port: myproject : p_ZZN4nnet22compute_pool_buffer_2dINS_5arrayI8ap_fixedILi20ELi10EL9ap_q_mode5EL9a_49 | {20 21 }
	Port: myproject : p_ZZN4nnet22compute_pool_buffer_2dINS_5arrayI8ap_fixedILi20ELi10EL9ap_q_mode5EL9a_31 | {20 21 }
	Port: myproject : p_ZZN4nnet22compute_pool_buffer_2dINS_5arrayI8ap_fixedILi20ELi10EL9ap_q_mode5EL9a_13 | {20 21 }
	Port: myproject : p_ZZN4nnet22compute_pool_buffer_2dINS_5arrayI8ap_fixedILi20ELi10EL9ap_q_mode5EL9a_250 | {20 21 }
	Port: myproject : p_ZZN4nnet22compute_pool_buffer_2dINS_5arrayI8ap_fixedILi20ELi10EL9ap_q_mode5EL9a_270 | {20 21 }
	Port: myproject : p_ZZN4nnet22compute_pool_buffer_2dINS_5arrayI8ap_fixedILi20ELi10EL9ap_q_mode5EL9a_290 | {20 21 }
	Port: myproject : p_ZZN4nnet22compute_pool_buffer_2dINS_5arrayI8ap_fixedILi20ELi10EL9ap_q_mode5EL9a_309 | {20 21 }
	Port: myproject : p_ZZN4nnet22compute_pool_buffer_2dINS_5arrayI8ap_fixedILi20ELi10EL9ap_q_mode5EL9a_85 | {20 21 }
	Port: myproject : p_ZZN4nnet22compute_pool_buffer_2dINS_5arrayI8ap_fixedILi20ELi10EL9ap_q_mode5EL9a_300 | {20 21 }
	Port: myproject : p_ZZN4nnet22compute_pool_buffer_2dINS_5arrayI8ap_fixedILi20ELi10EL9ap_q_mode5EL9a_66 | {20 21 }
	Port: myproject : p_ZZN4nnet22compute_pool_buffer_2dINS_5arrayI8ap_fixedILi20ELi10EL9ap_q_mode5EL9a_48 | {20 21 }
	Port: myproject : p_ZZN4nnet22compute_pool_buffer_2dINS_5arrayI8ap_fixedILi20ELi10EL9ap_q_mode5EL9a_30 | {20 21 }
	Port: myproject : p_ZZN4nnet22compute_pool_buffer_2dINS_5arrayI8ap_fixedILi20ELi10EL9ap_q_mode5EL9a_12 | {20 21 }
	Port: myproject : p_ZZN4nnet22compute_pool_buffer_2dINS_5arrayI8ap_fixedILi20ELi10EL9ap_q_mode5EL9a_251 | {20 21 }
	Port: myproject : p_ZZN4nnet22compute_pool_buffer_2dINS_5arrayI8ap_fixedILi20ELi10EL9ap_q_mode5EL9a_271 | {20 21 }
	Port: myproject : p_ZZN4nnet22compute_pool_buffer_2dINS_5arrayI8ap_fixedILi20ELi10EL9ap_q_mode5EL9a_291 | {20 21 }
	Port: myproject : p_ZZN4nnet22compute_pool_buffer_2dINS_5arrayI8ap_fixedILi20ELi10EL9ap_q_mode5EL9a_310 | {20 21 }
	Port: myproject : p_ZZN4nnet22compute_pool_buffer_2dINS_5arrayI8ap_fixedILi20ELi10EL9ap_q_mode5EL9a_84 | {20 21 }
	Port: myproject : p_ZZN4nnet22compute_pool_buffer_2dINS_5arrayI8ap_fixedILi20ELi10EL9ap_q_mode5EL9a_311 | {20 21 }
	Port: myproject : p_ZZN4nnet22compute_pool_buffer_2dINS_5arrayI8ap_fixedILi20ELi10EL9ap_q_mode5EL9a_65 | {20 21 }
	Port: myproject : p_ZZN4nnet22compute_pool_buffer_2dINS_5arrayI8ap_fixedILi20ELi10EL9ap_q_mode5EL9a_47 | {20 21 }
	Port: myproject : p_ZZN4nnet22compute_pool_buffer_2dINS_5arrayI8ap_fixedILi20ELi10EL9ap_q_mode5EL9a_29 | {20 21 }
	Port: myproject : p_ZZN4nnet22compute_pool_buffer_2dINS_5arrayI8ap_fixedILi20ELi10EL9ap_q_mode5EL9a_11 | {20 21 }
	Port: myproject : p_ZZN4nnet22compute_pool_buffer_2dINS_5arrayI8ap_fixedILi20ELi10EL9ap_q_mode5EL9a_252 | {20 21 }
	Port: myproject : p_ZZN4nnet22compute_pool_buffer_2dINS_5arrayI8ap_fixedILi20ELi10EL9ap_q_mode5EL9a_272 | {20 21 }
	Port: myproject : p_ZZN4nnet22compute_pool_buffer_2dINS_5arrayI8ap_fixedILi20ELi10EL9ap_q_mode5EL9a_292 | {20 21 }
	Port: myproject : p_ZZN4nnet22compute_pool_buffer_2dINS_5arrayI8ap_fixedILi20ELi10EL9ap_q_mode5EL9a_312 | {20 21 }
	Port: myproject : p_ZZN4nnet22compute_pool_buffer_2dINS_5arrayI8ap_fixedILi20ELi10EL9ap_q_mode5EL9a_83 | {20 21 }
	Port: myproject : p_ZZN4nnet22compute_pool_buffer_2dINS_5arrayI8ap_fixedILi20ELi10EL9ap_q_mode5EL9a_92 | {20 21 }
	Port: myproject : p_ZZN4nnet22compute_pool_buffer_2dINS_5arrayI8ap_fixedILi20ELi10EL9ap_q_mode5EL9a_64 | {20 21 }
	Port: myproject : p_ZZN4nnet22compute_pool_buffer_2dINS_5arrayI8ap_fixedILi20ELi10EL9ap_q_mode5EL9a_46 | {20 21 }
	Port: myproject : p_ZZN4nnet22compute_pool_buffer_2dINS_5arrayI8ap_fixedILi20ELi10EL9ap_q_mode5EL9a_28 | {20 21 }
	Port: myproject : p_ZZN4nnet22compute_pool_buffer_2dINS_5arrayI8ap_fixedILi20ELi10EL9ap_q_mode5EL9a_10 | {20 21 }
	Port: myproject : p_ZZN4nnet22compute_pool_buffer_2dINS_5arrayI8ap_fixedILi20ELi10EL9ap_q_mode5EL9a_253 | {20 21 }
	Port: myproject : p_ZZN4nnet22compute_pool_buffer_2dINS_5arrayI8ap_fixedILi20ELi10EL9ap_q_mode5EL9a_273 | {20 21 }
	Port: myproject : p_ZZN4nnet22compute_pool_buffer_2dINS_5arrayI8ap_fixedILi20ELi10EL9ap_q_mode5EL9a_293 | {20 21 }
	Port: myproject : p_ZZN4nnet22compute_pool_buffer_2dINS_5arrayI8ap_fixedILi20ELi10EL9ap_q_mode5EL9a_313 | {20 21 }
	Port: myproject : p_ZZN4nnet22compute_pool_buffer_2dINS_5arrayI8ap_fixedILi20ELi10EL9ap_q_mode5EL9a_82 | {20 21 }
	Port: myproject : pX | {20 21 }
	Port: myproject : sX | {20 21 }
	Port: myproject : void_pooling2d_cl_stream_stream_array_ap_fixed_18u_0_line_buffer_9 | {20 21 }
	Port: myproject : void_pooling2d_cl_stream_stream_array_ap_fixed_18u_0_line_buffer_8 | {20 21 }
	Port: myproject : void_pooling2d_cl_stream_stream_array_ap_fixed_18u_0_line_buffer_7 | {20 21 }
	Port: myproject : void_pooling2d_cl_stream_stream_array_ap_fixed_18u_0_line_buffer_6 | {20 21 }
	Port: myproject : void_pooling2d_cl_stream_stream_array_ap_fixed_18u_0_line_buffer_5 | {20 21 }
	Port: myproject : void_pooling2d_cl_stream_stream_array_ap_fixed_18u_0_line_buffer_4 | {20 21 }
	Port: myproject : void_pooling2d_cl_stream_stream_array_ap_fixed_18u_0_line_buffer_3 | {20 21 }
	Port: myproject : void_pooling2d_cl_stream_stream_array_ap_fixed_18u_0_line_buffer_2 | {20 21 }
	Port: myproject : void_pooling2d_cl_stream_stream_array_ap_fixed_18u_0_line_buffer_1 | {20 21 }
	Port: myproject : void_pooling2d_cl_stream_stream_array_ap_fixed_18u_0_line_buffer | {20 21 }
	Port: myproject : p_ZZN4nnet12pooling2d_clINS_5arrayI8ap_fixedILi20ELi10EL9ap_q_mode5EL9ap_o_mode3E_7 | {20 21 }
	Port: myproject : p_ZZN4nnet12pooling2d_clINS_5arrayI8ap_fixedILi20ELi10EL9ap_q_mode5EL9ap_o_mode3E_6 | {20 21 }
	Port: myproject : p_ZZN4nnet12pooling2d_clINS_5arrayI8ap_fixedILi20ELi10EL9ap_q_mode5EL9ap_o_mode3E_5 | {20 21 }
	Port: myproject : p_ZZN4nnet12pooling2d_clINS_5arrayI8ap_fixedILi20ELi10EL9ap_q_mode5EL9ap_o_mode3E_4 | {20 21 }
	Port: myproject : p_ZZN4nnet12pooling2d_clINS_5arrayI8ap_fixedILi20ELi10EL9ap_q_mode5EL9ap_o_mode3E_3 | {20 21 }
	Port: myproject : p_ZZN4nnet12pooling2d_clINS_5arrayI8ap_fixedILi20ELi10EL9ap_q_mode5EL9ap_o_mode3E_2 | {20 21 }
	Port: myproject : p_ZZN4nnet12pooling2d_clINS_5arrayI8ap_fixedILi20ELi10EL9ap_q_mode5EL9ap_o_mode3E_1 | {20 21 }
	Port: myproject : p_ZZN4nnet12pooling2d_clINS_5arrayI8ap_fixedILi20ELi10EL9ap_q_mode5EL9ap_o_mode3E | {20 21 }
	Port: myproject : outidx | {22 23 }
	Port: myproject : w12 | {22 23 }
  - Chain level:
	State 1
	State 2
	State 3
	State 4
	State 5
	State 6
	State 7
	State 8
	State 9
	State 10
	State 11
	State 12
	State 13
	State 14
	State 15
	State 16
	State 17
	State 18
	State 19
	State 20
	State 21
	State 22
	State 23
	State 24
	State 25
	State 26


============================================================
+ Verbose Summary: Datapath Resource usage 
============================================================

* Functional unit list:
|----------|----------------------------------------------------------------------------------------------|---------|---------|---------|---------|
| Operation|                                        Functional Unit                                       |   DSP   |  Delay  |    FF   |   LUT   |
|----------|----------------------------------------------------------------------------------------------|---------|---------|---------|---------|
|          |            grp_zeropad2d_cl_array_array_ap_fixed_20_10_5_3_0_1u_config13_s_fu_1006           |    0    |    0    |    40   |    84   |
|          |       grp_conv_2d_cl_array_ap_fixed_1u_array_ap_fixed_18_8_5_3_0_12u_config2_s_fu_1013       |    1    |  4.764  |   1666  |   820   |
|          |       grp_normalize_array_ap_fixed_12u_array_ap_fixed_39_19_5_3_0_12u_config3_s_fu_1053      |    12   |    0    |   227   |   510   |
|          |       grp_relu_array_ap_fixed_12u_array_ap_fixed_20_10_5_3_0_12u_relu_config4_s_fu_1059      |    0    |    0    |    10   |   818   |
|          |            grp_pooling2d_cl_array_array_ap_fixed_20_10_5_3_0_12u_config5_s_fu_1065           |    0    |    0    |    79   |   2287  |
|   call   |           grp_zeropad2d_cl_array_array_ap_fixed_20_10_5_3_0_12u_config14_s_fu_1199           |    0    |  1.588  |   255   |    87   |
|          |       grp_conv_2d_cl_array_ap_fixed_12u_array_ap_fixed_18_8_5_3_0_18u_config6_s_fu_1205      |    1    |  22.232 |   8632  |   1517  |
|          |       grp_normalize_array_ap_fixed_18u_array_ap_fixed_39_19_5_3_0_18u_config7_s_fu_1487      |    18   |    0    |   333   |   765   |
|          |       grp_relu_array_ap_fixed_18u_array_ap_fixed_20_10_5_3_0_18u_relu_config8_s_fu_1493      |    0    |    0    |    8    |   1218  |
|          |            grp_pooling2d_cl_array_array_ap_fixed_20_10_5_3_0_18u_config9_s_fu_1499           |    0    |    0    |   437   |   8463  |
|          |         grp_dense_array_ap_fixed_18u_array_ap_fixed_24_12_5_3_0_7u_config12_s_fu_1909        |    1    |  4.764  |  36671  |   3000  |
|          | grp_Block_entry_split_split_split_split_split_split_split_split_split_split_split_sp_fu_1919 |    0    |  1.588  |   168   |    9    |
|----------|----------------------------------------------------------------------------------------------|---------|---------|---------|---------|
|   Total  |                                                                                              |    33   |  34.936 |  48526  |  19578  |
|----------|----------------------------------------------------------------------------------------------|---------|---------|---------|---------|

Memories:
+------------------------------------------------------------------------------------+--------+--------+--------+
|                                                                                    |  BRAM  |   FF   |   LUT  |
+------------------------------------------------------------------------------------+--------+--------+--------+
|                                       outidx                                       |    1   |    0   |    0   |
|                                      outidx_59                                     |    1   |    0   |    0   |
|                                      outidx_63                                     |    0   |    4   |    7   |
|  p_ZZN4nnet12pooling2d_clINS_5arrayI8ap_fixedILi20ELi10EL9ap_q_mode5EL9ap_o_mode3E |    -   |   64   |   32   |
| p_ZZN4nnet12pooling2d_clINS_5arrayI8ap_fixedILi20ELi10EL9ap_q_mode5EL9ap_o_mode3E_1|    -   |   64   |   32   |
| p_ZZN4nnet12pooling2d_clINS_5arrayI8ap_fixedILi20ELi10EL9ap_q_mode5EL9ap_o_mode3E_2|    -   |   64   |   32   |
| p_ZZN4nnet12pooling2d_clINS_5arrayI8ap_fixedILi20ELi10EL9ap_q_mode5EL9ap_o_mode3E_3|    -   |   64   |   32   |
| p_ZZN4nnet12pooling2d_clINS_5arrayI8ap_fixedILi20ELi10EL9ap_q_mode5EL9ap_o_mode3E_4|    -   |   64   |   32   |
| p_ZZN4nnet12pooling2d_clINS_5arrayI8ap_fixedILi20ELi10EL9ap_q_mode5EL9ap_o_mode3E_5|    -   |   64   |   32   |
| p_ZZN4nnet12pooling2d_clINS_5arrayI8ap_fixedILi20ELi10EL9ap_q_mode5EL9ap_o_mode3E_6|    -   |   64   |   32   |
| p_ZZN4nnet12pooling2d_clINS_5arrayI8ap_fixedILi20ELi10EL9ap_q_mode5EL9ap_o_mode3E_7|    -   |   64   |   32   |
| p_ZZN4nnet12pooling2d_clINS_5arrayI8ap_fixedILi20ELi10EL9ap_q_mode5EL9ap_o_mode3E_8|    -   |   64   |   32   |
| p_ZZN4nnet12pooling2d_clINS_5arrayI8ap_fixedILi20ELi10EL9ap_q_mode5EL9ap_o_mode3E_9|    -   |   64   |   32   |
|  p_ZZN4nnet26conv_2d_buffer_resource_clINS_5arrayI8ap_fixedILi20ELi10EL9ap_q_mode5 |    -   |   64   |   32   |
| p_ZZN4nnet26conv_2d_buffer_resource_clINS_5arrayI8ap_fixedILi20ELi10EL9ap_q_mode5_1|    -   |   64   |   32   |
|p_ZZN4nnet26conv_2d_buffer_resource_clINS_5arrayI8ap_fixedILi20ELi10EL9ap_q_mode5_10|    -   |   64   |   32   |
|p_ZZN4nnet26conv_2d_buffer_resource_clINS_5arrayI8ap_fixedILi20ELi10EL9ap_q_mode5_11|    -   |   64   |   32   |
|p_ZZN4nnet26conv_2d_buffer_resource_clINS_5arrayI8ap_fixedILi20ELi10EL9ap_q_mode5_12|    -   |   64   |   32   |
|p_ZZN4nnet26conv_2d_buffer_resource_clINS_5arrayI8ap_fixedILi20ELi10EL9ap_q_mode5_13|    -   |   64   |   32   |
|p_ZZN4nnet26conv_2d_buffer_resource_clINS_5arrayI8ap_fixedILi20ELi10EL9ap_q_mode5_14|    -   |   64   |   32   |
|p_ZZN4nnet26conv_2d_buffer_resource_clINS_5arrayI8ap_fixedILi20ELi10EL9ap_q_mode5_15|    -   |   64   |   32   |
|p_ZZN4nnet26conv_2d_buffer_resource_clINS_5arrayI8ap_fixedILi20ELi10EL9ap_q_mode5_16|    -   |   64   |   32   |
|p_ZZN4nnet26conv_2d_buffer_resource_clINS_5arrayI8ap_fixedILi20ELi10EL9ap_q_mode5_17|    -   |   64   |   32   |
|p_ZZN4nnet26conv_2d_buffer_resource_clINS_5arrayI8ap_fixedILi20ELi10EL9ap_q_mode5_18|    -   |   64   |   32   |
|p_ZZN4nnet26conv_2d_buffer_resource_clINS_5arrayI8ap_fixedILi20ELi10EL9ap_q_mode5_19|    -   |   64   |   32   |
| p_ZZN4nnet26conv_2d_buffer_resource_clINS_5arrayI8ap_fixedILi20ELi10EL9ap_q_mode5_2|    -   |   64   |   32   |
|p_ZZN4nnet26conv_2d_buffer_resource_clINS_5arrayI8ap_fixedILi20ELi10EL9ap_q_mode5_20|    -   |   64   |   32   |
|p_ZZN4nnet26conv_2d_buffer_resource_clINS_5arrayI8ap_fixedILi20ELi10EL9ap_q_mode5_21|    -   |   64   |   32   |
|p_ZZN4nnet26conv_2d_buffer_resource_clINS_5arrayI8ap_fixedILi20ELi10EL9ap_q_mode5_22|    -   |   64   |   32   |
|p_ZZN4nnet26conv_2d_buffer_resource_clINS_5arrayI8ap_fixedILi20ELi10EL9ap_q_mode5_23|    -   |   64   |   32   |
| p_ZZN4nnet26conv_2d_buffer_resource_clINS_5arrayI8ap_fixedILi20ELi10EL9ap_q_mode5_3|    -   |   64   |   32   |
| p_ZZN4nnet26conv_2d_buffer_resource_clINS_5arrayI8ap_fixedILi20ELi10EL9ap_q_mode5_4|    -   |   64   |   32   |
| p_ZZN4nnet26conv_2d_buffer_resource_clINS_5arrayI8ap_fixedILi20ELi10EL9ap_q_mode5_5|    -   |   64   |   32   |
| p_ZZN4nnet26conv_2d_buffer_resource_clINS_5arrayI8ap_fixedILi20ELi10EL9ap_q_mode5_6|    -   |   64   |   32   |
| p_ZZN4nnet26conv_2d_buffer_resource_clINS_5arrayI8ap_fixedILi20ELi10EL9ap_q_mode5_7|    -   |   64   |   32   |
| p_ZZN4nnet26conv_2d_buffer_resource_clINS_5arrayI8ap_fixedILi20ELi10EL9ap_q_mode5_8|    -   |   64   |   32   |
| p_ZZN4nnet26conv_2d_buffer_resource_clINS_5arrayI8ap_fixedILi20ELi10EL9ap_q_mode5_9|    -   |   64   |   32   |
|      void_conv_2d_buffer_resource_cl_stream_stream_weight_t_bias_t_line_buffer     |    -   |   64   |   32   |
|     void_conv_2d_buffer_resource_cl_stream_stream_weight_t_bias_t_line_buffer_1    |    -   |   64   |   32   |
|          void_pooling2d_cl_stream_stream_array_ap_fixed_12u_0_line_buffer          |    -   |   64   |   32   |
|         void_pooling2d_cl_stream_stream_array_ap_fixed_12u_0_line_buffer_1         |    -   |   64   |   32   |
|         void_pooling2d_cl_stream_stream_array_ap_fixed_12u_0_line_buffer_2         |    -   |   64   |   32   |
|         void_pooling2d_cl_stream_stream_array_ap_fixed_12u_0_line_buffer_3         |    -   |   64   |   32   |
|         void_pooling2d_cl_stream_stream_array_ap_fixed_12u_0_line_buffer_4         |    -   |   64   |   32   |
|         void_pooling2d_cl_stream_stream_array_ap_fixed_12u_0_line_buffer_5         |    -   |   64   |   32   |
|         void_pooling2d_cl_stream_stream_array_ap_fixed_12u_0_line_buffer_6         |    -   |   64   |   32   |
|         void_pooling2d_cl_stream_stream_array_ap_fixed_12u_0_line_buffer_7         |    -   |   64   |   32   |
|         void_pooling2d_cl_stream_stream_array_ap_fixed_12u_0_line_buffer_8         |    -   |   64   |   32   |
|         void_pooling2d_cl_stream_stream_array_ap_fixed_12u_0_line_buffer_9         |    -   |   64   |   32   |
|          void_pooling2d_cl_stream_stream_array_ap_fixed_18u_0_line_buffer          |    -   |   64   |   32   |
|         void_pooling2d_cl_stream_stream_array_ap_fixed_18u_0_line_buffer_1         |    -   |   64   |   32   |
|         void_pooling2d_cl_stream_stream_array_ap_fixed_18u_0_line_buffer_2         |    -   |   64   |   32   |
|         void_pooling2d_cl_stream_stream_array_ap_fixed_18u_0_line_buffer_3         |    -   |   64   |   32   |
|         void_pooling2d_cl_stream_stream_array_ap_fixed_18u_0_line_buffer_4         |    -   |   64   |   32   |
|         void_pooling2d_cl_stream_stream_array_ap_fixed_18u_0_line_buffer_5         |    -   |   64   |   32   |
|         void_pooling2d_cl_stream_stream_array_ap_fixed_18u_0_line_buffer_6         |    -   |   64   |   32   |
|         void_pooling2d_cl_stream_stream_array_ap_fixed_18u_0_line_buffer_7         |    -   |   64   |   32   |
|         void_pooling2d_cl_stream_stream_array_ap_fixed_18u_0_line_buffer_8         |    -   |   64   |   32   |
|         void_pooling2d_cl_stream_stream_array_ap_fixed_18u_0_line_buffer_9         |    -   |   64   |   32   |
|                                         w12                                        |    4   |    0   |    0   |
|                                         w2                                         |    1   |    0   |    0   |
|                                         w6                                         |    2   |    0   |    0   |
+------------------------------------------------------------------------------------+--------+--------+--------+
|                                        Total                                       |    9   |  3588  |  1799  |
+------------------------------------------------------------------------------------+--------+--------+--------+

* Register list:
+---------------------+--------+
|                     |   FF   |
+---------------------+--------+
| layer13_out_reg_1938|   20   |
| layer14_out_reg_1968|   240  |
| layer2_out_reg_1944 |   216  |
| layer3_out_reg_1950 |   468  |
| layer4_out_reg_1956 |   240  |
| layer5_out_reg_1962 |   240  |
| layer6_out_reg_1974 |   324  |
| layer7_out_reg_1980 |   702  |
| layer8_out_reg_1986 |   360  |
| layer9_out_reg_1992 |   360  |
|local_output_reg_1932|   168  |
+---------------------+--------+
|        Total        |  3338  |
+---------------------+--------+

* Multiplexer (MUX) list: 
|--------|------|------|------|--------|
|  Comp  |  Pin | Size |  BW  | S x BW |
|--------|------|------|------|--------|
|  Total |      |      |      |    0   |
|--------|------|------|------|--------|



* Summary:
+-----------+--------+--------+--------+--------+--------+
|           |  BRAM  |   DSP  |  Delay |   FF   |   LUT  |
+-----------+--------+--------+--------+--------+--------+
|  Function |    -   |   33   |   34   |  48526 |  19578 |
|   Memory  |    9   |    -   |    -   |  3588  |  1799  |
|Multiplexer|    -   |    -   |    -   |    -   |    -   |
|  Register |    -   |    -   |    -   |  3338  |    -   |
+-----------+--------+--------+--------+--------+--------+
|   Total   |    9   |   33   |   34   |  55452 |  21377 |
+-----------+--------+--------+--------+--------+--------+
