

================================================================
== Vitis HLS Report for 'pooling2d_cl_array_array_ap_fixed_20_10_5_3_0_18u_config9_s'
================================================================
* Date:           Sun Aug 30 16:00:16 2026

* Version:        2024.1 (Build 5069499 on May 21 2024)
* Project:        myproject_prj
* Solution:       solution1 (Vivado IP Flow Target)
* Product family: zynq
* Target device:  xc7z020-clg400-1


================================================================
== Performance Estimates
================================================================
+ Timing: 
    * Summary: 
    +--------+----------+-----------+------------+
    |  Clock |  Target  | Estimated | Uncertainty|
    +--------+----------+-----------+------------+
    |ap_clk  |  20.00 ns|  12.695 ns|     5.40 ns|
    +--------+----------+-----------+------------+

+ Latency: 
    * Summary: 
    +---------+---------+-----------+-----------+-----+-----+-----------------------------------------------+
    |  Latency (cycles) |   Latency (absolute)  |  Interval |                    Pipeline                   |
    |   min   |   max   |    min    |    max    | min | max |                      Type                     |
    +---------+---------+-----------+-----------+-----+-----+-----------------------------------------------+
    |      503|      503|  10.060 us|  10.060 us|  500|  500|  loop auto-rewind stp(delay=0 clock cycles(s))|
    +---------+---------+-----------+-----------+-----+-----+-----------------------------------------------+

    + Detail: 
        * Instance: 
        N/A

        * Loop: 
        +----------------------------------+---------+---------+----------+-----------+-----------+------+----------+
        |                                  |  Latency (cycles) | Iteration|  Initiation Interval  | Trip |          |
        |             Loop Name            |   min   |   max   |  Latency |  achieved |   target  | Count| Pipelined|
        +----------------------------------+---------+---------+----------+-----------+-----------+------+----------+
        |- ReadInputHeight_ReadInputWidth  |      501|      501|         4|          2|          1|   250|       yes|
        +----------------------------------+---------+---------+----------+-----------+-----------+------+----------+

============================================================
+ Verbose Summary: Synthesis Manager
============================================================
InlineROM: 1
ExposeGlobal: 0
============================================================
+ Verbose Summary: CDFG Model
============================================================
IsTopModel: 0
ResetActiveHigh: 1
IsCombinational: 2
IsDatapathOnly: 0
HasWiredReturn: 1
HasMFsm: 2
HasVarLatency: 1
IsPipeline: 0
IsRtlPipelined: 0
IsInstanceOverlapped: 0
IsDontTouch: 0
HasImplIP: 0
IsGatedGlobalClock: 0

+ Individual pipeline summary: 
  * Pipeline-0: initiation interval (II) = 2, depth = 4


============================================================
+ Verbose Summary: Schedule
============================================================
* Number of FSM states : 4
* Pipeline : 1
  Pipeline-0 : II = 2, D = 4, States = { 1 2 3 4 }
* Dataflow Pipeline: 0

* FSM state transitions: 
1 --> 2 
2 --> 3 
3 --> 4 
4 --> 

* FSM state operations: 

State 1 <SV = 0> <Delay = 6.69>
ST_1 : Operation 7 [1/1] (0.00ns)   --->   "%indvar_flatten2 = alloca i32 1"   --->   Operation 7 'alloca' 'indvar_flatten2' <Predicate = true> <Delay = 0.00>
ST_1 : Operation 8 [1/1] (0.00ns)   --->   "%specinterface_ln0 = specinterface void @_ssdm_op_SpecInterface, i360 %layer9_out, void @empty_6, i32 0, i32 0, void @empty_5, i32 0, i32 0, void @empty_5, void @empty_5, void @empty_5, i32 0, i32 0, i32 0, i32 0, void @empty_5, void @empty_5, i32 4294967295, i32 0, i32 0"   --->   Operation 8 'specinterface' 'specinterface_ln0' <Predicate = true> <Delay = 0.00>
ST_1 : Operation 9 [1/1] (0.00ns)   --->   "%specinterface_ln0 = specinterface void @_ssdm_op_SpecInterface, i360 %layer8_out, void @empty_6, i32 0, i32 0, void @empty_5, i32 0, i32 0, void @empty_5, void @empty_5, void @empty_5, i32 0, i32 0, i32 0, i32 0, void @empty_5, void @empty_5, i32 4294967295, i32 0, i32 0"   --->   Operation 9 'specinterface' 'specinterface_ln0' <Predicate = true> <Delay = 0.00>
ST_1 : Operation 10 [1/1] (1.58ns)   --->   "%store_ln0 = store i8 0, i8 %indvar_flatten2"   --->   Operation 10 'store' 'store_ln0' <Predicate = true> <Delay = 1.58>
ST_1 : Operation 11 [1/1] (0.00ns)   --->   "%br_ln0 = br void %for.inc15"   --->   Operation 11 'br' 'br_ln0' <Predicate = true> <Delay = 0.00>
ST_1 : Operation 12 [1/1] (0.00ns)   --->   "%indvar_flatten2_load = load i8 %indvar_flatten2" [firmware/nnet_utils/nnet_pooling_stream.h:109]   --->   Operation 12 'load' 'indvar_flatten2_load' <Predicate = true> <Delay = 0.00>
ST_1 : Operation 13 [1/1] (0.00ns)   --->   "%sX_load = load i32 %sX" [firmware/nnet_utils/nnet_pooling_stream.h:55->firmware/nnet_utils/nnet_pooling_stream.h:115]   --->   Operation 13 'load' 'sX_load' <Predicate = true> <Delay = 0.00>
ST_1 : Operation 14 [1/1] (2.55ns)   --->   "%icmp_ln55 = icmp_eq  i32 %sX_load, i32 4" [firmware/nnet_utils/nnet_pooling_stream.h:55->firmware/nnet_utils/nnet_pooling_stream.h:115]   --->   Operation 14 'icmp' 'icmp_ln55' <Predicate = true> <Delay = 2.55> <CoreInst = "Cmp">   --->   Core 9 'Cmp' <Latency = 0> <II = 1> <Delay = 2.55> <FuncUnit> <Opcode : 'seteq' 'setne' 'setle' 'setge' 'setlt' 'setgt'> <InPorts = 2> <OutPorts = 1>
ST_1 : Operation 15 [1/1] (0.00ns)   --->   "%pX_load = load i32 %pX" [firmware/nnet_utils/nnet_pooling_stream.h:76->firmware/nnet_utils/nnet_pooling_stream.h:115]   --->   Operation 15 'load' 'pX_load' <Predicate = true> <Delay = 0.00>
ST_1 : Operation 16 [1/1] (1.91ns)   --->   "%add_ln109 = add i8 %indvar_flatten2_load, i8 1" [firmware/nnet_utils/nnet_pooling_stream.h:109]   --->   Operation 16 'add' 'add_ln109' <Predicate = true> <Delay = 1.91> <CoreInst = "Adder">   --->   Core 1 'Adder' <Latency = 0> <II = 1> <Delay = 1.91> <FuncUnit> <Opcode : 'add' 'sub'> <InPorts = 2> <OutPorts = 1>
ST_1 : Operation 17 [1/1] (0.00ns)   --->   "%br_ln55 = br i1 %icmp_ln55, void %if.end.i, void %land.lhs.true.i" [firmware/nnet_utils/nnet_pooling_stream.h:55->firmware/nnet_utils/nnet_pooling_stream.h:115]   --->   Operation 17 'br' 'br_ln55' <Predicate = true> <Delay = 0.00>
ST_1 : Operation 18 [1/1] (0.00ns)   --->   "%sY_load = load i32 %sY" [firmware/nnet_utils/nnet_pooling_stream.h:55->firmware/nnet_utils/nnet_pooling_stream.h:115]   --->   Operation 18 'load' 'sY_load' <Predicate = (icmp_ln55)> <Delay = 0.00>
ST_1 : Operation 19 [1/1] (2.55ns)   --->   "%icmp_ln55_1 = icmp_eq  i32 %sY_load, i32 1" [firmware/nnet_utils/nnet_pooling_stream.h:55->firmware/nnet_utils/nnet_pooling_stream.h:115]   --->   Operation 19 'icmp' 'icmp_ln55_1' <Predicate = (icmp_ln55)> <Delay = 2.55> <CoreInst = "Cmp">   --->   Core 9 'Cmp' <Latency = 0> <II = 1> <Delay = 2.55> <FuncUnit> <Opcode : 'seteq' 'setne' 'setle' 'setge' 'setlt' 'setgt'> <InPorts = 2> <OutPorts = 1>
ST_1 : Operation 20 [1/1] (0.00ns)   --->   "%pY_load = load i32 %pY" [firmware/nnet_utils/nnet_pooling_stream.h:55->firmware/nnet_utils/nnet_pooling_stream.h:115]   --->   Operation 20 'load' 'pY_load' <Predicate = (icmp_ln55)> <Delay = 0.00>
ST_1 : Operation 21 [1/1] (2.55ns)   --->   "%icmp_ln55_2 = icmp_sgt  i32 %pY_load, i32 0" [firmware/nnet_utils/nnet_pooling_stream.h:55->firmware/nnet_utils/nnet_pooling_stream.h:115]   --->   Operation 21 'icmp' 'icmp_ln55_2' <Predicate = (icmp_ln55)> <Delay = 2.55> <CoreInst = "Cmp">   --->   Core 9 'Cmp' <Latency = 0> <II = 1> <Delay = 2.55> <FuncUnit> <Opcode : 'seteq' 'setne' 'setle' 'setge' 'setlt' 'setgt'> <InPorts = 2> <OutPorts = 1>
ST_1 : Operation 22 [1/1] (0.00ns)   --->   "%tmp = partselect i30 @_ssdm_op_PartSelect.i30.i32.i32.i32, i32 %pX_load, i32 2, i32 31" [firmware/nnet_utils/nnet_pooling_stream.h:55->firmware/nnet_utils/nnet_pooling_stream.h:115]   --->   Operation 22 'partselect' 'tmp' <Predicate = (icmp_ln55)> <Delay = 0.00>
ST_1 : Operation 23 [1/1] (2.49ns)   --->   "%icmp_ln55_3 = icmp_sgt  i30 %tmp, i30 0" [firmware/nnet_utils/nnet_pooling_stream.h:55->firmware/nnet_utils/nnet_pooling_stream.h:115]   --->   Operation 23 'icmp' 'icmp_ln55_3' <Predicate = (icmp_ln55)> <Delay = 2.49> <CoreInst = "Cmp">   --->   Core 9 'Cmp' <Latency = 0> <II = 1> <Delay = 2.49> <FuncUnit> <Opcode : 'seteq' 'setne' 'setle' 'setge' 'setlt' 'setgt'> <InPorts = 2> <OutPorts = 1>
ST_1 : Operation 24 [1/1] (0.00ns) (grouped into LUT with out node and_ln55_1)   --->   "%and_ln55 = and i1 %icmp_ln55_2, i1 %icmp_ln55_3" [firmware/nnet_utils/nnet_pooling_stream.h:55->firmware/nnet_utils/nnet_pooling_stream.h:115]   --->   Operation 24 'and' 'and_ln55' <Predicate = (icmp_ln55)> <Delay = 0.00> <CoreInst = "LogicGate">   --->   Core 74 'LogicGate' <Latency = 0> <II = 1> <Delay = 0.97> <FuncUnit> <Opcode : 'and' 'or' 'xor'> <InPorts = 2> <OutPorts = 1>
ST_1 : Operation 25 [1/1] (0.97ns) (out node of the LUT)   --->   "%and_ln55_1 = and i1 %and_ln55, i1 %icmp_ln55_1" [firmware/nnet_utils/nnet_pooling_stream.h:55->firmware/nnet_utils/nnet_pooling_stream.h:115]   --->   Operation 25 'and' 'and_ln55_1' <Predicate = (icmp_ln55)> <Delay = 0.97> <CoreInst = "LogicGate">   --->   Core 74 'LogicGate' <Latency = 0> <II = 1> <Delay = 0.97> <FuncUnit> <Opcode : 'and' 'or' 'xor'> <InPorts = 2> <OutPorts = 1>
ST_1 : Operation 26 [1/1] (0.00ns)   --->   "%br_ln55 = br i1 %and_ln55_1, void %if.end.i, void %for.body11.i" [firmware/nnet_utils/nnet_pooling_stream.h:55->firmware/nnet_utils/nnet_pooling_stream.h:115]   --->   Operation 26 'br' 'br_ln55' <Predicate = (icmp_ln55)> <Delay = 0.00>
ST_1 : Operation 27 [1/1] (2.55ns)   --->   "%add_ln76 = add i32 %pX_load, i32 1" [firmware/nnet_utils/nnet_pooling_stream.h:76->firmware/nnet_utils/nnet_pooling_stream.h:115]   --->   Operation 27 'add' 'add_ln76' <Predicate = true> <Delay = 2.55> <CoreInst = "Adder">   --->   Core 1 'Adder' <Latency = 0> <II = 1> <Delay = 2.55> <FuncUnit> <Opcode : 'add' 'sub'> <InPorts = 2> <OutPorts = 1>
ST_1 : Operation 28 [1/1] (2.55ns)   --->   "%icmp_ln76 = icmp_eq  i32 %add_ln76, i32 25" [firmware/nnet_utils/nnet_pooling_stream.h:76->firmware/nnet_utils/nnet_pooling_stream.h:115]   --->   Operation 28 'icmp' 'icmp_ln76' <Predicate = true> <Delay = 2.55> <CoreInst = "Cmp">   --->   Core 9 'Cmp' <Latency = 0> <II = 1> <Delay = 2.55> <FuncUnit> <Opcode : 'seteq' 'setne' 'setle' 'setge' 'setlt' 'setgt'> <InPorts = 2> <OutPorts = 1>
ST_1 : Operation 29 [1/1] (0.00ns)   --->   "%br_ln76 = br i1 %icmp_ln76, void %if.else30.i, void %if.then19.i" [firmware/nnet_utils/nnet_pooling_stream.h:76->firmware/nnet_utils/nnet_pooling_stream.h:115]   --->   Operation 29 'br' 'br_ln76' <Predicate = true> <Delay = 0.00>
ST_1 : Operation 30 [1/1] (1.58ns)   --->   "%store_ln89 = store i32 %add_ln76, i32 %pX" [firmware/nnet_utils/nnet_pooling_stream.h:89->firmware/nnet_utils/nnet_pooling_stream.h:115]   --->   Operation 30 'store' 'store_ln89' <Predicate = (!icmp_ln76)> <Delay = 1.58>
ST_1 : Operation 31 [1/1] (2.55ns)   --->   "%add_ln91 = add i32 %sX_load, i32 1" [firmware/nnet_utils/nnet_pooling_stream.h:91->firmware/nnet_utils/nnet_pooling_stream.h:115]   --->   Operation 31 'add' 'add_ln91' <Predicate = (!icmp_ln76)> <Delay = 2.55> <CoreInst = "Adder">   --->   Core 1 'Adder' <Latency = 0> <II = 1> <Delay = 2.55> <FuncUnit> <Opcode : 'add' 'sub'> <InPorts = 2> <OutPorts = 1>
ST_1 : Operation 32 [1/1] (0.69ns)   --->   "%select_ln91 = select i1 %icmp_ln55, i32 0, i32 %add_ln91" [firmware/nnet_utils/nnet_pooling_stream.h:91->firmware/nnet_utils/nnet_pooling_stream.h:115]   --->   Operation 32 'select' 'select_ln91' <Predicate = (!icmp_ln76)> <Delay = 0.69> <CoreInst = "Sel">   --->   Core 73 'Sel' <Latency = 0> <II = 1> <Delay = 0.69> <FuncUnit> <Opcode : 'select'> <InPorts = 3> <OutPorts = 1>
ST_1 : Operation 33 [1/1] (1.58ns)   --->   "%store_ln91 = store i32 %select_ln91, i32 %sX" [firmware/nnet_utils/nnet_pooling_stream.h:91->firmware/nnet_utils/nnet_pooling_stream.h:115]   --->   Operation 33 'store' 'store_ln91' <Predicate = (!icmp_ln76)> <Delay = 1.58>
ST_1 : Operation 34 [1/1] (0.00ns)   --->   "%br_ln0 = br void %for.inc"   --->   Operation 34 'br' 'br_ln0' <Predicate = (!icmp_ln76)> <Delay = 0.00>
ST_1 : Operation 35 [1/1] (1.58ns)   --->   "%store_ln78 = store i32 0, i32 %pX" [firmware/nnet_utils/nnet_pooling_stream.h:78->firmware/nnet_utils/nnet_pooling_stream.h:115]   --->   Operation 35 'store' 'store_ln78' <Predicate = (icmp_ln76)> <Delay = 1.58>
ST_1 : Operation 36 [1/1] (1.58ns)   --->   "%store_ln79 = store i32 0, i32 %sX" [firmware/nnet_utils/nnet_pooling_stream.h:79->firmware/nnet_utils/nnet_pooling_stream.h:115]   --->   Operation 36 'store' 'store_ln79' <Predicate = (icmp_ln76)> <Delay = 1.58>
ST_1 : Operation 37 [1/1] (0.00ns)   --->   "%pY_load_1 = load i32 %pY" [firmware/nnet_utils/nnet_pooling_stream.h:80->firmware/nnet_utils/nnet_pooling_stream.h:115]   --->   Operation 37 'load' 'pY_load_1' <Predicate = (icmp_ln76)> <Delay = 0.00>
ST_1 : Operation 38 [1/1] (2.55ns)   --->   "%add_ln80 = add i32 %pY_load_1, i32 1" [firmware/nnet_utils/nnet_pooling_stream.h:80->firmware/nnet_utils/nnet_pooling_stream.h:115]   --->   Operation 38 'add' 'add_ln80' <Predicate = (icmp_ln76)> <Delay = 2.55> <CoreInst = "Adder">   --->   Core 1 'Adder' <Latency = 0> <II = 1> <Delay = 2.55> <FuncUnit> <Opcode : 'add' 'sub'> <InPorts = 2> <OutPorts = 1>
ST_1 : Operation 39 [1/1] (2.55ns)   --->   "%icmp_ln80 = icmp_eq  i32 %add_ln80, i32 10" [firmware/nnet_utils/nnet_pooling_stream.h:80->firmware/nnet_utils/nnet_pooling_stream.h:115]   --->   Operation 39 'icmp' 'icmp_ln80' <Predicate = (icmp_ln76)> <Delay = 2.55> <CoreInst = "Cmp">   --->   Core 9 'Cmp' <Latency = 0> <II = 1> <Delay = 2.55> <FuncUnit> <Opcode : 'seteq' 'setne' 'setle' 'setge' 'setlt' 'setgt'> <InPorts = 2> <OutPorts = 1>
ST_1 : Operation 40 [1/1] (0.00ns)   --->   "%br_ln80 = br i1 %icmp_ln80, void %if.else.i, void %if.then22.i" [firmware/nnet_utils/nnet_pooling_stream.h:80->firmware/nnet_utils/nnet_pooling_stream.h:115]   --->   Operation 40 'br' 'br_ln80' <Predicate = (icmp_ln76)> <Delay = 0.00>
ST_1 : Operation 41 [1/1] (1.58ns)   --->   "%store_ln84 = store i32 %add_ln80, i32 %pY" [firmware/nnet_utils/nnet_pooling_stream.h:84->firmware/nnet_utils/nnet_pooling_stream.h:115]   --->   Operation 41 'store' 'store_ln84' <Predicate = (icmp_ln76 & !icmp_ln80)> <Delay = 1.58>
ST_1 : Operation 42 [1/1] (0.00ns)   --->   "%sY_load_1 = load i32 %sY" [firmware/nnet_utils/nnet_pooling_stream.h:86->firmware/nnet_utils/nnet_pooling_stream.h:115]   --->   Operation 42 'load' 'sY_load_1' <Predicate = (icmp_ln76 & !icmp_ln80)> <Delay = 0.00>
ST_1 : Operation 43 [1/1] (2.55ns)   --->   "%icmp_ln86 = icmp_eq  i32 %sY_load_1, i32 1" [firmware/nnet_utils/nnet_pooling_stream.h:86->firmware/nnet_utils/nnet_pooling_stream.h:115]   --->   Operation 43 'icmp' 'icmp_ln86' <Predicate = (icmp_ln76 & !icmp_ln80)> <Delay = 2.55> <CoreInst = "Cmp">   --->   Core 9 'Cmp' <Latency = 0> <II = 1> <Delay = 2.55> <FuncUnit> <Opcode : 'seteq' 'setne' 'setle' 'setge' 'setlt' 'setgt'> <InPorts = 2> <OutPorts = 1>
ST_1 : Operation 44 [1/1] (2.55ns)   --->   "%add_ln86 = add i32 %sY_load_1, i32 1" [firmware/nnet_utils/nnet_pooling_stream.h:86->firmware/nnet_utils/nnet_pooling_stream.h:115]   --->   Operation 44 'add' 'add_ln86' <Predicate = (icmp_ln76 & !icmp_ln80)> <Delay = 2.55> <CoreInst = "Adder">   --->   Core 1 'Adder' <Latency = 0> <II = 1> <Delay = 2.55> <FuncUnit> <Opcode : 'add' 'sub'> <InPorts = 2> <OutPorts = 1>
ST_1 : Operation 45 [1/1] (0.69ns)   --->   "%select_ln86 = select i1 %icmp_ln86, i32 0, i32 %add_ln86" [firmware/nnet_utils/nnet_pooling_stream.h:86->firmware/nnet_utils/nnet_pooling_stream.h:115]   --->   Operation 45 'select' 'select_ln86' <Predicate = (icmp_ln76 & !icmp_ln80)> <Delay = 0.69> <CoreInst = "Sel">   --->   Core 73 'Sel' <Latency = 0> <II = 1> <Delay = 0.69> <FuncUnit> <Opcode : 'select'> <InPorts = 3> <OutPorts = 1>
ST_1 : Operation 46 [1/1] (1.58ns)   --->   "%br_ln0 = br void %if.end29.i"   --->   Operation 46 'br' 'br_ln0' <Predicate = (icmp_ln76 & !icmp_ln80)> <Delay = 1.58>
ST_1 : Operation 47 [1/1] (1.58ns)   --->   "%store_ln81 = store i32 0, i32 %pY" [firmware/nnet_utils/nnet_pooling_stream.h:81->firmware/nnet_utils/nnet_pooling_stream.h:115]   --->   Operation 47 'store' 'store_ln81' <Predicate = (icmp_ln76 & icmp_ln80)> <Delay = 1.58>
ST_1 : Operation 48 [1/1] (1.58ns)   --->   "%br_ln83 = br void %if.end29.i" [firmware/nnet_utils/nnet_pooling_stream.h:83->firmware/nnet_utils/nnet_pooling_stream.h:115]   --->   Operation 48 'br' 'br_ln83' <Predicate = (icmp_ln76 & icmp_ln80)> <Delay = 1.58>
ST_1 : Operation 49 [1/1] (1.91ns)   --->   "%icmp_ln109 = icmp_eq  i8 %indvar_flatten2_load, i8 249" [firmware/nnet_utils/nnet_pooling_stream.h:109]   --->   Operation 49 'icmp' 'icmp_ln109' <Predicate = true> <Delay = 1.91> <CoreInst = "Cmp">   --->   Core 9 'Cmp' <Latency = 0> <II = 1> <Delay = 1.91> <FuncUnit> <Opcode : 'seteq' 'setne' 'setle' 'setge' 'setlt' 'setgt'> <InPorts = 2> <OutPorts = 1>
ST_1 : Operation 50 [1/1] (1.58ns)   --->   "%store_ln109 = store i8 %add_ln109, i8 %indvar_flatten2" [firmware/nnet_utils/nnet_pooling_stream.h:109]   --->   Operation 50 'store' 'store_ln109' <Predicate = true> <Delay = 1.58>
ST_1 : Operation 51 [1/1] (0.00ns)   --->   "%br_ln109 = br i1 %icmp_ln109, void %for.inc15, void %for.end17" [firmware/nnet_utils/nnet_pooling_stream.h:109]   --->   Operation 51 'br' 'br_ln109' <Predicate = true> <Delay = 0.00>

State 2 <SV = 1> <Delay = 5.16>
ST_2 : Operation 52 [1/1] (0.00ns)   --->   "%specloopname_ln0 = specloopname void @_ssdm_op_SpecLoopName, void @ReadInputHeight_ReadInputWidth_str"   --->   Operation 52 'specloopname' 'specloopname_ln0' <Predicate = true> <Delay = 0.00>
ST_2 : Operation 53 [1/1] (0.00ns)   --->   "%speclooptripcount_ln0 = speclooptripcount void @_ssdm_op_SpecLoopTripCount, i64 250, i64 250, i64 250"   --->   Operation 53 'speclooptripcount' 'speclooptripcount_ln0' <Predicate = true> <Delay = 0.00>
ST_2 : Operation 54 [1/1] (0.00ns)   --->   "%specpipeline_ln113 = specpipeline void @_ssdm_op_SpecPipeline, i32 4294967295, i32 0, i32 0, i32 0, void @empty_5" [firmware/nnet_utils/nnet_pooling_stream.h:113]   --->   Operation 54 'specpipeline' 'specpipeline_ln113' <Predicate = true> <Delay = 0.00>
ST_2 : Operation 55 [1/1] (3.54ns)   --->   "%layer8_out_read = read i360 @_ssdm_op_Read.ap_fifo.volatile.i360P0A, i360 %layer8_out" [firmware/nnet_utils/nnet_pooling_stream.h:115]   --->   Operation 55 'read' 'layer8_out_read' <Predicate = true> <Delay = 3.54> <CoreInst = "FIFO">   --->   Core 77 'FIFO' <Latency = 0> <II = 1> <Delay = 3.54> <Storage> <Opcode : 'read' 'write' 'nbread' 'nbwrite'> <Ports = 0> <Width = 360> <Depth = 250> <FIFO>
ST_2 : Operation 56 [1/1] (0.00ns)   --->   "%trunc_ln115 = trunc i360 %layer8_out_read" [firmware/nnet_utils/nnet_pooling_stream.h:115]   --->   Operation 56 'trunc' 'trunc_ln115' <Predicate = true> <Delay = 0.00>
ST_2 : Operation 57 [1/1] (0.00ns)   --->   "%trunc_ln115_1 = partselect i20 @_ssdm_op_PartSelect.i20.i360.i32.i32, i360 %layer8_out_read, i32 20, i32 39" [firmware/nnet_utils/nnet_pooling_stream.h:115]   --->   Operation 57 'partselect' 'trunc_ln115_1' <Predicate = true> <Delay = 0.00>
ST_2 : Operation 58 [1/1] (0.00ns)   --->   "%trunc_ln115_2 = partselect i20 @_ssdm_op_PartSelect.i20.i360.i32.i32, i360 %layer8_out_read, i32 40, i32 59" [firmware/nnet_utils/nnet_pooling_stream.h:115]   --->   Operation 58 'partselect' 'trunc_ln115_2' <Predicate = true> <Delay = 0.00>
ST_2 : Operation 59 [1/1] (0.00ns)   --->   "%trunc_ln115_3 = partselect i20 @_ssdm_op_PartSelect.i20.i360.i32.i32, i360 %layer8_out_read, i32 60, i32 79" [firmware/nnet_utils/nnet_pooling_stream.h:115]   --->   Operation 59 'partselect' 'trunc_ln115_3' <Predicate = true> <Delay = 0.00>
ST_2 : Operation 60 [1/1] (0.00ns)   --->   "%trunc_ln115_4 = partselect i20 @_ssdm_op_PartSelect.i20.i360.i32.i32, i360 %layer8_out_read, i32 80, i32 99" [firmware/nnet_utils/nnet_pooling_stream.h:115]   --->   Operation 60 'partselect' 'trunc_ln115_4' <Predicate = true> <Delay = 0.00>
ST_2 : Operation 61 [1/1] (0.00ns)   --->   "%trunc_ln115_5 = partselect i20 @_ssdm_op_PartSelect.i20.i360.i32.i32, i360 %layer8_out_read, i32 100, i32 119" [firmware/nnet_utils/nnet_pooling_stream.h:115]   --->   Operation 61 'partselect' 'trunc_ln115_5' <Predicate = true> <Delay = 0.00>
ST_2 : Operation 62 [1/1] (0.00ns)   --->   "%trunc_ln115_6 = partselect i20 @_ssdm_op_PartSelect.i20.i360.i32.i32, i360 %layer8_out_read, i32 120, i32 139" [firmware/nnet_utils/nnet_pooling_stream.h:115]   --->   Operation 62 'partselect' 'trunc_ln115_6' <Predicate = true> <Delay = 0.00>
ST_2 : Operation 63 [1/1] (0.00ns)   --->   "%trunc_ln115_7 = partselect i20 @_ssdm_op_PartSelect.i20.i360.i32.i32, i360 %layer8_out_read, i32 140, i32 159" [firmware/nnet_utils/nnet_pooling_stream.h:115]   --->   Operation 63 'partselect' 'trunc_ln115_7' <Predicate = true> <Delay = 0.00>
ST_2 : Operation 64 [1/1] (0.00ns)   --->   "%trunc_ln115_8 = partselect i20 @_ssdm_op_PartSelect.i20.i360.i32.i32, i360 %layer8_out_read, i32 160, i32 179" [firmware/nnet_utils/nnet_pooling_stream.h:115]   --->   Operation 64 'partselect' 'trunc_ln115_8' <Predicate = true> <Delay = 0.00>
ST_2 : Operation 65 [1/1] (0.00ns)   --->   "%trunc_ln115_9 = partselect i20 @_ssdm_op_PartSelect.i20.i360.i32.i32, i360 %layer8_out_read, i32 180, i32 199" [firmware/nnet_utils/nnet_pooling_stream.h:115]   --->   Operation 65 'partselect' 'trunc_ln115_9' <Predicate = true> <Delay = 0.00>
ST_2 : Operation 66 [1/1] (0.00ns)   --->   "%trunc_ln115_s = partselect i20 @_ssdm_op_PartSelect.i20.i360.i32.i32, i360 %layer8_out_read, i32 200, i32 219" [firmware/nnet_utils/nnet_pooling_stream.h:115]   --->   Operation 66 'partselect' 'trunc_ln115_s' <Predicate = true> <Delay = 0.00>
ST_2 : Operation 67 [1/1] (0.00ns)   --->   "%trunc_ln115_10 = partselect i20 @_ssdm_op_PartSelect.i20.i360.i32.i32, i360 %layer8_out_read, i32 220, i32 239" [firmware/nnet_utils/nnet_pooling_stream.h:115]   --->   Operation 67 'partselect' 'trunc_ln115_10' <Predicate = true> <Delay = 0.00>
ST_2 : Operation 68 [1/1] (0.00ns)   --->   "%trunc_ln115_11 = partselect i20 @_ssdm_op_PartSelect.i20.i360.i32.i32, i360 %layer8_out_read, i32 240, i32 259" [firmware/nnet_utils/nnet_pooling_stream.h:115]   --->   Operation 68 'partselect' 'trunc_ln115_11' <Predicate = true> <Delay = 0.00>
ST_2 : Operation 69 [1/1] (0.00ns)   --->   "%trunc_ln115_12 = partselect i20 @_ssdm_op_PartSelect.i20.i360.i32.i32, i360 %layer8_out_read, i32 260, i32 279" [firmware/nnet_utils/nnet_pooling_stream.h:115]   --->   Operation 69 'partselect' 'trunc_ln115_12' <Predicate = true> <Delay = 0.00>
ST_2 : Operation 70 [1/1] (0.00ns)   --->   "%trunc_ln115_13 = partselect i20 @_ssdm_op_PartSelect.i20.i360.i32.i32, i360 %layer8_out_read, i32 280, i32 299" [firmware/nnet_utils/nnet_pooling_stream.h:115]   --->   Operation 70 'partselect' 'trunc_ln115_13' <Predicate = true> <Delay = 0.00>
ST_2 : Operation 71 [1/1] (0.00ns)   --->   "%trunc_ln115_14 = partselect i20 @_ssdm_op_PartSelect.i20.i360.i32.i32, i360 %layer8_out_read, i32 300, i32 319" [firmware/nnet_utils/nnet_pooling_stream.h:115]   --->   Operation 71 'partselect' 'trunc_ln115_14' <Predicate = true> <Delay = 0.00>
ST_2 : Operation 72 [1/1] (0.00ns)   --->   "%trunc_ln115_15 = partselect i20 @_ssdm_op_PartSelect.i20.i360.i32.i32, i360 %layer8_out_read, i32 320, i32 339" [firmware/nnet_utils/nnet_pooling_stream.h:115]   --->   Operation 72 'partselect' 'trunc_ln115_15' <Predicate = true> <Delay = 0.00>
ST_2 : Operation 73 [1/1] (0.00ns)   --->   "%trunc_ln115_16 = partselect i20 @_ssdm_op_PartSelect.i20.i360.i32.i32, i360 %layer8_out_read, i32 340, i32 359" [firmware/nnet_utils/nnet_pooling_stream.h:115]   --->   Operation 73 'partselect' 'trunc_ln115_16' <Predicate = true> <Delay = 0.00>
ST_2 : Operation 74 [1/1] (1.61ns)   --->   "%call_ln52 = call void @shift_line_buffer<array<ap_fixed<20, 10, 5, 3, 0>, 18u>, config9>, i20 %trunc_ln115, i20 %trunc_ln115_1, i20 %trunc_ln115_2, i20 %trunc_ln115_3, i20 %trunc_ln115_4, i20 %trunc_ln115_5, i20 %trunc_ln115_6, i20 %trunc_ln115_7, i20 %trunc_ln115_8, i20 %trunc_ln115_9, i20 %trunc_ln115_s, i20 %trunc_ln115_10, i20 %trunc_ln115_11, i20 %trunc_ln115_12, i20 %trunc_ln115_13, i20 %trunc_ln115_14, i20 %trunc_ln115_15, i20 %trunc_ln115_16, i20 %p_ZZN4nnet22compute_pool_buffer_2dINS_5arrayI8ap_fixedILi20ELi10EL9ap_q_mode5EL9a_81, i20 %void_compute_pool_buffer_2d_array_const_ap_shift_reg_n_filt_stream_kernel_9, i20 %p_ZZN4nnet22compute_pool_buffer_2dINS_5arrayI8ap_fixedILi20ELi10EL9ap_q_mode5EL9a_80, i20 %void_compute_pool_buffer_2d_array_const_ap_shift_reg_n_filt_stream_kernel_8, i20 %p_ZZN4nnet22compute_pool_buffer_2dINS_5arrayI8ap_fixedILi20ELi10EL9ap_q_mode5EL9a_79, i20 %void_compute_pool_buffer_2d_array_const_ap_shift_reg_n_filt_stream_kernel_7, i20 %p_ZZN4nnet22compute_pool_buffer_2dINS_5arrayI8ap_fixedILi20ELi10EL9ap_q_mode5EL9a_78, i20 %void_compute_pool_buffer_2d_array_const_ap_shift_reg_n_filt_stream_kernel_6, i20 %p_ZZN4nnet22compute_pool_buffer_2dINS_5arrayI8ap_fixedILi20ELi10EL9ap_q_mode5EL9a_77, i20 %void_compute_pool_buffer_2d_array_const_ap_shift_reg_n_filt_stream_kernel_5, i20 %p_ZZN4nnet22compute_pool_buffer_2dINS_5arrayI8ap_fixedILi20ELi10EL9ap_q_mode5EL9a_76, i20 %void_compute_pool_buffer_2d_array_const_ap_shift_reg_n_filt_stream_kernel_4, i20 %p_ZZN4nnet22compute_pool_buffer_2dINS_5arrayI8ap_fixedILi20ELi10EL9ap_q_mode5EL9a_75, i20 %void_compute_pool_buffer_2d_array_const_ap_shift_reg_n_filt_stream_kernel_3, i20 %p_ZZN4nnet22compute_pool_buffer_2dINS_5arrayI8ap_fixedILi20ELi10EL9ap_q_mode5EL9a_74, i20 %void_compute_pool_buffer_2d_array_const_ap_shift_reg_n_filt_stream_kernel_2, i20 %p_ZZN4nnet22compute_pool_buffer_2dINS_5arrayI8ap_fixedILi20ELi10EL9ap_q_mode5EL9a_73, i20 %void_compute_pool_buffer_2d_array_const_ap_shift_reg_n_filt_stream_kernel_1, i20 %p_ZZN4nnet22compute_pool_buffer_2dINS_5arrayI8ap_fixedILi20ELi10EL9ap_q_mode5EL9a_72, i20 %void_compute_pool_buffer_2d_array_const_ap_shift_reg_n_filt_stream_kernel, i20 %p_ZZN4nnet22compute_pool_buffer_2dINS_5arrayI8ap_fixedILi20ELi10EL9ap_q_mode5EL9a_71, i20 %p_ZZN4nnet22compute_pool_buffer_2dINS_5arrayI8ap_fixedILi20ELi10EL9ap_q_mode5EL9a_245, i20 %p_ZZN4nnet22compute_pool_buffer_2dINS_5arrayI8ap_fixedILi20ELi10EL9ap_q_mode5EL9a_70, i20 %p_ZZN4nnet22compute_pool_buffer_2dINS_5arrayI8ap_fixedILi20ELi10EL9ap_q_mode5EL9a_256, i20 %p_ZZN4nnet22compute_pool_buffer_2dINS_5arrayI8ap_fixedILi20ELi10EL9ap_q_mode5EL9a_69, i20 %p_ZZN4nnet22compute_pool_buffer_2dINS_5arrayI8ap_fixedILi20ELi10EL9ap_q_mode5EL9a_267, i20 %p_ZZN4nnet22compute_pool_buffer_2dINS_5arrayI8ap_fixedILi20ELi10EL9ap_q_mode5EL9a_68, i20 %p_ZZN4nnet22compute_pool_buffer_2dINS_5arrayI8ap_fixedILi20ELi10EL9ap_q_mode5EL9a_278, i20 %p_ZZN4nnet22compute_pool_buffer_2dINS_5arrayI8ap_fixedILi20ELi10EL9ap_q_mode5EL9a_67, i20 %p_ZZN4nnet22compute_pool_buffer_2dINS_5arrayI8ap_fixedILi20ELi10EL9ap_q_mode5EL9a_289, i20 %p_ZZN4nnet22compute_pool_buffer_2dINS_5arrayI8ap_fixedILi20ELi10EL9ap_q_mode5EL9a_66, i20 %p_ZZN4nnet22compute_pool_buffer_2dINS_5arrayI8ap_fixedILi20ELi10EL9ap_q_mode5EL9a_300, i20 %p_ZZN4nnet22compute_pool_buffer_2dINS_5arrayI8ap_fixedILi20ELi10EL9ap_q_mode5EL9a_65, i20 %p_ZZN4nnet22compute_pool_buffer_2dINS_5arrayI8ap_fixedILi20ELi10EL9ap_q_mode5EL9a_311, i20 %p_ZZN4nnet22compute_pool_buffer_2dINS_5arrayI8ap_fixedILi20ELi10EL9ap_q_mode5EL9a_64, i20 %p_ZZN4nnet22compute_pool_buffer_2dINS_5arrayI8ap_fixedILi20ELi10EL9ap_q_mode5EL9a_92, i20 %p_ZZN4nnet22compute_pool_buffer_2dINS_5arrayI8ap_fixedILi20ELi10EL9ap_q_mode5EL9a_254, i20 %p_ZZN4nnet22compute_pool_buffer_2dINS_5arrayI8ap_fixedILi20ELi10EL9ap_q_mode5EL9a_9, i20 %p_ZZN4nnet22compute_pool_buffer_2dINS_5arrayI8ap_fixedILi20ELi10EL9ap_q_mode5EL9a_255, i20 %p_ZZN4nnet22compute_pool_buffer_2dINS_5arrayI8ap_fixedILi20ELi10EL9ap_q_mode5EL9a_8, i20 %p_ZZN4nnet22compute_pool_buffer_2dINS_5arrayI8ap_fixedILi20ELi10EL9ap_q_mode5EL9a_257, i20 %p_ZZN4nnet22compute_pool_buffer_2dINS_5arrayI8ap_fixedILi20ELi10EL9ap_q_mode5EL9a_7, i20 %p_ZZN4nnet22compute_pool_buffer_2dINS_5arrayI8ap_fixedILi20ELi10EL9ap_q_mode5EL9a_258, i20 %p_ZZN4nnet22compute_pool_buffer_2dINS_5arrayI8ap_fixedILi20ELi10EL9ap_q_mode5EL9a_6, i20 %p_ZZN4nnet22compute_pool_buffer_2dINS_5arrayI8ap_fixedILi20ELi10EL9ap_q_mode5EL9a_259, i20 %p_ZZN4nnet22compute_pool_buffer_2dINS_5arrayI8ap_fixedILi20ELi10EL9ap_q_mode5EL9a_5, i20 %p_ZZN4nnet22compute_pool_buffer_2dINS_5arrayI8ap_fixedILi20ELi10EL9ap_q_mode5EL9a_260, i20 %p_ZZN4nnet22compute_pool_buffer_2dINS_5arrayI8ap_fixedILi20ELi10EL9ap_q_mode5EL9a_4, i20 %p_ZZN4nnet22compute_pool_buffer_2dINS_5arrayI8ap_fixedILi20ELi10EL9ap_q_mode5EL9a_261, i20 %p_ZZN4nnet22compute_pool_buffer_2dINS_5arrayI8ap_fixedILi20ELi10EL9ap_q_mode5EL9a_3, i20 %p_ZZN4nnet22compute_pool_buffer_2dINS_5arrayI8ap_fixedILi20ELi10EL9ap_q_mode5EL9a_262, i20 %p_ZZN4nnet22compute_pool_buffer_2dINS_5arrayI8ap_fixedILi20ELi10EL9ap_q_mode5EL9a_2, i20 %p_ZZN4nnet22compute_pool_buffer_2dINS_5arrayI8ap_fixedILi20ELi10EL9ap_q_mode5EL9a_263, i20 %p_ZZN4nnet22compute_pool_buffer_2dINS_5arrayI8ap_fixedILi20ELi10EL9ap_q_mode5EL9a_1, i20 %p_ZZN4nnet22compute_pool_buffer_2dINS_5arrayI8ap_fixedILi20ELi10EL9ap_q_mode5EL9a_264, i20 %p_ZZN4nnet22compute_pool_buffer_2dINS_5arrayI8ap_fixedILi20ELi10EL9ap_q_mode5EL9a, i20 %p_ZZN4nnet22compute_pool_buffer_2dINS_5arrayI8ap_fixedILi20ELi10EL9ap_q_mode5EL9a_265, i20 %p_ZZN4nnet22compute_pool_buffer_2dINS_5arrayI8ap_fixedILi20ELi10EL9ap_q_mode5EL9a_246, i20 %p_ZZN4nnet22compute_pool_buffer_2dINS_5arrayI8ap_fixedILi20ELi10EL9ap_q_mode5EL9a_266, i20 %p_ZZN4nnet22compute_pool_buffer_2dINS_5arrayI8ap_fixedILi20ELi10EL9ap_q_mode5EL9a_247, i20 %p_ZZN4nnet22compute_pool_buffer_2dINS_5arrayI8ap_fixedILi20ELi10EL9ap_q_mode5EL9a_268, i20 %p_ZZN4nnet22compute_pool_buffer_2dINS_5arrayI8ap_fixedILi20ELi10EL9ap_q_mode5EL9a_248, i20 %p_ZZN4nnet22compute_pool_buffer_2dINS_5arrayI8ap_fixedILi20ELi10EL9ap_q_mode5EL9a_269, i20 %p_ZZN4nnet22compute_pool_buffer_2dINS_5arrayI8ap_fixedILi20ELi10EL9ap_q_mode5EL9a_249, i20 %p_ZZN4nnet22compute_pool_buffer_2dINS_5arrayI8ap_fixedILi20ELi10EL9ap_q_mode5EL9a_270, i20 %p_ZZN4nnet22compute_pool_buffer_2dINS_5arrayI8ap_fixedILi20ELi10EL9ap_q_mode5EL9a_250, i20 %p_ZZN4nnet22compute_pool_buffer_2dINS_5arrayI8ap_fixedILi20ELi10EL9ap_q_mode5EL9a_271, i20 %p_ZZN4nnet22compute_pool_buffer_2dINS_5arrayI8ap_fixedILi20ELi10EL9ap_q_mode5EL9a_251, i20 %p_ZZN4nnet22compute_pool_buffer_2dINS_5arrayI8ap_fixedILi20ELi10EL9ap_q_mode5EL9a_272, i20 %p_ZZN4nnet22compute_pool_buffer_2dINS_5arrayI8ap_fixedILi20ELi10EL9ap_q_mode5EL9a_252, i20 %p_ZZN4nnet22compute_pool_buffer_2dINS_5arrayI8ap_fixedILi20ELi10EL9ap_q_mode5EL9a_273, i20 %p_ZZN4nnet22compute_pool_buffer_2dINS_5arrayI8ap_fixedILi20ELi10EL9ap_q_mode5EL9a_253, i20 %p_ZZN4nnet22compute_pool_buffer_2dINS_5arrayI8ap_fixedILi20ELi10EL9ap_q_mode5EL9a_63, i20 %p_ZZN4nnet22compute_pool_buffer_2dINS_5arrayI8ap_fixedILi20ELi10EL9ap_q_mode5EL9a_62, i20 %p_ZZN4nnet22compute_pool_buffer_2dINS_5arrayI8ap_fixedILi20ELi10EL9ap_q_mode5EL9a_61, i20 %p_ZZN4nnet22compute_pool_buffer_2dINS_5arrayI8ap_fixedILi20ELi10EL9ap_q_mode5EL9a_60, i20 %p_ZZN4nnet22compute_pool_buffer_2dINS_5arrayI8ap_fixedILi20ELi10EL9ap_q_mode5EL9a_59, i20 %p_ZZN4nnet22compute_pool_buffer_2dINS_5arrayI8ap_fixedILi20ELi10EL9ap_q_mode5EL9a_58, i20 %p_ZZN4nnet22compute_pool_buffer_2dINS_5arrayI8ap_fixedILi20ELi10EL9ap_q_mode5EL9a_57, i20 %p_ZZN4nnet22compute_pool_buffer_2dINS_5arrayI8ap_fixedILi20ELi10EL9ap_q_mode5EL9a_56, i20 %p_ZZN4nnet22compute_pool_buffer_2dINS_5arrayI8ap_fixedILi20ELi10EL9ap_q_mode5EL9a_55, i20 %p_ZZN4nnet22compute_pool_buffer_2dINS_5arrayI8ap_fixedILi20ELi10EL9ap_q_mode5EL9a_54, i20 %p_ZZN4nnet22compute_pool_buffer_2dINS_5arrayI8ap_fixedILi20ELi10EL9ap_q_mode5EL9a_53, i20 %p_ZZN4nnet22compute_pool_buffer_2dINS_5arrayI8ap_fixedILi20ELi10EL9ap_q_mode5EL9a_52, i20 %p_ZZN4nnet22compute_pool_buffer_2dINS_5arrayI8ap_fixedILi20ELi10EL9ap_q_mode5EL9a_51, i20 %p_ZZN4nnet22compute_pool_buffer_2dINS_5arrayI8ap_fixedILi20ELi10EL9ap_q_mode5EL9a_50, i20 %p_ZZN4nnet22compute_pool_buffer_2dINS_5arrayI8ap_fixedILi20ELi10EL9ap_q_mode5EL9a_49, i20 %p_ZZN4nnet22compute_pool_buffer_2dINS_5arrayI8ap_fixedILi20ELi10EL9ap_q_mode5EL9a_48, i20 %p_ZZN4nnet22compute_pool_buffer_2dINS_5arrayI8ap_fixedILi20ELi10EL9ap_q_mode5EL9a_47, i20 %p_ZZN4nnet22compute_pool_buffer_2dINS_5arrayI8ap_fixedILi20ELi10EL9ap_q_mode5EL9a_46, i20 %p_ZZN4nnet22compute_pool_buffer_2dINS_5arrayI8ap_fixedILi20ELi10EL9ap_q_mode5EL9a_274, i20 %p_ZZN4nnet22compute_pool_buffer_2dINS_5arrayI8ap_fixedILi20ELi10EL9ap_q_mode5EL9a_275, i20 %p_ZZN4nnet22compute_pool_buffer_2dINS_5arrayI8ap_fixedILi20ELi10EL9ap_q_mode5EL9a_276, i20 %p_ZZN4nnet22compute_pool_buffer_2dINS_5arrayI8ap_fixedILi20ELi10EL9ap_q_mode5EL9a_277, i20 %p_ZZN4nnet22compute_pool_buffer_2dINS_5arrayI8ap_fixedILi20ELi10EL9ap_q_mode5EL9a_279, i20 %p_ZZN4nnet22compute_pool_buffer_2dINS_5arrayI8ap_fixedILi20ELi10EL9ap_q_mode5EL9a_280, i20 %p_ZZN4nnet22compute_pool_buffer_2dINS_5arrayI8ap_fixedILi20ELi10EL9ap_q_mode5EL9a_281, i20 %p_ZZN4nnet22compute_pool_buffer_2dINS_5arrayI8ap_fixedILi20ELi10EL9ap_q_mode5EL9a_282, i20 %p_ZZN4nnet22compute_pool_buffer_2dINS_5arrayI8ap_fixedILi20ELi10EL9ap_q_mode5EL9a_283, i20 %p_ZZN4nnet22compute_pool_buffer_2dINS_5arrayI8ap_fixedILi20ELi10EL9ap_q_mode5EL9a_284, i20 %p_ZZN4nnet22compute_pool_buffer_2dINS_5arrayI8ap_fixedILi20ELi10EL9ap_q_mode5EL9a_285, i20 %p_ZZN4nnet22compute_pool_buffer_2dINS_5arrayI8ap_fixedILi20ELi10EL9ap_q_mode5EL9a_286, i20 %p_ZZN4nnet22compute_pool_buffer_2dINS_5arrayI8ap_fixedILi20ELi10EL9ap_q_mode5EL9a_287, i20 %p_ZZN4nnet22compute_pool_buffer_2dINS_5arrayI8ap_fixedILi20ELi10EL9ap_q_mode5EL9a_288, i20 %p_ZZN4nnet22compute_pool_buffer_2dINS_5arrayI8ap_fixedILi20ELi10EL9ap_q_mode5EL9a_290, i20 %p_ZZN4nnet22compute_pool_buffer_2dINS_5arrayI8ap_fixedILi20ELi10EL9ap_q_mode5EL9a_291, i20 %p_ZZN4nnet22compute_pool_buffer_2dINS_5arrayI8ap_fixedILi20ELi10EL9ap_q_mode5EL9a_292, i20 %p_ZZN4nnet22compute_pool_buffer_2dINS_5arrayI8ap_fixedILi20ELi10EL9ap_q_mode5EL9a_293, i20 %p_ZZN4nnet22compute_pool_buffer_2dINS_5arrayI8ap_fixedILi20ELi10EL9ap_q_mode5EL9a_45, i20 %p_ZZN4nnet22compute_pool_buffer_2dINS_5arrayI8ap_fixedILi20ELi10EL9ap_q_mode5EL9a_44, i20 %p_ZZN4nnet22compute_pool_buffer_2dINS_5arrayI8ap_fixedILi20ELi10EL9ap_q_mode5EL9a_43, i20 %p_ZZN4nnet22compute_pool_buffer_2dINS_5arrayI8ap_fixedILi20ELi10EL9ap_q_mode5EL9a_42, i20 %p_ZZN4nnet22compute_pool_buffer_2dINS_5arrayI8ap_fixedILi20ELi10EL9ap_q_mode5EL9a_41, i20 %p_ZZN4nnet22compute_pool_buffer_2dINS_5arrayI8ap_fixedILi20ELi10EL9ap_q_mode5EL9a_40, i20 %p_ZZN4nnet22compute_pool_buffer_2dINS_5arrayI8ap_fixedILi20ELi10EL9ap_q_mode5EL9a_39, i20 %p_ZZN4nnet22compute_pool_buffer_2dINS_5arrayI8ap_fixedILi20ELi10EL9ap_q_mode5EL9a_38, i20 %p_ZZN4nnet22compute_pool_buffer_2dINS_5arrayI8ap_fixedILi20ELi10EL9ap_q_mode5EL9a_37, i20 %p_ZZN4nnet22compute_pool_buffer_2dINS_5arrayI8ap_fixedILi20ELi10EL9ap_q_mode5EL9a_36, i20 %p_ZZN4nnet22compute_pool_buffer_2dINS_5arrayI8ap_fixedILi20ELi10EL9ap_q_mode5EL9a_35, i20 %p_ZZN4nnet22compute_pool_buffer_2dINS_5arrayI8ap_fixedILi20ELi10EL9ap_q_mode5EL9a_34, i20 %p_ZZN4nnet22compute_pool_buffer_2dINS_5arrayI8ap_fixedILi20ELi10EL9ap_q_mode5EL9a_33, i20 %p_ZZN4nnet22compute_pool_buffer_2dINS_5arrayI8ap_fixedILi20ELi10EL9ap_q_mode5EL9a_32, i20 %p_ZZN4nnet22compute_pool_buffer_2dINS_5arrayI8ap_fixedILi20ELi10EL9ap_q_mode5EL9a_31, i20 %p_ZZN4nnet22compute_pool_buffer_2dINS_5arrayI8ap_fixedILi20ELi10EL9ap_q_mode5EL9a_30, i20 %p_ZZN4nnet22compute_pool_buffer_2dINS_5arrayI8ap_fixedILi20ELi10EL9ap_q_mode5EL9a_29, i20 %p_ZZN4nnet22compute_pool_buffer_2dINS_5arrayI8ap_fixedILi20ELi10EL9ap_q_mode5EL9a_28, i20 %p_ZZN4nnet22compute_pool_buffer_2dINS_5arrayI8ap_fixedILi20ELi10EL9ap_q_mode5EL9a_294, i20 %p_ZZN4nnet22compute_pool_buffer_2dINS_5arrayI8ap_fixedILi20ELi10EL9ap_q_mode5EL9a_295, i20 %p_ZZN4nnet22compute_pool_buffer_2dINS_5arrayI8ap_fixedILi20ELi10EL9ap_q_mode5EL9a_296, i20 %p_ZZN4nnet22compute_pool_buffer_2dINS_5arrayI8ap_fixedILi20ELi10EL9ap_q_mode5EL9a_297, i20 %p_ZZN4nnet22compute_pool_buffer_2dINS_5arrayI8ap_fixedILi20ELi10EL9ap_q_mode5EL9a_298, i20 %p_ZZN4nnet22compute_pool_buffer_2dINS_5arrayI8ap_fixedILi20ELi10EL9ap_q_mode5EL9a_299, i20 %p_ZZN4nnet22compute_pool_buffer_2dINS_5arrayI8ap_fixedILi20ELi10EL9ap_q_mode5EL9a_301, i20 %p_ZZN4nnet22compute_pool_buffer_2dINS_5arrayI8ap_fixedILi20ELi10EL9ap_q_mode5EL9a_302, i20 %p_ZZN4nnet22compute_pool_buffer_2dINS_5arrayI8ap_fixedILi20ELi10EL9ap_q_mode5EL9a_303, i20 %p_ZZN4nnet22compute_pool_buffer_2dINS_5arrayI8ap_fixedILi20ELi10EL9ap_q_mode5EL9a_304, i20 %p_ZZN4nnet22compute_pool_buffer_2dINS_5arrayI8ap_fixedILi20ELi10EL9ap_q_mode5EL9a_305, i20 %p_ZZN4nnet22compute_pool_buffer_2dINS_5arrayI8ap_fixedILi20ELi10EL9ap_q_mode5EL9a_306, i20 %p_ZZN4nnet22compute_pool_buffer_2dINS_5arrayI8ap_fixedILi20ELi10EL9ap_q_mode5EL9a_307, i20 %p_ZZN4nnet22compute_pool_buffer_2dINS_5arrayI8ap_fixedILi20ELi10EL9ap_q_mode5EL9a_308, i20 %p_ZZN4nnet22compute_pool_buffer_2dINS_5arrayI8ap_fixedILi20ELi10EL9ap_q_mode5EL9a_309, i20 %p_ZZN4nnet22compute_pool_buffer_2dINS_5arrayI8ap_fixedILi20ELi10EL9ap_q_mode5EL9a_310, i20 %p_ZZN4nnet22compute_pool_buffer_2dINS_5arrayI8ap_fixedILi20ELi10EL9ap_q_mode5EL9a_312, i20 %p_ZZN4nnet22compute_pool_buffer_2dINS_5arrayI8ap_fixedILi20ELi10EL9ap_q_mode5EL9a_313, i20 %p_ZZN4nnet22compute_pool_buffer_2dINS_5arrayI8ap_fixedILi20ELi10EL9ap_q_mode5EL9a_27, i20 %p_ZZN4nnet22compute_pool_buffer_2dINS_5arrayI8ap_fixedILi20ELi10EL9ap_q_mode5EL9a_26, i20 %p_ZZN4nnet22compute_pool_buffer_2dINS_5arrayI8ap_fixedILi20ELi10EL9ap_q_mode5EL9a_25, i20 %p_ZZN4nnet22compute_pool_buffer_2dINS_5arrayI8ap_fixedILi20ELi10EL9ap_q_mode5EL9a_24, i20 %p_ZZN4nnet22compute_pool_buffer_2dINS_5arrayI8ap_fixedILi20ELi10EL9ap_q_mode5EL9a_23, i20 %p_ZZN4nnet22compute_pool_buffer_2dINS_5arrayI8ap_fixedILi20ELi10EL9ap_q_mode5EL9a_22, i20 %p_ZZN4nnet22compute_pool_buffer_2dINS_5arrayI8ap_fixedILi20ELi10EL9ap_q_mode5EL9a_21, i20 %p_ZZN4nnet22compute_pool_buffer_2dINS_5arrayI8ap_fixedILi20ELi10EL9ap_q_mode5EL9a_20, i20 %p_ZZN4nnet22compute_pool_buffer_2dINS_5arrayI8ap_fixedILi20ELi10EL9ap_q_mode5EL9a_19, i20 %p_ZZN4nnet22compute_pool_buffer_2dINS_5arrayI8ap_fixedILi20ELi10EL9ap_q_mode5EL9a_18, i20 %p_ZZN4nnet22compute_pool_buffer_2dINS_5arrayI8ap_fixedILi20ELi10EL9ap_q_mode5EL9a_17, i20 %p_ZZN4nnet22compute_pool_buffer_2dINS_5arrayI8ap_fixedILi20ELi10EL9ap_q_mode5EL9a_16, i20 %p_ZZN4nnet22compute_pool_buffer_2dINS_5arrayI8ap_fixedILi20ELi10EL9ap_q_mode5EL9a_15, i20 %p_ZZN4nnet22compute_pool_buffer_2dINS_5arrayI8ap_fixedILi20ELi10EL9ap_q_mode5EL9a_14, i20 %p_ZZN4nnet22compute_pool_buffer_2dINS_5arrayI8ap_fixedILi20ELi10EL9ap_q_mode5EL9a_13, i20 %p_ZZN4nnet22compute_pool_buffer_2dINS_5arrayI8ap_fixedILi20ELi10EL9ap_q_mode5EL9a_12, i20 %p_ZZN4nnet22compute_pool_buffer_2dINS_5arrayI8ap_fixedILi20ELi10EL9ap_q_mode5EL9a_11, i20 %p_ZZN4nnet22compute_pool_buffer_2dINS_5arrayI8ap_fixedILi20ELi10EL9ap_q_mode5EL9a_10, i20 %p_ZZN4nnet22compute_pool_buffer_2dINS_5arrayI8ap_fixedILi20ELi10EL9ap_q_mode5EL9a_314, i20 %p_ZZN4nnet22compute_pool_buffer_2dINS_5arrayI8ap_fixedILi20ELi10EL9ap_q_mode5EL9a_99, i20 %p_ZZN4nnet22compute_pool_buffer_2dINS_5arrayI8ap_fixedILi20ELi10EL9ap_q_mode5EL9a_98, i20 %p_ZZN4nnet22compute_pool_buffer_2dINS_5arrayI8ap_fixedILi20ELi10EL9ap_q_mode5EL9a_97, i20 %p_ZZN4nnet22compute_pool_buffer_2dINS_5arrayI8ap_fixedILi20ELi10EL9ap_q_mode5EL9a_96, i20 %p_ZZN4nnet22compute_pool_buffer_2dINS_5arrayI8ap_fixedILi20ELi10EL9ap_q_mode5EL9a_95, i20 %p_ZZN4nnet22compute_pool_buffer_2dINS_5arrayI8ap_fixedILi20ELi10EL9ap_q_mode5EL9a_94, i20 %p_ZZN4nnet22compute_pool_buffer_2dINS_5arrayI8ap_fixedILi20ELi10EL9ap_q_mode5EL9a_93, i20 %p_ZZN4nnet22compute_pool_buffer_2dINS_5arrayI8ap_fixedILi20ELi10EL9ap_q_mode5EL9a_91, i20 %p_ZZN4nnet22compute_pool_buffer_2dINS_5arrayI8ap_fixedILi20ELi10EL9ap_q_mode5EL9a_90, i20 %p_ZZN4nnet22compute_pool_buffer_2dINS_5arrayI8ap_fixedILi20ELi10EL9ap_q_mode5EL9a_89, i20 %p_ZZN4nnet22compute_pool_buffer_2dINS_5arrayI8ap_fixedILi20ELi10EL9ap_q_mode5EL9a_88, i20 %p_ZZN4nnet22compute_pool_buffer_2dINS_5arrayI8ap_fixedILi20ELi10EL9ap_q_mode5EL9a_87, i20 %p_ZZN4nnet22compute_pool_buffer_2dINS_5arrayI8ap_fixedILi20ELi10EL9ap_q_mode5EL9a_86, i20 %p_ZZN4nnet22compute_pool_buffer_2dINS_5arrayI8ap_fixedILi20ELi10EL9ap_q_mode5EL9a_85, i20 %p_ZZN4nnet22compute_pool_buffer_2dINS_5arrayI8ap_fixedILi20ELi10EL9ap_q_mode5EL9a_84, i20 %p_ZZN4nnet22compute_pool_buffer_2dINS_5arrayI8ap_fixedILi20ELi10EL9ap_q_mode5EL9a_83, i20 %p_ZZN4nnet22compute_pool_buffer_2dINS_5arrayI8ap_fixedILi20ELi10EL9ap_q_mode5EL9a_82, i20 %void_pooling2d_cl_stream_stream_array_ap_fixed_18u_0_line_buffer_9, i20 %void_pooling2d_cl_stream_stream_array_ap_fixed_18u_0_line_buffer_8, i20 %void_pooling2d_cl_stream_stream_array_ap_fixed_18u_0_line_buffer_7, i20 %void_pooling2d_cl_stream_stream_array_ap_fixed_18u_0_line_buffer_6, i20 %void_pooling2d_cl_stream_stream_array_ap_fixed_18u_0_line_buffer_5, i20 %void_pooling2d_cl_stream_stream_array_ap_fixed_18u_0_line_buffer_4, i20 %void_pooling2d_cl_stream_stream_array_ap_fixed_18u_0_line_buffer_3, i20 %void_pooling2d_cl_stream_stream_array_ap_fixed_18u_0_line_buffer_2, i20 %void_pooling2d_cl_stream_stream_array_ap_fixed_18u_0_line_buffer_1, i20 %void_pooling2d_cl_stream_stream_array_ap_fixed_18u_0_line_buffer, i20 %p_ZZN4nnet12pooling2d_clINS_5arrayI8ap_fixedILi20ELi10EL9ap_q_mode5EL9ap_o_mode3E_7, i20 %p_ZZN4nnet12pooling2d_clINS_5arrayI8ap_fixedILi20ELi10EL9ap_q_mode5EL9ap_o_mode3E_6, i20 %p_ZZN4nnet12pooling2d_clINS_5arrayI8ap_fixedILi20ELi10EL9ap_q_mode5EL9ap_o_mode3E_5, i20 %p_ZZN4nnet12pooling2d_clINS_5arrayI8ap_fixedILi20ELi10EL9ap_q_mode5EL9ap_o_mode3E_4, i20 %p_ZZN4nnet12pooling2d_clINS_5arrayI8ap_fixedILi20ELi10EL9ap_q_mode5EL9ap_o_mode3E_3, i20 %p_ZZN4nnet12pooling2d_clINS_5arrayI8ap_fixedILi20ELi10EL9ap_q_mode5EL9ap_o_mode3E_2, i20 %p_ZZN4nnet12pooling2d_clINS_5arrayI8ap_fixedILi20ELi10EL9ap_q_mode5EL9ap_o_mode3E_1, i20 %p_ZZN4nnet12pooling2d_clINS_5arrayI8ap_fixedILi20ELi10EL9ap_q_mode5EL9ap_o_mode3E" [firmware/nnet_utils/nnet_pooling_stream.h:52->firmware/nnet_utils/nnet_pooling_stream.h:115]   --->   Operation 74 'call' 'call_ln52' <Predicate = true> <Delay = 1.61> <CoreType = "Generic">   --->   Core 0 '' <Latency = 0> <II = 1> <Delay = 1.00> <Generic> <Opcode : >
ST_2 : Operation 75 [1/1] (0.00ns)   --->   "%storemerge = phi i32 %select_ln86, void %if.else.i, i32 0, void %if.then22.i" [firmware/nnet_utils/nnet_pooling_stream.h:86->firmware/nnet_utils/nnet_pooling_stream.h:115]   --->   Operation 75 'phi' 'storemerge' <Predicate = (icmp_ln76)> <Delay = 0.00>
ST_2 : Operation 76 [1/1] (0.00ns)   --->   "%store_ln82 = store i32 %storemerge, i32 %sY" [firmware/nnet_utils/nnet_pooling_stream.h:82->firmware/nnet_utils/nnet_pooling_stream.h:115]   --->   Operation 76 'store' 'store_ln82' <Predicate = (icmp_ln76)> <Delay = 0.00>
ST_2 : Operation 77 [1/1] (0.00ns)   --->   "%br_ln88 = br void %for.inc" [firmware/nnet_utils/nnet_pooling_stream.h:88->firmware/nnet_utils/nnet_pooling_stream.h:115]   --->   Operation 77 'br' 'br_ln88' <Predicate = (icmp_ln76)> <Delay = 0.00>

State 3 <SV = 2> <Delay = 12.6>
ST_3 : Operation 78 [1/1] (0.00ns)   --->   "%void_compute_pool_buffer_2d_array_const_ap_shift_reg_n_filt_stream_kernel_20 = load i20 %void_compute_pool_buffer_2d_array_const_ap_shift_reg_n_filt_stream_kernel_9" [firmware/nnet_utils/nnet_pooling_stream.h:63->firmware/nnet_utils/nnet_pooling_stream.h:115]   --->   Operation 78 'load' 'void_compute_pool_buffer_2d_array_const_ap_shift_reg_n_filt_stream_kernel_20' <Predicate = (icmp_ln55 & and_ln55_1)> <Delay = 0.00>
ST_3 : Operation 79 [1/1] (0.00ns)   --->   "%p_ZZN4nnet22compute_pool_buffer_2dINS_5arrayI8ap_fixedILi20ELi10EL9ap_q_mode5EL9a_483 = load i20 %p_ZZN4nnet22compute_pool_buffer_2dINS_5arrayI8ap_fixedILi20ELi10EL9ap_q_mode5EL9a_81" [firmware/nnet_utils/nnet_pooling_stream.h:63->firmware/nnet_utils/nnet_pooling_stream.h:115]   --->   Operation 79 'load' 'p_ZZN4nnet22compute_pool_buffer_2dINS_5arrayI8ap_fixedILi20ELi10EL9ap_q_mode5EL9a_483' <Predicate = (icmp_ln55 & and_ln55_1)> <Delay = 0.00>
ST_3 : Operation 80 [1/1] (0.00ns)   --->   "%p_ZZN4nnet22compute_pool_buffer_2dINS_5arrayI8ap_fixedILi20ELi10EL9ap_q_mode5EL9a_484 = load i20 %p_ZZN4nnet22compute_pool_buffer_2dINS_5arrayI8ap_fixedILi20ELi10EL9ap_q_mode5EL9a_63" [firmware/nnet_utils/nnet_pooling_stream.h:63->firmware/nnet_utils/nnet_pooling_stream.h:115]   --->   Operation 80 'load' 'p_ZZN4nnet22compute_pool_buffer_2dINS_5arrayI8ap_fixedILi20ELi10EL9ap_q_mode5EL9a_484' <Predicate = (icmp_ln55 & and_ln55_1)> <Delay = 0.00>
ST_3 : Operation 81 [1/1] (0.00ns)   --->   "%p_ZZN4nnet22compute_pool_buffer_2dINS_5arrayI8ap_fixedILi20ELi10EL9ap_q_mode5EL9a_485 = load i20 %p_ZZN4nnet22compute_pool_buffer_2dINS_5arrayI8ap_fixedILi20ELi10EL9ap_q_mode5EL9a_45" [firmware/nnet_utils/nnet_pooling_stream.h:63->firmware/nnet_utils/nnet_pooling_stream.h:115]   --->   Operation 81 'load' 'p_ZZN4nnet22compute_pool_buffer_2dINS_5arrayI8ap_fixedILi20ELi10EL9ap_q_mode5EL9a_485' <Predicate = (icmp_ln55 & and_ln55_1)> <Delay = 0.00>
ST_3 : Operation 82 [1/1] (0.00ns)   --->   "%p_ZZN4nnet22compute_pool_buffer_2dINS_5arrayI8ap_fixedILi20ELi10EL9ap_q_mode5EL9a_486 = load i20 %p_ZZN4nnet22compute_pool_buffer_2dINS_5arrayI8ap_fixedILi20ELi10EL9ap_q_mode5EL9a_27" [firmware/nnet_utils/nnet_pooling_stream.h:63->firmware/nnet_utils/nnet_pooling_stream.h:115]   --->   Operation 82 'load' 'p_ZZN4nnet22compute_pool_buffer_2dINS_5arrayI8ap_fixedILi20ELi10EL9ap_q_mode5EL9a_486' <Predicate = (icmp_ln55 & and_ln55_1)> <Delay = 0.00>
ST_3 : Operation 83 [1/1] (0.00ns)   --->   "%p_ZZN4nnet22compute_pool_buffer_2dINS_5arrayI8ap_fixedILi20ELi10EL9ap_q_mode5EL9a_487 = load i20 %p_ZZN4nnet22compute_pool_buffer_2dINS_5arrayI8ap_fixedILi20ELi10EL9ap_q_mode5EL9a_9" [firmware/nnet_utils/nnet_pooling_stream.h:63->firmware/nnet_utils/nnet_pooling_stream.h:115]   --->   Operation 83 'load' 'p_ZZN4nnet22compute_pool_buffer_2dINS_5arrayI8ap_fixedILi20ELi10EL9ap_q_mode5EL9a_487' <Predicate = (icmp_ln55 & and_ln55_1)> <Delay = 0.00>
ST_3 : Operation 84 [1/1] (0.00ns)   --->   "%p_ZZN4nnet22compute_pool_buffer_2dINS_5arrayI8ap_fixedILi20ELi10EL9ap_q_mode5EL9a_488 = load i20 %p_ZZN4nnet22compute_pool_buffer_2dINS_5arrayI8ap_fixedILi20ELi10EL9ap_q_mode5EL9a_254" [firmware/nnet_utils/nnet_pooling_stream.h:63->firmware/nnet_utils/nnet_pooling_stream.h:115]   --->   Operation 84 'load' 'p_ZZN4nnet22compute_pool_buffer_2dINS_5arrayI8ap_fixedILi20ELi10EL9ap_q_mode5EL9a_488' <Predicate = (icmp_ln55 & and_ln55_1)> <Delay = 0.00>
ST_3 : Operation 85 [1/1] (0.00ns)   --->   "%p_ZZN4nnet22compute_pool_buffer_2dINS_5arrayI8ap_fixedILi20ELi10EL9ap_q_mode5EL9a_489 = load i20 %p_ZZN4nnet22compute_pool_buffer_2dINS_5arrayI8ap_fixedILi20ELi10EL9ap_q_mode5EL9a_274" [firmware/nnet_utils/nnet_pooling_stream.h:63->firmware/nnet_utils/nnet_pooling_stream.h:115]   --->   Operation 85 'load' 'p_ZZN4nnet22compute_pool_buffer_2dINS_5arrayI8ap_fixedILi20ELi10EL9ap_q_mode5EL9a_489' <Predicate = (icmp_ln55 & and_ln55_1)> <Delay = 0.00>
ST_3 : Operation 86 [1/1] (0.00ns)   --->   "%p_ZZN4nnet22compute_pool_buffer_2dINS_5arrayI8ap_fixedILi20ELi10EL9ap_q_mode5EL9a_490 = load i20 %p_ZZN4nnet22compute_pool_buffer_2dINS_5arrayI8ap_fixedILi20ELi10EL9ap_q_mode5EL9a_294" [firmware/nnet_utils/nnet_pooling_stream.h:63->firmware/nnet_utils/nnet_pooling_stream.h:115]   --->   Operation 86 'load' 'p_ZZN4nnet22compute_pool_buffer_2dINS_5arrayI8ap_fixedILi20ELi10EL9ap_q_mode5EL9a_490' <Predicate = (icmp_ln55 & and_ln55_1)> <Delay = 0.00>
ST_3 : Operation 87 [1/1] (0.00ns)   --->   "%p_ZZN4nnet22compute_pool_buffer_2dINS_5arrayI8ap_fixedILi20ELi10EL9ap_q_mode5EL9a_491 = load i20 %p_ZZN4nnet22compute_pool_buffer_2dINS_5arrayI8ap_fixedILi20ELi10EL9ap_q_mode5EL9a_314" [firmware/nnet_utils/nnet_pooling_stream.h:63->firmware/nnet_utils/nnet_pooling_stream.h:115]   --->   Operation 87 'load' 'p_ZZN4nnet22compute_pool_buffer_2dINS_5arrayI8ap_fixedILi20ELi10EL9ap_q_mode5EL9a_491' <Predicate = (icmp_ln55 & and_ln55_1)> <Delay = 0.00>
ST_3 : Operation 88 [1/1] (2.19ns)   --->   "%icmp_ln66 = icmp_slt  i20 %void_compute_pool_buffer_2d_array_const_ap_shift_reg_n_filt_stream_kernel_20, i20 %p_ZZN4nnet22compute_pool_buffer_2dINS_5arrayI8ap_fixedILi20ELi10EL9ap_q_mode5EL9a_483" [firmware/nnet_utils/nnet_common.h:66->firmware/nnet_utils/nnet_common.h:44->firmware/nnet_utils/nnet_common.h:46->firmware/nnet_utils/nnet_common.h:46->firmware/nnet_utils/nnet_common.h:46->firmware/nnet_utils/nnet_pooling_stream.h:21->firmware/nnet_utils/nnet_pooling_stream.h:68->firmware/nnet_utils/nnet_pooling_stream.h:115]   --->   Operation 88 'icmp' 'icmp_ln66' <Predicate = (icmp_ln55 & and_ln55_1)> <Delay = 2.19> <CoreInst = "Cmp">   --->   Core 9 'Cmp' <Latency = 0> <II = 1> <Delay = 2.19> <FuncUnit> <Opcode : 'seteq' 'setne' 'setle' 'setge' 'setlt' 'setgt'> <InPorts = 2> <OutPorts = 1>
ST_3 : Operation 89 [1/1] (0.00ns) (grouped into LUT with out node select_ln0)   --->   "%xor_ln66 = xor i1 %icmp_ln66, i1 1" [firmware/nnet_utils/nnet_common.h:66->firmware/nnet_utils/nnet_common.h:44->firmware/nnet_utils/nnet_common.h:46->firmware/nnet_utils/nnet_common.h:46->firmware/nnet_utils/nnet_common.h:46->firmware/nnet_utils/nnet_pooling_stream.h:21->firmware/nnet_utils/nnet_pooling_stream.h:68->firmware/nnet_utils/nnet_pooling_stream.h:115]   --->   Operation 89 'xor' 'xor_ln66' <Predicate = (icmp_ln55 & and_ln55_1)> <Delay = 0.00> <CoreInst = "LogicGate">   --->   Core 74 'LogicGate' <Latency = 0> <II = 1> <Delay = 0.97> <FuncUnit> <Opcode : 'and' 'or' 'xor'> <InPorts = 2> <OutPorts = 1>
ST_3 : Operation 90 [1/1] (0.97ns) (out node of the LUT)   --->   "%select_ln0 = select i1 %xor_ln66, i20 %void_compute_pool_buffer_2d_array_const_ap_shift_reg_n_filt_stream_kernel_20, i20 %p_ZZN4nnet22compute_pool_buffer_2dINS_5arrayI8ap_fixedILi20ELi10EL9ap_q_mode5EL9a_483" [firmware/nnet_utils/nnet_common.h:0->firmware/nnet_utils/nnet_common.h:46->firmware/nnet_utils/nnet_common.h:46->firmware/nnet_utils/nnet_common.h:46->firmware/nnet_utils/nnet_pooling_stream.h:21->firmware/nnet_utils/nnet_pooling_stream.h:68->firmware/nnet_utils/nnet_pooling_stream.h:115]   --->   Operation 90 'select' 'select_ln0' <Predicate = (icmp_ln55 & and_ln55_1)> <Delay = 0.97> <CoreInst = "Sel">   --->   Core 73 'Sel' <Latency = 0> <II = 1> <Delay = 0.70> <FuncUnit> <Opcode : 'select'> <InPorts = 3> <OutPorts = 1>
ST_3 : Operation 91 [1/1] (2.19ns)   --->   "%icmp_ln66_1 = icmp_slt  i20 %p_ZZN4nnet22compute_pool_buffer_2dINS_5arrayI8ap_fixedILi20ELi10EL9ap_q_mode5EL9a_484, i20 %p_ZZN4nnet22compute_pool_buffer_2dINS_5arrayI8ap_fixedILi20ELi10EL9ap_q_mode5EL9a_485" [firmware/nnet_utils/nnet_common.h:66->firmware/nnet_utils/nnet_common.h:44->firmware/nnet_utils/nnet_common.h:46->firmware/nnet_utils/nnet_common.h:46->firmware/nnet_utils/nnet_common.h:46->firmware/nnet_utils/nnet_pooling_stream.h:21->firmware/nnet_utils/nnet_pooling_stream.h:68->firmware/nnet_utils/nnet_pooling_stream.h:115]   --->   Operation 91 'icmp' 'icmp_ln66_1' <Predicate = (icmp_ln55 & and_ln55_1)> <Delay = 2.19> <CoreInst = "Cmp">   --->   Core 9 'Cmp' <Latency = 0> <II = 1> <Delay = 2.19> <FuncUnit> <Opcode : 'seteq' 'setne' 'setle' 'setge' 'setlt' 'setgt'> <InPorts = 2> <OutPorts = 1>
ST_3 : Operation 92 [1/1] (0.00ns) (grouped into LUT with out node select_ln0_1)   --->   "%xor_ln66_1 = xor i1 %icmp_ln66_1, i1 1" [firmware/nnet_utils/nnet_common.h:66->firmware/nnet_utils/nnet_common.h:44->firmware/nnet_utils/nnet_common.h:46->firmware/nnet_utils/nnet_common.h:46->firmware/nnet_utils/nnet_common.h:46->firmware/nnet_utils/nnet_pooling_stream.h:21->firmware/nnet_utils/nnet_pooling_stream.h:68->firmware/nnet_utils/nnet_pooling_stream.h:115]   --->   Operation 92 'xor' 'xor_ln66_1' <Predicate = (icmp_ln55 & and_ln55_1)> <Delay = 0.00> <CoreInst = "LogicGate">   --->   Core 74 'LogicGate' <Latency = 0> <II = 1> <Delay = 0.97> <FuncUnit> <Opcode : 'and' 'or' 'xor'> <InPorts = 2> <OutPorts = 1>
ST_3 : Operation 93 [1/1] (0.97ns) (out node of the LUT)   --->   "%select_ln0_1 = select i1 %xor_ln66_1, i20 %p_ZZN4nnet22compute_pool_buffer_2dINS_5arrayI8ap_fixedILi20ELi10EL9ap_q_mode5EL9a_484, i20 %p_ZZN4nnet22compute_pool_buffer_2dINS_5arrayI8ap_fixedILi20ELi10EL9ap_q_mode5EL9a_485" [firmware/nnet_utils/nnet_common.h:0->firmware/nnet_utils/nnet_common.h:46->firmware/nnet_utils/nnet_common.h:46->firmware/nnet_utils/nnet_common.h:46->firmware/nnet_utils/nnet_pooling_stream.h:21->firmware/nnet_utils/nnet_pooling_stream.h:68->firmware/nnet_utils/nnet_pooling_stream.h:115]   --->   Operation 93 'select' 'select_ln0_1' <Predicate = (icmp_ln55 & and_ln55_1)> <Delay = 0.97> <CoreInst = "Sel">   --->   Core 73 'Sel' <Latency = 0> <II = 1> <Delay = 0.70> <FuncUnit> <Opcode : 'select'> <InPorts = 3> <OutPorts = 1>
ST_3 : Operation 94 [1/1] (2.19ns)   --->   "%icmp_ln66_2 = icmp_slt  i20 %select_ln0, i20 %select_ln0_1" [firmware/nnet_utils/nnet_common.h:66->firmware/nnet_utils/nnet_common.h:46->firmware/nnet_utils/nnet_common.h:46->firmware/nnet_utils/nnet_common.h:46->firmware/nnet_utils/nnet_pooling_stream.h:21->firmware/nnet_utils/nnet_pooling_stream.h:68->firmware/nnet_utils/nnet_pooling_stream.h:115]   --->   Operation 94 'icmp' 'icmp_ln66_2' <Predicate = (icmp_ln55 & and_ln55_1)> <Delay = 2.19> <CoreInst = "Cmp">   --->   Core 9 'Cmp' <Latency = 0> <II = 1> <Delay = 2.19> <FuncUnit> <Opcode : 'seteq' 'setne' 'setle' 'setge' 'setlt' 'setgt'> <InPorts = 2> <OutPorts = 1>
ST_3 : Operation 95 [1/1] (0.00ns) (grouped into LUT with out node select_ln0_2)   --->   "%xor_ln66_2 = xor i1 %icmp_ln66_2, i1 1" [firmware/nnet_utils/nnet_common.h:66->firmware/nnet_utils/nnet_common.h:46->firmware/nnet_utils/nnet_common.h:46->firmware/nnet_utils/nnet_common.h:46->firmware/nnet_utils/nnet_pooling_stream.h:21->firmware/nnet_utils/nnet_pooling_stream.h:68->firmware/nnet_utils/nnet_pooling_stream.h:115]   --->   Operation 95 'xor' 'xor_ln66_2' <Predicate = (icmp_ln55 & and_ln55_1)> <Delay = 0.00> <CoreInst = "LogicGate">   --->   Core 74 'LogicGate' <Latency = 0> <II = 1> <Delay = 0.97> <FuncUnit> <Opcode : 'and' 'or' 'xor'> <InPorts = 2> <OutPorts = 1>
ST_3 : Operation 96 [1/1] (0.97ns) (out node of the LUT)   --->   "%select_ln0_2 = select i1 %xor_ln66_2, i20 %select_ln0, i20 %select_ln0_1" [firmware/nnet_utils/nnet_common.h:0->firmware/nnet_utils/nnet_common.h:46->firmware/nnet_utils/nnet_common.h:46->firmware/nnet_utils/nnet_pooling_stream.h:21->firmware/nnet_utils/nnet_pooling_stream.h:68->firmware/nnet_utils/nnet_pooling_stream.h:115]   --->   Operation 96 'select' 'select_ln0_2' <Predicate = (icmp_ln55 & and_ln55_1)> <Delay = 0.97> <CoreInst = "Sel">   --->   Core 73 'Sel' <Latency = 0> <II = 1> <Delay = 0.70> <FuncUnit> <Opcode : 'select'> <InPorts = 3> <OutPorts = 1>
ST_3 : Operation 97 [1/1] (2.19ns)   --->   "%icmp_ln66_3 = icmp_slt  i20 %p_ZZN4nnet22compute_pool_buffer_2dINS_5arrayI8ap_fixedILi20ELi10EL9ap_q_mode5EL9a_486, i20 %p_ZZN4nnet22compute_pool_buffer_2dINS_5arrayI8ap_fixedILi20ELi10EL9ap_q_mode5EL9a_487" [firmware/nnet_utils/nnet_common.h:66->firmware/nnet_utils/nnet_common.h:44->firmware/nnet_utils/nnet_common.h:46->firmware/nnet_utils/nnet_common.h:46->firmware/nnet_utils/nnet_common.h:46->firmware/nnet_utils/nnet_pooling_stream.h:21->firmware/nnet_utils/nnet_pooling_stream.h:68->firmware/nnet_utils/nnet_pooling_stream.h:115]   --->   Operation 97 'icmp' 'icmp_ln66_3' <Predicate = (icmp_ln55 & and_ln55_1)> <Delay = 2.19> <CoreInst = "Cmp">   --->   Core 9 'Cmp' <Latency = 0> <II = 1> <Delay = 2.19> <FuncUnit> <Opcode : 'seteq' 'setne' 'setle' 'setge' 'setlt' 'setgt'> <InPorts = 2> <OutPorts = 1>
ST_3 : Operation 98 [1/1] (0.00ns) (grouped into LUT with out node select_ln0_3)   --->   "%xor_ln66_3 = xor i1 %icmp_ln66_3, i1 1" [firmware/nnet_utils/nnet_common.h:66->firmware/nnet_utils/nnet_common.h:44->firmware/nnet_utils/nnet_common.h:46->firmware/nnet_utils/nnet_common.h:46->firmware/nnet_utils/nnet_common.h:46->firmware/nnet_utils/nnet_pooling_stream.h:21->firmware/nnet_utils/nnet_pooling_stream.h:68->firmware/nnet_utils/nnet_pooling_stream.h:115]   --->   Operation 98 'xor' 'xor_ln66_3' <Predicate = (icmp_ln55 & and_ln55_1)> <Delay = 0.00> <CoreInst = "LogicGate">   --->   Core 74 'LogicGate' <Latency = 0> <II = 1> <Delay = 0.97> <FuncUnit> <Opcode : 'and' 'or' 'xor'> <InPorts = 2> <OutPorts = 1>
ST_3 : Operation 99 [1/1] (0.97ns) (out node of the LUT)   --->   "%select_ln0_3 = select i1 %xor_ln66_3, i20 %p_ZZN4nnet22compute_pool_buffer_2dINS_5arrayI8ap_fixedILi20ELi10EL9ap_q_mode5EL9a_486, i20 %p_ZZN4nnet22compute_pool_buffer_2dINS_5arrayI8ap_fixedILi20ELi10EL9ap_q_mode5EL9a_487" [firmware/nnet_utils/nnet_common.h:0->firmware/nnet_utils/nnet_common.h:46->firmware/nnet_utils/nnet_common.h:46->firmware/nnet_utils/nnet_common.h:46->firmware/nnet_utils/nnet_pooling_stream.h:21->firmware/nnet_utils/nnet_pooling_stream.h:68->firmware/nnet_utils/nnet_pooling_stream.h:115]   --->   Operation 99 'select' 'select_ln0_3' <Predicate = (icmp_ln55 & and_ln55_1)> <Delay = 0.97> <CoreInst = "Sel">   --->   Core 73 'Sel' <Latency = 0> <II = 1> <Delay = 0.70> <FuncUnit> <Opcode : 'select'> <InPorts = 3> <OutPorts = 1>
ST_3 : Operation 100 [1/1] (2.19ns)   --->   "%icmp_ln66_4 = icmp_slt  i20 %p_ZZN4nnet22compute_pool_buffer_2dINS_5arrayI8ap_fixedILi20ELi10EL9ap_q_mode5EL9a_488, i20 %p_ZZN4nnet22compute_pool_buffer_2dINS_5arrayI8ap_fixedILi20ELi10EL9ap_q_mode5EL9a_489" [firmware/nnet_utils/nnet_common.h:66->firmware/nnet_utils/nnet_common.h:44->firmware/nnet_utils/nnet_common.h:46->firmware/nnet_utils/nnet_common.h:46->firmware/nnet_utils/nnet_common.h:46->firmware/nnet_utils/nnet_pooling_stream.h:21->firmware/nnet_utils/nnet_pooling_stream.h:68->firmware/nnet_utils/nnet_pooling_stream.h:115]   --->   Operation 100 'icmp' 'icmp_ln66_4' <Predicate = (icmp_ln55 & and_ln55_1)> <Delay = 2.19> <CoreInst = "Cmp">   --->   Core 9 'Cmp' <Latency = 0> <II = 1> <Delay = 2.19> <FuncUnit> <Opcode : 'seteq' 'setne' 'setle' 'setge' 'setlt' 'setgt'> <InPorts = 2> <OutPorts = 1>
ST_3 : Operation 101 [1/1] (0.00ns) (grouped into LUT with out node select_ln0_4)   --->   "%xor_ln66_4 = xor i1 %icmp_ln66_4, i1 1" [firmware/nnet_utils/nnet_common.h:66->firmware/nnet_utils/nnet_common.h:44->firmware/nnet_utils/nnet_common.h:46->firmware/nnet_utils/nnet_common.h:46->firmware/nnet_utils/nnet_common.h:46->firmware/nnet_utils/nnet_pooling_stream.h:21->firmware/nnet_utils/nnet_pooling_stream.h:68->firmware/nnet_utils/nnet_pooling_stream.h:115]   --->   Operation 101 'xor' 'xor_ln66_4' <Predicate = (icmp_ln55 & and_ln55_1)> <Delay = 0.00> <CoreInst = "LogicGate">   --->   Core 74 'LogicGate' <Latency = 0> <II = 1> <Delay = 0.97> <FuncUnit> <Opcode : 'and' 'or' 'xor'> <InPorts = 2> <OutPorts = 1>
ST_3 : Operation 102 [1/1] (0.97ns) (out node of the LUT)   --->   "%select_ln0_4 = select i1 %xor_ln66_4, i20 %p_ZZN4nnet22compute_pool_buffer_2dINS_5arrayI8ap_fixedILi20ELi10EL9ap_q_mode5EL9a_488, i20 %p_ZZN4nnet22compute_pool_buffer_2dINS_5arrayI8ap_fixedILi20ELi10EL9ap_q_mode5EL9a_489" [firmware/nnet_utils/nnet_common.h:0->firmware/nnet_utils/nnet_common.h:46->firmware/nnet_utils/nnet_common.h:46->firmware/nnet_utils/nnet_common.h:46->firmware/nnet_utils/nnet_pooling_stream.h:21->firmware/nnet_utils/nnet_pooling_stream.h:68->firmware/nnet_utils/nnet_pooling_stream.h:115]   --->   Operation 102 'select' 'select_ln0_4' <Predicate = (icmp_ln55 & and_ln55_1)> <Delay = 0.97> <CoreInst = "Sel">   --->   Core 73 'Sel' <Latency = 0> <II = 1> <Delay = 0.70> <FuncUnit> <Opcode : 'select'> <InPorts = 3> <OutPorts = 1>
ST_3 : Operation 103 [1/1] (2.19ns)   --->   "%icmp_ln66_5 = icmp_slt  i20 %select_ln0_3, i20 %select_ln0_4" [firmware/nnet_utils/nnet_common.h:66->firmware/nnet_utils/nnet_common.h:46->firmware/nnet_utils/nnet_common.h:46->firmware/nnet_utils/nnet_common.h:46->firmware/nnet_utils/nnet_pooling_stream.h:21->firmware/nnet_utils/nnet_pooling_stream.h:68->firmware/nnet_utils/nnet_pooling_stream.h:115]   --->   Operation 103 'icmp' 'icmp_ln66_5' <Predicate = (icmp_ln55 & and_ln55_1)> <Delay = 2.19> <CoreInst = "Cmp">   --->   Core 9 'Cmp' <Latency = 0> <II = 1> <Delay = 2.19> <FuncUnit> <Opcode : 'seteq' 'setne' 'setle' 'setge' 'setlt' 'setgt'> <InPorts = 2> <OutPorts = 1>
ST_3 : Operation 104 [1/1] (0.00ns) (grouped into LUT with out node select_ln0_5)   --->   "%xor_ln66_5 = xor i1 %icmp_ln66_5, i1 1" [firmware/nnet_utils/nnet_common.h:66->firmware/nnet_utils/nnet_common.h:46->firmware/nnet_utils/nnet_common.h:46->firmware/nnet_utils/nnet_common.h:46->firmware/nnet_utils/nnet_pooling_stream.h:21->firmware/nnet_utils/nnet_pooling_stream.h:68->firmware/nnet_utils/nnet_pooling_stream.h:115]   --->   Operation 104 'xor' 'xor_ln66_5' <Predicate = (icmp_ln55 & and_ln55_1)> <Delay = 0.00> <CoreInst = "LogicGate">   --->   Core 74 'LogicGate' <Latency = 0> <II = 1> <Delay = 0.97> <FuncUnit> <Opcode : 'and' 'or' 'xor'> <InPorts = 2> <OutPorts = 1>
ST_3 : Operation 105 [1/1] (0.97ns) (out node of the LUT)   --->   "%select_ln0_5 = select i1 %xor_ln66_5, i20 %select_ln0_3, i20 %select_ln0_4" [firmware/nnet_utils/nnet_common.h:0->firmware/nnet_utils/nnet_common.h:46->firmware/nnet_utils/nnet_common.h:46->firmware/nnet_utils/nnet_pooling_stream.h:21->firmware/nnet_utils/nnet_pooling_stream.h:68->firmware/nnet_utils/nnet_pooling_stream.h:115]   --->   Operation 105 'select' 'select_ln0_5' <Predicate = (icmp_ln55 & and_ln55_1)> <Delay = 0.97> <CoreInst = "Sel">   --->   Core 73 'Sel' <Latency = 0> <II = 1> <Delay = 0.70> <FuncUnit> <Opcode : 'select'> <InPorts = 3> <OutPorts = 1>
ST_3 : Operation 106 [1/1] (2.19ns)   --->   "%icmp_ln66_6 = icmp_slt  i20 %select_ln0_2, i20 %select_ln0_5" [firmware/nnet_utils/nnet_common.h:66->firmware/nnet_utils/nnet_common.h:46->firmware/nnet_utils/nnet_common.h:46->firmware/nnet_utils/nnet_pooling_stream.h:21->firmware/nnet_utils/nnet_pooling_stream.h:68->firmware/nnet_utils/nnet_pooling_stream.h:115]   --->   Operation 106 'icmp' 'icmp_ln66_6' <Predicate = (icmp_ln55 & and_ln55_1)> <Delay = 2.19> <CoreInst = "Cmp">   --->   Core 9 'Cmp' <Latency = 0> <II = 1> <Delay = 2.19> <FuncUnit> <Opcode : 'seteq' 'setne' 'setle' 'setge' 'setlt' 'setgt'> <InPorts = 2> <OutPorts = 1>
ST_3 : Operation 107 [1/1] (0.00ns) (grouped into LUT with out node select_ln0_6)   --->   "%xor_ln66_6 = xor i1 %icmp_ln66_6, i1 1" [firmware/nnet_utils/nnet_common.h:66->firmware/nnet_utils/nnet_common.h:46->firmware/nnet_utils/nnet_common.h:46->firmware/nnet_utils/nnet_pooling_stream.h:21->firmware/nnet_utils/nnet_pooling_stream.h:68->firmware/nnet_utils/nnet_pooling_stream.h:115]   --->   Operation 107 'xor' 'xor_ln66_6' <Predicate = (icmp_ln55 & and_ln55_1)> <Delay = 0.00> <CoreInst = "LogicGate">   --->   Core 74 'LogicGate' <Latency = 0> <II = 1> <Delay = 0.97> <FuncUnit> <Opcode : 'and' 'or' 'xor'> <InPorts = 2> <OutPorts = 1>
ST_3 : Operation 108 [1/1] (0.97ns) (out node of the LUT)   --->   "%select_ln0_6 = select i1 %xor_ln66_6, i20 %select_ln0_2, i20 %select_ln0_5" [firmware/nnet_utils/nnet_common.h:0->firmware/nnet_utils/nnet_common.h:46->firmware/nnet_utils/nnet_pooling_stream.h:21->firmware/nnet_utils/nnet_pooling_stream.h:68->firmware/nnet_utils/nnet_pooling_stream.h:115]   --->   Operation 108 'select' 'select_ln0_6' <Predicate = (icmp_ln55 & and_ln55_1)> <Delay = 0.97> <CoreInst = "Sel">   --->   Core 73 'Sel' <Latency = 0> <II = 1> <Delay = 0.70> <FuncUnit> <Opcode : 'select'> <InPorts = 3> <OutPorts = 1>
ST_3 : Operation 109 [1/1] (2.19ns)   --->   "%icmp_ln66_7 = icmp_slt  i20 %p_ZZN4nnet22compute_pool_buffer_2dINS_5arrayI8ap_fixedILi20ELi10EL9ap_q_mode5EL9a_490, i20 %p_ZZN4nnet22compute_pool_buffer_2dINS_5arrayI8ap_fixedILi20ELi10EL9ap_q_mode5EL9a_491" [firmware/nnet_utils/nnet_common.h:66->firmware/nnet_utils/nnet_common.h:44->firmware/nnet_utils/nnet_common.h:46->firmware/nnet_utils/nnet_pooling_stream.h:21->firmware/nnet_utils/nnet_pooling_stream.h:68->firmware/nnet_utils/nnet_pooling_stream.h:115]   --->   Operation 109 'icmp' 'icmp_ln66_7' <Predicate = (icmp_ln55 & and_ln55_1)> <Delay = 2.19> <CoreInst = "Cmp">   --->   Core 9 'Cmp' <Latency = 0> <II = 1> <Delay = 2.19> <FuncUnit> <Opcode : 'seteq' 'setne' 'setle' 'setge' 'setlt' 'setgt'> <InPorts = 2> <OutPorts = 1>
ST_3 : Operation 110 [1/1] (0.00ns) (grouped into LUT with out node select_ln0_7)   --->   "%xor_ln66_7 = xor i1 %icmp_ln66_7, i1 1" [firmware/nnet_utils/nnet_common.h:66->firmware/nnet_utils/nnet_common.h:44->firmware/nnet_utils/nnet_common.h:46->firmware/nnet_utils/nnet_pooling_stream.h:21->firmware/nnet_utils/nnet_pooling_stream.h:68->firmware/nnet_utils/nnet_pooling_stream.h:115]   --->   Operation 110 'xor' 'xor_ln66_7' <Predicate = (icmp_ln55 & and_ln55_1)> <Delay = 0.00> <CoreInst = "LogicGate">   --->   Core 74 'LogicGate' <Latency = 0> <II = 1> <Delay = 0.97> <FuncUnit> <Opcode : 'and' 'or' 'xor'> <InPorts = 2> <OutPorts = 1>
ST_3 : Operation 111 [1/1] (0.97ns) (out node of the LUT)   --->   "%select_ln0_7 = select i1 %xor_ln66_7, i20 %p_ZZN4nnet22compute_pool_buffer_2dINS_5arrayI8ap_fixedILi20ELi10EL9ap_q_mode5EL9a_490, i20 %p_ZZN4nnet22compute_pool_buffer_2dINS_5arrayI8ap_fixedILi20ELi10EL9ap_q_mode5EL9a_491" [firmware/nnet_utils/nnet_common.h:0->firmware/nnet_utils/nnet_common.h:46->firmware/nnet_utils/nnet_pooling_stream.h:21->firmware/nnet_utils/nnet_pooling_stream.h:68->firmware/nnet_utils/nnet_pooling_stream.h:115]   --->   Operation 111 'select' 'select_ln0_7' <Predicate = (icmp_ln55 & and_ln55_1)> <Delay = 0.97> <CoreInst = "Sel">   --->   Core 73 'Sel' <Latency = 0> <II = 1> <Delay = 0.70> <FuncUnit> <Opcode : 'select'> <InPorts = 3> <OutPorts = 1>
ST_3 : Operation 112 [1/1] (2.19ns)   --->   "%icmp_ln66_8 = icmp_slt  i20 %select_ln0_6, i20 %select_ln0_7" [firmware/nnet_utils/nnet_common.h:66->firmware/nnet_utils/nnet_common.h:46->firmware/nnet_utils/nnet_pooling_stream.h:21->firmware/nnet_utils/nnet_pooling_stream.h:68->firmware/nnet_utils/nnet_pooling_stream.h:115]   --->   Operation 112 'icmp' 'icmp_ln66_8' <Predicate = (icmp_ln55 & and_ln55_1)> <Delay = 2.19> <CoreInst = "Cmp">   --->   Core 9 'Cmp' <Latency = 0> <II = 1> <Delay = 2.19> <FuncUnit> <Opcode : 'seteq' 'setne' 'setle' 'setge' 'setlt' 'setgt'> <InPorts = 2> <OutPorts = 1>
ST_3 : Operation 113 [1/1] (0.00ns) (grouped into LUT with out node res_pack)   --->   "%xor_ln66_8 = xor i1 %icmp_ln66_8, i1 1" [firmware/nnet_utils/nnet_common.h:66->firmware/nnet_utils/nnet_common.h:46->firmware/nnet_utils/nnet_pooling_stream.h:21->firmware/nnet_utils/nnet_pooling_stream.h:68->firmware/nnet_utils/nnet_pooling_stream.h:115]   --->   Operation 113 'xor' 'xor_ln66_8' <Predicate = (icmp_ln55 & and_ln55_1)> <Delay = 0.00> <CoreInst = "LogicGate">   --->   Core 74 'LogicGate' <Latency = 0> <II = 1> <Delay = 0.97> <FuncUnit> <Opcode : 'and' 'or' 'xor'> <InPorts = 2> <OutPorts = 1>
ST_3 : Operation 114 [1/1] (0.97ns) (out node of the LUT)   --->   "%res_pack = select i1 %xor_ln66_8, i20 %select_ln0_6, i20 %select_ln0_7" [firmware/nnet_utils/nnet_pooling_stream.h:67->firmware/nnet_utils/nnet_pooling_stream.h:115]   --->   Operation 114 'select' 'res_pack' <Predicate = (icmp_ln55 & and_ln55_1)> <Delay = 0.97> <CoreInst = "Sel">   --->   Core 73 'Sel' <Latency = 0> <II = 1> <Delay = 0.70> <FuncUnit> <Opcode : 'select'> <InPorts = 3> <OutPorts = 1>
ST_3 : Operation 115 [1/1] (0.00ns)   --->   "%void_compute_pool_buffer_2d_array_const_ap_shift_reg_n_filt_stream_kernel_21 = load i20 %void_compute_pool_buffer_2d_array_const_ap_shift_reg_n_filt_stream_kernel_8" [firmware/nnet_utils/nnet_pooling_stream.h:63->firmware/nnet_utils/nnet_pooling_stream.h:115]   --->   Operation 115 'load' 'void_compute_pool_buffer_2d_array_const_ap_shift_reg_n_filt_stream_kernel_21' <Predicate = (icmp_ln55 & and_ln55_1)> <Delay = 0.00>
ST_3 : Operation 116 [1/1] (0.00ns)   --->   "%p_ZZN4nnet22compute_pool_buffer_2dINS_5arrayI8ap_fixedILi20ELi10EL9ap_q_mode5EL9a_492 = load i20 %p_ZZN4nnet22compute_pool_buffer_2dINS_5arrayI8ap_fixedILi20ELi10EL9ap_q_mode5EL9a_80" [firmware/nnet_utils/nnet_pooling_stream.h:63->firmware/nnet_utils/nnet_pooling_stream.h:115]   --->   Operation 116 'load' 'p_ZZN4nnet22compute_pool_buffer_2dINS_5arrayI8ap_fixedILi20ELi10EL9ap_q_mode5EL9a_492' <Predicate = (icmp_ln55 & and_ln55_1)> <Delay = 0.00>
ST_3 : Operation 117 [1/1] (0.00ns)   --->   "%p_ZZN4nnet22compute_pool_buffer_2dINS_5arrayI8ap_fixedILi20ELi10EL9ap_q_mode5EL9a_493 = load i20 %p_ZZN4nnet22compute_pool_buffer_2dINS_5arrayI8ap_fixedILi20ELi10EL9ap_q_mode5EL9a_62" [firmware/nnet_utils/nnet_pooling_stream.h:63->firmware/nnet_utils/nnet_pooling_stream.h:115]   --->   Operation 117 'load' 'p_ZZN4nnet22compute_pool_buffer_2dINS_5arrayI8ap_fixedILi20ELi10EL9ap_q_mode5EL9a_493' <Predicate = (icmp_ln55 & and_ln55_1)> <Delay = 0.00>
ST_3 : Operation 118 [1/1] (0.00ns)   --->   "%p_ZZN4nnet22compute_pool_buffer_2dINS_5arrayI8ap_fixedILi20ELi10EL9ap_q_mode5EL9a_494 = load i20 %p_ZZN4nnet22compute_pool_buffer_2dINS_5arrayI8ap_fixedILi20ELi10EL9ap_q_mode5EL9a_44" [firmware/nnet_utils/nnet_pooling_stream.h:63->firmware/nnet_utils/nnet_pooling_stream.h:115]   --->   Operation 118 'load' 'p_ZZN4nnet22compute_pool_buffer_2dINS_5arrayI8ap_fixedILi20ELi10EL9ap_q_mode5EL9a_494' <Predicate = (icmp_ln55 & and_ln55_1)> <Delay = 0.00>
ST_3 : Operation 119 [1/1] (0.00ns)   --->   "%p_ZZN4nnet22compute_pool_buffer_2dINS_5arrayI8ap_fixedILi20ELi10EL9ap_q_mode5EL9a_495 = load i20 %p_ZZN4nnet22compute_pool_buffer_2dINS_5arrayI8ap_fixedILi20ELi10EL9ap_q_mode5EL9a_26" [firmware/nnet_utils/nnet_pooling_stream.h:63->firmware/nnet_utils/nnet_pooling_stream.h:115]   --->   Operation 119 'load' 'p_ZZN4nnet22compute_pool_buffer_2dINS_5arrayI8ap_fixedILi20ELi10EL9ap_q_mode5EL9a_495' <Predicate = (icmp_ln55 & and_ln55_1)> <Delay = 0.00>
ST_3 : Operation 120 [1/1] (0.00ns)   --->   "%p_ZZN4nnet22compute_pool_buffer_2dINS_5arrayI8ap_fixedILi20ELi10EL9ap_q_mode5EL9a_496 = load i20 %p_ZZN4nnet22compute_pool_buffer_2dINS_5arrayI8ap_fixedILi20ELi10EL9ap_q_mode5EL9a_8" [firmware/nnet_utils/nnet_pooling_stream.h:63->firmware/nnet_utils/nnet_pooling_stream.h:115]   --->   Operation 120 'load' 'p_ZZN4nnet22compute_pool_buffer_2dINS_5arrayI8ap_fixedILi20ELi10EL9ap_q_mode5EL9a_496' <Predicate = (icmp_ln55 & and_ln55_1)> <Delay = 0.00>
ST_3 : Operation 121 [1/1] (0.00ns)   --->   "%p_ZZN4nnet22compute_pool_buffer_2dINS_5arrayI8ap_fixedILi20ELi10EL9ap_q_mode5EL9a_497 = load i20 %p_ZZN4nnet22compute_pool_buffer_2dINS_5arrayI8ap_fixedILi20ELi10EL9ap_q_mode5EL9a_255" [firmware/nnet_utils/nnet_pooling_stream.h:63->firmware/nnet_utils/nnet_pooling_stream.h:115]   --->   Operation 121 'load' 'p_ZZN4nnet22compute_pool_buffer_2dINS_5arrayI8ap_fixedILi20ELi10EL9ap_q_mode5EL9a_497' <Predicate = (icmp_ln55 & and_ln55_1)> <Delay = 0.00>
ST_3 : Operation 122 [1/1] (0.00ns)   --->   "%p_ZZN4nnet22compute_pool_buffer_2dINS_5arrayI8ap_fixedILi20ELi10EL9ap_q_mode5EL9a_498 = load i20 %p_ZZN4nnet22compute_pool_buffer_2dINS_5arrayI8ap_fixedILi20ELi10EL9ap_q_mode5EL9a_275" [firmware/nnet_utils/nnet_pooling_stream.h:63->firmware/nnet_utils/nnet_pooling_stream.h:115]   --->   Operation 122 'load' 'p_ZZN4nnet22compute_pool_buffer_2dINS_5arrayI8ap_fixedILi20ELi10EL9ap_q_mode5EL9a_498' <Predicate = (icmp_ln55 & and_ln55_1)> <Delay = 0.00>
ST_3 : Operation 123 [1/1] (0.00ns)   --->   "%p_ZZN4nnet22compute_pool_buffer_2dINS_5arrayI8ap_fixedILi20ELi10EL9ap_q_mode5EL9a_499 = load i20 %p_ZZN4nnet22compute_pool_buffer_2dINS_5arrayI8ap_fixedILi20ELi10EL9ap_q_mode5EL9a_295" [firmware/nnet_utils/nnet_pooling_stream.h:63->firmware/nnet_utils/nnet_pooling_stream.h:115]   --->   Operation 123 'load' 'p_ZZN4nnet22compute_pool_buffer_2dINS_5arrayI8ap_fixedILi20ELi10EL9ap_q_mode5EL9a_499' <Predicate = (icmp_ln55 & and_ln55_1)> <Delay = 0.00>
ST_3 : Operation 124 [1/1] (0.00ns)   --->   "%p_ZZN4nnet22compute_pool_buffer_2dINS_5arrayI8ap_fixedILi20ELi10EL9ap_q_mode5EL9a_500 = load i20 %p_ZZN4nnet22compute_pool_buffer_2dINS_5arrayI8ap_fixedILi20ELi10EL9ap_q_mode5EL9a_99" [firmware/nnet_utils/nnet_pooling_stream.h:63->firmware/nnet_utils/nnet_pooling_stream.h:115]   --->   Operation 124 'load' 'p_ZZN4nnet22compute_pool_buffer_2dINS_5arrayI8ap_fixedILi20ELi10EL9ap_q_mode5EL9a_500' <Predicate = (icmp_ln55 & and_ln55_1)> <Delay = 0.00>
ST_3 : Operation 125 [1/1] (2.19ns)   --->   "%icmp_ln66_9 = icmp_slt  i20 %void_compute_pool_buffer_2d_array_const_ap_shift_reg_n_filt_stream_kernel_21, i20 %p_ZZN4nnet22compute_pool_buffer_2dINS_5arrayI8ap_fixedILi20ELi10EL9ap_q_mode5EL9a_492" [firmware/nnet_utils/nnet_common.h:66->firmware/nnet_utils/nnet_common.h:44->firmware/nnet_utils/nnet_common.h:46->firmware/nnet_utils/nnet_common.h:46->firmware/nnet_utils/nnet_common.h:46->firmware/nnet_utils/nnet_pooling_stream.h:21->firmware/nnet_utils/nnet_pooling_stream.h:68->firmware/nnet_utils/nnet_pooling_stream.h:115]   --->   Operation 125 'icmp' 'icmp_ln66_9' <Predicate = (icmp_ln55 & and_ln55_1)> <Delay = 2.19> <CoreInst = "Cmp">   --->   Core 9 'Cmp' <Latency = 0> <II = 1> <Delay = 2.19> <FuncUnit> <Opcode : 'seteq' 'setne' 'setle' 'setge' 'setlt' 'setgt'> <InPorts = 2> <OutPorts = 1>
ST_3 : Operation 126 [1/1] (0.00ns) (grouped into LUT with out node select_ln0_8)   --->   "%xor_ln66_9 = xor i1 %icmp_ln66_9, i1 1" [firmware/nnet_utils/nnet_common.h:66->firmware/nnet_utils/nnet_common.h:44->firmware/nnet_utils/nnet_common.h:46->firmware/nnet_utils/nnet_common.h:46->firmware/nnet_utils/nnet_common.h:46->firmware/nnet_utils/nnet_pooling_stream.h:21->firmware/nnet_utils/nnet_pooling_stream.h:68->firmware/nnet_utils/nnet_pooling_stream.h:115]   --->   Operation 126 'xor' 'xor_ln66_9' <Predicate = (icmp_ln55 & and_ln55_1)> <Delay = 0.00> <CoreInst = "LogicGate">   --->   Core 74 'LogicGate' <Latency = 0> <II = 1> <Delay = 0.97> <FuncUnit> <Opcode : 'and' 'or' 'xor'> <InPorts = 2> <OutPorts = 1>
ST_3 : Operation 127 [1/1] (0.97ns) (out node of the LUT)   --->   "%select_ln0_8 = select i1 %xor_ln66_9, i20 %void_compute_pool_buffer_2d_array_const_ap_shift_reg_n_filt_stream_kernel_21, i20 %p_ZZN4nnet22compute_pool_buffer_2dINS_5arrayI8ap_fixedILi20ELi10EL9ap_q_mode5EL9a_492" [firmware/nnet_utils/nnet_common.h:0->firmware/nnet_utils/nnet_common.h:46->firmware/nnet_utils/nnet_common.h:46->firmware/nnet_utils/nnet_common.h:46->firmware/nnet_utils/nnet_pooling_stream.h:21->firmware/nnet_utils/nnet_pooling_stream.h:68->firmware/nnet_utils/nnet_pooling_stream.h:115]   --->   Operation 127 'select' 'select_ln0_8' <Predicate = (icmp_ln55 & and_ln55_1)> <Delay = 0.97> <CoreInst = "Sel">   --->   Core 73 'Sel' <Latency = 0> <II = 1> <Delay = 0.70> <FuncUnit> <Opcode : 'select'> <InPorts = 3> <OutPorts = 1>
ST_3 : Operation 128 [1/1] (2.19ns)   --->   "%icmp_ln66_10 = icmp_slt  i20 %p_ZZN4nnet22compute_pool_buffer_2dINS_5arrayI8ap_fixedILi20ELi10EL9ap_q_mode5EL9a_493, i20 %p_ZZN4nnet22compute_pool_buffer_2dINS_5arrayI8ap_fixedILi20ELi10EL9ap_q_mode5EL9a_494" [firmware/nnet_utils/nnet_common.h:66->firmware/nnet_utils/nnet_common.h:44->firmware/nnet_utils/nnet_common.h:46->firmware/nnet_utils/nnet_common.h:46->firmware/nnet_utils/nnet_common.h:46->firmware/nnet_utils/nnet_pooling_stream.h:21->firmware/nnet_utils/nnet_pooling_stream.h:68->firmware/nnet_utils/nnet_pooling_stream.h:115]   --->   Operation 128 'icmp' 'icmp_ln66_10' <Predicate = (icmp_ln55 & and_ln55_1)> <Delay = 2.19> <CoreInst = "Cmp">   --->   Core 9 'Cmp' <Latency = 0> <II = 1> <Delay = 2.19> <FuncUnit> <Opcode : 'seteq' 'setne' 'setle' 'setge' 'setlt' 'setgt'> <InPorts = 2> <OutPorts = 1>
ST_3 : Operation 129 [1/1] (0.00ns) (grouped into LUT with out node select_ln0_9)   --->   "%xor_ln66_10 = xor i1 %icmp_ln66_10, i1 1" [firmware/nnet_utils/nnet_common.h:66->firmware/nnet_utils/nnet_common.h:44->firmware/nnet_utils/nnet_common.h:46->firmware/nnet_utils/nnet_common.h:46->firmware/nnet_utils/nnet_common.h:46->firmware/nnet_utils/nnet_pooling_stream.h:21->firmware/nnet_utils/nnet_pooling_stream.h:68->firmware/nnet_utils/nnet_pooling_stream.h:115]   --->   Operation 129 'xor' 'xor_ln66_10' <Predicate = (icmp_ln55 & and_ln55_1)> <Delay = 0.00> <CoreInst = "LogicGate">   --->   Core 74 'LogicGate' <Latency = 0> <II = 1> <Delay = 0.97> <FuncUnit> <Opcode : 'and' 'or' 'xor'> <InPorts = 2> <OutPorts = 1>
ST_3 : Operation 130 [1/1] (0.97ns) (out node of the LUT)   --->   "%select_ln0_9 = select i1 %xor_ln66_10, i20 %p_ZZN4nnet22compute_pool_buffer_2dINS_5arrayI8ap_fixedILi20ELi10EL9ap_q_mode5EL9a_493, i20 %p_ZZN4nnet22compute_pool_buffer_2dINS_5arrayI8ap_fixedILi20ELi10EL9ap_q_mode5EL9a_494" [firmware/nnet_utils/nnet_common.h:0->firmware/nnet_utils/nnet_common.h:46->firmware/nnet_utils/nnet_common.h:46->firmware/nnet_utils/nnet_common.h:46->firmware/nnet_utils/nnet_pooling_stream.h:21->firmware/nnet_utils/nnet_pooling_stream.h:68->firmware/nnet_utils/nnet_pooling_stream.h:115]   --->   Operation 130 'select' 'select_ln0_9' <Predicate = (icmp_ln55 & and_ln55_1)> <Delay = 0.97> <CoreInst = "Sel">   --->   Core 73 'Sel' <Latency = 0> <II = 1> <Delay = 0.70> <FuncUnit> <Opcode : 'select'> <InPorts = 3> <OutPorts = 1>
ST_3 : Operation 131 [1/1] (2.19ns)   --->   "%icmp_ln66_11 = icmp_slt  i20 %select_ln0_8, i20 %select_ln0_9" [firmware/nnet_utils/nnet_common.h:66->firmware/nnet_utils/nnet_common.h:46->firmware/nnet_utils/nnet_common.h:46->firmware/nnet_utils/nnet_common.h:46->firmware/nnet_utils/nnet_pooling_stream.h:21->firmware/nnet_utils/nnet_pooling_stream.h:68->firmware/nnet_utils/nnet_pooling_stream.h:115]   --->   Operation 131 'icmp' 'icmp_ln66_11' <Predicate = (icmp_ln55 & and_ln55_1)> <Delay = 2.19> <CoreInst = "Cmp">   --->   Core 9 'Cmp' <Latency = 0> <II = 1> <Delay = 2.19> <FuncUnit> <Opcode : 'seteq' 'setne' 'setle' 'setge' 'setlt' 'setgt'> <InPorts = 2> <OutPorts = 1>
ST_3 : Operation 132 [1/1] (0.00ns) (grouped into LUT with out node select_ln0_10)   --->   "%xor_ln66_11 = xor i1 %icmp_ln66_11, i1 1" [firmware/nnet_utils/nnet_common.h:66->firmware/nnet_utils/nnet_common.h:46->firmware/nnet_utils/nnet_common.h:46->firmware/nnet_utils/nnet_common.h:46->firmware/nnet_utils/nnet_pooling_stream.h:21->firmware/nnet_utils/nnet_pooling_stream.h:68->firmware/nnet_utils/nnet_pooling_stream.h:115]   --->   Operation 132 'xor' 'xor_ln66_11' <Predicate = (icmp_ln55 & and_ln55_1)> <Delay = 0.00> <CoreInst = "LogicGate">   --->   Core 74 'LogicGate' <Latency = 0> <II = 1> <Delay = 0.97> <FuncUnit> <Opcode : 'and' 'or' 'xor'> <InPorts = 2> <OutPorts = 1>
ST_3 : Operation 133 [1/1] (0.97ns) (out node of the LUT)   --->   "%select_ln0_10 = select i1 %xor_ln66_11, i20 %select_ln0_8, i20 %select_ln0_9" [firmware/nnet_utils/nnet_common.h:0->firmware/nnet_utils/nnet_common.h:46->firmware/nnet_utils/nnet_common.h:46->firmware/nnet_utils/nnet_pooling_stream.h:21->firmware/nnet_utils/nnet_pooling_stream.h:68->firmware/nnet_utils/nnet_pooling_stream.h:115]   --->   Operation 133 'select' 'select_ln0_10' <Predicate = (icmp_ln55 & and_ln55_1)> <Delay = 0.97> <CoreInst = "Sel">   --->   Core 73 'Sel' <Latency = 0> <II = 1> <Delay = 0.70> <FuncUnit> <Opcode : 'select'> <InPorts = 3> <OutPorts = 1>
ST_3 : Operation 134 [1/1] (2.19ns)   --->   "%icmp_ln66_12 = icmp_slt  i20 %p_ZZN4nnet22compute_pool_buffer_2dINS_5arrayI8ap_fixedILi20ELi10EL9ap_q_mode5EL9a_495, i20 %p_ZZN4nnet22compute_pool_buffer_2dINS_5arrayI8ap_fixedILi20ELi10EL9ap_q_mode5EL9a_496" [firmware/nnet_utils/nnet_common.h:66->firmware/nnet_utils/nnet_common.h:44->firmware/nnet_utils/nnet_common.h:46->firmware/nnet_utils/nnet_common.h:46->firmware/nnet_utils/nnet_common.h:46->firmware/nnet_utils/nnet_pooling_stream.h:21->firmware/nnet_utils/nnet_pooling_stream.h:68->firmware/nnet_utils/nnet_pooling_stream.h:115]   --->   Operation 134 'icmp' 'icmp_ln66_12' <Predicate = (icmp_ln55 & and_ln55_1)> <Delay = 2.19> <CoreInst = "Cmp">   --->   Core 9 'Cmp' <Latency = 0> <II = 1> <Delay = 2.19> <FuncUnit> <Opcode : 'seteq' 'setne' 'setle' 'setge' 'setlt' 'setgt'> <InPorts = 2> <OutPorts = 1>
ST_3 : Operation 135 [1/1] (0.00ns) (grouped into LUT with out node select_ln0_11)   --->   "%xor_ln66_12 = xor i1 %icmp_ln66_12, i1 1" [firmware/nnet_utils/nnet_common.h:66->firmware/nnet_utils/nnet_common.h:44->firmware/nnet_utils/nnet_common.h:46->firmware/nnet_utils/nnet_common.h:46->firmware/nnet_utils/nnet_common.h:46->firmware/nnet_utils/nnet_pooling_stream.h:21->firmware/nnet_utils/nnet_pooling_stream.h:68->firmware/nnet_utils/nnet_pooling_stream.h:115]   --->   Operation 135 'xor' 'xor_ln66_12' <Predicate = (icmp_ln55 & and_ln55_1)> <Delay = 0.00> <CoreInst = "LogicGate">   --->   Core 74 'LogicGate' <Latency = 0> <II = 1> <Delay = 0.97> <FuncUnit> <Opcode : 'and' 'or' 'xor'> <InPorts = 2> <OutPorts = 1>
ST_3 : Operation 136 [1/1] (0.97ns) (out node of the LUT)   --->   "%select_ln0_11 = select i1 %xor_ln66_12, i20 %p_ZZN4nnet22compute_pool_buffer_2dINS_5arrayI8ap_fixedILi20ELi10EL9ap_q_mode5EL9a_495, i20 %p_ZZN4nnet22compute_pool_buffer_2dINS_5arrayI8ap_fixedILi20ELi10EL9ap_q_mode5EL9a_496" [firmware/nnet_utils/nnet_common.h:0->firmware/nnet_utils/nnet_common.h:46->firmware/nnet_utils/nnet_common.h:46->firmware/nnet_utils/nnet_common.h:46->firmware/nnet_utils/nnet_pooling_stream.h:21->firmware/nnet_utils/nnet_pooling_stream.h:68->firmware/nnet_utils/nnet_pooling_stream.h:115]   --->   Operation 136 'select' 'select_ln0_11' <Predicate = (icmp_ln55 & and_ln55_1)> <Delay = 0.97> <CoreInst = "Sel">   --->   Core 73 'Sel' <Latency = 0> <II = 1> <Delay = 0.70> <FuncUnit> <Opcode : 'select'> <InPorts = 3> <OutPorts = 1>
ST_3 : Operation 137 [1/1] (2.19ns)   --->   "%icmp_ln66_13 = icmp_slt  i20 %p_ZZN4nnet22compute_pool_buffer_2dINS_5arrayI8ap_fixedILi20ELi10EL9ap_q_mode5EL9a_497, i20 %p_ZZN4nnet22compute_pool_buffer_2dINS_5arrayI8ap_fixedILi20ELi10EL9ap_q_mode5EL9a_498" [firmware/nnet_utils/nnet_common.h:66->firmware/nnet_utils/nnet_common.h:44->firmware/nnet_utils/nnet_common.h:46->firmware/nnet_utils/nnet_common.h:46->firmware/nnet_utils/nnet_common.h:46->firmware/nnet_utils/nnet_pooling_stream.h:21->firmware/nnet_utils/nnet_pooling_stream.h:68->firmware/nnet_utils/nnet_pooling_stream.h:115]   --->   Operation 137 'icmp' 'icmp_ln66_13' <Predicate = (icmp_ln55 & and_ln55_1)> <Delay = 2.19> <CoreInst = "Cmp">   --->   Core 9 'Cmp' <Latency = 0> <II = 1> <Delay = 2.19> <FuncUnit> <Opcode : 'seteq' 'setne' 'setle' 'setge' 'setlt' 'setgt'> <InPorts = 2> <OutPorts = 1>
ST_3 : Operation 138 [1/1] (0.00ns) (grouped into LUT with out node select_ln0_12)   --->   "%xor_ln66_13 = xor i1 %icmp_ln66_13, i1 1" [firmware/nnet_utils/nnet_common.h:66->firmware/nnet_utils/nnet_common.h:44->firmware/nnet_utils/nnet_common.h:46->firmware/nnet_utils/nnet_common.h:46->firmware/nnet_utils/nnet_common.h:46->firmware/nnet_utils/nnet_pooling_stream.h:21->firmware/nnet_utils/nnet_pooling_stream.h:68->firmware/nnet_utils/nnet_pooling_stream.h:115]   --->   Operation 138 'xor' 'xor_ln66_13' <Predicate = (icmp_ln55 & and_ln55_1)> <Delay = 0.00> <CoreInst = "LogicGate">   --->   Core 74 'LogicGate' <Latency = 0> <II = 1> <Delay = 0.97> <FuncUnit> <Opcode : 'and' 'or' 'xor'> <InPorts = 2> <OutPorts = 1>
ST_3 : Operation 139 [1/1] (0.97ns) (out node of the LUT)   --->   "%select_ln0_12 = select i1 %xor_ln66_13, i20 %p_ZZN4nnet22compute_pool_buffer_2dINS_5arrayI8ap_fixedILi20ELi10EL9ap_q_mode5EL9a_497, i20 %p_ZZN4nnet22compute_pool_buffer_2dINS_5arrayI8ap_fixedILi20ELi10EL9ap_q_mode5EL9a_498" [firmware/nnet_utils/nnet_common.h:0->firmware/nnet_utils/nnet_common.h:46->firmware/nnet_utils/nnet_common.h:46->firmware/nnet_utils/nnet_common.h:46->firmware/nnet_utils/nnet_pooling_stream.h:21->firmware/nnet_utils/nnet_pooling_stream.h:68->firmware/nnet_utils/nnet_pooling_stream.h:115]   --->   Operation 139 'select' 'select_ln0_12' <Predicate = (icmp_ln55 & and_ln55_1)> <Delay = 0.97> <CoreInst = "Sel">   --->   Core 73 'Sel' <Latency = 0> <II = 1> <Delay = 0.70> <FuncUnit> <Opcode : 'select'> <InPorts = 3> <OutPorts = 1>
ST_3 : Operation 140 [1/1] (2.19ns)   --->   "%icmp_ln66_14 = icmp_slt  i20 %select_ln0_11, i20 %select_ln0_12" [firmware/nnet_utils/nnet_common.h:66->firmware/nnet_utils/nnet_common.h:46->firmware/nnet_utils/nnet_common.h:46->firmware/nnet_utils/nnet_common.h:46->firmware/nnet_utils/nnet_pooling_stream.h:21->firmware/nnet_utils/nnet_pooling_stream.h:68->firmware/nnet_utils/nnet_pooling_stream.h:115]   --->   Operation 140 'icmp' 'icmp_ln66_14' <Predicate = (icmp_ln55 & and_ln55_1)> <Delay = 2.19> <CoreInst = "Cmp">   --->   Core 9 'Cmp' <Latency = 0> <II = 1> <Delay = 2.19> <FuncUnit> <Opcode : 'seteq' 'setne' 'setle' 'setge' 'setlt' 'setgt'> <InPorts = 2> <OutPorts = 1>
ST_3 : Operation 141 [1/1] (0.00ns) (grouped into LUT with out node select_ln0_13)   --->   "%xor_ln66_14 = xor i1 %icmp_ln66_14, i1 1" [firmware/nnet_utils/nnet_common.h:66->firmware/nnet_utils/nnet_common.h:46->firmware/nnet_utils/nnet_common.h:46->firmware/nnet_utils/nnet_common.h:46->firmware/nnet_utils/nnet_pooling_stream.h:21->firmware/nnet_utils/nnet_pooling_stream.h:68->firmware/nnet_utils/nnet_pooling_stream.h:115]   --->   Operation 141 'xor' 'xor_ln66_14' <Predicate = (icmp_ln55 & and_ln55_1)> <Delay = 0.00> <CoreInst = "LogicGate">   --->   Core 74 'LogicGate' <Latency = 0> <II = 1> <Delay = 0.97> <FuncUnit> <Opcode : 'and' 'or' 'xor'> <InPorts = 2> <OutPorts = 1>
ST_3 : Operation 142 [1/1] (0.97ns) (out node of the LUT)   --->   "%select_ln0_13 = select i1 %xor_ln66_14, i20 %select_ln0_11, i20 %select_ln0_12" [firmware/nnet_utils/nnet_common.h:0->firmware/nnet_utils/nnet_common.h:46->firmware/nnet_utils/nnet_common.h:46->firmware/nnet_utils/nnet_pooling_stream.h:21->firmware/nnet_utils/nnet_pooling_stream.h:68->firmware/nnet_utils/nnet_pooling_stream.h:115]   --->   Operation 142 'select' 'select_ln0_13' <Predicate = (icmp_ln55 & and_ln55_1)> <Delay = 0.97> <CoreInst = "Sel">   --->   Core 73 'Sel' <Latency = 0> <II = 1> <Delay = 0.70> <FuncUnit> <Opcode : 'select'> <InPorts = 3> <OutPorts = 1>
ST_3 : Operation 143 [1/1] (2.19ns)   --->   "%icmp_ln66_15 = icmp_slt  i20 %select_ln0_10, i20 %select_ln0_13" [firmware/nnet_utils/nnet_common.h:66->firmware/nnet_utils/nnet_common.h:46->firmware/nnet_utils/nnet_common.h:46->firmware/nnet_utils/nnet_pooling_stream.h:21->firmware/nnet_utils/nnet_pooling_stream.h:68->firmware/nnet_utils/nnet_pooling_stream.h:115]   --->   Operation 143 'icmp' 'icmp_ln66_15' <Predicate = (icmp_ln55 & and_ln55_1)> <Delay = 2.19> <CoreInst = "Cmp">   --->   Core 9 'Cmp' <Latency = 0> <II = 1> <Delay = 2.19> <FuncUnit> <Opcode : 'seteq' 'setne' 'setle' 'setge' 'setlt' 'setgt'> <InPorts = 2> <OutPorts = 1>
ST_3 : Operation 144 [1/1] (0.00ns) (grouped into LUT with out node select_ln0_14)   --->   "%xor_ln66_15 = xor i1 %icmp_ln66_15, i1 1" [firmware/nnet_utils/nnet_common.h:66->firmware/nnet_utils/nnet_common.h:46->firmware/nnet_utils/nnet_common.h:46->firmware/nnet_utils/nnet_pooling_stream.h:21->firmware/nnet_utils/nnet_pooling_stream.h:68->firmware/nnet_utils/nnet_pooling_stream.h:115]   --->   Operation 144 'xor' 'xor_ln66_15' <Predicate = (icmp_ln55 & and_ln55_1)> <Delay = 0.00> <CoreInst = "LogicGate">   --->   Core 74 'LogicGate' <Latency = 0> <II = 1> <Delay = 0.97> <FuncUnit> <Opcode : 'and' 'or' 'xor'> <InPorts = 2> <OutPorts = 1>
ST_3 : Operation 145 [1/1] (0.97ns) (out node of the LUT)   --->   "%select_ln0_14 = select i1 %xor_ln66_15, i20 %select_ln0_10, i20 %select_ln0_13" [firmware/nnet_utils/nnet_common.h:0->firmware/nnet_utils/nnet_common.h:46->firmware/nnet_utils/nnet_pooling_stream.h:21->firmware/nnet_utils/nnet_pooling_stream.h:68->firmware/nnet_utils/nnet_pooling_stream.h:115]   --->   Operation 145 'select' 'select_ln0_14' <Predicate = (icmp_ln55 & and_ln55_1)> <Delay = 0.97> <CoreInst = "Sel">   --->   Core 73 'Sel' <Latency = 0> <II = 1> <Delay = 0.70> <FuncUnit> <Opcode : 'select'> <InPorts = 3> <OutPorts = 1>
ST_3 : Operation 146 [1/1] (2.19ns)   --->   "%icmp_ln66_16 = icmp_slt  i20 %p_ZZN4nnet22compute_pool_buffer_2dINS_5arrayI8ap_fixedILi20ELi10EL9ap_q_mode5EL9a_499, i20 %p_ZZN4nnet22compute_pool_buffer_2dINS_5arrayI8ap_fixedILi20ELi10EL9ap_q_mode5EL9a_500" [firmware/nnet_utils/nnet_common.h:66->firmware/nnet_utils/nnet_common.h:44->firmware/nnet_utils/nnet_common.h:46->firmware/nnet_utils/nnet_pooling_stream.h:21->firmware/nnet_utils/nnet_pooling_stream.h:68->firmware/nnet_utils/nnet_pooling_stream.h:115]   --->   Operation 146 'icmp' 'icmp_ln66_16' <Predicate = (icmp_ln55 & and_ln55_1)> <Delay = 2.19> <CoreInst = "Cmp">   --->   Core 9 'Cmp' <Latency = 0> <II = 1> <Delay = 2.19> <FuncUnit> <Opcode : 'seteq' 'setne' 'setle' 'setge' 'setlt' 'setgt'> <InPorts = 2> <OutPorts = 1>
ST_3 : Operation 147 [1/1] (0.00ns) (grouped into LUT with out node select_ln0_15)   --->   "%xor_ln66_16 = xor i1 %icmp_ln66_16, i1 1" [firmware/nnet_utils/nnet_common.h:66->firmware/nnet_utils/nnet_common.h:44->firmware/nnet_utils/nnet_common.h:46->firmware/nnet_utils/nnet_pooling_stream.h:21->firmware/nnet_utils/nnet_pooling_stream.h:68->firmware/nnet_utils/nnet_pooling_stream.h:115]   --->   Operation 147 'xor' 'xor_ln66_16' <Predicate = (icmp_ln55 & and_ln55_1)> <Delay = 0.00> <CoreInst = "LogicGate">   --->   Core 74 'LogicGate' <Latency = 0> <II = 1> <Delay = 0.97> <FuncUnit> <Opcode : 'and' 'or' 'xor'> <InPorts = 2> <OutPorts = 1>
ST_3 : Operation 148 [1/1] (0.97ns) (out node of the LUT)   --->   "%select_ln0_15 = select i1 %xor_ln66_16, i20 %p_ZZN4nnet22compute_pool_buffer_2dINS_5arrayI8ap_fixedILi20ELi10EL9ap_q_mode5EL9a_499, i20 %p_ZZN4nnet22compute_pool_buffer_2dINS_5arrayI8ap_fixedILi20ELi10EL9ap_q_mode5EL9a_500" [firmware/nnet_utils/nnet_common.h:0->firmware/nnet_utils/nnet_common.h:46->firmware/nnet_utils/nnet_pooling_stream.h:21->firmware/nnet_utils/nnet_pooling_stream.h:68->firmware/nnet_utils/nnet_pooling_stream.h:115]   --->   Operation 148 'select' 'select_ln0_15' <Predicate = (icmp_ln55 & and_ln55_1)> <Delay = 0.97> <CoreInst = "Sel">   --->   Core 73 'Sel' <Latency = 0> <II = 1> <Delay = 0.70> <FuncUnit> <Opcode : 'select'> <InPorts = 3> <OutPorts = 1>
ST_3 : Operation 149 [1/1] (2.19ns)   --->   "%icmp_ln66_17 = icmp_slt  i20 %select_ln0_14, i20 %select_ln0_15" [firmware/nnet_utils/nnet_common.h:66->firmware/nnet_utils/nnet_common.h:46->firmware/nnet_utils/nnet_pooling_stream.h:21->firmware/nnet_utils/nnet_pooling_stream.h:68->firmware/nnet_utils/nnet_pooling_stream.h:115]   --->   Operation 149 'icmp' 'icmp_ln66_17' <Predicate = (icmp_ln55 & and_ln55_1)> <Delay = 2.19> <CoreInst = "Cmp">   --->   Core 9 'Cmp' <Latency = 0> <II = 1> <Delay = 2.19> <FuncUnit> <Opcode : 'seteq' 'setne' 'setle' 'setge' 'setlt' 'setgt'> <InPorts = 2> <OutPorts = 1>
ST_3 : Operation 150 [1/1] (0.00ns) (grouped into LUT with out node res_pack_1)   --->   "%xor_ln66_17 = xor i1 %icmp_ln66_17, i1 1" [firmware/nnet_utils/nnet_common.h:66->firmware/nnet_utils/nnet_common.h:46->firmware/nnet_utils/nnet_pooling_stream.h:21->firmware/nnet_utils/nnet_pooling_stream.h:68->firmware/nnet_utils/nnet_pooling_stream.h:115]   --->   Operation 150 'xor' 'xor_ln66_17' <Predicate = (icmp_ln55 & and_ln55_1)> <Delay = 0.00> <CoreInst = "LogicGate">   --->   Core 74 'LogicGate' <Latency = 0> <II = 1> <Delay = 0.97> <FuncUnit> <Opcode : 'and' 'or' 'xor'> <InPorts = 2> <OutPorts = 1>
ST_3 : Operation 151 [1/1] (0.97ns) (out node of the LUT)   --->   "%res_pack_1 = select i1 %xor_ln66_17, i20 %select_ln0_14, i20 %select_ln0_15" [firmware/nnet_utils/nnet_pooling_stream.h:67->firmware/nnet_utils/nnet_pooling_stream.h:115]   --->   Operation 151 'select' 'res_pack_1' <Predicate = (icmp_ln55 & and_ln55_1)> <Delay = 0.97> <CoreInst = "Sel">   --->   Core 73 'Sel' <Latency = 0> <II = 1> <Delay = 0.70> <FuncUnit> <Opcode : 'select'> <InPorts = 3> <OutPorts = 1>
ST_3 : Operation 152 [1/1] (0.00ns)   --->   "%void_compute_pool_buffer_2d_array_const_ap_shift_reg_n_filt_stream_kernel_22 = load i20 %void_compute_pool_buffer_2d_array_const_ap_shift_reg_n_filt_stream_kernel_7" [firmware/nnet_utils/nnet_pooling_stream.h:63->firmware/nnet_utils/nnet_pooling_stream.h:115]   --->   Operation 152 'load' 'void_compute_pool_buffer_2d_array_const_ap_shift_reg_n_filt_stream_kernel_22' <Predicate = (icmp_ln55 & and_ln55_1)> <Delay = 0.00>
ST_3 : Operation 153 [1/1] (0.00ns)   --->   "%p_ZZN4nnet22compute_pool_buffer_2dINS_5arrayI8ap_fixedILi20ELi10EL9ap_q_mode5EL9a_501 = load i20 %p_ZZN4nnet22compute_pool_buffer_2dINS_5arrayI8ap_fixedILi20ELi10EL9ap_q_mode5EL9a_79" [firmware/nnet_utils/nnet_pooling_stream.h:63->firmware/nnet_utils/nnet_pooling_stream.h:115]   --->   Operation 153 'load' 'p_ZZN4nnet22compute_pool_buffer_2dINS_5arrayI8ap_fixedILi20ELi10EL9ap_q_mode5EL9a_501' <Predicate = (icmp_ln55 & and_ln55_1)> <Delay = 0.00>
ST_3 : Operation 154 [1/1] (0.00ns)   --->   "%p_ZZN4nnet22compute_pool_buffer_2dINS_5arrayI8ap_fixedILi20ELi10EL9ap_q_mode5EL9a_502 = load i20 %p_ZZN4nnet22compute_pool_buffer_2dINS_5arrayI8ap_fixedILi20ELi10EL9ap_q_mode5EL9a_61" [firmware/nnet_utils/nnet_pooling_stream.h:63->firmware/nnet_utils/nnet_pooling_stream.h:115]   --->   Operation 154 'load' 'p_ZZN4nnet22compute_pool_buffer_2dINS_5arrayI8ap_fixedILi20ELi10EL9ap_q_mode5EL9a_502' <Predicate = (icmp_ln55 & and_ln55_1)> <Delay = 0.00>
ST_3 : Operation 155 [1/1] (0.00ns)   --->   "%p_ZZN4nnet22compute_pool_buffer_2dINS_5arrayI8ap_fixedILi20ELi10EL9ap_q_mode5EL9a_503 = load i20 %p_ZZN4nnet22compute_pool_buffer_2dINS_5arrayI8ap_fixedILi20ELi10EL9ap_q_mode5EL9a_43" [firmware/nnet_utils/nnet_pooling_stream.h:63->firmware/nnet_utils/nnet_pooling_stream.h:115]   --->   Operation 155 'load' 'p_ZZN4nnet22compute_pool_buffer_2dINS_5arrayI8ap_fixedILi20ELi10EL9ap_q_mode5EL9a_503' <Predicate = (icmp_ln55 & and_ln55_1)> <Delay = 0.00>
ST_3 : Operation 156 [1/1] (0.00ns)   --->   "%p_ZZN4nnet22compute_pool_buffer_2dINS_5arrayI8ap_fixedILi20ELi10EL9ap_q_mode5EL9a_504 = load i20 %p_ZZN4nnet22compute_pool_buffer_2dINS_5arrayI8ap_fixedILi20ELi10EL9ap_q_mode5EL9a_25" [firmware/nnet_utils/nnet_pooling_stream.h:63->firmware/nnet_utils/nnet_pooling_stream.h:115]   --->   Operation 156 'load' 'p_ZZN4nnet22compute_pool_buffer_2dINS_5arrayI8ap_fixedILi20ELi10EL9ap_q_mode5EL9a_504' <Predicate = (icmp_ln55 & and_ln55_1)> <Delay = 0.00>
ST_3 : Operation 157 [1/1] (0.00ns)   --->   "%p_ZZN4nnet22compute_pool_buffer_2dINS_5arrayI8ap_fixedILi20ELi10EL9ap_q_mode5EL9a_505 = load i20 %p_ZZN4nnet22compute_pool_buffer_2dINS_5arrayI8ap_fixedILi20ELi10EL9ap_q_mode5EL9a_7" [firmware/nnet_utils/nnet_pooling_stream.h:63->firmware/nnet_utils/nnet_pooling_stream.h:115]   --->   Operation 157 'load' 'p_ZZN4nnet22compute_pool_buffer_2dINS_5arrayI8ap_fixedILi20ELi10EL9ap_q_mode5EL9a_505' <Predicate = (icmp_ln55 & and_ln55_1)> <Delay = 0.00>
ST_3 : Operation 158 [1/1] (0.00ns)   --->   "%p_ZZN4nnet22compute_pool_buffer_2dINS_5arrayI8ap_fixedILi20ELi10EL9ap_q_mode5EL9a_506 = load i20 %p_ZZN4nnet22compute_pool_buffer_2dINS_5arrayI8ap_fixedILi20ELi10EL9ap_q_mode5EL9a_257" [firmware/nnet_utils/nnet_pooling_stream.h:63->firmware/nnet_utils/nnet_pooling_stream.h:115]   --->   Operation 158 'load' 'p_ZZN4nnet22compute_pool_buffer_2dINS_5arrayI8ap_fixedILi20ELi10EL9ap_q_mode5EL9a_506' <Predicate = (icmp_ln55 & and_ln55_1)> <Delay = 0.00>
ST_3 : Operation 159 [1/1] (0.00ns)   --->   "%p_ZZN4nnet22compute_pool_buffer_2dINS_5arrayI8ap_fixedILi20ELi10EL9ap_q_mode5EL9a_507 = load i20 %p_ZZN4nnet22compute_pool_buffer_2dINS_5arrayI8ap_fixedILi20ELi10EL9ap_q_mode5EL9a_276" [firmware/nnet_utils/nnet_pooling_stream.h:63->firmware/nnet_utils/nnet_pooling_stream.h:115]   --->   Operation 159 'load' 'p_ZZN4nnet22compute_pool_buffer_2dINS_5arrayI8ap_fixedILi20ELi10EL9ap_q_mode5EL9a_507' <Predicate = (icmp_ln55 & and_ln55_1)> <Delay = 0.00>
ST_3 : Operation 160 [1/1] (0.00ns)   --->   "%p_ZZN4nnet22compute_pool_buffer_2dINS_5arrayI8ap_fixedILi20ELi10EL9ap_q_mode5EL9a_508 = load i20 %p_ZZN4nnet22compute_pool_buffer_2dINS_5arrayI8ap_fixedILi20ELi10EL9ap_q_mode5EL9a_296" [firmware/nnet_utils/nnet_pooling_stream.h:63->firmware/nnet_utils/nnet_pooling_stream.h:115]   --->   Operation 160 'load' 'p_ZZN4nnet22compute_pool_buffer_2dINS_5arrayI8ap_fixedILi20ELi10EL9ap_q_mode5EL9a_508' <Predicate = (icmp_ln55 & and_ln55_1)> <Delay = 0.00>
ST_3 : Operation 161 [1/1] (0.00ns)   --->   "%p_ZZN4nnet22compute_pool_buffer_2dINS_5arrayI8ap_fixedILi20ELi10EL9ap_q_mode5EL9a_509 = load i20 %p_ZZN4nnet22compute_pool_buffer_2dINS_5arrayI8ap_fixedILi20ELi10EL9ap_q_mode5EL9a_98" [firmware/nnet_utils/nnet_pooling_stream.h:63->firmware/nnet_utils/nnet_pooling_stream.h:115]   --->   Operation 161 'load' 'p_ZZN4nnet22compute_pool_buffer_2dINS_5arrayI8ap_fixedILi20ELi10EL9ap_q_mode5EL9a_509' <Predicate = (icmp_ln55 & and_ln55_1)> <Delay = 0.00>
ST_3 : Operation 162 [1/1] (2.19ns)   --->   "%icmp_ln66_18 = icmp_slt  i20 %void_compute_pool_buffer_2d_array_const_ap_shift_reg_n_filt_stream_kernel_22, i20 %p_ZZN4nnet22compute_pool_buffer_2dINS_5arrayI8ap_fixedILi20ELi10EL9ap_q_mode5EL9a_501" [firmware/nnet_utils/nnet_common.h:66->firmware/nnet_utils/nnet_common.h:44->firmware/nnet_utils/nnet_common.h:46->firmware/nnet_utils/nnet_common.h:46->firmware/nnet_utils/nnet_common.h:46->firmware/nnet_utils/nnet_pooling_stream.h:21->firmware/nnet_utils/nnet_pooling_stream.h:68->firmware/nnet_utils/nnet_pooling_stream.h:115]   --->   Operation 162 'icmp' 'icmp_ln66_18' <Predicate = (icmp_ln55 & and_ln55_1)> <Delay = 2.19> <CoreInst = "Cmp">   --->   Core 9 'Cmp' <Latency = 0> <II = 1> <Delay = 2.19> <FuncUnit> <Opcode : 'seteq' 'setne' 'setle' 'setge' 'setlt' 'setgt'> <InPorts = 2> <OutPorts = 1>
ST_3 : Operation 163 [1/1] (0.00ns) (grouped into LUT with out node select_ln0_16)   --->   "%xor_ln66_18 = xor i1 %icmp_ln66_18, i1 1" [firmware/nnet_utils/nnet_common.h:66->firmware/nnet_utils/nnet_common.h:44->firmware/nnet_utils/nnet_common.h:46->firmware/nnet_utils/nnet_common.h:46->firmware/nnet_utils/nnet_common.h:46->firmware/nnet_utils/nnet_pooling_stream.h:21->firmware/nnet_utils/nnet_pooling_stream.h:68->firmware/nnet_utils/nnet_pooling_stream.h:115]   --->   Operation 163 'xor' 'xor_ln66_18' <Predicate = (icmp_ln55 & and_ln55_1)> <Delay = 0.00> <CoreInst = "LogicGate">   --->   Core 74 'LogicGate' <Latency = 0> <II = 1> <Delay = 0.97> <FuncUnit> <Opcode : 'and' 'or' 'xor'> <InPorts = 2> <OutPorts = 1>
ST_3 : Operation 164 [1/1] (0.97ns) (out node of the LUT)   --->   "%select_ln0_16 = select i1 %xor_ln66_18, i20 %void_compute_pool_buffer_2d_array_const_ap_shift_reg_n_filt_stream_kernel_22, i20 %p_ZZN4nnet22compute_pool_buffer_2dINS_5arrayI8ap_fixedILi20ELi10EL9ap_q_mode5EL9a_501" [firmware/nnet_utils/nnet_common.h:0->firmware/nnet_utils/nnet_common.h:46->firmware/nnet_utils/nnet_common.h:46->firmware/nnet_utils/nnet_common.h:46->firmware/nnet_utils/nnet_pooling_stream.h:21->firmware/nnet_utils/nnet_pooling_stream.h:68->firmware/nnet_utils/nnet_pooling_stream.h:115]   --->   Operation 164 'select' 'select_ln0_16' <Predicate = (icmp_ln55 & and_ln55_1)> <Delay = 0.97> <CoreInst = "Sel">   --->   Core 73 'Sel' <Latency = 0> <II = 1> <Delay = 0.70> <FuncUnit> <Opcode : 'select'> <InPorts = 3> <OutPorts = 1>
ST_3 : Operation 165 [1/1] (2.19ns)   --->   "%icmp_ln66_19 = icmp_slt  i20 %p_ZZN4nnet22compute_pool_buffer_2dINS_5arrayI8ap_fixedILi20ELi10EL9ap_q_mode5EL9a_502, i20 %p_ZZN4nnet22compute_pool_buffer_2dINS_5arrayI8ap_fixedILi20ELi10EL9ap_q_mode5EL9a_503" [firmware/nnet_utils/nnet_common.h:66->firmware/nnet_utils/nnet_common.h:44->firmware/nnet_utils/nnet_common.h:46->firmware/nnet_utils/nnet_common.h:46->firmware/nnet_utils/nnet_common.h:46->firmware/nnet_utils/nnet_pooling_stream.h:21->firmware/nnet_utils/nnet_pooling_stream.h:68->firmware/nnet_utils/nnet_pooling_stream.h:115]   --->   Operation 165 'icmp' 'icmp_ln66_19' <Predicate = (icmp_ln55 & and_ln55_1)> <Delay = 2.19> <CoreInst = "Cmp">   --->   Core 9 'Cmp' <Latency = 0> <II = 1> <Delay = 2.19> <FuncUnit> <Opcode : 'seteq' 'setne' 'setle' 'setge' 'setlt' 'setgt'> <InPorts = 2> <OutPorts = 1>
ST_3 : Operation 166 [1/1] (0.00ns) (grouped into LUT with out node select_ln0_17)   --->   "%xor_ln66_19 = xor i1 %icmp_ln66_19, i1 1" [firmware/nnet_utils/nnet_common.h:66->firmware/nnet_utils/nnet_common.h:44->firmware/nnet_utils/nnet_common.h:46->firmware/nnet_utils/nnet_common.h:46->firmware/nnet_utils/nnet_common.h:46->firmware/nnet_utils/nnet_pooling_stream.h:21->firmware/nnet_utils/nnet_pooling_stream.h:68->firmware/nnet_utils/nnet_pooling_stream.h:115]   --->   Operation 166 'xor' 'xor_ln66_19' <Predicate = (icmp_ln55 & and_ln55_1)> <Delay = 0.00> <CoreInst = "LogicGate">   --->   Core 74 'LogicGate' <Latency = 0> <II = 1> <Delay = 0.97> <FuncUnit> <Opcode : 'and' 'or' 'xor'> <InPorts = 2> <OutPorts = 1>
ST_3 : Operation 167 [1/1] (0.97ns) (out node of the LUT)   --->   "%select_ln0_17 = select i1 %xor_ln66_19, i20 %p_ZZN4nnet22compute_pool_buffer_2dINS_5arrayI8ap_fixedILi20ELi10EL9ap_q_mode5EL9a_502, i20 %p_ZZN4nnet22compute_pool_buffer_2dINS_5arrayI8ap_fixedILi20ELi10EL9ap_q_mode5EL9a_503" [firmware/nnet_utils/nnet_common.h:0->firmware/nnet_utils/nnet_common.h:46->firmware/nnet_utils/nnet_common.h:46->firmware/nnet_utils/nnet_common.h:46->firmware/nnet_utils/nnet_pooling_stream.h:21->firmware/nnet_utils/nnet_pooling_stream.h:68->firmware/nnet_utils/nnet_pooling_stream.h:115]   --->   Operation 167 'select' 'select_ln0_17' <Predicate = (icmp_ln55 & and_ln55_1)> <Delay = 0.97> <CoreInst = "Sel">   --->   Core 73 'Sel' <Latency = 0> <II = 1> <Delay = 0.70> <FuncUnit> <Opcode : 'select'> <InPorts = 3> <OutPorts = 1>
ST_3 : Operation 168 [1/1] (2.19ns)   --->   "%icmp_ln66_20 = icmp_slt  i20 %select_ln0_16, i20 %select_ln0_17" [firmware/nnet_utils/nnet_common.h:66->firmware/nnet_utils/nnet_common.h:46->firmware/nnet_utils/nnet_common.h:46->firmware/nnet_utils/nnet_common.h:46->firmware/nnet_utils/nnet_pooling_stream.h:21->firmware/nnet_utils/nnet_pooling_stream.h:68->firmware/nnet_utils/nnet_pooling_stream.h:115]   --->   Operation 168 'icmp' 'icmp_ln66_20' <Predicate = (icmp_ln55 & and_ln55_1)> <Delay = 2.19> <CoreInst = "Cmp">   --->   Core 9 'Cmp' <Latency = 0> <II = 1> <Delay = 2.19> <FuncUnit> <Opcode : 'seteq' 'setne' 'setle' 'setge' 'setlt' 'setgt'> <InPorts = 2> <OutPorts = 1>
ST_3 : Operation 169 [1/1] (0.00ns) (grouped into LUT with out node select_ln0_18)   --->   "%xor_ln66_20 = xor i1 %icmp_ln66_20, i1 1" [firmware/nnet_utils/nnet_common.h:66->firmware/nnet_utils/nnet_common.h:46->firmware/nnet_utils/nnet_common.h:46->firmware/nnet_utils/nnet_common.h:46->firmware/nnet_utils/nnet_pooling_stream.h:21->firmware/nnet_utils/nnet_pooling_stream.h:68->firmware/nnet_utils/nnet_pooling_stream.h:115]   --->   Operation 169 'xor' 'xor_ln66_20' <Predicate = (icmp_ln55 & and_ln55_1)> <Delay = 0.00> <CoreInst = "LogicGate">   --->   Core 74 'LogicGate' <Latency = 0> <II = 1> <Delay = 0.97> <FuncUnit> <Opcode : 'and' 'or' 'xor'> <InPorts = 2> <OutPorts = 1>
ST_3 : Operation 170 [1/1] (0.97ns) (out node of the LUT)   --->   "%select_ln0_18 = select i1 %xor_ln66_20, i20 %select_ln0_16, i20 %select_ln0_17" [firmware/nnet_utils/nnet_common.h:0->firmware/nnet_utils/nnet_common.h:46->firmware/nnet_utils/nnet_common.h:46->firmware/nnet_utils/nnet_pooling_stream.h:21->firmware/nnet_utils/nnet_pooling_stream.h:68->firmware/nnet_utils/nnet_pooling_stream.h:115]   --->   Operation 170 'select' 'select_ln0_18' <Predicate = (icmp_ln55 & and_ln55_1)> <Delay = 0.97> <CoreInst = "Sel">   --->   Core 73 'Sel' <Latency = 0> <II = 1> <Delay = 0.70> <FuncUnit> <Opcode : 'select'> <InPorts = 3> <OutPorts = 1>
ST_3 : Operation 171 [1/1] (2.19ns)   --->   "%icmp_ln66_21 = icmp_slt  i20 %p_ZZN4nnet22compute_pool_buffer_2dINS_5arrayI8ap_fixedILi20ELi10EL9ap_q_mode5EL9a_504, i20 %p_ZZN4nnet22compute_pool_buffer_2dINS_5arrayI8ap_fixedILi20ELi10EL9ap_q_mode5EL9a_505" [firmware/nnet_utils/nnet_common.h:66->firmware/nnet_utils/nnet_common.h:44->firmware/nnet_utils/nnet_common.h:46->firmware/nnet_utils/nnet_common.h:46->firmware/nnet_utils/nnet_common.h:46->firmware/nnet_utils/nnet_pooling_stream.h:21->firmware/nnet_utils/nnet_pooling_stream.h:68->firmware/nnet_utils/nnet_pooling_stream.h:115]   --->   Operation 171 'icmp' 'icmp_ln66_21' <Predicate = (icmp_ln55 & and_ln55_1)> <Delay = 2.19> <CoreInst = "Cmp">   --->   Core 9 'Cmp' <Latency = 0> <II = 1> <Delay = 2.19> <FuncUnit> <Opcode : 'seteq' 'setne' 'setle' 'setge' 'setlt' 'setgt'> <InPorts = 2> <OutPorts = 1>
ST_3 : Operation 172 [1/1] (0.00ns) (grouped into LUT with out node select_ln0_19)   --->   "%xor_ln66_21 = xor i1 %icmp_ln66_21, i1 1" [firmware/nnet_utils/nnet_common.h:66->firmware/nnet_utils/nnet_common.h:44->firmware/nnet_utils/nnet_common.h:46->firmware/nnet_utils/nnet_common.h:46->firmware/nnet_utils/nnet_common.h:46->firmware/nnet_utils/nnet_pooling_stream.h:21->firmware/nnet_utils/nnet_pooling_stream.h:68->firmware/nnet_utils/nnet_pooling_stream.h:115]   --->   Operation 172 'xor' 'xor_ln66_21' <Predicate = (icmp_ln55 & and_ln55_1)> <Delay = 0.00> <CoreInst = "LogicGate">   --->   Core 74 'LogicGate' <Latency = 0> <II = 1> <Delay = 0.97> <FuncUnit> <Opcode : 'and' 'or' 'xor'> <InPorts = 2> <OutPorts = 1>
ST_3 : Operation 173 [1/1] (0.97ns) (out node of the LUT)   --->   "%select_ln0_19 = select i1 %xor_ln66_21, i20 %p_ZZN4nnet22compute_pool_buffer_2dINS_5arrayI8ap_fixedILi20ELi10EL9ap_q_mode5EL9a_504, i20 %p_ZZN4nnet22compute_pool_buffer_2dINS_5arrayI8ap_fixedILi20ELi10EL9ap_q_mode5EL9a_505" [firmware/nnet_utils/nnet_common.h:0->firmware/nnet_utils/nnet_common.h:46->firmware/nnet_utils/nnet_common.h:46->firmware/nnet_utils/nnet_common.h:46->firmware/nnet_utils/nnet_pooling_stream.h:21->firmware/nnet_utils/nnet_pooling_stream.h:68->firmware/nnet_utils/nnet_pooling_stream.h:115]   --->   Operation 173 'select' 'select_ln0_19' <Predicate = (icmp_ln55 & and_ln55_1)> <Delay = 0.97> <CoreInst = "Sel">   --->   Core 73 'Sel' <Latency = 0> <II = 1> <Delay = 0.70> <FuncUnit> <Opcode : 'select'> <InPorts = 3> <OutPorts = 1>
ST_3 : Operation 174 [1/1] (2.19ns)   --->   "%icmp_ln66_22 = icmp_slt  i20 %p_ZZN4nnet22compute_pool_buffer_2dINS_5arrayI8ap_fixedILi20ELi10EL9ap_q_mode5EL9a_506, i20 %p_ZZN4nnet22compute_pool_buffer_2dINS_5arrayI8ap_fixedILi20ELi10EL9ap_q_mode5EL9a_507" [firmware/nnet_utils/nnet_common.h:66->firmware/nnet_utils/nnet_common.h:44->firmware/nnet_utils/nnet_common.h:46->firmware/nnet_utils/nnet_common.h:46->firmware/nnet_utils/nnet_common.h:46->firmware/nnet_utils/nnet_pooling_stream.h:21->firmware/nnet_utils/nnet_pooling_stream.h:68->firmware/nnet_utils/nnet_pooling_stream.h:115]   --->   Operation 174 'icmp' 'icmp_ln66_22' <Predicate = (icmp_ln55 & and_ln55_1)> <Delay = 2.19> <CoreInst = "Cmp">   --->   Core 9 'Cmp' <Latency = 0> <II = 1> <Delay = 2.19> <FuncUnit> <Opcode : 'seteq' 'setne' 'setle' 'setge' 'setlt' 'setgt'> <InPorts = 2> <OutPorts = 1>
ST_3 : Operation 175 [1/1] (0.00ns) (grouped into LUT with out node select_ln0_20)   --->   "%xor_ln66_22 = xor i1 %icmp_ln66_22, i1 1" [firmware/nnet_utils/nnet_common.h:66->firmware/nnet_utils/nnet_common.h:44->firmware/nnet_utils/nnet_common.h:46->firmware/nnet_utils/nnet_common.h:46->firmware/nnet_utils/nnet_common.h:46->firmware/nnet_utils/nnet_pooling_stream.h:21->firmware/nnet_utils/nnet_pooling_stream.h:68->firmware/nnet_utils/nnet_pooling_stream.h:115]   --->   Operation 175 'xor' 'xor_ln66_22' <Predicate = (icmp_ln55 & and_ln55_1)> <Delay = 0.00> <CoreInst = "LogicGate">   --->   Core 74 'LogicGate' <Latency = 0> <II = 1> <Delay = 0.97> <FuncUnit> <Opcode : 'and' 'or' 'xor'> <InPorts = 2> <OutPorts = 1>
ST_3 : Operation 176 [1/1] (0.97ns) (out node of the LUT)   --->   "%select_ln0_20 = select i1 %xor_ln66_22, i20 %p_ZZN4nnet22compute_pool_buffer_2dINS_5arrayI8ap_fixedILi20ELi10EL9ap_q_mode5EL9a_506, i20 %p_ZZN4nnet22compute_pool_buffer_2dINS_5arrayI8ap_fixedILi20ELi10EL9ap_q_mode5EL9a_507" [firmware/nnet_utils/nnet_common.h:0->firmware/nnet_utils/nnet_common.h:46->firmware/nnet_utils/nnet_common.h:46->firmware/nnet_utils/nnet_common.h:46->firmware/nnet_utils/nnet_pooling_stream.h:21->firmware/nnet_utils/nnet_pooling_stream.h:68->firmware/nnet_utils/nnet_pooling_stream.h:115]   --->   Operation 176 'select' 'select_ln0_20' <Predicate = (icmp_ln55 & and_ln55_1)> <Delay = 0.97> <CoreInst = "Sel">   --->   Core 73 'Sel' <Latency = 0> <II = 1> <Delay = 0.70> <FuncUnit> <Opcode : 'select'> <InPorts = 3> <OutPorts = 1>
ST_3 : Operation 177 [1/1] (2.19ns)   --->   "%icmp_ln66_23 = icmp_slt  i20 %select_ln0_19, i20 %select_ln0_20" [firmware/nnet_utils/nnet_common.h:66->firmware/nnet_utils/nnet_common.h:46->firmware/nnet_utils/nnet_common.h:46->firmware/nnet_utils/nnet_common.h:46->firmware/nnet_utils/nnet_pooling_stream.h:21->firmware/nnet_utils/nnet_pooling_stream.h:68->firmware/nnet_utils/nnet_pooling_stream.h:115]   --->   Operation 177 'icmp' 'icmp_ln66_23' <Predicate = (icmp_ln55 & and_ln55_1)> <Delay = 2.19> <CoreInst = "Cmp">   --->   Core 9 'Cmp' <Latency = 0> <II = 1> <Delay = 2.19> <FuncUnit> <Opcode : 'seteq' 'setne' 'setle' 'setge' 'setlt' 'setgt'> <InPorts = 2> <OutPorts = 1>
ST_3 : Operation 178 [1/1] (0.00ns) (grouped into LUT with out node select_ln0_21)   --->   "%xor_ln66_23 = xor i1 %icmp_ln66_23, i1 1" [firmware/nnet_utils/nnet_common.h:66->firmware/nnet_utils/nnet_common.h:46->firmware/nnet_utils/nnet_common.h:46->firmware/nnet_utils/nnet_common.h:46->firmware/nnet_utils/nnet_pooling_stream.h:21->firmware/nnet_utils/nnet_pooling_stream.h:68->firmware/nnet_utils/nnet_pooling_stream.h:115]   --->   Operation 178 'xor' 'xor_ln66_23' <Predicate = (icmp_ln55 & and_ln55_1)> <Delay = 0.00> <CoreInst = "LogicGate">   --->   Core 74 'LogicGate' <Latency = 0> <II = 1> <Delay = 0.97> <FuncUnit> <Opcode : 'and' 'or' 'xor'> <InPorts = 2> <OutPorts = 1>
ST_3 : Operation 179 [1/1] (0.97ns) (out node of the LUT)   --->   "%select_ln0_21 = select i1 %xor_ln66_23, i20 %select_ln0_19, i20 %select_ln0_20" [firmware/nnet_utils/nnet_common.h:0->firmware/nnet_utils/nnet_common.h:46->firmware/nnet_utils/nnet_common.h:46->firmware/nnet_utils/nnet_pooling_stream.h:21->firmware/nnet_utils/nnet_pooling_stream.h:68->firmware/nnet_utils/nnet_pooling_stream.h:115]   --->   Operation 179 'select' 'select_ln0_21' <Predicate = (icmp_ln55 & and_ln55_1)> <Delay = 0.97> <CoreInst = "Sel">   --->   Core 73 'Sel' <Latency = 0> <II = 1> <Delay = 0.70> <FuncUnit> <Opcode : 'select'> <InPorts = 3> <OutPorts = 1>
ST_3 : Operation 180 [1/1] (2.19ns)   --->   "%icmp_ln66_24 = icmp_slt  i20 %select_ln0_18, i20 %select_ln0_21" [firmware/nnet_utils/nnet_common.h:66->firmware/nnet_utils/nnet_common.h:46->firmware/nnet_utils/nnet_common.h:46->firmware/nnet_utils/nnet_pooling_stream.h:21->firmware/nnet_utils/nnet_pooling_stream.h:68->firmware/nnet_utils/nnet_pooling_stream.h:115]   --->   Operation 180 'icmp' 'icmp_ln66_24' <Predicate = (icmp_ln55 & and_ln55_1)> <Delay = 2.19> <CoreInst = "Cmp">   --->   Core 9 'Cmp' <Latency = 0> <II = 1> <Delay = 2.19> <FuncUnit> <Opcode : 'seteq' 'setne' 'setle' 'setge' 'setlt' 'setgt'> <InPorts = 2> <OutPorts = 1>
ST_3 : Operation 181 [1/1] (0.00ns) (grouped into LUT with out node select_ln0_22)   --->   "%xor_ln66_24 = xor i1 %icmp_ln66_24, i1 1" [firmware/nnet_utils/nnet_common.h:66->firmware/nnet_utils/nnet_common.h:46->firmware/nnet_utils/nnet_common.h:46->firmware/nnet_utils/nnet_pooling_stream.h:21->firmware/nnet_utils/nnet_pooling_stream.h:68->firmware/nnet_utils/nnet_pooling_stream.h:115]   --->   Operation 181 'xor' 'xor_ln66_24' <Predicate = (icmp_ln55 & and_ln55_1)> <Delay = 0.00> <CoreInst = "LogicGate">   --->   Core 74 'LogicGate' <Latency = 0> <II = 1> <Delay = 0.97> <FuncUnit> <Opcode : 'and' 'or' 'xor'> <InPorts = 2> <OutPorts = 1>
ST_3 : Operation 182 [1/1] (0.97ns) (out node of the LUT)   --->   "%select_ln0_22 = select i1 %xor_ln66_24, i20 %select_ln0_18, i20 %select_ln0_21" [firmware/nnet_utils/nnet_common.h:0->firmware/nnet_utils/nnet_common.h:46->firmware/nnet_utils/nnet_pooling_stream.h:21->firmware/nnet_utils/nnet_pooling_stream.h:68->firmware/nnet_utils/nnet_pooling_stream.h:115]   --->   Operation 182 'select' 'select_ln0_22' <Predicate = (icmp_ln55 & and_ln55_1)> <Delay = 0.97> <CoreInst = "Sel">   --->   Core 73 'Sel' <Latency = 0> <II = 1> <Delay = 0.70> <FuncUnit> <Opcode : 'select'> <InPorts = 3> <OutPorts = 1>
ST_3 : Operation 183 [1/1] (2.19ns)   --->   "%icmp_ln66_25 = icmp_slt  i20 %p_ZZN4nnet22compute_pool_buffer_2dINS_5arrayI8ap_fixedILi20ELi10EL9ap_q_mode5EL9a_508, i20 %p_ZZN4nnet22compute_pool_buffer_2dINS_5arrayI8ap_fixedILi20ELi10EL9ap_q_mode5EL9a_509" [firmware/nnet_utils/nnet_common.h:66->firmware/nnet_utils/nnet_common.h:44->firmware/nnet_utils/nnet_common.h:46->firmware/nnet_utils/nnet_pooling_stream.h:21->firmware/nnet_utils/nnet_pooling_stream.h:68->firmware/nnet_utils/nnet_pooling_stream.h:115]   --->   Operation 183 'icmp' 'icmp_ln66_25' <Predicate = (icmp_ln55 & and_ln55_1)> <Delay = 2.19> <CoreInst = "Cmp">   --->   Core 9 'Cmp' <Latency = 0> <II = 1> <Delay = 2.19> <FuncUnit> <Opcode : 'seteq' 'setne' 'setle' 'setge' 'setlt' 'setgt'> <InPorts = 2> <OutPorts = 1>
ST_3 : Operation 184 [1/1] (0.00ns) (grouped into LUT with out node select_ln0_23)   --->   "%xor_ln66_25 = xor i1 %icmp_ln66_25, i1 1" [firmware/nnet_utils/nnet_common.h:66->firmware/nnet_utils/nnet_common.h:44->firmware/nnet_utils/nnet_common.h:46->firmware/nnet_utils/nnet_pooling_stream.h:21->firmware/nnet_utils/nnet_pooling_stream.h:68->firmware/nnet_utils/nnet_pooling_stream.h:115]   --->   Operation 184 'xor' 'xor_ln66_25' <Predicate = (icmp_ln55 & and_ln55_1)> <Delay = 0.00> <CoreInst = "LogicGate">   --->   Core 74 'LogicGate' <Latency = 0> <II = 1> <Delay = 0.97> <FuncUnit> <Opcode : 'and' 'or' 'xor'> <InPorts = 2> <OutPorts = 1>
ST_3 : Operation 185 [1/1] (0.97ns) (out node of the LUT)   --->   "%select_ln0_23 = select i1 %xor_ln66_25, i20 %p_ZZN4nnet22compute_pool_buffer_2dINS_5arrayI8ap_fixedILi20ELi10EL9ap_q_mode5EL9a_508, i20 %p_ZZN4nnet22compute_pool_buffer_2dINS_5arrayI8ap_fixedILi20ELi10EL9ap_q_mode5EL9a_509" [firmware/nnet_utils/nnet_common.h:0->firmware/nnet_utils/nnet_common.h:46->firmware/nnet_utils/nnet_pooling_stream.h:21->firmware/nnet_utils/nnet_pooling_stream.h:68->firmware/nnet_utils/nnet_pooling_stream.h:115]   --->   Operation 185 'select' 'select_ln0_23' <Predicate = (icmp_ln55 & and_ln55_1)> <Delay = 0.97> <CoreInst = "Sel">   --->   Core 73 'Sel' <Latency = 0> <II = 1> <Delay = 0.70> <FuncUnit> <Opcode : 'select'> <InPorts = 3> <OutPorts = 1>
ST_3 : Operation 186 [1/1] (2.19ns)   --->   "%icmp_ln66_26 = icmp_slt  i20 %select_ln0_22, i20 %select_ln0_23" [firmware/nnet_utils/nnet_common.h:66->firmware/nnet_utils/nnet_common.h:46->firmware/nnet_utils/nnet_pooling_stream.h:21->firmware/nnet_utils/nnet_pooling_stream.h:68->firmware/nnet_utils/nnet_pooling_stream.h:115]   --->   Operation 186 'icmp' 'icmp_ln66_26' <Predicate = (icmp_ln55 & and_ln55_1)> <Delay = 2.19> <CoreInst = "Cmp">   --->   Core 9 'Cmp' <Latency = 0> <II = 1> <Delay = 2.19> <FuncUnit> <Opcode : 'seteq' 'setne' 'setle' 'setge' 'setlt' 'setgt'> <InPorts = 2> <OutPorts = 1>
ST_3 : Operation 187 [1/1] (0.00ns) (grouped into LUT with out node res_pack_2)   --->   "%xor_ln66_26 = xor i1 %icmp_ln66_26, i1 1" [firmware/nnet_utils/nnet_common.h:66->firmware/nnet_utils/nnet_common.h:46->firmware/nnet_utils/nnet_pooling_stream.h:21->firmware/nnet_utils/nnet_pooling_stream.h:68->firmware/nnet_utils/nnet_pooling_stream.h:115]   --->   Operation 187 'xor' 'xor_ln66_26' <Predicate = (icmp_ln55 & and_ln55_1)> <Delay = 0.00> <CoreInst = "LogicGate">   --->   Core 74 'LogicGate' <Latency = 0> <II = 1> <Delay = 0.97> <FuncUnit> <Opcode : 'and' 'or' 'xor'> <InPorts = 2> <OutPorts = 1>
ST_3 : Operation 188 [1/1] (0.97ns) (out node of the LUT)   --->   "%res_pack_2 = select i1 %xor_ln66_26, i20 %select_ln0_22, i20 %select_ln0_23" [firmware/nnet_utils/nnet_pooling_stream.h:67->firmware/nnet_utils/nnet_pooling_stream.h:115]   --->   Operation 188 'select' 'res_pack_2' <Predicate = (icmp_ln55 & and_ln55_1)> <Delay = 0.97> <CoreInst = "Sel">   --->   Core 73 'Sel' <Latency = 0> <II = 1> <Delay = 0.70> <FuncUnit> <Opcode : 'select'> <InPorts = 3> <OutPorts = 1>
ST_3 : Operation 189 [1/1] (0.00ns)   --->   "%void_compute_pool_buffer_2d_array_const_ap_shift_reg_n_filt_stream_kernel_23 = load i20 %void_compute_pool_buffer_2d_array_const_ap_shift_reg_n_filt_stream_kernel_6" [firmware/nnet_utils/nnet_pooling_stream.h:63->firmware/nnet_utils/nnet_pooling_stream.h:115]   --->   Operation 189 'load' 'void_compute_pool_buffer_2d_array_const_ap_shift_reg_n_filt_stream_kernel_23' <Predicate = (icmp_ln55 & and_ln55_1)> <Delay = 0.00>
ST_3 : Operation 190 [1/1] (0.00ns)   --->   "%p_ZZN4nnet22compute_pool_buffer_2dINS_5arrayI8ap_fixedILi20ELi10EL9ap_q_mode5EL9a_510 = load i20 %p_ZZN4nnet22compute_pool_buffer_2dINS_5arrayI8ap_fixedILi20ELi10EL9ap_q_mode5EL9a_78" [firmware/nnet_utils/nnet_pooling_stream.h:63->firmware/nnet_utils/nnet_pooling_stream.h:115]   --->   Operation 190 'load' 'p_ZZN4nnet22compute_pool_buffer_2dINS_5arrayI8ap_fixedILi20ELi10EL9ap_q_mode5EL9a_510' <Predicate = (icmp_ln55 & and_ln55_1)> <Delay = 0.00>
ST_3 : Operation 191 [1/1] (0.00ns)   --->   "%p_ZZN4nnet22compute_pool_buffer_2dINS_5arrayI8ap_fixedILi20ELi10EL9ap_q_mode5EL9a_511 = load i20 %p_ZZN4nnet22compute_pool_buffer_2dINS_5arrayI8ap_fixedILi20ELi10EL9ap_q_mode5EL9a_60" [firmware/nnet_utils/nnet_pooling_stream.h:63->firmware/nnet_utils/nnet_pooling_stream.h:115]   --->   Operation 191 'load' 'p_ZZN4nnet22compute_pool_buffer_2dINS_5arrayI8ap_fixedILi20ELi10EL9ap_q_mode5EL9a_511' <Predicate = (icmp_ln55 & and_ln55_1)> <Delay = 0.00>
ST_3 : Operation 192 [1/1] (0.00ns)   --->   "%p_ZZN4nnet22compute_pool_buffer_2dINS_5arrayI8ap_fixedILi20ELi10EL9ap_q_mode5EL9a_512 = load i20 %p_ZZN4nnet22compute_pool_buffer_2dINS_5arrayI8ap_fixedILi20ELi10EL9ap_q_mode5EL9a_42" [firmware/nnet_utils/nnet_pooling_stream.h:63->firmware/nnet_utils/nnet_pooling_stream.h:115]   --->   Operation 192 'load' 'p_ZZN4nnet22compute_pool_buffer_2dINS_5arrayI8ap_fixedILi20ELi10EL9ap_q_mode5EL9a_512' <Predicate = (icmp_ln55 & and_ln55_1)> <Delay = 0.00>
ST_3 : Operation 193 [1/1] (0.00ns)   --->   "%p_ZZN4nnet22compute_pool_buffer_2dINS_5arrayI8ap_fixedILi20ELi10EL9ap_q_mode5EL9a_513 = load i20 %p_ZZN4nnet22compute_pool_buffer_2dINS_5arrayI8ap_fixedILi20ELi10EL9ap_q_mode5EL9a_24" [firmware/nnet_utils/nnet_pooling_stream.h:63->firmware/nnet_utils/nnet_pooling_stream.h:115]   --->   Operation 193 'load' 'p_ZZN4nnet22compute_pool_buffer_2dINS_5arrayI8ap_fixedILi20ELi10EL9ap_q_mode5EL9a_513' <Predicate = (icmp_ln55 & and_ln55_1)> <Delay = 0.00>
ST_3 : Operation 194 [1/1] (0.00ns)   --->   "%p_ZZN4nnet22compute_pool_buffer_2dINS_5arrayI8ap_fixedILi20ELi10EL9ap_q_mode5EL9a_514 = load i20 %p_ZZN4nnet22compute_pool_buffer_2dINS_5arrayI8ap_fixedILi20ELi10EL9ap_q_mode5EL9a_6" [firmware/nnet_utils/nnet_pooling_stream.h:63->firmware/nnet_utils/nnet_pooling_stream.h:115]   --->   Operation 194 'load' 'p_ZZN4nnet22compute_pool_buffer_2dINS_5arrayI8ap_fixedILi20ELi10EL9ap_q_mode5EL9a_514' <Predicate = (icmp_ln55 & and_ln55_1)> <Delay = 0.00>
ST_3 : Operation 195 [1/1] (0.00ns)   --->   "%p_ZZN4nnet22compute_pool_buffer_2dINS_5arrayI8ap_fixedILi20ELi10EL9ap_q_mode5EL9a_515 = load i20 %p_ZZN4nnet22compute_pool_buffer_2dINS_5arrayI8ap_fixedILi20ELi10EL9ap_q_mode5EL9a_258" [firmware/nnet_utils/nnet_pooling_stream.h:63->firmware/nnet_utils/nnet_pooling_stream.h:115]   --->   Operation 195 'load' 'p_ZZN4nnet22compute_pool_buffer_2dINS_5arrayI8ap_fixedILi20ELi10EL9ap_q_mode5EL9a_515' <Predicate = (icmp_ln55 & and_ln55_1)> <Delay = 0.00>
ST_3 : Operation 196 [1/1] (0.00ns)   --->   "%p_ZZN4nnet22compute_pool_buffer_2dINS_5arrayI8ap_fixedILi20ELi10EL9ap_q_mode5EL9a_516 = load i20 %p_ZZN4nnet22compute_pool_buffer_2dINS_5arrayI8ap_fixedILi20ELi10EL9ap_q_mode5EL9a_277" [firmware/nnet_utils/nnet_pooling_stream.h:63->firmware/nnet_utils/nnet_pooling_stream.h:115]   --->   Operation 196 'load' 'p_ZZN4nnet22compute_pool_buffer_2dINS_5arrayI8ap_fixedILi20ELi10EL9ap_q_mode5EL9a_516' <Predicate = (icmp_ln55 & and_ln55_1)> <Delay = 0.00>
ST_3 : Operation 197 [1/1] (0.00ns)   --->   "%p_ZZN4nnet22compute_pool_buffer_2dINS_5arrayI8ap_fixedILi20ELi10EL9ap_q_mode5EL9a_517 = load i20 %p_ZZN4nnet22compute_pool_buffer_2dINS_5arrayI8ap_fixedILi20ELi10EL9ap_q_mode5EL9a_297" [firmware/nnet_utils/nnet_pooling_stream.h:63->firmware/nnet_utils/nnet_pooling_stream.h:115]   --->   Operation 197 'load' 'p_ZZN4nnet22compute_pool_buffer_2dINS_5arrayI8ap_fixedILi20ELi10EL9ap_q_mode5EL9a_517' <Predicate = (icmp_ln55 & and_ln55_1)> <Delay = 0.00>
ST_3 : Operation 198 [1/1] (0.00ns)   --->   "%p_ZZN4nnet22compute_pool_buffer_2dINS_5arrayI8ap_fixedILi20ELi10EL9ap_q_mode5EL9a_518 = load i20 %p_ZZN4nnet22compute_pool_buffer_2dINS_5arrayI8ap_fixedILi20ELi10EL9ap_q_mode5EL9a_97" [firmware/nnet_utils/nnet_pooling_stream.h:63->firmware/nnet_utils/nnet_pooling_stream.h:115]   --->   Operation 198 'load' 'p_ZZN4nnet22compute_pool_buffer_2dINS_5arrayI8ap_fixedILi20ELi10EL9ap_q_mode5EL9a_518' <Predicate = (icmp_ln55 & and_ln55_1)> <Delay = 0.00>
ST_3 : Operation 199 [1/1] (2.19ns)   --->   "%icmp_ln66_27 = icmp_slt  i20 %void_compute_pool_buffer_2d_array_const_ap_shift_reg_n_filt_stream_kernel_23, i20 %p_ZZN4nnet22compute_pool_buffer_2dINS_5arrayI8ap_fixedILi20ELi10EL9ap_q_mode5EL9a_510" [firmware/nnet_utils/nnet_common.h:66->firmware/nnet_utils/nnet_common.h:44->firmware/nnet_utils/nnet_common.h:46->firmware/nnet_utils/nnet_common.h:46->firmware/nnet_utils/nnet_common.h:46->firmware/nnet_utils/nnet_pooling_stream.h:21->firmware/nnet_utils/nnet_pooling_stream.h:68->firmware/nnet_utils/nnet_pooling_stream.h:115]   --->   Operation 199 'icmp' 'icmp_ln66_27' <Predicate = (icmp_ln55 & and_ln55_1)> <Delay = 2.19> <CoreInst = "Cmp">   --->   Core 9 'Cmp' <Latency = 0> <II = 1> <Delay = 2.19> <FuncUnit> <Opcode : 'seteq' 'setne' 'setle' 'setge' 'setlt' 'setgt'> <InPorts = 2> <OutPorts = 1>
ST_3 : Operation 200 [1/1] (0.00ns) (grouped into LUT with out node select_ln0_24)   --->   "%xor_ln66_27 = xor i1 %icmp_ln66_27, i1 1" [firmware/nnet_utils/nnet_common.h:66->firmware/nnet_utils/nnet_common.h:44->firmware/nnet_utils/nnet_common.h:46->firmware/nnet_utils/nnet_common.h:46->firmware/nnet_utils/nnet_common.h:46->firmware/nnet_utils/nnet_pooling_stream.h:21->firmware/nnet_utils/nnet_pooling_stream.h:68->firmware/nnet_utils/nnet_pooling_stream.h:115]   --->   Operation 200 'xor' 'xor_ln66_27' <Predicate = (icmp_ln55 & and_ln55_1)> <Delay = 0.00> <CoreInst = "LogicGate">   --->   Core 74 'LogicGate' <Latency = 0> <II = 1> <Delay = 0.97> <FuncUnit> <Opcode : 'and' 'or' 'xor'> <InPorts = 2> <OutPorts = 1>
ST_3 : Operation 201 [1/1] (0.97ns) (out node of the LUT)   --->   "%select_ln0_24 = select i1 %xor_ln66_27, i20 %void_compute_pool_buffer_2d_array_const_ap_shift_reg_n_filt_stream_kernel_23, i20 %p_ZZN4nnet22compute_pool_buffer_2dINS_5arrayI8ap_fixedILi20ELi10EL9ap_q_mode5EL9a_510" [firmware/nnet_utils/nnet_common.h:0->firmware/nnet_utils/nnet_common.h:46->firmware/nnet_utils/nnet_common.h:46->firmware/nnet_utils/nnet_common.h:46->firmware/nnet_utils/nnet_pooling_stream.h:21->firmware/nnet_utils/nnet_pooling_stream.h:68->firmware/nnet_utils/nnet_pooling_stream.h:115]   --->   Operation 201 'select' 'select_ln0_24' <Predicate = (icmp_ln55 & and_ln55_1)> <Delay = 0.97> <CoreInst = "Sel">   --->   Core 73 'Sel' <Latency = 0> <II = 1> <Delay = 0.70> <FuncUnit> <Opcode : 'select'> <InPorts = 3> <OutPorts = 1>
ST_3 : Operation 202 [1/1] (2.19ns)   --->   "%icmp_ln66_28 = icmp_slt  i20 %p_ZZN4nnet22compute_pool_buffer_2dINS_5arrayI8ap_fixedILi20ELi10EL9ap_q_mode5EL9a_511, i20 %p_ZZN4nnet22compute_pool_buffer_2dINS_5arrayI8ap_fixedILi20ELi10EL9ap_q_mode5EL9a_512" [firmware/nnet_utils/nnet_common.h:66->firmware/nnet_utils/nnet_common.h:44->firmware/nnet_utils/nnet_common.h:46->firmware/nnet_utils/nnet_common.h:46->firmware/nnet_utils/nnet_common.h:46->firmware/nnet_utils/nnet_pooling_stream.h:21->firmware/nnet_utils/nnet_pooling_stream.h:68->firmware/nnet_utils/nnet_pooling_stream.h:115]   --->   Operation 202 'icmp' 'icmp_ln66_28' <Predicate = (icmp_ln55 & and_ln55_1)> <Delay = 2.19> <CoreInst = "Cmp">   --->   Core 9 'Cmp' <Latency = 0> <II = 1> <Delay = 2.19> <FuncUnit> <Opcode : 'seteq' 'setne' 'setle' 'setge' 'setlt' 'setgt'> <InPorts = 2> <OutPorts = 1>
ST_3 : Operation 203 [1/1] (0.00ns) (grouped into LUT with out node select_ln0_25)   --->   "%xor_ln66_28 = xor i1 %icmp_ln66_28, i1 1" [firmware/nnet_utils/nnet_common.h:66->firmware/nnet_utils/nnet_common.h:44->firmware/nnet_utils/nnet_common.h:46->firmware/nnet_utils/nnet_common.h:46->firmware/nnet_utils/nnet_common.h:46->firmware/nnet_utils/nnet_pooling_stream.h:21->firmware/nnet_utils/nnet_pooling_stream.h:68->firmware/nnet_utils/nnet_pooling_stream.h:115]   --->   Operation 203 'xor' 'xor_ln66_28' <Predicate = (icmp_ln55 & and_ln55_1)> <Delay = 0.00> <CoreInst = "LogicGate">   --->   Core 74 'LogicGate' <Latency = 0> <II = 1> <Delay = 0.97> <FuncUnit> <Opcode : 'and' 'or' 'xor'> <InPorts = 2> <OutPorts = 1>
ST_3 : Operation 204 [1/1] (0.97ns) (out node of the LUT)   --->   "%select_ln0_25 = select i1 %xor_ln66_28, i20 %p_ZZN4nnet22compute_pool_buffer_2dINS_5arrayI8ap_fixedILi20ELi10EL9ap_q_mode5EL9a_511, i20 %p_ZZN4nnet22compute_pool_buffer_2dINS_5arrayI8ap_fixedILi20ELi10EL9ap_q_mode5EL9a_512" [firmware/nnet_utils/nnet_common.h:0->firmware/nnet_utils/nnet_common.h:46->firmware/nnet_utils/nnet_common.h:46->firmware/nnet_utils/nnet_common.h:46->firmware/nnet_utils/nnet_pooling_stream.h:21->firmware/nnet_utils/nnet_pooling_stream.h:68->firmware/nnet_utils/nnet_pooling_stream.h:115]   --->   Operation 204 'select' 'select_ln0_25' <Predicate = (icmp_ln55 & and_ln55_1)> <Delay = 0.97> <CoreInst = "Sel">   --->   Core 73 'Sel' <Latency = 0> <II = 1> <Delay = 0.70> <FuncUnit> <Opcode : 'select'> <InPorts = 3> <OutPorts = 1>
ST_3 : Operation 205 [1/1] (2.19ns)   --->   "%icmp_ln66_29 = icmp_slt  i20 %select_ln0_24, i20 %select_ln0_25" [firmware/nnet_utils/nnet_common.h:66->firmware/nnet_utils/nnet_common.h:46->firmware/nnet_utils/nnet_common.h:46->firmware/nnet_utils/nnet_common.h:46->firmware/nnet_utils/nnet_pooling_stream.h:21->firmware/nnet_utils/nnet_pooling_stream.h:68->firmware/nnet_utils/nnet_pooling_stream.h:115]   --->   Operation 205 'icmp' 'icmp_ln66_29' <Predicate = (icmp_ln55 & and_ln55_1)> <Delay = 2.19> <CoreInst = "Cmp">   --->   Core 9 'Cmp' <Latency = 0> <II = 1> <Delay = 2.19> <FuncUnit> <Opcode : 'seteq' 'setne' 'setle' 'setge' 'setlt' 'setgt'> <InPorts = 2> <OutPorts = 1>
ST_3 : Operation 206 [1/1] (0.00ns) (grouped into LUT with out node select_ln0_26)   --->   "%xor_ln66_29 = xor i1 %icmp_ln66_29, i1 1" [firmware/nnet_utils/nnet_common.h:66->firmware/nnet_utils/nnet_common.h:46->firmware/nnet_utils/nnet_common.h:46->firmware/nnet_utils/nnet_common.h:46->firmware/nnet_utils/nnet_pooling_stream.h:21->firmware/nnet_utils/nnet_pooling_stream.h:68->firmware/nnet_utils/nnet_pooling_stream.h:115]   --->   Operation 206 'xor' 'xor_ln66_29' <Predicate = (icmp_ln55 & and_ln55_1)> <Delay = 0.00> <CoreInst = "LogicGate">   --->   Core 74 'LogicGate' <Latency = 0> <II = 1> <Delay = 0.97> <FuncUnit> <Opcode : 'and' 'or' 'xor'> <InPorts = 2> <OutPorts = 1>
ST_3 : Operation 207 [1/1] (0.97ns) (out node of the LUT)   --->   "%select_ln0_26 = select i1 %xor_ln66_29, i20 %select_ln0_24, i20 %select_ln0_25" [firmware/nnet_utils/nnet_common.h:0->firmware/nnet_utils/nnet_common.h:46->firmware/nnet_utils/nnet_common.h:46->firmware/nnet_utils/nnet_pooling_stream.h:21->firmware/nnet_utils/nnet_pooling_stream.h:68->firmware/nnet_utils/nnet_pooling_stream.h:115]   --->   Operation 207 'select' 'select_ln0_26' <Predicate = (icmp_ln55 & and_ln55_1)> <Delay = 0.97> <CoreInst = "Sel">   --->   Core 73 'Sel' <Latency = 0> <II = 1> <Delay = 0.70> <FuncUnit> <Opcode : 'select'> <InPorts = 3> <OutPorts = 1>
ST_3 : Operation 208 [1/1] (2.19ns)   --->   "%icmp_ln66_30 = icmp_slt  i20 %p_ZZN4nnet22compute_pool_buffer_2dINS_5arrayI8ap_fixedILi20ELi10EL9ap_q_mode5EL9a_513, i20 %p_ZZN4nnet22compute_pool_buffer_2dINS_5arrayI8ap_fixedILi20ELi10EL9ap_q_mode5EL9a_514" [firmware/nnet_utils/nnet_common.h:66->firmware/nnet_utils/nnet_common.h:44->firmware/nnet_utils/nnet_common.h:46->firmware/nnet_utils/nnet_common.h:46->firmware/nnet_utils/nnet_common.h:46->firmware/nnet_utils/nnet_pooling_stream.h:21->firmware/nnet_utils/nnet_pooling_stream.h:68->firmware/nnet_utils/nnet_pooling_stream.h:115]   --->   Operation 208 'icmp' 'icmp_ln66_30' <Predicate = (icmp_ln55 & and_ln55_1)> <Delay = 2.19> <CoreInst = "Cmp">   --->   Core 9 'Cmp' <Latency = 0> <II = 1> <Delay = 2.19> <FuncUnit> <Opcode : 'seteq' 'setne' 'setle' 'setge' 'setlt' 'setgt'> <InPorts = 2> <OutPorts = 1>
ST_3 : Operation 209 [1/1] (0.00ns) (grouped into LUT with out node select_ln0_27)   --->   "%xor_ln66_30 = xor i1 %icmp_ln66_30, i1 1" [firmware/nnet_utils/nnet_common.h:66->firmware/nnet_utils/nnet_common.h:44->firmware/nnet_utils/nnet_common.h:46->firmware/nnet_utils/nnet_common.h:46->firmware/nnet_utils/nnet_common.h:46->firmware/nnet_utils/nnet_pooling_stream.h:21->firmware/nnet_utils/nnet_pooling_stream.h:68->firmware/nnet_utils/nnet_pooling_stream.h:115]   --->   Operation 209 'xor' 'xor_ln66_30' <Predicate = (icmp_ln55 & and_ln55_1)> <Delay = 0.00> <CoreInst = "LogicGate">   --->   Core 74 'LogicGate' <Latency = 0> <II = 1> <Delay = 0.97> <FuncUnit> <Opcode : 'and' 'or' 'xor'> <InPorts = 2> <OutPorts = 1>
ST_3 : Operation 210 [1/1] (0.97ns) (out node of the LUT)   --->   "%select_ln0_27 = select i1 %xor_ln66_30, i20 %p_ZZN4nnet22compute_pool_buffer_2dINS_5arrayI8ap_fixedILi20ELi10EL9ap_q_mode5EL9a_513, i20 %p_ZZN4nnet22compute_pool_buffer_2dINS_5arrayI8ap_fixedILi20ELi10EL9ap_q_mode5EL9a_514" [firmware/nnet_utils/nnet_common.h:0->firmware/nnet_utils/nnet_common.h:46->firmware/nnet_utils/nnet_common.h:46->firmware/nnet_utils/nnet_common.h:46->firmware/nnet_utils/nnet_pooling_stream.h:21->firmware/nnet_utils/nnet_pooling_stream.h:68->firmware/nnet_utils/nnet_pooling_stream.h:115]   --->   Operation 210 'select' 'select_ln0_27' <Predicate = (icmp_ln55 & and_ln55_1)> <Delay = 0.97> <CoreInst = "Sel">   --->   Core 73 'Sel' <Latency = 0> <II = 1> <Delay = 0.70> <FuncUnit> <Opcode : 'select'> <InPorts = 3> <OutPorts = 1>
ST_3 : Operation 211 [1/1] (2.19ns)   --->   "%icmp_ln66_31 = icmp_slt  i20 %p_ZZN4nnet22compute_pool_buffer_2dINS_5arrayI8ap_fixedILi20ELi10EL9ap_q_mode5EL9a_515, i20 %p_ZZN4nnet22compute_pool_buffer_2dINS_5arrayI8ap_fixedILi20ELi10EL9ap_q_mode5EL9a_516" [firmware/nnet_utils/nnet_common.h:66->firmware/nnet_utils/nnet_common.h:44->firmware/nnet_utils/nnet_common.h:46->firmware/nnet_utils/nnet_common.h:46->firmware/nnet_utils/nnet_common.h:46->firmware/nnet_utils/nnet_pooling_stream.h:21->firmware/nnet_utils/nnet_pooling_stream.h:68->firmware/nnet_utils/nnet_pooling_stream.h:115]   --->   Operation 211 'icmp' 'icmp_ln66_31' <Predicate = (icmp_ln55 & and_ln55_1)> <Delay = 2.19> <CoreInst = "Cmp">   --->   Core 9 'Cmp' <Latency = 0> <II = 1> <Delay = 2.19> <FuncUnit> <Opcode : 'seteq' 'setne' 'setle' 'setge' 'setlt' 'setgt'> <InPorts = 2> <OutPorts = 1>
ST_3 : Operation 212 [1/1] (0.00ns) (grouped into LUT with out node select_ln0_28)   --->   "%xor_ln66_31 = xor i1 %icmp_ln66_31, i1 1" [firmware/nnet_utils/nnet_common.h:66->firmware/nnet_utils/nnet_common.h:44->firmware/nnet_utils/nnet_common.h:46->firmware/nnet_utils/nnet_common.h:46->firmware/nnet_utils/nnet_common.h:46->firmware/nnet_utils/nnet_pooling_stream.h:21->firmware/nnet_utils/nnet_pooling_stream.h:68->firmware/nnet_utils/nnet_pooling_stream.h:115]   --->   Operation 212 'xor' 'xor_ln66_31' <Predicate = (icmp_ln55 & and_ln55_1)> <Delay = 0.00> <CoreInst = "LogicGate">   --->   Core 74 'LogicGate' <Latency = 0> <II = 1> <Delay = 0.97> <FuncUnit> <Opcode : 'and' 'or' 'xor'> <InPorts = 2> <OutPorts = 1>
ST_3 : Operation 213 [1/1] (0.97ns) (out node of the LUT)   --->   "%select_ln0_28 = select i1 %xor_ln66_31, i20 %p_ZZN4nnet22compute_pool_buffer_2dINS_5arrayI8ap_fixedILi20ELi10EL9ap_q_mode5EL9a_515, i20 %p_ZZN4nnet22compute_pool_buffer_2dINS_5arrayI8ap_fixedILi20ELi10EL9ap_q_mode5EL9a_516" [firmware/nnet_utils/nnet_common.h:0->firmware/nnet_utils/nnet_common.h:46->firmware/nnet_utils/nnet_common.h:46->firmware/nnet_utils/nnet_common.h:46->firmware/nnet_utils/nnet_pooling_stream.h:21->firmware/nnet_utils/nnet_pooling_stream.h:68->firmware/nnet_utils/nnet_pooling_stream.h:115]   --->   Operation 213 'select' 'select_ln0_28' <Predicate = (icmp_ln55 & and_ln55_1)> <Delay = 0.97> <CoreInst = "Sel">   --->   Core 73 'Sel' <Latency = 0> <II = 1> <Delay = 0.70> <FuncUnit> <Opcode : 'select'> <InPorts = 3> <OutPorts = 1>
ST_3 : Operation 214 [1/1] (2.19ns)   --->   "%icmp_ln66_32 = icmp_slt  i20 %select_ln0_27, i20 %select_ln0_28" [firmware/nnet_utils/nnet_common.h:66->firmware/nnet_utils/nnet_common.h:46->firmware/nnet_utils/nnet_common.h:46->firmware/nnet_utils/nnet_common.h:46->firmware/nnet_utils/nnet_pooling_stream.h:21->firmware/nnet_utils/nnet_pooling_stream.h:68->firmware/nnet_utils/nnet_pooling_stream.h:115]   --->   Operation 214 'icmp' 'icmp_ln66_32' <Predicate = (icmp_ln55 & and_ln55_1)> <Delay = 2.19> <CoreInst = "Cmp">   --->   Core 9 'Cmp' <Latency = 0> <II = 1> <Delay = 2.19> <FuncUnit> <Opcode : 'seteq' 'setne' 'setle' 'setge' 'setlt' 'setgt'> <InPorts = 2> <OutPorts = 1>
ST_3 : Operation 215 [1/1] (0.00ns) (grouped into LUT with out node select_ln0_29)   --->   "%xor_ln66_32 = xor i1 %icmp_ln66_32, i1 1" [firmware/nnet_utils/nnet_common.h:66->firmware/nnet_utils/nnet_common.h:46->firmware/nnet_utils/nnet_common.h:46->firmware/nnet_utils/nnet_common.h:46->firmware/nnet_utils/nnet_pooling_stream.h:21->firmware/nnet_utils/nnet_pooling_stream.h:68->firmware/nnet_utils/nnet_pooling_stream.h:115]   --->   Operation 215 'xor' 'xor_ln66_32' <Predicate = (icmp_ln55 & and_ln55_1)> <Delay = 0.00> <CoreInst = "LogicGate">   --->   Core 74 'LogicGate' <Latency = 0> <II = 1> <Delay = 0.97> <FuncUnit> <Opcode : 'and' 'or' 'xor'> <InPorts = 2> <OutPorts = 1>
ST_3 : Operation 216 [1/1] (0.97ns) (out node of the LUT)   --->   "%select_ln0_29 = select i1 %xor_ln66_32, i20 %select_ln0_27, i20 %select_ln0_28" [firmware/nnet_utils/nnet_common.h:0->firmware/nnet_utils/nnet_common.h:46->firmware/nnet_utils/nnet_common.h:46->firmware/nnet_utils/nnet_pooling_stream.h:21->firmware/nnet_utils/nnet_pooling_stream.h:68->firmware/nnet_utils/nnet_pooling_stream.h:115]   --->   Operation 216 'select' 'select_ln0_29' <Predicate = (icmp_ln55 & and_ln55_1)> <Delay = 0.97> <CoreInst = "Sel">   --->   Core 73 'Sel' <Latency = 0> <II = 1> <Delay = 0.70> <FuncUnit> <Opcode : 'select'> <InPorts = 3> <OutPorts = 1>
ST_3 : Operation 217 [1/1] (2.19ns)   --->   "%icmp_ln66_33 = icmp_slt  i20 %select_ln0_26, i20 %select_ln0_29" [firmware/nnet_utils/nnet_common.h:66->firmware/nnet_utils/nnet_common.h:46->firmware/nnet_utils/nnet_common.h:46->firmware/nnet_utils/nnet_pooling_stream.h:21->firmware/nnet_utils/nnet_pooling_stream.h:68->firmware/nnet_utils/nnet_pooling_stream.h:115]   --->   Operation 217 'icmp' 'icmp_ln66_33' <Predicate = (icmp_ln55 & and_ln55_1)> <Delay = 2.19> <CoreInst = "Cmp">   --->   Core 9 'Cmp' <Latency = 0> <II = 1> <Delay = 2.19> <FuncUnit> <Opcode : 'seteq' 'setne' 'setle' 'setge' 'setlt' 'setgt'> <InPorts = 2> <OutPorts = 1>
ST_3 : Operation 218 [1/1] (0.00ns) (grouped into LUT with out node select_ln0_30)   --->   "%xor_ln66_33 = xor i1 %icmp_ln66_33, i1 1" [firmware/nnet_utils/nnet_common.h:66->firmware/nnet_utils/nnet_common.h:46->firmware/nnet_utils/nnet_common.h:46->firmware/nnet_utils/nnet_pooling_stream.h:21->firmware/nnet_utils/nnet_pooling_stream.h:68->firmware/nnet_utils/nnet_pooling_stream.h:115]   --->   Operation 218 'xor' 'xor_ln66_33' <Predicate = (icmp_ln55 & and_ln55_1)> <Delay = 0.00> <CoreInst = "LogicGate">   --->   Core 74 'LogicGate' <Latency = 0> <II = 1> <Delay = 0.97> <FuncUnit> <Opcode : 'and' 'or' 'xor'> <InPorts = 2> <OutPorts = 1>
ST_3 : Operation 219 [1/1] (0.97ns) (out node of the LUT)   --->   "%select_ln0_30 = select i1 %xor_ln66_33, i20 %select_ln0_26, i20 %select_ln0_29" [firmware/nnet_utils/nnet_common.h:0->firmware/nnet_utils/nnet_common.h:46->firmware/nnet_utils/nnet_pooling_stream.h:21->firmware/nnet_utils/nnet_pooling_stream.h:68->firmware/nnet_utils/nnet_pooling_stream.h:115]   --->   Operation 219 'select' 'select_ln0_30' <Predicate = (icmp_ln55 & and_ln55_1)> <Delay = 0.97> <CoreInst = "Sel">   --->   Core 73 'Sel' <Latency = 0> <II = 1> <Delay = 0.70> <FuncUnit> <Opcode : 'select'> <InPorts = 3> <OutPorts = 1>
ST_3 : Operation 220 [1/1] (2.19ns)   --->   "%icmp_ln66_34 = icmp_slt  i20 %p_ZZN4nnet22compute_pool_buffer_2dINS_5arrayI8ap_fixedILi20ELi10EL9ap_q_mode5EL9a_517, i20 %p_ZZN4nnet22compute_pool_buffer_2dINS_5arrayI8ap_fixedILi20ELi10EL9ap_q_mode5EL9a_518" [firmware/nnet_utils/nnet_common.h:66->firmware/nnet_utils/nnet_common.h:44->firmware/nnet_utils/nnet_common.h:46->firmware/nnet_utils/nnet_pooling_stream.h:21->firmware/nnet_utils/nnet_pooling_stream.h:68->firmware/nnet_utils/nnet_pooling_stream.h:115]   --->   Operation 220 'icmp' 'icmp_ln66_34' <Predicate = (icmp_ln55 & and_ln55_1)> <Delay = 2.19> <CoreInst = "Cmp">   --->   Core 9 'Cmp' <Latency = 0> <II = 1> <Delay = 2.19> <FuncUnit> <Opcode : 'seteq' 'setne' 'setle' 'setge' 'setlt' 'setgt'> <InPorts = 2> <OutPorts = 1>
ST_3 : Operation 221 [1/1] (0.00ns) (grouped into LUT with out node select_ln0_31)   --->   "%xor_ln66_34 = xor i1 %icmp_ln66_34, i1 1" [firmware/nnet_utils/nnet_common.h:66->firmware/nnet_utils/nnet_common.h:44->firmware/nnet_utils/nnet_common.h:46->firmware/nnet_utils/nnet_pooling_stream.h:21->firmware/nnet_utils/nnet_pooling_stream.h:68->firmware/nnet_utils/nnet_pooling_stream.h:115]   --->   Operation 221 'xor' 'xor_ln66_34' <Predicate = (icmp_ln55 & and_ln55_1)> <Delay = 0.00> <CoreInst = "LogicGate">   --->   Core 74 'LogicGate' <Latency = 0> <II = 1> <Delay = 0.97> <FuncUnit> <Opcode : 'and' 'or' 'xor'> <InPorts = 2> <OutPorts = 1>
ST_3 : Operation 222 [1/1] (0.97ns) (out node of the LUT)   --->   "%select_ln0_31 = select i1 %xor_ln66_34, i20 %p_ZZN4nnet22compute_pool_buffer_2dINS_5arrayI8ap_fixedILi20ELi10EL9ap_q_mode5EL9a_517, i20 %p_ZZN4nnet22compute_pool_buffer_2dINS_5arrayI8ap_fixedILi20ELi10EL9ap_q_mode5EL9a_518" [firmware/nnet_utils/nnet_common.h:0->firmware/nnet_utils/nnet_common.h:46->firmware/nnet_utils/nnet_pooling_stream.h:21->firmware/nnet_utils/nnet_pooling_stream.h:68->firmware/nnet_utils/nnet_pooling_stream.h:115]   --->   Operation 222 'select' 'select_ln0_31' <Predicate = (icmp_ln55 & and_ln55_1)> <Delay = 0.97> <CoreInst = "Sel">   --->   Core 73 'Sel' <Latency = 0> <II = 1> <Delay = 0.70> <FuncUnit> <Opcode : 'select'> <InPorts = 3> <OutPorts = 1>
ST_3 : Operation 223 [1/1] (2.19ns)   --->   "%icmp_ln66_35 = icmp_slt  i20 %select_ln0_30, i20 %select_ln0_31" [firmware/nnet_utils/nnet_common.h:66->firmware/nnet_utils/nnet_common.h:46->firmware/nnet_utils/nnet_pooling_stream.h:21->firmware/nnet_utils/nnet_pooling_stream.h:68->firmware/nnet_utils/nnet_pooling_stream.h:115]   --->   Operation 223 'icmp' 'icmp_ln66_35' <Predicate = (icmp_ln55 & and_ln55_1)> <Delay = 2.19> <CoreInst = "Cmp">   --->   Core 9 'Cmp' <Latency = 0> <II = 1> <Delay = 2.19> <FuncUnit> <Opcode : 'seteq' 'setne' 'setle' 'setge' 'setlt' 'setgt'> <InPorts = 2> <OutPorts = 1>
ST_3 : Operation 224 [1/1] (0.00ns) (grouped into LUT with out node res_pack_3)   --->   "%xor_ln66_35 = xor i1 %icmp_ln66_35, i1 1" [firmware/nnet_utils/nnet_common.h:66->firmware/nnet_utils/nnet_common.h:46->firmware/nnet_utils/nnet_pooling_stream.h:21->firmware/nnet_utils/nnet_pooling_stream.h:68->firmware/nnet_utils/nnet_pooling_stream.h:115]   --->   Operation 224 'xor' 'xor_ln66_35' <Predicate = (icmp_ln55 & and_ln55_1)> <Delay = 0.00> <CoreInst = "LogicGate">   --->   Core 74 'LogicGate' <Latency = 0> <II = 1> <Delay = 0.97> <FuncUnit> <Opcode : 'and' 'or' 'xor'> <InPorts = 2> <OutPorts = 1>
ST_3 : Operation 225 [1/1] (0.97ns) (out node of the LUT)   --->   "%res_pack_3 = select i1 %xor_ln66_35, i20 %select_ln0_30, i20 %select_ln0_31" [firmware/nnet_utils/nnet_pooling_stream.h:67->firmware/nnet_utils/nnet_pooling_stream.h:115]   --->   Operation 225 'select' 'res_pack_3' <Predicate = (icmp_ln55 & and_ln55_1)> <Delay = 0.97> <CoreInst = "Sel">   --->   Core 73 'Sel' <Latency = 0> <II = 1> <Delay = 0.70> <FuncUnit> <Opcode : 'select'> <InPorts = 3> <OutPorts = 1>
ST_3 : Operation 226 [1/1] (0.00ns)   --->   "%void_compute_pool_buffer_2d_array_const_ap_shift_reg_n_filt_stream_kernel_24 = load i20 %void_compute_pool_buffer_2d_array_const_ap_shift_reg_n_filt_stream_kernel_5" [firmware/nnet_utils/nnet_pooling_stream.h:63->firmware/nnet_utils/nnet_pooling_stream.h:115]   --->   Operation 226 'load' 'void_compute_pool_buffer_2d_array_const_ap_shift_reg_n_filt_stream_kernel_24' <Predicate = (icmp_ln55 & and_ln55_1)> <Delay = 0.00>
ST_3 : Operation 227 [1/1] (0.00ns)   --->   "%p_ZZN4nnet22compute_pool_buffer_2dINS_5arrayI8ap_fixedILi20ELi10EL9ap_q_mode5EL9a_519 = load i20 %p_ZZN4nnet22compute_pool_buffer_2dINS_5arrayI8ap_fixedILi20ELi10EL9ap_q_mode5EL9a_77" [firmware/nnet_utils/nnet_pooling_stream.h:63->firmware/nnet_utils/nnet_pooling_stream.h:115]   --->   Operation 227 'load' 'p_ZZN4nnet22compute_pool_buffer_2dINS_5arrayI8ap_fixedILi20ELi10EL9ap_q_mode5EL9a_519' <Predicate = (icmp_ln55 & and_ln55_1)> <Delay = 0.00>
ST_3 : Operation 228 [1/1] (0.00ns)   --->   "%p_ZZN4nnet22compute_pool_buffer_2dINS_5arrayI8ap_fixedILi20ELi10EL9ap_q_mode5EL9a_520 = load i20 %p_ZZN4nnet22compute_pool_buffer_2dINS_5arrayI8ap_fixedILi20ELi10EL9ap_q_mode5EL9a_59" [firmware/nnet_utils/nnet_pooling_stream.h:63->firmware/nnet_utils/nnet_pooling_stream.h:115]   --->   Operation 228 'load' 'p_ZZN4nnet22compute_pool_buffer_2dINS_5arrayI8ap_fixedILi20ELi10EL9ap_q_mode5EL9a_520' <Predicate = (icmp_ln55 & and_ln55_1)> <Delay = 0.00>
ST_3 : Operation 229 [1/1] (0.00ns)   --->   "%p_ZZN4nnet22compute_pool_buffer_2dINS_5arrayI8ap_fixedILi20ELi10EL9ap_q_mode5EL9a_521 = load i20 %p_ZZN4nnet22compute_pool_buffer_2dINS_5arrayI8ap_fixedILi20ELi10EL9ap_q_mode5EL9a_41" [firmware/nnet_utils/nnet_pooling_stream.h:63->firmware/nnet_utils/nnet_pooling_stream.h:115]   --->   Operation 229 'load' 'p_ZZN4nnet22compute_pool_buffer_2dINS_5arrayI8ap_fixedILi20ELi10EL9ap_q_mode5EL9a_521' <Predicate = (icmp_ln55 & and_ln55_1)> <Delay = 0.00>
ST_3 : Operation 230 [1/1] (0.00ns)   --->   "%p_ZZN4nnet22compute_pool_buffer_2dINS_5arrayI8ap_fixedILi20ELi10EL9ap_q_mode5EL9a_522 = load i20 %p_ZZN4nnet22compute_pool_buffer_2dINS_5arrayI8ap_fixedILi20ELi10EL9ap_q_mode5EL9a_23" [firmware/nnet_utils/nnet_pooling_stream.h:63->firmware/nnet_utils/nnet_pooling_stream.h:115]   --->   Operation 230 'load' 'p_ZZN4nnet22compute_pool_buffer_2dINS_5arrayI8ap_fixedILi20ELi10EL9ap_q_mode5EL9a_522' <Predicate = (icmp_ln55 & and_ln55_1)> <Delay = 0.00>
ST_3 : Operation 231 [1/1] (0.00ns)   --->   "%p_ZZN4nnet22compute_pool_buffer_2dINS_5arrayI8ap_fixedILi20ELi10EL9ap_q_mode5EL9a_523 = load i20 %p_ZZN4nnet22compute_pool_buffer_2dINS_5arrayI8ap_fixedILi20ELi10EL9ap_q_mode5EL9a_5" [firmware/nnet_utils/nnet_pooling_stream.h:63->firmware/nnet_utils/nnet_pooling_stream.h:115]   --->   Operation 231 'load' 'p_ZZN4nnet22compute_pool_buffer_2dINS_5arrayI8ap_fixedILi20ELi10EL9ap_q_mode5EL9a_523' <Predicate = (icmp_ln55 & and_ln55_1)> <Delay = 0.00>
ST_3 : Operation 232 [1/1] (0.00ns)   --->   "%p_ZZN4nnet22compute_pool_buffer_2dINS_5arrayI8ap_fixedILi20ELi10EL9ap_q_mode5EL9a_524 = load i20 %p_ZZN4nnet22compute_pool_buffer_2dINS_5arrayI8ap_fixedILi20ELi10EL9ap_q_mode5EL9a_259" [firmware/nnet_utils/nnet_pooling_stream.h:63->firmware/nnet_utils/nnet_pooling_stream.h:115]   --->   Operation 232 'load' 'p_ZZN4nnet22compute_pool_buffer_2dINS_5arrayI8ap_fixedILi20ELi10EL9ap_q_mode5EL9a_524' <Predicate = (icmp_ln55 & and_ln55_1)> <Delay = 0.00>
ST_3 : Operation 233 [1/1] (0.00ns)   --->   "%p_ZZN4nnet22compute_pool_buffer_2dINS_5arrayI8ap_fixedILi20ELi10EL9ap_q_mode5EL9a_525 = load i20 %p_ZZN4nnet22compute_pool_buffer_2dINS_5arrayI8ap_fixedILi20ELi10EL9ap_q_mode5EL9a_279" [firmware/nnet_utils/nnet_pooling_stream.h:63->firmware/nnet_utils/nnet_pooling_stream.h:115]   --->   Operation 233 'load' 'p_ZZN4nnet22compute_pool_buffer_2dINS_5arrayI8ap_fixedILi20ELi10EL9ap_q_mode5EL9a_525' <Predicate = (icmp_ln55 & and_ln55_1)> <Delay = 0.00>
ST_3 : Operation 234 [1/1] (0.00ns)   --->   "%p_ZZN4nnet22compute_pool_buffer_2dINS_5arrayI8ap_fixedILi20ELi10EL9ap_q_mode5EL9a_526 = load i20 %p_ZZN4nnet22compute_pool_buffer_2dINS_5arrayI8ap_fixedILi20ELi10EL9ap_q_mode5EL9a_298" [firmware/nnet_utils/nnet_pooling_stream.h:63->firmware/nnet_utils/nnet_pooling_stream.h:115]   --->   Operation 234 'load' 'p_ZZN4nnet22compute_pool_buffer_2dINS_5arrayI8ap_fixedILi20ELi10EL9ap_q_mode5EL9a_526' <Predicate = (icmp_ln55 & and_ln55_1)> <Delay = 0.00>
ST_3 : Operation 235 [1/1] (0.00ns)   --->   "%p_ZZN4nnet22compute_pool_buffer_2dINS_5arrayI8ap_fixedILi20ELi10EL9ap_q_mode5EL9a_527 = load i20 %p_ZZN4nnet22compute_pool_buffer_2dINS_5arrayI8ap_fixedILi20ELi10EL9ap_q_mode5EL9a_96" [firmware/nnet_utils/nnet_pooling_stream.h:63->firmware/nnet_utils/nnet_pooling_stream.h:115]   --->   Operation 235 'load' 'p_ZZN4nnet22compute_pool_buffer_2dINS_5arrayI8ap_fixedILi20ELi10EL9ap_q_mode5EL9a_527' <Predicate = (icmp_ln55 & and_ln55_1)> <Delay = 0.00>
ST_3 : Operation 236 [1/1] (2.19ns)   --->   "%icmp_ln66_36 = icmp_slt  i20 %void_compute_pool_buffer_2d_array_const_ap_shift_reg_n_filt_stream_kernel_24, i20 %p_ZZN4nnet22compute_pool_buffer_2dINS_5arrayI8ap_fixedILi20ELi10EL9ap_q_mode5EL9a_519" [firmware/nnet_utils/nnet_common.h:66->firmware/nnet_utils/nnet_common.h:44->firmware/nnet_utils/nnet_common.h:46->firmware/nnet_utils/nnet_common.h:46->firmware/nnet_utils/nnet_common.h:46->firmware/nnet_utils/nnet_pooling_stream.h:21->firmware/nnet_utils/nnet_pooling_stream.h:68->firmware/nnet_utils/nnet_pooling_stream.h:115]   --->   Operation 236 'icmp' 'icmp_ln66_36' <Predicate = (icmp_ln55 & and_ln55_1)> <Delay = 2.19> <CoreInst = "Cmp">   --->   Core 9 'Cmp' <Latency = 0> <II = 1> <Delay = 2.19> <FuncUnit> <Opcode : 'seteq' 'setne' 'setle' 'setge' 'setlt' 'setgt'> <InPorts = 2> <OutPorts = 1>
ST_3 : Operation 237 [1/1] (0.00ns) (grouped into LUT with out node select_ln0_32)   --->   "%xor_ln66_36 = xor i1 %icmp_ln66_36, i1 1" [firmware/nnet_utils/nnet_common.h:66->firmware/nnet_utils/nnet_common.h:44->firmware/nnet_utils/nnet_common.h:46->firmware/nnet_utils/nnet_common.h:46->firmware/nnet_utils/nnet_common.h:46->firmware/nnet_utils/nnet_pooling_stream.h:21->firmware/nnet_utils/nnet_pooling_stream.h:68->firmware/nnet_utils/nnet_pooling_stream.h:115]   --->   Operation 237 'xor' 'xor_ln66_36' <Predicate = (icmp_ln55 & and_ln55_1)> <Delay = 0.00> <CoreInst = "LogicGate">   --->   Core 74 'LogicGate' <Latency = 0> <II = 1> <Delay = 0.97> <FuncUnit> <Opcode : 'and' 'or' 'xor'> <InPorts = 2> <OutPorts = 1>
ST_3 : Operation 238 [1/1] (0.97ns) (out node of the LUT)   --->   "%select_ln0_32 = select i1 %xor_ln66_36, i20 %void_compute_pool_buffer_2d_array_const_ap_shift_reg_n_filt_stream_kernel_24, i20 %p_ZZN4nnet22compute_pool_buffer_2dINS_5arrayI8ap_fixedILi20ELi10EL9ap_q_mode5EL9a_519" [firmware/nnet_utils/nnet_common.h:0->firmware/nnet_utils/nnet_common.h:46->firmware/nnet_utils/nnet_common.h:46->firmware/nnet_utils/nnet_common.h:46->firmware/nnet_utils/nnet_pooling_stream.h:21->firmware/nnet_utils/nnet_pooling_stream.h:68->firmware/nnet_utils/nnet_pooling_stream.h:115]   --->   Operation 238 'select' 'select_ln0_32' <Predicate = (icmp_ln55 & and_ln55_1)> <Delay = 0.97> <CoreInst = "Sel">   --->   Core 73 'Sel' <Latency = 0> <II = 1> <Delay = 0.70> <FuncUnit> <Opcode : 'select'> <InPorts = 3> <OutPorts = 1>
ST_3 : Operation 239 [1/1] (2.19ns)   --->   "%icmp_ln66_37 = icmp_slt  i20 %p_ZZN4nnet22compute_pool_buffer_2dINS_5arrayI8ap_fixedILi20ELi10EL9ap_q_mode5EL9a_520, i20 %p_ZZN4nnet22compute_pool_buffer_2dINS_5arrayI8ap_fixedILi20ELi10EL9ap_q_mode5EL9a_521" [firmware/nnet_utils/nnet_common.h:66->firmware/nnet_utils/nnet_common.h:44->firmware/nnet_utils/nnet_common.h:46->firmware/nnet_utils/nnet_common.h:46->firmware/nnet_utils/nnet_common.h:46->firmware/nnet_utils/nnet_pooling_stream.h:21->firmware/nnet_utils/nnet_pooling_stream.h:68->firmware/nnet_utils/nnet_pooling_stream.h:115]   --->   Operation 239 'icmp' 'icmp_ln66_37' <Predicate = (icmp_ln55 & and_ln55_1)> <Delay = 2.19> <CoreInst = "Cmp">   --->   Core 9 'Cmp' <Latency = 0> <II = 1> <Delay = 2.19> <FuncUnit> <Opcode : 'seteq' 'setne' 'setle' 'setge' 'setlt' 'setgt'> <InPorts = 2> <OutPorts = 1>
ST_3 : Operation 240 [1/1] (0.00ns) (grouped into LUT with out node select_ln0_33)   --->   "%xor_ln66_37 = xor i1 %icmp_ln66_37, i1 1" [firmware/nnet_utils/nnet_common.h:66->firmware/nnet_utils/nnet_common.h:44->firmware/nnet_utils/nnet_common.h:46->firmware/nnet_utils/nnet_common.h:46->firmware/nnet_utils/nnet_common.h:46->firmware/nnet_utils/nnet_pooling_stream.h:21->firmware/nnet_utils/nnet_pooling_stream.h:68->firmware/nnet_utils/nnet_pooling_stream.h:115]   --->   Operation 240 'xor' 'xor_ln66_37' <Predicate = (icmp_ln55 & and_ln55_1)> <Delay = 0.00> <CoreInst = "LogicGate">   --->   Core 74 'LogicGate' <Latency = 0> <II = 1> <Delay = 0.97> <FuncUnit> <Opcode : 'and' 'or' 'xor'> <InPorts = 2> <OutPorts = 1>
ST_3 : Operation 241 [1/1] (0.97ns) (out node of the LUT)   --->   "%select_ln0_33 = select i1 %xor_ln66_37, i20 %p_ZZN4nnet22compute_pool_buffer_2dINS_5arrayI8ap_fixedILi20ELi10EL9ap_q_mode5EL9a_520, i20 %p_ZZN4nnet22compute_pool_buffer_2dINS_5arrayI8ap_fixedILi20ELi10EL9ap_q_mode5EL9a_521" [firmware/nnet_utils/nnet_common.h:0->firmware/nnet_utils/nnet_common.h:46->firmware/nnet_utils/nnet_common.h:46->firmware/nnet_utils/nnet_common.h:46->firmware/nnet_utils/nnet_pooling_stream.h:21->firmware/nnet_utils/nnet_pooling_stream.h:68->firmware/nnet_utils/nnet_pooling_stream.h:115]   --->   Operation 241 'select' 'select_ln0_33' <Predicate = (icmp_ln55 & and_ln55_1)> <Delay = 0.97> <CoreInst = "Sel">   --->   Core 73 'Sel' <Latency = 0> <II = 1> <Delay = 0.70> <FuncUnit> <Opcode : 'select'> <InPorts = 3> <OutPorts = 1>
ST_3 : Operation 242 [1/1] (2.19ns)   --->   "%icmp_ln66_38 = icmp_slt  i20 %select_ln0_32, i20 %select_ln0_33" [firmware/nnet_utils/nnet_common.h:66->firmware/nnet_utils/nnet_common.h:46->firmware/nnet_utils/nnet_common.h:46->firmware/nnet_utils/nnet_common.h:46->firmware/nnet_utils/nnet_pooling_stream.h:21->firmware/nnet_utils/nnet_pooling_stream.h:68->firmware/nnet_utils/nnet_pooling_stream.h:115]   --->   Operation 242 'icmp' 'icmp_ln66_38' <Predicate = (icmp_ln55 & and_ln55_1)> <Delay = 2.19> <CoreInst = "Cmp">   --->   Core 9 'Cmp' <Latency = 0> <II = 1> <Delay = 2.19> <FuncUnit> <Opcode : 'seteq' 'setne' 'setle' 'setge' 'setlt' 'setgt'> <InPorts = 2> <OutPorts = 1>
ST_3 : Operation 243 [1/1] (0.00ns) (grouped into LUT with out node select_ln0_34)   --->   "%xor_ln66_38 = xor i1 %icmp_ln66_38, i1 1" [firmware/nnet_utils/nnet_common.h:66->firmware/nnet_utils/nnet_common.h:46->firmware/nnet_utils/nnet_common.h:46->firmware/nnet_utils/nnet_common.h:46->firmware/nnet_utils/nnet_pooling_stream.h:21->firmware/nnet_utils/nnet_pooling_stream.h:68->firmware/nnet_utils/nnet_pooling_stream.h:115]   --->   Operation 243 'xor' 'xor_ln66_38' <Predicate = (icmp_ln55 & and_ln55_1)> <Delay = 0.00> <CoreInst = "LogicGate">   --->   Core 74 'LogicGate' <Latency = 0> <II = 1> <Delay = 0.97> <FuncUnit> <Opcode : 'and' 'or' 'xor'> <InPorts = 2> <OutPorts = 1>
ST_3 : Operation 244 [1/1] (0.97ns) (out node of the LUT)   --->   "%select_ln0_34 = select i1 %xor_ln66_38, i20 %select_ln0_32, i20 %select_ln0_33" [firmware/nnet_utils/nnet_common.h:0->firmware/nnet_utils/nnet_common.h:46->firmware/nnet_utils/nnet_common.h:46->firmware/nnet_utils/nnet_pooling_stream.h:21->firmware/nnet_utils/nnet_pooling_stream.h:68->firmware/nnet_utils/nnet_pooling_stream.h:115]   --->   Operation 244 'select' 'select_ln0_34' <Predicate = (icmp_ln55 & and_ln55_1)> <Delay = 0.97> <CoreInst = "Sel">   --->   Core 73 'Sel' <Latency = 0> <II = 1> <Delay = 0.70> <FuncUnit> <Opcode : 'select'> <InPorts = 3> <OutPorts = 1>
ST_3 : Operation 245 [1/1] (2.19ns)   --->   "%icmp_ln66_39 = icmp_slt  i20 %p_ZZN4nnet22compute_pool_buffer_2dINS_5arrayI8ap_fixedILi20ELi10EL9ap_q_mode5EL9a_522, i20 %p_ZZN4nnet22compute_pool_buffer_2dINS_5arrayI8ap_fixedILi20ELi10EL9ap_q_mode5EL9a_523" [firmware/nnet_utils/nnet_common.h:66->firmware/nnet_utils/nnet_common.h:44->firmware/nnet_utils/nnet_common.h:46->firmware/nnet_utils/nnet_common.h:46->firmware/nnet_utils/nnet_common.h:46->firmware/nnet_utils/nnet_pooling_stream.h:21->firmware/nnet_utils/nnet_pooling_stream.h:68->firmware/nnet_utils/nnet_pooling_stream.h:115]   --->   Operation 245 'icmp' 'icmp_ln66_39' <Predicate = (icmp_ln55 & and_ln55_1)> <Delay = 2.19> <CoreInst = "Cmp">   --->   Core 9 'Cmp' <Latency = 0> <II = 1> <Delay = 2.19> <FuncUnit> <Opcode : 'seteq' 'setne' 'setle' 'setge' 'setlt' 'setgt'> <InPorts = 2> <OutPorts = 1>
ST_3 : Operation 246 [1/1] (0.00ns) (grouped into LUT with out node select_ln0_35)   --->   "%xor_ln66_39 = xor i1 %icmp_ln66_39, i1 1" [firmware/nnet_utils/nnet_common.h:66->firmware/nnet_utils/nnet_common.h:44->firmware/nnet_utils/nnet_common.h:46->firmware/nnet_utils/nnet_common.h:46->firmware/nnet_utils/nnet_common.h:46->firmware/nnet_utils/nnet_pooling_stream.h:21->firmware/nnet_utils/nnet_pooling_stream.h:68->firmware/nnet_utils/nnet_pooling_stream.h:115]   --->   Operation 246 'xor' 'xor_ln66_39' <Predicate = (icmp_ln55 & and_ln55_1)> <Delay = 0.00> <CoreInst = "LogicGate">   --->   Core 74 'LogicGate' <Latency = 0> <II = 1> <Delay = 0.97> <FuncUnit> <Opcode : 'and' 'or' 'xor'> <InPorts = 2> <OutPorts = 1>
ST_3 : Operation 247 [1/1] (0.97ns) (out node of the LUT)   --->   "%select_ln0_35 = select i1 %xor_ln66_39, i20 %p_ZZN4nnet22compute_pool_buffer_2dINS_5arrayI8ap_fixedILi20ELi10EL9ap_q_mode5EL9a_522, i20 %p_ZZN4nnet22compute_pool_buffer_2dINS_5arrayI8ap_fixedILi20ELi10EL9ap_q_mode5EL9a_523" [firmware/nnet_utils/nnet_common.h:0->firmware/nnet_utils/nnet_common.h:46->firmware/nnet_utils/nnet_common.h:46->firmware/nnet_utils/nnet_common.h:46->firmware/nnet_utils/nnet_pooling_stream.h:21->firmware/nnet_utils/nnet_pooling_stream.h:68->firmware/nnet_utils/nnet_pooling_stream.h:115]   --->   Operation 247 'select' 'select_ln0_35' <Predicate = (icmp_ln55 & and_ln55_1)> <Delay = 0.97> <CoreInst = "Sel">   --->   Core 73 'Sel' <Latency = 0> <II = 1> <Delay = 0.70> <FuncUnit> <Opcode : 'select'> <InPorts = 3> <OutPorts = 1>
ST_3 : Operation 248 [1/1] (2.19ns)   --->   "%icmp_ln66_40 = icmp_slt  i20 %p_ZZN4nnet22compute_pool_buffer_2dINS_5arrayI8ap_fixedILi20ELi10EL9ap_q_mode5EL9a_524, i20 %p_ZZN4nnet22compute_pool_buffer_2dINS_5arrayI8ap_fixedILi20ELi10EL9ap_q_mode5EL9a_525" [firmware/nnet_utils/nnet_common.h:66->firmware/nnet_utils/nnet_common.h:44->firmware/nnet_utils/nnet_common.h:46->firmware/nnet_utils/nnet_common.h:46->firmware/nnet_utils/nnet_common.h:46->firmware/nnet_utils/nnet_pooling_stream.h:21->firmware/nnet_utils/nnet_pooling_stream.h:68->firmware/nnet_utils/nnet_pooling_stream.h:115]   --->   Operation 248 'icmp' 'icmp_ln66_40' <Predicate = (icmp_ln55 & and_ln55_1)> <Delay = 2.19> <CoreInst = "Cmp">   --->   Core 9 'Cmp' <Latency = 0> <II = 1> <Delay = 2.19> <FuncUnit> <Opcode : 'seteq' 'setne' 'setle' 'setge' 'setlt' 'setgt'> <InPorts = 2> <OutPorts = 1>
ST_3 : Operation 249 [1/1] (0.00ns) (grouped into LUT with out node select_ln0_36)   --->   "%xor_ln66_40 = xor i1 %icmp_ln66_40, i1 1" [firmware/nnet_utils/nnet_common.h:66->firmware/nnet_utils/nnet_common.h:44->firmware/nnet_utils/nnet_common.h:46->firmware/nnet_utils/nnet_common.h:46->firmware/nnet_utils/nnet_common.h:46->firmware/nnet_utils/nnet_pooling_stream.h:21->firmware/nnet_utils/nnet_pooling_stream.h:68->firmware/nnet_utils/nnet_pooling_stream.h:115]   --->   Operation 249 'xor' 'xor_ln66_40' <Predicate = (icmp_ln55 & and_ln55_1)> <Delay = 0.00> <CoreInst = "LogicGate">   --->   Core 74 'LogicGate' <Latency = 0> <II = 1> <Delay = 0.97> <FuncUnit> <Opcode : 'and' 'or' 'xor'> <InPorts = 2> <OutPorts = 1>
ST_3 : Operation 250 [1/1] (0.97ns) (out node of the LUT)   --->   "%select_ln0_36 = select i1 %xor_ln66_40, i20 %p_ZZN4nnet22compute_pool_buffer_2dINS_5arrayI8ap_fixedILi20ELi10EL9ap_q_mode5EL9a_524, i20 %p_ZZN4nnet22compute_pool_buffer_2dINS_5arrayI8ap_fixedILi20ELi10EL9ap_q_mode5EL9a_525" [firmware/nnet_utils/nnet_common.h:0->firmware/nnet_utils/nnet_common.h:46->firmware/nnet_utils/nnet_common.h:46->firmware/nnet_utils/nnet_common.h:46->firmware/nnet_utils/nnet_pooling_stream.h:21->firmware/nnet_utils/nnet_pooling_stream.h:68->firmware/nnet_utils/nnet_pooling_stream.h:115]   --->   Operation 250 'select' 'select_ln0_36' <Predicate = (icmp_ln55 & and_ln55_1)> <Delay = 0.97> <CoreInst = "Sel">   --->   Core 73 'Sel' <Latency = 0> <II = 1> <Delay = 0.70> <FuncUnit> <Opcode : 'select'> <InPorts = 3> <OutPorts = 1>
ST_3 : Operation 251 [1/1] (2.19ns)   --->   "%icmp_ln66_41 = icmp_slt  i20 %select_ln0_35, i20 %select_ln0_36" [firmware/nnet_utils/nnet_common.h:66->firmware/nnet_utils/nnet_common.h:46->firmware/nnet_utils/nnet_common.h:46->firmware/nnet_utils/nnet_common.h:46->firmware/nnet_utils/nnet_pooling_stream.h:21->firmware/nnet_utils/nnet_pooling_stream.h:68->firmware/nnet_utils/nnet_pooling_stream.h:115]   --->   Operation 251 'icmp' 'icmp_ln66_41' <Predicate = (icmp_ln55 & and_ln55_1)> <Delay = 2.19> <CoreInst = "Cmp">   --->   Core 9 'Cmp' <Latency = 0> <II = 1> <Delay = 2.19> <FuncUnit> <Opcode : 'seteq' 'setne' 'setle' 'setge' 'setlt' 'setgt'> <InPorts = 2> <OutPorts = 1>
ST_3 : Operation 252 [1/1] (0.00ns) (grouped into LUT with out node select_ln0_37)   --->   "%xor_ln66_41 = xor i1 %icmp_ln66_41, i1 1" [firmware/nnet_utils/nnet_common.h:66->firmware/nnet_utils/nnet_common.h:46->firmware/nnet_utils/nnet_common.h:46->firmware/nnet_utils/nnet_common.h:46->firmware/nnet_utils/nnet_pooling_stream.h:21->firmware/nnet_utils/nnet_pooling_stream.h:68->firmware/nnet_utils/nnet_pooling_stream.h:115]   --->   Operation 252 'xor' 'xor_ln66_41' <Predicate = (icmp_ln55 & and_ln55_1)> <Delay = 0.00> <CoreInst = "LogicGate">   --->   Core 74 'LogicGate' <Latency = 0> <II = 1> <Delay = 0.97> <FuncUnit> <Opcode : 'and' 'or' 'xor'> <InPorts = 2> <OutPorts = 1>
ST_3 : Operation 253 [1/1] (0.97ns) (out node of the LUT)   --->   "%select_ln0_37 = select i1 %xor_ln66_41, i20 %select_ln0_35, i20 %select_ln0_36" [firmware/nnet_utils/nnet_common.h:0->firmware/nnet_utils/nnet_common.h:46->firmware/nnet_utils/nnet_common.h:46->firmware/nnet_utils/nnet_pooling_stream.h:21->firmware/nnet_utils/nnet_pooling_stream.h:68->firmware/nnet_utils/nnet_pooling_stream.h:115]   --->   Operation 253 'select' 'select_ln0_37' <Predicate = (icmp_ln55 & and_ln55_1)> <Delay = 0.97> <CoreInst = "Sel">   --->   Core 73 'Sel' <Latency = 0> <II = 1> <Delay = 0.70> <FuncUnit> <Opcode : 'select'> <InPorts = 3> <OutPorts = 1>
ST_3 : Operation 254 [1/1] (2.19ns)   --->   "%icmp_ln66_42 = icmp_slt  i20 %select_ln0_34, i20 %select_ln0_37" [firmware/nnet_utils/nnet_common.h:66->firmware/nnet_utils/nnet_common.h:46->firmware/nnet_utils/nnet_common.h:46->firmware/nnet_utils/nnet_pooling_stream.h:21->firmware/nnet_utils/nnet_pooling_stream.h:68->firmware/nnet_utils/nnet_pooling_stream.h:115]   --->   Operation 254 'icmp' 'icmp_ln66_42' <Predicate = (icmp_ln55 & and_ln55_1)> <Delay = 2.19> <CoreInst = "Cmp">   --->   Core 9 'Cmp' <Latency = 0> <II = 1> <Delay = 2.19> <FuncUnit> <Opcode : 'seteq' 'setne' 'setle' 'setge' 'setlt' 'setgt'> <InPorts = 2> <OutPorts = 1>
ST_3 : Operation 255 [1/1] (0.00ns) (grouped into LUT with out node select_ln0_38)   --->   "%xor_ln66_42 = xor i1 %icmp_ln66_42, i1 1" [firmware/nnet_utils/nnet_common.h:66->firmware/nnet_utils/nnet_common.h:46->firmware/nnet_utils/nnet_common.h:46->firmware/nnet_utils/nnet_pooling_stream.h:21->firmware/nnet_utils/nnet_pooling_stream.h:68->firmware/nnet_utils/nnet_pooling_stream.h:115]   --->   Operation 255 'xor' 'xor_ln66_42' <Predicate = (icmp_ln55 & and_ln55_1)> <Delay = 0.00> <CoreInst = "LogicGate">   --->   Core 74 'LogicGate' <Latency = 0> <II = 1> <Delay = 0.97> <FuncUnit> <Opcode : 'and' 'or' 'xor'> <InPorts = 2> <OutPorts = 1>
ST_3 : Operation 256 [1/1] (0.97ns) (out node of the LUT)   --->   "%select_ln0_38 = select i1 %xor_ln66_42, i20 %select_ln0_34, i20 %select_ln0_37" [firmware/nnet_utils/nnet_common.h:0->firmware/nnet_utils/nnet_common.h:46->firmware/nnet_utils/nnet_pooling_stream.h:21->firmware/nnet_utils/nnet_pooling_stream.h:68->firmware/nnet_utils/nnet_pooling_stream.h:115]   --->   Operation 256 'select' 'select_ln0_38' <Predicate = (icmp_ln55 & and_ln55_1)> <Delay = 0.97> <CoreInst = "Sel">   --->   Core 73 'Sel' <Latency = 0> <II = 1> <Delay = 0.70> <FuncUnit> <Opcode : 'select'> <InPorts = 3> <OutPorts = 1>
ST_3 : Operation 257 [1/1] (2.19ns)   --->   "%icmp_ln66_43 = icmp_slt  i20 %p_ZZN4nnet22compute_pool_buffer_2dINS_5arrayI8ap_fixedILi20ELi10EL9ap_q_mode5EL9a_526, i20 %p_ZZN4nnet22compute_pool_buffer_2dINS_5arrayI8ap_fixedILi20ELi10EL9ap_q_mode5EL9a_527" [firmware/nnet_utils/nnet_common.h:66->firmware/nnet_utils/nnet_common.h:44->firmware/nnet_utils/nnet_common.h:46->firmware/nnet_utils/nnet_pooling_stream.h:21->firmware/nnet_utils/nnet_pooling_stream.h:68->firmware/nnet_utils/nnet_pooling_stream.h:115]   --->   Operation 257 'icmp' 'icmp_ln66_43' <Predicate = (icmp_ln55 & and_ln55_1)> <Delay = 2.19> <CoreInst = "Cmp">   --->   Core 9 'Cmp' <Latency = 0> <II = 1> <Delay = 2.19> <FuncUnit> <Opcode : 'seteq' 'setne' 'setle' 'setge' 'setlt' 'setgt'> <InPorts = 2> <OutPorts = 1>
ST_3 : Operation 258 [1/1] (0.00ns) (grouped into LUT with out node select_ln0_39)   --->   "%xor_ln66_43 = xor i1 %icmp_ln66_43, i1 1" [firmware/nnet_utils/nnet_common.h:66->firmware/nnet_utils/nnet_common.h:44->firmware/nnet_utils/nnet_common.h:46->firmware/nnet_utils/nnet_pooling_stream.h:21->firmware/nnet_utils/nnet_pooling_stream.h:68->firmware/nnet_utils/nnet_pooling_stream.h:115]   --->   Operation 258 'xor' 'xor_ln66_43' <Predicate = (icmp_ln55 & and_ln55_1)> <Delay = 0.00> <CoreInst = "LogicGate">   --->   Core 74 'LogicGate' <Latency = 0> <II = 1> <Delay = 0.97> <FuncUnit> <Opcode : 'and' 'or' 'xor'> <InPorts = 2> <OutPorts = 1>
ST_3 : Operation 259 [1/1] (0.97ns) (out node of the LUT)   --->   "%select_ln0_39 = select i1 %xor_ln66_43, i20 %p_ZZN4nnet22compute_pool_buffer_2dINS_5arrayI8ap_fixedILi20ELi10EL9ap_q_mode5EL9a_526, i20 %p_ZZN4nnet22compute_pool_buffer_2dINS_5arrayI8ap_fixedILi20ELi10EL9ap_q_mode5EL9a_527" [firmware/nnet_utils/nnet_common.h:0->firmware/nnet_utils/nnet_common.h:46->firmware/nnet_utils/nnet_pooling_stream.h:21->firmware/nnet_utils/nnet_pooling_stream.h:68->firmware/nnet_utils/nnet_pooling_stream.h:115]   --->   Operation 259 'select' 'select_ln0_39' <Predicate = (icmp_ln55 & and_ln55_1)> <Delay = 0.97> <CoreInst = "Sel">   --->   Core 73 'Sel' <Latency = 0> <II = 1> <Delay = 0.70> <FuncUnit> <Opcode : 'select'> <InPorts = 3> <OutPorts = 1>
ST_3 : Operation 260 [1/1] (2.19ns)   --->   "%icmp_ln66_44 = icmp_slt  i20 %select_ln0_38, i20 %select_ln0_39" [firmware/nnet_utils/nnet_common.h:66->firmware/nnet_utils/nnet_common.h:46->firmware/nnet_utils/nnet_pooling_stream.h:21->firmware/nnet_utils/nnet_pooling_stream.h:68->firmware/nnet_utils/nnet_pooling_stream.h:115]   --->   Operation 260 'icmp' 'icmp_ln66_44' <Predicate = (icmp_ln55 & and_ln55_1)> <Delay = 2.19> <CoreInst = "Cmp">   --->   Core 9 'Cmp' <Latency = 0> <II = 1> <Delay = 2.19> <FuncUnit> <Opcode : 'seteq' 'setne' 'setle' 'setge' 'setlt' 'setgt'> <InPorts = 2> <OutPorts = 1>
ST_3 : Operation 261 [1/1] (0.00ns) (grouped into LUT with out node res_pack_4)   --->   "%xor_ln66_44 = xor i1 %icmp_ln66_44, i1 1" [firmware/nnet_utils/nnet_common.h:66->firmware/nnet_utils/nnet_common.h:46->firmware/nnet_utils/nnet_pooling_stream.h:21->firmware/nnet_utils/nnet_pooling_stream.h:68->firmware/nnet_utils/nnet_pooling_stream.h:115]   --->   Operation 261 'xor' 'xor_ln66_44' <Predicate = (icmp_ln55 & and_ln55_1)> <Delay = 0.00> <CoreInst = "LogicGate">   --->   Core 74 'LogicGate' <Latency = 0> <II = 1> <Delay = 0.97> <FuncUnit> <Opcode : 'and' 'or' 'xor'> <InPorts = 2> <OutPorts = 1>
ST_3 : Operation 262 [1/1] (0.97ns) (out node of the LUT)   --->   "%res_pack_4 = select i1 %xor_ln66_44, i20 %select_ln0_38, i20 %select_ln0_39" [firmware/nnet_utils/nnet_pooling_stream.h:67->firmware/nnet_utils/nnet_pooling_stream.h:115]   --->   Operation 262 'select' 'res_pack_4' <Predicate = (icmp_ln55 & and_ln55_1)> <Delay = 0.97> <CoreInst = "Sel">   --->   Core 73 'Sel' <Latency = 0> <II = 1> <Delay = 0.70> <FuncUnit> <Opcode : 'select'> <InPorts = 3> <OutPorts = 1>
ST_3 : Operation 263 [1/1] (0.00ns)   --->   "%void_compute_pool_buffer_2d_array_const_ap_shift_reg_n_filt_stream_kernel_25 = load i20 %void_compute_pool_buffer_2d_array_const_ap_shift_reg_n_filt_stream_kernel_4" [firmware/nnet_utils/nnet_pooling_stream.h:63->firmware/nnet_utils/nnet_pooling_stream.h:115]   --->   Operation 263 'load' 'void_compute_pool_buffer_2d_array_const_ap_shift_reg_n_filt_stream_kernel_25' <Predicate = (icmp_ln55 & and_ln55_1)> <Delay = 0.00>
ST_3 : Operation 264 [1/1] (0.00ns)   --->   "%p_ZZN4nnet22compute_pool_buffer_2dINS_5arrayI8ap_fixedILi20ELi10EL9ap_q_mode5EL9a_528 = load i20 %p_ZZN4nnet22compute_pool_buffer_2dINS_5arrayI8ap_fixedILi20ELi10EL9ap_q_mode5EL9a_76" [firmware/nnet_utils/nnet_pooling_stream.h:63->firmware/nnet_utils/nnet_pooling_stream.h:115]   --->   Operation 264 'load' 'p_ZZN4nnet22compute_pool_buffer_2dINS_5arrayI8ap_fixedILi20ELi10EL9ap_q_mode5EL9a_528' <Predicate = (icmp_ln55 & and_ln55_1)> <Delay = 0.00>
ST_3 : Operation 265 [1/1] (0.00ns)   --->   "%p_ZZN4nnet22compute_pool_buffer_2dINS_5arrayI8ap_fixedILi20ELi10EL9ap_q_mode5EL9a_529 = load i20 %p_ZZN4nnet22compute_pool_buffer_2dINS_5arrayI8ap_fixedILi20ELi10EL9ap_q_mode5EL9a_58" [firmware/nnet_utils/nnet_pooling_stream.h:63->firmware/nnet_utils/nnet_pooling_stream.h:115]   --->   Operation 265 'load' 'p_ZZN4nnet22compute_pool_buffer_2dINS_5arrayI8ap_fixedILi20ELi10EL9ap_q_mode5EL9a_529' <Predicate = (icmp_ln55 & and_ln55_1)> <Delay = 0.00>
ST_3 : Operation 266 [1/1] (0.00ns)   --->   "%p_ZZN4nnet22compute_pool_buffer_2dINS_5arrayI8ap_fixedILi20ELi10EL9ap_q_mode5EL9a_530 = load i20 %p_ZZN4nnet22compute_pool_buffer_2dINS_5arrayI8ap_fixedILi20ELi10EL9ap_q_mode5EL9a_40" [firmware/nnet_utils/nnet_pooling_stream.h:63->firmware/nnet_utils/nnet_pooling_stream.h:115]   --->   Operation 266 'load' 'p_ZZN4nnet22compute_pool_buffer_2dINS_5arrayI8ap_fixedILi20ELi10EL9ap_q_mode5EL9a_530' <Predicate = (icmp_ln55 & and_ln55_1)> <Delay = 0.00>
ST_3 : Operation 267 [1/1] (0.00ns)   --->   "%p_ZZN4nnet22compute_pool_buffer_2dINS_5arrayI8ap_fixedILi20ELi10EL9ap_q_mode5EL9a_531 = load i20 %p_ZZN4nnet22compute_pool_buffer_2dINS_5arrayI8ap_fixedILi20ELi10EL9ap_q_mode5EL9a_22" [firmware/nnet_utils/nnet_pooling_stream.h:63->firmware/nnet_utils/nnet_pooling_stream.h:115]   --->   Operation 267 'load' 'p_ZZN4nnet22compute_pool_buffer_2dINS_5arrayI8ap_fixedILi20ELi10EL9ap_q_mode5EL9a_531' <Predicate = (icmp_ln55 & and_ln55_1)> <Delay = 0.00>
ST_3 : Operation 268 [1/1] (0.00ns)   --->   "%p_ZZN4nnet22compute_pool_buffer_2dINS_5arrayI8ap_fixedILi20ELi10EL9ap_q_mode5EL9a_532 = load i20 %p_ZZN4nnet22compute_pool_buffer_2dINS_5arrayI8ap_fixedILi20ELi10EL9ap_q_mode5EL9a_4" [firmware/nnet_utils/nnet_pooling_stream.h:63->firmware/nnet_utils/nnet_pooling_stream.h:115]   --->   Operation 268 'load' 'p_ZZN4nnet22compute_pool_buffer_2dINS_5arrayI8ap_fixedILi20ELi10EL9ap_q_mode5EL9a_532' <Predicate = (icmp_ln55 & and_ln55_1)> <Delay = 0.00>
ST_3 : Operation 269 [1/1] (0.00ns)   --->   "%p_ZZN4nnet22compute_pool_buffer_2dINS_5arrayI8ap_fixedILi20ELi10EL9ap_q_mode5EL9a_533 = load i20 %p_ZZN4nnet22compute_pool_buffer_2dINS_5arrayI8ap_fixedILi20ELi10EL9ap_q_mode5EL9a_260" [firmware/nnet_utils/nnet_pooling_stream.h:63->firmware/nnet_utils/nnet_pooling_stream.h:115]   --->   Operation 269 'load' 'p_ZZN4nnet22compute_pool_buffer_2dINS_5arrayI8ap_fixedILi20ELi10EL9ap_q_mode5EL9a_533' <Predicate = (icmp_ln55 & and_ln55_1)> <Delay = 0.00>
ST_3 : Operation 270 [1/1] (0.00ns)   --->   "%p_ZZN4nnet22compute_pool_buffer_2dINS_5arrayI8ap_fixedILi20ELi10EL9ap_q_mode5EL9a_534 = load i20 %p_ZZN4nnet22compute_pool_buffer_2dINS_5arrayI8ap_fixedILi20ELi10EL9ap_q_mode5EL9a_280" [firmware/nnet_utils/nnet_pooling_stream.h:63->firmware/nnet_utils/nnet_pooling_stream.h:115]   --->   Operation 270 'load' 'p_ZZN4nnet22compute_pool_buffer_2dINS_5arrayI8ap_fixedILi20ELi10EL9ap_q_mode5EL9a_534' <Predicate = (icmp_ln55 & and_ln55_1)> <Delay = 0.00>
ST_3 : Operation 271 [1/1] (0.00ns)   --->   "%p_ZZN4nnet22compute_pool_buffer_2dINS_5arrayI8ap_fixedILi20ELi10EL9ap_q_mode5EL9a_535 = load i20 %p_ZZN4nnet22compute_pool_buffer_2dINS_5arrayI8ap_fixedILi20ELi10EL9ap_q_mode5EL9a_299" [firmware/nnet_utils/nnet_pooling_stream.h:63->firmware/nnet_utils/nnet_pooling_stream.h:115]   --->   Operation 271 'load' 'p_ZZN4nnet22compute_pool_buffer_2dINS_5arrayI8ap_fixedILi20ELi10EL9ap_q_mode5EL9a_535' <Predicate = (icmp_ln55 & and_ln55_1)> <Delay = 0.00>
ST_3 : Operation 272 [1/1] (0.00ns)   --->   "%p_ZZN4nnet22compute_pool_buffer_2dINS_5arrayI8ap_fixedILi20ELi10EL9ap_q_mode5EL9a_536 = load i20 %p_ZZN4nnet22compute_pool_buffer_2dINS_5arrayI8ap_fixedILi20ELi10EL9ap_q_mode5EL9a_95" [firmware/nnet_utils/nnet_pooling_stream.h:63->firmware/nnet_utils/nnet_pooling_stream.h:115]   --->   Operation 272 'load' 'p_ZZN4nnet22compute_pool_buffer_2dINS_5arrayI8ap_fixedILi20ELi10EL9ap_q_mode5EL9a_536' <Predicate = (icmp_ln55 & and_ln55_1)> <Delay = 0.00>
ST_3 : Operation 273 [1/1] (2.19ns)   --->   "%icmp_ln66_45 = icmp_slt  i20 %void_compute_pool_buffer_2d_array_const_ap_shift_reg_n_filt_stream_kernel_25, i20 %p_ZZN4nnet22compute_pool_buffer_2dINS_5arrayI8ap_fixedILi20ELi10EL9ap_q_mode5EL9a_528" [firmware/nnet_utils/nnet_common.h:66->firmware/nnet_utils/nnet_common.h:44->firmware/nnet_utils/nnet_common.h:46->firmware/nnet_utils/nnet_common.h:46->firmware/nnet_utils/nnet_common.h:46->firmware/nnet_utils/nnet_pooling_stream.h:21->firmware/nnet_utils/nnet_pooling_stream.h:68->firmware/nnet_utils/nnet_pooling_stream.h:115]   --->   Operation 273 'icmp' 'icmp_ln66_45' <Predicate = (icmp_ln55 & and_ln55_1)> <Delay = 2.19> <CoreInst = "Cmp">   --->   Core 9 'Cmp' <Latency = 0> <II = 1> <Delay = 2.19> <FuncUnit> <Opcode : 'seteq' 'setne' 'setle' 'setge' 'setlt' 'setgt'> <InPorts = 2> <OutPorts = 1>
ST_3 : Operation 274 [1/1] (0.00ns) (grouped into LUT with out node select_ln0_40)   --->   "%xor_ln66_45 = xor i1 %icmp_ln66_45, i1 1" [firmware/nnet_utils/nnet_common.h:66->firmware/nnet_utils/nnet_common.h:44->firmware/nnet_utils/nnet_common.h:46->firmware/nnet_utils/nnet_common.h:46->firmware/nnet_utils/nnet_common.h:46->firmware/nnet_utils/nnet_pooling_stream.h:21->firmware/nnet_utils/nnet_pooling_stream.h:68->firmware/nnet_utils/nnet_pooling_stream.h:115]   --->   Operation 274 'xor' 'xor_ln66_45' <Predicate = (icmp_ln55 & and_ln55_1)> <Delay = 0.00> <CoreInst = "LogicGate">   --->   Core 74 'LogicGate' <Latency = 0> <II = 1> <Delay = 0.97> <FuncUnit> <Opcode : 'and' 'or' 'xor'> <InPorts = 2> <OutPorts = 1>
ST_3 : Operation 275 [1/1] (0.97ns) (out node of the LUT)   --->   "%select_ln0_40 = select i1 %xor_ln66_45, i20 %void_compute_pool_buffer_2d_array_const_ap_shift_reg_n_filt_stream_kernel_25, i20 %p_ZZN4nnet22compute_pool_buffer_2dINS_5arrayI8ap_fixedILi20ELi10EL9ap_q_mode5EL9a_528" [firmware/nnet_utils/nnet_common.h:0->firmware/nnet_utils/nnet_common.h:46->firmware/nnet_utils/nnet_common.h:46->firmware/nnet_utils/nnet_common.h:46->firmware/nnet_utils/nnet_pooling_stream.h:21->firmware/nnet_utils/nnet_pooling_stream.h:68->firmware/nnet_utils/nnet_pooling_stream.h:115]   --->   Operation 275 'select' 'select_ln0_40' <Predicate = (icmp_ln55 & and_ln55_1)> <Delay = 0.97> <CoreInst = "Sel">   --->   Core 73 'Sel' <Latency = 0> <II = 1> <Delay = 0.70> <FuncUnit> <Opcode : 'select'> <InPorts = 3> <OutPorts = 1>
ST_3 : Operation 276 [1/1] (2.19ns)   --->   "%icmp_ln66_46 = icmp_slt  i20 %p_ZZN4nnet22compute_pool_buffer_2dINS_5arrayI8ap_fixedILi20ELi10EL9ap_q_mode5EL9a_529, i20 %p_ZZN4nnet22compute_pool_buffer_2dINS_5arrayI8ap_fixedILi20ELi10EL9ap_q_mode5EL9a_530" [firmware/nnet_utils/nnet_common.h:66->firmware/nnet_utils/nnet_common.h:44->firmware/nnet_utils/nnet_common.h:46->firmware/nnet_utils/nnet_common.h:46->firmware/nnet_utils/nnet_common.h:46->firmware/nnet_utils/nnet_pooling_stream.h:21->firmware/nnet_utils/nnet_pooling_stream.h:68->firmware/nnet_utils/nnet_pooling_stream.h:115]   --->   Operation 276 'icmp' 'icmp_ln66_46' <Predicate = (icmp_ln55 & and_ln55_1)> <Delay = 2.19> <CoreInst = "Cmp">   --->   Core 9 'Cmp' <Latency = 0> <II = 1> <Delay = 2.19> <FuncUnit> <Opcode : 'seteq' 'setne' 'setle' 'setge' 'setlt' 'setgt'> <InPorts = 2> <OutPorts = 1>
ST_3 : Operation 277 [1/1] (0.00ns) (grouped into LUT with out node select_ln0_41)   --->   "%xor_ln66_46 = xor i1 %icmp_ln66_46, i1 1" [firmware/nnet_utils/nnet_common.h:66->firmware/nnet_utils/nnet_common.h:44->firmware/nnet_utils/nnet_common.h:46->firmware/nnet_utils/nnet_common.h:46->firmware/nnet_utils/nnet_common.h:46->firmware/nnet_utils/nnet_pooling_stream.h:21->firmware/nnet_utils/nnet_pooling_stream.h:68->firmware/nnet_utils/nnet_pooling_stream.h:115]   --->   Operation 277 'xor' 'xor_ln66_46' <Predicate = (icmp_ln55 & and_ln55_1)> <Delay = 0.00> <CoreInst = "LogicGate">   --->   Core 74 'LogicGate' <Latency = 0> <II = 1> <Delay = 0.97> <FuncUnit> <Opcode : 'and' 'or' 'xor'> <InPorts = 2> <OutPorts = 1>
ST_3 : Operation 278 [1/1] (0.97ns) (out node of the LUT)   --->   "%select_ln0_41 = select i1 %xor_ln66_46, i20 %p_ZZN4nnet22compute_pool_buffer_2dINS_5arrayI8ap_fixedILi20ELi10EL9ap_q_mode5EL9a_529, i20 %p_ZZN4nnet22compute_pool_buffer_2dINS_5arrayI8ap_fixedILi20ELi10EL9ap_q_mode5EL9a_530" [firmware/nnet_utils/nnet_common.h:0->firmware/nnet_utils/nnet_common.h:46->firmware/nnet_utils/nnet_common.h:46->firmware/nnet_utils/nnet_common.h:46->firmware/nnet_utils/nnet_pooling_stream.h:21->firmware/nnet_utils/nnet_pooling_stream.h:68->firmware/nnet_utils/nnet_pooling_stream.h:115]   --->   Operation 278 'select' 'select_ln0_41' <Predicate = (icmp_ln55 & and_ln55_1)> <Delay = 0.97> <CoreInst = "Sel">   --->   Core 73 'Sel' <Latency = 0> <II = 1> <Delay = 0.70> <FuncUnit> <Opcode : 'select'> <InPorts = 3> <OutPorts = 1>
ST_3 : Operation 279 [1/1] (2.19ns)   --->   "%icmp_ln66_47 = icmp_slt  i20 %select_ln0_40, i20 %select_ln0_41" [firmware/nnet_utils/nnet_common.h:66->firmware/nnet_utils/nnet_common.h:46->firmware/nnet_utils/nnet_common.h:46->firmware/nnet_utils/nnet_common.h:46->firmware/nnet_utils/nnet_pooling_stream.h:21->firmware/nnet_utils/nnet_pooling_stream.h:68->firmware/nnet_utils/nnet_pooling_stream.h:115]   --->   Operation 279 'icmp' 'icmp_ln66_47' <Predicate = (icmp_ln55 & and_ln55_1)> <Delay = 2.19> <CoreInst = "Cmp">   --->   Core 9 'Cmp' <Latency = 0> <II = 1> <Delay = 2.19> <FuncUnit> <Opcode : 'seteq' 'setne' 'setle' 'setge' 'setlt' 'setgt'> <InPorts = 2> <OutPorts = 1>
ST_3 : Operation 280 [1/1] (0.00ns) (grouped into LUT with out node select_ln0_42)   --->   "%xor_ln66_47 = xor i1 %icmp_ln66_47, i1 1" [firmware/nnet_utils/nnet_common.h:66->firmware/nnet_utils/nnet_common.h:46->firmware/nnet_utils/nnet_common.h:46->firmware/nnet_utils/nnet_common.h:46->firmware/nnet_utils/nnet_pooling_stream.h:21->firmware/nnet_utils/nnet_pooling_stream.h:68->firmware/nnet_utils/nnet_pooling_stream.h:115]   --->   Operation 280 'xor' 'xor_ln66_47' <Predicate = (icmp_ln55 & and_ln55_1)> <Delay = 0.00> <CoreInst = "LogicGate">   --->   Core 74 'LogicGate' <Latency = 0> <II = 1> <Delay = 0.97> <FuncUnit> <Opcode : 'and' 'or' 'xor'> <InPorts = 2> <OutPorts = 1>
ST_3 : Operation 281 [1/1] (0.97ns) (out node of the LUT)   --->   "%select_ln0_42 = select i1 %xor_ln66_47, i20 %select_ln0_40, i20 %select_ln0_41" [firmware/nnet_utils/nnet_common.h:0->firmware/nnet_utils/nnet_common.h:46->firmware/nnet_utils/nnet_common.h:46->firmware/nnet_utils/nnet_pooling_stream.h:21->firmware/nnet_utils/nnet_pooling_stream.h:68->firmware/nnet_utils/nnet_pooling_stream.h:115]   --->   Operation 281 'select' 'select_ln0_42' <Predicate = (icmp_ln55 & and_ln55_1)> <Delay = 0.97> <CoreInst = "Sel">   --->   Core 73 'Sel' <Latency = 0> <II = 1> <Delay = 0.70> <FuncUnit> <Opcode : 'select'> <InPorts = 3> <OutPorts = 1>
ST_3 : Operation 282 [1/1] (2.19ns)   --->   "%icmp_ln66_48 = icmp_slt  i20 %p_ZZN4nnet22compute_pool_buffer_2dINS_5arrayI8ap_fixedILi20ELi10EL9ap_q_mode5EL9a_531, i20 %p_ZZN4nnet22compute_pool_buffer_2dINS_5arrayI8ap_fixedILi20ELi10EL9ap_q_mode5EL9a_532" [firmware/nnet_utils/nnet_common.h:66->firmware/nnet_utils/nnet_common.h:44->firmware/nnet_utils/nnet_common.h:46->firmware/nnet_utils/nnet_common.h:46->firmware/nnet_utils/nnet_common.h:46->firmware/nnet_utils/nnet_pooling_stream.h:21->firmware/nnet_utils/nnet_pooling_stream.h:68->firmware/nnet_utils/nnet_pooling_stream.h:115]   --->   Operation 282 'icmp' 'icmp_ln66_48' <Predicate = (icmp_ln55 & and_ln55_1)> <Delay = 2.19> <CoreInst = "Cmp">   --->   Core 9 'Cmp' <Latency = 0> <II = 1> <Delay = 2.19> <FuncUnit> <Opcode : 'seteq' 'setne' 'setle' 'setge' 'setlt' 'setgt'> <InPorts = 2> <OutPorts = 1>
ST_3 : Operation 283 [1/1] (0.00ns) (grouped into LUT with out node select_ln0_43)   --->   "%xor_ln66_48 = xor i1 %icmp_ln66_48, i1 1" [firmware/nnet_utils/nnet_common.h:66->firmware/nnet_utils/nnet_common.h:44->firmware/nnet_utils/nnet_common.h:46->firmware/nnet_utils/nnet_common.h:46->firmware/nnet_utils/nnet_common.h:46->firmware/nnet_utils/nnet_pooling_stream.h:21->firmware/nnet_utils/nnet_pooling_stream.h:68->firmware/nnet_utils/nnet_pooling_stream.h:115]   --->   Operation 283 'xor' 'xor_ln66_48' <Predicate = (icmp_ln55 & and_ln55_1)> <Delay = 0.00> <CoreInst = "LogicGate">   --->   Core 74 'LogicGate' <Latency = 0> <II = 1> <Delay = 0.97> <FuncUnit> <Opcode : 'and' 'or' 'xor'> <InPorts = 2> <OutPorts = 1>
ST_3 : Operation 284 [1/1] (0.97ns) (out node of the LUT)   --->   "%select_ln0_43 = select i1 %xor_ln66_48, i20 %p_ZZN4nnet22compute_pool_buffer_2dINS_5arrayI8ap_fixedILi20ELi10EL9ap_q_mode5EL9a_531, i20 %p_ZZN4nnet22compute_pool_buffer_2dINS_5arrayI8ap_fixedILi20ELi10EL9ap_q_mode5EL9a_532" [firmware/nnet_utils/nnet_common.h:0->firmware/nnet_utils/nnet_common.h:46->firmware/nnet_utils/nnet_common.h:46->firmware/nnet_utils/nnet_common.h:46->firmware/nnet_utils/nnet_pooling_stream.h:21->firmware/nnet_utils/nnet_pooling_stream.h:68->firmware/nnet_utils/nnet_pooling_stream.h:115]   --->   Operation 284 'select' 'select_ln0_43' <Predicate = (icmp_ln55 & and_ln55_1)> <Delay = 0.97> <CoreInst = "Sel">   --->   Core 73 'Sel' <Latency = 0> <II = 1> <Delay = 0.70> <FuncUnit> <Opcode : 'select'> <InPorts = 3> <OutPorts = 1>
ST_3 : Operation 285 [1/1] (2.19ns)   --->   "%icmp_ln66_49 = icmp_slt  i20 %p_ZZN4nnet22compute_pool_buffer_2dINS_5arrayI8ap_fixedILi20ELi10EL9ap_q_mode5EL9a_533, i20 %p_ZZN4nnet22compute_pool_buffer_2dINS_5arrayI8ap_fixedILi20ELi10EL9ap_q_mode5EL9a_534" [firmware/nnet_utils/nnet_common.h:66->firmware/nnet_utils/nnet_common.h:44->firmware/nnet_utils/nnet_common.h:46->firmware/nnet_utils/nnet_common.h:46->firmware/nnet_utils/nnet_common.h:46->firmware/nnet_utils/nnet_pooling_stream.h:21->firmware/nnet_utils/nnet_pooling_stream.h:68->firmware/nnet_utils/nnet_pooling_stream.h:115]   --->   Operation 285 'icmp' 'icmp_ln66_49' <Predicate = (icmp_ln55 & and_ln55_1)> <Delay = 2.19> <CoreInst = "Cmp">   --->   Core 9 'Cmp' <Latency = 0> <II = 1> <Delay = 2.19> <FuncUnit> <Opcode : 'seteq' 'setne' 'setle' 'setge' 'setlt' 'setgt'> <InPorts = 2> <OutPorts = 1>
ST_3 : Operation 286 [1/1] (0.00ns) (grouped into LUT with out node select_ln0_44)   --->   "%xor_ln66_49 = xor i1 %icmp_ln66_49, i1 1" [firmware/nnet_utils/nnet_common.h:66->firmware/nnet_utils/nnet_common.h:44->firmware/nnet_utils/nnet_common.h:46->firmware/nnet_utils/nnet_common.h:46->firmware/nnet_utils/nnet_common.h:46->firmware/nnet_utils/nnet_pooling_stream.h:21->firmware/nnet_utils/nnet_pooling_stream.h:68->firmware/nnet_utils/nnet_pooling_stream.h:115]   --->   Operation 286 'xor' 'xor_ln66_49' <Predicate = (icmp_ln55 & and_ln55_1)> <Delay = 0.00> <CoreInst = "LogicGate">   --->   Core 74 'LogicGate' <Latency = 0> <II = 1> <Delay = 0.97> <FuncUnit> <Opcode : 'and' 'or' 'xor'> <InPorts = 2> <OutPorts = 1>
ST_3 : Operation 287 [1/1] (0.97ns) (out node of the LUT)   --->   "%select_ln0_44 = select i1 %xor_ln66_49, i20 %p_ZZN4nnet22compute_pool_buffer_2dINS_5arrayI8ap_fixedILi20ELi10EL9ap_q_mode5EL9a_533, i20 %p_ZZN4nnet22compute_pool_buffer_2dINS_5arrayI8ap_fixedILi20ELi10EL9ap_q_mode5EL9a_534" [firmware/nnet_utils/nnet_common.h:0->firmware/nnet_utils/nnet_common.h:46->firmware/nnet_utils/nnet_common.h:46->firmware/nnet_utils/nnet_common.h:46->firmware/nnet_utils/nnet_pooling_stream.h:21->firmware/nnet_utils/nnet_pooling_stream.h:68->firmware/nnet_utils/nnet_pooling_stream.h:115]   --->   Operation 287 'select' 'select_ln0_44' <Predicate = (icmp_ln55 & and_ln55_1)> <Delay = 0.97> <CoreInst = "Sel">   --->   Core 73 'Sel' <Latency = 0> <II = 1> <Delay = 0.70> <FuncUnit> <Opcode : 'select'> <InPorts = 3> <OutPorts = 1>
ST_3 : Operation 288 [1/1] (2.19ns)   --->   "%icmp_ln66_50 = icmp_slt  i20 %select_ln0_43, i20 %select_ln0_44" [firmware/nnet_utils/nnet_common.h:66->firmware/nnet_utils/nnet_common.h:46->firmware/nnet_utils/nnet_common.h:46->firmware/nnet_utils/nnet_common.h:46->firmware/nnet_utils/nnet_pooling_stream.h:21->firmware/nnet_utils/nnet_pooling_stream.h:68->firmware/nnet_utils/nnet_pooling_stream.h:115]   --->   Operation 288 'icmp' 'icmp_ln66_50' <Predicate = (icmp_ln55 & and_ln55_1)> <Delay = 2.19> <CoreInst = "Cmp">   --->   Core 9 'Cmp' <Latency = 0> <II = 1> <Delay = 2.19> <FuncUnit> <Opcode : 'seteq' 'setne' 'setle' 'setge' 'setlt' 'setgt'> <InPorts = 2> <OutPorts = 1>
ST_3 : Operation 289 [1/1] (0.00ns) (grouped into LUT with out node select_ln0_45)   --->   "%xor_ln66_50 = xor i1 %icmp_ln66_50, i1 1" [firmware/nnet_utils/nnet_common.h:66->firmware/nnet_utils/nnet_common.h:46->firmware/nnet_utils/nnet_common.h:46->firmware/nnet_utils/nnet_common.h:46->firmware/nnet_utils/nnet_pooling_stream.h:21->firmware/nnet_utils/nnet_pooling_stream.h:68->firmware/nnet_utils/nnet_pooling_stream.h:115]   --->   Operation 289 'xor' 'xor_ln66_50' <Predicate = (icmp_ln55 & and_ln55_1)> <Delay = 0.00> <CoreInst = "LogicGate">   --->   Core 74 'LogicGate' <Latency = 0> <II = 1> <Delay = 0.97> <FuncUnit> <Opcode : 'and' 'or' 'xor'> <InPorts = 2> <OutPorts = 1>
ST_3 : Operation 290 [1/1] (0.97ns) (out node of the LUT)   --->   "%select_ln0_45 = select i1 %xor_ln66_50, i20 %select_ln0_43, i20 %select_ln0_44" [firmware/nnet_utils/nnet_common.h:0->firmware/nnet_utils/nnet_common.h:46->firmware/nnet_utils/nnet_common.h:46->firmware/nnet_utils/nnet_pooling_stream.h:21->firmware/nnet_utils/nnet_pooling_stream.h:68->firmware/nnet_utils/nnet_pooling_stream.h:115]   --->   Operation 290 'select' 'select_ln0_45' <Predicate = (icmp_ln55 & and_ln55_1)> <Delay = 0.97> <CoreInst = "Sel">   --->   Core 73 'Sel' <Latency = 0> <II = 1> <Delay = 0.70> <FuncUnit> <Opcode : 'select'> <InPorts = 3> <OutPorts = 1>
ST_3 : Operation 291 [1/1] (2.19ns)   --->   "%icmp_ln66_51 = icmp_slt  i20 %select_ln0_42, i20 %select_ln0_45" [firmware/nnet_utils/nnet_common.h:66->firmware/nnet_utils/nnet_common.h:46->firmware/nnet_utils/nnet_common.h:46->firmware/nnet_utils/nnet_pooling_stream.h:21->firmware/nnet_utils/nnet_pooling_stream.h:68->firmware/nnet_utils/nnet_pooling_stream.h:115]   --->   Operation 291 'icmp' 'icmp_ln66_51' <Predicate = (icmp_ln55 & and_ln55_1)> <Delay = 2.19> <CoreInst = "Cmp">   --->   Core 9 'Cmp' <Latency = 0> <II = 1> <Delay = 2.19> <FuncUnit> <Opcode : 'seteq' 'setne' 'setle' 'setge' 'setlt' 'setgt'> <InPorts = 2> <OutPorts = 1>
ST_3 : Operation 292 [1/1] (0.00ns) (grouped into LUT with out node select_ln0_46)   --->   "%xor_ln66_51 = xor i1 %icmp_ln66_51, i1 1" [firmware/nnet_utils/nnet_common.h:66->firmware/nnet_utils/nnet_common.h:46->firmware/nnet_utils/nnet_common.h:46->firmware/nnet_utils/nnet_pooling_stream.h:21->firmware/nnet_utils/nnet_pooling_stream.h:68->firmware/nnet_utils/nnet_pooling_stream.h:115]   --->   Operation 292 'xor' 'xor_ln66_51' <Predicate = (icmp_ln55 & and_ln55_1)> <Delay = 0.00> <CoreInst = "LogicGate">   --->   Core 74 'LogicGate' <Latency = 0> <II = 1> <Delay = 0.97> <FuncUnit> <Opcode : 'and' 'or' 'xor'> <InPorts = 2> <OutPorts = 1>
ST_3 : Operation 293 [1/1] (0.97ns) (out node of the LUT)   --->   "%select_ln0_46 = select i1 %xor_ln66_51, i20 %select_ln0_42, i20 %select_ln0_45" [firmware/nnet_utils/nnet_common.h:0->firmware/nnet_utils/nnet_common.h:46->firmware/nnet_utils/nnet_pooling_stream.h:21->firmware/nnet_utils/nnet_pooling_stream.h:68->firmware/nnet_utils/nnet_pooling_stream.h:115]   --->   Operation 293 'select' 'select_ln0_46' <Predicate = (icmp_ln55 & and_ln55_1)> <Delay = 0.97> <CoreInst = "Sel">   --->   Core 73 'Sel' <Latency = 0> <II = 1> <Delay = 0.70> <FuncUnit> <Opcode : 'select'> <InPorts = 3> <OutPorts = 1>
ST_3 : Operation 294 [1/1] (2.19ns)   --->   "%icmp_ln66_52 = icmp_slt  i20 %p_ZZN4nnet22compute_pool_buffer_2dINS_5arrayI8ap_fixedILi20ELi10EL9ap_q_mode5EL9a_535, i20 %p_ZZN4nnet22compute_pool_buffer_2dINS_5arrayI8ap_fixedILi20ELi10EL9ap_q_mode5EL9a_536" [firmware/nnet_utils/nnet_common.h:66->firmware/nnet_utils/nnet_common.h:44->firmware/nnet_utils/nnet_common.h:46->firmware/nnet_utils/nnet_pooling_stream.h:21->firmware/nnet_utils/nnet_pooling_stream.h:68->firmware/nnet_utils/nnet_pooling_stream.h:115]   --->   Operation 294 'icmp' 'icmp_ln66_52' <Predicate = (icmp_ln55 & and_ln55_1)> <Delay = 2.19> <CoreInst = "Cmp">   --->   Core 9 'Cmp' <Latency = 0> <II = 1> <Delay = 2.19> <FuncUnit> <Opcode : 'seteq' 'setne' 'setle' 'setge' 'setlt' 'setgt'> <InPorts = 2> <OutPorts = 1>
ST_3 : Operation 295 [1/1] (0.00ns) (grouped into LUT with out node select_ln0_47)   --->   "%xor_ln66_52 = xor i1 %icmp_ln66_52, i1 1" [firmware/nnet_utils/nnet_common.h:66->firmware/nnet_utils/nnet_common.h:44->firmware/nnet_utils/nnet_common.h:46->firmware/nnet_utils/nnet_pooling_stream.h:21->firmware/nnet_utils/nnet_pooling_stream.h:68->firmware/nnet_utils/nnet_pooling_stream.h:115]   --->   Operation 295 'xor' 'xor_ln66_52' <Predicate = (icmp_ln55 & and_ln55_1)> <Delay = 0.00> <CoreInst = "LogicGate">   --->   Core 74 'LogicGate' <Latency = 0> <II = 1> <Delay = 0.97> <FuncUnit> <Opcode : 'and' 'or' 'xor'> <InPorts = 2> <OutPorts = 1>
ST_3 : Operation 296 [1/1] (0.97ns) (out node of the LUT)   --->   "%select_ln0_47 = select i1 %xor_ln66_52, i20 %p_ZZN4nnet22compute_pool_buffer_2dINS_5arrayI8ap_fixedILi20ELi10EL9ap_q_mode5EL9a_535, i20 %p_ZZN4nnet22compute_pool_buffer_2dINS_5arrayI8ap_fixedILi20ELi10EL9ap_q_mode5EL9a_536" [firmware/nnet_utils/nnet_common.h:0->firmware/nnet_utils/nnet_common.h:46->firmware/nnet_utils/nnet_pooling_stream.h:21->firmware/nnet_utils/nnet_pooling_stream.h:68->firmware/nnet_utils/nnet_pooling_stream.h:115]   --->   Operation 296 'select' 'select_ln0_47' <Predicate = (icmp_ln55 & and_ln55_1)> <Delay = 0.97> <CoreInst = "Sel">   --->   Core 73 'Sel' <Latency = 0> <II = 1> <Delay = 0.70> <FuncUnit> <Opcode : 'select'> <InPorts = 3> <OutPorts = 1>
ST_3 : Operation 297 [1/1] (2.19ns)   --->   "%icmp_ln66_53 = icmp_slt  i20 %select_ln0_46, i20 %select_ln0_47" [firmware/nnet_utils/nnet_common.h:66->firmware/nnet_utils/nnet_common.h:46->firmware/nnet_utils/nnet_pooling_stream.h:21->firmware/nnet_utils/nnet_pooling_stream.h:68->firmware/nnet_utils/nnet_pooling_stream.h:115]   --->   Operation 297 'icmp' 'icmp_ln66_53' <Predicate = (icmp_ln55 & and_ln55_1)> <Delay = 2.19> <CoreInst = "Cmp">   --->   Core 9 'Cmp' <Latency = 0> <II = 1> <Delay = 2.19> <FuncUnit> <Opcode : 'seteq' 'setne' 'setle' 'setge' 'setlt' 'setgt'> <InPorts = 2> <OutPorts = 1>
ST_3 : Operation 298 [1/1] (0.00ns) (grouped into LUT with out node res_pack_5)   --->   "%xor_ln66_53 = xor i1 %icmp_ln66_53, i1 1" [firmware/nnet_utils/nnet_common.h:66->firmware/nnet_utils/nnet_common.h:46->firmware/nnet_utils/nnet_pooling_stream.h:21->firmware/nnet_utils/nnet_pooling_stream.h:68->firmware/nnet_utils/nnet_pooling_stream.h:115]   --->   Operation 298 'xor' 'xor_ln66_53' <Predicate = (icmp_ln55 & and_ln55_1)> <Delay = 0.00> <CoreInst = "LogicGate">   --->   Core 74 'LogicGate' <Latency = 0> <II = 1> <Delay = 0.97> <FuncUnit> <Opcode : 'and' 'or' 'xor'> <InPorts = 2> <OutPorts = 1>
ST_3 : Operation 299 [1/1] (0.97ns) (out node of the LUT)   --->   "%res_pack_5 = select i1 %xor_ln66_53, i20 %select_ln0_46, i20 %select_ln0_47" [firmware/nnet_utils/nnet_pooling_stream.h:67->firmware/nnet_utils/nnet_pooling_stream.h:115]   --->   Operation 299 'select' 'res_pack_5' <Predicate = (icmp_ln55 & and_ln55_1)> <Delay = 0.97> <CoreInst = "Sel">   --->   Core 73 'Sel' <Latency = 0> <II = 1> <Delay = 0.70> <FuncUnit> <Opcode : 'select'> <InPorts = 3> <OutPorts = 1>
ST_3 : Operation 300 [1/1] (0.00ns)   --->   "%void_compute_pool_buffer_2d_array_const_ap_shift_reg_n_filt_stream_kernel_26 = load i20 %void_compute_pool_buffer_2d_array_const_ap_shift_reg_n_filt_stream_kernel_3" [firmware/nnet_utils/nnet_pooling_stream.h:63->firmware/nnet_utils/nnet_pooling_stream.h:115]   --->   Operation 300 'load' 'void_compute_pool_buffer_2d_array_const_ap_shift_reg_n_filt_stream_kernel_26' <Predicate = (icmp_ln55 & and_ln55_1)> <Delay = 0.00>
ST_3 : Operation 301 [1/1] (0.00ns)   --->   "%p_ZZN4nnet22compute_pool_buffer_2dINS_5arrayI8ap_fixedILi20ELi10EL9ap_q_mode5EL9a_537 = load i20 %p_ZZN4nnet22compute_pool_buffer_2dINS_5arrayI8ap_fixedILi20ELi10EL9ap_q_mode5EL9a_75" [firmware/nnet_utils/nnet_pooling_stream.h:63->firmware/nnet_utils/nnet_pooling_stream.h:115]   --->   Operation 301 'load' 'p_ZZN4nnet22compute_pool_buffer_2dINS_5arrayI8ap_fixedILi20ELi10EL9ap_q_mode5EL9a_537' <Predicate = (icmp_ln55 & and_ln55_1)> <Delay = 0.00>
ST_3 : Operation 302 [1/1] (0.00ns)   --->   "%p_ZZN4nnet22compute_pool_buffer_2dINS_5arrayI8ap_fixedILi20ELi10EL9ap_q_mode5EL9a_538 = load i20 %p_ZZN4nnet22compute_pool_buffer_2dINS_5arrayI8ap_fixedILi20ELi10EL9ap_q_mode5EL9a_57" [firmware/nnet_utils/nnet_pooling_stream.h:63->firmware/nnet_utils/nnet_pooling_stream.h:115]   --->   Operation 302 'load' 'p_ZZN4nnet22compute_pool_buffer_2dINS_5arrayI8ap_fixedILi20ELi10EL9ap_q_mode5EL9a_538' <Predicate = (icmp_ln55 & and_ln55_1)> <Delay = 0.00>
ST_3 : Operation 303 [1/1] (0.00ns)   --->   "%p_ZZN4nnet22compute_pool_buffer_2dINS_5arrayI8ap_fixedILi20ELi10EL9ap_q_mode5EL9a_539 = load i20 %p_ZZN4nnet22compute_pool_buffer_2dINS_5arrayI8ap_fixedILi20ELi10EL9ap_q_mode5EL9a_39" [firmware/nnet_utils/nnet_pooling_stream.h:63->firmware/nnet_utils/nnet_pooling_stream.h:115]   --->   Operation 303 'load' 'p_ZZN4nnet22compute_pool_buffer_2dINS_5arrayI8ap_fixedILi20ELi10EL9ap_q_mode5EL9a_539' <Predicate = (icmp_ln55 & and_ln55_1)> <Delay = 0.00>
ST_3 : Operation 304 [1/1] (0.00ns)   --->   "%p_ZZN4nnet22compute_pool_buffer_2dINS_5arrayI8ap_fixedILi20ELi10EL9ap_q_mode5EL9a_540 = load i20 %p_ZZN4nnet22compute_pool_buffer_2dINS_5arrayI8ap_fixedILi20ELi10EL9ap_q_mode5EL9a_21" [firmware/nnet_utils/nnet_pooling_stream.h:63->firmware/nnet_utils/nnet_pooling_stream.h:115]   --->   Operation 304 'load' 'p_ZZN4nnet22compute_pool_buffer_2dINS_5arrayI8ap_fixedILi20ELi10EL9ap_q_mode5EL9a_540' <Predicate = (icmp_ln55 & and_ln55_1)> <Delay = 0.00>
ST_3 : Operation 305 [1/1] (0.00ns)   --->   "%p_ZZN4nnet22compute_pool_buffer_2dINS_5arrayI8ap_fixedILi20ELi10EL9ap_q_mode5EL9a_541 = load i20 %p_ZZN4nnet22compute_pool_buffer_2dINS_5arrayI8ap_fixedILi20ELi10EL9ap_q_mode5EL9a_3" [firmware/nnet_utils/nnet_pooling_stream.h:63->firmware/nnet_utils/nnet_pooling_stream.h:115]   --->   Operation 305 'load' 'p_ZZN4nnet22compute_pool_buffer_2dINS_5arrayI8ap_fixedILi20ELi10EL9ap_q_mode5EL9a_541' <Predicate = (icmp_ln55 & and_ln55_1)> <Delay = 0.00>
ST_3 : Operation 306 [1/1] (0.00ns)   --->   "%p_ZZN4nnet22compute_pool_buffer_2dINS_5arrayI8ap_fixedILi20ELi10EL9ap_q_mode5EL9a_542 = load i20 %p_ZZN4nnet22compute_pool_buffer_2dINS_5arrayI8ap_fixedILi20ELi10EL9ap_q_mode5EL9a_261" [firmware/nnet_utils/nnet_pooling_stream.h:63->firmware/nnet_utils/nnet_pooling_stream.h:115]   --->   Operation 306 'load' 'p_ZZN4nnet22compute_pool_buffer_2dINS_5arrayI8ap_fixedILi20ELi10EL9ap_q_mode5EL9a_542' <Predicate = (icmp_ln55 & and_ln55_1)> <Delay = 0.00>
ST_3 : Operation 307 [1/1] (0.00ns)   --->   "%p_ZZN4nnet22compute_pool_buffer_2dINS_5arrayI8ap_fixedILi20ELi10EL9ap_q_mode5EL9a_543 = load i20 %p_ZZN4nnet22compute_pool_buffer_2dINS_5arrayI8ap_fixedILi20ELi10EL9ap_q_mode5EL9a_281" [firmware/nnet_utils/nnet_pooling_stream.h:63->firmware/nnet_utils/nnet_pooling_stream.h:115]   --->   Operation 307 'load' 'p_ZZN4nnet22compute_pool_buffer_2dINS_5arrayI8ap_fixedILi20ELi10EL9ap_q_mode5EL9a_543' <Predicate = (icmp_ln55 & and_ln55_1)> <Delay = 0.00>
ST_3 : Operation 308 [1/1] (0.00ns)   --->   "%p_ZZN4nnet22compute_pool_buffer_2dINS_5arrayI8ap_fixedILi20ELi10EL9ap_q_mode5EL9a_544 = load i20 %p_ZZN4nnet22compute_pool_buffer_2dINS_5arrayI8ap_fixedILi20ELi10EL9ap_q_mode5EL9a_301" [firmware/nnet_utils/nnet_pooling_stream.h:63->firmware/nnet_utils/nnet_pooling_stream.h:115]   --->   Operation 308 'load' 'p_ZZN4nnet22compute_pool_buffer_2dINS_5arrayI8ap_fixedILi20ELi10EL9ap_q_mode5EL9a_544' <Predicate = (icmp_ln55 & and_ln55_1)> <Delay = 0.00>
ST_3 : Operation 309 [1/1] (0.00ns)   --->   "%p_ZZN4nnet22compute_pool_buffer_2dINS_5arrayI8ap_fixedILi20ELi10EL9ap_q_mode5EL9a_545 = load i20 %p_ZZN4nnet22compute_pool_buffer_2dINS_5arrayI8ap_fixedILi20ELi10EL9ap_q_mode5EL9a_94" [firmware/nnet_utils/nnet_pooling_stream.h:63->firmware/nnet_utils/nnet_pooling_stream.h:115]   --->   Operation 309 'load' 'p_ZZN4nnet22compute_pool_buffer_2dINS_5arrayI8ap_fixedILi20ELi10EL9ap_q_mode5EL9a_545' <Predicate = (icmp_ln55 & and_ln55_1)> <Delay = 0.00>
ST_3 : Operation 310 [1/1] (2.19ns)   --->   "%icmp_ln66_54 = icmp_slt  i20 %void_compute_pool_buffer_2d_array_const_ap_shift_reg_n_filt_stream_kernel_26, i20 %p_ZZN4nnet22compute_pool_buffer_2dINS_5arrayI8ap_fixedILi20ELi10EL9ap_q_mode5EL9a_537" [firmware/nnet_utils/nnet_common.h:66->firmware/nnet_utils/nnet_common.h:44->firmware/nnet_utils/nnet_common.h:46->firmware/nnet_utils/nnet_common.h:46->firmware/nnet_utils/nnet_common.h:46->firmware/nnet_utils/nnet_pooling_stream.h:21->firmware/nnet_utils/nnet_pooling_stream.h:68->firmware/nnet_utils/nnet_pooling_stream.h:115]   --->   Operation 310 'icmp' 'icmp_ln66_54' <Predicate = (icmp_ln55 & and_ln55_1)> <Delay = 2.19> <CoreInst = "Cmp">   --->   Core 9 'Cmp' <Latency = 0> <II = 1> <Delay = 2.19> <FuncUnit> <Opcode : 'seteq' 'setne' 'setle' 'setge' 'setlt' 'setgt'> <InPorts = 2> <OutPorts = 1>
ST_3 : Operation 311 [1/1] (0.00ns) (grouped into LUT with out node select_ln0_48)   --->   "%xor_ln66_54 = xor i1 %icmp_ln66_54, i1 1" [firmware/nnet_utils/nnet_common.h:66->firmware/nnet_utils/nnet_common.h:44->firmware/nnet_utils/nnet_common.h:46->firmware/nnet_utils/nnet_common.h:46->firmware/nnet_utils/nnet_common.h:46->firmware/nnet_utils/nnet_pooling_stream.h:21->firmware/nnet_utils/nnet_pooling_stream.h:68->firmware/nnet_utils/nnet_pooling_stream.h:115]   --->   Operation 311 'xor' 'xor_ln66_54' <Predicate = (icmp_ln55 & and_ln55_1)> <Delay = 0.00> <CoreInst = "LogicGate">   --->   Core 74 'LogicGate' <Latency = 0> <II = 1> <Delay = 0.97> <FuncUnit> <Opcode : 'and' 'or' 'xor'> <InPorts = 2> <OutPorts = 1>
ST_3 : Operation 312 [1/1] (0.97ns) (out node of the LUT)   --->   "%select_ln0_48 = select i1 %xor_ln66_54, i20 %void_compute_pool_buffer_2d_array_const_ap_shift_reg_n_filt_stream_kernel_26, i20 %p_ZZN4nnet22compute_pool_buffer_2dINS_5arrayI8ap_fixedILi20ELi10EL9ap_q_mode5EL9a_537" [firmware/nnet_utils/nnet_common.h:0->firmware/nnet_utils/nnet_common.h:46->firmware/nnet_utils/nnet_common.h:46->firmware/nnet_utils/nnet_common.h:46->firmware/nnet_utils/nnet_pooling_stream.h:21->firmware/nnet_utils/nnet_pooling_stream.h:68->firmware/nnet_utils/nnet_pooling_stream.h:115]   --->   Operation 312 'select' 'select_ln0_48' <Predicate = (icmp_ln55 & and_ln55_1)> <Delay = 0.97> <CoreInst = "Sel">   --->   Core 73 'Sel' <Latency = 0> <II = 1> <Delay = 0.70> <FuncUnit> <Opcode : 'select'> <InPorts = 3> <OutPorts = 1>
ST_3 : Operation 313 [1/1] (2.19ns)   --->   "%icmp_ln66_55 = icmp_slt  i20 %p_ZZN4nnet22compute_pool_buffer_2dINS_5arrayI8ap_fixedILi20ELi10EL9ap_q_mode5EL9a_538, i20 %p_ZZN4nnet22compute_pool_buffer_2dINS_5arrayI8ap_fixedILi20ELi10EL9ap_q_mode5EL9a_539" [firmware/nnet_utils/nnet_common.h:66->firmware/nnet_utils/nnet_common.h:44->firmware/nnet_utils/nnet_common.h:46->firmware/nnet_utils/nnet_common.h:46->firmware/nnet_utils/nnet_common.h:46->firmware/nnet_utils/nnet_pooling_stream.h:21->firmware/nnet_utils/nnet_pooling_stream.h:68->firmware/nnet_utils/nnet_pooling_stream.h:115]   --->   Operation 313 'icmp' 'icmp_ln66_55' <Predicate = (icmp_ln55 & and_ln55_1)> <Delay = 2.19> <CoreInst = "Cmp">   --->   Core 9 'Cmp' <Latency = 0> <II = 1> <Delay = 2.19> <FuncUnit> <Opcode : 'seteq' 'setne' 'setle' 'setge' 'setlt' 'setgt'> <InPorts = 2> <OutPorts = 1>
ST_3 : Operation 314 [1/1] (0.00ns) (grouped into LUT with out node select_ln0_49)   --->   "%xor_ln66_55 = xor i1 %icmp_ln66_55, i1 1" [firmware/nnet_utils/nnet_common.h:66->firmware/nnet_utils/nnet_common.h:44->firmware/nnet_utils/nnet_common.h:46->firmware/nnet_utils/nnet_common.h:46->firmware/nnet_utils/nnet_common.h:46->firmware/nnet_utils/nnet_pooling_stream.h:21->firmware/nnet_utils/nnet_pooling_stream.h:68->firmware/nnet_utils/nnet_pooling_stream.h:115]   --->   Operation 314 'xor' 'xor_ln66_55' <Predicate = (icmp_ln55 & and_ln55_1)> <Delay = 0.00> <CoreInst = "LogicGate">   --->   Core 74 'LogicGate' <Latency = 0> <II = 1> <Delay = 0.97> <FuncUnit> <Opcode : 'and' 'or' 'xor'> <InPorts = 2> <OutPorts = 1>
ST_3 : Operation 315 [1/1] (0.97ns) (out node of the LUT)   --->   "%select_ln0_49 = select i1 %xor_ln66_55, i20 %p_ZZN4nnet22compute_pool_buffer_2dINS_5arrayI8ap_fixedILi20ELi10EL9ap_q_mode5EL9a_538, i20 %p_ZZN4nnet22compute_pool_buffer_2dINS_5arrayI8ap_fixedILi20ELi10EL9ap_q_mode5EL9a_539" [firmware/nnet_utils/nnet_common.h:0->firmware/nnet_utils/nnet_common.h:46->firmware/nnet_utils/nnet_common.h:46->firmware/nnet_utils/nnet_common.h:46->firmware/nnet_utils/nnet_pooling_stream.h:21->firmware/nnet_utils/nnet_pooling_stream.h:68->firmware/nnet_utils/nnet_pooling_stream.h:115]   --->   Operation 315 'select' 'select_ln0_49' <Predicate = (icmp_ln55 & and_ln55_1)> <Delay = 0.97> <CoreInst = "Sel">   --->   Core 73 'Sel' <Latency = 0> <II = 1> <Delay = 0.70> <FuncUnit> <Opcode : 'select'> <InPorts = 3> <OutPorts = 1>
ST_3 : Operation 316 [1/1] (2.19ns)   --->   "%icmp_ln66_56 = icmp_slt  i20 %select_ln0_48, i20 %select_ln0_49" [firmware/nnet_utils/nnet_common.h:66->firmware/nnet_utils/nnet_common.h:46->firmware/nnet_utils/nnet_common.h:46->firmware/nnet_utils/nnet_common.h:46->firmware/nnet_utils/nnet_pooling_stream.h:21->firmware/nnet_utils/nnet_pooling_stream.h:68->firmware/nnet_utils/nnet_pooling_stream.h:115]   --->   Operation 316 'icmp' 'icmp_ln66_56' <Predicate = (icmp_ln55 & and_ln55_1)> <Delay = 2.19> <CoreInst = "Cmp">   --->   Core 9 'Cmp' <Latency = 0> <II = 1> <Delay = 2.19> <FuncUnit> <Opcode : 'seteq' 'setne' 'setle' 'setge' 'setlt' 'setgt'> <InPorts = 2> <OutPorts = 1>
ST_3 : Operation 317 [1/1] (0.00ns) (grouped into LUT with out node select_ln0_50)   --->   "%xor_ln66_56 = xor i1 %icmp_ln66_56, i1 1" [firmware/nnet_utils/nnet_common.h:66->firmware/nnet_utils/nnet_common.h:46->firmware/nnet_utils/nnet_common.h:46->firmware/nnet_utils/nnet_common.h:46->firmware/nnet_utils/nnet_pooling_stream.h:21->firmware/nnet_utils/nnet_pooling_stream.h:68->firmware/nnet_utils/nnet_pooling_stream.h:115]   --->   Operation 317 'xor' 'xor_ln66_56' <Predicate = (icmp_ln55 & and_ln55_1)> <Delay = 0.00> <CoreInst = "LogicGate">   --->   Core 74 'LogicGate' <Latency = 0> <II = 1> <Delay = 0.97> <FuncUnit> <Opcode : 'and' 'or' 'xor'> <InPorts = 2> <OutPorts = 1>
ST_3 : Operation 318 [1/1] (0.97ns) (out node of the LUT)   --->   "%select_ln0_50 = select i1 %xor_ln66_56, i20 %select_ln0_48, i20 %select_ln0_49" [firmware/nnet_utils/nnet_common.h:0->firmware/nnet_utils/nnet_common.h:46->firmware/nnet_utils/nnet_common.h:46->firmware/nnet_utils/nnet_pooling_stream.h:21->firmware/nnet_utils/nnet_pooling_stream.h:68->firmware/nnet_utils/nnet_pooling_stream.h:115]   --->   Operation 318 'select' 'select_ln0_50' <Predicate = (icmp_ln55 & and_ln55_1)> <Delay = 0.97> <CoreInst = "Sel">   --->   Core 73 'Sel' <Latency = 0> <II = 1> <Delay = 0.70> <FuncUnit> <Opcode : 'select'> <InPorts = 3> <OutPorts = 1>
ST_3 : Operation 319 [1/1] (2.19ns)   --->   "%icmp_ln66_57 = icmp_slt  i20 %p_ZZN4nnet22compute_pool_buffer_2dINS_5arrayI8ap_fixedILi20ELi10EL9ap_q_mode5EL9a_540, i20 %p_ZZN4nnet22compute_pool_buffer_2dINS_5arrayI8ap_fixedILi20ELi10EL9ap_q_mode5EL9a_541" [firmware/nnet_utils/nnet_common.h:66->firmware/nnet_utils/nnet_common.h:44->firmware/nnet_utils/nnet_common.h:46->firmware/nnet_utils/nnet_common.h:46->firmware/nnet_utils/nnet_common.h:46->firmware/nnet_utils/nnet_pooling_stream.h:21->firmware/nnet_utils/nnet_pooling_stream.h:68->firmware/nnet_utils/nnet_pooling_stream.h:115]   --->   Operation 319 'icmp' 'icmp_ln66_57' <Predicate = (icmp_ln55 & and_ln55_1)> <Delay = 2.19> <CoreInst = "Cmp">   --->   Core 9 'Cmp' <Latency = 0> <II = 1> <Delay = 2.19> <FuncUnit> <Opcode : 'seteq' 'setne' 'setle' 'setge' 'setlt' 'setgt'> <InPorts = 2> <OutPorts = 1>
ST_3 : Operation 320 [1/1] (0.00ns) (grouped into LUT with out node select_ln0_51)   --->   "%xor_ln66_57 = xor i1 %icmp_ln66_57, i1 1" [firmware/nnet_utils/nnet_common.h:66->firmware/nnet_utils/nnet_common.h:44->firmware/nnet_utils/nnet_common.h:46->firmware/nnet_utils/nnet_common.h:46->firmware/nnet_utils/nnet_common.h:46->firmware/nnet_utils/nnet_pooling_stream.h:21->firmware/nnet_utils/nnet_pooling_stream.h:68->firmware/nnet_utils/nnet_pooling_stream.h:115]   --->   Operation 320 'xor' 'xor_ln66_57' <Predicate = (icmp_ln55 & and_ln55_1)> <Delay = 0.00> <CoreInst = "LogicGate">   --->   Core 74 'LogicGate' <Latency = 0> <II = 1> <Delay = 0.97> <FuncUnit> <Opcode : 'and' 'or' 'xor'> <InPorts = 2> <OutPorts = 1>
ST_3 : Operation 321 [1/1] (0.97ns) (out node of the LUT)   --->   "%select_ln0_51 = select i1 %xor_ln66_57, i20 %p_ZZN4nnet22compute_pool_buffer_2dINS_5arrayI8ap_fixedILi20ELi10EL9ap_q_mode5EL9a_540, i20 %p_ZZN4nnet22compute_pool_buffer_2dINS_5arrayI8ap_fixedILi20ELi10EL9ap_q_mode5EL9a_541" [firmware/nnet_utils/nnet_common.h:0->firmware/nnet_utils/nnet_common.h:46->firmware/nnet_utils/nnet_common.h:46->firmware/nnet_utils/nnet_common.h:46->firmware/nnet_utils/nnet_pooling_stream.h:21->firmware/nnet_utils/nnet_pooling_stream.h:68->firmware/nnet_utils/nnet_pooling_stream.h:115]   --->   Operation 321 'select' 'select_ln0_51' <Predicate = (icmp_ln55 & and_ln55_1)> <Delay = 0.97> <CoreInst = "Sel">   --->   Core 73 'Sel' <Latency = 0> <II = 1> <Delay = 0.70> <FuncUnit> <Opcode : 'select'> <InPorts = 3> <OutPorts = 1>
ST_3 : Operation 322 [1/1] (2.19ns)   --->   "%icmp_ln66_58 = icmp_slt  i20 %p_ZZN4nnet22compute_pool_buffer_2dINS_5arrayI8ap_fixedILi20ELi10EL9ap_q_mode5EL9a_542, i20 %p_ZZN4nnet22compute_pool_buffer_2dINS_5arrayI8ap_fixedILi20ELi10EL9ap_q_mode5EL9a_543" [firmware/nnet_utils/nnet_common.h:66->firmware/nnet_utils/nnet_common.h:44->firmware/nnet_utils/nnet_common.h:46->firmware/nnet_utils/nnet_common.h:46->firmware/nnet_utils/nnet_common.h:46->firmware/nnet_utils/nnet_pooling_stream.h:21->firmware/nnet_utils/nnet_pooling_stream.h:68->firmware/nnet_utils/nnet_pooling_stream.h:115]   --->   Operation 322 'icmp' 'icmp_ln66_58' <Predicate = (icmp_ln55 & and_ln55_1)> <Delay = 2.19> <CoreInst = "Cmp">   --->   Core 9 'Cmp' <Latency = 0> <II = 1> <Delay = 2.19> <FuncUnit> <Opcode : 'seteq' 'setne' 'setle' 'setge' 'setlt' 'setgt'> <InPorts = 2> <OutPorts = 1>
ST_3 : Operation 323 [1/1] (0.00ns) (grouped into LUT with out node select_ln0_52)   --->   "%xor_ln66_58 = xor i1 %icmp_ln66_58, i1 1" [firmware/nnet_utils/nnet_common.h:66->firmware/nnet_utils/nnet_common.h:44->firmware/nnet_utils/nnet_common.h:46->firmware/nnet_utils/nnet_common.h:46->firmware/nnet_utils/nnet_common.h:46->firmware/nnet_utils/nnet_pooling_stream.h:21->firmware/nnet_utils/nnet_pooling_stream.h:68->firmware/nnet_utils/nnet_pooling_stream.h:115]   --->   Operation 323 'xor' 'xor_ln66_58' <Predicate = (icmp_ln55 & and_ln55_1)> <Delay = 0.00> <CoreInst = "LogicGate">   --->   Core 74 'LogicGate' <Latency = 0> <II = 1> <Delay = 0.97> <FuncUnit> <Opcode : 'and' 'or' 'xor'> <InPorts = 2> <OutPorts = 1>
ST_3 : Operation 324 [1/1] (0.97ns) (out node of the LUT)   --->   "%select_ln0_52 = select i1 %xor_ln66_58, i20 %p_ZZN4nnet22compute_pool_buffer_2dINS_5arrayI8ap_fixedILi20ELi10EL9ap_q_mode5EL9a_542, i20 %p_ZZN4nnet22compute_pool_buffer_2dINS_5arrayI8ap_fixedILi20ELi10EL9ap_q_mode5EL9a_543" [firmware/nnet_utils/nnet_common.h:0->firmware/nnet_utils/nnet_common.h:46->firmware/nnet_utils/nnet_common.h:46->firmware/nnet_utils/nnet_common.h:46->firmware/nnet_utils/nnet_pooling_stream.h:21->firmware/nnet_utils/nnet_pooling_stream.h:68->firmware/nnet_utils/nnet_pooling_stream.h:115]   --->   Operation 324 'select' 'select_ln0_52' <Predicate = (icmp_ln55 & and_ln55_1)> <Delay = 0.97> <CoreInst = "Sel">   --->   Core 73 'Sel' <Latency = 0> <II = 1> <Delay = 0.70> <FuncUnit> <Opcode : 'select'> <InPorts = 3> <OutPorts = 1>
ST_3 : Operation 325 [1/1] (2.19ns)   --->   "%icmp_ln66_59 = icmp_slt  i20 %select_ln0_51, i20 %select_ln0_52" [firmware/nnet_utils/nnet_common.h:66->firmware/nnet_utils/nnet_common.h:46->firmware/nnet_utils/nnet_common.h:46->firmware/nnet_utils/nnet_common.h:46->firmware/nnet_utils/nnet_pooling_stream.h:21->firmware/nnet_utils/nnet_pooling_stream.h:68->firmware/nnet_utils/nnet_pooling_stream.h:115]   --->   Operation 325 'icmp' 'icmp_ln66_59' <Predicate = (icmp_ln55 & and_ln55_1)> <Delay = 2.19> <CoreInst = "Cmp">   --->   Core 9 'Cmp' <Latency = 0> <II = 1> <Delay = 2.19> <FuncUnit> <Opcode : 'seteq' 'setne' 'setle' 'setge' 'setlt' 'setgt'> <InPorts = 2> <OutPorts = 1>
ST_3 : Operation 326 [1/1] (0.00ns) (grouped into LUT with out node select_ln0_53)   --->   "%xor_ln66_59 = xor i1 %icmp_ln66_59, i1 1" [firmware/nnet_utils/nnet_common.h:66->firmware/nnet_utils/nnet_common.h:46->firmware/nnet_utils/nnet_common.h:46->firmware/nnet_utils/nnet_common.h:46->firmware/nnet_utils/nnet_pooling_stream.h:21->firmware/nnet_utils/nnet_pooling_stream.h:68->firmware/nnet_utils/nnet_pooling_stream.h:115]   --->   Operation 326 'xor' 'xor_ln66_59' <Predicate = (icmp_ln55 & and_ln55_1)> <Delay = 0.00> <CoreInst = "LogicGate">   --->   Core 74 'LogicGate' <Latency = 0> <II = 1> <Delay = 0.97> <FuncUnit> <Opcode : 'and' 'or' 'xor'> <InPorts = 2> <OutPorts = 1>
ST_3 : Operation 327 [1/1] (0.97ns) (out node of the LUT)   --->   "%select_ln0_53 = select i1 %xor_ln66_59, i20 %select_ln0_51, i20 %select_ln0_52" [firmware/nnet_utils/nnet_common.h:0->firmware/nnet_utils/nnet_common.h:46->firmware/nnet_utils/nnet_common.h:46->firmware/nnet_utils/nnet_pooling_stream.h:21->firmware/nnet_utils/nnet_pooling_stream.h:68->firmware/nnet_utils/nnet_pooling_stream.h:115]   --->   Operation 327 'select' 'select_ln0_53' <Predicate = (icmp_ln55 & and_ln55_1)> <Delay = 0.97> <CoreInst = "Sel">   --->   Core 73 'Sel' <Latency = 0> <II = 1> <Delay = 0.70> <FuncUnit> <Opcode : 'select'> <InPorts = 3> <OutPorts = 1>
ST_3 : Operation 328 [1/1] (2.19ns)   --->   "%icmp_ln66_60 = icmp_slt  i20 %select_ln0_50, i20 %select_ln0_53" [firmware/nnet_utils/nnet_common.h:66->firmware/nnet_utils/nnet_common.h:46->firmware/nnet_utils/nnet_common.h:46->firmware/nnet_utils/nnet_pooling_stream.h:21->firmware/nnet_utils/nnet_pooling_stream.h:68->firmware/nnet_utils/nnet_pooling_stream.h:115]   --->   Operation 328 'icmp' 'icmp_ln66_60' <Predicate = (icmp_ln55 & and_ln55_1)> <Delay = 2.19> <CoreInst = "Cmp">   --->   Core 9 'Cmp' <Latency = 0> <II = 1> <Delay = 2.19> <FuncUnit> <Opcode : 'seteq' 'setne' 'setle' 'setge' 'setlt' 'setgt'> <InPorts = 2> <OutPorts = 1>
ST_3 : Operation 329 [1/1] (0.00ns) (grouped into LUT with out node select_ln0_54)   --->   "%xor_ln66_60 = xor i1 %icmp_ln66_60, i1 1" [firmware/nnet_utils/nnet_common.h:66->firmware/nnet_utils/nnet_common.h:46->firmware/nnet_utils/nnet_common.h:46->firmware/nnet_utils/nnet_pooling_stream.h:21->firmware/nnet_utils/nnet_pooling_stream.h:68->firmware/nnet_utils/nnet_pooling_stream.h:115]   --->   Operation 329 'xor' 'xor_ln66_60' <Predicate = (icmp_ln55 & and_ln55_1)> <Delay = 0.00> <CoreInst = "LogicGate">   --->   Core 74 'LogicGate' <Latency = 0> <II = 1> <Delay = 0.97> <FuncUnit> <Opcode : 'and' 'or' 'xor'> <InPorts = 2> <OutPorts = 1>
ST_3 : Operation 330 [1/1] (0.97ns) (out node of the LUT)   --->   "%select_ln0_54 = select i1 %xor_ln66_60, i20 %select_ln0_50, i20 %select_ln0_53" [firmware/nnet_utils/nnet_common.h:0->firmware/nnet_utils/nnet_common.h:46->firmware/nnet_utils/nnet_pooling_stream.h:21->firmware/nnet_utils/nnet_pooling_stream.h:68->firmware/nnet_utils/nnet_pooling_stream.h:115]   --->   Operation 330 'select' 'select_ln0_54' <Predicate = (icmp_ln55 & and_ln55_1)> <Delay = 0.97> <CoreInst = "Sel">   --->   Core 73 'Sel' <Latency = 0> <II = 1> <Delay = 0.70> <FuncUnit> <Opcode : 'select'> <InPorts = 3> <OutPorts = 1>
ST_3 : Operation 331 [1/1] (2.19ns)   --->   "%icmp_ln66_61 = icmp_slt  i20 %p_ZZN4nnet22compute_pool_buffer_2dINS_5arrayI8ap_fixedILi20ELi10EL9ap_q_mode5EL9a_544, i20 %p_ZZN4nnet22compute_pool_buffer_2dINS_5arrayI8ap_fixedILi20ELi10EL9ap_q_mode5EL9a_545" [firmware/nnet_utils/nnet_common.h:66->firmware/nnet_utils/nnet_common.h:44->firmware/nnet_utils/nnet_common.h:46->firmware/nnet_utils/nnet_pooling_stream.h:21->firmware/nnet_utils/nnet_pooling_stream.h:68->firmware/nnet_utils/nnet_pooling_stream.h:115]   --->   Operation 331 'icmp' 'icmp_ln66_61' <Predicate = (icmp_ln55 & and_ln55_1)> <Delay = 2.19> <CoreInst = "Cmp">   --->   Core 9 'Cmp' <Latency = 0> <II = 1> <Delay = 2.19> <FuncUnit> <Opcode : 'seteq' 'setne' 'setle' 'setge' 'setlt' 'setgt'> <InPorts = 2> <OutPorts = 1>
ST_3 : Operation 332 [1/1] (0.00ns) (grouped into LUT with out node select_ln0_55)   --->   "%xor_ln66_61 = xor i1 %icmp_ln66_61, i1 1" [firmware/nnet_utils/nnet_common.h:66->firmware/nnet_utils/nnet_common.h:44->firmware/nnet_utils/nnet_common.h:46->firmware/nnet_utils/nnet_pooling_stream.h:21->firmware/nnet_utils/nnet_pooling_stream.h:68->firmware/nnet_utils/nnet_pooling_stream.h:115]   --->   Operation 332 'xor' 'xor_ln66_61' <Predicate = (icmp_ln55 & and_ln55_1)> <Delay = 0.00> <CoreInst = "LogicGate">   --->   Core 74 'LogicGate' <Latency = 0> <II = 1> <Delay = 0.97> <FuncUnit> <Opcode : 'and' 'or' 'xor'> <InPorts = 2> <OutPorts = 1>
ST_3 : Operation 333 [1/1] (0.97ns) (out node of the LUT)   --->   "%select_ln0_55 = select i1 %xor_ln66_61, i20 %p_ZZN4nnet22compute_pool_buffer_2dINS_5arrayI8ap_fixedILi20ELi10EL9ap_q_mode5EL9a_544, i20 %p_ZZN4nnet22compute_pool_buffer_2dINS_5arrayI8ap_fixedILi20ELi10EL9ap_q_mode5EL9a_545" [firmware/nnet_utils/nnet_common.h:0->firmware/nnet_utils/nnet_common.h:46->firmware/nnet_utils/nnet_pooling_stream.h:21->firmware/nnet_utils/nnet_pooling_stream.h:68->firmware/nnet_utils/nnet_pooling_stream.h:115]   --->   Operation 333 'select' 'select_ln0_55' <Predicate = (icmp_ln55 & and_ln55_1)> <Delay = 0.97> <CoreInst = "Sel">   --->   Core 73 'Sel' <Latency = 0> <II = 1> <Delay = 0.70> <FuncUnit> <Opcode : 'select'> <InPorts = 3> <OutPorts = 1>
ST_3 : Operation 334 [1/1] (2.19ns)   --->   "%icmp_ln66_62 = icmp_slt  i20 %select_ln0_54, i20 %select_ln0_55" [firmware/nnet_utils/nnet_common.h:66->firmware/nnet_utils/nnet_common.h:46->firmware/nnet_utils/nnet_pooling_stream.h:21->firmware/nnet_utils/nnet_pooling_stream.h:68->firmware/nnet_utils/nnet_pooling_stream.h:115]   --->   Operation 334 'icmp' 'icmp_ln66_62' <Predicate = (icmp_ln55 & and_ln55_1)> <Delay = 2.19> <CoreInst = "Cmp">   --->   Core 9 'Cmp' <Latency = 0> <II = 1> <Delay = 2.19> <FuncUnit> <Opcode : 'seteq' 'setne' 'setle' 'setge' 'setlt' 'setgt'> <InPorts = 2> <OutPorts = 1>
ST_3 : Operation 335 [1/1] (0.00ns) (grouped into LUT with out node res_pack_6)   --->   "%xor_ln66_62 = xor i1 %icmp_ln66_62, i1 1" [firmware/nnet_utils/nnet_common.h:66->firmware/nnet_utils/nnet_common.h:46->firmware/nnet_utils/nnet_pooling_stream.h:21->firmware/nnet_utils/nnet_pooling_stream.h:68->firmware/nnet_utils/nnet_pooling_stream.h:115]   --->   Operation 335 'xor' 'xor_ln66_62' <Predicate = (icmp_ln55 & and_ln55_1)> <Delay = 0.00> <CoreInst = "LogicGate">   --->   Core 74 'LogicGate' <Latency = 0> <II = 1> <Delay = 0.97> <FuncUnit> <Opcode : 'and' 'or' 'xor'> <InPorts = 2> <OutPorts = 1>
ST_3 : Operation 336 [1/1] (0.97ns) (out node of the LUT)   --->   "%res_pack_6 = select i1 %xor_ln66_62, i20 %select_ln0_54, i20 %select_ln0_55" [firmware/nnet_utils/nnet_pooling_stream.h:67->firmware/nnet_utils/nnet_pooling_stream.h:115]   --->   Operation 336 'select' 'res_pack_6' <Predicate = (icmp_ln55 & and_ln55_1)> <Delay = 0.97> <CoreInst = "Sel">   --->   Core 73 'Sel' <Latency = 0> <II = 1> <Delay = 0.70> <FuncUnit> <Opcode : 'select'> <InPorts = 3> <OutPorts = 1>
ST_3 : Operation 337 [1/1] (0.00ns)   --->   "%void_compute_pool_buffer_2d_array_const_ap_shift_reg_n_filt_stream_kernel_27 = load i20 %void_compute_pool_buffer_2d_array_const_ap_shift_reg_n_filt_stream_kernel_2" [firmware/nnet_utils/nnet_pooling_stream.h:63->firmware/nnet_utils/nnet_pooling_stream.h:115]   --->   Operation 337 'load' 'void_compute_pool_buffer_2d_array_const_ap_shift_reg_n_filt_stream_kernel_27' <Predicate = (icmp_ln55 & and_ln55_1)> <Delay = 0.00>
ST_3 : Operation 338 [1/1] (0.00ns)   --->   "%p_ZZN4nnet22compute_pool_buffer_2dINS_5arrayI8ap_fixedILi20ELi10EL9ap_q_mode5EL9a_546 = load i20 %p_ZZN4nnet22compute_pool_buffer_2dINS_5arrayI8ap_fixedILi20ELi10EL9ap_q_mode5EL9a_74" [firmware/nnet_utils/nnet_pooling_stream.h:63->firmware/nnet_utils/nnet_pooling_stream.h:115]   --->   Operation 338 'load' 'p_ZZN4nnet22compute_pool_buffer_2dINS_5arrayI8ap_fixedILi20ELi10EL9ap_q_mode5EL9a_546' <Predicate = (icmp_ln55 & and_ln55_1)> <Delay = 0.00>
ST_3 : Operation 339 [1/1] (0.00ns)   --->   "%p_ZZN4nnet22compute_pool_buffer_2dINS_5arrayI8ap_fixedILi20ELi10EL9ap_q_mode5EL9a_547 = load i20 %p_ZZN4nnet22compute_pool_buffer_2dINS_5arrayI8ap_fixedILi20ELi10EL9ap_q_mode5EL9a_56" [firmware/nnet_utils/nnet_pooling_stream.h:63->firmware/nnet_utils/nnet_pooling_stream.h:115]   --->   Operation 339 'load' 'p_ZZN4nnet22compute_pool_buffer_2dINS_5arrayI8ap_fixedILi20ELi10EL9ap_q_mode5EL9a_547' <Predicate = (icmp_ln55 & and_ln55_1)> <Delay = 0.00>
ST_3 : Operation 340 [1/1] (0.00ns)   --->   "%p_ZZN4nnet22compute_pool_buffer_2dINS_5arrayI8ap_fixedILi20ELi10EL9ap_q_mode5EL9a_548 = load i20 %p_ZZN4nnet22compute_pool_buffer_2dINS_5arrayI8ap_fixedILi20ELi10EL9ap_q_mode5EL9a_38" [firmware/nnet_utils/nnet_pooling_stream.h:63->firmware/nnet_utils/nnet_pooling_stream.h:115]   --->   Operation 340 'load' 'p_ZZN4nnet22compute_pool_buffer_2dINS_5arrayI8ap_fixedILi20ELi10EL9ap_q_mode5EL9a_548' <Predicate = (icmp_ln55 & and_ln55_1)> <Delay = 0.00>
ST_3 : Operation 341 [1/1] (0.00ns)   --->   "%p_ZZN4nnet22compute_pool_buffer_2dINS_5arrayI8ap_fixedILi20ELi10EL9ap_q_mode5EL9a_549 = load i20 %p_ZZN4nnet22compute_pool_buffer_2dINS_5arrayI8ap_fixedILi20ELi10EL9ap_q_mode5EL9a_20" [firmware/nnet_utils/nnet_pooling_stream.h:63->firmware/nnet_utils/nnet_pooling_stream.h:115]   --->   Operation 341 'load' 'p_ZZN4nnet22compute_pool_buffer_2dINS_5arrayI8ap_fixedILi20ELi10EL9ap_q_mode5EL9a_549' <Predicate = (icmp_ln55 & and_ln55_1)> <Delay = 0.00>
ST_3 : Operation 342 [1/1] (0.00ns)   --->   "%p_ZZN4nnet22compute_pool_buffer_2dINS_5arrayI8ap_fixedILi20ELi10EL9ap_q_mode5EL9a_550 = load i20 %p_ZZN4nnet22compute_pool_buffer_2dINS_5arrayI8ap_fixedILi20ELi10EL9ap_q_mode5EL9a_2" [firmware/nnet_utils/nnet_pooling_stream.h:63->firmware/nnet_utils/nnet_pooling_stream.h:115]   --->   Operation 342 'load' 'p_ZZN4nnet22compute_pool_buffer_2dINS_5arrayI8ap_fixedILi20ELi10EL9ap_q_mode5EL9a_550' <Predicate = (icmp_ln55 & and_ln55_1)> <Delay = 0.00>
ST_3 : Operation 343 [1/1] (0.00ns)   --->   "%p_ZZN4nnet22compute_pool_buffer_2dINS_5arrayI8ap_fixedILi20ELi10EL9ap_q_mode5EL9a_551 = load i20 %p_ZZN4nnet22compute_pool_buffer_2dINS_5arrayI8ap_fixedILi20ELi10EL9ap_q_mode5EL9a_262" [firmware/nnet_utils/nnet_pooling_stream.h:63->firmware/nnet_utils/nnet_pooling_stream.h:115]   --->   Operation 343 'load' 'p_ZZN4nnet22compute_pool_buffer_2dINS_5arrayI8ap_fixedILi20ELi10EL9ap_q_mode5EL9a_551' <Predicate = (icmp_ln55 & and_ln55_1)> <Delay = 0.00>
ST_3 : Operation 344 [1/1] (0.00ns)   --->   "%p_ZZN4nnet22compute_pool_buffer_2dINS_5arrayI8ap_fixedILi20ELi10EL9ap_q_mode5EL9a_552 = load i20 %p_ZZN4nnet22compute_pool_buffer_2dINS_5arrayI8ap_fixedILi20ELi10EL9ap_q_mode5EL9a_282" [firmware/nnet_utils/nnet_pooling_stream.h:63->firmware/nnet_utils/nnet_pooling_stream.h:115]   --->   Operation 344 'load' 'p_ZZN4nnet22compute_pool_buffer_2dINS_5arrayI8ap_fixedILi20ELi10EL9ap_q_mode5EL9a_552' <Predicate = (icmp_ln55 & and_ln55_1)> <Delay = 0.00>
ST_3 : Operation 345 [1/1] (0.00ns)   --->   "%p_ZZN4nnet22compute_pool_buffer_2dINS_5arrayI8ap_fixedILi20ELi10EL9ap_q_mode5EL9a_553 = load i20 %p_ZZN4nnet22compute_pool_buffer_2dINS_5arrayI8ap_fixedILi20ELi10EL9ap_q_mode5EL9a_302" [firmware/nnet_utils/nnet_pooling_stream.h:63->firmware/nnet_utils/nnet_pooling_stream.h:115]   --->   Operation 345 'load' 'p_ZZN4nnet22compute_pool_buffer_2dINS_5arrayI8ap_fixedILi20ELi10EL9ap_q_mode5EL9a_553' <Predicate = (icmp_ln55 & and_ln55_1)> <Delay = 0.00>
ST_3 : Operation 346 [1/1] (0.00ns)   --->   "%p_ZZN4nnet22compute_pool_buffer_2dINS_5arrayI8ap_fixedILi20ELi10EL9ap_q_mode5EL9a_554 = load i20 %p_ZZN4nnet22compute_pool_buffer_2dINS_5arrayI8ap_fixedILi20ELi10EL9ap_q_mode5EL9a_93" [firmware/nnet_utils/nnet_pooling_stream.h:63->firmware/nnet_utils/nnet_pooling_stream.h:115]   --->   Operation 346 'load' 'p_ZZN4nnet22compute_pool_buffer_2dINS_5arrayI8ap_fixedILi20ELi10EL9ap_q_mode5EL9a_554' <Predicate = (icmp_ln55 & and_ln55_1)> <Delay = 0.00>
ST_3 : Operation 347 [1/1] (2.19ns)   --->   "%icmp_ln66_63 = icmp_slt  i20 %void_compute_pool_buffer_2d_array_const_ap_shift_reg_n_filt_stream_kernel_27, i20 %p_ZZN4nnet22compute_pool_buffer_2dINS_5arrayI8ap_fixedILi20ELi10EL9ap_q_mode5EL9a_546" [firmware/nnet_utils/nnet_common.h:66->firmware/nnet_utils/nnet_common.h:44->firmware/nnet_utils/nnet_common.h:46->firmware/nnet_utils/nnet_common.h:46->firmware/nnet_utils/nnet_common.h:46->firmware/nnet_utils/nnet_pooling_stream.h:21->firmware/nnet_utils/nnet_pooling_stream.h:68->firmware/nnet_utils/nnet_pooling_stream.h:115]   --->   Operation 347 'icmp' 'icmp_ln66_63' <Predicate = (icmp_ln55 & and_ln55_1)> <Delay = 2.19> <CoreInst = "Cmp">   --->   Core 9 'Cmp' <Latency = 0> <II = 1> <Delay = 2.19> <FuncUnit> <Opcode : 'seteq' 'setne' 'setle' 'setge' 'setlt' 'setgt'> <InPorts = 2> <OutPorts = 1>
ST_3 : Operation 348 [1/1] (0.00ns) (grouped into LUT with out node select_ln0_56)   --->   "%xor_ln66_63 = xor i1 %icmp_ln66_63, i1 1" [firmware/nnet_utils/nnet_common.h:66->firmware/nnet_utils/nnet_common.h:44->firmware/nnet_utils/nnet_common.h:46->firmware/nnet_utils/nnet_common.h:46->firmware/nnet_utils/nnet_common.h:46->firmware/nnet_utils/nnet_pooling_stream.h:21->firmware/nnet_utils/nnet_pooling_stream.h:68->firmware/nnet_utils/nnet_pooling_stream.h:115]   --->   Operation 348 'xor' 'xor_ln66_63' <Predicate = (icmp_ln55 & and_ln55_1)> <Delay = 0.00> <CoreInst = "LogicGate">   --->   Core 74 'LogicGate' <Latency = 0> <II = 1> <Delay = 0.97> <FuncUnit> <Opcode : 'and' 'or' 'xor'> <InPorts = 2> <OutPorts = 1>
ST_3 : Operation 349 [1/1] (0.97ns) (out node of the LUT)   --->   "%select_ln0_56 = select i1 %xor_ln66_63, i20 %void_compute_pool_buffer_2d_array_const_ap_shift_reg_n_filt_stream_kernel_27, i20 %p_ZZN4nnet22compute_pool_buffer_2dINS_5arrayI8ap_fixedILi20ELi10EL9ap_q_mode5EL9a_546" [firmware/nnet_utils/nnet_common.h:0->firmware/nnet_utils/nnet_common.h:46->firmware/nnet_utils/nnet_common.h:46->firmware/nnet_utils/nnet_common.h:46->firmware/nnet_utils/nnet_pooling_stream.h:21->firmware/nnet_utils/nnet_pooling_stream.h:68->firmware/nnet_utils/nnet_pooling_stream.h:115]   --->   Operation 349 'select' 'select_ln0_56' <Predicate = (icmp_ln55 & and_ln55_1)> <Delay = 0.97> <CoreInst = "Sel">   --->   Core 73 'Sel' <Latency = 0> <II = 1> <Delay = 0.70> <FuncUnit> <Opcode : 'select'> <InPorts = 3> <OutPorts = 1>
ST_3 : Operation 350 [1/1] (2.19ns)   --->   "%icmp_ln66_64 = icmp_slt  i20 %p_ZZN4nnet22compute_pool_buffer_2dINS_5arrayI8ap_fixedILi20ELi10EL9ap_q_mode5EL9a_547, i20 %p_ZZN4nnet22compute_pool_buffer_2dINS_5arrayI8ap_fixedILi20ELi10EL9ap_q_mode5EL9a_548" [firmware/nnet_utils/nnet_common.h:66->firmware/nnet_utils/nnet_common.h:44->firmware/nnet_utils/nnet_common.h:46->firmware/nnet_utils/nnet_common.h:46->firmware/nnet_utils/nnet_common.h:46->firmware/nnet_utils/nnet_pooling_stream.h:21->firmware/nnet_utils/nnet_pooling_stream.h:68->firmware/nnet_utils/nnet_pooling_stream.h:115]   --->   Operation 350 'icmp' 'icmp_ln66_64' <Predicate = (icmp_ln55 & and_ln55_1)> <Delay = 2.19> <CoreInst = "Cmp">   --->   Core 9 'Cmp' <Latency = 0> <II = 1> <Delay = 2.19> <FuncUnit> <Opcode : 'seteq' 'setne' 'setle' 'setge' 'setlt' 'setgt'> <InPorts = 2> <OutPorts = 1>
ST_3 : Operation 351 [1/1] (0.00ns) (grouped into LUT with out node select_ln0_57)   --->   "%xor_ln66_64 = xor i1 %icmp_ln66_64, i1 1" [firmware/nnet_utils/nnet_common.h:66->firmware/nnet_utils/nnet_common.h:44->firmware/nnet_utils/nnet_common.h:46->firmware/nnet_utils/nnet_common.h:46->firmware/nnet_utils/nnet_common.h:46->firmware/nnet_utils/nnet_pooling_stream.h:21->firmware/nnet_utils/nnet_pooling_stream.h:68->firmware/nnet_utils/nnet_pooling_stream.h:115]   --->   Operation 351 'xor' 'xor_ln66_64' <Predicate = (icmp_ln55 & and_ln55_1)> <Delay = 0.00> <CoreInst = "LogicGate">   --->   Core 74 'LogicGate' <Latency = 0> <II = 1> <Delay = 0.97> <FuncUnit> <Opcode : 'and' 'or' 'xor'> <InPorts = 2> <OutPorts = 1>
ST_3 : Operation 352 [1/1] (0.97ns) (out node of the LUT)   --->   "%select_ln0_57 = select i1 %xor_ln66_64, i20 %p_ZZN4nnet22compute_pool_buffer_2dINS_5arrayI8ap_fixedILi20ELi10EL9ap_q_mode5EL9a_547, i20 %p_ZZN4nnet22compute_pool_buffer_2dINS_5arrayI8ap_fixedILi20ELi10EL9ap_q_mode5EL9a_548" [firmware/nnet_utils/nnet_common.h:0->firmware/nnet_utils/nnet_common.h:46->firmware/nnet_utils/nnet_common.h:46->firmware/nnet_utils/nnet_common.h:46->firmware/nnet_utils/nnet_pooling_stream.h:21->firmware/nnet_utils/nnet_pooling_stream.h:68->firmware/nnet_utils/nnet_pooling_stream.h:115]   --->   Operation 352 'select' 'select_ln0_57' <Predicate = (icmp_ln55 & and_ln55_1)> <Delay = 0.97> <CoreInst = "Sel">   --->   Core 73 'Sel' <Latency = 0> <II = 1> <Delay = 0.70> <FuncUnit> <Opcode : 'select'> <InPorts = 3> <OutPorts = 1>
ST_3 : Operation 353 [1/1] (2.19ns)   --->   "%icmp_ln66_65 = icmp_slt  i20 %select_ln0_56, i20 %select_ln0_57" [firmware/nnet_utils/nnet_common.h:66->firmware/nnet_utils/nnet_common.h:46->firmware/nnet_utils/nnet_common.h:46->firmware/nnet_utils/nnet_common.h:46->firmware/nnet_utils/nnet_pooling_stream.h:21->firmware/nnet_utils/nnet_pooling_stream.h:68->firmware/nnet_utils/nnet_pooling_stream.h:115]   --->   Operation 353 'icmp' 'icmp_ln66_65' <Predicate = (icmp_ln55 & and_ln55_1)> <Delay = 2.19> <CoreInst = "Cmp">   --->   Core 9 'Cmp' <Latency = 0> <II = 1> <Delay = 2.19> <FuncUnit> <Opcode : 'seteq' 'setne' 'setle' 'setge' 'setlt' 'setgt'> <InPorts = 2> <OutPorts = 1>
ST_3 : Operation 354 [1/1] (0.00ns) (grouped into LUT with out node select_ln0_58)   --->   "%xor_ln66_65 = xor i1 %icmp_ln66_65, i1 1" [firmware/nnet_utils/nnet_common.h:66->firmware/nnet_utils/nnet_common.h:46->firmware/nnet_utils/nnet_common.h:46->firmware/nnet_utils/nnet_common.h:46->firmware/nnet_utils/nnet_pooling_stream.h:21->firmware/nnet_utils/nnet_pooling_stream.h:68->firmware/nnet_utils/nnet_pooling_stream.h:115]   --->   Operation 354 'xor' 'xor_ln66_65' <Predicate = (icmp_ln55 & and_ln55_1)> <Delay = 0.00> <CoreInst = "LogicGate">   --->   Core 74 'LogicGate' <Latency = 0> <II = 1> <Delay = 0.97> <FuncUnit> <Opcode : 'and' 'or' 'xor'> <InPorts = 2> <OutPorts = 1>
ST_3 : Operation 355 [1/1] (0.97ns) (out node of the LUT)   --->   "%select_ln0_58 = select i1 %xor_ln66_65, i20 %select_ln0_56, i20 %select_ln0_57" [firmware/nnet_utils/nnet_common.h:0->firmware/nnet_utils/nnet_common.h:46->firmware/nnet_utils/nnet_common.h:46->firmware/nnet_utils/nnet_pooling_stream.h:21->firmware/nnet_utils/nnet_pooling_stream.h:68->firmware/nnet_utils/nnet_pooling_stream.h:115]   --->   Operation 355 'select' 'select_ln0_58' <Predicate = (icmp_ln55 & and_ln55_1)> <Delay = 0.97> <CoreInst = "Sel">   --->   Core 73 'Sel' <Latency = 0> <II = 1> <Delay = 0.70> <FuncUnit> <Opcode : 'select'> <InPorts = 3> <OutPorts = 1>
ST_3 : Operation 356 [1/1] (2.19ns)   --->   "%icmp_ln66_66 = icmp_slt  i20 %p_ZZN4nnet22compute_pool_buffer_2dINS_5arrayI8ap_fixedILi20ELi10EL9ap_q_mode5EL9a_549, i20 %p_ZZN4nnet22compute_pool_buffer_2dINS_5arrayI8ap_fixedILi20ELi10EL9ap_q_mode5EL9a_550" [firmware/nnet_utils/nnet_common.h:66->firmware/nnet_utils/nnet_common.h:44->firmware/nnet_utils/nnet_common.h:46->firmware/nnet_utils/nnet_common.h:46->firmware/nnet_utils/nnet_common.h:46->firmware/nnet_utils/nnet_pooling_stream.h:21->firmware/nnet_utils/nnet_pooling_stream.h:68->firmware/nnet_utils/nnet_pooling_stream.h:115]   --->   Operation 356 'icmp' 'icmp_ln66_66' <Predicate = (icmp_ln55 & and_ln55_1)> <Delay = 2.19> <CoreInst = "Cmp">   --->   Core 9 'Cmp' <Latency = 0> <II = 1> <Delay = 2.19> <FuncUnit> <Opcode : 'seteq' 'setne' 'setle' 'setge' 'setlt' 'setgt'> <InPorts = 2> <OutPorts = 1>
ST_3 : Operation 357 [1/1] (0.00ns) (grouped into LUT with out node select_ln0_59)   --->   "%xor_ln66_66 = xor i1 %icmp_ln66_66, i1 1" [firmware/nnet_utils/nnet_common.h:66->firmware/nnet_utils/nnet_common.h:44->firmware/nnet_utils/nnet_common.h:46->firmware/nnet_utils/nnet_common.h:46->firmware/nnet_utils/nnet_common.h:46->firmware/nnet_utils/nnet_pooling_stream.h:21->firmware/nnet_utils/nnet_pooling_stream.h:68->firmware/nnet_utils/nnet_pooling_stream.h:115]   --->   Operation 357 'xor' 'xor_ln66_66' <Predicate = (icmp_ln55 & and_ln55_1)> <Delay = 0.00> <CoreInst = "LogicGate">   --->   Core 74 'LogicGate' <Latency = 0> <II = 1> <Delay = 0.97> <FuncUnit> <Opcode : 'and' 'or' 'xor'> <InPorts = 2> <OutPorts = 1>
ST_3 : Operation 358 [1/1] (0.97ns) (out node of the LUT)   --->   "%select_ln0_59 = select i1 %xor_ln66_66, i20 %p_ZZN4nnet22compute_pool_buffer_2dINS_5arrayI8ap_fixedILi20ELi10EL9ap_q_mode5EL9a_549, i20 %p_ZZN4nnet22compute_pool_buffer_2dINS_5arrayI8ap_fixedILi20ELi10EL9ap_q_mode5EL9a_550" [firmware/nnet_utils/nnet_common.h:0->firmware/nnet_utils/nnet_common.h:46->firmware/nnet_utils/nnet_common.h:46->firmware/nnet_utils/nnet_common.h:46->firmware/nnet_utils/nnet_pooling_stream.h:21->firmware/nnet_utils/nnet_pooling_stream.h:68->firmware/nnet_utils/nnet_pooling_stream.h:115]   --->   Operation 358 'select' 'select_ln0_59' <Predicate = (icmp_ln55 & and_ln55_1)> <Delay = 0.97> <CoreInst = "Sel">   --->   Core 73 'Sel' <Latency = 0> <II = 1> <Delay = 0.70> <FuncUnit> <Opcode : 'select'> <InPorts = 3> <OutPorts = 1>
ST_3 : Operation 359 [1/1] (2.19ns)   --->   "%icmp_ln66_67 = icmp_slt  i20 %p_ZZN4nnet22compute_pool_buffer_2dINS_5arrayI8ap_fixedILi20ELi10EL9ap_q_mode5EL9a_551, i20 %p_ZZN4nnet22compute_pool_buffer_2dINS_5arrayI8ap_fixedILi20ELi10EL9ap_q_mode5EL9a_552" [firmware/nnet_utils/nnet_common.h:66->firmware/nnet_utils/nnet_common.h:44->firmware/nnet_utils/nnet_common.h:46->firmware/nnet_utils/nnet_common.h:46->firmware/nnet_utils/nnet_common.h:46->firmware/nnet_utils/nnet_pooling_stream.h:21->firmware/nnet_utils/nnet_pooling_stream.h:68->firmware/nnet_utils/nnet_pooling_stream.h:115]   --->   Operation 359 'icmp' 'icmp_ln66_67' <Predicate = (icmp_ln55 & and_ln55_1)> <Delay = 2.19> <CoreInst = "Cmp">   --->   Core 9 'Cmp' <Latency = 0> <II = 1> <Delay = 2.19> <FuncUnit> <Opcode : 'seteq' 'setne' 'setle' 'setge' 'setlt' 'setgt'> <InPorts = 2> <OutPorts = 1>
ST_3 : Operation 360 [1/1] (0.00ns) (grouped into LUT with out node select_ln0_60)   --->   "%xor_ln66_67 = xor i1 %icmp_ln66_67, i1 1" [firmware/nnet_utils/nnet_common.h:66->firmware/nnet_utils/nnet_common.h:44->firmware/nnet_utils/nnet_common.h:46->firmware/nnet_utils/nnet_common.h:46->firmware/nnet_utils/nnet_common.h:46->firmware/nnet_utils/nnet_pooling_stream.h:21->firmware/nnet_utils/nnet_pooling_stream.h:68->firmware/nnet_utils/nnet_pooling_stream.h:115]   --->   Operation 360 'xor' 'xor_ln66_67' <Predicate = (icmp_ln55 & and_ln55_1)> <Delay = 0.00> <CoreInst = "LogicGate">   --->   Core 74 'LogicGate' <Latency = 0> <II = 1> <Delay = 0.97> <FuncUnit> <Opcode : 'and' 'or' 'xor'> <InPorts = 2> <OutPorts = 1>
ST_3 : Operation 361 [1/1] (0.97ns) (out node of the LUT)   --->   "%select_ln0_60 = select i1 %xor_ln66_67, i20 %p_ZZN4nnet22compute_pool_buffer_2dINS_5arrayI8ap_fixedILi20ELi10EL9ap_q_mode5EL9a_551, i20 %p_ZZN4nnet22compute_pool_buffer_2dINS_5arrayI8ap_fixedILi20ELi10EL9ap_q_mode5EL9a_552" [firmware/nnet_utils/nnet_common.h:0->firmware/nnet_utils/nnet_common.h:46->firmware/nnet_utils/nnet_common.h:46->firmware/nnet_utils/nnet_common.h:46->firmware/nnet_utils/nnet_pooling_stream.h:21->firmware/nnet_utils/nnet_pooling_stream.h:68->firmware/nnet_utils/nnet_pooling_stream.h:115]   --->   Operation 361 'select' 'select_ln0_60' <Predicate = (icmp_ln55 & and_ln55_1)> <Delay = 0.97> <CoreInst = "Sel">   --->   Core 73 'Sel' <Latency = 0> <II = 1> <Delay = 0.70> <FuncUnit> <Opcode : 'select'> <InPorts = 3> <OutPorts = 1>
ST_3 : Operation 362 [1/1] (2.19ns)   --->   "%icmp_ln66_68 = icmp_slt  i20 %select_ln0_59, i20 %select_ln0_60" [firmware/nnet_utils/nnet_common.h:66->firmware/nnet_utils/nnet_common.h:46->firmware/nnet_utils/nnet_common.h:46->firmware/nnet_utils/nnet_common.h:46->firmware/nnet_utils/nnet_pooling_stream.h:21->firmware/nnet_utils/nnet_pooling_stream.h:68->firmware/nnet_utils/nnet_pooling_stream.h:115]   --->   Operation 362 'icmp' 'icmp_ln66_68' <Predicate = (icmp_ln55 & and_ln55_1)> <Delay = 2.19> <CoreInst = "Cmp">   --->   Core 9 'Cmp' <Latency = 0> <II = 1> <Delay = 2.19> <FuncUnit> <Opcode : 'seteq' 'setne' 'setle' 'setge' 'setlt' 'setgt'> <InPorts = 2> <OutPorts = 1>
ST_3 : Operation 363 [1/1] (0.00ns) (grouped into LUT with out node select_ln0_61)   --->   "%xor_ln66_68 = xor i1 %icmp_ln66_68, i1 1" [firmware/nnet_utils/nnet_common.h:66->firmware/nnet_utils/nnet_common.h:46->firmware/nnet_utils/nnet_common.h:46->firmware/nnet_utils/nnet_common.h:46->firmware/nnet_utils/nnet_pooling_stream.h:21->firmware/nnet_utils/nnet_pooling_stream.h:68->firmware/nnet_utils/nnet_pooling_stream.h:115]   --->   Operation 363 'xor' 'xor_ln66_68' <Predicate = (icmp_ln55 & and_ln55_1)> <Delay = 0.00> <CoreInst = "LogicGate">   --->   Core 74 'LogicGate' <Latency = 0> <II = 1> <Delay = 0.97> <FuncUnit> <Opcode : 'and' 'or' 'xor'> <InPorts = 2> <OutPorts = 1>
ST_3 : Operation 364 [1/1] (0.97ns) (out node of the LUT)   --->   "%select_ln0_61 = select i1 %xor_ln66_68, i20 %select_ln0_59, i20 %select_ln0_60" [firmware/nnet_utils/nnet_common.h:0->firmware/nnet_utils/nnet_common.h:46->firmware/nnet_utils/nnet_common.h:46->firmware/nnet_utils/nnet_pooling_stream.h:21->firmware/nnet_utils/nnet_pooling_stream.h:68->firmware/nnet_utils/nnet_pooling_stream.h:115]   --->   Operation 364 'select' 'select_ln0_61' <Predicate = (icmp_ln55 & and_ln55_1)> <Delay = 0.97> <CoreInst = "Sel">   --->   Core 73 'Sel' <Latency = 0> <II = 1> <Delay = 0.70> <FuncUnit> <Opcode : 'select'> <InPorts = 3> <OutPorts = 1>
ST_3 : Operation 365 [1/1] (2.19ns)   --->   "%icmp_ln66_69 = icmp_slt  i20 %select_ln0_58, i20 %select_ln0_61" [firmware/nnet_utils/nnet_common.h:66->firmware/nnet_utils/nnet_common.h:46->firmware/nnet_utils/nnet_common.h:46->firmware/nnet_utils/nnet_pooling_stream.h:21->firmware/nnet_utils/nnet_pooling_stream.h:68->firmware/nnet_utils/nnet_pooling_stream.h:115]   --->   Operation 365 'icmp' 'icmp_ln66_69' <Predicate = (icmp_ln55 & and_ln55_1)> <Delay = 2.19> <CoreInst = "Cmp">   --->   Core 9 'Cmp' <Latency = 0> <II = 1> <Delay = 2.19> <FuncUnit> <Opcode : 'seteq' 'setne' 'setle' 'setge' 'setlt' 'setgt'> <InPorts = 2> <OutPorts = 1>
ST_3 : Operation 366 [1/1] (0.00ns) (grouped into LUT with out node select_ln0_62)   --->   "%xor_ln66_69 = xor i1 %icmp_ln66_69, i1 1" [firmware/nnet_utils/nnet_common.h:66->firmware/nnet_utils/nnet_common.h:46->firmware/nnet_utils/nnet_common.h:46->firmware/nnet_utils/nnet_pooling_stream.h:21->firmware/nnet_utils/nnet_pooling_stream.h:68->firmware/nnet_utils/nnet_pooling_stream.h:115]   --->   Operation 366 'xor' 'xor_ln66_69' <Predicate = (icmp_ln55 & and_ln55_1)> <Delay = 0.00> <CoreInst = "LogicGate">   --->   Core 74 'LogicGate' <Latency = 0> <II = 1> <Delay = 0.97> <FuncUnit> <Opcode : 'and' 'or' 'xor'> <InPorts = 2> <OutPorts = 1>
ST_3 : Operation 367 [1/1] (0.97ns) (out node of the LUT)   --->   "%select_ln0_62 = select i1 %xor_ln66_69, i20 %select_ln0_58, i20 %select_ln0_61" [firmware/nnet_utils/nnet_common.h:0->firmware/nnet_utils/nnet_common.h:46->firmware/nnet_utils/nnet_pooling_stream.h:21->firmware/nnet_utils/nnet_pooling_stream.h:68->firmware/nnet_utils/nnet_pooling_stream.h:115]   --->   Operation 367 'select' 'select_ln0_62' <Predicate = (icmp_ln55 & and_ln55_1)> <Delay = 0.97> <CoreInst = "Sel">   --->   Core 73 'Sel' <Latency = 0> <II = 1> <Delay = 0.70> <FuncUnit> <Opcode : 'select'> <InPorts = 3> <OutPorts = 1>
ST_3 : Operation 368 [1/1] (2.19ns)   --->   "%icmp_ln66_70 = icmp_slt  i20 %p_ZZN4nnet22compute_pool_buffer_2dINS_5arrayI8ap_fixedILi20ELi10EL9ap_q_mode5EL9a_553, i20 %p_ZZN4nnet22compute_pool_buffer_2dINS_5arrayI8ap_fixedILi20ELi10EL9ap_q_mode5EL9a_554" [firmware/nnet_utils/nnet_common.h:66->firmware/nnet_utils/nnet_common.h:44->firmware/nnet_utils/nnet_common.h:46->firmware/nnet_utils/nnet_pooling_stream.h:21->firmware/nnet_utils/nnet_pooling_stream.h:68->firmware/nnet_utils/nnet_pooling_stream.h:115]   --->   Operation 368 'icmp' 'icmp_ln66_70' <Predicate = (icmp_ln55 & and_ln55_1)> <Delay = 2.19> <CoreInst = "Cmp">   --->   Core 9 'Cmp' <Latency = 0> <II = 1> <Delay = 2.19> <FuncUnit> <Opcode : 'seteq' 'setne' 'setle' 'setge' 'setlt' 'setgt'> <InPorts = 2> <OutPorts = 1>
ST_3 : Operation 369 [1/1] (0.00ns) (grouped into LUT with out node select_ln0_63)   --->   "%xor_ln66_70 = xor i1 %icmp_ln66_70, i1 1" [firmware/nnet_utils/nnet_common.h:66->firmware/nnet_utils/nnet_common.h:44->firmware/nnet_utils/nnet_common.h:46->firmware/nnet_utils/nnet_pooling_stream.h:21->firmware/nnet_utils/nnet_pooling_stream.h:68->firmware/nnet_utils/nnet_pooling_stream.h:115]   --->   Operation 369 'xor' 'xor_ln66_70' <Predicate = (icmp_ln55 & and_ln55_1)> <Delay = 0.00> <CoreInst = "LogicGate">   --->   Core 74 'LogicGate' <Latency = 0> <II = 1> <Delay = 0.97> <FuncUnit> <Opcode : 'and' 'or' 'xor'> <InPorts = 2> <OutPorts = 1>
ST_3 : Operation 370 [1/1] (0.97ns) (out node of the LUT)   --->   "%select_ln0_63 = select i1 %xor_ln66_70, i20 %p_ZZN4nnet22compute_pool_buffer_2dINS_5arrayI8ap_fixedILi20ELi10EL9ap_q_mode5EL9a_553, i20 %p_ZZN4nnet22compute_pool_buffer_2dINS_5arrayI8ap_fixedILi20ELi10EL9ap_q_mode5EL9a_554" [firmware/nnet_utils/nnet_common.h:0->firmware/nnet_utils/nnet_common.h:46->firmware/nnet_utils/nnet_pooling_stream.h:21->firmware/nnet_utils/nnet_pooling_stream.h:68->firmware/nnet_utils/nnet_pooling_stream.h:115]   --->   Operation 370 'select' 'select_ln0_63' <Predicate = (icmp_ln55 & and_ln55_1)> <Delay = 0.97> <CoreInst = "Sel">   --->   Core 73 'Sel' <Latency = 0> <II = 1> <Delay = 0.70> <FuncUnit> <Opcode : 'select'> <InPorts = 3> <OutPorts = 1>
ST_3 : Operation 371 [1/1] (2.19ns)   --->   "%icmp_ln66_71 = icmp_slt  i20 %select_ln0_62, i20 %select_ln0_63" [firmware/nnet_utils/nnet_common.h:66->firmware/nnet_utils/nnet_common.h:46->firmware/nnet_utils/nnet_pooling_stream.h:21->firmware/nnet_utils/nnet_pooling_stream.h:68->firmware/nnet_utils/nnet_pooling_stream.h:115]   --->   Operation 371 'icmp' 'icmp_ln66_71' <Predicate = (icmp_ln55 & and_ln55_1)> <Delay = 2.19> <CoreInst = "Cmp">   --->   Core 9 'Cmp' <Latency = 0> <II = 1> <Delay = 2.19> <FuncUnit> <Opcode : 'seteq' 'setne' 'setle' 'setge' 'setlt' 'setgt'> <InPorts = 2> <OutPorts = 1>
ST_3 : Operation 372 [1/1] (0.00ns) (grouped into LUT with out node res_pack_7)   --->   "%xor_ln66_71 = xor i1 %icmp_ln66_71, i1 1" [firmware/nnet_utils/nnet_common.h:66->firmware/nnet_utils/nnet_common.h:46->firmware/nnet_utils/nnet_pooling_stream.h:21->firmware/nnet_utils/nnet_pooling_stream.h:68->firmware/nnet_utils/nnet_pooling_stream.h:115]   --->   Operation 372 'xor' 'xor_ln66_71' <Predicate = (icmp_ln55 & and_ln55_1)> <Delay = 0.00> <CoreInst = "LogicGate">   --->   Core 74 'LogicGate' <Latency = 0> <II = 1> <Delay = 0.97> <FuncUnit> <Opcode : 'and' 'or' 'xor'> <InPorts = 2> <OutPorts = 1>
ST_3 : Operation 373 [1/1] (0.97ns) (out node of the LUT)   --->   "%res_pack_7 = select i1 %xor_ln66_71, i20 %select_ln0_62, i20 %select_ln0_63" [firmware/nnet_utils/nnet_pooling_stream.h:67->firmware/nnet_utils/nnet_pooling_stream.h:115]   --->   Operation 373 'select' 'res_pack_7' <Predicate = (icmp_ln55 & and_ln55_1)> <Delay = 0.97> <CoreInst = "Sel">   --->   Core 73 'Sel' <Latency = 0> <II = 1> <Delay = 0.70> <FuncUnit> <Opcode : 'select'> <InPorts = 3> <OutPorts = 1>
ST_3 : Operation 374 [1/1] (0.00ns)   --->   "%void_compute_pool_buffer_2d_array_const_ap_shift_reg_n_filt_stream_kernel_28 = load i20 %void_compute_pool_buffer_2d_array_const_ap_shift_reg_n_filt_stream_kernel_1" [firmware/nnet_utils/nnet_pooling_stream.h:63->firmware/nnet_utils/nnet_pooling_stream.h:115]   --->   Operation 374 'load' 'void_compute_pool_buffer_2d_array_const_ap_shift_reg_n_filt_stream_kernel_28' <Predicate = (icmp_ln55 & and_ln55_1)> <Delay = 0.00>
ST_3 : Operation 375 [1/1] (0.00ns)   --->   "%p_ZZN4nnet22compute_pool_buffer_2dINS_5arrayI8ap_fixedILi20ELi10EL9ap_q_mode5EL9a_555 = load i20 %p_ZZN4nnet22compute_pool_buffer_2dINS_5arrayI8ap_fixedILi20ELi10EL9ap_q_mode5EL9a_73" [firmware/nnet_utils/nnet_pooling_stream.h:63->firmware/nnet_utils/nnet_pooling_stream.h:115]   --->   Operation 375 'load' 'p_ZZN4nnet22compute_pool_buffer_2dINS_5arrayI8ap_fixedILi20ELi10EL9ap_q_mode5EL9a_555' <Predicate = (icmp_ln55 & and_ln55_1)> <Delay = 0.00>
ST_3 : Operation 376 [1/1] (0.00ns)   --->   "%p_ZZN4nnet22compute_pool_buffer_2dINS_5arrayI8ap_fixedILi20ELi10EL9ap_q_mode5EL9a_556 = load i20 %p_ZZN4nnet22compute_pool_buffer_2dINS_5arrayI8ap_fixedILi20ELi10EL9ap_q_mode5EL9a_55" [firmware/nnet_utils/nnet_pooling_stream.h:63->firmware/nnet_utils/nnet_pooling_stream.h:115]   --->   Operation 376 'load' 'p_ZZN4nnet22compute_pool_buffer_2dINS_5arrayI8ap_fixedILi20ELi10EL9ap_q_mode5EL9a_556' <Predicate = (icmp_ln55 & and_ln55_1)> <Delay = 0.00>
ST_3 : Operation 377 [1/1] (0.00ns)   --->   "%p_ZZN4nnet22compute_pool_buffer_2dINS_5arrayI8ap_fixedILi20ELi10EL9ap_q_mode5EL9a_557 = load i20 %p_ZZN4nnet22compute_pool_buffer_2dINS_5arrayI8ap_fixedILi20ELi10EL9ap_q_mode5EL9a_37" [firmware/nnet_utils/nnet_pooling_stream.h:63->firmware/nnet_utils/nnet_pooling_stream.h:115]   --->   Operation 377 'load' 'p_ZZN4nnet22compute_pool_buffer_2dINS_5arrayI8ap_fixedILi20ELi10EL9ap_q_mode5EL9a_557' <Predicate = (icmp_ln55 & and_ln55_1)> <Delay = 0.00>
ST_3 : Operation 378 [1/1] (0.00ns)   --->   "%p_ZZN4nnet22compute_pool_buffer_2dINS_5arrayI8ap_fixedILi20ELi10EL9ap_q_mode5EL9a_558 = load i20 %p_ZZN4nnet22compute_pool_buffer_2dINS_5arrayI8ap_fixedILi20ELi10EL9ap_q_mode5EL9a_19" [firmware/nnet_utils/nnet_pooling_stream.h:63->firmware/nnet_utils/nnet_pooling_stream.h:115]   --->   Operation 378 'load' 'p_ZZN4nnet22compute_pool_buffer_2dINS_5arrayI8ap_fixedILi20ELi10EL9ap_q_mode5EL9a_558' <Predicate = (icmp_ln55 & and_ln55_1)> <Delay = 0.00>
ST_3 : Operation 379 [1/1] (0.00ns)   --->   "%p_ZZN4nnet22compute_pool_buffer_2dINS_5arrayI8ap_fixedILi20ELi10EL9ap_q_mode5EL9a_559 = load i20 %p_ZZN4nnet22compute_pool_buffer_2dINS_5arrayI8ap_fixedILi20ELi10EL9ap_q_mode5EL9a_1" [firmware/nnet_utils/nnet_pooling_stream.h:63->firmware/nnet_utils/nnet_pooling_stream.h:115]   --->   Operation 379 'load' 'p_ZZN4nnet22compute_pool_buffer_2dINS_5arrayI8ap_fixedILi20ELi10EL9ap_q_mode5EL9a_559' <Predicate = (icmp_ln55 & and_ln55_1)> <Delay = 0.00>
ST_3 : Operation 380 [1/1] (0.00ns)   --->   "%p_ZZN4nnet22compute_pool_buffer_2dINS_5arrayI8ap_fixedILi20ELi10EL9ap_q_mode5EL9a_560 = load i20 %p_ZZN4nnet22compute_pool_buffer_2dINS_5arrayI8ap_fixedILi20ELi10EL9ap_q_mode5EL9a_263" [firmware/nnet_utils/nnet_pooling_stream.h:63->firmware/nnet_utils/nnet_pooling_stream.h:115]   --->   Operation 380 'load' 'p_ZZN4nnet22compute_pool_buffer_2dINS_5arrayI8ap_fixedILi20ELi10EL9ap_q_mode5EL9a_560' <Predicate = (icmp_ln55 & and_ln55_1)> <Delay = 0.00>
ST_3 : Operation 381 [1/1] (0.00ns)   --->   "%p_ZZN4nnet22compute_pool_buffer_2dINS_5arrayI8ap_fixedILi20ELi10EL9ap_q_mode5EL9a_561 = load i20 %p_ZZN4nnet22compute_pool_buffer_2dINS_5arrayI8ap_fixedILi20ELi10EL9ap_q_mode5EL9a_283" [firmware/nnet_utils/nnet_pooling_stream.h:63->firmware/nnet_utils/nnet_pooling_stream.h:115]   --->   Operation 381 'load' 'p_ZZN4nnet22compute_pool_buffer_2dINS_5arrayI8ap_fixedILi20ELi10EL9ap_q_mode5EL9a_561' <Predicate = (icmp_ln55 & and_ln55_1)> <Delay = 0.00>
ST_3 : Operation 382 [1/1] (0.00ns)   --->   "%p_ZZN4nnet22compute_pool_buffer_2dINS_5arrayI8ap_fixedILi20ELi10EL9ap_q_mode5EL9a_562 = load i20 %p_ZZN4nnet22compute_pool_buffer_2dINS_5arrayI8ap_fixedILi20ELi10EL9ap_q_mode5EL9a_303" [firmware/nnet_utils/nnet_pooling_stream.h:63->firmware/nnet_utils/nnet_pooling_stream.h:115]   --->   Operation 382 'load' 'p_ZZN4nnet22compute_pool_buffer_2dINS_5arrayI8ap_fixedILi20ELi10EL9ap_q_mode5EL9a_562' <Predicate = (icmp_ln55 & and_ln55_1)> <Delay = 0.00>
ST_3 : Operation 383 [1/1] (0.00ns)   --->   "%p_ZZN4nnet22compute_pool_buffer_2dINS_5arrayI8ap_fixedILi20ELi10EL9ap_q_mode5EL9a_563 = load i20 %p_ZZN4nnet22compute_pool_buffer_2dINS_5arrayI8ap_fixedILi20ELi10EL9ap_q_mode5EL9a_91" [firmware/nnet_utils/nnet_pooling_stream.h:63->firmware/nnet_utils/nnet_pooling_stream.h:115]   --->   Operation 383 'load' 'p_ZZN4nnet22compute_pool_buffer_2dINS_5arrayI8ap_fixedILi20ELi10EL9ap_q_mode5EL9a_563' <Predicate = (icmp_ln55 & and_ln55_1)> <Delay = 0.00>
ST_3 : Operation 384 [1/1] (2.19ns)   --->   "%icmp_ln66_72 = icmp_slt  i20 %void_compute_pool_buffer_2d_array_const_ap_shift_reg_n_filt_stream_kernel_28, i20 %p_ZZN4nnet22compute_pool_buffer_2dINS_5arrayI8ap_fixedILi20ELi10EL9ap_q_mode5EL9a_555" [firmware/nnet_utils/nnet_common.h:66->firmware/nnet_utils/nnet_common.h:44->firmware/nnet_utils/nnet_common.h:46->firmware/nnet_utils/nnet_common.h:46->firmware/nnet_utils/nnet_common.h:46->firmware/nnet_utils/nnet_pooling_stream.h:21->firmware/nnet_utils/nnet_pooling_stream.h:68->firmware/nnet_utils/nnet_pooling_stream.h:115]   --->   Operation 384 'icmp' 'icmp_ln66_72' <Predicate = (icmp_ln55 & and_ln55_1)> <Delay = 2.19> <CoreInst = "Cmp">   --->   Core 9 'Cmp' <Latency = 0> <II = 1> <Delay = 2.19> <FuncUnit> <Opcode : 'seteq' 'setne' 'setle' 'setge' 'setlt' 'setgt'> <InPorts = 2> <OutPorts = 1>
ST_3 : Operation 385 [1/1] (0.00ns) (grouped into LUT with out node select_ln0_64)   --->   "%xor_ln66_72 = xor i1 %icmp_ln66_72, i1 1" [firmware/nnet_utils/nnet_common.h:66->firmware/nnet_utils/nnet_common.h:44->firmware/nnet_utils/nnet_common.h:46->firmware/nnet_utils/nnet_common.h:46->firmware/nnet_utils/nnet_common.h:46->firmware/nnet_utils/nnet_pooling_stream.h:21->firmware/nnet_utils/nnet_pooling_stream.h:68->firmware/nnet_utils/nnet_pooling_stream.h:115]   --->   Operation 385 'xor' 'xor_ln66_72' <Predicate = (icmp_ln55 & and_ln55_1)> <Delay = 0.00> <CoreInst = "LogicGate">   --->   Core 74 'LogicGate' <Latency = 0> <II = 1> <Delay = 0.97> <FuncUnit> <Opcode : 'and' 'or' 'xor'> <InPorts = 2> <OutPorts = 1>
ST_3 : Operation 386 [1/1] (0.97ns) (out node of the LUT)   --->   "%select_ln0_64 = select i1 %xor_ln66_72, i20 %void_compute_pool_buffer_2d_array_const_ap_shift_reg_n_filt_stream_kernel_28, i20 %p_ZZN4nnet22compute_pool_buffer_2dINS_5arrayI8ap_fixedILi20ELi10EL9ap_q_mode5EL9a_555" [firmware/nnet_utils/nnet_common.h:0->firmware/nnet_utils/nnet_common.h:46->firmware/nnet_utils/nnet_common.h:46->firmware/nnet_utils/nnet_common.h:46->firmware/nnet_utils/nnet_pooling_stream.h:21->firmware/nnet_utils/nnet_pooling_stream.h:68->firmware/nnet_utils/nnet_pooling_stream.h:115]   --->   Operation 386 'select' 'select_ln0_64' <Predicate = (icmp_ln55 & and_ln55_1)> <Delay = 0.97> <CoreInst = "Sel">   --->   Core 73 'Sel' <Latency = 0> <II = 1> <Delay = 0.70> <FuncUnit> <Opcode : 'select'> <InPorts = 3> <OutPorts = 1>
ST_3 : Operation 387 [1/1] (2.19ns)   --->   "%icmp_ln66_73 = icmp_slt  i20 %p_ZZN4nnet22compute_pool_buffer_2dINS_5arrayI8ap_fixedILi20ELi10EL9ap_q_mode5EL9a_556, i20 %p_ZZN4nnet22compute_pool_buffer_2dINS_5arrayI8ap_fixedILi20ELi10EL9ap_q_mode5EL9a_557" [firmware/nnet_utils/nnet_common.h:66->firmware/nnet_utils/nnet_common.h:44->firmware/nnet_utils/nnet_common.h:46->firmware/nnet_utils/nnet_common.h:46->firmware/nnet_utils/nnet_common.h:46->firmware/nnet_utils/nnet_pooling_stream.h:21->firmware/nnet_utils/nnet_pooling_stream.h:68->firmware/nnet_utils/nnet_pooling_stream.h:115]   --->   Operation 387 'icmp' 'icmp_ln66_73' <Predicate = (icmp_ln55 & and_ln55_1)> <Delay = 2.19> <CoreInst = "Cmp">   --->   Core 9 'Cmp' <Latency = 0> <II = 1> <Delay = 2.19> <FuncUnit> <Opcode : 'seteq' 'setne' 'setle' 'setge' 'setlt' 'setgt'> <InPorts = 2> <OutPorts = 1>
ST_3 : Operation 388 [1/1] (0.00ns) (grouped into LUT with out node select_ln0_65)   --->   "%xor_ln66_73 = xor i1 %icmp_ln66_73, i1 1" [firmware/nnet_utils/nnet_common.h:66->firmware/nnet_utils/nnet_common.h:44->firmware/nnet_utils/nnet_common.h:46->firmware/nnet_utils/nnet_common.h:46->firmware/nnet_utils/nnet_common.h:46->firmware/nnet_utils/nnet_pooling_stream.h:21->firmware/nnet_utils/nnet_pooling_stream.h:68->firmware/nnet_utils/nnet_pooling_stream.h:115]   --->   Operation 388 'xor' 'xor_ln66_73' <Predicate = (icmp_ln55 & and_ln55_1)> <Delay = 0.00> <CoreInst = "LogicGate">   --->   Core 74 'LogicGate' <Latency = 0> <II = 1> <Delay = 0.97> <FuncUnit> <Opcode : 'and' 'or' 'xor'> <InPorts = 2> <OutPorts = 1>
ST_3 : Operation 389 [1/1] (0.97ns) (out node of the LUT)   --->   "%select_ln0_65 = select i1 %xor_ln66_73, i20 %p_ZZN4nnet22compute_pool_buffer_2dINS_5arrayI8ap_fixedILi20ELi10EL9ap_q_mode5EL9a_556, i20 %p_ZZN4nnet22compute_pool_buffer_2dINS_5arrayI8ap_fixedILi20ELi10EL9ap_q_mode5EL9a_557" [firmware/nnet_utils/nnet_common.h:0->firmware/nnet_utils/nnet_common.h:46->firmware/nnet_utils/nnet_common.h:46->firmware/nnet_utils/nnet_common.h:46->firmware/nnet_utils/nnet_pooling_stream.h:21->firmware/nnet_utils/nnet_pooling_stream.h:68->firmware/nnet_utils/nnet_pooling_stream.h:115]   --->   Operation 389 'select' 'select_ln0_65' <Predicate = (icmp_ln55 & and_ln55_1)> <Delay = 0.97> <CoreInst = "Sel">   --->   Core 73 'Sel' <Latency = 0> <II = 1> <Delay = 0.70> <FuncUnit> <Opcode : 'select'> <InPorts = 3> <OutPorts = 1>
ST_3 : Operation 390 [1/1] (2.19ns)   --->   "%icmp_ln66_74 = icmp_slt  i20 %select_ln0_64, i20 %select_ln0_65" [firmware/nnet_utils/nnet_common.h:66->firmware/nnet_utils/nnet_common.h:46->firmware/nnet_utils/nnet_common.h:46->firmware/nnet_utils/nnet_common.h:46->firmware/nnet_utils/nnet_pooling_stream.h:21->firmware/nnet_utils/nnet_pooling_stream.h:68->firmware/nnet_utils/nnet_pooling_stream.h:115]   --->   Operation 390 'icmp' 'icmp_ln66_74' <Predicate = (icmp_ln55 & and_ln55_1)> <Delay = 2.19> <CoreInst = "Cmp">   --->   Core 9 'Cmp' <Latency = 0> <II = 1> <Delay = 2.19> <FuncUnit> <Opcode : 'seteq' 'setne' 'setle' 'setge' 'setlt' 'setgt'> <InPorts = 2> <OutPorts = 1>
ST_3 : Operation 391 [1/1] (0.00ns) (grouped into LUT with out node select_ln0_66)   --->   "%xor_ln66_74 = xor i1 %icmp_ln66_74, i1 1" [firmware/nnet_utils/nnet_common.h:66->firmware/nnet_utils/nnet_common.h:46->firmware/nnet_utils/nnet_common.h:46->firmware/nnet_utils/nnet_common.h:46->firmware/nnet_utils/nnet_pooling_stream.h:21->firmware/nnet_utils/nnet_pooling_stream.h:68->firmware/nnet_utils/nnet_pooling_stream.h:115]   --->   Operation 391 'xor' 'xor_ln66_74' <Predicate = (icmp_ln55 & and_ln55_1)> <Delay = 0.00> <CoreInst = "LogicGate">   --->   Core 74 'LogicGate' <Latency = 0> <II = 1> <Delay = 0.97> <FuncUnit> <Opcode : 'and' 'or' 'xor'> <InPorts = 2> <OutPorts = 1>
ST_3 : Operation 392 [1/1] (0.97ns) (out node of the LUT)   --->   "%select_ln0_66 = select i1 %xor_ln66_74, i20 %select_ln0_64, i20 %select_ln0_65" [firmware/nnet_utils/nnet_common.h:0->firmware/nnet_utils/nnet_common.h:46->firmware/nnet_utils/nnet_common.h:46->firmware/nnet_utils/nnet_pooling_stream.h:21->firmware/nnet_utils/nnet_pooling_stream.h:68->firmware/nnet_utils/nnet_pooling_stream.h:115]   --->   Operation 392 'select' 'select_ln0_66' <Predicate = (icmp_ln55 & and_ln55_1)> <Delay = 0.97> <CoreInst = "Sel">   --->   Core 73 'Sel' <Latency = 0> <II = 1> <Delay = 0.70> <FuncUnit> <Opcode : 'select'> <InPorts = 3> <OutPorts = 1>
ST_3 : Operation 393 [1/1] (2.19ns)   --->   "%icmp_ln66_75 = icmp_slt  i20 %p_ZZN4nnet22compute_pool_buffer_2dINS_5arrayI8ap_fixedILi20ELi10EL9ap_q_mode5EL9a_558, i20 %p_ZZN4nnet22compute_pool_buffer_2dINS_5arrayI8ap_fixedILi20ELi10EL9ap_q_mode5EL9a_559" [firmware/nnet_utils/nnet_common.h:66->firmware/nnet_utils/nnet_common.h:44->firmware/nnet_utils/nnet_common.h:46->firmware/nnet_utils/nnet_common.h:46->firmware/nnet_utils/nnet_common.h:46->firmware/nnet_utils/nnet_pooling_stream.h:21->firmware/nnet_utils/nnet_pooling_stream.h:68->firmware/nnet_utils/nnet_pooling_stream.h:115]   --->   Operation 393 'icmp' 'icmp_ln66_75' <Predicate = (icmp_ln55 & and_ln55_1)> <Delay = 2.19> <CoreInst = "Cmp">   --->   Core 9 'Cmp' <Latency = 0> <II = 1> <Delay = 2.19> <FuncUnit> <Opcode : 'seteq' 'setne' 'setle' 'setge' 'setlt' 'setgt'> <InPorts = 2> <OutPorts = 1>
ST_3 : Operation 394 [1/1] (0.00ns) (grouped into LUT with out node select_ln0_67)   --->   "%xor_ln66_75 = xor i1 %icmp_ln66_75, i1 1" [firmware/nnet_utils/nnet_common.h:66->firmware/nnet_utils/nnet_common.h:44->firmware/nnet_utils/nnet_common.h:46->firmware/nnet_utils/nnet_common.h:46->firmware/nnet_utils/nnet_common.h:46->firmware/nnet_utils/nnet_pooling_stream.h:21->firmware/nnet_utils/nnet_pooling_stream.h:68->firmware/nnet_utils/nnet_pooling_stream.h:115]   --->   Operation 394 'xor' 'xor_ln66_75' <Predicate = (icmp_ln55 & and_ln55_1)> <Delay = 0.00> <CoreInst = "LogicGate">   --->   Core 74 'LogicGate' <Latency = 0> <II = 1> <Delay = 0.97> <FuncUnit> <Opcode : 'and' 'or' 'xor'> <InPorts = 2> <OutPorts = 1>
ST_3 : Operation 395 [1/1] (0.97ns) (out node of the LUT)   --->   "%select_ln0_67 = select i1 %xor_ln66_75, i20 %p_ZZN4nnet22compute_pool_buffer_2dINS_5arrayI8ap_fixedILi20ELi10EL9ap_q_mode5EL9a_558, i20 %p_ZZN4nnet22compute_pool_buffer_2dINS_5arrayI8ap_fixedILi20ELi10EL9ap_q_mode5EL9a_559" [firmware/nnet_utils/nnet_common.h:0->firmware/nnet_utils/nnet_common.h:46->firmware/nnet_utils/nnet_common.h:46->firmware/nnet_utils/nnet_common.h:46->firmware/nnet_utils/nnet_pooling_stream.h:21->firmware/nnet_utils/nnet_pooling_stream.h:68->firmware/nnet_utils/nnet_pooling_stream.h:115]   --->   Operation 395 'select' 'select_ln0_67' <Predicate = (icmp_ln55 & and_ln55_1)> <Delay = 0.97> <CoreInst = "Sel">   --->   Core 73 'Sel' <Latency = 0> <II = 1> <Delay = 0.70> <FuncUnit> <Opcode : 'select'> <InPorts = 3> <OutPorts = 1>
ST_3 : Operation 396 [1/1] (2.19ns)   --->   "%icmp_ln66_76 = icmp_slt  i20 %p_ZZN4nnet22compute_pool_buffer_2dINS_5arrayI8ap_fixedILi20ELi10EL9ap_q_mode5EL9a_560, i20 %p_ZZN4nnet22compute_pool_buffer_2dINS_5arrayI8ap_fixedILi20ELi10EL9ap_q_mode5EL9a_561" [firmware/nnet_utils/nnet_common.h:66->firmware/nnet_utils/nnet_common.h:44->firmware/nnet_utils/nnet_common.h:46->firmware/nnet_utils/nnet_common.h:46->firmware/nnet_utils/nnet_common.h:46->firmware/nnet_utils/nnet_pooling_stream.h:21->firmware/nnet_utils/nnet_pooling_stream.h:68->firmware/nnet_utils/nnet_pooling_stream.h:115]   --->   Operation 396 'icmp' 'icmp_ln66_76' <Predicate = (icmp_ln55 & and_ln55_1)> <Delay = 2.19> <CoreInst = "Cmp">   --->   Core 9 'Cmp' <Latency = 0> <II = 1> <Delay = 2.19> <FuncUnit> <Opcode : 'seteq' 'setne' 'setle' 'setge' 'setlt' 'setgt'> <InPorts = 2> <OutPorts = 1>
ST_3 : Operation 397 [1/1] (0.00ns) (grouped into LUT with out node select_ln0_68)   --->   "%xor_ln66_76 = xor i1 %icmp_ln66_76, i1 1" [firmware/nnet_utils/nnet_common.h:66->firmware/nnet_utils/nnet_common.h:44->firmware/nnet_utils/nnet_common.h:46->firmware/nnet_utils/nnet_common.h:46->firmware/nnet_utils/nnet_common.h:46->firmware/nnet_utils/nnet_pooling_stream.h:21->firmware/nnet_utils/nnet_pooling_stream.h:68->firmware/nnet_utils/nnet_pooling_stream.h:115]   --->   Operation 397 'xor' 'xor_ln66_76' <Predicate = (icmp_ln55 & and_ln55_1)> <Delay = 0.00> <CoreInst = "LogicGate">   --->   Core 74 'LogicGate' <Latency = 0> <II = 1> <Delay = 0.97> <FuncUnit> <Opcode : 'and' 'or' 'xor'> <InPorts = 2> <OutPorts = 1>
ST_3 : Operation 398 [1/1] (0.97ns) (out node of the LUT)   --->   "%select_ln0_68 = select i1 %xor_ln66_76, i20 %p_ZZN4nnet22compute_pool_buffer_2dINS_5arrayI8ap_fixedILi20ELi10EL9ap_q_mode5EL9a_560, i20 %p_ZZN4nnet22compute_pool_buffer_2dINS_5arrayI8ap_fixedILi20ELi10EL9ap_q_mode5EL9a_561" [firmware/nnet_utils/nnet_common.h:0->firmware/nnet_utils/nnet_common.h:46->firmware/nnet_utils/nnet_common.h:46->firmware/nnet_utils/nnet_common.h:46->firmware/nnet_utils/nnet_pooling_stream.h:21->firmware/nnet_utils/nnet_pooling_stream.h:68->firmware/nnet_utils/nnet_pooling_stream.h:115]   --->   Operation 398 'select' 'select_ln0_68' <Predicate = (icmp_ln55 & and_ln55_1)> <Delay = 0.97> <CoreInst = "Sel">   --->   Core 73 'Sel' <Latency = 0> <II = 1> <Delay = 0.70> <FuncUnit> <Opcode : 'select'> <InPorts = 3> <OutPorts = 1>
ST_3 : Operation 399 [1/1] (2.19ns)   --->   "%icmp_ln66_77 = icmp_slt  i20 %select_ln0_67, i20 %select_ln0_68" [firmware/nnet_utils/nnet_common.h:66->firmware/nnet_utils/nnet_common.h:46->firmware/nnet_utils/nnet_common.h:46->firmware/nnet_utils/nnet_common.h:46->firmware/nnet_utils/nnet_pooling_stream.h:21->firmware/nnet_utils/nnet_pooling_stream.h:68->firmware/nnet_utils/nnet_pooling_stream.h:115]   --->   Operation 399 'icmp' 'icmp_ln66_77' <Predicate = (icmp_ln55 & and_ln55_1)> <Delay = 2.19> <CoreInst = "Cmp">   --->   Core 9 'Cmp' <Latency = 0> <II = 1> <Delay = 2.19> <FuncUnit> <Opcode : 'seteq' 'setne' 'setle' 'setge' 'setlt' 'setgt'> <InPorts = 2> <OutPorts = 1>
ST_3 : Operation 400 [1/1] (0.00ns) (grouped into LUT with out node select_ln0_69)   --->   "%xor_ln66_77 = xor i1 %icmp_ln66_77, i1 1" [firmware/nnet_utils/nnet_common.h:66->firmware/nnet_utils/nnet_common.h:46->firmware/nnet_utils/nnet_common.h:46->firmware/nnet_utils/nnet_common.h:46->firmware/nnet_utils/nnet_pooling_stream.h:21->firmware/nnet_utils/nnet_pooling_stream.h:68->firmware/nnet_utils/nnet_pooling_stream.h:115]   --->   Operation 400 'xor' 'xor_ln66_77' <Predicate = (icmp_ln55 & and_ln55_1)> <Delay = 0.00> <CoreInst = "LogicGate">   --->   Core 74 'LogicGate' <Latency = 0> <II = 1> <Delay = 0.97> <FuncUnit> <Opcode : 'and' 'or' 'xor'> <InPorts = 2> <OutPorts = 1>
ST_3 : Operation 401 [1/1] (0.97ns) (out node of the LUT)   --->   "%select_ln0_69 = select i1 %xor_ln66_77, i20 %select_ln0_67, i20 %select_ln0_68" [firmware/nnet_utils/nnet_common.h:0->firmware/nnet_utils/nnet_common.h:46->firmware/nnet_utils/nnet_common.h:46->firmware/nnet_utils/nnet_pooling_stream.h:21->firmware/nnet_utils/nnet_pooling_stream.h:68->firmware/nnet_utils/nnet_pooling_stream.h:115]   --->   Operation 401 'select' 'select_ln0_69' <Predicate = (icmp_ln55 & and_ln55_1)> <Delay = 0.97> <CoreInst = "Sel">   --->   Core 73 'Sel' <Latency = 0> <II = 1> <Delay = 0.70> <FuncUnit> <Opcode : 'select'> <InPorts = 3> <OutPorts = 1>
ST_3 : Operation 402 [1/1] (2.19ns)   --->   "%icmp_ln66_78 = icmp_slt  i20 %select_ln0_66, i20 %select_ln0_69" [firmware/nnet_utils/nnet_common.h:66->firmware/nnet_utils/nnet_common.h:46->firmware/nnet_utils/nnet_common.h:46->firmware/nnet_utils/nnet_pooling_stream.h:21->firmware/nnet_utils/nnet_pooling_stream.h:68->firmware/nnet_utils/nnet_pooling_stream.h:115]   --->   Operation 402 'icmp' 'icmp_ln66_78' <Predicate = (icmp_ln55 & and_ln55_1)> <Delay = 2.19> <CoreInst = "Cmp">   --->   Core 9 'Cmp' <Latency = 0> <II = 1> <Delay = 2.19> <FuncUnit> <Opcode : 'seteq' 'setne' 'setle' 'setge' 'setlt' 'setgt'> <InPorts = 2> <OutPorts = 1>
ST_3 : Operation 403 [1/1] (0.00ns) (grouped into LUT with out node select_ln0_70)   --->   "%xor_ln66_78 = xor i1 %icmp_ln66_78, i1 1" [firmware/nnet_utils/nnet_common.h:66->firmware/nnet_utils/nnet_common.h:46->firmware/nnet_utils/nnet_common.h:46->firmware/nnet_utils/nnet_pooling_stream.h:21->firmware/nnet_utils/nnet_pooling_stream.h:68->firmware/nnet_utils/nnet_pooling_stream.h:115]   --->   Operation 403 'xor' 'xor_ln66_78' <Predicate = (icmp_ln55 & and_ln55_1)> <Delay = 0.00> <CoreInst = "LogicGate">   --->   Core 74 'LogicGate' <Latency = 0> <II = 1> <Delay = 0.97> <FuncUnit> <Opcode : 'and' 'or' 'xor'> <InPorts = 2> <OutPorts = 1>
ST_3 : Operation 404 [1/1] (0.97ns) (out node of the LUT)   --->   "%select_ln0_70 = select i1 %xor_ln66_78, i20 %select_ln0_66, i20 %select_ln0_69" [firmware/nnet_utils/nnet_common.h:0->firmware/nnet_utils/nnet_common.h:46->firmware/nnet_utils/nnet_pooling_stream.h:21->firmware/nnet_utils/nnet_pooling_stream.h:68->firmware/nnet_utils/nnet_pooling_stream.h:115]   --->   Operation 404 'select' 'select_ln0_70' <Predicate = (icmp_ln55 & and_ln55_1)> <Delay = 0.97> <CoreInst = "Sel">   --->   Core 73 'Sel' <Latency = 0> <II = 1> <Delay = 0.70> <FuncUnit> <Opcode : 'select'> <InPorts = 3> <OutPorts = 1>
ST_3 : Operation 405 [1/1] (2.19ns)   --->   "%icmp_ln66_79 = icmp_slt  i20 %p_ZZN4nnet22compute_pool_buffer_2dINS_5arrayI8ap_fixedILi20ELi10EL9ap_q_mode5EL9a_562, i20 %p_ZZN4nnet22compute_pool_buffer_2dINS_5arrayI8ap_fixedILi20ELi10EL9ap_q_mode5EL9a_563" [firmware/nnet_utils/nnet_common.h:66->firmware/nnet_utils/nnet_common.h:44->firmware/nnet_utils/nnet_common.h:46->firmware/nnet_utils/nnet_pooling_stream.h:21->firmware/nnet_utils/nnet_pooling_stream.h:68->firmware/nnet_utils/nnet_pooling_stream.h:115]   --->   Operation 405 'icmp' 'icmp_ln66_79' <Predicate = (icmp_ln55 & and_ln55_1)> <Delay = 2.19> <CoreInst = "Cmp">   --->   Core 9 'Cmp' <Latency = 0> <II = 1> <Delay = 2.19> <FuncUnit> <Opcode : 'seteq' 'setne' 'setle' 'setge' 'setlt' 'setgt'> <InPorts = 2> <OutPorts = 1>
ST_3 : Operation 406 [1/1] (0.00ns) (grouped into LUT with out node select_ln0_71)   --->   "%xor_ln66_79 = xor i1 %icmp_ln66_79, i1 1" [firmware/nnet_utils/nnet_common.h:66->firmware/nnet_utils/nnet_common.h:44->firmware/nnet_utils/nnet_common.h:46->firmware/nnet_utils/nnet_pooling_stream.h:21->firmware/nnet_utils/nnet_pooling_stream.h:68->firmware/nnet_utils/nnet_pooling_stream.h:115]   --->   Operation 406 'xor' 'xor_ln66_79' <Predicate = (icmp_ln55 & and_ln55_1)> <Delay = 0.00> <CoreInst = "LogicGate">   --->   Core 74 'LogicGate' <Latency = 0> <II = 1> <Delay = 0.97> <FuncUnit> <Opcode : 'and' 'or' 'xor'> <InPorts = 2> <OutPorts = 1>
ST_3 : Operation 407 [1/1] (0.97ns) (out node of the LUT)   --->   "%select_ln0_71 = select i1 %xor_ln66_79, i20 %p_ZZN4nnet22compute_pool_buffer_2dINS_5arrayI8ap_fixedILi20ELi10EL9ap_q_mode5EL9a_562, i20 %p_ZZN4nnet22compute_pool_buffer_2dINS_5arrayI8ap_fixedILi20ELi10EL9ap_q_mode5EL9a_563" [firmware/nnet_utils/nnet_common.h:0->firmware/nnet_utils/nnet_common.h:46->firmware/nnet_utils/nnet_pooling_stream.h:21->firmware/nnet_utils/nnet_pooling_stream.h:68->firmware/nnet_utils/nnet_pooling_stream.h:115]   --->   Operation 407 'select' 'select_ln0_71' <Predicate = (icmp_ln55 & and_ln55_1)> <Delay = 0.97> <CoreInst = "Sel">   --->   Core 73 'Sel' <Latency = 0> <II = 1> <Delay = 0.70> <FuncUnit> <Opcode : 'select'> <InPorts = 3> <OutPorts = 1>
ST_3 : Operation 408 [1/1] (2.19ns)   --->   "%icmp_ln66_80 = icmp_slt  i20 %select_ln0_70, i20 %select_ln0_71" [firmware/nnet_utils/nnet_common.h:66->firmware/nnet_utils/nnet_common.h:46->firmware/nnet_utils/nnet_pooling_stream.h:21->firmware/nnet_utils/nnet_pooling_stream.h:68->firmware/nnet_utils/nnet_pooling_stream.h:115]   --->   Operation 408 'icmp' 'icmp_ln66_80' <Predicate = (icmp_ln55 & and_ln55_1)> <Delay = 2.19> <CoreInst = "Cmp">   --->   Core 9 'Cmp' <Latency = 0> <II = 1> <Delay = 2.19> <FuncUnit> <Opcode : 'seteq' 'setne' 'setle' 'setge' 'setlt' 'setgt'> <InPorts = 2> <OutPorts = 1>
ST_3 : Operation 409 [1/1] (0.00ns) (grouped into LUT with out node res_pack_8)   --->   "%xor_ln66_80 = xor i1 %icmp_ln66_80, i1 1" [firmware/nnet_utils/nnet_common.h:66->firmware/nnet_utils/nnet_common.h:46->firmware/nnet_utils/nnet_pooling_stream.h:21->firmware/nnet_utils/nnet_pooling_stream.h:68->firmware/nnet_utils/nnet_pooling_stream.h:115]   --->   Operation 409 'xor' 'xor_ln66_80' <Predicate = (icmp_ln55 & and_ln55_1)> <Delay = 0.00> <CoreInst = "LogicGate">   --->   Core 74 'LogicGate' <Latency = 0> <II = 1> <Delay = 0.97> <FuncUnit> <Opcode : 'and' 'or' 'xor'> <InPorts = 2> <OutPorts = 1>
ST_3 : Operation 410 [1/1] (0.97ns) (out node of the LUT)   --->   "%res_pack_8 = select i1 %xor_ln66_80, i20 %select_ln0_70, i20 %select_ln0_71" [firmware/nnet_utils/nnet_pooling_stream.h:67->firmware/nnet_utils/nnet_pooling_stream.h:115]   --->   Operation 410 'select' 'res_pack_8' <Predicate = (icmp_ln55 & and_ln55_1)> <Delay = 0.97> <CoreInst = "Sel">   --->   Core 73 'Sel' <Latency = 0> <II = 1> <Delay = 0.70> <FuncUnit> <Opcode : 'select'> <InPorts = 3> <OutPorts = 1>
ST_3 : Operation 411 [1/1] (0.00ns)   --->   "%void_compute_pool_buffer_2d_array_const_ap_shift_reg_n_filt_stream_kernel_29 = load i20 %void_compute_pool_buffer_2d_array_const_ap_shift_reg_n_filt_stream_kernel" [firmware/nnet_utils/nnet_pooling_stream.h:63->firmware/nnet_utils/nnet_pooling_stream.h:115]   --->   Operation 411 'load' 'void_compute_pool_buffer_2d_array_const_ap_shift_reg_n_filt_stream_kernel_29' <Predicate = (icmp_ln55 & and_ln55_1)> <Delay = 0.00>
ST_3 : Operation 412 [1/1] (0.00ns)   --->   "%p_ZZN4nnet22compute_pool_buffer_2dINS_5arrayI8ap_fixedILi20ELi10EL9ap_q_mode5EL9a_564 = load i20 %p_ZZN4nnet22compute_pool_buffer_2dINS_5arrayI8ap_fixedILi20ELi10EL9ap_q_mode5EL9a_72" [firmware/nnet_utils/nnet_pooling_stream.h:63->firmware/nnet_utils/nnet_pooling_stream.h:115]   --->   Operation 412 'load' 'p_ZZN4nnet22compute_pool_buffer_2dINS_5arrayI8ap_fixedILi20ELi10EL9ap_q_mode5EL9a_564' <Predicate = (icmp_ln55 & and_ln55_1)> <Delay = 0.00>
ST_3 : Operation 413 [1/1] (0.00ns)   --->   "%p_ZZN4nnet22compute_pool_buffer_2dINS_5arrayI8ap_fixedILi20ELi10EL9ap_q_mode5EL9a_565 = load i20 %p_ZZN4nnet22compute_pool_buffer_2dINS_5arrayI8ap_fixedILi20ELi10EL9ap_q_mode5EL9a_54" [firmware/nnet_utils/nnet_pooling_stream.h:63->firmware/nnet_utils/nnet_pooling_stream.h:115]   --->   Operation 413 'load' 'p_ZZN4nnet22compute_pool_buffer_2dINS_5arrayI8ap_fixedILi20ELi10EL9ap_q_mode5EL9a_565' <Predicate = (icmp_ln55 & and_ln55_1)> <Delay = 0.00>
ST_3 : Operation 414 [1/1] (0.00ns)   --->   "%p_ZZN4nnet22compute_pool_buffer_2dINS_5arrayI8ap_fixedILi20ELi10EL9ap_q_mode5EL9a_566 = load i20 %p_ZZN4nnet22compute_pool_buffer_2dINS_5arrayI8ap_fixedILi20ELi10EL9ap_q_mode5EL9a_36" [firmware/nnet_utils/nnet_pooling_stream.h:63->firmware/nnet_utils/nnet_pooling_stream.h:115]   --->   Operation 414 'load' 'p_ZZN4nnet22compute_pool_buffer_2dINS_5arrayI8ap_fixedILi20ELi10EL9ap_q_mode5EL9a_566' <Predicate = (icmp_ln55 & and_ln55_1)> <Delay = 0.00>
ST_3 : Operation 415 [1/1] (0.00ns)   --->   "%p_ZZN4nnet22compute_pool_buffer_2dINS_5arrayI8ap_fixedILi20ELi10EL9ap_q_mode5EL9a_567 = load i20 %p_ZZN4nnet22compute_pool_buffer_2dINS_5arrayI8ap_fixedILi20ELi10EL9ap_q_mode5EL9a_18" [firmware/nnet_utils/nnet_pooling_stream.h:63->firmware/nnet_utils/nnet_pooling_stream.h:115]   --->   Operation 415 'load' 'p_ZZN4nnet22compute_pool_buffer_2dINS_5arrayI8ap_fixedILi20ELi10EL9ap_q_mode5EL9a_567' <Predicate = (icmp_ln55 & and_ln55_1)> <Delay = 0.00>
ST_3 : Operation 416 [1/1] (0.00ns)   --->   "%p_ZZN4nnet22compute_pool_buffer_2dINS_5arrayI8ap_fixedILi20ELi10EL9ap_q_mode5EL9a_568 = load i20 %p_ZZN4nnet22compute_pool_buffer_2dINS_5arrayI8ap_fixedILi20ELi10EL9ap_q_mode5EL9a" [firmware/nnet_utils/nnet_pooling_stream.h:63->firmware/nnet_utils/nnet_pooling_stream.h:115]   --->   Operation 416 'load' 'p_ZZN4nnet22compute_pool_buffer_2dINS_5arrayI8ap_fixedILi20ELi10EL9ap_q_mode5EL9a_568' <Predicate = (icmp_ln55 & and_ln55_1)> <Delay = 0.00>
ST_3 : Operation 417 [1/1] (0.00ns)   --->   "%p_ZZN4nnet22compute_pool_buffer_2dINS_5arrayI8ap_fixedILi20ELi10EL9ap_q_mode5EL9a_569 = load i20 %p_ZZN4nnet22compute_pool_buffer_2dINS_5arrayI8ap_fixedILi20ELi10EL9ap_q_mode5EL9a_264" [firmware/nnet_utils/nnet_pooling_stream.h:63->firmware/nnet_utils/nnet_pooling_stream.h:115]   --->   Operation 417 'load' 'p_ZZN4nnet22compute_pool_buffer_2dINS_5arrayI8ap_fixedILi20ELi10EL9ap_q_mode5EL9a_569' <Predicate = (icmp_ln55 & and_ln55_1)> <Delay = 0.00>
ST_3 : Operation 418 [1/1] (0.00ns)   --->   "%p_ZZN4nnet22compute_pool_buffer_2dINS_5arrayI8ap_fixedILi20ELi10EL9ap_q_mode5EL9a_570 = load i20 %p_ZZN4nnet22compute_pool_buffer_2dINS_5arrayI8ap_fixedILi20ELi10EL9ap_q_mode5EL9a_284" [firmware/nnet_utils/nnet_pooling_stream.h:63->firmware/nnet_utils/nnet_pooling_stream.h:115]   --->   Operation 418 'load' 'p_ZZN4nnet22compute_pool_buffer_2dINS_5arrayI8ap_fixedILi20ELi10EL9ap_q_mode5EL9a_570' <Predicate = (icmp_ln55 & and_ln55_1)> <Delay = 0.00>
ST_3 : Operation 419 [1/1] (0.00ns)   --->   "%p_ZZN4nnet22compute_pool_buffer_2dINS_5arrayI8ap_fixedILi20ELi10EL9ap_q_mode5EL9a_571 = load i20 %p_ZZN4nnet22compute_pool_buffer_2dINS_5arrayI8ap_fixedILi20ELi10EL9ap_q_mode5EL9a_304" [firmware/nnet_utils/nnet_pooling_stream.h:63->firmware/nnet_utils/nnet_pooling_stream.h:115]   --->   Operation 419 'load' 'p_ZZN4nnet22compute_pool_buffer_2dINS_5arrayI8ap_fixedILi20ELi10EL9ap_q_mode5EL9a_571' <Predicate = (icmp_ln55 & and_ln55_1)> <Delay = 0.00>
ST_3 : Operation 420 [1/1] (0.00ns)   --->   "%p_ZZN4nnet22compute_pool_buffer_2dINS_5arrayI8ap_fixedILi20ELi10EL9ap_q_mode5EL9a_572 = load i20 %p_ZZN4nnet22compute_pool_buffer_2dINS_5arrayI8ap_fixedILi20ELi10EL9ap_q_mode5EL9a_90" [firmware/nnet_utils/nnet_pooling_stream.h:63->firmware/nnet_utils/nnet_pooling_stream.h:115]   --->   Operation 420 'load' 'p_ZZN4nnet22compute_pool_buffer_2dINS_5arrayI8ap_fixedILi20ELi10EL9ap_q_mode5EL9a_572' <Predicate = (icmp_ln55 & and_ln55_1)> <Delay = 0.00>
ST_3 : Operation 421 [1/1] (2.19ns)   --->   "%icmp_ln66_81 = icmp_slt  i20 %void_compute_pool_buffer_2d_array_const_ap_shift_reg_n_filt_stream_kernel_29, i20 %p_ZZN4nnet22compute_pool_buffer_2dINS_5arrayI8ap_fixedILi20ELi10EL9ap_q_mode5EL9a_564" [firmware/nnet_utils/nnet_common.h:66->firmware/nnet_utils/nnet_common.h:44->firmware/nnet_utils/nnet_common.h:46->firmware/nnet_utils/nnet_common.h:46->firmware/nnet_utils/nnet_common.h:46->firmware/nnet_utils/nnet_pooling_stream.h:21->firmware/nnet_utils/nnet_pooling_stream.h:68->firmware/nnet_utils/nnet_pooling_stream.h:115]   --->   Operation 421 'icmp' 'icmp_ln66_81' <Predicate = (icmp_ln55 & and_ln55_1)> <Delay = 2.19> <CoreInst = "Cmp">   --->   Core 9 'Cmp' <Latency = 0> <II = 1> <Delay = 2.19> <FuncUnit> <Opcode : 'seteq' 'setne' 'setle' 'setge' 'setlt' 'setgt'> <InPorts = 2> <OutPorts = 1>
ST_3 : Operation 422 [1/1] (0.00ns) (grouped into LUT with out node select_ln0_72)   --->   "%xor_ln66_81 = xor i1 %icmp_ln66_81, i1 1" [firmware/nnet_utils/nnet_common.h:66->firmware/nnet_utils/nnet_common.h:44->firmware/nnet_utils/nnet_common.h:46->firmware/nnet_utils/nnet_common.h:46->firmware/nnet_utils/nnet_common.h:46->firmware/nnet_utils/nnet_pooling_stream.h:21->firmware/nnet_utils/nnet_pooling_stream.h:68->firmware/nnet_utils/nnet_pooling_stream.h:115]   --->   Operation 422 'xor' 'xor_ln66_81' <Predicate = (icmp_ln55 & and_ln55_1)> <Delay = 0.00> <CoreInst = "LogicGate">   --->   Core 74 'LogicGate' <Latency = 0> <II = 1> <Delay = 0.97> <FuncUnit> <Opcode : 'and' 'or' 'xor'> <InPorts = 2> <OutPorts = 1>
ST_3 : Operation 423 [1/1] (0.97ns) (out node of the LUT)   --->   "%select_ln0_72 = select i1 %xor_ln66_81, i20 %void_compute_pool_buffer_2d_array_const_ap_shift_reg_n_filt_stream_kernel_29, i20 %p_ZZN4nnet22compute_pool_buffer_2dINS_5arrayI8ap_fixedILi20ELi10EL9ap_q_mode5EL9a_564" [firmware/nnet_utils/nnet_common.h:0->firmware/nnet_utils/nnet_common.h:46->firmware/nnet_utils/nnet_common.h:46->firmware/nnet_utils/nnet_common.h:46->firmware/nnet_utils/nnet_pooling_stream.h:21->firmware/nnet_utils/nnet_pooling_stream.h:68->firmware/nnet_utils/nnet_pooling_stream.h:115]   --->   Operation 423 'select' 'select_ln0_72' <Predicate = (icmp_ln55 & and_ln55_1)> <Delay = 0.97> <CoreInst = "Sel">   --->   Core 73 'Sel' <Latency = 0> <II = 1> <Delay = 0.70> <FuncUnit> <Opcode : 'select'> <InPorts = 3> <OutPorts = 1>
ST_3 : Operation 424 [1/1] (2.19ns)   --->   "%icmp_ln66_82 = icmp_slt  i20 %p_ZZN4nnet22compute_pool_buffer_2dINS_5arrayI8ap_fixedILi20ELi10EL9ap_q_mode5EL9a_565, i20 %p_ZZN4nnet22compute_pool_buffer_2dINS_5arrayI8ap_fixedILi20ELi10EL9ap_q_mode5EL9a_566" [firmware/nnet_utils/nnet_common.h:66->firmware/nnet_utils/nnet_common.h:44->firmware/nnet_utils/nnet_common.h:46->firmware/nnet_utils/nnet_common.h:46->firmware/nnet_utils/nnet_common.h:46->firmware/nnet_utils/nnet_pooling_stream.h:21->firmware/nnet_utils/nnet_pooling_stream.h:68->firmware/nnet_utils/nnet_pooling_stream.h:115]   --->   Operation 424 'icmp' 'icmp_ln66_82' <Predicate = (icmp_ln55 & and_ln55_1)> <Delay = 2.19> <CoreInst = "Cmp">   --->   Core 9 'Cmp' <Latency = 0> <II = 1> <Delay = 2.19> <FuncUnit> <Opcode : 'seteq' 'setne' 'setle' 'setge' 'setlt' 'setgt'> <InPorts = 2> <OutPorts = 1>
ST_3 : Operation 425 [1/1] (0.00ns) (grouped into LUT with out node select_ln0_73)   --->   "%xor_ln66_82 = xor i1 %icmp_ln66_82, i1 1" [firmware/nnet_utils/nnet_common.h:66->firmware/nnet_utils/nnet_common.h:44->firmware/nnet_utils/nnet_common.h:46->firmware/nnet_utils/nnet_common.h:46->firmware/nnet_utils/nnet_common.h:46->firmware/nnet_utils/nnet_pooling_stream.h:21->firmware/nnet_utils/nnet_pooling_stream.h:68->firmware/nnet_utils/nnet_pooling_stream.h:115]   --->   Operation 425 'xor' 'xor_ln66_82' <Predicate = (icmp_ln55 & and_ln55_1)> <Delay = 0.00> <CoreInst = "LogicGate">   --->   Core 74 'LogicGate' <Latency = 0> <II = 1> <Delay = 0.97> <FuncUnit> <Opcode : 'and' 'or' 'xor'> <InPorts = 2> <OutPorts = 1>
ST_3 : Operation 426 [1/1] (0.97ns) (out node of the LUT)   --->   "%select_ln0_73 = select i1 %xor_ln66_82, i20 %p_ZZN4nnet22compute_pool_buffer_2dINS_5arrayI8ap_fixedILi20ELi10EL9ap_q_mode5EL9a_565, i20 %p_ZZN4nnet22compute_pool_buffer_2dINS_5arrayI8ap_fixedILi20ELi10EL9ap_q_mode5EL9a_566" [firmware/nnet_utils/nnet_common.h:0->firmware/nnet_utils/nnet_common.h:46->firmware/nnet_utils/nnet_common.h:46->firmware/nnet_utils/nnet_common.h:46->firmware/nnet_utils/nnet_pooling_stream.h:21->firmware/nnet_utils/nnet_pooling_stream.h:68->firmware/nnet_utils/nnet_pooling_stream.h:115]   --->   Operation 426 'select' 'select_ln0_73' <Predicate = (icmp_ln55 & and_ln55_1)> <Delay = 0.97> <CoreInst = "Sel">   --->   Core 73 'Sel' <Latency = 0> <II = 1> <Delay = 0.70> <FuncUnit> <Opcode : 'select'> <InPorts = 3> <OutPorts = 1>
ST_3 : Operation 427 [1/1] (2.19ns)   --->   "%icmp_ln66_83 = icmp_slt  i20 %select_ln0_72, i20 %select_ln0_73" [firmware/nnet_utils/nnet_common.h:66->firmware/nnet_utils/nnet_common.h:46->firmware/nnet_utils/nnet_common.h:46->firmware/nnet_utils/nnet_common.h:46->firmware/nnet_utils/nnet_pooling_stream.h:21->firmware/nnet_utils/nnet_pooling_stream.h:68->firmware/nnet_utils/nnet_pooling_stream.h:115]   --->   Operation 427 'icmp' 'icmp_ln66_83' <Predicate = (icmp_ln55 & and_ln55_1)> <Delay = 2.19> <CoreInst = "Cmp">   --->   Core 9 'Cmp' <Latency = 0> <II = 1> <Delay = 2.19> <FuncUnit> <Opcode : 'seteq' 'setne' 'setle' 'setge' 'setlt' 'setgt'> <InPorts = 2> <OutPorts = 1>
ST_3 : Operation 428 [1/1] (0.00ns) (grouped into LUT with out node select_ln0_74)   --->   "%xor_ln66_83 = xor i1 %icmp_ln66_83, i1 1" [firmware/nnet_utils/nnet_common.h:66->firmware/nnet_utils/nnet_common.h:46->firmware/nnet_utils/nnet_common.h:46->firmware/nnet_utils/nnet_common.h:46->firmware/nnet_utils/nnet_pooling_stream.h:21->firmware/nnet_utils/nnet_pooling_stream.h:68->firmware/nnet_utils/nnet_pooling_stream.h:115]   --->   Operation 428 'xor' 'xor_ln66_83' <Predicate = (icmp_ln55 & and_ln55_1)> <Delay = 0.00> <CoreInst = "LogicGate">   --->   Core 74 'LogicGate' <Latency = 0> <II = 1> <Delay = 0.97> <FuncUnit> <Opcode : 'and' 'or' 'xor'> <InPorts = 2> <OutPorts = 1>
ST_3 : Operation 429 [1/1] (0.97ns) (out node of the LUT)   --->   "%select_ln0_74 = select i1 %xor_ln66_83, i20 %select_ln0_72, i20 %select_ln0_73" [firmware/nnet_utils/nnet_common.h:0->firmware/nnet_utils/nnet_common.h:46->firmware/nnet_utils/nnet_common.h:46->firmware/nnet_utils/nnet_pooling_stream.h:21->firmware/nnet_utils/nnet_pooling_stream.h:68->firmware/nnet_utils/nnet_pooling_stream.h:115]   --->   Operation 429 'select' 'select_ln0_74' <Predicate = (icmp_ln55 & and_ln55_1)> <Delay = 0.97> <CoreInst = "Sel">   --->   Core 73 'Sel' <Latency = 0> <II = 1> <Delay = 0.70> <FuncUnit> <Opcode : 'select'> <InPorts = 3> <OutPorts = 1>
ST_3 : Operation 430 [1/1] (2.19ns)   --->   "%icmp_ln66_84 = icmp_slt  i20 %p_ZZN4nnet22compute_pool_buffer_2dINS_5arrayI8ap_fixedILi20ELi10EL9ap_q_mode5EL9a_567, i20 %p_ZZN4nnet22compute_pool_buffer_2dINS_5arrayI8ap_fixedILi20ELi10EL9ap_q_mode5EL9a_568" [firmware/nnet_utils/nnet_common.h:66->firmware/nnet_utils/nnet_common.h:44->firmware/nnet_utils/nnet_common.h:46->firmware/nnet_utils/nnet_common.h:46->firmware/nnet_utils/nnet_common.h:46->firmware/nnet_utils/nnet_pooling_stream.h:21->firmware/nnet_utils/nnet_pooling_stream.h:68->firmware/nnet_utils/nnet_pooling_stream.h:115]   --->   Operation 430 'icmp' 'icmp_ln66_84' <Predicate = (icmp_ln55 & and_ln55_1)> <Delay = 2.19> <CoreInst = "Cmp">   --->   Core 9 'Cmp' <Latency = 0> <II = 1> <Delay = 2.19> <FuncUnit> <Opcode : 'seteq' 'setne' 'setle' 'setge' 'setlt' 'setgt'> <InPorts = 2> <OutPorts = 1>
ST_3 : Operation 431 [1/1] (0.00ns) (grouped into LUT with out node select_ln0_75)   --->   "%xor_ln66_84 = xor i1 %icmp_ln66_84, i1 1" [firmware/nnet_utils/nnet_common.h:66->firmware/nnet_utils/nnet_common.h:44->firmware/nnet_utils/nnet_common.h:46->firmware/nnet_utils/nnet_common.h:46->firmware/nnet_utils/nnet_common.h:46->firmware/nnet_utils/nnet_pooling_stream.h:21->firmware/nnet_utils/nnet_pooling_stream.h:68->firmware/nnet_utils/nnet_pooling_stream.h:115]   --->   Operation 431 'xor' 'xor_ln66_84' <Predicate = (icmp_ln55 & and_ln55_1)> <Delay = 0.00> <CoreInst = "LogicGate">   --->   Core 74 'LogicGate' <Latency = 0> <II = 1> <Delay = 0.97> <FuncUnit> <Opcode : 'and' 'or' 'xor'> <InPorts = 2> <OutPorts = 1>
ST_3 : Operation 432 [1/1] (0.97ns) (out node of the LUT)   --->   "%select_ln0_75 = select i1 %xor_ln66_84, i20 %p_ZZN4nnet22compute_pool_buffer_2dINS_5arrayI8ap_fixedILi20ELi10EL9ap_q_mode5EL9a_567, i20 %p_ZZN4nnet22compute_pool_buffer_2dINS_5arrayI8ap_fixedILi20ELi10EL9ap_q_mode5EL9a_568" [firmware/nnet_utils/nnet_common.h:0->firmware/nnet_utils/nnet_common.h:46->firmware/nnet_utils/nnet_common.h:46->firmware/nnet_utils/nnet_common.h:46->firmware/nnet_utils/nnet_pooling_stream.h:21->firmware/nnet_utils/nnet_pooling_stream.h:68->firmware/nnet_utils/nnet_pooling_stream.h:115]   --->   Operation 432 'select' 'select_ln0_75' <Predicate = (icmp_ln55 & and_ln55_1)> <Delay = 0.97> <CoreInst = "Sel">   --->   Core 73 'Sel' <Latency = 0> <II = 1> <Delay = 0.70> <FuncUnit> <Opcode : 'select'> <InPorts = 3> <OutPorts = 1>
ST_3 : Operation 433 [1/1] (2.19ns)   --->   "%icmp_ln66_85 = icmp_slt  i20 %p_ZZN4nnet22compute_pool_buffer_2dINS_5arrayI8ap_fixedILi20ELi10EL9ap_q_mode5EL9a_569, i20 %p_ZZN4nnet22compute_pool_buffer_2dINS_5arrayI8ap_fixedILi20ELi10EL9ap_q_mode5EL9a_570" [firmware/nnet_utils/nnet_common.h:66->firmware/nnet_utils/nnet_common.h:44->firmware/nnet_utils/nnet_common.h:46->firmware/nnet_utils/nnet_common.h:46->firmware/nnet_utils/nnet_common.h:46->firmware/nnet_utils/nnet_pooling_stream.h:21->firmware/nnet_utils/nnet_pooling_stream.h:68->firmware/nnet_utils/nnet_pooling_stream.h:115]   --->   Operation 433 'icmp' 'icmp_ln66_85' <Predicate = (icmp_ln55 & and_ln55_1)> <Delay = 2.19> <CoreInst = "Cmp">   --->   Core 9 'Cmp' <Latency = 0> <II = 1> <Delay = 2.19> <FuncUnit> <Opcode : 'seteq' 'setne' 'setle' 'setge' 'setlt' 'setgt'> <InPorts = 2> <OutPorts = 1>
ST_3 : Operation 434 [1/1] (0.00ns) (grouped into LUT with out node select_ln0_76)   --->   "%xor_ln66_85 = xor i1 %icmp_ln66_85, i1 1" [firmware/nnet_utils/nnet_common.h:66->firmware/nnet_utils/nnet_common.h:44->firmware/nnet_utils/nnet_common.h:46->firmware/nnet_utils/nnet_common.h:46->firmware/nnet_utils/nnet_common.h:46->firmware/nnet_utils/nnet_pooling_stream.h:21->firmware/nnet_utils/nnet_pooling_stream.h:68->firmware/nnet_utils/nnet_pooling_stream.h:115]   --->   Operation 434 'xor' 'xor_ln66_85' <Predicate = (icmp_ln55 & and_ln55_1)> <Delay = 0.00> <CoreInst = "LogicGate">   --->   Core 74 'LogicGate' <Latency = 0> <II = 1> <Delay = 0.97> <FuncUnit> <Opcode : 'and' 'or' 'xor'> <InPorts = 2> <OutPorts = 1>
ST_3 : Operation 435 [1/1] (0.97ns) (out node of the LUT)   --->   "%select_ln0_76 = select i1 %xor_ln66_85, i20 %p_ZZN4nnet22compute_pool_buffer_2dINS_5arrayI8ap_fixedILi20ELi10EL9ap_q_mode5EL9a_569, i20 %p_ZZN4nnet22compute_pool_buffer_2dINS_5arrayI8ap_fixedILi20ELi10EL9ap_q_mode5EL9a_570" [firmware/nnet_utils/nnet_common.h:0->firmware/nnet_utils/nnet_common.h:46->firmware/nnet_utils/nnet_common.h:46->firmware/nnet_utils/nnet_common.h:46->firmware/nnet_utils/nnet_pooling_stream.h:21->firmware/nnet_utils/nnet_pooling_stream.h:68->firmware/nnet_utils/nnet_pooling_stream.h:115]   --->   Operation 435 'select' 'select_ln0_76' <Predicate = (icmp_ln55 & and_ln55_1)> <Delay = 0.97> <CoreInst = "Sel">   --->   Core 73 'Sel' <Latency = 0> <II = 1> <Delay = 0.70> <FuncUnit> <Opcode : 'select'> <InPorts = 3> <OutPorts = 1>
ST_3 : Operation 436 [1/1] (2.19ns)   --->   "%icmp_ln66_86 = icmp_slt  i20 %select_ln0_75, i20 %select_ln0_76" [firmware/nnet_utils/nnet_common.h:66->firmware/nnet_utils/nnet_common.h:46->firmware/nnet_utils/nnet_common.h:46->firmware/nnet_utils/nnet_common.h:46->firmware/nnet_utils/nnet_pooling_stream.h:21->firmware/nnet_utils/nnet_pooling_stream.h:68->firmware/nnet_utils/nnet_pooling_stream.h:115]   --->   Operation 436 'icmp' 'icmp_ln66_86' <Predicate = (icmp_ln55 & and_ln55_1)> <Delay = 2.19> <CoreInst = "Cmp">   --->   Core 9 'Cmp' <Latency = 0> <II = 1> <Delay = 2.19> <FuncUnit> <Opcode : 'seteq' 'setne' 'setle' 'setge' 'setlt' 'setgt'> <InPorts = 2> <OutPorts = 1>
ST_3 : Operation 437 [1/1] (0.00ns) (grouped into LUT with out node select_ln0_77)   --->   "%xor_ln66_86 = xor i1 %icmp_ln66_86, i1 1" [firmware/nnet_utils/nnet_common.h:66->firmware/nnet_utils/nnet_common.h:46->firmware/nnet_utils/nnet_common.h:46->firmware/nnet_utils/nnet_common.h:46->firmware/nnet_utils/nnet_pooling_stream.h:21->firmware/nnet_utils/nnet_pooling_stream.h:68->firmware/nnet_utils/nnet_pooling_stream.h:115]   --->   Operation 437 'xor' 'xor_ln66_86' <Predicate = (icmp_ln55 & and_ln55_1)> <Delay = 0.00> <CoreInst = "LogicGate">   --->   Core 74 'LogicGate' <Latency = 0> <II = 1> <Delay = 0.97> <FuncUnit> <Opcode : 'and' 'or' 'xor'> <InPorts = 2> <OutPorts = 1>
ST_3 : Operation 438 [1/1] (0.97ns) (out node of the LUT)   --->   "%select_ln0_77 = select i1 %xor_ln66_86, i20 %select_ln0_75, i20 %select_ln0_76" [firmware/nnet_utils/nnet_common.h:0->firmware/nnet_utils/nnet_common.h:46->firmware/nnet_utils/nnet_common.h:46->firmware/nnet_utils/nnet_pooling_stream.h:21->firmware/nnet_utils/nnet_pooling_stream.h:68->firmware/nnet_utils/nnet_pooling_stream.h:115]   --->   Operation 438 'select' 'select_ln0_77' <Predicate = (icmp_ln55 & and_ln55_1)> <Delay = 0.97> <CoreInst = "Sel">   --->   Core 73 'Sel' <Latency = 0> <II = 1> <Delay = 0.70> <FuncUnit> <Opcode : 'select'> <InPorts = 3> <OutPorts = 1>
ST_3 : Operation 439 [1/1] (2.19ns)   --->   "%icmp_ln66_87 = icmp_slt  i20 %select_ln0_74, i20 %select_ln0_77" [firmware/nnet_utils/nnet_common.h:66->firmware/nnet_utils/nnet_common.h:46->firmware/nnet_utils/nnet_common.h:46->firmware/nnet_utils/nnet_pooling_stream.h:21->firmware/nnet_utils/nnet_pooling_stream.h:68->firmware/nnet_utils/nnet_pooling_stream.h:115]   --->   Operation 439 'icmp' 'icmp_ln66_87' <Predicate = (icmp_ln55 & and_ln55_1)> <Delay = 2.19> <CoreInst = "Cmp">   --->   Core 9 'Cmp' <Latency = 0> <II = 1> <Delay = 2.19> <FuncUnit> <Opcode : 'seteq' 'setne' 'setle' 'setge' 'setlt' 'setgt'> <InPorts = 2> <OutPorts = 1>
ST_3 : Operation 440 [1/1] (0.00ns) (grouped into LUT with out node select_ln0_78)   --->   "%xor_ln66_87 = xor i1 %icmp_ln66_87, i1 1" [firmware/nnet_utils/nnet_common.h:66->firmware/nnet_utils/nnet_common.h:46->firmware/nnet_utils/nnet_common.h:46->firmware/nnet_utils/nnet_pooling_stream.h:21->firmware/nnet_utils/nnet_pooling_stream.h:68->firmware/nnet_utils/nnet_pooling_stream.h:115]   --->   Operation 440 'xor' 'xor_ln66_87' <Predicate = (icmp_ln55 & and_ln55_1)> <Delay = 0.00> <CoreInst = "LogicGate">   --->   Core 74 'LogicGate' <Latency = 0> <II = 1> <Delay = 0.97> <FuncUnit> <Opcode : 'and' 'or' 'xor'> <InPorts = 2> <OutPorts = 1>
ST_3 : Operation 441 [1/1] (0.97ns) (out node of the LUT)   --->   "%select_ln0_78 = select i1 %xor_ln66_87, i20 %select_ln0_74, i20 %select_ln0_77" [firmware/nnet_utils/nnet_common.h:0->firmware/nnet_utils/nnet_common.h:46->firmware/nnet_utils/nnet_pooling_stream.h:21->firmware/nnet_utils/nnet_pooling_stream.h:68->firmware/nnet_utils/nnet_pooling_stream.h:115]   --->   Operation 441 'select' 'select_ln0_78' <Predicate = (icmp_ln55 & and_ln55_1)> <Delay = 0.97> <CoreInst = "Sel">   --->   Core 73 'Sel' <Latency = 0> <II = 1> <Delay = 0.70> <FuncUnit> <Opcode : 'select'> <InPorts = 3> <OutPorts = 1>
ST_3 : Operation 442 [1/1] (2.19ns)   --->   "%icmp_ln66_88 = icmp_slt  i20 %p_ZZN4nnet22compute_pool_buffer_2dINS_5arrayI8ap_fixedILi20ELi10EL9ap_q_mode5EL9a_571, i20 %p_ZZN4nnet22compute_pool_buffer_2dINS_5arrayI8ap_fixedILi20ELi10EL9ap_q_mode5EL9a_572" [firmware/nnet_utils/nnet_common.h:66->firmware/nnet_utils/nnet_common.h:44->firmware/nnet_utils/nnet_common.h:46->firmware/nnet_utils/nnet_pooling_stream.h:21->firmware/nnet_utils/nnet_pooling_stream.h:68->firmware/nnet_utils/nnet_pooling_stream.h:115]   --->   Operation 442 'icmp' 'icmp_ln66_88' <Predicate = (icmp_ln55 & and_ln55_1)> <Delay = 2.19> <CoreInst = "Cmp">   --->   Core 9 'Cmp' <Latency = 0> <II = 1> <Delay = 2.19> <FuncUnit> <Opcode : 'seteq' 'setne' 'setle' 'setge' 'setlt' 'setgt'> <InPorts = 2> <OutPorts = 1>
ST_3 : Operation 443 [1/1] (0.00ns) (grouped into LUT with out node select_ln0_79)   --->   "%xor_ln66_88 = xor i1 %icmp_ln66_88, i1 1" [firmware/nnet_utils/nnet_common.h:66->firmware/nnet_utils/nnet_common.h:44->firmware/nnet_utils/nnet_common.h:46->firmware/nnet_utils/nnet_pooling_stream.h:21->firmware/nnet_utils/nnet_pooling_stream.h:68->firmware/nnet_utils/nnet_pooling_stream.h:115]   --->   Operation 443 'xor' 'xor_ln66_88' <Predicate = (icmp_ln55 & and_ln55_1)> <Delay = 0.00> <CoreInst = "LogicGate">   --->   Core 74 'LogicGate' <Latency = 0> <II = 1> <Delay = 0.97> <FuncUnit> <Opcode : 'and' 'or' 'xor'> <InPorts = 2> <OutPorts = 1>
ST_3 : Operation 444 [1/1] (0.97ns) (out node of the LUT)   --->   "%select_ln0_79 = select i1 %xor_ln66_88, i20 %p_ZZN4nnet22compute_pool_buffer_2dINS_5arrayI8ap_fixedILi20ELi10EL9ap_q_mode5EL9a_571, i20 %p_ZZN4nnet22compute_pool_buffer_2dINS_5arrayI8ap_fixedILi20ELi10EL9ap_q_mode5EL9a_572" [firmware/nnet_utils/nnet_common.h:0->firmware/nnet_utils/nnet_common.h:46->firmware/nnet_utils/nnet_pooling_stream.h:21->firmware/nnet_utils/nnet_pooling_stream.h:68->firmware/nnet_utils/nnet_pooling_stream.h:115]   --->   Operation 444 'select' 'select_ln0_79' <Predicate = (icmp_ln55 & and_ln55_1)> <Delay = 0.97> <CoreInst = "Sel">   --->   Core 73 'Sel' <Latency = 0> <II = 1> <Delay = 0.70> <FuncUnit> <Opcode : 'select'> <InPorts = 3> <OutPorts = 1>
ST_3 : Operation 445 [1/1] (2.19ns)   --->   "%icmp_ln66_89 = icmp_slt  i20 %select_ln0_78, i20 %select_ln0_79" [firmware/nnet_utils/nnet_common.h:66->firmware/nnet_utils/nnet_common.h:46->firmware/nnet_utils/nnet_pooling_stream.h:21->firmware/nnet_utils/nnet_pooling_stream.h:68->firmware/nnet_utils/nnet_pooling_stream.h:115]   --->   Operation 445 'icmp' 'icmp_ln66_89' <Predicate = (icmp_ln55 & and_ln55_1)> <Delay = 2.19> <CoreInst = "Cmp">   --->   Core 9 'Cmp' <Latency = 0> <II = 1> <Delay = 2.19> <FuncUnit> <Opcode : 'seteq' 'setne' 'setle' 'setge' 'setlt' 'setgt'> <InPorts = 2> <OutPorts = 1>
ST_3 : Operation 446 [1/1] (0.00ns) (grouped into LUT with out node res_pack_9)   --->   "%xor_ln66_89 = xor i1 %icmp_ln66_89, i1 1" [firmware/nnet_utils/nnet_common.h:66->firmware/nnet_utils/nnet_common.h:46->firmware/nnet_utils/nnet_pooling_stream.h:21->firmware/nnet_utils/nnet_pooling_stream.h:68->firmware/nnet_utils/nnet_pooling_stream.h:115]   --->   Operation 446 'xor' 'xor_ln66_89' <Predicate = (icmp_ln55 & and_ln55_1)> <Delay = 0.00> <CoreInst = "LogicGate">   --->   Core 74 'LogicGate' <Latency = 0> <II = 1> <Delay = 0.97> <FuncUnit> <Opcode : 'and' 'or' 'xor'> <InPorts = 2> <OutPorts = 1>
ST_3 : Operation 447 [1/1] (0.97ns) (out node of the LUT)   --->   "%res_pack_9 = select i1 %xor_ln66_89, i20 %select_ln0_78, i20 %select_ln0_79" [firmware/nnet_utils/nnet_pooling_stream.h:67->firmware/nnet_utils/nnet_pooling_stream.h:115]   --->   Operation 447 'select' 'res_pack_9' <Predicate = (icmp_ln55 & and_ln55_1)> <Delay = 0.97> <CoreInst = "Sel">   --->   Core 73 'Sel' <Latency = 0> <II = 1> <Delay = 0.70> <FuncUnit> <Opcode : 'select'> <InPorts = 3> <OutPorts = 1>
ST_3 : Operation 448 [1/1] (0.00ns)   --->   "%p_ZZN4nnet22compute_pool_buffer_2dINS_5arrayI8ap_fixedILi20ELi10EL9ap_q_mode5EL9a_573 = load i20 %p_ZZN4nnet22compute_pool_buffer_2dINS_5arrayI8ap_fixedILi20ELi10EL9ap_q_mode5EL9a_245" [firmware/nnet_utils/nnet_pooling_stream.h:63->firmware/nnet_utils/nnet_pooling_stream.h:115]   --->   Operation 448 'load' 'p_ZZN4nnet22compute_pool_buffer_2dINS_5arrayI8ap_fixedILi20ELi10EL9ap_q_mode5EL9a_573' <Predicate = (icmp_ln55 & and_ln55_1)> <Delay = 0.00>
ST_3 : Operation 449 [1/1] (0.00ns)   --->   "%p_ZZN4nnet22compute_pool_buffer_2dINS_5arrayI8ap_fixedILi20ELi10EL9ap_q_mode5EL9a_574 = load i20 %p_ZZN4nnet22compute_pool_buffer_2dINS_5arrayI8ap_fixedILi20ELi10EL9ap_q_mode5EL9a_71" [firmware/nnet_utils/nnet_pooling_stream.h:63->firmware/nnet_utils/nnet_pooling_stream.h:115]   --->   Operation 449 'load' 'p_ZZN4nnet22compute_pool_buffer_2dINS_5arrayI8ap_fixedILi20ELi10EL9ap_q_mode5EL9a_574' <Predicate = (icmp_ln55 & and_ln55_1)> <Delay = 0.00>
ST_3 : Operation 450 [1/1] (0.00ns)   --->   "%p_ZZN4nnet22compute_pool_buffer_2dINS_5arrayI8ap_fixedILi20ELi10EL9ap_q_mode5EL9a_575 = load i20 %p_ZZN4nnet22compute_pool_buffer_2dINS_5arrayI8ap_fixedILi20ELi10EL9ap_q_mode5EL9a_53" [firmware/nnet_utils/nnet_pooling_stream.h:63->firmware/nnet_utils/nnet_pooling_stream.h:115]   --->   Operation 450 'load' 'p_ZZN4nnet22compute_pool_buffer_2dINS_5arrayI8ap_fixedILi20ELi10EL9ap_q_mode5EL9a_575' <Predicate = (icmp_ln55 & and_ln55_1)> <Delay = 0.00>
ST_3 : Operation 451 [1/1] (0.00ns)   --->   "%p_ZZN4nnet22compute_pool_buffer_2dINS_5arrayI8ap_fixedILi20ELi10EL9ap_q_mode5EL9a_576 = load i20 %p_ZZN4nnet22compute_pool_buffer_2dINS_5arrayI8ap_fixedILi20ELi10EL9ap_q_mode5EL9a_35" [firmware/nnet_utils/nnet_pooling_stream.h:63->firmware/nnet_utils/nnet_pooling_stream.h:115]   --->   Operation 451 'load' 'p_ZZN4nnet22compute_pool_buffer_2dINS_5arrayI8ap_fixedILi20ELi10EL9ap_q_mode5EL9a_576' <Predicate = (icmp_ln55 & and_ln55_1)> <Delay = 0.00>
ST_3 : Operation 452 [1/1] (0.00ns)   --->   "%p_ZZN4nnet22compute_pool_buffer_2dINS_5arrayI8ap_fixedILi20ELi10EL9ap_q_mode5EL9a_577 = load i20 %p_ZZN4nnet22compute_pool_buffer_2dINS_5arrayI8ap_fixedILi20ELi10EL9ap_q_mode5EL9a_17" [firmware/nnet_utils/nnet_pooling_stream.h:63->firmware/nnet_utils/nnet_pooling_stream.h:115]   --->   Operation 452 'load' 'p_ZZN4nnet22compute_pool_buffer_2dINS_5arrayI8ap_fixedILi20ELi10EL9ap_q_mode5EL9a_577' <Predicate = (icmp_ln55 & and_ln55_1)> <Delay = 0.00>
ST_3 : Operation 453 [1/1] (0.00ns)   --->   "%p_ZZN4nnet22compute_pool_buffer_2dINS_5arrayI8ap_fixedILi20ELi10EL9ap_q_mode5EL9a_578 = load i20 %p_ZZN4nnet22compute_pool_buffer_2dINS_5arrayI8ap_fixedILi20ELi10EL9ap_q_mode5EL9a_246" [firmware/nnet_utils/nnet_pooling_stream.h:63->firmware/nnet_utils/nnet_pooling_stream.h:115]   --->   Operation 453 'load' 'p_ZZN4nnet22compute_pool_buffer_2dINS_5arrayI8ap_fixedILi20ELi10EL9ap_q_mode5EL9a_578' <Predicate = (icmp_ln55 & and_ln55_1)> <Delay = 0.00>
ST_3 : Operation 454 [1/1] (0.00ns)   --->   "%p_ZZN4nnet22compute_pool_buffer_2dINS_5arrayI8ap_fixedILi20ELi10EL9ap_q_mode5EL9a_579 = load i20 %p_ZZN4nnet22compute_pool_buffer_2dINS_5arrayI8ap_fixedILi20ELi10EL9ap_q_mode5EL9a_265" [firmware/nnet_utils/nnet_pooling_stream.h:63->firmware/nnet_utils/nnet_pooling_stream.h:115]   --->   Operation 454 'load' 'p_ZZN4nnet22compute_pool_buffer_2dINS_5arrayI8ap_fixedILi20ELi10EL9ap_q_mode5EL9a_579' <Predicate = (icmp_ln55 & and_ln55_1)> <Delay = 0.00>
ST_3 : Operation 455 [1/1] (0.00ns)   --->   "%p_ZZN4nnet22compute_pool_buffer_2dINS_5arrayI8ap_fixedILi20ELi10EL9ap_q_mode5EL9a_580 = load i20 %p_ZZN4nnet22compute_pool_buffer_2dINS_5arrayI8ap_fixedILi20ELi10EL9ap_q_mode5EL9a_285" [firmware/nnet_utils/nnet_pooling_stream.h:63->firmware/nnet_utils/nnet_pooling_stream.h:115]   --->   Operation 455 'load' 'p_ZZN4nnet22compute_pool_buffer_2dINS_5arrayI8ap_fixedILi20ELi10EL9ap_q_mode5EL9a_580' <Predicate = (icmp_ln55 & and_ln55_1)> <Delay = 0.00>
ST_3 : Operation 456 [1/1] (0.00ns)   --->   "%p_ZZN4nnet22compute_pool_buffer_2dINS_5arrayI8ap_fixedILi20ELi10EL9ap_q_mode5EL9a_581 = load i20 %p_ZZN4nnet22compute_pool_buffer_2dINS_5arrayI8ap_fixedILi20ELi10EL9ap_q_mode5EL9a_305" [firmware/nnet_utils/nnet_pooling_stream.h:63->firmware/nnet_utils/nnet_pooling_stream.h:115]   --->   Operation 456 'load' 'p_ZZN4nnet22compute_pool_buffer_2dINS_5arrayI8ap_fixedILi20ELi10EL9ap_q_mode5EL9a_581' <Predicate = (icmp_ln55 & and_ln55_1)> <Delay = 0.00>
ST_3 : Operation 457 [1/1] (0.00ns)   --->   "%p_ZZN4nnet22compute_pool_buffer_2dINS_5arrayI8ap_fixedILi20ELi10EL9ap_q_mode5EL9a_582 = load i20 %p_ZZN4nnet22compute_pool_buffer_2dINS_5arrayI8ap_fixedILi20ELi10EL9ap_q_mode5EL9a_89" [firmware/nnet_utils/nnet_pooling_stream.h:63->firmware/nnet_utils/nnet_pooling_stream.h:115]   --->   Operation 457 'load' 'p_ZZN4nnet22compute_pool_buffer_2dINS_5arrayI8ap_fixedILi20ELi10EL9ap_q_mode5EL9a_582' <Predicate = (icmp_ln55 & and_ln55_1)> <Delay = 0.00>
ST_3 : Operation 458 [1/1] (2.19ns)   --->   "%icmp_ln66_90 = icmp_slt  i20 %p_ZZN4nnet22compute_pool_buffer_2dINS_5arrayI8ap_fixedILi20ELi10EL9ap_q_mode5EL9a_573, i20 %p_ZZN4nnet22compute_pool_buffer_2dINS_5arrayI8ap_fixedILi20ELi10EL9ap_q_mode5EL9a_574" [firmware/nnet_utils/nnet_common.h:66->firmware/nnet_utils/nnet_common.h:44->firmware/nnet_utils/nnet_common.h:46->firmware/nnet_utils/nnet_common.h:46->firmware/nnet_utils/nnet_common.h:46->firmware/nnet_utils/nnet_pooling_stream.h:21->firmware/nnet_utils/nnet_pooling_stream.h:68->firmware/nnet_utils/nnet_pooling_stream.h:115]   --->   Operation 458 'icmp' 'icmp_ln66_90' <Predicate = (icmp_ln55 & and_ln55_1)> <Delay = 2.19> <CoreInst = "Cmp">   --->   Core 9 'Cmp' <Latency = 0> <II = 1> <Delay = 2.19> <FuncUnit> <Opcode : 'seteq' 'setne' 'setle' 'setge' 'setlt' 'setgt'> <InPorts = 2> <OutPorts = 1>
ST_3 : Operation 459 [1/1] (0.00ns) (grouped into LUT with out node select_ln0_80)   --->   "%xor_ln66_90 = xor i1 %icmp_ln66_90, i1 1" [firmware/nnet_utils/nnet_common.h:66->firmware/nnet_utils/nnet_common.h:44->firmware/nnet_utils/nnet_common.h:46->firmware/nnet_utils/nnet_common.h:46->firmware/nnet_utils/nnet_common.h:46->firmware/nnet_utils/nnet_pooling_stream.h:21->firmware/nnet_utils/nnet_pooling_stream.h:68->firmware/nnet_utils/nnet_pooling_stream.h:115]   --->   Operation 459 'xor' 'xor_ln66_90' <Predicate = (icmp_ln55 & and_ln55_1)> <Delay = 0.00> <CoreInst = "LogicGate">   --->   Core 74 'LogicGate' <Latency = 0> <II = 1> <Delay = 0.97> <FuncUnit> <Opcode : 'and' 'or' 'xor'> <InPorts = 2> <OutPorts = 1>
ST_3 : Operation 460 [1/1] (0.97ns) (out node of the LUT)   --->   "%select_ln0_80 = select i1 %xor_ln66_90, i20 %p_ZZN4nnet22compute_pool_buffer_2dINS_5arrayI8ap_fixedILi20ELi10EL9ap_q_mode5EL9a_573, i20 %p_ZZN4nnet22compute_pool_buffer_2dINS_5arrayI8ap_fixedILi20ELi10EL9ap_q_mode5EL9a_574" [firmware/nnet_utils/nnet_common.h:0->firmware/nnet_utils/nnet_common.h:46->firmware/nnet_utils/nnet_common.h:46->firmware/nnet_utils/nnet_common.h:46->firmware/nnet_utils/nnet_pooling_stream.h:21->firmware/nnet_utils/nnet_pooling_stream.h:68->firmware/nnet_utils/nnet_pooling_stream.h:115]   --->   Operation 460 'select' 'select_ln0_80' <Predicate = (icmp_ln55 & and_ln55_1)> <Delay = 0.97> <CoreInst = "Sel">   --->   Core 73 'Sel' <Latency = 0> <II = 1> <Delay = 0.70> <FuncUnit> <Opcode : 'select'> <InPorts = 3> <OutPorts = 1>
ST_3 : Operation 461 [1/1] (2.19ns)   --->   "%icmp_ln66_91 = icmp_slt  i20 %p_ZZN4nnet22compute_pool_buffer_2dINS_5arrayI8ap_fixedILi20ELi10EL9ap_q_mode5EL9a_575, i20 %p_ZZN4nnet22compute_pool_buffer_2dINS_5arrayI8ap_fixedILi20ELi10EL9ap_q_mode5EL9a_576" [firmware/nnet_utils/nnet_common.h:66->firmware/nnet_utils/nnet_common.h:44->firmware/nnet_utils/nnet_common.h:46->firmware/nnet_utils/nnet_common.h:46->firmware/nnet_utils/nnet_common.h:46->firmware/nnet_utils/nnet_pooling_stream.h:21->firmware/nnet_utils/nnet_pooling_stream.h:68->firmware/nnet_utils/nnet_pooling_stream.h:115]   --->   Operation 461 'icmp' 'icmp_ln66_91' <Predicate = (icmp_ln55 & and_ln55_1)> <Delay = 2.19> <CoreInst = "Cmp">   --->   Core 9 'Cmp' <Latency = 0> <II = 1> <Delay = 2.19> <FuncUnit> <Opcode : 'seteq' 'setne' 'setle' 'setge' 'setlt' 'setgt'> <InPorts = 2> <OutPorts = 1>
ST_3 : Operation 462 [1/1] (0.00ns) (grouped into LUT with out node select_ln0_81)   --->   "%xor_ln66_91 = xor i1 %icmp_ln66_91, i1 1" [firmware/nnet_utils/nnet_common.h:66->firmware/nnet_utils/nnet_common.h:44->firmware/nnet_utils/nnet_common.h:46->firmware/nnet_utils/nnet_common.h:46->firmware/nnet_utils/nnet_common.h:46->firmware/nnet_utils/nnet_pooling_stream.h:21->firmware/nnet_utils/nnet_pooling_stream.h:68->firmware/nnet_utils/nnet_pooling_stream.h:115]   --->   Operation 462 'xor' 'xor_ln66_91' <Predicate = (icmp_ln55 & and_ln55_1)> <Delay = 0.00> <CoreInst = "LogicGate">   --->   Core 74 'LogicGate' <Latency = 0> <II = 1> <Delay = 0.97> <FuncUnit> <Opcode : 'and' 'or' 'xor'> <InPorts = 2> <OutPorts = 1>
ST_3 : Operation 463 [1/1] (0.97ns) (out node of the LUT)   --->   "%select_ln0_81 = select i1 %xor_ln66_91, i20 %p_ZZN4nnet22compute_pool_buffer_2dINS_5arrayI8ap_fixedILi20ELi10EL9ap_q_mode5EL9a_575, i20 %p_ZZN4nnet22compute_pool_buffer_2dINS_5arrayI8ap_fixedILi20ELi10EL9ap_q_mode5EL9a_576" [firmware/nnet_utils/nnet_common.h:0->firmware/nnet_utils/nnet_common.h:46->firmware/nnet_utils/nnet_common.h:46->firmware/nnet_utils/nnet_common.h:46->firmware/nnet_utils/nnet_pooling_stream.h:21->firmware/nnet_utils/nnet_pooling_stream.h:68->firmware/nnet_utils/nnet_pooling_stream.h:115]   --->   Operation 463 'select' 'select_ln0_81' <Predicate = (icmp_ln55 & and_ln55_1)> <Delay = 0.97> <CoreInst = "Sel">   --->   Core 73 'Sel' <Latency = 0> <II = 1> <Delay = 0.70> <FuncUnit> <Opcode : 'select'> <InPorts = 3> <OutPorts = 1>
ST_3 : Operation 464 [1/1] (2.19ns)   --->   "%icmp_ln66_92 = icmp_slt  i20 %select_ln0_80, i20 %select_ln0_81" [firmware/nnet_utils/nnet_common.h:66->firmware/nnet_utils/nnet_common.h:46->firmware/nnet_utils/nnet_common.h:46->firmware/nnet_utils/nnet_common.h:46->firmware/nnet_utils/nnet_pooling_stream.h:21->firmware/nnet_utils/nnet_pooling_stream.h:68->firmware/nnet_utils/nnet_pooling_stream.h:115]   --->   Operation 464 'icmp' 'icmp_ln66_92' <Predicate = (icmp_ln55 & and_ln55_1)> <Delay = 2.19> <CoreInst = "Cmp">   --->   Core 9 'Cmp' <Latency = 0> <II = 1> <Delay = 2.19> <FuncUnit> <Opcode : 'seteq' 'setne' 'setle' 'setge' 'setlt' 'setgt'> <InPorts = 2> <OutPorts = 1>
ST_3 : Operation 465 [1/1] (0.00ns) (grouped into LUT with out node select_ln0_82)   --->   "%xor_ln66_92 = xor i1 %icmp_ln66_92, i1 1" [firmware/nnet_utils/nnet_common.h:66->firmware/nnet_utils/nnet_common.h:46->firmware/nnet_utils/nnet_common.h:46->firmware/nnet_utils/nnet_common.h:46->firmware/nnet_utils/nnet_pooling_stream.h:21->firmware/nnet_utils/nnet_pooling_stream.h:68->firmware/nnet_utils/nnet_pooling_stream.h:115]   --->   Operation 465 'xor' 'xor_ln66_92' <Predicate = (icmp_ln55 & and_ln55_1)> <Delay = 0.00> <CoreInst = "LogicGate">   --->   Core 74 'LogicGate' <Latency = 0> <II = 1> <Delay = 0.97> <FuncUnit> <Opcode : 'and' 'or' 'xor'> <InPorts = 2> <OutPorts = 1>
ST_3 : Operation 466 [1/1] (0.97ns) (out node of the LUT)   --->   "%select_ln0_82 = select i1 %xor_ln66_92, i20 %select_ln0_80, i20 %select_ln0_81" [firmware/nnet_utils/nnet_common.h:0->firmware/nnet_utils/nnet_common.h:46->firmware/nnet_utils/nnet_common.h:46->firmware/nnet_utils/nnet_pooling_stream.h:21->firmware/nnet_utils/nnet_pooling_stream.h:68->firmware/nnet_utils/nnet_pooling_stream.h:115]   --->   Operation 466 'select' 'select_ln0_82' <Predicate = (icmp_ln55 & and_ln55_1)> <Delay = 0.97> <CoreInst = "Sel">   --->   Core 73 'Sel' <Latency = 0> <II = 1> <Delay = 0.70> <FuncUnit> <Opcode : 'select'> <InPorts = 3> <OutPorts = 1>
ST_3 : Operation 467 [1/1] (2.19ns)   --->   "%icmp_ln66_93 = icmp_slt  i20 %p_ZZN4nnet22compute_pool_buffer_2dINS_5arrayI8ap_fixedILi20ELi10EL9ap_q_mode5EL9a_577, i20 %p_ZZN4nnet22compute_pool_buffer_2dINS_5arrayI8ap_fixedILi20ELi10EL9ap_q_mode5EL9a_578" [firmware/nnet_utils/nnet_common.h:66->firmware/nnet_utils/nnet_common.h:44->firmware/nnet_utils/nnet_common.h:46->firmware/nnet_utils/nnet_common.h:46->firmware/nnet_utils/nnet_common.h:46->firmware/nnet_utils/nnet_pooling_stream.h:21->firmware/nnet_utils/nnet_pooling_stream.h:68->firmware/nnet_utils/nnet_pooling_stream.h:115]   --->   Operation 467 'icmp' 'icmp_ln66_93' <Predicate = (icmp_ln55 & and_ln55_1)> <Delay = 2.19> <CoreInst = "Cmp">   --->   Core 9 'Cmp' <Latency = 0> <II = 1> <Delay = 2.19> <FuncUnit> <Opcode : 'seteq' 'setne' 'setle' 'setge' 'setlt' 'setgt'> <InPorts = 2> <OutPorts = 1>
ST_3 : Operation 468 [1/1] (0.00ns) (grouped into LUT with out node select_ln0_83)   --->   "%xor_ln66_93 = xor i1 %icmp_ln66_93, i1 1" [firmware/nnet_utils/nnet_common.h:66->firmware/nnet_utils/nnet_common.h:44->firmware/nnet_utils/nnet_common.h:46->firmware/nnet_utils/nnet_common.h:46->firmware/nnet_utils/nnet_common.h:46->firmware/nnet_utils/nnet_pooling_stream.h:21->firmware/nnet_utils/nnet_pooling_stream.h:68->firmware/nnet_utils/nnet_pooling_stream.h:115]   --->   Operation 468 'xor' 'xor_ln66_93' <Predicate = (icmp_ln55 & and_ln55_1)> <Delay = 0.00> <CoreInst = "LogicGate">   --->   Core 74 'LogicGate' <Latency = 0> <II = 1> <Delay = 0.97> <FuncUnit> <Opcode : 'and' 'or' 'xor'> <InPorts = 2> <OutPorts = 1>
ST_3 : Operation 469 [1/1] (0.97ns) (out node of the LUT)   --->   "%select_ln0_83 = select i1 %xor_ln66_93, i20 %p_ZZN4nnet22compute_pool_buffer_2dINS_5arrayI8ap_fixedILi20ELi10EL9ap_q_mode5EL9a_577, i20 %p_ZZN4nnet22compute_pool_buffer_2dINS_5arrayI8ap_fixedILi20ELi10EL9ap_q_mode5EL9a_578" [firmware/nnet_utils/nnet_common.h:0->firmware/nnet_utils/nnet_common.h:46->firmware/nnet_utils/nnet_common.h:46->firmware/nnet_utils/nnet_common.h:46->firmware/nnet_utils/nnet_pooling_stream.h:21->firmware/nnet_utils/nnet_pooling_stream.h:68->firmware/nnet_utils/nnet_pooling_stream.h:115]   --->   Operation 469 'select' 'select_ln0_83' <Predicate = (icmp_ln55 & and_ln55_1)> <Delay = 0.97> <CoreInst = "Sel">   --->   Core 73 'Sel' <Latency = 0> <II = 1> <Delay = 0.70> <FuncUnit> <Opcode : 'select'> <InPorts = 3> <OutPorts = 1>
ST_3 : Operation 470 [1/1] (2.19ns)   --->   "%icmp_ln66_94 = icmp_slt  i20 %p_ZZN4nnet22compute_pool_buffer_2dINS_5arrayI8ap_fixedILi20ELi10EL9ap_q_mode5EL9a_579, i20 %p_ZZN4nnet22compute_pool_buffer_2dINS_5arrayI8ap_fixedILi20ELi10EL9ap_q_mode5EL9a_580" [firmware/nnet_utils/nnet_common.h:66->firmware/nnet_utils/nnet_common.h:44->firmware/nnet_utils/nnet_common.h:46->firmware/nnet_utils/nnet_common.h:46->firmware/nnet_utils/nnet_common.h:46->firmware/nnet_utils/nnet_pooling_stream.h:21->firmware/nnet_utils/nnet_pooling_stream.h:68->firmware/nnet_utils/nnet_pooling_stream.h:115]   --->   Operation 470 'icmp' 'icmp_ln66_94' <Predicate = (icmp_ln55 & and_ln55_1)> <Delay = 2.19> <CoreInst = "Cmp">   --->   Core 9 'Cmp' <Latency = 0> <II = 1> <Delay = 2.19> <FuncUnit> <Opcode : 'seteq' 'setne' 'setle' 'setge' 'setlt' 'setgt'> <InPorts = 2> <OutPorts = 1>
ST_3 : Operation 471 [1/1] (0.00ns) (grouped into LUT with out node select_ln0_84)   --->   "%xor_ln66_94 = xor i1 %icmp_ln66_94, i1 1" [firmware/nnet_utils/nnet_common.h:66->firmware/nnet_utils/nnet_common.h:44->firmware/nnet_utils/nnet_common.h:46->firmware/nnet_utils/nnet_common.h:46->firmware/nnet_utils/nnet_common.h:46->firmware/nnet_utils/nnet_pooling_stream.h:21->firmware/nnet_utils/nnet_pooling_stream.h:68->firmware/nnet_utils/nnet_pooling_stream.h:115]   --->   Operation 471 'xor' 'xor_ln66_94' <Predicate = (icmp_ln55 & and_ln55_1)> <Delay = 0.00> <CoreInst = "LogicGate">   --->   Core 74 'LogicGate' <Latency = 0> <II = 1> <Delay = 0.97> <FuncUnit> <Opcode : 'and' 'or' 'xor'> <InPorts = 2> <OutPorts = 1>
ST_3 : Operation 472 [1/1] (0.97ns) (out node of the LUT)   --->   "%select_ln0_84 = select i1 %xor_ln66_94, i20 %p_ZZN4nnet22compute_pool_buffer_2dINS_5arrayI8ap_fixedILi20ELi10EL9ap_q_mode5EL9a_579, i20 %p_ZZN4nnet22compute_pool_buffer_2dINS_5arrayI8ap_fixedILi20ELi10EL9ap_q_mode5EL9a_580" [firmware/nnet_utils/nnet_common.h:0->firmware/nnet_utils/nnet_common.h:46->firmware/nnet_utils/nnet_common.h:46->firmware/nnet_utils/nnet_common.h:46->firmware/nnet_utils/nnet_pooling_stream.h:21->firmware/nnet_utils/nnet_pooling_stream.h:68->firmware/nnet_utils/nnet_pooling_stream.h:115]   --->   Operation 472 'select' 'select_ln0_84' <Predicate = (icmp_ln55 & and_ln55_1)> <Delay = 0.97> <CoreInst = "Sel">   --->   Core 73 'Sel' <Latency = 0> <II = 1> <Delay = 0.70> <FuncUnit> <Opcode : 'select'> <InPorts = 3> <OutPorts = 1>
ST_3 : Operation 473 [1/1] (2.19ns)   --->   "%icmp_ln66_95 = icmp_slt  i20 %select_ln0_83, i20 %select_ln0_84" [firmware/nnet_utils/nnet_common.h:66->firmware/nnet_utils/nnet_common.h:46->firmware/nnet_utils/nnet_common.h:46->firmware/nnet_utils/nnet_common.h:46->firmware/nnet_utils/nnet_pooling_stream.h:21->firmware/nnet_utils/nnet_pooling_stream.h:68->firmware/nnet_utils/nnet_pooling_stream.h:115]   --->   Operation 473 'icmp' 'icmp_ln66_95' <Predicate = (icmp_ln55 & and_ln55_1)> <Delay = 2.19> <CoreInst = "Cmp">   --->   Core 9 'Cmp' <Latency = 0> <II = 1> <Delay = 2.19> <FuncUnit> <Opcode : 'seteq' 'setne' 'setle' 'setge' 'setlt' 'setgt'> <InPorts = 2> <OutPorts = 1>
ST_3 : Operation 474 [1/1] (0.00ns) (grouped into LUT with out node select_ln0_85)   --->   "%xor_ln66_95 = xor i1 %icmp_ln66_95, i1 1" [firmware/nnet_utils/nnet_common.h:66->firmware/nnet_utils/nnet_common.h:46->firmware/nnet_utils/nnet_common.h:46->firmware/nnet_utils/nnet_common.h:46->firmware/nnet_utils/nnet_pooling_stream.h:21->firmware/nnet_utils/nnet_pooling_stream.h:68->firmware/nnet_utils/nnet_pooling_stream.h:115]   --->   Operation 474 'xor' 'xor_ln66_95' <Predicate = (icmp_ln55 & and_ln55_1)> <Delay = 0.00> <CoreInst = "LogicGate">   --->   Core 74 'LogicGate' <Latency = 0> <II = 1> <Delay = 0.97> <FuncUnit> <Opcode : 'and' 'or' 'xor'> <InPorts = 2> <OutPorts = 1>
ST_3 : Operation 475 [1/1] (0.97ns) (out node of the LUT)   --->   "%select_ln0_85 = select i1 %xor_ln66_95, i20 %select_ln0_83, i20 %select_ln0_84" [firmware/nnet_utils/nnet_common.h:0->firmware/nnet_utils/nnet_common.h:46->firmware/nnet_utils/nnet_common.h:46->firmware/nnet_utils/nnet_pooling_stream.h:21->firmware/nnet_utils/nnet_pooling_stream.h:68->firmware/nnet_utils/nnet_pooling_stream.h:115]   --->   Operation 475 'select' 'select_ln0_85' <Predicate = (icmp_ln55 & and_ln55_1)> <Delay = 0.97> <CoreInst = "Sel">   --->   Core 73 'Sel' <Latency = 0> <II = 1> <Delay = 0.70> <FuncUnit> <Opcode : 'select'> <InPorts = 3> <OutPorts = 1>
ST_3 : Operation 476 [1/1] (2.19ns)   --->   "%icmp_ln66_96 = icmp_slt  i20 %select_ln0_82, i20 %select_ln0_85" [firmware/nnet_utils/nnet_common.h:66->firmware/nnet_utils/nnet_common.h:46->firmware/nnet_utils/nnet_common.h:46->firmware/nnet_utils/nnet_pooling_stream.h:21->firmware/nnet_utils/nnet_pooling_stream.h:68->firmware/nnet_utils/nnet_pooling_stream.h:115]   --->   Operation 476 'icmp' 'icmp_ln66_96' <Predicate = (icmp_ln55 & and_ln55_1)> <Delay = 2.19> <CoreInst = "Cmp">   --->   Core 9 'Cmp' <Latency = 0> <II = 1> <Delay = 2.19> <FuncUnit> <Opcode : 'seteq' 'setne' 'setle' 'setge' 'setlt' 'setgt'> <InPorts = 2> <OutPorts = 1>
ST_3 : Operation 477 [1/1] (0.00ns) (grouped into LUT with out node select_ln0_86)   --->   "%xor_ln66_96 = xor i1 %icmp_ln66_96, i1 1" [firmware/nnet_utils/nnet_common.h:66->firmware/nnet_utils/nnet_common.h:46->firmware/nnet_utils/nnet_common.h:46->firmware/nnet_utils/nnet_pooling_stream.h:21->firmware/nnet_utils/nnet_pooling_stream.h:68->firmware/nnet_utils/nnet_pooling_stream.h:115]   --->   Operation 477 'xor' 'xor_ln66_96' <Predicate = (icmp_ln55 & and_ln55_1)> <Delay = 0.00> <CoreInst = "LogicGate">   --->   Core 74 'LogicGate' <Latency = 0> <II = 1> <Delay = 0.97> <FuncUnit> <Opcode : 'and' 'or' 'xor'> <InPorts = 2> <OutPorts = 1>
ST_3 : Operation 478 [1/1] (0.97ns) (out node of the LUT)   --->   "%select_ln0_86 = select i1 %xor_ln66_96, i20 %select_ln0_82, i20 %select_ln0_85" [firmware/nnet_utils/nnet_common.h:0->firmware/nnet_utils/nnet_common.h:46->firmware/nnet_utils/nnet_pooling_stream.h:21->firmware/nnet_utils/nnet_pooling_stream.h:68->firmware/nnet_utils/nnet_pooling_stream.h:115]   --->   Operation 478 'select' 'select_ln0_86' <Predicate = (icmp_ln55 & and_ln55_1)> <Delay = 0.97> <CoreInst = "Sel">   --->   Core 73 'Sel' <Latency = 0> <II = 1> <Delay = 0.70> <FuncUnit> <Opcode : 'select'> <InPorts = 3> <OutPorts = 1>
ST_3 : Operation 479 [1/1] (2.19ns)   --->   "%icmp_ln66_97 = icmp_slt  i20 %p_ZZN4nnet22compute_pool_buffer_2dINS_5arrayI8ap_fixedILi20ELi10EL9ap_q_mode5EL9a_581, i20 %p_ZZN4nnet22compute_pool_buffer_2dINS_5arrayI8ap_fixedILi20ELi10EL9ap_q_mode5EL9a_582" [firmware/nnet_utils/nnet_common.h:66->firmware/nnet_utils/nnet_common.h:44->firmware/nnet_utils/nnet_common.h:46->firmware/nnet_utils/nnet_pooling_stream.h:21->firmware/nnet_utils/nnet_pooling_stream.h:68->firmware/nnet_utils/nnet_pooling_stream.h:115]   --->   Operation 479 'icmp' 'icmp_ln66_97' <Predicate = (icmp_ln55 & and_ln55_1)> <Delay = 2.19> <CoreInst = "Cmp">   --->   Core 9 'Cmp' <Latency = 0> <II = 1> <Delay = 2.19> <FuncUnit> <Opcode : 'seteq' 'setne' 'setle' 'setge' 'setlt' 'setgt'> <InPorts = 2> <OutPorts = 1>
ST_3 : Operation 480 [1/1] (0.00ns) (grouped into LUT with out node select_ln0_87)   --->   "%xor_ln66_97 = xor i1 %icmp_ln66_97, i1 1" [firmware/nnet_utils/nnet_common.h:66->firmware/nnet_utils/nnet_common.h:44->firmware/nnet_utils/nnet_common.h:46->firmware/nnet_utils/nnet_pooling_stream.h:21->firmware/nnet_utils/nnet_pooling_stream.h:68->firmware/nnet_utils/nnet_pooling_stream.h:115]   --->   Operation 480 'xor' 'xor_ln66_97' <Predicate = (icmp_ln55 & and_ln55_1)> <Delay = 0.00> <CoreInst = "LogicGate">   --->   Core 74 'LogicGate' <Latency = 0> <II = 1> <Delay = 0.97> <FuncUnit> <Opcode : 'and' 'or' 'xor'> <InPorts = 2> <OutPorts = 1>
ST_3 : Operation 481 [1/1] (0.97ns) (out node of the LUT)   --->   "%select_ln0_87 = select i1 %xor_ln66_97, i20 %p_ZZN4nnet22compute_pool_buffer_2dINS_5arrayI8ap_fixedILi20ELi10EL9ap_q_mode5EL9a_581, i20 %p_ZZN4nnet22compute_pool_buffer_2dINS_5arrayI8ap_fixedILi20ELi10EL9ap_q_mode5EL9a_582" [firmware/nnet_utils/nnet_common.h:0->firmware/nnet_utils/nnet_common.h:46->firmware/nnet_utils/nnet_pooling_stream.h:21->firmware/nnet_utils/nnet_pooling_stream.h:68->firmware/nnet_utils/nnet_pooling_stream.h:115]   --->   Operation 481 'select' 'select_ln0_87' <Predicate = (icmp_ln55 & and_ln55_1)> <Delay = 0.97> <CoreInst = "Sel">   --->   Core 73 'Sel' <Latency = 0> <II = 1> <Delay = 0.70> <FuncUnit> <Opcode : 'select'> <InPorts = 3> <OutPorts = 1>
ST_3 : Operation 482 [1/1] (2.19ns)   --->   "%icmp_ln66_98 = icmp_slt  i20 %select_ln0_86, i20 %select_ln0_87" [firmware/nnet_utils/nnet_common.h:66->firmware/nnet_utils/nnet_common.h:46->firmware/nnet_utils/nnet_pooling_stream.h:21->firmware/nnet_utils/nnet_pooling_stream.h:68->firmware/nnet_utils/nnet_pooling_stream.h:115]   --->   Operation 482 'icmp' 'icmp_ln66_98' <Predicate = (icmp_ln55 & and_ln55_1)> <Delay = 2.19> <CoreInst = "Cmp">   --->   Core 9 'Cmp' <Latency = 0> <II = 1> <Delay = 2.19> <FuncUnit> <Opcode : 'seteq' 'setne' 'setle' 'setge' 'setlt' 'setgt'> <InPorts = 2> <OutPorts = 1>
ST_3 : Operation 483 [1/1] (0.00ns) (grouped into LUT with out node res_pack_10)   --->   "%xor_ln66_98 = xor i1 %icmp_ln66_98, i1 1" [firmware/nnet_utils/nnet_common.h:66->firmware/nnet_utils/nnet_common.h:46->firmware/nnet_utils/nnet_pooling_stream.h:21->firmware/nnet_utils/nnet_pooling_stream.h:68->firmware/nnet_utils/nnet_pooling_stream.h:115]   --->   Operation 483 'xor' 'xor_ln66_98' <Predicate = (icmp_ln55 & and_ln55_1)> <Delay = 0.00> <CoreInst = "LogicGate">   --->   Core 74 'LogicGate' <Latency = 0> <II = 1> <Delay = 0.97> <FuncUnit> <Opcode : 'and' 'or' 'xor'> <InPorts = 2> <OutPorts = 1>
ST_3 : Operation 484 [1/1] (0.97ns) (out node of the LUT)   --->   "%res_pack_10 = select i1 %xor_ln66_98, i20 %select_ln0_86, i20 %select_ln0_87" [firmware/nnet_utils/nnet_pooling_stream.h:67->firmware/nnet_utils/nnet_pooling_stream.h:115]   --->   Operation 484 'select' 'res_pack_10' <Predicate = (icmp_ln55 & and_ln55_1)> <Delay = 0.97> <CoreInst = "Sel">   --->   Core 73 'Sel' <Latency = 0> <II = 1> <Delay = 0.70> <FuncUnit> <Opcode : 'select'> <InPorts = 3> <OutPorts = 1>
ST_3 : Operation 485 [1/1] (0.00ns)   --->   "%p_ZZN4nnet22compute_pool_buffer_2dINS_5arrayI8ap_fixedILi20ELi10EL9ap_q_mode5EL9a_583 = load i20 %p_ZZN4nnet22compute_pool_buffer_2dINS_5arrayI8ap_fixedILi20ELi10EL9ap_q_mode5EL9a_256" [firmware/nnet_utils/nnet_pooling_stream.h:63->firmware/nnet_utils/nnet_pooling_stream.h:115]   --->   Operation 485 'load' 'p_ZZN4nnet22compute_pool_buffer_2dINS_5arrayI8ap_fixedILi20ELi10EL9ap_q_mode5EL9a_583' <Predicate = (icmp_ln55 & and_ln55_1)> <Delay = 0.00>
ST_3 : Operation 486 [1/1] (0.00ns)   --->   "%p_ZZN4nnet22compute_pool_buffer_2dINS_5arrayI8ap_fixedILi20ELi10EL9ap_q_mode5EL9a_584 = load i20 %p_ZZN4nnet22compute_pool_buffer_2dINS_5arrayI8ap_fixedILi20ELi10EL9ap_q_mode5EL9a_70" [firmware/nnet_utils/nnet_pooling_stream.h:63->firmware/nnet_utils/nnet_pooling_stream.h:115]   --->   Operation 486 'load' 'p_ZZN4nnet22compute_pool_buffer_2dINS_5arrayI8ap_fixedILi20ELi10EL9ap_q_mode5EL9a_584' <Predicate = (icmp_ln55 & and_ln55_1)> <Delay = 0.00>
ST_3 : Operation 487 [1/1] (0.00ns)   --->   "%p_ZZN4nnet22compute_pool_buffer_2dINS_5arrayI8ap_fixedILi20ELi10EL9ap_q_mode5EL9a_585 = load i20 %p_ZZN4nnet22compute_pool_buffer_2dINS_5arrayI8ap_fixedILi20ELi10EL9ap_q_mode5EL9a_52" [firmware/nnet_utils/nnet_pooling_stream.h:63->firmware/nnet_utils/nnet_pooling_stream.h:115]   --->   Operation 487 'load' 'p_ZZN4nnet22compute_pool_buffer_2dINS_5arrayI8ap_fixedILi20ELi10EL9ap_q_mode5EL9a_585' <Predicate = (icmp_ln55 & and_ln55_1)> <Delay = 0.00>
ST_3 : Operation 488 [1/1] (0.00ns)   --->   "%p_ZZN4nnet22compute_pool_buffer_2dINS_5arrayI8ap_fixedILi20ELi10EL9ap_q_mode5EL9a_586 = load i20 %p_ZZN4nnet22compute_pool_buffer_2dINS_5arrayI8ap_fixedILi20ELi10EL9ap_q_mode5EL9a_34" [firmware/nnet_utils/nnet_pooling_stream.h:63->firmware/nnet_utils/nnet_pooling_stream.h:115]   --->   Operation 488 'load' 'p_ZZN4nnet22compute_pool_buffer_2dINS_5arrayI8ap_fixedILi20ELi10EL9ap_q_mode5EL9a_586' <Predicate = (icmp_ln55 & and_ln55_1)> <Delay = 0.00>
ST_3 : Operation 489 [1/1] (0.00ns)   --->   "%p_ZZN4nnet22compute_pool_buffer_2dINS_5arrayI8ap_fixedILi20ELi10EL9ap_q_mode5EL9a_587 = load i20 %p_ZZN4nnet22compute_pool_buffer_2dINS_5arrayI8ap_fixedILi20ELi10EL9ap_q_mode5EL9a_16" [firmware/nnet_utils/nnet_pooling_stream.h:63->firmware/nnet_utils/nnet_pooling_stream.h:115]   --->   Operation 489 'load' 'p_ZZN4nnet22compute_pool_buffer_2dINS_5arrayI8ap_fixedILi20ELi10EL9ap_q_mode5EL9a_587' <Predicate = (icmp_ln55 & and_ln55_1)> <Delay = 0.00>
ST_3 : Operation 490 [1/1] (0.00ns)   --->   "%p_ZZN4nnet22compute_pool_buffer_2dINS_5arrayI8ap_fixedILi20ELi10EL9ap_q_mode5EL9a_588 = load i20 %p_ZZN4nnet22compute_pool_buffer_2dINS_5arrayI8ap_fixedILi20ELi10EL9ap_q_mode5EL9a_247" [firmware/nnet_utils/nnet_pooling_stream.h:63->firmware/nnet_utils/nnet_pooling_stream.h:115]   --->   Operation 490 'load' 'p_ZZN4nnet22compute_pool_buffer_2dINS_5arrayI8ap_fixedILi20ELi10EL9ap_q_mode5EL9a_588' <Predicate = (icmp_ln55 & and_ln55_1)> <Delay = 0.00>
ST_3 : Operation 491 [1/1] (0.00ns)   --->   "%p_ZZN4nnet22compute_pool_buffer_2dINS_5arrayI8ap_fixedILi20ELi10EL9ap_q_mode5EL9a_589 = load i20 %p_ZZN4nnet22compute_pool_buffer_2dINS_5arrayI8ap_fixedILi20ELi10EL9ap_q_mode5EL9a_266" [firmware/nnet_utils/nnet_pooling_stream.h:63->firmware/nnet_utils/nnet_pooling_stream.h:115]   --->   Operation 491 'load' 'p_ZZN4nnet22compute_pool_buffer_2dINS_5arrayI8ap_fixedILi20ELi10EL9ap_q_mode5EL9a_589' <Predicate = (icmp_ln55 & and_ln55_1)> <Delay = 0.00>
ST_3 : Operation 492 [1/1] (0.00ns)   --->   "%p_ZZN4nnet22compute_pool_buffer_2dINS_5arrayI8ap_fixedILi20ELi10EL9ap_q_mode5EL9a_590 = load i20 %p_ZZN4nnet22compute_pool_buffer_2dINS_5arrayI8ap_fixedILi20ELi10EL9ap_q_mode5EL9a_286" [firmware/nnet_utils/nnet_pooling_stream.h:63->firmware/nnet_utils/nnet_pooling_stream.h:115]   --->   Operation 492 'load' 'p_ZZN4nnet22compute_pool_buffer_2dINS_5arrayI8ap_fixedILi20ELi10EL9ap_q_mode5EL9a_590' <Predicate = (icmp_ln55 & and_ln55_1)> <Delay = 0.00>
ST_3 : Operation 493 [1/1] (0.00ns)   --->   "%p_ZZN4nnet22compute_pool_buffer_2dINS_5arrayI8ap_fixedILi20ELi10EL9ap_q_mode5EL9a_591 = load i20 %p_ZZN4nnet22compute_pool_buffer_2dINS_5arrayI8ap_fixedILi20ELi10EL9ap_q_mode5EL9a_306" [firmware/nnet_utils/nnet_pooling_stream.h:63->firmware/nnet_utils/nnet_pooling_stream.h:115]   --->   Operation 493 'load' 'p_ZZN4nnet22compute_pool_buffer_2dINS_5arrayI8ap_fixedILi20ELi10EL9ap_q_mode5EL9a_591' <Predicate = (icmp_ln55 & and_ln55_1)> <Delay = 0.00>
ST_3 : Operation 494 [1/1] (0.00ns)   --->   "%p_ZZN4nnet22compute_pool_buffer_2dINS_5arrayI8ap_fixedILi20ELi10EL9ap_q_mode5EL9a_592 = load i20 %p_ZZN4nnet22compute_pool_buffer_2dINS_5arrayI8ap_fixedILi20ELi10EL9ap_q_mode5EL9a_88" [firmware/nnet_utils/nnet_pooling_stream.h:63->firmware/nnet_utils/nnet_pooling_stream.h:115]   --->   Operation 494 'load' 'p_ZZN4nnet22compute_pool_buffer_2dINS_5arrayI8ap_fixedILi20ELi10EL9ap_q_mode5EL9a_592' <Predicate = (icmp_ln55 & and_ln55_1)> <Delay = 0.00>
ST_3 : Operation 495 [1/1] (2.19ns)   --->   "%icmp_ln66_99 = icmp_slt  i20 %p_ZZN4nnet22compute_pool_buffer_2dINS_5arrayI8ap_fixedILi20ELi10EL9ap_q_mode5EL9a_583, i20 %p_ZZN4nnet22compute_pool_buffer_2dINS_5arrayI8ap_fixedILi20ELi10EL9ap_q_mode5EL9a_584" [firmware/nnet_utils/nnet_common.h:66->firmware/nnet_utils/nnet_common.h:44->firmware/nnet_utils/nnet_common.h:46->firmware/nnet_utils/nnet_common.h:46->firmware/nnet_utils/nnet_common.h:46->firmware/nnet_utils/nnet_pooling_stream.h:21->firmware/nnet_utils/nnet_pooling_stream.h:68->firmware/nnet_utils/nnet_pooling_stream.h:115]   --->   Operation 495 'icmp' 'icmp_ln66_99' <Predicate = (icmp_ln55 & and_ln55_1)> <Delay = 2.19> <CoreInst = "Cmp">   --->   Core 9 'Cmp' <Latency = 0> <II = 1> <Delay = 2.19> <FuncUnit> <Opcode : 'seteq' 'setne' 'setle' 'setge' 'setlt' 'setgt'> <InPorts = 2> <OutPorts = 1>
ST_3 : Operation 496 [1/1] (0.00ns) (grouped into LUT with out node select_ln0_88)   --->   "%xor_ln66_99 = xor i1 %icmp_ln66_99, i1 1" [firmware/nnet_utils/nnet_common.h:66->firmware/nnet_utils/nnet_common.h:44->firmware/nnet_utils/nnet_common.h:46->firmware/nnet_utils/nnet_common.h:46->firmware/nnet_utils/nnet_common.h:46->firmware/nnet_utils/nnet_pooling_stream.h:21->firmware/nnet_utils/nnet_pooling_stream.h:68->firmware/nnet_utils/nnet_pooling_stream.h:115]   --->   Operation 496 'xor' 'xor_ln66_99' <Predicate = (icmp_ln55 & and_ln55_1)> <Delay = 0.00> <CoreInst = "LogicGate">   --->   Core 74 'LogicGate' <Latency = 0> <II = 1> <Delay = 0.97> <FuncUnit> <Opcode : 'and' 'or' 'xor'> <InPorts = 2> <OutPorts = 1>
ST_3 : Operation 497 [1/1] (0.97ns) (out node of the LUT)   --->   "%select_ln0_88 = select i1 %xor_ln66_99, i20 %p_ZZN4nnet22compute_pool_buffer_2dINS_5arrayI8ap_fixedILi20ELi10EL9ap_q_mode5EL9a_583, i20 %p_ZZN4nnet22compute_pool_buffer_2dINS_5arrayI8ap_fixedILi20ELi10EL9ap_q_mode5EL9a_584" [firmware/nnet_utils/nnet_common.h:0->firmware/nnet_utils/nnet_common.h:46->firmware/nnet_utils/nnet_common.h:46->firmware/nnet_utils/nnet_common.h:46->firmware/nnet_utils/nnet_pooling_stream.h:21->firmware/nnet_utils/nnet_pooling_stream.h:68->firmware/nnet_utils/nnet_pooling_stream.h:115]   --->   Operation 497 'select' 'select_ln0_88' <Predicate = (icmp_ln55 & and_ln55_1)> <Delay = 0.97> <CoreInst = "Sel">   --->   Core 73 'Sel' <Latency = 0> <II = 1> <Delay = 0.70> <FuncUnit> <Opcode : 'select'> <InPorts = 3> <OutPorts = 1>
ST_3 : Operation 498 [1/1] (2.19ns)   --->   "%icmp_ln66_100 = icmp_slt  i20 %p_ZZN4nnet22compute_pool_buffer_2dINS_5arrayI8ap_fixedILi20ELi10EL9ap_q_mode5EL9a_585, i20 %p_ZZN4nnet22compute_pool_buffer_2dINS_5arrayI8ap_fixedILi20ELi10EL9ap_q_mode5EL9a_586" [firmware/nnet_utils/nnet_common.h:66->firmware/nnet_utils/nnet_common.h:44->firmware/nnet_utils/nnet_common.h:46->firmware/nnet_utils/nnet_common.h:46->firmware/nnet_utils/nnet_common.h:46->firmware/nnet_utils/nnet_pooling_stream.h:21->firmware/nnet_utils/nnet_pooling_stream.h:68->firmware/nnet_utils/nnet_pooling_stream.h:115]   --->   Operation 498 'icmp' 'icmp_ln66_100' <Predicate = (icmp_ln55 & and_ln55_1)> <Delay = 2.19> <CoreInst = "Cmp">   --->   Core 9 'Cmp' <Latency = 0> <II = 1> <Delay = 2.19> <FuncUnit> <Opcode : 'seteq' 'setne' 'setle' 'setge' 'setlt' 'setgt'> <InPorts = 2> <OutPorts = 1>
ST_3 : Operation 499 [1/1] (0.00ns) (grouped into LUT with out node select_ln0_89)   --->   "%xor_ln66_100 = xor i1 %icmp_ln66_100, i1 1" [firmware/nnet_utils/nnet_common.h:66->firmware/nnet_utils/nnet_common.h:44->firmware/nnet_utils/nnet_common.h:46->firmware/nnet_utils/nnet_common.h:46->firmware/nnet_utils/nnet_common.h:46->firmware/nnet_utils/nnet_pooling_stream.h:21->firmware/nnet_utils/nnet_pooling_stream.h:68->firmware/nnet_utils/nnet_pooling_stream.h:115]   --->   Operation 499 'xor' 'xor_ln66_100' <Predicate = (icmp_ln55 & and_ln55_1)> <Delay = 0.00> <CoreInst = "LogicGate">   --->   Core 74 'LogicGate' <Latency = 0> <II = 1> <Delay = 0.97> <FuncUnit> <Opcode : 'and' 'or' 'xor'> <InPorts = 2> <OutPorts = 1>
ST_3 : Operation 500 [1/1] (0.97ns) (out node of the LUT)   --->   "%select_ln0_89 = select i1 %xor_ln66_100, i20 %p_ZZN4nnet22compute_pool_buffer_2dINS_5arrayI8ap_fixedILi20ELi10EL9ap_q_mode5EL9a_585, i20 %p_ZZN4nnet22compute_pool_buffer_2dINS_5arrayI8ap_fixedILi20ELi10EL9ap_q_mode5EL9a_586" [firmware/nnet_utils/nnet_common.h:0->firmware/nnet_utils/nnet_common.h:46->firmware/nnet_utils/nnet_common.h:46->firmware/nnet_utils/nnet_common.h:46->firmware/nnet_utils/nnet_pooling_stream.h:21->firmware/nnet_utils/nnet_pooling_stream.h:68->firmware/nnet_utils/nnet_pooling_stream.h:115]   --->   Operation 500 'select' 'select_ln0_89' <Predicate = (icmp_ln55 & and_ln55_1)> <Delay = 0.97> <CoreInst = "Sel">   --->   Core 73 'Sel' <Latency = 0> <II = 1> <Delay = 0.70> <FuncUnit> <Opcode : 'select'> <InPorts = 3> <OutPorts = 1>
ST_3 : Operation 501 [1/1] (2.19ns)   --->   "%icmp_ln66_101 = icmp_slt  i20 %select_ln0_88, i20 %select_ln0_89" [firmware/nnet_utils/nnet_common.h:66->firmware/nnet_utils/nnet_common.h:46->firmware/nnet_utils/nnet_common.h:46->firmware/nnet_utils/nnet_common.h:46->firmware/nnet_utils/nnet_pooling_stream.h:21->firmware/nnet_utils/nnet_pooling_stream.h:68->firmware/nnet_utils/nnet_pooling_stream.h:115]   --->   Operation 501 'icmp' 'icmp_ln66_101' <Predicate = (icmp_ln55 & and_ln55_1)> <Delay = 2.19> <CoreInst = "Cmp">   --->   Core 9 'Cmp' <Latency = 0> <II = 1> <Delay = 2.19> <FuncUnit> <Opcode : 'seteq' 'setne' 'setle' 'setge' 'setlt' 'setgt'> <InPorts = 2> <OutPorts = 1>
ST_3 : Operation 502 [1/1] (0.00ns) (grouped into LUT with out node select_ln0_90)   --->   "%xor_ln66_101 = xor i1 %icmp_ln66_101, i1 1" [firmware/nnet_utils/nnet_common.h:66->firmware/nnet_utils/nnet_common.h:46->firmware/nnet_utils/nnet_common.h:46->firmware/nnet_utils/nnet_common.h:46->firmware/nnet_utils/nnet_pooling_stream.h:21->firmware/nnet_utils/nnet_pooling_stream.h:68->firmware/nnet_utils/nnet_pooling_stream.h:115]   --->   Operation 502 'xor' 'xor_ln66_101' <Predicate = (icmp_ln55 & and_ln55_1)> <Delay = 0.00> <CoreInst = "LogicGate">   --->   Core 74 'LogicGate' <Latency = 0> <II = 1> <Delay = 0.97> <FuncUnit> <Opcode : 'and' 'or' 'xor'> <InPorts = 2> <OutPorts = 1>
ST_3 : Operation 503 [1/1] (0.97ns) (out node of the LUT)   --->   "%select_ln0_90 = select i1 %xor_ln66_101, i20 %select_ln0_88, i20 %select_ln0_89" [firmware/nnet_utils/nnet_common.h:0->firmware/nnet_utils/nnet_common.h:46->firmware/nnet_utils/nnet_common.h:46->firmware/nnet_utils/nnet_pooling_stream.h:21->firmware/nnet_utils/nnet_pooling_stream.h:68->firmware/nnet_utils/nnet_pooling_stream.h:115]   --->   Operation 503 'select' 'select_ln0_90' <Predicate = (icmp_ln55 & and_ln55_1)> <Delay = 0.97> <CoreInst = "Sel">   --->   Core 73 'Sel' <Latency = 0> <II = 1> <Delay = 0.70> <FuncUnit> <Opcode : 'select'> <InPorts = 3> <OutPorts = 1>
ST_3 : Operation 504 [1/1] (2.19ns)   --->   "%icmp_ln66_102 = icmp_slt  i20 %p_ZZN4nnet22compute_pool_buffer_2dINS_5arrayI8ap_fixedILi20ELi10EL9ap_q_mode5EL9a_587, i20 %p_ZZN4nnet22compute_pool_buffer_2dINS_5arrayI8ap_fixedILi20ELi10EL9ap_q_mode5EL9a_588" [firmware/nnet_utils/nnet_common.h:66->firmware/nnet_utils/nnet_common.h:44->firmware/nnet_utils/nnet_common.h:46->firmware/nnet_utils/nnet_common.h:46->firmware/nnet_utils/nnet_common.h:46->firmware/nnet_utils/nnet_pooling_stream.h:21->firmware/nnet_utils/nnet_pooling_stream.h:68->firmware/nnet_utils/nnet_pooling_stream.h:115]   --->   Operation 504 'icmp' 'icmp_ln66_102' <Predicate = (icmp_ln55 & and_ln55_1)> <Delay = 2.19> <CoreInst = "Cmp">   --->   Core 9 'Cmp' <Latency = 0> <II = 1> <Delay = 2.19> <FuncUnit> <Opcode : 'seteq' 'setne' 'setle' 'setge' 'setlt' 'setgt'> <InPorts = 2> <OutPorts = 1>
ST_3 : Operation 505 [1/1] (0.00ns) (grouped into LUT with out node select_ln0_91)   --->   "%xor_ln66_102 = xor i1 %icmp_ln66_102, i1 1" [firmware/nnet_utils/nnet_common.h:66->firmware/nnet_utils/nnet_common.h:44->firmware/nnet_utils/nnet_common.h:46->firmware/nnet_utils/nnet_common.h:46->firmware/nnet_utils/nnet_common.h:46->firmware/nnet_utils/nnet_pooling_stream.h:21->firmware/nnet_utils/nnet_pooling_stream.h:68->firmware/nnet_utils/nnet_pooling_stream.h:115]   --->   Operation 505 'xor' 'xor_ln66_102' <Predicate = (icmp_ln55 & and_ln55_1)> <Delay = 0.00> <CoreInst = "LogicGate">   --->   Core 74 'LogicGate' <Latency = 0> <II = 1> <Delay = 0.97> <FuncUnit> <Opcode : 'and' 'or' 'xor'> <InPorts = 2> <OutPorts = 1>
ST_3 : Operation 506 [1/1] (0.97ns) (out node of the LUT)   --->   "%select_ln0_91 = select i1 %xor_ln66_102, i20 %p_ZZN4nnet22compute_pool_buffer_2dINS_5arrayI8ap_fixedILi20ELi10EL9ap_q_mode5EL9a_587, i20 %p_ZZN4nnet22compute_pool_buffer_2dINS_5arrayI8ap_fixedILi20ELi10EL9ap_q_mode5EL9a_588" [firmware/nnet_utils/nnet_common.h:0->firmware/nnet_utils/nnet_common.h:46->firmware/nnet_utils/nnet_common.h:46->firmware/nnet_utils/nnet_common.h:46->firmware/nnet_utils/nnet_pooling_stream.h:21->firmware/nnet_utils/nnet_pooling_stream.h:68->firmware/nnet_utils/nnet_pooling_stream.h:115]   --->   Operation 506 'select' 'select_ln0_91' <Predicate = (icmp_ln55 & and_ln55_1)> <Delay = 0.97> <CoreInst = "Sel">   --->   Core 73 'Sel' <Latency = 0> <II = 1> <Delay = 0.70> <FuncUnit> <Opcode : 'select'> <InPorts = 3> <OutPorts = 1>
ST_3 : Operation 507 [1/1] (2.19ns)   --->   "%icmp_ln66_103 = icmp_slt  i20 %p_ZZN4nnet22compute_pool_buffer_2dINS_5arrayI8ap_fixedILi20ELi10EL9ap_q_mode5EL9a_589, i20 %p_ZZN4nnet22compute_pool_buffer_2dINS_5arrayI8ap_fixedILi20ELi10EL9ap_q_mode5EL9a_590" [firmware/nnet_utils/nnet_common.h:66->firmware/nnet_utils/nnet_common.h:44->firmware/nnet_utils/nnet_common.h:46->firmware/nnet_utils/nnet_common.h:46->firmware/nnet_utils/nnet_common.h:46->firmware/nnet_utils/nnet_pooling_stream.h:21->firmware/nnet_utils/nnet_pooling_stream.h:68->firmware/nnet_utils/nnet_pooling_stream.h:115]   --->   Operation 507 'icmp' 'icmp_ln66_103' <Predicate = (icmp_ln55 & and_ln55_1)> <Delay = 2.19> <CoreInst = "Cmp">   --->   Core 9 'Cmp' <Latency = 0> <II = 1> <Delay = 2.19> <FuncUnit> <Opcode : 'seteq' 'setne' 'setle' 'setge' 'setlt' 'setgt'> <InPorts = 2> <OutPorts = 1>
ST_3 : Operation 508 [1/1] (0.00ns) (grouped into LUT with out node select_ln0_92)   --->   "%xor_ln66_103 = xor i1 %icmp_ln66_103, i1 1" [firmware/nnet_utils/nnet_common.h:66->firmware/nnet_utils/nnet_common.h:44->firmware/nnet_utils/nnet_common.h:46->firmware/nnet_utils/nnet_common.h:46->firmware/nnet_utils/nnet_common.h:46->firmware/nnet_utils/nnet_pooling_stream.h:21->firmware/nnet_utils/nnet_pooling_stream.h:68->firmware/nnet_utils/nnet_pooling_stream.h:115]   --->   Operation 508 'xor' 'xor_ln66_103' <Predicate = (icmp_ln55 & and_ln55_1)> <Delay = 0.00> <CoreInst = "LogicGate">   --->   Core 74 'LogicGate' <Latency = 0> <II = 1> <Delay = 0.97> <FuncUnit> <Opcode : 'and' 'or' 'xor'> <InPorts = 2> <OutPorts = 1>
ST_3 : Operation 509 [1/1] (0.97ns) (out node of the LUT)   --->   "%select_ln0_92 = select i1 %xor_ln66_103, i20 %p_ZZN4nnet22compute_pool_buffer_2dINS_5arrayI8ap_fixedILi20ELi10EL9ap_q_mode5EL9a_589, i20 %p_ZZN4nnet22compute_pool_buffer_2dINS_5arrayI8ap_fixedILi20ELi10EL9ap_q_mode5EL9a_590" [firmware/nnet_utils/nnet_common.h:0->firmware/nnet_utils/nnet_common.h:46->firmware/nnet_utils/nnet_common.h:46->firmware/nnet_utils/nnet_common.h:46->firmware/nnet_utils/nnet_pooling_stream.h:21->firmware/nnet_utils/nnet_pooling_stream.h:68->firmware/nnet_utils/nnet_pooling_stream.h:115]   --->   Operation 509 'select' 'select_ln0_92' <Predicate = (icmp_ln55 & and_ln55_1)> <Delay = 0.97> <CoreInst = "Sel">   --->   Core 73 'Sel' <Latency = 0> <II = 1> <Delay = 0.70> <FuncUnit> <Opcode : 'select'> <InPorts = 3> <OutPorts = 1>
ST_3 : Operation 510 [1/1] (2.19ns)   --->   "%icmp_ln66_104 = icmp_slt  i20 %select_ln0_91, i20 %select_ln0_92" [firmware/nnet_utils/nnet_common.h:66->firmware/nnet_utils/nnet_common.h:46->firmware/nnet_utils/nnet_common.h:46->firmware/nnet_utils/nnet_common.h:46->firmware/nnet_utils/nnet_pooling_stream.h:21->firmware/nnet_utils/nnet_pooling_stream.h:68->firmware/nnet_utils/nnet_pooling_stream.h:115]   --->   Operation 510 'icmp' 'icmp_ln66_104' <Predicate = (icmp_ln55 & and_ln55_1)> <Delay = 2.19> <CoreInst = "Cmp">   --->   Core 9 'Cmp' <Latency = 0> <II = 1> <Delay = 2.19> <FuncUnit> <Opcode : 'seteq' 'setne' 'setle' 'setge' 'setlt' 'setgt'> <InPorts = 2> <OutPorts = 1>
ST_3 : Operation 511 [1/1] (0.00ns) (grouped into LUT with out node select_ln0_93)   --->   "%xor_ln66_104 = xor i1 %icmp_ln66_104, i1 1" [firmware/nnet_utils/nnet_common.h:66->firmware/nnet_utils/nnet_common.h:46->firmware/nnet_utils/nnet_common.h:46->firmware/nnet_utils/nnet_common.h:46->firmware/nnet_utils/nnet_pooling_stream.h:21->firmware/nnet_utils/nnet_pooling_stream.h:68->firmware/nnet_utils/nnet_pooling_stream.h:115]   --->   Operation 511 'xor' 'xor_ln66_104' <Predicate = (icmp_ln55 & and_ln55_1)> <Delay = 0.00> <CoreInst = "LogicGate">   --->   Core 74 'LogicGate' <Latency = 0> <II = 1> <Delay = 0.97> <FuncUnit> <Opcode : 'and' 'or' 'xor'> <InPorts = 2> <OutPorts = 1>
ST_3 : Operation 512 [1/1] (0.97ns) (out node of the LUT)   --->   "%select_ln0_93 = select i1 %xor_ln66_104, i20 %select_ln0_91, i20 %select_ln0_92" [firmware/nnet_utils/nnet_common.h:0->firmware/nnet_utils/nnet_common.h:46->firmware/nnet_utils/nnet_common.h:46->firmware/nnet_utils/nnet_pooling_stream.h:21->firmware/nnet_utils/nnet_pooling_stream.h:68->firmware/nnet_utils/nnet_pooling_stream.h:115]   --->   Operation 512 'select' 'select_ln0_93' <Predicate = (icmp_ln55 & and_ln55_1)> <Delay = 0.97> <CoreInst = "Sel">   --->   Core 73 'Sel' <Latency = 0> <II = 1> <Delay = 0.70> <FuncUnit> <Opcode : 'select'> <InPorts = 3> <OutPorts = 1>
ST_3 : Operation 513 [1/1] (2.19ns)   --->   "%icmp_ln66_105 = icmp_slt  i20 %select_ln0_90, i20 %select_ln0_93" [firmware/nnet_utils/nnet_common.h:66->firmware/nnet_utils/nnet_common.h:46->firmware/nnet_utils/nnet_common.h:46->firmware/nnet_utils/nnet_pooling_stream.h:21->firmware/nnet_utils/nnet_pooling_stream.h:68->firmware/nnet_utils/nnet_pooling_stream.h:115]   --->   Operation 513 'icmp' 'icmp_ln66_105' <Predicate = (icmp_ln55 & and_ln55_1)> <Delay = 2.19> <CoreInst = "Cmp">   --->   Core 9 'Cmp' <Latency = 0> <II = 1> <Delay = 2.19> <FuncUnit> <Opcode : 'seteq' 'setne' 'setle' 'setge' 'setlt' 'setgt'> <InPorts = 2> <OutPorts = 1>
ST_3 : Operation 514 [1/1] (0.00ns) (grouped into LUT with out node select_ln0_94)   --->   "%xor_ln66_105 = xor i1 %icmp_ln66_105, i1 1" [firmware/nnet_utils/nnet_common.h:66->firmware/nnet_utils/nnet_common.h:46->firmware/nnet_utils/nnet_common.h:46->firmware/nnet_utils/nnet_pooling_stream.h:21->firmware/nnet_utils/nnet_pooling_stream.h:68->firmware/nnet_utils/nnet_pooling_stream.h:115]   --->   Operation 514 'xor' 'xor_ln66_105' <Predicate = (icmp_ln55 & and_ln55_1)> <Delay = 0.00> <CoreInst = "LogicGate">   --->   Core 74 'LogicGate' <Latency = 0> <II = 1> <Delay = 0.97> <FuncUnit> <Opcode : 'and' 'or' 'xor'> <InPorts = 2> <OutPorts = 1>
ST_3 : Operation 515 [1/1] (0.97ns) (out node of the LUT)   --->   "%select_ln0_94 = select i1 %xor_ln66_105, i20 %select_ln0_90, i20 %select_ln0_93" [firmware/nnet_utils/nnet_common.h:0->firmware/nnet_utils/nnet_common.h:46->firmware/nnet_utils/nnet_pooling_stream.h:21->firmware/nnet_utils/nnet_pooling_stream.h:68->firmware/nnet_utils/nnet_pooling_stream.h:115]   --->   Operation 515 'select' 'select_ln0_94' <Predicate = (icmp_ln55 & and_ln55_1)> <Delay = 0.97> <CoreInst = "Sel">   --->   Core 73 'Sel' <Latency = 0> <II = 1> <Delay = 0.70> <FuncUnit> <Opcode : 'select'> <InPorts = 3> <OutPorts = 1>
ST_3 : Operation 516 [1/1] (2.19ns)   --->   "%icmp_ln66_106 = icmp_slt  i20 %p_ZZN4nnet22compute_pool_buffer_2dINS_5arrayI8ap_fixedILi20ELi10EL9ap_q_mode5EL9a_591, i20 %p_ZZN4nnet22compute_pool_buffer_2dINS_5arrayI8ap_fixedILi20ELi10EL9ap_q_mode5EL9a_592" [firmware/nnet_utils/nnet_common.h:66->firmware/nnet_utils/nnet_common.h:44->firmware/nnet_utils/nnet_common.h:46->firmware/nnet_utils/nnet_pooling_stream.h:21->firmware/nnet_utils/nnet_pooling_stream.h:68->firmware/nnet_utils/nnet_pooling_stream.h:115]   --->   Operation 516 'icmp' 'icmp_ln66_106' <Predicate = (icmp_ln55 & and_ln55_1)> <Delay = 2.19> <CoreInst = "Cmp">   --->   Core 9 'Cmp' <Latency = 0> <II = 1> <Delay = 2.19> <FuncUnit> <Opcode : 'seteq' 'setne' 'setle' 'setge' 'setlt' 'setgt'> <InPorts = 2> <OutPorts = 1>
ST_3 : Operation 517 [1/1] (0.00ns) (grouped into LUT with out node select_ln0_95)   --->   "%xor_ln66_106 = xor i1 %icmp_ln66_106, i1 1" [firmware/nnet_utils/nnet_common.h:66->firmware/nnet_utils/nnet_common.h:44->firmware/nnet_utils/nnet_common.h:46->firmware/nnet_utils/nnet_pooling_stream.h:21->firmware/nnet_utils/nnet_pooling_stream.h:68->firmware/nnet_utils/nnet_pooling_stream.h:115]   --->   Operation 517 'xor' 'xor_ln66_106' <Predicate = (icmp_ln55 & and_ln55_1)> <Delay = 0.00> <CoreInst = "LogicGate">   --->   Core 74 'LogicGate' <Latency = 0> <II = 1> <Delay = 0.97> <FuncUnit> <Opcode : 'and' 'or' 'xor'> <InPorts = 2> <OutPorts = 1>
ST_3 : Operation 518 [1/1] (0.97ns) (out node of the LUT)   --->   "%select_ln0_95 = select i1 %xor_ln66_106, i20 %p_ZZN4nnet22compute_pool_buffer_2dINS_5arrayI8ap_fixedILi20ELi10EL9ap_q_mode5EL9a_591, i20 %p_ZZN4nnet22compute_pool_buffer_2dINS_5arrayI8ap_fixedILi20ELi10EL9ap_q_mode5EL9a_592" [firmware/nnet_utils/nnet_common.h:0->firmware/nnet_utils/nnet_common.h:46->firmware/nnet_utils/nnet_pooling_stream.h:21->firmware/nnet_utils/nnet_pooling_stream.h:68->firmware/nnet_utils/nnet_pooling_stream.h:115]   --->   Operation 518 'select' 'select_ln0_95' <Predicate = (icmp_ln55 & and_ln55_1)> <Delay = 0.97> <CoreInst = "Sel">   --->   Core 73 'Sel' <Latency = 0> <II = 1> <Delay = 0.70> <FuncUnit> <Opcode : 'select'> <InPorts = 3> <OutPorts = 1>
ST_3 : Operation 519 [1/1] (2.19ns)   --->   "%icmp_ln66_107 = icmp_slt  i20 %select_ln0_94, i20 %select_ln0_95" [firmware/nnet_utils/nnet_common.h:66->firmware/nnet_utils/nnet_common.h:46->firmware/nnet_utils/nnet_pooling_stream.h:21->firmware/nnet_utils/nnet_pooling_stream.h:68->firmware/nnet_utils/nnet_pooling_stream.h:115]   --->   Operation 519 'icmp' 'icmp_ln66_107' <Predicate = (icmp_ln55 & and_ln55_1)> <Delay = 2.19> <CoreInst = "Cmp">   --->   Core 9 'Cmp' <Latency = 0> <II = 1> <Delay = 2.19> <FuncUnit> <Opcode : 'seteq' 'setne' 'setle' 'setge' 'setlt' 'setgt'> <InPorts = 2> <OutPorts = 1>
ST_3 : Operation 520 [1/1] (0.00ns) (grouped into LUT with out node res_pack_11)   --->   "%xor_ln66_107 = xor i1 %icmp_ln66_107, i1 1" [firmware/nnet_utils/nnet_common.h:66->firmware/nnet_utils/nnet_common.h:46->firmware/nnet_utils/nnet_pooling_stream.h:21->firmware/nnet_utils/nnet_pooling_stream.h:68->firmware/nnet_utils/nnet_pooling_stream.h:115]   --->   Operation 520 'xor' 'xor_ln66_107' <Predicate = (icmp_ln55 & and_ln55_1)> <Delay = 0.00> <CoreInst = "LogicGate">   --->   Core 74 'LogicGate' <Latency = 0> <II = 1> <Delay = 0.97> <FuncUnit> <Opcode : 'and' 'or' 'xor'> <InPorts = 2> <OutPorts = 1>
ST_3 : Operation 521 [1/1] (0.97ns) (out node of the LUT)   --->   "%res_pack_11 = select i1 %xor_ln66_107, i20 %select_ln0_94, i20 %select_ln0_95" [firmware/nnet_utils/nnet_pooling_stream.h:67->firmware/nnet_utils/nnet_pooling_stream.h:115]   --->   Operation 521 'select' 'res_pack_11' <Predicate = (icmp_ln55 & and_ln55_1)> <Delay = 0.97> <CoreInst = "Sel">   --->   Core 73 'Sel' <Latency = 0> <II = 1> <Delay = 0.70> <FuncUnit> <Opcode : 'select'> <InPorts = 3> <OutPorts = 1>
ST_3 : Operation 522 [1/1] (0.00ns)   --->   "%p_ZZN4nnet22compute_pool_buffer_2dINS_5arrayI8ap_fixedILi20ELi10EL9ap_q_mode5EL9a_593 = load i20 %p_ZZN4nnet22compute_pool_buffer_2dINS_5arrayI8ap_fixedILi20ELi10EL9ap_q_mode5EL9a_267" [firmware/nnet_utils/nnet_pooling_stream.h:63->firmware/nnet_utils/nnet_pooling_stream.h:115]   --->   Operation 522 'load' 'p_ZZN4nnet22compute_pool_buffer_2dINS_5arrayI8ap_fixedILi20ELi10EL9ap_q_mode5EL9a_593' <Predicate = (icmp_ln55 & and_ln55_1)> <Delay = 0.00>
ST_3 : Operation 523 [1/1] (0.00ns)   --->   "%p_ZZN4nnet22compute_pool_buffer_2dINS_5arrayI8ap_fixedILi20ELi10EL9ap_q_mode5EL9a_594 = load i20 %p_ZZN4nnet22compute_pool_buffer_2dINS_5arrayI8ap_fixedILi20ELi10EL9ap_q_mode5EL9a_69" [firmware/nnet_utils/nnet_pooling_stream.h:63->firmware/nnet_utils/nnet_pooling_stream.h:115]   --->   Operation 523 'load' 'p_ZZN4nnet22compute_pool_buffer_2dINS_5arrayI8ap_fixedILi20ELi10EL9ap_q_mode5EL9a_594' <Predicate = (icmp_ln55 & and_ln55_1)> <Delay = 0.00>
ST_3 : Operation 524 [1/1] (0.00ns)   --->   "%p_ZZN4nnet22compute_pool_buffer_2dINS_5arrayI8ap_fixedILi20ELi10EL9ap_q_mode5EL9a_595 = load i20 %p_ZZN4nnet22compute_pool_buffer_2dINS_5arrayI8ap_fixedILi20ELi10EL9ap_q_mode5EL9a_51" [firmware/nnet_utils/nnet_pooling_stream.h:63->firmware/nnet_utils/nnet_pooling_stream.h:115]   --->   Operation 524 'load' 'p_ZZN4nnet22compute_pool_buffer_2dINS_5arrayI8ap_fixedILi20ELi10EL9ap_q_mode5EL9a_595' <Predicate = (icmp_ln55 & and_ln55_1)> <Delay = 0.00>
ST_3 : Operation 525 [1/1] (0.00ns)   --->   "%p_ZZN4nnet22compute_pool_buffer_2dINS_5arrayI8ap_fixedILi20ELi10EL9ap_q_mode5EL9a_596 = load i20 %p_ZZN4nnet22compute_pool_buffer_2dINS_5arrayI8ap_fixedILi20ELi10EL9ap_q_mode5EL9a_33" [firmware/nnet_utils/nnet_pooling_stream.h:63->firmware/nnet_utils/nnet_pooling_stream.h:115]   --->   Operation 525 'load' 'p_ZZN4nnet22compute_pool_buffer_2dINS_5arrayI8ap_fixedILi20ELi10EL9ap_q_mode5EL9a_596' <Predicate = (icmp_ln55 & and_ln55_1)> <Delay = 0.00>
ST_3 : Operation 526 [1/1] (0.00ns)   --->   "%p_ZZN4nnet22compute_pool_buffer_2dINS_5arrayI8ap_fixedILi20ELi10EL9ap_q_mode5EL9a_597 = load i20 %p_ZZN4nnet22compute_pool_buffer_2dINS_5arrayI8ap_fixedILi20ELi10EL9ap_q_mode5EL9a_15" [firmware/nnet_utils/nnet_pooling_stream.h:63->firmware/nnet_utils/nnet_pooling_stream.h:115]   --->   Operation 526 'load' 'p_ZZN4nnet22compute_pool_buffer_2dINS_5arrayI8ap_fixedILi20ELi10EL9ap_q_mode5EL9a_597' <Predicate = (icmp_ln55 & and_ln55_1)> <Delay = 0.00>
ST_3 : Operation 527 [1/1] (0.00ns)   --->   "%p_ZZN4nnet22compute_pool_buffer_2dINS_5arrayI8ap_fixedILi20ELi10EL9ap_q_mode5EL9a_598 = load i20 %p_ZZN4nnet22compute_pool_buffer_2dINS_5arrayI8ap_fixedILi20ELi10EL9ap_q_mode5EL9a_248" [firmware/nnet_utils/nnet_pooling_stream.h:63->firmware/nnet_utils/nnet_pooling_stream.h:115]   --->   Operation 527 'load' 'p_ZZN4nnet22compute_pool_buffer_2dINS_5arrayI8ap_fixedILi20ELi10EL9ap_q_mode5EL9a_598' <Predicate = (icmp_ln55 & and_ln55_1)> <Delay = 0.00>
ST_3 : Operation 528 [1/1] (0.00ns)   --->   "%p_ZZN4nnet22compute_pool_buffer_2dINS_5arrayI8ap_fixedILi20ELi10EL9ap_q_mode5EL9a_599 = load i20 %p_ZZN4nnet22compute_pool_buffer_2dINS_5arrayI8ap_fixedILi20ELi10EL9ap_q_mode5EL9a_268" [firmware/nnet_utils/nnet_pooling_stream.h:63->firmware/nnet_utils/nnet_pooling_stream.h:115]   --->   Operation 528 'load' 'p_ZZN4nnet22compute_pool_buffer_2dINS_5arrayI8ap_fixedILi20ELi10EL9ap_q_mode5EL9a_599' <Predicate = (icmp_ln55 & and_ln55_1)> <Delay = 0.00>
ST_3 : Operation 529 [1/1] (0.00ns)   --->   "%p_ZZN4nnet22compute_pool_buffer_2dINS_5arrayI8ap_fixedILi20ELi10EL9ap_q_mode5EL9a_600 = load i20 %p_ZZN4nnet22compute_pool_buffer_2dINS_5arrayI8ap_fixedILi20ELi10EL9ap_q_mode5EL9a_287" [firmware/nnet_utils/nnet_pooling_stream.h:63->firmware/nnet_utils/nnet_pooling_stream.h:115]   --->   Operation 529 'load' 'p_ZZN4nnet22compute_pool_buffer_2dINS_5arrayI8ap_fixedILi20ELi10EL9ap_q_mode5EL9a_600' <Predicate = (icmp_ln55 & and_ln55_1)> <Delay = 0.00>
ST_3 : Operation 530 [1/1] (0.00ns)   --->   "%p_ZZN4nnet22compute_pool_buffer_2dINS_5arrayI8ap_fixedILi20ELi10EL9ap_q_mode5EL9a_601 = load i20 %p_ZZN4nnet22compute_pool_buffer_2dINS_5arrayI8ap_fixedILi20ELi10EL9ap_q_mode5EL9a_307" [firmware/nnet_utils/nnet_pooling_stream.h:63->firmware/nnet_utils/nnet_pooling_stream.h:115]   --->   Operation 530 'load' 'p_ZZN4nnet22compute_pool_buffer_2dINS_5arrayI8ap_fixedILi20ELi10EL9ap_q_mode5EL9a_601' <Predicate = (icmp_ln55 & and_ln55_1)> <Delay = 0.00>
ST_3 : Operation 531 [1/1] (0.00ns)   --->   "%p_ZZN4nnet22compute_pool_buffer_2dINS_5arrayI8ap_fixedILi20ELi10EL9ap_q_mode5EL9a_602 = load i20 %p_ZZN4nnet22compute_pool_buffer_2dINS_5arrayI8ap_fixedILi20ELi10EL9ap_q_mode5EL9a_87" [firmware/nnet_utils/nnet_pooling_stream.h:63->firmware/nnet_utils/nnet_pooling_stream.h:115]   --->   Operation 531 'load' 'p_ZZN4nnet22compute_pool_buffer_2dINS_5arrayI8ap_fixedILi20ELi10EL9ap_q_mode5EL9a_602' <Predicate = (icmp_ln55 & and_ln55_1)> <Delay = 0.00>
ST_3 : Operation 532 [1/1] (2.19ns)   --->   "%icmp_ln66_108 = icmp_slt  i20 %p_ZZN4nnet22compute_pool_buffer_2dINS_5arrayI8ap_fixedILi20ELi10EL9ap_q_mode5EL9a_593, i20 %p_ZZN4nnet22compute_pool_buffer_2dINS_5arrayI8ap_fixedILi20ELi10EL9ap_q_mode5EL9a_594" [firmware/nnet_utils/nnet_common.h:66->firmware/nnet_utils/nnet_common.h:44->firmware/nnet_utils/nnet_common.h:46->firmware/nnet_utils/nnet_common.h:46->firmware/nnet_utils/nnet_common.h:46->firmware/nnet_utils/nnet_pooling_stream.h:21->firmware/nnet_utils/nnet_pooling_stream.h:68->firmware/nnet_utils/nnet_pooling_stream.h:115]   --->   Operation 532 'icmp' 'icmp_ln66_108' <Predicate = (icmp_ln55 & and_ln55_1)> <Delay = 2.19> <CoreInst = "Cmp">   --->   Core 9 'Cmp' <Latency = 0> <II = 1> <Delay = 2.19> <FuncUnit> <Opcode : 'seteq' 'setne' 'setle' 'setge' 'setlt' 'setgt'> <InPorts = 2> <OutPorts = 1>
ST_3 : Operation 533 [1/1] (0.00ns) (grouped into LUT with out node select_ln0_96)   --->   "%xor_ln66_108 = xor i1 %icmp_ln66_108, i1 1" [firmware/nnet_utils/nnet_common.h:66->firmware/nnet_utils/nnet_common.h:44->firmware/nnet_utils/nnet_common.h:46->firmware/nnet_utils/nnet_common.h:46->firmware/nnet_utils/nnet_common.h:46->firmware/nnet_utils/nnet_pooling_stream.h:21->firmware/nnet_utils/nnet_pooling_stream.h:68->firmware/nnet_utils/nnet_pooling_stream.h:115]   --->   Operation 533 'xor' 'xor_ln66_108' <Predicate = (icmp_ln55 & and_ln55_1)> <Delay = 0.00> <CoreInst = "LogicGate">   --->   Core 74 'LogicGate' <Latency = 0> <II = 1> <Delay = 0.97> <FuncUnit> <Opcode : 'and' 'or' 'xor'> <InPorts = 2> <OutPorts = 1>
ST_3 : Operation 534 [1/1] (0.97ns) (out node of the LUT)   --->   "%select_ln0_96 = select i1 %xor_ln66_108, i20 %p_ZZN4nnet22compute_pool_buffer_2dINS_5arrayI8ap_fixedILi20ELi10EL9ap_q_mode5EL9a_593, i20 %p_ZZN4nnet22compute_pool_buffer_2dINS_5arrayI8ap_fixedILi20ELi10EL9ap_q_mode5EL9a_594" [firmware/nnet_utils/nnet_common.h:0->firmware/nnet_utils/nnet_common.h:46->firmware/nnet_utils/nnet_common.h:46->firmware/nnet_utils/nnet_common.h:46->firmware/nnet_utils/nnet_pooling_stream.h:21->firmware/nnet_utils/nnet_pooling_stream.h:68->firmware/nnet_utils/nnet_pooling_stream.h:115]   --->   Operation 534 'select' 'select_ln0_96' <Predicate = (icmp_ln55 & and_ln55_1)> <Delay = 0.97> <CoreInst = "Sel">   --->   Core 73 'Sel' <Latency = 0> <II = 1> <Delay = 0.70> <FuncUnit> <Opcode : 'select'> <InPorts = 3> <OutPorts = 1>
ST_3 : Operation 535 [1/1] (2.19ns)   --->   "%icmp_ln66_109 = icmp_slt  i20 %p_ZZN4nnet22compute_pool_buffer_2dINS_5arrayI8ap_fixedILi20ELi10EL9ap_q_mode5EL9a_595, i20 %p_ZZN4nnet22compute_pool_buffer_2dINS_5arrayI8ap_fixedILi20ELi10EL9ap_q_mode5EL9a_596" [firmware/nnet_utils/nnet_common.h:66->firmware/nnet_utils/nnet_common.h:44->firmware/nnet_utils/nnet_common.h:46->firmware/nnet_utils/nnet_common.h:46->firmware/nnet_utils/nnet_common.h:46->firmware/nnet_utils/nnet_pooling_stream.h:21->firmware/nnet_utils/nnet_pooling_stream.h:68->firmware/nnet_utils/nnet_pooling_stream.h:115]   --->   Operation 535 'icmp' 'icmp_ln66_109' <Predicate = (icmp_ln55 & and_ln55_1)> <Delay = 2.19> <CoreInst = "Cmp">   --->   Core 9 'Cmp' <Latency = 0> <II = 1> <Delay = 2.19> <FuncUnit> <Opcode : 'seteq' 'setne' 'setle' 'setge' 'setlt' 'setgt'> <InPorts = 2> <OutPorts = 1>
ST_3 : Operation 536 [1/1] (0.00ns) (grouped into LUT with out node select_ln0_97)   --->   "%xor_ln66_109 = xor i1 %icmp_ln66_109, i1 1" [firmware/nnet_utils/nnet_common.h:66->firmware/nnet_utils/nnet_common.h:44->firmware/nnet_utils/nnet_common.h:46->firmware/nnet_utils/nnet_common.h:46->firmware/nnet_utils/nnet_common.h:46->firmware/nnet_utils/nnet_pooling_stream.h:21->firmware/nnet_utils/nnet_pooling_stream.h:68->firmware/nnet_utils/nnet_pooling_stream.h:115]   --->   Operation 536 'xor' 'xor_ln66_109' <Predicate = (icmp_ln55 & and_ln55_1)> <Delay = 0.00> <CoreInst = "LogicGate">   --->   Core 74 'LogicGate' <Latency = 0> <II = 1> <Delay = 0.97> <FuncUnit> <Opcode : 'and' 'or' 'xor'> <InPorts = 2> <OutPorts = 1>
ST_3 : Operation 537 [1/1] (0.97ns) (out node of the LUT)   --->   "%select_ln0_97 = select i1 %xor_ln66_109, i20 %p_ZZN4nnet22compute_pool_buffer_2dINS_5arrayI8ap_fixedILi20ELi10EL9ap_q_mode5EL9a_595, i20 %p_ZZN4nnet22compute_pool_buffer_2dINS_5arrayI8ap_fixedILi20ELi10EL9ap_q_mode5EL9a_596" [firmware/nnet_utils/nnet_common.h:0->firmware/nnet_utils/nnet_common.h:46->firmware/nnet_utils/nnet_common.h:46->firmware/nnet_utils/nnet_common.h:46->firmware/nnet_utils/nnet_pooling_stream.h:21->firmware/nnet_utils/nnet_pooling_stream.h:68->firmware/nnet_utils/nnet_pooling_stream.h:115]   --->   Operation 537 'select' 'select_ln0_97' <Predicate = (icmp_ln55 & and_ln55_1)> <Delay = 0.97> <CoreInst = "Sel">   --->   Core 73 'Sel' <Latency = 0> <II = 1> <Delay = 0.70> <FuncUnit> <Opcode : 'select'> <InPorts = 3> <OutPorts = 1>
ST_3 : Operation 538 [1/1] (2.19ns)   --->   "%icmp_ln66_110 = icmp_slt  i20 %select_ln0_96, i20 %select_ln0_97" [firmware/nnet_utils/nnet_common.h:66->firmware/nnet_utils/nnet_common.h:46->firmware/nnet_utils/nnet_common.h:46->firmware/nnet_utils/nnet_common.h:46->firmware/nnet_utils/nnet_pooling_stream.h:21->firmware/nnet_utils/nnet_pooling_stream.h:68->firmware/nnet_utils/nnet_pooling_stream.h:115]   --->   Operation 538 'icmp' 'icmp_ln66_110' <Predicate = (icmp_ln55 & and_ln55_1)> <Delay = 2.19> <CoreInst = "Cmp">   --->   Core 9 'Cmp' <Latency = 0> <II = 1> <Delay = 2.19> <FuncUnit> <Opcode : 'seteq' 'setne' 'setle' 'setge' 'setlt' 'setgt'> <InPorts = 2> <OutPorts = 1>
ST_3 : Operation 539 [1/1] (0.00ns) (grouped into LUT with out node select_ln0_98)   --->   "%xor_ln66_110 = xor i1 %icmp_ln66_110, i1 1" [firmware/nnet_utils/nnet_common.h:66->firmware/nnet_utils/nnet_common.h:46->firmware/nnet_utils/nnet_common.h:46->firmware/nnet_utils/nnet_common.h:46->firmware/nnet_utils/nnet_pooling_stream.h:21->firmware/nnet_utils/nnet_pooling_stream.h:68->firmware/nnet_utils/nnet_pooling_stream.h:115]   --->   Operation 539 'xor' 'xor_ln66_110' <Predicate = (icmp_ln55 & and_ln55_1)> <Delay = 0.00> <CoreInst = "LogicGate">   --->   Core 74 'LogicGate' <Latency = 0> <II = 1> <Delay = 0.97> <FuncUnit> <Opcode : 'and' 'or' 'xor'> <InPorts = 2> <OutPorts = 1>
ST_3 : Operation 540 [1/1] (0.97ns) (out node of the LUT)   --->   "%select_ln0_98 = select i1 %xor_ln66_110, i20 %select_ln0_96, i20 %select_ln0_97" [firmware/nnet_utils/nnet_common.h:0->firmware/nnet_utils/nnet_common.h:46->firmware/nnet_utils/nnet_common.h:46->firmware/nnet_utils/nnet_pooling_stream.h:21->firmware/nnet_utils/nnet_pooling_stream.h:68->firmware/nnet_utils/nnet_pooling_stream.h:115]   --->   Operation 540 'select' 'select_ln0_98' <Predicate = (icmp_ln55 & and_ln55_1)> <Delay = 0.97> <CoreInst = "Sel">   --->   Core 73 'Sel' <Latency = 0> <II = 1> <Delay = 0.70> <FuncUnit> <Opcode : 'select'> <InPorts = 3> <OutPorts = 1>
ST_3 : Operation 541 [1/1] (2.19ns)   --->   "%icmp_ln66_111 = icmp_slt  i20 %p_ZZN4nnet22compute_pool_buffer_2dINS_5arrayI8ap_fixedILi20ELi10EL9ap_q_mode5EL9a_597, i20 %p_ZZN4nnet22compute_pool_buffer_2dINS_5arrayI8ap_fixedILi20ELi10EL9ap_q_mode5EL9a_598" [firmware/nnet_utils/nnet_common.h:66->firmware/nnet_utils/nnet_common.h:44->firmware/nnet_utils/nnet_common.h:46->firmware/nnet_utils/nnet_common.h:46->firmware/nnet_utils/nnet_common.h:46->firmware/nnet_utils/nnet_pooling_stream.h:21->firmware/nnet_utils/nnet_pooling_stream.h:68->firmware/nnet_utils/nnet_pooling_stream.h:115]   --->   Operation 541 'icmp' 'icmp_ln66_111' <Predicate = (icmp_ln55 & and_ln55_1)> <Delay = 2.19> <CoreInst = "Cmp">   --->   Core 9 'Cmp' <Latency = 0> <II = 1> <Delay = 2.19> <FuncUnit> <Opcode : 'seteq' 'setne' 'setle' 'setge' 'setlt' 'setgt'> <InPorts = 2> <OutPorts = 1>
ST_3 : Operation 542 [1/1] (0.00ns) (grouped into LUT with out node select_ln0_99)   --->   "%xor_ln66_111 = xor i1 %icmp_ln66_111, i1 1" [firmware/nnet_utils/nnet_common.h:66->firmware/nnet_utils/nnet_common.h:44->firmware/nnet_utils/nnet_common.h:46->firmware/nnet_utils/nnet_common.h:46->firmware/nnet_utils/nnet_common.h:46->firmware/nnet_utils/nnet_pooling_stream.h:21->firmware/nnet_utils/nnet_pooling_stream.h:68->firmware/nnet_utils/nnet_pooling_stream.h:115]   --->   Operation 542 'xor' 'xor_ln66_111' <Predicate = (icmp_ln55 & and_ln55_1)> <Delay = 0.00> <CoreInst = "LogicGate">   --->   Core 74 'LogicGate' <Latency = 0> <II = 1> <Delay = 0.97> <FuncUnit> <Opcode : 'and' 'or' 'xor'> <InPorts = 2> <OutPorts = 1>
ST_3 : Operation 543 [1/1] (0.97ns) (out node of the LUT)   --->   "%select_ln0_99 = select i1 %xor_ln66_111, i20 %p_ZZN4nnet22compute_pool_buffer_2dINS_5arrayI8ap_fixedILi20ELi10EL9ap_q_mode5EL9a_597, i20 %p_ZZN4nnet22compute_pool_buffer_2dINS_5arrayI8ap_fixedILi20ELi10EL9ap_q_mode5EL9a_598" [firmware/nnet_utils/nnet_common.h:0->firmware/nnet_utils/nnet_common.h:46->firmware/nnet_utils/nnet_common.h:46->firmware/nnet_utils/nnet_common.h:46->firmware/nnet_utils/nnet_pooling_stream.h:21->firmware/nnet_utils/nnet_pooling_stream.h:68->firmware/nnet_utils/nnet_pooling_stream.h:115]   --->   Operation 543 'select' 'select_ln0_99' <Predicate = (icmp_ln55 & and_ln55_1)> <Delay = 0.97> <CoreInst = "Sel">   --->   Core 73 'Sel' <Latency = 0> <II = 1> <Delay = 0.70> <FuncUnit> <Opcode : 'select'> <InPorts = 3> <OutPorts = 1>
ST_3 : Operation 544 [1/1] (2.19ns)   --->   "%icmp_ln66_112 = icmp_slt  i20 %p_ZZN4nnet22compute_pool_buffer_2dINS_5arrayI8ap_fixedILi20ELi10EL9ap_q_mode5EL9a_599, i20 %p_ZZN4nnet22compute_pool_buffer_2dINS_5arrayI8ap_fixedILi20ELi10EL9ap_q_mode5EL9a_600" [firmware/nnet_utils/nnet_common.h:66->firmware/nnet_utils/nnet_common.h:44->firmware/nnet_utils/nnet_common.h:46->firmware/nnet_utils/nnet_common.h:46->firmware/nnet_utils/nnet_common.h:46->firmware/nnet_utils/nnet_pooling_stream.h:21->firmware/nnet_utils/nnet_pooling_stream.h:68->firmware/nnet_utils/nnet_pooling_stream.h:115]   --->   Operation 544 'icmp' 'icmp_ln66_112' <Predicate = (icmp_ln55 & and_ln55_1)> <Delay = 2.19> <CoreInst = "Cmp">   --->   Core 9 'Cmp' <Latency = 0> <II = 1> <Delay = 2.19> <FuncUnit> <Opcode : 'seteq' 'setne' 'setle' 'setge' 'setlt' 'setgt'> <InPorts = 2> <OutPorts = 1>
ST_3 : Operation 545 [1/1] (0.00ns) (grouped into LUT with out node select_ln0_100)   --->   "%xor_ln66_112 = xor i1 %icmp_ln66_112, i1 1" [firmware/nnet_utils/nnet_common.h:66->firmware/nnet_utils/nnet_common.h:44->firmware/nnet_utils/nnet_common.h:46->firmware/nnet_utils/nnet_common.h:46->firmware/nnet_utils/nnet_common.h:46->firmware/nnet_utils/nnet_pooling_stream.h:21->firmware/nnet_utils/nnet_pooling_stream.h:68->firmware/nnet_utils/nnet_pooling_stream.h:115]   --->   Operation 545 'xor' 'xor_ln66_112' <Predicate = (icmp_ln55 & and_ln55_1)> <Delay = 0.00> <CoreInst = "LogicGate">   --->   Core 74 'LogicGate' <Latency = 0> <II = 1> <Delay = 0.97> <FuncUnit> <Opcode : 'and' 'or' 'xor'> <InPorts = 2> <OutPorts = 1>
ST_3 : Operation 546 [1/1] (0.97ns) (out node of the LUT)   --->   "%select_ln0_100 = select i1 %xor_ln66_112, i20 %p_ZZN4nnet22compute_pool_buffer_2dINS_5arrayI8ap_fixedILi20ELi10EL9ap_q_mode5EL9a_599, i20 %p_ZZN4nnet22compute_pool_buffer_2dINS_5arrayI8ap_fixedILi20ELi10EL9ap_q_mode5EL9a_600" [firmware/nnet_utils/nnet_common.h:0->firmware/nnet_utils/nnet_common.h:46->firmware/nnet_utils/nnet_common.h:46->firmware/nnet_utils/nnet_common.h:46->firmware/nnet_utils/nnet_pooling_stream.h:21->firmware/nnet_utils/nnet_pooling_stream.h:68->firmware/nnet_utils/nnet_pooling_stream.h:115]   --->   Operation 546 'select' 'select_ln0_100' <Predicate = (icmp_ln55 & and_ln55_1)> <Delay = 0.97> <CoreInst = "Sel">   --->   Core 73 'Sel' <Latency = 0> <II = 1> <Delay = 0.70> <FuncUnit> <Opcode : 'select'> <InPorts = 3> <OutPorts = 1>
ST_3 : Operation 547 [1/1] (2.19ns)   --->   "%icmp_ln66_113 = icmp_slt  i20 %select_ln0_99, i20 %select_ln0_100" [firmware/nnet_utils/nnet_common.h:66->firmware/nnet_utils/nnet_common.h:46->firmware/nnet_utils/nnet_common.h:46->firmware/nnet_utils/nnet_common.h:46->firmware/nnet_utils/nnet_pooling_stream.h:21->firmware/nnet_utils/nnet_pooling_stream.h:68->firmware/nnet_utils/nnet_pooling_stream.h:115]   --->   Operation 547 'icmp' 'icmp_ln66_113' <Predicate = (icmp_ln55 & and_ln55_1)> <Delay = 2.19> <CoreInst = "Cmp">   --->   Core 9 'Cmp' <Latency = 0> <II = 1> <Delay = 2.19> <FuncUnit> <Opcode : 'seteq' 'setne' 'setle' 'setge' 'setlt' 'setgt'> <InPorts = 2> <OutPorts = 1>
ST_3 : Operation 548 [1/1] (0.00ns) (grouped into LUT with out node select_ln0_101)   --->   "%xor_ln66_113 = xor i1 %icmp_ln66_113, i1 1" [firmware/nnet_utils/nnet_common.h:66->firmware/nnet_utils/nnet_common.h:46->firmware/nnet_utils/nnet_common.h:46->firmware/nnet_utils/nnet_common.h:46->firmware/nnet_utils/nnet_pooling_stream.h:21->firmware/nnet_utils/nnet_pooling_stream.h:68->firmware/nnet_utils/nnet_pooling_stream.h:115]   --->   Operation 548 'xor' 'xor_ln66_113' <Predicate = (icmp_ln55 & and_ln55_1)> <Delay = 0.00> <CoreInst = "LogicGate">   --->   Core 74 'LogicGate' <Latency = 0> <II = 1> <Delay = 0.97> <FuncUnit> <Opcode : 'and' 'or' 'xor'> <InPorts = 2> <OutPorts = 1>
ST_3 : Operation 549 [1/1] (0.97ns) (out node of the LUT)   --->   "%select_ln0_101 = select i1 %xor_ln66_113, i20 %select_ln0_99, i20 %select_ln0_100" [firmware/nnet_utils/nnet_common.h:0->firmware/nnet_utils/nnet_common.h:46->firmware/nnet_utils/nnet_common.h:46->firmware/nnet_utils/nnet_pooling_stream.h:21->firmware/nnet_utils/nnet_pooling_stream.h:68->firmware/nnet_utils/nnet_pooling_stream.h:115]   --->   Operation 549 'select' 'select_ln0_101' <Predicate = (icmp_ln55 & and_ln55_1)> <Delay = 0.97> <CoreInst = "Sel">   --->   Core 73 'Sel' <Latency = 0> <II = 1> <Delay = 0.70> <FuncUnit> <Opcode : 'select'> <InPorts = 3> <OutPorts = 1>
ST_3 : Operation 550 [1/1] (2.19ns)   --->   "%icmp_ln66_114 = icmp_slt  i20 %select_ln0_98, i20 %select_ln0_101" [firmware/nnet_utils/nnet_common.h:66->firmware/nnet_utils/nnet_common.h:46->firmware/nnet_utils/nnet_common.h:46->firmware/nnet_utils/nnet_pooling_stream.h:21->firmware/nnet_utils/nnet_pooling_stream.h:68->firmware/nnet_utils/nnet_pooling_stream.h:115]   --->   Operation 550 'icmp' 'icmp_ln66_114' <Predicate = (icmp_ln55 & and_ln55_1)> <Delay = 2.19> <CoreInst = "Cmp">   --->   Core 9 'Cmp' <Latency = 0> <II = 1> <Delay = 2.19> <FuncUnit> <Opcode : 'seteq' 'setne' 'setle' 'setge' 'setlt' 'setgt'> <InPorts = 2> <OutPorts = 1>
ST_3 : Operation 551 [1/1] (0.00ns) (grouped into LUT with out node select_ln0_102)   --->   "%xor_ln66_114 = xor i1 %icmp_ln66_114, i1 1" [firmware/nnet_utils/nnet_common.h:66->firmware/nnet_utils/nnet_common.h:46->firmware/nnet_utils/nnet_common.h:46->firmware/nnet_utils/nnet_pooling_stream.h:21->firmware/nnet_utils/nnet_pooling_stream.h:68->firmware/nnet_utils/nnet_pooling_stream.h:115]   --->   Operation 551 'xor' 'xor_ln66_114' <Predicate = (icmp_ln55 & and_ln55_1)> <Delay = 0.00> <CoreInst = "LogicGate">   --->   Core 74 'LogicGate' <Latency = 0> <II = 1> <Delay = 0.97> <FuncUnit> <Opcode : 'and' 'or' 'xor'> <InPorts = 2> <OutPorts = 1>
ST_3 : Operation 552 [1/1] (0.97ns) (out node of the LUT)   --->   "%select_ln0_102 = select i1 %xor_ln66_114, i20 %select_ln0_98, i20 %select_ln0_101" [firmware/nnet_utils/nnet_common.h:0->firmware/nnet_utils/nnet_common.h:46->firmware/nnet_utils/nnet_pooling_stream.h:21->firmware/nnet_utils/nnet_pooling_stream.h:68->firmware/nnet_utils/nnet_pooling_stream.h:115]   --->   Operation 552 'select' 'select_ln0_102' <Predicate = (icmp_ln55 & and_ln55_1)> <Delay = 0.97> <CoreInst = "Sel">   --->   Core 73 'Sel' <Latency = 0> <II = 1> <Delay = 0.70> <FuncUnit> <Opcode : 'select'> <InPorts = 3> <OutPorts = 1>
ST_3 : Operation 553 [1/1] (2.19ns)   --->   "%icmp_ln66_115 = icmp_slt  i20 %p_ZZN4nnet22compute_pool_buffer_2dINS_5arrayI8ap_fixedILi20ELi10EL9ap_q_mode5EL9a_601, i20 %p_ZZN4nnet22compute_pool_buffer_2dINS_5arrayI8ap_fixedILi20ELi10EL9ap_q_mode5EL9a_602" [firmware/nnet_utils/nnet_common.h:66->firmware/nnet_utils/nnet_common.h:44->firmware/nnet_utils/nnet_common.h:46->firmware/nnet_utils/nnet_pooling_stream.h:21->firmware/nnet_utils/nnet_pooling_stream.h:68->firmware/nnet_utils/nnet_pooling_stream.h:115]   --->   Operation 553 'icmp' 'icmp_ln66_115' <Predicate = (icmp_ln55 & and_ln55_1)> <Delay = 2.19> <CoreInst = "Cmp">   --->   Core 9 'Cmp' <Latency = 0> <II = 1> <Delay = 2.19> <FuncUnit> <Opcode : 'seteq' 'setne' 'setle' 'setge' 'setlt' 'setgt'> <InPorts = 2> <OutPorts = 1>
ST_3 : Operation 554 [1/1] (0.00ns) (grouped into LUT with out node select_ln0_103)   --->   "%xor_ln66_115 = xor i1 %icmp_ln66_115, i1 1" [firmware/nnet_utils/nnet_common.h:66->firmware/nnet_utils/nnet_common.h:44->firmware/nnet_utils/nnet_common.h:46->firmware/nnet_utils/nnet_pooling_stream.h:21->firmware/nnet_utils/nnet_pooling_stream.h:68->firmware/nnet_utils/nnet_pooling_stream.h:115]   --->   Operation 554 'xor' 'xor_ln66_115' <Predicate = (icmp_ln55 & and_ln55_1)> <Delay = 0.00> <CoreInst = "LogicGate">   --->   Core 74 'LogicGate' <Latency = 0> <II = 1> <Delay = 0.97> <FuncUnit> <Opcode : 'and' 'or' 'xor'> <InPorts = 2> <OutPorts = 1>
ST_3 : Operation 555 [1/1] (0.97ns) (out node of the LUT)   --->   "%select_ln0_103 = select i1 %xor_ln66_115, i20 %p_ZZN4nnet22compute_pool_buffer_2dINS_5arrayI8ap_fixedILi20ELi10EL9ap_q_mode5EL9a_601, i20 %p_ZZN4nnet22compute_pool_buffer_2dINS_5arrayI8ap_fixedILi20ELi10EL9ap_q_mode5EL9a_602" [firmware/nnet_utils/nnet_common.h:0->firmware/nnet_utils/nnet_common.h:46->firmware/nnet_utils/nnet_pooling_stream.h:21->firmware/nnet_utils/nnet_pooling_stream.h:68->firmware/nnet_utils/nnet_pooling_stream.h:115]   --->   Operation 555 'select' 'select_ln0_103' <Predicate = (icmp_ln55 & and_ln55_1)> <Delay = 0.97> <CoreInst = "Sel">   --->   Core 73 'Sel' <Latency = 0> <II = 1> <Delay = 0.70> <FuncUnit> <Opcode : 'select'> <InPorts = 3> <OutPorts = 1>
ST_3 : Operation 556 [1/1] (2.19ns)   --->   "%icmp_ln66_116 = icmp_slt  i20 %select_ln0_102, i20 %select_ln0_103" [firmware/nnet_utils/nnet_common.h:66->firmware/nnet_utils/nnet_common.h:46->firmware/nnet_utils/nnet_pooling_stream.h:21->firmware/nnet_utils/nnet_pooling_stream.h:68->firmware/nnet_utils/nnet_pooling_stream.h:115]   --->   Operation 556 'icmp' 'icmp_ln66_116' <Predicate = (icmp_ln55 & and_ln55_1)> <Delay = 2.19> <CoreInst = "Cmp">   --->   Core 9 'Cmp' <Latency = 0> <II = 1> <Delay = 2.19> <FuncUnit> <Opcode : 'seteq' 'setne' 'setle' 'setge' 'setlt' 'setgt'> <InPorts = 2> <OutPorts = 1>
ST_3 : Operation 557 [1/1] (0.00ns) (grouped into LUT with out node res_pack_12)   --->   "%xor_ln66_116 = xor i1 %icmp_ln66_116, i1 1" [firmware/nnet_utils/nnet_common.h:66->firmware/nnet_utils/nnet_common.h:46->firmware/nnet_utils/nnet_pooling_stream.h:21->firmware/nnet_utils/nnet_pooling_stream.h:68->firmware/nnet_utils/nnet_pooling_stream.h:115]   --->   Operation 557 'xor' 'xor_ln66_116' <Predicate = (icmp_ln55 & and_ln55_1)> <Delay = 0.00> <CoreInst = "LogicGate">   --->   Core 74 'LogicGate' <Latency = 0> <II = 1> <Delay = 0.97> <FuncUnit> <Opcode : 'and' 'or' 'xor'> <InPorts = 2> <OutPorts = 1>
ST_3 : Operation 558 [1/1] (0.97ns) (out node of the LUT)   --->   "%res_pack_12 = select i1 %xor_ln66_116, i20 %select_ln0_102, i20 %select_ln0_103" [firmware/nnet_utils/nnet_pooling_stream.h:67->firmware/nnet_utils/nnet_pooling_stream.h:115]   --->   Operation 558 'select' 'res_pack_12' <Predicate = (icmp_ln55 & and_ln55_1)> <Delay = 0.97> <CoreInst = "Sel">   --->   Core 73 'Sel' <Latency = 0> <II = 1> <Delay = 0.70> <FuncUnit> <Opcode : 'select'> <InPorts = 3> <OutPorts = 1>
ST_3 : Operation 559 [1/1] (0.00ns)   --->   "%p_ZZN4nnet22compute_pool_buffer_2dINS_5arrayI8ap_fixedILi20ELi10EL9ap_q_mode5EL9a_603 = load i20 %p_ZZN4nnet22compute_pool_buffer_2dINS_5arrayI8ap_fixedILi20ELi10EL9ap_q_mode5EL9a_278" [firmware/nnet_utils/nnet_pooling_stream.h:63->firmware/nnet_utils/nnet_pooling_stream.h:115]   --->   Operation 559 'load' 'p_ZZN4nnet22compute_pool_buffer_2dINS_5arrayI8ap_fixedILi20ELi10EL9ap_q_mode5EL9a_603' <Predicate = (icmp_ln55 & and_ln55_1)> <Delay = 0.00>
ST_3 : Operation 560 [1/1] (0.00ns)   --->   "%p_ZZN4nnet22compute_pool_buffer_2dINS_5arrayI8ap_fixedILi20ELi10EL9ap_q_mode5EL9a_604 = load i20 %p_ZZN4nnet22compute_pool_buffer_2dINS_5arrayI8ap_fixedILi20ELi10EL9ap_q_mode5EL9a_68" [firmware/nnet_utils/nnet_pooling_stream.h:63->firmware/nnet_utils/nnet_pooling_stream.h:115]   --->   Operation 560 'load' 'p_ZZN4nnet22compute_pool_buffer_2dINS_5arrayI8ap_fixedILi20ELi10EL9ap_q_mode5EL9a_604' <Predicate = (icmp_ln55 & and_ln55_1)> <Delay = 0.00>
ST_3 : Operation 561 [1/1] (0.00ns)   --->   "%p_ZZN4nnet22compute_pool_buffer_2dINS_5arrayI8ap_fixedILi20ELi10EL9ap_q_mode5EL9a_605 = load i20 %p_ZZN4nnet22compute_pool_buffer_2dINS_5arrayI8ap_fixedILi20ELi10EL9ap_q_mode5EL9a_50" [firmware/nnet_utils/nnet_pooling_stream.h:63->firmware/nnet_utils/nnet_pooling_stream.h:115]   --->   Operation 561 'load' 'p_ZZN4nnet22compute_pool_buffer_2dINS_5arrayI8ap_fixedILi20ELi10EL9ap_q_mode5EL9a_605' <Predicate = (icmp_ln55 & and_ln55_1)> <Delay = 0.00>
ST_3 : Operation 562 [1/1] (0.00ns)   --->   "%p_ZZN4nnet22compute_pool_buffer_2dINS_5arrayI8ap_fixedILi20ELi10EL9ap_q_mode5EL9a_606 = load i20 %p_ZZN4nnet22compute_pool_buffer_2dINS_5arrayI8ap_fixedILi20ELi10EL9ap_q_mode5EL9a_32" [firmware/nnet_utils/nnet_pooling_stream.h:63->firmware/nnet_utils/nnet_pooling_stream.h:115]   --->   Operation 562 'load' 'p_ZZN4nnet22compute_pool_buffer_2dINS_5arrayI8ap_fixedILi20ELi10EL9ap_q_mode5EL9a_606' <Predicate = (icmp_ln55 & and_ln55_1)> <Delay = 0.00>
ST_3 : Operation 563 [1/1] (0.00ns)   --->   "%p_ZZN4nnet22compute_pool_buffer_2dINS_5arrayI8ap_fixedILi20ELi10EL9ap_q_mode5EL9a_607 = load i20 %p_ZZN4nnet22compute_pool_buffer_2dINS_5arrayI8ap_fixedILi20ELi10EL9ap_q_mode5EL9a_14" [firmware/nnet_utils/nnet_pooling_stream.h:63->firmware/nnet_utils/nnet_pooling_stream.h:115]   --->   Operation 563 'load' 'p_ZZN4nnet22compute_pool_buffer_2dINS_5arrayI8ap_fixedILi20ELi10EL9ap_q_mode5EL9a_607' <Predicate = (icmp_ln55 & and_ln55_1)> <Delay = 0.00>
ST_3 : Operation 564 [1/1] (0.00ns)   --->   "%p_ZZN4nnet22compute_pool_buffer_2dINS_5arrayI8ap_fixedILi20ELi10EL9ap_q_mode5EL9a_608 = load i20 %p_ZZN4nnet22compute_pool_buffer_2dINS_5arrayI8ap_fixedILi20ELi10EL9ap_q_mode5EL9a_249" [firmware/nnet_utils/nnet_pooling_stream.h:63->firmware/nnet_utils/nnet_pooling_stream.h:115]   --->   Operation 564 'load' 'p_ZZN4nnet22compute_pool_buffer_2dINS_5arrayI8ap_fixedILi20ELi10EL9ap_q_mode5EL9a_608' <Predicate = (icmp_ln55 & and_ln55_1)> <Delay = 0.00>
ST_3 : Operation 565 [1/1] (0.00ns)   --->   "%p_ZZN4nnet22compute_pool_buffer_2dINS_5arrayI8ap_fixedILi20ELi10EL9ap_q_mode5EL9a_609 = load i20 %p_ZZN4nnet22compute_pool_buffer_2dINS_5arrayI8ap_fixedILi20ELi10EL9ap_q_mode5EL9a_269" [firmware/nnet_utils/nnet_pooling_stream.h:63->firmware/nnet_utils/nnet_pooling_stream.h:115]   --->   Operation 565 'load' 'p_ZZN4nnet22compute_pool_buffer_2dINS_5arrayI8ap_fixedILi20ELi10EL9ap_q_mode5EL9a_609' <Predicate = (icmp_ln55 & and_ln55_1)> <Delay = 0.00>
ST_3 : Operation 566 [1/1] (0.00ns)   --->   "%p_ZZN4nnet22compute_pool_buffer_2dINS_5arrayI8ap_fixedILi20ELi10EL9ap_q_mode5EL9a_610 = load i20 %p_ZZN4nnet22compute_pool_buffer_2dINS_5arrayI8ap_fixedILi20ELi10EL9ap_q_mode5EL9a_288" [firmware/nnet_utils/nnet_pooling_stream.h:63->firmware/nnet_utils/nnet_pooling_stream.h:115]   --->   Operation 566 'load' 'p_ZZN4nnet22compute_pool_buffer_2dINS_5arrayI8ap_fixedILi20ELi10EL9ap_q_mode5EL9a_610' <Predicate = (icmp_ln55 & and_ln55_1)> <Delay = 0.00>
ST_3 : Operation 567 [1/1] (0.00ns)   --->   "%p_ZZN4nnet22compute_pool_buffer_2dINS_5arrayI8ap_fixedILi20ELi10EL9ap_q_mode5EL9a_611 = load i20 %p_ZZN4nnet22compute_pool_buffer_2dINS_5arrayI8ap_fixedILi20ELi10EL9ap_q_mode5EL9a_308" [firmware/nnet_utils/nnet_pooling_stream.h:63->firmware/nnet_utils/nnet_pooling_stream.h:115]   --->   Operation 567 'load' 'p_ZZN4nnet22compute_pool_buffer_2dINS_5arrayI8ap_fixedILi20ELi10EL9ap_q_mode5EL9a_611' <Predicate = (icmp_ln55 & and_ln55_1)> <Delay = 0.00>
ST_3 : Operation 568 [1/1] (0.00ns)   --->   "%p_ZZN4nnet22compute_pool_buffer_2dINS_5arrayI8ap_fixedILi20ELi10EL9ap_q_mode5EL9a_612 = load i20 %p_ZZN4nnet22compute_pool_buffer_2dINS_5arrayI8ap_fixedILi20ELi10EL9ap_q_mode5EL9a_86" [firmware/nnet_utils/nnet_pooling_stream.h:63->firmware/nnet_utils/nnet_pooling_stream.h:115]   --->   Operation 568 'load' 'p_ZZN4nnet22compute_pool_buffer_2dINS_5arrayI8ap_fixedILi20ELi10EL9ap_q_mode5EL9a_612' <Predicate = (icmp_ln55 & and_ln55_1)> <Delay = 0.00>
ST_3 : Operation 569 [1/1] (2.19ns)   --->   "%icmp_ln66_117 = icmp_slt  i20 %p_ZZN4nnet22compute_pool_buffer_2dINS_5arrayI8ap_fixedILi20ELi10EL9ap_q_mode5EL9a_603, i20 %p_ZZN4nnet22compute_pool_buffer_2dINS_5arrayI8ap_fixedILi20ELi10EL9ap_q_mode5EL9a_604" [firmware/nnet_utils/nnet_common.h:66->firmware/nnet_utils/nnet_common.h:44->firmware/nnet_utils/nnet_common.h:46->firmware/nnet_utils/nnet_common.h:46->firmware/nnet_utils/nnet_common.h:46->firmware/nnet_utils/nnet_pooling_stream.h:21->firmware/nnet_utils/nnet_pooling_stream.h:68->firmware/nnet_utils/nnet_pooling_stream.h:115]   --->   Operation 569 'icmp' 'icmp_ln66_117' <Predicate = (icmp_ln55 & and_ln55_1)> <Delay = 2.19> <CoreInst = "Cmp">   --->   Core 9 'Cmp' <Latency = 0> <II = 1> <Delay = 2.19> <FuncUnit> <Opcode : 'seteq' 'setne' 'setle' 'setge' 'setlt' 'setgt'> <InPorts = 2> <OutPorts = 1>
ST_3 : Operation 570 [1/1] (0.00ns) (grouped into LUT with out node select_ln0_104)   --->   "%xor_ln66_117 = xor i1 %icmp_ln66_117, i1 1" [firmware/nnet_utils/nnet_common.h:66->firmware/nnet_utils/nnet_common.h:44->firmware/nnet_utils/nnet_common.h:46->firmware/nnet_utils/nnet_common.h:46->firmware/nnet_utils/nnet_common.h:46->firmware/nnet_utils/nnet_pooling_stream.h:21->firmware/nnet_utils/nnet_pooling_stream.h:68->firmware/nnet_utils/nnet_pooling_stream.h:115]   --->   Operation 570 'xor' 'xor_ln66_117' <Predicate = (icmp_ln55 & and_ln55_1)> <Delay = 0.00> <CoreInst = "LogicGate">   --->   Core 74 'LogicGate' <Latency = 0> <II = 1> <Delay = 0.97> <FuncUnit> <Opcode : 'and' 'or' 'xor'> <InPorts = 2> <OutPorts = 1>
ST_3 : Operation 571 [1/1] (0.97ns) (out node of the LUT)   --->   "%select_ln0_104 = select i1 %xor_ln66_117, i20 %p_ZZN4nnet22compute_pool_buffer_2dINS_5arrayI8ap_fixedILi20ELi10EL9ap_q_mode5EL9a_603, i20 %p_ZZN4nnet22compute_pool_buffer_2dINS_5arrayI8ap_fixedILi20ELi10EL9ap_q_mode5EL9a_604" [firmware/nnet_utils/nnet_common.h:0->firmware/nnet_utils/nnet_common.h:46->firmware/nnet_utils/nnet_common.h:46->firmware/nnet_utils/nnet_common.h:46->firmware/nnet_utils/nnet_pooling_stream.h:21->firmware/nnet_utils/nnet_pooling_stream.h:68->firmware/nnet_utils/nnet_pooling_stream.h:115]   --->   Operation 571 'select' 'select_ln0_104' <Predicate = (icmp_ln55 & and_ln55_1)> <Delay = 0.97> <CoreInst = "Sel">   --->   Core 73 'Sel' <Latency = 0> <II = 1> <Delay = 0.70> <FuncUnit> <Opcode : 'select'> <InPorts = 3> <OutPorts = 1>
ST_3 : Operation 572 [1/1] (2.19ns)   --->   "%icmp_ln66_118 = icmp_slt  i20 %p_ZZN4nnet22compute_pool_buffer_2dINS_5arrayI8ap_fixedILi20ELi10EL9ap_q_mode5EL9a_605, i20 %p_ZZN4nnet22compute_pool_buffer_2dINS_5arrayI8ap_fixedILi20ELi10EL9ap_q_mode5EL9a_606" [firmware/nnet_utils/nnet_common.h:66->firmware/nnet_utils/nnet_common.h:44->firmware/nnet_utils/nnet_common.h:46->firmware/nnet_utils/nnet_common.h:46->firmware/nnet_utils/nnet_common.h:46->firmware/nnet_utils/nnet_pooling_stream.h:21->firmware/nnet_utils/nnet_pooling_stream.h:68->firmware/nnet_utils/nnet_pooling_stream.h:115]   --->   Operation 572 'icmp' 'icmp_ln66_118' <Predicate = (icmp_ln55 & and_ln55_1)> <Delay = 2.19> <CoreInst = "Cmp">   --->   Core 9 'Cmp' <Latency = 0> <II = 1> <Delay = 2.19> <FuncUnit> <Opcode : 'seteq' 'setne' 'setle' 'setge' 'setlt' 'setgt'> <InPorts = 2> <OutPorts = 1>
ST_3 : Operation 573 [1/1] (0.00ns) (grouped into LUT with out node select_ln0_105)   --->   "%xor_ln66_118 = xor i1 %icmp_ln66_118, i1 1" [firmware/nnet_utils/nnet_common.h:66->firmware/nnet_utils/nnet_common.h:44->firmware/nnet_utils/nnet_common.h:46->firmware/nnet_utils/nnet_common.h:46->firmware/nnet_utils/nnet_common.h:46->firmware/nnet_utils/nnet_pooling_stream.h:21->firmware/nnet_utils/nnet_pooling_stream.h:68->firmware/nnet_utils/nnet_pooling_stream.h:115]   --->   Operation 573 'xor' 'xor_ln66_118' <Predicate = (icmp_ln55 & and_ln55_1)> <Delay = 0.00> <CoreInst = "LogicGate">   --->   Core 74 'LogicGate' <Latency = 0> <II = 1> <Delay = 0.97> <FuncUnit> <Opcode : 'and' 'or' 'xor'> <InPorts = 2> <OutPorts = 1>
ST_3 : Operation 574 [1/1] (0.97ns) (out node of the LUT)   --->   "%select_ln0_105 = select i1 %xor_ln66_118, i20 %p_ZZN4nnet22compute_pool_buffer_2dINS_5arrayI8ap_fixedILi20ELi10EL9ap_q_mode5EL9a_605, i20 %p_ZZN4nnet22compute_pool_buffer_2dINS_5arrayI8ap_fixedILi20ELi10EL9ap_q_mode5EL9a_606" [firmware/nnet_utils/nnet_common.h:0->firmware/nnet_utils/nnet_common.h:46->firmware/nnet_utils/nnet_common.h:46->firmware/nnet_utils/nnet_common.h:46->firmware/nnet_utils/nnet_pooling_stream.h:21->firmware/nnet_utils/nnet_pooling_stream.h:68->firmware/nnet_utils/nnet_pooling_stream.h:115]   --->   Operation 574 'select' 'select_ln0_105' <Predicate = (icmp_ln55 & and_ln55_1)> <Delay = 0.97> <CoreInst = "Sel">   --->   Core 73 'Sel' <Latency = 0> <II = 1> <Delay = 0.70> <FuncUnit> <Opcode : 'select'> <InPorts = 3> <OutPorts = 1>
ST_3 : Operation 575 [1/1] (2.19ns)   --->   "%icmp_ln66_119 = icmp_slt  i20 %select_ln0_104, i20 %select_ln0_105" [firmware/nnet_utils/nnet_common.h:66->firmware/nnet_utils/nnet_common.h:46->firmware/nnet_utils/nnet_common.h:46->firmware/nnet_utils/nnet_common.h:46->firmware/nnet_utils/nnet_pooling_stream.h:21->firmware/nnet_utils/nnet_pooling_stream.h:68->firmware/nnet_utils/nnet_pooling_stream.h:115]   --->   Operation 575 'icmp' 'icmp_ln66_119' <Predicate = (icmp_ln55 & and_ln55_1)> <Delay = 2.19> <CoreInst = "Cmp">   --->   Core 9 'Cmp' <Latency = 0> <II = 1> <Delay = 2.19> <FuncUnit> <Opcode : 'seteq' 'setne' 'setle' 'setge' 'setlt' 'setgt'> <InPorts = 2> <OutPorts = 1>
ST_3 : Operation 576 [1/1] (0.00ns) (grouped into LUT with out node select_ln0_106)   --->   "%xor_ln66_119 = xor i1 %icmp_ln66_119, i1 1" [firmware/nnet_utils/nnet_common.h:66->firmware/nnet_utils/nnet_common.h:46->firmware/nnet_utils/nnet_common.h:46->firmware/nnet_utils/nnet_common.h:46->firmware/nnet_utils/nnet_pooling_stream.h:21->firmware/nnet_utils/nnet_pooling_stream.h:68->firmware/nnet_utils/nnet_pooling_stream.h:115]   --->   Operation 576 'xor' 'xor_ln66_119' <Predicate = (icmp_ln55 & and_ln55_1)> <Delay = 0.00> <CoreInst = "LogicGate">   --->   Core 74 'LogicGate' <Latency = 0> <II = 1> <Delay = 0.97> <FuncUnit> <Opcode : 'and' 'or' 'xor'> <InPorts = 2> <OutPorts = 1>
ST_3 : Operation 577 [1/1] (0.97ns) (out node of the LUT)   --->   "%select_ln0_106 = select i1 %xor_ln66_119, i20 %select_ln0_104, i20 %select_ln0_105" [firmware/nnet_utils/nnet_common.h:0->firmware/nnet_utils/nnet_common.h:46->firmware/nnet_utils/nnet_common.h:46->firmware/nnet_utils/nnet_pooling_stream.h:21->firmware/nnet_utils/nnet_pooling_stream.h:68->firmware/nnet_utils/nnet_pooling_stream.h:115]   --->   Operation 577 'select' 'select_ln0_106' <Predicate = (icmp_ln55 & and_ln55_1)> <Delay = 0.97> <CoreInst = "Sel">   --->   Core 73 'Sel' <Latency = 0> <II = 1> <Delay = 0.70> <FuncUnit> <Opcode : 'select'> <InPorts = 3> <OutPorts = 1>
ST_3 : Operation 578 [1/1] (2.19ns)   --->   "%icmp_ln66_120 = icmp_slt  i20 %p_ZZN4nnet22compute_pool_buffer_2dINS_5arrayI8ap_fixedILi20ELi10EL9ap_q_mode5EL9a_607, i20 %p_ZZN4nnet22compute_pool_buffer_2dINS_5arrayI8ap_fixedILi20ELi10EL9ap_q_mode5EL9a_608" [firmware/nnet_utils/nnet_common.h:66->firmware/nnet_utils/nnet_common.h:44->firmware/nnet_utils/nnet_common.h:46->firmware/nnet_utils/nnet_common.h:46->firmware/nnet_utils/nnet_common.h:46->firmware/nnet_utils/nnet_pooling_stream.h:21->firmware/nnet_utils/nnet_pooling_stream.h:68->firmware/nnet_utils/nnet_pooling_stream.h:115]   --->   Operation 578 'icmp' 'icmp_ln66_120' <Predicate = (icmp_ln55 & and_ln55_1)> <Delay = 2.19> <CoreInst = "Cmp">   --->   Core 9 'Cmp' <Latency = 0> <II = 1> <Delay = 2.19> <FuncUnit> <Opcode : 'seteq' 'setne' 'setle' 'setge' 'setlt' 'setgt'> <InPorts = 2> <OutPorts = 1>
ST_3 : Operation 579 [1/1] (0.00ns) (grouped into LUT with out node select_ln0_107)   --->   "%xor_ln66_120 = xor i1 %icmp_ln66_120, i1 1" [firmware/nnet_utils/nnet_common.h:66->firmware/nnet_utils/nnet_common.h:44->firmware/nnet_utils/nnet_common.h:46->firmware/nnet_utils/nnet_common.h:46->firmware/nnet_utils/nnet_common.h:46->firmware/nnet_utils/nnet_pooling_stream.h:21->firmware/nnet_utils/nnet_pooling_stream.h:68->firmware/nnet_utils/nnet_pooling_stream.h:115]   --->   Operation 579 'xor' 'xor_ln66_120' <Predicate = (icmp_ln55 & and_ln55_1)> <Delay = 0.00> <CoreInst = "LogicGate">   --->   Core 74 'LogicGate' <Latency = 0> <II = 1> <Delay = 0.97> <FuncUnit> <Opcode : 'and' 'or' 'xor'> <InPorts = 2> <OutPorts = 1>
ST_3 : Operation 580 [1/1] (0.97ns) (out node of the LUT)   --->   "%select_ln0_107 = select i1 %xor_ln66_120, i20 %p_ZZN4nnet22compute_pool_buffer_2dINS_5arrayI8ap_fixedILi20ELi10EL9ap_q_mode5EL9a_607, i20 %p_ZZN4nnet22compute_pool_buffer_2dINS_5arrayI8ap_fixedILi20ELi10EL9ap_q_mode5EL9a_608" [firmware/nnet_utils/nnet_common.h:0->firmware/nnet_utils/nnet_common.h:46->firmware/nnet_utils/nnet_common.h:46->firmware/nnet_utils/nnet_common.h:46->firmware/nnet_utils/nnet_pooling_stream.h:21->firmware/nnet_utils/nnet_pooling_stream.h:68->firmware/nnet_utils/nnet_pooling_stream.h:115]   --->   Operation 580 'select' 'select_ln0_107' <Predicate = (icmp_ln55 & and_ln55_1)> <Delay = 0.97> <CoreInst = "Sel">   --->   Core 73 'Sel' <Latency = 0> <II = 1> <Delay = 0.70> <FuncUnit> <Opcode : 'select'> <InPorts = 3> <OutPorts = 1>
ST_3 : Operation 581 [1/1] (2.19ns)   --->   "%icmp_ln66_121 = icmp_slt  i20 %p_ZZN4nnet22compute_pool_buffer_2dINS_5arrayI8ap_fixedILi20ELi10EL9ap_q_mode5EL9a_609, i20 %p_ZZN4nnet22compute_pool_buffer_2dINS_5arrayI8ap_fixedILi20ELi10EL9ap_q_mode5EL9a_610" [firmware/nnet_utils/nnet_common.h:66->firmware/nnet_utils/nnet_common.h:44->firmware/nnet_utils/nnet_common.h:46->firmware/nnet_utils/nnet_common.h:46->firmware/nnet_utils/nnet_common.h:46->firmware/nnet_utils/nnet_pooling_stream.h:21->firmware/nnet_utils/nnet_pooling_stream.h:68->firmware/nnet_utils/nnet_pooling_stream.h:115]   --->   Operation 581 'icmp' 'icmp_ln66_121' <Predicate = (icmp_ln55 & and_ln55_1)> <Delay = 2.19> <CoreInst = "Cmp">   --->   Core 9 'Cmp' <Latency = 0> <II = 1> <Delay = 2.19> <FuncUnit> <Opcode : 'seteq' 'setne' 'setle' 'setge' 'setlt' 'setgt'> <InPorts = 2> <OutPorts = 1>
ST_3 : Operation 582 [1/1] (0.00ns) (grouped into LUT with out node select_ln0_108)   --->   "%xor_ln66_121 = xor i1 %icmp_ln66_121, i1 1" [firmware/nnet_utils/nnet_common.h:66->firmware/nnet_utils/nnet_common.h:44->firmware/nnet_utils/nnet_common.h:46->firmware/nnet_utils/nnet_common.h:46->firmware/nnet_utils/nnet_common.h:46->firmware/nnet_utils/nnet_pooling_stream.h:21->firmware/nnet_utils/nnet_pooling_stream.h:68->firmware/nnet_utils/nnet_pooling_stream.h:115]   --->   Operation 582 'xor' 'xor_ln66_121' <Predicate = (icmp_ln55 & and_ln55_1)> <Delay = 0.00> <CoreInst = "LogicGate">   --->   Core 74 'LogicGate' <Latency = 0> <II = 1> <Delay = 0.97> <FuncUnit> <Opcode : 'and' 'or' 'xor'> <InPorts = 2> <OutPorts = 1>
ST_3 : Operation 583 [1/1] (0.97ns) (out node of the LUT)   --->   "%select_ln0_108 = select i1 %xor_ln66_121, i20 %p_ZZN4nnet22compute_pool_buffer_2dINS_5arrayI8ap_fixedILi20ELi10EL9ap_q_mode5EL9a_609, i20 %p_ZZN4nnet22compute_pool_buffer_2dINS_5arrayI8ap_fixedILi20ELi10EL9ap_q_mode5EL9a_610" [firmware/nnet_utils/nnet_common.h:0->firmware/nnet_utils/nnet_common.h:46->firmware/nnet_utils/nnet_common.h:46->firmware/nnet_utils/nnet_common.h:46->firmware/nnet_utils/nnet_pooling_stream.h:21->firmware/nnet_utils/nnet_pooling_stream.h:68->firmware/nnet_utils/nnet_pooling_stream.h:115]   --->   Operation 583 'select' 'select_ln0_108' <Predicate = (icmp_ln55 & and_ln55_1)> <Delay = 0.97> <CoreInst = "Sel">   --->   Core 73 'Sel' <Latency = 0> <II = 1> <Delay = 0.70> <FuncUnit> <Opcode : 'select'> <InPorts = 3> <OutPorts = 1>
ST_3 : Operation 584 [1/1] (2.19ns)   --->   "%icmp_ln66_122 = icmp_slt  i20 %select_ln0_107, i20 %select_ln0_108" [firmware/nnet_utils/nnet_common.h:66->firmware/nnet_utils/nnet_common.h:46->firmware/nnet_utils/nnet_common.h:46->firmware/nnet_utils/nnet_common.h:46->firmware/nnet_utils/nnet_pooling_stream.h:21->firmware/nnet_utils/nnet_pooling_stream.h:68->firmware/nnet_utils/nnet_pooling_stream.h:115]   --->   Operation 584 'icmp' 'icmp_ln66_122' <Predicate = (icmp_ln55 & and_ln55_1)> <Delay = 2.19> <CoreInst = "Cmp">   --->   Core 9 'Cmp' <Latency = 0> <II = 1> <Delay = 2.19> <FuncUnit> <Opcode : 'seteq' 'setne' 'setle' 'setge' 'setlt' 'setgt'> <InPorts = 2> <OutPorts = 1>
ST_3 : Operation 585 [1/1] (0.00ns) (grouped into LUT with out node select_ln0_109)   --->   "%xor_ln66_122 = xor i1 %icmp_ln66_122, i1 1" [firmware/nnet_utils/nnet_common.h:66->firmware/nnet_utils/nnet_common.h:46->firmware/nnet_utils/nnet_common.h:46->firmware/nnet_utils/nnet_common.h:46->firmware/nnet_utils/nnet_pooling_stream.h:21->firmware/nnet_utils/nnet_pooling_stream.h:68->firmware/nnet_utils/nnet_pooling_stream.h:115]   --->   Operation 585 'xor' 'xor_ln66_122' <Predicate = (icmp_ln55 & and_ln55_1)> <Delay = 0.00> <CoreInst = "LogicGate">   --->   Core 74 'LogicGate' <Latency = 0> <II = 1> <Delay = 0.97> <FuncUnit> <Opcode : 'and' 'or' 'xor'> <InPorts = 2> <OutPorts = 1>
ST_3 : Operation 586 [1/1] (0.97ns) (out node of the LUT)   --->   "%select_ln0_109 = select i1 %xor_ln66_122, i20 %select_ln0_107, i20 %select_ln0_108" [firmware/nnet_utils/nnet_common.h:0->firmware/nnet_utils/nnet_common.h:46->firmware/nnet_utils/nnet_common.h:46->firmware/nnet_utils/nnet_pooling_stream.h:21->firmware/nnet_utils/nnet_pooling_stream.h:68->firmware/nnet_utils/nnet_pooling_stream.h:115]   --->   Operation 586 'select' 'select_ln0_109' <Predicate = (icmp_ln55 & and_ln55_1)> <Delay = 0.97> <CoreInst = "Sel">   --->   Core 73 'Sel' <Latency = 0> <II = 1> <Delay = 0.70> <FuncUnit> <Opcode : 'select'> <InPorts = 3> <OutPorts = 1>
ST_3 : Operation 587 [1/1] (2.19ns)   --->   "%icmp_ln66_123 = icmp_slt  i20 %select_ln0_106, i20 %select_ln0_109" [firmware/nnet_utils/nnet_common.h:66->firmware/nnet_utils/nnet_common.h:46->firmware/nnet_utils/nnet_common.h:46->firmware/nnet_utils/nnet_pooling_stream.h:21->firmware/nnet_utils/nnet_pooling_stream.h:68->firmware/nnet_utils/nnet_pooling_stream.h:115]   --->   Operation 587 'icmp' 'icmp_ln66_123' <Predicate = (icmp_ln55 & and_ln55_1)> <Delay = 2.19> <CoreInst = "Cmp">   --->   Core 9 'Cmp' <Latency = 0> <II = 1> <Delay = 2.19> <FuncUnit> <Opcode : 'seteq' 'setne' 'setle' 'setge' 'setlt' 'setgt'> <InPorts = 2> <OutPorts = 1>
ST_3 : Operation 588 [1/1] (0.00ns) (grouped into LUT with out node select_ln0_110)   --->   "%xor_ln66_123 = xor i1 %icmp_ln66_123, i1 1" [firmware/nnet_utils/nnet_common.h:66->firmware/nnet_utils/nnet_common.h:46->firmware/nnet_utils/nnet_common.h:46->firmware/nnet_utils/nnet_pooling_stream.h:21->firmware/nnet_utils/nnet_pooling_stream.h:68->firmware/nnet_utils/nnet_pooling_stream.h:115]   --->   Operation 588 'xor' 'xor_ln66_123' <Predicate = (icmp_ln55 & and_ln55_1)> <Delay = 0.00> <CoreInst = "LogicGate">   --->   Core 74 'LogicGate' <Latency = 0> <II = 1> <Delay = 0.97> <FuncUnit> <Opcode : 'and' 'or' 'xor'> <InPorts = 2> <OutPorts = 1>
ST_3 : Operation 589 [1/1] (0.97ns) (out node of the LUT)   --->   "%select_ln0_110 = select i1 %xor_ln66_123, i20 %select_ln0_106, i20 %select_ln0_109" [firmware/nnet_utils/nnet_common.h:0->firmware/nnet_utils/nnet_common.h:46->firmware/nnet_utils/nnet_pooling_stream.h:21->firmware/nnet_utils/nnet_pooling_stream.h:68->firmware/nnet_utils/nnet_pooling_stream.h:115]   --->   Operation 589 'select' 'select_ln0_110' <Predicate = (icmp_ln55 & and_ln55_1)> <Delay = 0.97> <CoreInst = "Sel">   --->   Core 73 'Sel' <Latency = 0> <II = 1> <Delay = 0.70> <FuncUnit> <Opcode : 'select'> <InPorts = 3> <OutPorts = 1>
ST_3 : Operation 590 [1/1] (2.19ns)   --->   "%icmp_ln66_124 = icmp_slt  i20 %p_ZZN4nnet22compute_pool_buffer_2dINS_5arrayI8ap_fixedILi20ELi10EL9ap_q_mode5EL9a_611, i20 %p_ZZN4nnet22compute_pool_buffer_2dINS_5arrayI8ap_fixedILi20ELi10EL9ap_q_mode5EL9a_612" [firmware/nnet_utils/nnet_common.h:66->firmware/nnet_utils/nnet_common.h:44->firmware/nnet_utils/nnet_common.h:46->firmware/nnet_utils/nnet_pooling_stream.h:21->firmware/nnet_utils/nnet_pooling_stream.h:68->firmware/nnet_utils/nnet_pooling_stream.h:115]   --->   Operation 590 'icmp' 'icmp_ln66_124' <Predicate = (icmp_ln55 & and_ln55_1)> <Delay = 2.19> <CoreInst = "Cmp">   --->   Core 9 'Cmp' <Latency = 0> <II = 1> <Delay = 2.19> <FuncUnit> <Opcode : 'seteq' 'setne' 'setle' 'setge' 'setlt' 'setgt'> <InPorts = 2> <OutPorts = 1>
ST_3 : Operation 591 [1/1] (0.00ns) (grouped into LUT with out node select_ln0_111)   --->   "%xor_ln66_124 = xor i1 %icmp_ln66_124, i1 1" [firmware/nnet_utils/nnet_common.h:66->firmware/nnet_utils/nnet_common.h:44->firmware/nnet_utils/nnet_common.h:46->firmware/nnet_utils/nnet_pooling_stream.h:21->firmware/nnet_utils/nnet_pooling_stream.h:68->firmware/nnet_utils/nnet_pooling_stream.h:115]   --->   Operation 591 'xor' 'xor_ln66_124' <Predicate = (icmp_ln55 & and_ln55_1)> <Delay = 0.00> <CoreInst = "LogicGate">   --->   Core 74 'LogicGate' <Latency = 0> <II = 1> <Delay = 0.97> <FuncUnit> <Opcode : 'and' 'or' 'xor'> <InPorts = 2> <OutPorts = 1>
ST_3 : Operation 592 [1/1] (0.97ns) (out node of the LUT)   --->   "%select_ln0_111 = select i1 %xor_ln66_124, i20 %p_ZZN4nnet22compute_pool_buffer_2dINS_5arrayI8ap_fixedILi20ELi10EL9ap_q_mode5EL9a_611, i20 %p_ZZN4nnet22compute_pool_buffer_2dINS_5arrayI8ap_fixedILi20ELi10EL9ap_q_mode5EL9a_612" [firmware/nnet_utils/nnet_common.h:0->firmware/nnet_utils/nnet_common.h:46->firmware/nnet_utils/nnet_pooling_stream.h:21->firmware/nnet_utils/nnet_pooling_stream.h:68->firmware/nnet_utils/nnet_pooling_stream.h:115]   --->   Operation 592 'select' 'select_ln0_111' <Predicate = (icmp_ln55 & and_ln55_1)> <Delay = 0.97> <CoreInst = "Sel">   --->   Core 73 'Sel' <Latency = 0> <II = 1> <Delay = 0.70> <FuncUnit> <Opcode : 'select'> <InPorts = 3> <OutPorts = 1>
ST_3 : Operation 593 [1/1] (2.19ns)   --->   "%icmp_ln66_125 = icmp_slt  i20 %select_ln0_110, i20 %select_ln0_111" [firmware/nnet_utils/nnet_common.h:66->firmware/nnet_utils/nnet_common.h:46->firmware/nnet_utils/nnet_pooling_stream.h:21->firmware/nnet_utils/nnet_pooling_stream.h:68->firmware/nnet_utils/nnet_pooling_stream.h:115]   --->   Operation 593 'icmp' 'icmp_ln66_125' <Predicate = (icmp_ln55 & and_ln55_1)> <Delay = 2.19> <CoreInst = "Cmp">   --->   Core 9 'Cmp' <Latency = 0> <II = 1> <Delay = 2.19> <FuncUnit> <Opcode : 'seteq' 'setne' 'setle' 'setge' 'setlt' 'setgt'> <InPorts = 2> <OutPorts = 1>
ST_3 : Operation 594 [1/1] (0.00ns) (grouped into LUT with out node res_pack_13)   --->   "%xor_ln66_125 = xor i1 %icmp_ln66_125, i1 1" [firmware/nnet_utils/nnet_common.h:66->firmware/nnet_utils/nnet_common.h:46->firmware/nnet_utils/nnet_pooling_stream.h:21->firmware/nnet_utils/nnet_pooling_stream.h:68->firmware/nnet_utils/nnet_pooling_stream.h:115]   --->   Operation 594 'xor' 'xor_ln66_125' <Predicate = (icmp_ln55 & and_ln55_1)> <Delay = 0.00> <CoreInst = "LogicGate">   --->   Core 74 'LogicGate' <Latency = 0> <II = 1> <Delay = 0.97> <FuncUnit> <Opcode : 'and' 'or' 'xor'> <InPorts = 2> <OutPorts = 1>
ST_3 : Operation 595 [1/1] (0.97ns) (out node of the LUT)   --->   "%res_pack_13 = select i1 %xor_ln66_125, i20 %select_ln0_110, i20 %select_ln0_111" [firmware/nnet_utils/nnet_pooling_stream.h:67->firmware/nnet_utils/nnet_pooling_stream.h:115]   --->   Operation 595 'select' 'res_pack_13' <Predicate = (icmp_ln55 & and_ln55_1)> <Delay = 0.97> <CoreInst = "Sel">   --->   Core 73 'Sel' <Latency = 0> <II = 1> <Delay = 0.70> <FuncUnit> <Opcode : 'select'> <InPorts = 3> <OutPorts = 1>
ST_3 : Operation 596 [1/1] (0.00ns)   --->   "%p_ZZN4nnet22compute_pool_buffer_2dINS_5arrayI8ap_fixedILi20ELi10EL9ap_q_mode5EL9a_613 = load i20 %p_ZZN4nnet22compute_pool_buffer_2dINS_5arrayI8ap_fixedILi20ELi10EL9ap_q_mode5EL9a_289" [firmware/nnet_utils/nnet_pooling_stream.h:63->firmware/nnet_utils/nnet_pooling_stream.h:115]   --->   Operation 596 'load' 'p_ZZN4nnet22compute_pool_buffer_2dINS_5arrayI8ap_fixedILi20ELi10EL9ap_q_mode5EL9a_613' <Predicate = (icmp_ln55 & and_ln55_1)> <Delay = 0.00>
ST_3 : Operation 597 [1/1] (0.00ns)   --->   "%p_ZZN4nnet22compute_pool_buffer_2dINS_5arrayI8ap_fixedILi20ELi10EL9ap_q_mode5EL9a_614 = load i20 %p_ZZN4nnet22compute_pool_buffer_2dINS_5arrayI8ap_fixedILi20ELi10EL9ap_q_mode5EL9a_67" [firmware/nnet_utils/nnet_pooling_stream.h:63->firmware/nnet_utils/nnet_pooling_stream.h:115]   --->   Operation 597 'load' 'p_ZZN4nnet22compute_pool_buffer_2dINS_5arrayI8ap_fixedILi20ELi10EL9ap_q_mode5EL9a_614' <Predicate = (icmp_ln55 & and_ln55_1)> <Delay = 0.00>
ST_3 : Operation 598 [1/1] (0.00ns)   --->   "%p_ZZN4nnet22compute_pool_buffer_2dINS_5arrayI8ap_fixedILi20ELi10EL9ap_q_mode5EL9a_615 = load i20 %p_ZZN4nnet22compute_pool_buffer_2dINS_5arrayI8ap_fixedILi20ELi10EL9ap_q_mode5EL9a_49" [firmware/nnet_utils/nnet_pooling_stream.h:63->firmware/nnet_utils/nnet_pooling_stream.h:115]   --->   Operation 598 'load' 'p_ZZN4nnet22compute_pool_buffer_2dINS_5arrayI8ap_fixedILi20ELi10EL9ap_q_mode5EL9a_615' <Predicate = (icmp_ln55 & and_ln55_1)> <Delay = 0.00>
ST_3 : Operation 599 [1/1] (0.00ns)   --->   "%p_ZZN4nnet22compute_pool_buffer_2dINS_5arrayI8ap_fixedILi20ELi10EL9ap_q_mode5EL9a_616 = load i20 %p_ZZN4nnet22compute_pool_buffer_2dINS_5arrayI8ap_fixedILi20ELi10EL9ap_q_mode5EL9a_31" [firmware/nnet_utils/nnet_pooling_stream.h:63->firmware/nnet_utils/nnet_pooling_stream.h:115]   --->   Operation 599 'load' 'p_ZZN4nnet22compute_pool_buffer_2dINS_5arrayI8ap_fixedILi20ELi10EL9ap_q_mode5EL9a_616' <Predicate = (icmp_ln55 & and_ln55_1)> <Delay = 0.00>
ST_3 : Operation 600 [1/1] (0.00ns)   --->   "%p_ZZN4nnet22compute_pool_buffer_2dINS_5arrayI8ap_fixedILi20ELi10EL9ap_q_mode5EL9a_617 = load i20 %p_ZZN4nnet22compute_pool_buffer_2dINS_5arrayI8ap_fixedILi20ELi10EL9ap_q_mode5EL9a_13" [firmware/nnet_utils/nnet_pooling_stream.h:63->firmware/nnet_utils/nnet_pooling_stream.h:115]   --->   Operation 600 'load' 'p_ZZN4nnet22compute_pool_buffer_2dINS_5arrayI8ap_fixedILi20ELi10EL9ap_q_mode5EL9a_617' <Predicate = (icmp_ln55 & and_ln55_1)> <Delay = 0.00>
ST_3 : Operation 601 [1/1] (0.00ns)   --->   "%p_ZZN4nnet22compute_pool_buffer_2dINS_5arrayI8ap_fixedILi20ELi10EL9ap_q_mode5EL9a_618 = load i20 %p_ZZN4nnet22compute_pool_buffer_2dINS_5arrayI8ap_fixedILi20ELi10EL9ap_q_mode5EL9a_250" [firmware/nnet_utils/nnet_pooling_stream.h:63->firmware/nnet_utils/nnet_pooling_stream.h:115]   --->   Operation 601 'load' 'p_ZZN4nnet22compute_pool_buffer_2dINS_5arrayI8ap_fixedILi20ELi10EL9ap_q_mode5EL9a_618' <Predicate = (icmp_ln55 & and_ln55_1)> <Delay = 0.00>
ST_3 : Operation 602 [1/1] (0.00ns)   --->   "%p_ZZN4nnet22compute_pool_buffer_2dINS_5arrayI8ap_fixedILi20ELi10EL9ap_q_mode5EL9a_619 = load i20 %p_ZZN4nnet22compute_pool_buffer_2dINS_5arrayI8ap_fixedILi20ELi10EL9ap_q_mode5EL9a_270" [firmware/nnet_utils/nnet_pooling_stream.h:63->firmware/nnet_utils/nnet_pooling_stream.h:115]   --->   Operation 602 'load' 'p_ZZN4nnet22compute_pool_buffer_2dINS_5arrayI8ap_fixedILi20ELi10EL9ap_q_mode5EL9a_619' <Predicate = (icmp_ln55 & and_ln55_1)> <Delay = 0.00>
ST_3 : Operation 603 [1/1] (0.00ns)   --->   "%p_ZZN4nnet22compute_pool_buffer_2dINS_5arrayI8ap_fixedILi20ELi10EL9ap_q_mode5EL9a_620 = load i20 %p_ZZN4nnet22compute_pool_buffer_2dINS_5arrayI8ap_fixedILi20ELi10EL9ap_q_mode5EL9a_290" [firmware/nnet_utils/nnet_pooling_stream.h:63->firmware/nnet_utils/nnet_pooling_stream.h:115]   --->   Operation 603 'load' 'p_ZZN4nnet22compute_pool_buffer_2dINS_5arrayI8ap_fixedILi20ELi10EL9ap_q_mode5EL9a_620' <Predicate = (icmp_ln55 & and_ln55_1)> <Delay = 0.00>
ST_3 : Operation 604 [1/1] (0.00ns)   --->   "%p_ZZN4nnet22compute_pool_buffer_2dINS_5arrayI8ap_fixedILi20ELi10EL9ap_q_mode5EL9a_621 = load i20 %p_ZZN4nnet22compute_pool_buffer_2dINS_5arrayI8ap_fixedILi20ELi10EL9ap_q_mode5EL9a_309" [firmware/nnet_utils/nnet_pooling_stream.h:63->firmware/nnet_utils/nnet_pooling_stream.h:115]   --->   Operation 604 'load' 'p_ZZN4nnet22compute_pool_buffer_2dINS_5arrayI8ap_fixedILi20ELi10EL9ap_q_mode5EL9a_621' <Predicate = (icmp_ln55 & and_ln55_1)> <Delay = 0.00>
ST_3 : Operation 605 [1/1] (0.00ns)   --->   "%p_ZZN4nnet22compute_pool_buffer_2dINS_5arrayI8ap_fixedILi20ELi10EL9ap_q_mode5EL9a_622 = load i20 %p_ZZN4nnet22compute_pool_buffer_2dINS_5arrayI8ap_fixedILi20ELi10EL9ap_q_mode5EL9a_85" [firmware/nnet_utils/nnet_pooling_stream.h:63->firmware/nnet_utils/nnet_pooling_stream.h:115]   --->   Operation 605 'load' 'p_ZZN4nnet22compute_pool_buffer_2dINS_5arrayI8ap_fixedILi20ELi10EL9ap_q_mode5EL9a_622' <Predicate = (icmp_ln55 & and_ln55_1)> <Delay = 0.00>
ST_3 : Operation 606 [1/1] (2.19ns)   --->   "%icmp_ln66_126 = icmp_slt  i20 %p_ZZN4nnet22compute_pool_buffer_2dINS_5arrayI8ap_fixedILi20ELi10EL9ap_q_mode5EL9a_613, i20 %p_ZZN4nnet22compute_pool_buffer_2dINS_5arrayI8ap_fixedILi20ELi10EL9ap_q_mode5EL9a_614" [firmware/nnet_utils/nnet_common.h:66->firmware/nnet_utils/nnet_common.h:44->firmware/nnet_utils/nnet_common.h:46->firmware/nnet_utils/nnet_common.h:46->firmware/nnet_utils/nnet_common.h:46->firmware/nnet_utils/nnet_pooling_stream.h:21->firmware/nnet_utils/nnet_pooling_stream.h:68->firmware/nnet_utils/nnet_pooling_stream.h:115]   --->   Operation 606 'icmp' 'icmp_ln66_126' <Predicate = (icmp_ln55 & and_ln55_1)> <Delay = 2.19> <CoreInst = "Cmp">   --->   Core 9 'Cmp' <Latency = 0> <II = 1> <Delay = 2.19> <FuncUnit> <Opcode : 'seteq' 'setne' 'setle' 'setge' 'setlt' 'setgt'> <InPorts = 2> <OutPorts = 1>
ST_3 : Operation 607 [1/1] (0.00ns) (grouped into LUT with out node select_ln0_112)   --->   "%xor_ln66_126 = xor i1 %icmp_ln66_126, i1 1" [firmware/nnet_utils/nnet_common.h:66->firmware/nnet_utils/nnet_common.h:44->firmware/nnet_utils/nnet_common.h:46->firmware/nnet_utils/nnet_common.h:46->firmware/nnet_utils/nnet_common.h:46->firmware/nnet_utils/nnet_pooling_stream.h:21->firmware/nnet_utils/nnet_pooling_stream.h:68->firmware/nnet_utils/nnet_pooling_stream.h:115]   --->   Operation 607 'xor' 'xor_ln66_126' <Predicate = (icmp_ln55 & and_ln55_1)> <Delay = 0.00> <CoreInst = "LogicGate">   --->   Core 74 'LogicGate' <Latency = 0> <II = 1> <Delay = 0.97> <FuncUnit> <Opcode : 'and' 'or' 'xor'> <InPorts = 2> <OutPorts = 1>
ST_3 : Operation 608 [1/1] (0.97ns) (out node of the LUT)   --->   "%select_ln0_112 = select i1 %xor_ln66_126, i20 %p_ZZN4nnet22compute_pool_buffer_2dINS_5arrayI8ap_fixedILi20ELi10EL9ap_q_mode5EL9a_613, i20 %p_ZZN4nnet22compute_pool_buffer_2dINS_5arrayI8ap_fixedILi20ELi10EL9ap_q_mode5EL9a_614" [firmware/nnet_utils/nnet_common.h:0->firmware/nnet_utils/nnet_common.h:46->firmware/nnet_utils/nnet_common.h:46->firmware/nnet_utils/nnet_common.h:46->firmware/nnet_utils/nnet_pooling_stream.h:21->firmware/nnet_utils/nnet_pooling_stream.h:68->firmware/nnet_utils/nnet_pooling_stream.h:115]   --->   Operation 608 'select' 'select_ln0_112' <Predicate = (icmp_ln55 & and_ln55_1)> <Delay = 0.97> <CoreInst = "Sel">   --->   Core 73 'Sel' <Latency = 0> <II = 1> <Delay = 0.70> <FuncUnit> <Opcode : 'select'> <InPorts = 3> <OutPorts = 1>
ST_3 : Operation 609 [1/1] (2.19ns)   --->   "%icmp_ln66_127 = icmp_slt  i20 %p_ZZN4nnet22compute_pool_buffer_2dINS_5arrayI8ap_fixedILi20ELi10EL9ap_q_mode5EL9a_615, i20 %p_ZZN4nnet22compute_pool_buffer_2dINS_5arrayI8ap_fixedILi20ELi10EL9ap_q_mode5EL9a_616" [firmware/nnet_utils/nnet_common.h:66->firmware/nnet_utils/nnet_common.h:44->firmware/nnet_utils/nnet_common.h:46->firmware/nnet_utils/nnet_common.h:46->firmware/nnet_utils/nnet_common.h:46->firmware/nnet_utils/nnet_pooling_stream.h:21->firmware/nnet_utils/nnet_pooling_stream.h:68->firmware/nnet_utils/nnet_pooling_stream.h:115]   --->   Operation 609 'icmp' 'icmp_ln66_127' <Predicate = (icmp_ln55 & and_ln55_1)> <Delay = 2.19> <CoreInst = "Cmp">   --->   Core 9 'Cmp' <Latency = 0> <II = 1> <Delay = 2.19> <FuncUnit> <Opcode : 'seteq' 'setne' 'setle' 'setge' 'setlt' 'setgt'> <InPorts = 2> <OutPorts = 1>
ST_3 : Operation 610 [1/1] (0.00ns) (grouped into LUT with out node select_ln0_113)   --->   "%xor_ln66_127 = xor i1 %icmp_ln66_127, i1 1" [firmware/nnet_utils/nnet_common.h:66->firmware/nnet_utils/nnet_common.h:44->firmware/nnet_utils/nnet_common.h:46->firmware/nnet_utils/nnet_common.h:46->firmware/nnet_utils/nnet_common.h:46->firmware/nnet_utils/nnet_pooling_stream.h:21->firmware/nnet_utils/nnet_pooling_stream.h:68->firmware/nnet_utils/nnet_pooling_stream.h:115]   --->   Operation 610 'xor' 'xor_ln66_127' <Predicate = (icmp_ln55 & and_ln55_1)> <Delay = 0.00> <CoreInst = "LogicGate">   --->   Core 74 'LogicGate' <Latency = 0> <II = 1> <Delay = 0.97> <FuncUnit> <Opcode : 'and' 'or' 'xor'> <InPorts = 2> <OutPorts = 1>
ST_3 : Operation 611 [1/1] (0.97ns) (out node of the LUT)   --->   "%select_ln0_113 = select i1 %xor_ln66_127, i20 %p_ZZN4nnet22compute_pool_buffer_2dINS_5arrayI8ap_fixedILi20ELi10EL9ap_q_mode5EL9a_615, i20 %p_ZZN4nnet22compute_pool_buffer_2dINS_5arrayI8ap_fixedILi20ELi10EL9ap_q_mode5EL9a_616" [firmware/nnet_utils/nnet_common.h:0->firmware/nnet_utils/nnet_common.h:46->firmware/nnet_utils/nnet_common.h:46->firmware/nnet_utils/nnet_common.h:46->firmware/nnet_utils/nnet_pooling_stream.h:21->firmware/nnet_utils/nnet_pooling_stream.h:68->firmware/nnet_utils/nnet_pooling_stream.h:115]   --->   Operation 611 'select' 'select_ln0_113' <Predicate = (icmp_ln55 & and_ln55_1)> <Delay = 0.97> <CoreInst = "Sel">   --->   Core 73 'Sel' <Latency = 0> <II = 1> <Delay = 0.70> <FuncUnit> <Opcode : 'select'> <InPorts = 3> <OutPorts = 1>
ST_3 : Operation 612 [1/1] (2.19ns)   --->   "%icmp_ln66_128 = icmp_slt  i20 %select_ln0_112, i20 %select_ln0_113" [firmware/nnet_utils/nnet_common.h:66->firmware/nnet_utils/nnet_common.h:46->firmware/nnet_utils/nnet_common.h:46->firmware/nnet_utils/nnet_common.h:46->firmware/nnet_utils/nnet_pooling_stream.h:21->firmware/nnet_utils/nnet_pooling_stream.h:68->firmware/nnet_utils/nnet_pooling_stream.h:115]   --->   Operation 612 'icmp' 'icmp_ln66_128' <Predicate = (icmp_ln55 & and_ln55_1)> <Delay = 2.19> <CoreInst = "Cmp">   --->   Core 9 'Cmp' <Latency = 0> <II = 1> <Delay = 2.19> <FuncUnit> <Opcode : 'seteq' 'setne' 'setle' 'setge' 'setlt' 'setgt'> <InPorts = 2> <OutPorts = 1>
ST_3 : Operation 613 [1/1] (0.00ns) (grouped into LUT with out node select_ln0_114)   --->   "%xor_ln66_128 = xor i1 %icmp_ln66_128, i1 1" [firmware/nnet_utils/nnet_common.h:66->firmware/nnet_utils/nnet_common.h:46->firmware/nnet_utils/nnet_common.h:46->firmware/nnet_utils/nnet_common.h:46->firmware/nnet_utils/nnet_pooling_stream.h:21->firmware/nnet_utils/nnet_pooling_stream.h:68->firmware/nnet_utils/nnet_pooling_stream.h:115]   --->   Operation 613 'xor' 'xor_ln66_128' <Predicate = (icmp_ln55 & and_ln55_1)> <Delay = 0.00> <CoreInst = "LogicGate">   --->   Core 74 'LogicGate' <Latency = 0> <II = 1> <Delay = 0.97> <FuncUnit> <Opcode : 'and' 'or' 'xor'> <InPorts = 2> <OutPorts = 1>
ST_3 : Operation 614 [1/1] (0.97ns) (out node of the LUT)   --->   "%select_ln0_114 = select i1 %xor_ln66_128, i20 %select_ln0_112, i20 %select_ln0_113" [firmware/nnet_utils/nnet_common.h:0->firmware/nnet_utils/nnet_common.h:46->firmware/nnet_utils/nnet_common.h:46->firmware/nnet_utils/nnet_pooling_stream.h:21->firmware/nnet_utils/nnet_pooling_stream.h:68->firmware/nnet_utils/nnet_pooling_stream.h:115]   --->   Operation 614 'select' 'select_ln0_114' <Predicate = (icmp_ln55 & and_ln55_1)> <Delay = 0.97> <CoreInst = "Sel">   --->   Core 73 'Sel' <Latency = 0> <II = 1> <Delay = 0.70> <FuncUnit> <Opcode : 'select'> <InPorts = 3> <OutPorts = 1>
ST_3 : Operation 615 [1/1] (2.19ns)   --->   "%icmp_ln66_129 = icmp_slt  i20 %p_ZZN4nnet22compute_pool_buffer_2dINS_5arrayI8ap_fixedILi20ELi10EL9ap_q_mode5EL9a_617, i20 %p_ZZN4nnet22compute_pool_buffer_2dINS_5arrayI8ap_fixedILi20ELi10EL9ap_q_mode5EL9a_618" [firmware/nnet_utils/nnet_common.h:66->firmware/nnet_utils/nnet_common.h:44->firmware/nnet_utils/nnet_common.h:46->firmware/nnet_utils/nnet_common.h:46->firmware/nnet_utils/nnet_common.h:46->firmware/nnet_utils/nnet_pooling_stream.h:21->firmware/nnet_utils/nnet_pooling_stream.h:68->firmware/nnet_utils/nnet_pooling_stream.h:115]   --->   Operation 615 'icmp' 'icmp_ln66_129' <Predicate = (icmp_ln55 & and_ln55_1)> <Delay = 2.19> <CoreInst = "Cmp">   --->   Core 9 'Cmp' <Latency = 0> <II = 1> <Delay = 2.19> <FuncUnit> <Opcode : 'seteq' 'setne' 'setle' 'setge' 'setlt' 'setgt'> <InPorts = 2> <OutPorts = 1>
ST_3 : Operation 616 [1/1] (0.00ns) (grouped into LUT with out node select_ln0_115)   --->   "%xor_ln66_129 = xor i1 %icmp_ln66_129, i1 1" [firmware/nnet_utils/nnet_common.h:66->firmware/nnet_utils/nnet_common.h:44->firmware/nnet_utils/nnet_common.h:46->firmware/nnet_utils/nnet_common.h:46->firmware/nnet_utils/nnet_common.h:46->firmware/nnet_utils/nnet_pooling_stream.h:21->firmware/nnet_utils/nnet_pooling_stream.h:68->firmware/nnet_utils/nnet_pooling_stream.h:115]   --->   Operation 616 'xor' 'xor_ln66_129' <Predicate = (icmp_ln55 & and_ln55_1)> <Delay = 0.00> <CoreInst = "LogicGate">   --->   Core 74 'LogicGate' <Latency = 0> <II = 1> <Delay = 0.97> <FuncUnit> <Opcode : 'and' 'or' 'xor'> <InPorts = 2> <OutPorts = 1>
ST_3 : Operation 617 [1/1] (0.97ns) (out node of the LUT)   --->   "%select_ln0_115 = select i1 %xor_ln66_129, i20 %p_ZZN4nnet22compute_pool_buffer_2dINS_5arrayI8ap_fixedILi20ELi10EL9ap_q_mode5EL9a_617, i20 %p_ZZN4nnet22compute_pool_buffer_2dINS_5arrayI8ap_fixedILi20ELi10EL9ap_q_mode5EL9a_618" [firmware/nnet_utils/nnet_common.h:0->firmware/nnet_utils/nnet_common.h:46->firmware/nnet_utils/nnet_common.h:46->firmware/nnet_utils/nnet_common.h:46->firmware/nnet_utils/nnet_pooling_stream.h:21->firmware/nnet_utils/nnet_pooling_stream.h:68->firmware/nnet_utils/nnet_pooling_stream.h:115]   --->   Operation 617 'select' 'select_ln0_115' <Predicate = (icmp_ln55 & and_ln55_1)> <Delay = 0.97> <CoreInst = "Sel">   --->   Core 73 'Sel' <Latency = 0> <II = 1> <Delay = 0.70> <FuncUnit> <Opcode : 'select'> <InPorts = 3> <OutPorts = 1>
ST_3 : Operation 618 [1/1] (2.19ns)   --->   "%icmp_ln66_130 = icmp_slt  i20 %p_ZZN4nnet22compute_pool_buffer_2dINS_5arrayI8ap_fixedILi20ELi10EL9ap_q_mode5EL9a_619, i20 %p_ZZN4nnet22compute_pool_buffer_2dINS_5arrayI8ap_fixedILi20ELi10EL9ap_q_mode5EL9a_620" [firmware/nnet_utils/nnet_common.h:66->firmware/nnet_utils/nnet_common.h:44->firmware/nnet_utils/nnet_common.h:46->firmware/nnet_utils/nnet_common.h:46->firmware/nnet_utils/nnet_common.h:46->firmware/nnet_utils/nnet_pooling_stream.h:21->firmware/nnet_utils/nnet_pooling_stream.h:68->firmware/nnet_utils/nnet_pooling_stream.h:115]   --->   Operation 618 'icmp' 'icmp_ln66_130' <Predicate = (icmp_ln55 & and_ln55_1)> <Delay = 2.19> <CoreInst = "Cmp">   --->   Core 9 'Cmp' <Latency = 0> <II = 1> <Delay = 2.19> <FuncUnit> <Opcode : 'seteq' 'setne' 'setle' 'setge' 'setlt' 'setgt'> <InPorts = 2> <OutPorts = 1>
ST_3 : Operation 619 [1/1] (0.00ns) (grouped into LUT with out node select_ln0_116)   --->   "%xor_ln66_130 = xor i1 %icmp_ln66_130, i1 1" [firmware/nnet_utils/nnet_common.h:66->firmware/nnet_utils/nnet_common.h:44->firmware/nnet_utils/nnet_common.h:46->firmware/nnet_utils/nnet_common.h:46->firmware/nnet_utils/nnet_common.h:46->firmware/nnet_utils/nnet_pooling_stream.h:21->firmware/nnet_utils/nnet_pooling_stream.h:68->firmware/nnet_utils/nnet_pooling_stream.h:115]   --->   Operation 619 'xor' 'xor_ln66_130' <Predicate = (icmp_ln55 & and_ln55_1)> <Delay = 0.00> <CoreInst = "LogicGate">   --->   Core 74 'LogicGate' <Latency = 0> <II = 1> <Delay = 0.97> <FuncUnit> <Opcode : 'and' 'or' 'xor'> <InPorts = 2> <OutPorts = 1>
ST_3 : Operation 620 [1/1] (0.97ns) (out node of the LUT)   --->   "%select_ln0_116 = select i1 %xor_ln66_130, i20 %p_ZZN4nnet22compute_pool_buffer_2dINS_5arrayI8ap_fixedILi20ELi10EL9ap_q_mode5EL9a_619, i20 %p_ZZN4nnet22compute_pool_buffer_2dINS_5arrayI8ap_fixedILi20ELi10EL9ap_q_mode5EL9a_620" [firmware/nnet_utils/nnet_common.h:0->firmware/nnet_utils/nnet_common.h:46->firmware/nnet_utils/nnet_common.h:46->firmware/nnet_utils/nnet_common.h:46->firmware/nnet_utils/nnet_pooling_stream.h:21->firmware/nnet_utils/nnet_pooling_stream.h:68->firmware/nnet_utils/nnet_pooling_stream.h:115]   --->   Operation 620 'select' 'select_ln0_116' <Predicate = (icmp_ln55 & and_ln55_1)> <Delay = 0.97> <CoreInst = "Sel">   --->   Core 73 'Sel' <Latency = 0> <II = 1> <Delay = 0.70> <FuncUnit> <Opcode : 'select'> <InPorts = 3> <OutPorts = 1>
ST_3 : Operation 621 [1/1] (2.19ns)   --->   "%icmp_ln66_131 = icmp_slt  i20 %select_ln0_115, i20 %select_ln0_116" [firmware/nnet_utils/nnet_common.h:66->firmware/nnet_utils/nnet_common.h:46->firmware/nnet_utils/nnet_common.h:46->firmware/nnet_utils/nnet_common.h:46->firmware/nnet_utils/nnet_pooling_stream.h:21->firmware/nnet_utils/nnet_pooling_stream.h:68->firmware/nnet_utils/nnet_pooling_stream.h:115]   --->   Operation 621 'icmp' 'icmp_ln66_131' <Predicate = (icmp_ln55 & and_ln55_1)> <Delay = 2.19> <CoreInst = "Cmp">   --->   Core 9 'Cmp' <Latency = 0> <II = 1> <Delay = 2.19> <FuncUnit> <Opcode : 'seteq' 'setne' 'setle' 'setge' 'setlt' 'setgt'> <InPorts = 2> <OutPorts = 1>
ST_3 : Operation 622 [1/1] (0.00ns) (grouped into LUT with out node select_ln0_117)   --->   "%xor_ln66_131 = xor i1 %icmp_ln66_131, i1 1" [firmware/nnet_utils/nnet_common.h:66->firmware/nnet_utils/nnet_common.h:46->firmware/nnet_utils/nnet_common.h:46->firmware/nnet_utils/nnet_common.h:46->firmware/nnet_utils/nnet_pooling_stream.h:21->firmware/nnet_utils/nnet_pooling_stream.h:68->firmware/nnet_utils/nnet_pooling_stream.h:115]   --->   Operation 622 'xor' 'xor_ln66_131' <Predicate = (icmp_ln55 & and_ln55_1)> <Delay = 0.00> <CoreInst = "LogicGate">   --->   Core 74 'LogicGate' <Latency = 0> <II = 1> <Delay = 0.97> <FuncUnit> <Opcode : 'and' 'or' 'xor'> <InPorts = 2> <OutPorts = 1>
ST_3 : Operation 623 [1/1] (0.97ns) (out node of the LUT)   --->   "%select_ln0_117 = select i1 %xor_ln66_131, i20 %select_ln0_115, i20 %select_ln0_116" [firmware/nnet_utils/nnet_common.h:0->firmware/nnet_utils/nnet_common.h:46->firmware/nnet_utils/nnet_common.h:46->firmware/nnet_utils/nnet_pooling_stream.h:21->firmware/nnet_utils/nnet_pooling_stream.h:68->firmware/nnet_utils/nnet_pooling_stream.h:115]   --->   Operation 623 'select' 'select_ln0_117' <Predicate = (icmp_ln55 & and_ln55_1)> <Delay = 0.97> <CoreInst = "Sel">   --->   Core 73 'Sel' <Latency = 0> <II = 1> <Delay = 0.70> <FuncUnit> <Opcode : 'select'> <InPorts = 3> <OutPorts = 1>
ST_3 : Operation 624 [1/1] (2.19ns)   --->   "%icmp_ln66_132 = icmp_slt  i20 %select_ln0_114, i20 %select_ln0_117" [firmware/nnet_utils/nnet_common.h:66->firmware/nnet_utils/nnet_common.h:46->firmware/nnet_utils/nnet_common.h:46->firmware/nnet_utils/nnet_pooling_stream.h:21->firmware/nnet_utils/nnet_pooling_stream.h:68->firmware/nnet_utils/nnet_pooling_stream.h:115]   --->   Operation 624 'icmp' 'icmp_ln66_132' <Predicate = (icmp_ln55 & and_ln55_1)> <Delay = 2.19> <CoreInst = "Cmp">   --->   Core 9 'Cmp' <Latency = 0> <II = 1> <Delay = 2.19> <FuncUnit> <Opcode : 'seteq' 'setne' 'setle' 'setge' 'setlt' 'setgt'> <InPorts = 2> <OutPorts = 1>
ST_3 : Operation 625 [1/1] (0.00ns) (grouped into LUT with out node select_ln0_118)   --->   "%xor_ln66_132 = xor i1 %icmp_ln66_132, i1 1" [firmware/nnet_utils/nnet_common.h:66->firmware/nnet_utils/nnet_common.h:46->firmware/nnet_utils/nnet_common.h:46->firmware/nnet_utils/nnet_pooling_stream.h:21->firmware/nnet_utils/nnet_pooling_stream.h:68->firmware/nnet_utils/nnet_pooling_stream.h:115]   --->   Operation 625 'xor' 'xor_ln66_132' <Predicate = (icmp_ln55 & and_ln55_1)> <Delay = 0.00> <CoreInst = "LogicGate">   --->   Core 74 'LogicGate' <Latency = 0> <II = 1> <Delay = 0.97> <FuncUnit> <Opcode : 'and' 'or' 'xor'> <InPorts = 2> <OutPorts = 1>
ST_3 : Operation 626 [1/1] (0.97ns) (out node of the LUT)   --->   "%select_ln0_118 = select i1 %xor_ln66_132, i20 %select_ln0_114, i20 %select_ln0_117" [firmware/nnet_utils/nnet_common.h:0->firmware/nnet_utils/nnet_common.h:46->firmware/nnet_utils/nnet_pooling_stream.h:21->firmware/nnet_utils/nnet_pooling_stream.h:68->firmware/nnet_utils/nnet_pooling_stream.h:115]   --->   Operation 626 'select' 'select_ln0_118' <Predicate = (icmp_ln55 & and_ln55_1)> <Delay = 0.97> <CoreInst = "Sel">   --->   Core 73 'Sel' <Latency = 0> <II = 1> <Delay = 0.70> <FuncUnit> <Opcode : 'select'> <InPorts = 3> <OutPorts = 1>
ST_3 : Operation 627 [1/1] (2.19ns)   --->   "%icmp_ln66_133 = icmp_slt  i20 %p_ZZN4nnet22compute_pool_buffer_2dINS_5arrayI8ap_fixedILi20ELi10EL9ap_q_mode5EL9a_621, i20 %p_ZZN4nnet22compute_pool_buffer_2dINS_5arrayI8ap_fixedILi20ELi10EL9ap_q_mode5EL9a_622" [firmware/nnet_utils/nnet_common.h:66->firmware/nnet_utils/nnet_common.h:44->firmware/nnet_utils/nnet_common.h:46->firmware/nnet_utils/nnet_pooling_stream.h:21->firmware/nnet_utils/nnet_pooling_stream.h:68->firmware/nnet_utils/nnet_pooling_stream.h:115]   --->   Operation 627 'icmp' 'icmp_ln66_133' <Predicate = (icmp_ln55 & and_ln55_1)> <Delay = 2.19> <CoreInst = "Cmp">   --->   Core 9 'Cmp' <Latency = 0> <II = 1> <Delay = 2.19> <FuncUnit> <Opcode : 'seteq' 'setne' 'setle' 'setge' 'setlt' 'setgt'> <InPorts = 2> <OutPorts = 1>
ST_3 : Operation 628 [1/1] (0.00ns) (grouped into LUT with out node select_ln0_119)   --->   "%xor_ln66_133 = xor i1 %icmp_ln66_133, i1 1" [firmware/nnet_utils/nnet_common.h:66->firmware/nnet_utils/nnet_common.h:44->firmware/nnet_utils/nnet_common.h:46->firmware/nnet_utils/nnet_pooling_stream.h:21->firmware/nnet_utils/nnet_pooling_stream.h:68->firmware/nnet_utils/nnet_pooling_stream.h:115]   --->   Operation 628 'xor' 'xor_ln66_133' <Predicate = (icmp_ln55 & and_ln55_1)> <Delay = 0.00> <CoreInst = "LogicGate">   --->   Core 74 'LogicGate' <Latency = 0> <II = 1> <Delay = 0.97> <FuncUnit> <Opcode : 'and' 'or' 'xor'> <InPorts = 2> <OutPorts = 1>
ST_3 : Operation 629 [1/1] (0.97ns) (out node of the LUT)   --->   "%select_ln0_119 = select i1 %xor_ln66_133, i20 %p_ZZN4nnet22compute_pool_buffer_2dINS_5arrayI8ap_fixedILi20ELi10EL9ap_q_mode5EL9a_621, i20 %p_ZZN4nnet22compute_pool_buffer_2dINS_5arrayI8ap_fixedILi20ELi10EL9ap_q_mode5EL9a_622" [firmware/nnet_utils/nnet_common.h:0->firmware/nnet_utils/nnet_common.h:46->firmware/nnet_utils/nnet_pooling_stream.h:21->firmware/nnet_utils/nnet_pooling_stream.h:68->firmware/nnet_utils/nnet_pooling_stream.h:115]   --->   Operation 629 'select' 'select_ln0_119' <Predicate = (icmp_ln55 & and_ln55_1)> <Delay = 0.97> <CoreInst = "Sel">   --->   Core 73 'Sel' <Latency = 0> <II = 1> <Delay = 0.70> <FuncUnit> <Opcode : 'select'> <InPorts = 3> <OutPorts = 1>
ST_3 : Operation 630 [1/1] (2.19ns)   --->   "%icmp_ln66_134 = icmp_slt  i20 %select_ln0_118, i20 %select_ln0_119" [firmware/nnet_utils/nnet_common.h:66->firmware/nnet_utils/nnet_common.h:46->firmware/nnet_utils/nnet_pooling_stream.h:21->firmware/nnet_utils/nnet_pooling_stream.h:68->firmware/nnet_utils/nnet_pooling_stream.h:115]   --->   Operation 630 'icmp' 'icmp_ln66_134' <Predicate = (icmp_ln55 & and_ln55_1)> <Delay = 2.19> <CoreInst = "Cmp">   --->   Core 9 'Cmp' <Latency = 0> <II = 1> <Delay = 2.19> <FuncUnit> <Opcode : 'seteq' 'setne' 'setle' 'setge' 'setlt' 'setgt'> <InPorts = 2> <OutPorts = 1>
ST_3 : Operation 631 [1/1] (0.00ns) (grouped into LUT with out node res_pack_14)   --->   "%xor_ln66_134 = xor i1 %icmp_ln66_134, i1 1" [firmware/nnet_utils/nnet_common.h:66->firmware/nnet_utils/nnet_common.h:46->firmware/nnet_utils/nnet_pooling_stream.h:21->firmware/nnet_utils/nnet_pooling_stream.h:68->firmware/nnet_utils/nnet_pooling_stream.h:115]   --->   Operation 631 'xor' 'xor_ln66_134' <Predicate = (icmp_ln55 & and_ln55_1)> <Delay = 0.00> <CoreInst = "LogicGate">   --->   Core 74 'LogicGate' <Latency = 0> <II = 1> <Delay = 0.97> <FuncUnit> <Opcode : 'and' 'or' 'xor'> <InPorts = 2> <OutPorts = 1>
ST_3 : Operation 632 [1/1] (0.97ns) (out node of the LUT)   --->   "%res_pack_14 = select i1 %xor_ln66_134, i20 %select_ln0_118, i20 %select_ln0_119" [firmware/nnet_utils/nnet_pooling_stream.h:67->firmware/nnet_utils/nnet_pooling_stream.h:115]   --->   Operation 632 'select' 'res_pack_14' <Predicate = (icmp_ln55 & and_ln55_1)> <Delay = 0.97> <CoreInst = "Sel">   --->   Core 73 'Sel' <Latency = 0> <II = 1> <Delay = 0.70> <FuncUnit> <Opcode : 'select'> <InPorts = 3> <OutPorts = 1>
ST_3 : Operation 633 [1/1] (0.00ns)   --->   "%p_ZZN4nnet22compute_pool_buffer_2dINS_5arrayI8ap_fixedILi20ELi10EL9ap_q_mode5EL9a_623 = load i20 %p_ZZN4nnet22compute_pool_buffer_2dINS_5arrayI8ap_fixedILi20ELi10EL9ap_q_mode5EL9a_300" [firmware/nnet_utils/nnet_pooling_stream.h:63->firmware/nnet_utils/nnet_pooling_stream.h:115]   --->   Operation 633 'load' 'p_ZZN4nnet22compute_pool_buffer_2dINS_5arrayI8ap_fixedILi20ELi10EL9ap_q_mode5EL9a_623' <Predicate = (icmp_ln55 & and_ln55_1)> <Delay = 0.00>
ST_3 : Operation 634 [1/1] (0.00ns)   --->   "%p_ZZN4nnet22compute_pool_buffer_2dINS_5arrayI8ap_fixedILi20ELi10EL9ap_q_mode5EL9a_624 = load i20 %p_ZZN4nnet22compute_pool_buffer_2dINS_5arrayI8ap_fixedILi20ELi10EL9ap_q_mode5EL9a_66" [firmware/nnet_utils/nnet_pooling_stream.h:63->firmware/nnet_utils/nnet_pooling_stream.h:115]   --->   Operation 634 'load' 'p_ZZN4nnet22compute_pool_buffer_2dINS_5arrayI8ap_fixedILi20ELi10EL9ap_q_mode5EL9a_624' <Predicate = (icmp_ln55 & and_ln55_1)> <Delay = 0.00>
ST_3 : Operation 635 [1/1] (0.00ns)   --->   "%p_ZZN4nnet22compute_pool_buffer_2dINS_5arrayI8ap_fixedILi20ELi10EL9ap_q_mode5EL9a_625 = load i20 %p_ZZN4nnet22compute_pool_buffer_2dINS_5arrayI8ap_fixedILi20ELi10EL9ap_q_mode5EL9a_48" [firmware/nnet_utils/nnet_pooling_stream.h:63->firmware/nnet_utils/nnet_pooling_stream.h:115]   --->   Operation 635 'load' 'p_ZZN4nnet22compute_pool_buffer_2dINS_5arrayI8ap_fixedILi20ELi10EL9ap_q_mode5EL9a_625' <Predicate = (icmp_ln55 & and_ln55_1)> <Delay = 0.00>
ST_3 : Operation 636 [1/1] (0.00ns)   --->   "%p_ZZN4nnet22compute_pool_buffer_2dINS_5arrayI8ap_fixedILi20ELi10EL9ap_q_mode5EL9a_626 = load i20 %p_ZZN4nnet22compute_pool_buffer_2dINS_5arrayI8ap_fixedILi20ELi10EL9ap_q_mode5EL9a_30" [firmware/nnet_utils/nnet_pooling_stream.h:63->firmware/nnet_utils/nnet_pooling_stream.h:115]   --->   Operation 636 'load' 'p_ZZN4nnet22compute_pool_buffer_2dINS_5arrayI8ap_fixedILi20ELi10EL9ap_q_mode5EL9a_626' <Predicate = (icmp_ln55 & and_ln55_1)> <Delay = 0.00>
ST_3 : Operation 637 [1/1] (0.00ns)   --->   "%p_ZZN4nnet22compute_pool_buffer_2dINS_5arrayI8ap_fixedILi20ELi10EL9ap_q_mode5EL9a_627 = load i20 %p_ZZN4nnet22compute_pool_buffer_2dINS_5arrayI8ap_fixedILi20ELi10EL9ap_q_mode5EL9a_12" [firmware/nnet_utils/nnet_pooling_stream.h:63->firmware/nnet_utils/nnet_pooling_stream.h:115]   --->   Operation 637 'load' 'p_ZZN4nnet22compute_pool_buffer_2dINS_5arrayI8ap_fixedILi20ELi10EL9ap_q_mode5EL9a_627' <Predicate = (icmp_ln55 & and_ln55_1)> <Delay = 0.00>
ST_3 : Operation 638 [1/1] (0.00ns)   --->   "%p_ZZN4nnet22compute_pool_buffer_2dINS_5arrayI8ap_fixedILi20ELi10EL9ap_q_mode5EL9a_628 = load i20 %p_ZZN4nnet22compute_pool_buffer_2dINS_5arrayI8ap_fixedILi20ELi10EL9ap_q_mode5EL9a_251" [firmware/nnet_utils/nnet_pooling_stream.h:63->firmware/nnet_utils/nnet_pooling_stream.h:115]   --->   Operation 638 'load' 'p_ZZN4nnet22compute_pool_buffer_2dINS_5arrayI8ap_fixedILi20ELi10EL9ap_q_mode5EL9a_628' <Predicate = (icmp_ln55 & and_ln55_1)> <Delay = 0.00>
ST_3 : Operation 639 [1/1] (0.00ns)   --->   "%p_ZZN4nnet22compute_pool_buffer_2dINS_5arrayI8ap_fixedILi20ELi10EL9ap_q_mode5EL9a_629 = load i20 %p_ZZN4nnet22compute_pool_buffer_2dINS_5arrayI8ap_fixedILi20ELi10EL9ap_q_mode5EL9a_271" [firmware/nnet_utils/nnet_pooling_stream.h:63->firmware/nnet_utils/nnet_pooling_stream.h:115]   --->   Operation 639 'load' 'p_ZZN4nnet22compute_pool_buffer_2dINS_5arrayI8ap_fixedILi20ELi10EL9ap_q_mode5EL9a_629' <Predicate = (icmp_ln55 & and_ln55_1)> <Delay = 0.00>
ST_3 : Operation 640 [1/1] (0.00ns)   --->   "%p_ZZN4nnet22compute_pool_buffer_2dINS_5arrayI8ap_fixedILi20ELi10EL9ap_q_mode5EL9a_630 = load i20 %p_ZZN4nnet22compute_pool_buffer_2dINS_5arrayI8ap_fixedILi20ELi10EL9ap_q_mode5EL9a_291" [firmware/nnet_utils/nnet_pooling_stream.h:63->firmware/nnet_utils/nnet_pooling_stream.h:115]   --->   Operation 640 'load' 'p_ZZN4nnet22compute_pool_buffer_2dINS_5arrayI8ap_fixedILi20ELi10EL9ap_q_mode5EL9a_630' <Predicate = (icmp_ln55 & and_ln55_1)> <Delay = 0.00>
ST_3 : Operation 641 [1/1] (0.00ns)   --->   "%p_ZZN4nnet22compute_pool_buffer_2dINS_5arrayI8ap_fixedILi20ELi10EL9ap_q_mode5EL9a_631 = load i20 %p_ZZN4nnet22compute_pool_buffer_2dINS_5arrayI8ap_fixedILi20ELi10EL9ap_q_mode5EL9a_310" [firmware/nnet_utils/nnet_pooling_stream.h:63->firmware/nnet_utils/nnet_pooling_stream.h:115]   --->   Operation 641 'load' 'p_ZZN4nnet22compute_pool_buffer_2dINS_5arrayI8ap_fixedILi20ELi10EL9ap_q_mode5EL9a_631' <Predicate = (icmp_ln55 & and_ln55_1)> <Delay = 0.00>
ST_3 : Operation 642 [1/1] (0.00ns)   --->   "%p_ZZN4nnet22compute_pool_buffer_2dINS_5arrayI8ap_fixedILi20ELi10EL9ap_q_mode5EL9a_632 = load i20 %p_ZZN4nnet22compute_pool_buffer_2dINS_5arrayI8ap_fixedILi20ELi10EL9ap_q_mode5EL9a_84" [firmware/nnet_utils/nnet_pooling_stream.h:63->firmware/nnet_utils/nnet_pooling_stream.h:115]   --->   Operation 642 'load' 'p_ZZN4nnet22compute_pool_buffer_2dINS_5arrayI8ap_fixedILi20ELi10EL9ap_q_mode5EL9a_632' <Predicate = (icmp_ln55 & and_ln55_1)> <Delay = 0.00>
ST_3 : Operation 643 [1/1] (2.19ns)   --->   "%icmp_ln66_135 = icmp_slt  i20 %p_ZZN4nnet22compute_pool_buffer_2dINS_5arrayI8ap_fixedILi20ELi10EL9ap_q_mode5EL9a_623, i20 %p_ZZN4nnet22compute_pool_buffer_2dINS_5arrayI8ap_fixedILi20ELi10EL9ap_q_mode5EL9a_624" [firmware/nnet_utils/nnet_common.h:66->firmware/nnet_utils/nnet_common.h:44->firmware/nnet_utils/nnet_common.h:46->firmware/nnet_utils/nnet_common.h:46->firmware/nnet_utils/nnet_common.h:46->firmware/nnet_utils/nnet_pooling_stream.h:21->firmware/nnet_utils/nnet_pooling_stream.h:68->firmware/nnet_utils/nnet_pooling_stream.h:115]   --->   Operation 643 'icmp' 'icmp_ln66_135' <Predicate = (icmp_ln55 & and_ln55_1)> <Delay = 2.19> <CoreInst = "Cmp">   --->   Core 9 'Cmp' <Latency = 0> <II = 1> <Delay = 2.19> <FuncUnit> <Opcode : 'seteq' 'setne' 'setle' 'setge' 'setlt' 'setgt'> <InPorts = 2> <OutPorts = 1>
ST_3 : Operation 644 [1/1] (0.00ns) (grouped into LUT with out node select_ln0_120)   --->   "%xor_ln66_135 = xor i1 %icmp_ln66_135, i1 1" [firmware/nnet_utils/nnet_common.h:66->firmware/nnet_utils/nnet_common.h:44->firmware/nnet_utils/nnet_common.h:46->firmware/nnet_utils/nnet_common.h:46->firmware/nnet_utils/nnet_common.h:46->firmware/nnet_utils/nnet_pooling_stream.h:21->firmware/nnet_utils/nnet_pooling_stream.h:68->firmware/nnet_utils/nnet_pooling_stream.h:115]   --->   Operation 644 'xor' 'xor_ln66_135' <Predicate = (icmp_ln55 & and_ln55_1)> <Delay = 0.00> <CoreInst = "LogicGate">   --->   Core 74 'LogicGate' <Latency = 0> <II = 1> <Delay = 0.97> <FuncUnit> <Opcode : 'and' 'or' 'xor'> <InPorts = 2> <OutPorts = 1>
ST_3 : Operation 645 [1/1] (0.97ns) (out node of the LUT)   --->   "%select_ln0_120 = select i1 %xor_ln66_135, i20 %p_ZZN4nnet22compute_pool_buffer_2dINS_5arrayI8ap_fixedILi20ELi10EL9ap_q_mode5EL9a_623, i20 %p_ZZN4nnet22compute_pool_buffer_2dINS_5arrayI8ap_fixedILi20ELi10EL9ap_q_mode5EL9a_624" [firmware/nnet_utils/nnet_common.h:0->firmware/nnet_utils/nnet_common.h:46->firmware/nnet_utils/nnet_common.h:46->firmware/nnet_utils/nnet_common.h:46->firmware/nnet_utils/nnet_pooling_stream.h:21->firmware/nnet_utils/nnet_pooling_stream.h:68->firmware/nnet_utils/nnet_pooling_stream.h:115]   --->   Operation 645 'select' 'select_ln0_120' <Predicate = (icmp_ln55 & and_ln55_1)> <Delay = 0.97> <CoreInst = "Sel">   --->   Core 73 'Sel' <Latency = 0> <II = 1> <Delay = 0.70> <FuncUnit> <Opcode : 'select'> <InPorts = 3> <OutPorts = 1>
ST_3 : Operation 646 [1/1] (2.19ns)   --->   "%icmp_ln66_136 = icmp_slt  i20 %p_ZZN4nnet22compute_pool_buffer_2dINS_5arrayI8ap_fixedILi20ELi10EL9ap_q_mode5EL9a_625, i20 %p_ZZN4nnet22compute_pool_buffer_2dINS_5arrayI8ap_fixedILi20ELi10EL9ap_q_mode5EL9a_626" [firmware/nnet_utils/nnet_common.h:66->firmware/nnet_utils/nnet_common.h:44->firmware/nnet_utils/nnet_common.h:46->firmware/nnet_utils/nnet_common.h:46->firmware/nnet_utils/nnet_common.h:46->firmware/nnet_utils/nnet_pooling_stream.h:21->firmware/nnet_utils/nnet_pooling_stream.h:68->firmware/nnet_utils/nnet_pooling_stream.h:115]   --->   Operation 646 'icmp' 'icmp_ln66_136' <Predicate = (icmp_ln55 & and_ln55_1)> <Delay = 2.19> <CoreInst = "Cmp">   --->   Core 9 'Cmp' <Latency = 0> <II = 1> <Delay = 2.19> <FuncUnit> <Opcode : 'seteq' 'setne' 'setle' 'setge' 'setlt' 'setgt'> <InPorts = 2> <OutPorts = 1>
ST_3 : Operation 647 [1/1] (0.00ns) (grouped into LUT with out node select_ln0_121)   --->   "%xor_ln66_136 = xor i1 %icmp_ln66_136, i1 1" [firmware/nnet_utils/nnet_common.h:66->firmware/nnet_utils/nnet_common.h:44->firmware/nnet_utils/nnet_common.h:46->firmware/nnet_utils/nnet_common.h:46->firmware/nnet_utils/nnet_common.h:46->firmware/nnet_utils/nnet_pooling_stream.h:21->firmware/nnet_utils/nnet_pooling_stream.h:68->firmware/nnet_utils/nnet_pooling_stream.h:115]   --->   Operation 647 'xor' 'xor_ln66_136' <Predicate = (icmp_ln55 & and_ln55_1)> <Delay = 0.00> <CoreInst = "LogicGate">   --->   Core 74 'LogicGate' <Latency = 0> <II = 1> <Delay = 0.97> <FuncUnit> <Opcode : 'and' 'or' 'xor'> <InPorts = 2> <OutPorts = 1>
ST_3 : Operation 648 [1/1] (0.97ns) (out node of the LUT)   --->   "%select_ln0_121 = select i1 %xor_ln66_136, i20 %p_ZZN4nnet22compute_pool_buffer_2dINS_5arrayI8ap_fixedILi20ELi10EL9ap_q_mode5EL9a_625, i20 %p_ZZN4nnet22compute_pool_buffer_2dINS_5arrayI8ap_fixedILi20ELi10EL9ap_q_mode5EL9a_626" [firmware/nnet_utils/nnet_common.h:0->firmware/nnet_utils/nnet_common.h:46->firmware/nnet_utils/nnet_common.h:46->firmware/nnet_utils/nnet_common.h:46->firmware/nnet_utils/nnet_pooling_stream.h:21->firmware/nnet_utils/nnet_pooling_stream.h:68->firmware/nnet_utils/nnet_pooling_stream.h:115]   --->   Operation 648 'select' 'select_ln0_121' <Predicate = (icmp_ln55 & and_ln55_1)> <Delay = 0.97> <CoreInst = "Sel">   --->   Core 73 'Sel' <Latency = 0> <II = 1> <Delay = 0.70> <FuncUnit> <Opcode : 'select'> <InPorts = 3> <OutPorts = 1>
ST_3 : Operation 649 [1/1] (2.19ns)   --->   "%icmp_ln66_137 = icmp_slt  i20 %select_ln0_120, i20 %select_ln0_121" [firmware/nnet_utils/nnet_common.h:66->firmware/nnet_utils/nnet_common.h:46->firmware/nnet_utils/nnet_common.h:46->firmware/nnet_utils/nnet_common.h:46->firmware/nnet_utils/nnet_pooling_stream.h:21->firmware/nnet_utils/nnet_pooling_stream.h:68->firmware/nnet_utils/nnet_pooling_stream.h:115]   --->   Operation 649 'icmp' 'icmp_ln66_137' <Predicate = (icmp_ln55 & and_ln55_1)> <Delay = 2.19> <CoreInst = "Cmp">   --->   Core 9 'Cmp' <Latency = 0> <II = 1> <Delay = 2.19> <FuncUnit> <Opcode : 'seteq' 'setne' 'setle' 'setge' 'setlt' 'setgt'> <InPorts = 2> <OutPorts = 1>
ST_3 : Operation 650 [1/1] (0.00ns) (grouped into LUT with out node select_ln0_122)   --->   "%xor_ln66_137 = xor i1 %icmp_ln66_137, i1 1" [firmware/nnet_utils/nnet_common.h:66->firmware/nnet_utils/nnet_common.h:46->firmware/nnet_utils/nnet_common.h:46->firmware/nnet_utils/nnet_common.h:46->firmware/nnet_utils/nnet_pooling_stream.h:21->firmware/nnet_utils/nnet_pooling_stream.h:68->firmware/nnet_utils/nnet_pooling_stream.h:115]   --->   Operation 650 'xor' 'xor_ln66_137' <Predicate = (icmp_ln55 & and_ln55_1)> <Delay = 0.00> <CoreInst = "LogicGate">   --->   Core 74 'LogicGate' <Latency = 0> <II = 1> <Delay = 0.97> <FuncUnit> <Opcode : 'and' 'or' 'xor'> <InPorts = 2> <OutPorts = 1>
ST_3 : Operation 651 [1/1] (0.97ns) (out node of the LUT)   --->   "%select_ln0_122 = select i1 %xor_ln66_137, i20 %select_ln0_120, i20 %select_ln0_121" [firmware/nnet_utils/nnet_common.h:0->firmware/nnet_utils/nnet_common.h:46->firmware/nnet_utils/nnet_common.h:46->firmware/nnet_utils/nnet_pooling_stream.h:21->firmware/nnet_utils/nnet_pooling_stream.h:68->firmware/nnet_utils/nnet_pooling_stream.h:115]   --->   Operation 651 'select' 'select_ln0_122' <Predicate = (icmp_ln55 & and_ln55_1)> <Delay = 0.97> <CoreInst = "Sel">   --->   Core 73 'Sel' <Latency = 0> <II = 1> <Delay = 0.70> <FuncUnit> <Opcode : 'select'> <InPorts = 3> <OutPorts = 1>
ST_3 : Operation 652 [1/1] (2.19ns)   --->   "%icmp_ln66_138 = icmp_slt  i20 %p_ZZN4nnet22compute_pool_buffer_2dINS_5arrayI8ap_fixedILi20ELi10EL9ap_q_mode5EL9a_627, i20 %p_ZZN4nnet22compute_pool_buffer_2dINS_5arrayI8ap_fixedILi20ELi10EL9ap_q_mode5EL9a_628" [firmware/nnet_utils/nnet_common.h:66->firmware/nnet_utils/nnet_common.h:44->firmware/nnet_utils/nnet_common.h:46->firmware/nnet_utils/nnet_common.h:46->firmware/nnet_utils/nnet_common.h:46->firmware/nnet_utils/nnet_pooling_stream.h:21->firmware/nnet_utils/nnet_pooling_stream.h:68->firmware/nnet_utils/nnet_pooling_stream.h:115]   --->   Operation 652 'icmp' 'icmp_ln66_138' <Predicate = (icmp_ln55 & and_ln55_1)> <Delay = 2.19> <CoreInst = "Cmp">   --->   Core 9 'Cmp' <Latency = 0> <II = 1> <Delay = 2.19> <FuncUnit> <Opcode : 'seteq' 'setne' 'setle' 'setge' 'setlt' 'setgt'> <InPorts = 2> <OutPorts = 1>
ST_3 : Operation 653 [1/1] (0.00ns) (grouped into LUT with out node select_ln0_123)   --->   "%xor_ln66_138 = xor i1 %icmp_ln66_138, i1 1" [firmware/nnet_utils/nnet_common.h:66->firmware/nnet_utils/nnet_common.h:44->firmware/nnet_utils/nnet_common.h:46->firmware/nnet_utils/nnet_common.h:46->firmware/nnet_utils/nnet_common.h:46->firmware/nnet_utils/nnet_pooling_stream.h:21->firmware/nnet_utils/nnet_pooling_stream.h:68->firmware/nnet_utils/nnet_pooling_stream.h:115]   --->   Operation 653 'xor' 'xor_ln66_138' <Predicate = (icmp_ln55 & and_ln55_1)> <Delay = 0.00> <CoreInst = "LogicGate">   --->   Core 74 'LogicGate' <Latency = 0> <II = 1> <Delay = 0.97> <FuncUnit> <Opcode : 'and' 'or' 'xor'> <InPorts = 2> <OutPorts = 1>
ST_3 : Operation 654 [1/1] (0.97ns) (out node of the LUT)   --->   "%select_ln0_123 = select i1 %xor_ln66_138, i20 %p_ZZN4nnet22compute_pool_buffer_2dINS_5arrayI8ap_fixedILi20ELi10EL9ap_q_mode5EL9a_627, i20 %p_ZZN4nnet22compute_pool_buffer_2dINS_5arrayI8ap_fixedILi20ELi10EL9ap_q_mode5EL9a_628" [firmware/nnet_utils/nnet_common.h:0->firmware/nnet_utils/nnet_common.h:46->firmware/nnet_utils/nnet_common.h:46->firmware/nnet_utils/nnet_common.h:46->firmware/nnet_utils/nnet_pooling_stream.h:21->firmware/nnet_utils/nnet_pooling_stream.h:68->firmware/nnet_utils/nnet_pooling_stream.h:115]   --->   Operation 654 'select' 'select_ln0_123' <Predicate = (icmp_ln55 & and_ln55_1)> <Delay = 0.97> <CoreInst = "Sel">   --->   Core 73 'Sel' <Latency = 0> <II = 1> <Delay = 0.70> <FuncUnit> <Opcode : 'select'> <InPorts = 3> <OutPorts = 1>
ST_3 : Operation 655 [1/1] (2.19ns)   --->   "%icmp_ln66_139 = icmp_slt  i20 %p_ZZN4nnet22compute_pool_buffer_2dINS_5arrayI8ap_fixedILi20ELi10EL9ap_q_mode5EL9a_629, i20 %p_ZZN4nnet22compute_pool_buffer_2dINS_5arrayI8ap_fixedILi20ELi10EL9ap_q_mode5EL9a_630" [firmware/nnet_utils/nnet_common.h:66->firmware/nnet_utils/nnet_common.h:44->firmware/nnet_utils/nnet_common.h:46->firmware/nnet_utils/nnet_common.h:46->firmware/nnet_utils/nnet_common.h:46->firmware/nnet_utils/nnet_pooling_stream.h:21->firmware/nnet_utils/nnet_pooling_stream.h:68->firmware/nnet_utils/nnet_pooling_stream.h:115]   --->   Operation 655 'icmp' 'icmp_ln66_139' <Predicate = (icmp_ln55 & and_ln55_1)> <Delay = 2.19> <CoreInst = "Cmp">   --->   Core 9 'Cmp' <Latency = 0> <II = 1> <Delay = 2.19> <FuncUnit> <Opcode : 'seteq' 'setne' 'setle' 'setge' 'setlt' 'setgt'> <InPorts = 2> <OutPorts = 1>
ST_3 : Operation 656 [1/1] (0.00ns) (grouped into LUT with out node select_ln0_124)   --->   "%xor_ln66_139 = xor i1 %icmp_ln66_139, i1 1" [firmware/nnet_utils/nnet_common.h:66->firmware/nnet_utils/nnet_common.h:44->firmware/nnet_utils/nnet_common.h:46->firmware/nnet_utils/nnet_common.h:46->firmware/nnet_utils/nnet_common.h:46->firmware/nnet_utils/nnet_pooling_stream.h:21->firmware/nnet_utils/nnet_pooling_stream.h:68->firmware/nnet_utils/nnet_pooling_stream.h:115]   --->   Operation 656 'xor' 'xor_ln66_139' <Predicate = (icmp_ln55 & and_ln55_1)> <Delay = 0.00> <CoreInst = "LogicGate">   --->   Core 74 'LogicGate' <Latency = 0> <II = 1> <Delay = 0.97> <FuncUnit> <Opcode : 'and' 'or' 'xor'> <InPorts = 2> <OutPorts = 1>
ST_3 : Operation 657 [1/1] (0.97ns) (out node of the LUT)   --->   "%select_ln0_124 = select i1 %xor_ln66_139, i20 %p_ZZN4nnet22compute_pool_buffer_2dINS_5arrayI8ap_fixedILi20ELi10EL9ap_q_mode5EL9a_629, i20 %p_ZZN4nnet22compute_pool_buffer_2dINS_5arrayI8ap_fixedILi20ELi10EL9ap_q_mode5EL9a_630" [firmware/nnet_utils/nnet_common.h:0->firmware/nnet_utils/nnet_common.h:46->firmware/nnet_utils/nnet_common.h:46->firmware/nnet_utils/nnet_common.h:46->firmware/nnet_utils/nnet_pooling_stream.h:21->firmware/nnet_utils/nnet_pooling_stream.h:68->firmware/nnet_utils/nnet_pooling_stream.h:115]   --->   Operation 657 'select' 'select_ln0_124' <Predicate = (icmp_ln55 & and_ln55_1)> <Delay = 0.97> <CoreInst = "Sel">   --->   Core 73 'Sel' <Latency = 0> <II = 1> <Delay = 0.70> <FuncUnit> <Opcode : 'select'> <InPorts = 3> <OutPorts = 1>
ST_3 : Operation 658 [1/1] (2.19ns)   --->   "%icmp_ln66_140 = icmp_slt  i20 %select_ln0_123, i20 %select_ln0_124" [firmware/nnet_utils/nnet_common.h:66->firmware/nnet_utils/nnet_common.h:46->firmware/nnet_utils/nnet_common.h:46->firmware/nnet_utils/nnet_common.h:46->firmware/nnet_utils/nnet_pooling_stream.h:21->firmware/nnet_utils/nnet_pooling_stream.h:68->firmware/nnet_utils/nnet_pooling_stream.h:115]   --->   Operation 658 'icmp' 'icmp_ln66_140' <Predicate = (icmp_ln55 & and_ln55_1)> <Delay = 2.19> <CoreInst = "Cmp">   --->   Core 9 'Cmp' <Latency = 0> <II = 1> <Delay = 2.19> <FuncUnit> <Opcode : 'seteq' 'setne' 'setle' 'setge' 'setlt' 'setgt'> <InPorts = 2> <OutPorts = 1>
ST_3 : Operation 659 [1/1] (0.00ns) (grouped into LUT with out node select_ln0_125)   --->   "%xor_ln66_140 = xor i1 %icmp_ln66_140, i1 1" [firmware/nnet_utils/nnet_common.h:66->firmware/nnet_utils/nnet_common.h:46->firmware/nnet_utils/nnet_common.h:46->firmware/nnet_utils/nnet_common.h:46->firmware/nnet_utils/nnet_pooling_stream.h:21->firmware/nnet_utils/nnet_pooling_stream.h:68->firmware/nnet_utils/nnet_pooling_stream.h:115]   --->   Operation 659 'xor' 'xor_ln66_140' <Predicate = (icmp_ln55 & and_ln55_1)> <Delay = 0.00> <CoreInst = "LogicGate">   --->   Core 74 'LogicGate' <Latency = 0> <II = 1> <Delay = 0.97> <FuncUnit> <Opcode : 'and' 'or' 'xor'> <InPorts = 2> <OutPorts = 1>
ST_3 : Operation 660 [1/1] (0.97ns) (out node of the LUT)   --->   "%select_ln0_125 = select i1 %xor_ln66_140, i20 %select_ln0_123, i20 %select_ln0_124" [firmware/nnet_utils/nnet_common.h:0->firmware/nnet_utils/nnet_common.h:46->firmware/nnet_utils/nnet_common.h:46->firmware/nnet_utils/nnet_pooling_stream.h:21->firmware/nnet_utils/nnet_pooling_stream.h:68->firmware/nnet_utils/nnet_pooling_stream.h:115]   --->   Operation 660 'select' 'select_ln0_125' <Predicate = (icmp_ln55 & and_ln55_1)> <Delay = 0.97> <CoreInst = "Sel">   --->   Core 73 'Sel' <Latency = 0> <II = 1> <Delay = 0.70> <FuncUnit> <Opcode : 'select'> <InPorts = 3> <OutPorts = 1>
ST_3 : Operation 661 [1/1] (2.19ns)   --->   "%icmp_ln66_141 = icmp_slt  i20 %select_ln0_122, i20 %select_ln0_125" [firmware/nnet_utils/nnet_common.h:66->firmware/nnet_utils/nnet_common.h:46->firmware/nnet_utils/nnet_common.h:46->firmware/nnet_utils/nnet_pooling_stream.h:21->firmware/nnet_utils/nnet_pooling_stream.h:68->firmware/nnet_utils/nnet_pooling_stream.h:115]   --->   Operation 661 'icmp' 'icmp_ln66_141' <Predicate = (icmp_ln55 & and_ln55_1)> <Delay = 2.19> <CoreInst = "Cmp">   --->   Core 9 'Cmp' <Latency = 0> <II = 1> <Delay = 2.19> <FuncUnit> <Opcode : 'seteq' 'setne' 'setle' 'setge' 'setlt' 'setgt'> <InPorts = 2> <OutPorts = 1>
ST_3 : Operation 662 [1/1] (0.00ns) (grouped into LUT with out node select_ln0_126)   --->   "%xor_ln66_141 = xor i1 %icmp_ln66_141, i1 1" [firmware/nnet_utils/nnet_common.h:66->firmware/nnet_utils/nnet_common.h:46->firmware/nnet_utils/nnet_common.h:46->firmware/nnet_utils/nnet_pooling_stream.h:21->firmware/nnet_utils/nnet_pooling_stream.h:68->firmware/nnet_utils/nnet_pooling_stream.h:115]   --->   Operation 662 'xor' 'xor_ln66_141' <Predicate = (icmp_ln55 & and_ln55_1)> <Delay = 0.00> <CoreInst = "LogicGate">   --->   Core 74 'LogicGate' <Latency = 0> <II = 1> <Delay = 0.97> <FuncUnit> <Opcode : 'and' 'or' 'xor'> <InPorts = 2> <OutPorts = 1>
ST_3 : Operation 663 [1/1] (0.97ns) (out node of the LUT)   --->   "%select_ln0_126 = select i1 %xor_ln66_141, i20 %select_ln0_122, i20 %select_ln0_125" [firmware/nnet_utils/nnet_common.h:0->firmware/nnet_utils/nnet_common.h:46->firmware/nnet_utils/nnet_pooling_stream.h:21->firmware/nnet_utils/nnet_pooling_stream.h:68->firmware/nnet_utils/nnet_pooling_stream.h:115]   --->   Operation 663 'select' 'select_ln0_126' <Predicate = (icmp_ln55 & and_ln55_1)> <Delay = 0.97> <CoreInst = "Sel">   --->   Core 73 'Sel' <Latency = 0> <II = 1> <Delay = 0.70> <FuncUnit> <Opcode : 'select'> <InPorts = 3> <OutPorts = 1>
ST_3 : Operation 664 [1/1] (2.19ns)   --->   "%icmp_ln66_142 = icmp_slt  i20 %p_ZZN4nnet22compute_pool_buffer_2dINS_5arrayI8ap_fixedILi20ELi10EL9ap_q_mode5EL9a_631, i20 %p_ZZN4nnet22compute_pool_buffer_2dINS_5arrayI8ap_fixedILi20ELi10EL9ap_q_mode5EL9a_632" [firmware/nnet_utils/nnet_common.h:66->firmware/nnet_utils/nnet_common.h:44->firmware/nnet_utils/nnet_common.h:46->firmware/nnet_utils/nnet_pooling_stream.h:21->firmware/nnet_utils/nnet_pooling_stream.h:68->firmware/nnet_utils/nnet_pooling_stream.h:115]   --->   Operation 664 'icmp' 'icmp_ln66_142' <Predicate = (icmp_ln55 & and_ln55_1)> <Delay = 2.19> <CoreInst = "Cmp">   --->   Core 9 'Cmp' <Latency = 0> <II = 1> <Delay = 2.19> <FuncUnit> <Opcode : 'seteq' 'setne' 'setle' 'setge' 'setlt' 'setgt'> <InPorts = 2> <OutPorts = 1>
ST_3 : Operation 665 [1/1] (0.00ns) (grouped into LUT with out node select_ln0_127)   --->   "%xor_ln66_142 = xor i1 %icmp_ln66_142, i1 1" [firmware/nnet_utils/nnet_common.h:66->firmware/nnet_utils/nnet_common.h:44->firmware/nnet_utils/nnet_common.h:46->firmware/nnet_utils/nnet_pooling_stream.h:21->firmware/nnet_utils/nnet_pooling_stream.h:68->firmware/nnet_utils/nnet_pooling_stream.h:115]   --->   Operation 665 'xor' 'xor_ln66_142' <Predicate = (icmp_ln55 & and_ln55_1)> <Delay = 0.00> <CoreInst = "LogicGate">   --->   Core 74 'LogicGate' <Latency = 0> <II = 1> <Delay = 0.97> <FuncUnit> <Opcode : 'and' 'or' 'xor'> <InPorts = 2> <OutPorts = 1>
ST_3 : Operation 666 [1/1] (0.97ns) (out node of the LUT)   --->   "%select_ln0_127 = select i1 %xor_ln66_142, i20 %p_ZZN4nnet22compute_pool_buffer_2dINS_5arrayI8ap_fixedILi20ELi10EL9ap_q_mode5EL9a_631, i20 %p_ZZN4nnet22compute_pool_buffer_2dINS_5arrayI8ap_fixedILi20ELi10EL9ap_q_mode5EL9a_632" [firmware/nnet_utils/nnet_common.h:0->firmware/nnet_utils/nnet_common.h:46->firmware/nnet_utils/nnet_pooling_stream.h:21->firmware/nnet_utils/nnet_pooling_stream.h:68->firmware/nnet_utils/nnet_pooling_stream.h:115]   --->   Operation 666 'select' 'select_ln0_127' <Predicate = (icmp_ln55 & and_ln55_1)> <Delay = 0.97> <CoreInst = "Sel">   --->   Core 73 'Sel' <Latency = 0> <II = 1> <Delay = 0.70> <FuncUnit> <Opcode : 'select'> <InPorts = 3> <OutPorts = 1>
ST_3 : Operation 667 [1/1] (2.19ns)   --->   "%icmp_ln66_143 = icmp_slt  i20 %select_ln0_126, i20 %select_ln0_127" [firmware/nnet_utils/nnet_common.h:66->firmware/nnet_utils/nnet_common.h:46->firmware/nnet_utils/nnet_pooling_stream.h:21->firmware/nnet_utils/nnet_pooling_stream.h:68->firmware/nnet_utils/nnet_pooling_stream.h:115]   --->   Operation 667 'icmp' 'icmp_ln66_143' <Predicate = (icmp_ln55 & and_ln55_1)> <Delay = 2.19> <CoreInst = "Cmp">   --->   Core 9 'Cmp' <Latency = 0> <II = 1> <Delay = 2.19> <FuncUnit> <Opcode : 'seteq' 'setne' 'setle' 'setge' 'setlt' 'setgt'> <InPorts = 2> <OutPorts = 1>
ST_3 : Operation 668 [1/1] (0.00ns) (grouped into LUT with out node res_pack_15)   --->   "%xor_ln66_143 = xor i1 %icmp_ln66_143, i1 1" [firmware/nnet_utils/nnet_common.h:66->firmware/nnet_utils/nnet_common.h:46->firmware/nnet_utils/nnet_pooling_stream.h:21->firmware/nnet_utils/nnet_pooling_stream.h:68->firmware/nnet_utils/nnet_pooling_stream.h:115]   --->   Operation 668 'xor' 'xor_ln66_143' <Predicate = (icmp_ln55 & and_ln55_1)> <Delay = 0.00> <CoreInst = "LogicGate">   --->   Core 74 'LogicGate' <Latency = 0> <II = 1> <Delay = 0.97> <FuncUnit> <Opcode : 'and' 'or' 'xor'> <InPorts = 2> <OutPorts = 1>
ST_3 : Operation 669 [1/1] (0.97ns) (out node of the LUT)   --->   "%res_pack_15 = select i1 %xor_ln66_143, i20 %select_ln0_126, i20 %select_ln0_127" [firmware/nnet_utils/nnet_pooling_stream.h:67->firmware/nnet_utils/nnet_pooling_stream.h:115]   --->   Operation 669 'select' 'res_pack_15' <Predicate = (icmp_ln55 & and_ln55_1)> <Delay = 0.97> <CoreInst = "Sel">   --->   Core 73 'Sel' <Latency = 0> <II = 1> <Delay = 0.70> <FuncUnit> <Opcode : 'select'> <InPorts = 3> <OutPorts = 1>
ST_3 : Operation 670 [1/1] (0.00ns)   --->   "%p_ZZN4nnet22compute_pool_buffer_2dINS_5arrayI8ap_fixedILi20ELi10EL9ap_q_mode5EL9a_633 = load i20 %p_ZZN4nnet22compute_pool_buffer_2dINS_5arrayI8ap_fixedILi20ELi10EL9ap_q_mode5EL9a_311" [firmware/nnet_utils/nnet_pooling_stream.h:63->firmware/nnet_utils/nnet_pooling_stream.h:115]   --->   Operation 670 'load' 'p_ZZN4nnet22compute_pool_buffer_2dINS_5arrayI8ap_fixedILi20ELi10EL9ap_q_mode5EL9a_633' <Predicate = (icmp_ln55 & and_ln55_1)> <Delay = 0.00>
ST_3 : Operation 671 [1/1] (0.00ns)   --->   "%p_ZZN4nnet22compute_pool_buffer_2dINS_5arrayI8ap_fixedILi20ELi10EL9ap_q_mode5EL9a_634 = load i20 %p_ZZN4nnet22compute_pool_buffer_2dINS_5arrayI8ap_fixedILi20ELi10EL9ap_q_mode5EL9a_65" [firmware/nnet_utils/nnet_pooling_stream.h:63->firmware/nnet_utils/nnet_pooling_stream.h:115]   --->   Operation 671 'load' 'p_ZZN4nnet22compute_pool_buffer_2dINS_5arrayI8ap_fixedILi20ELi10EL9ap_q_mode5EL9a_634' <Predicate = (icmp_ln55 & and_ln55_1)> <Delay = 0.00>
ST_3 : Operation 672 [1/1] (0.00ns)   --->   "%p_ZZN4nnet22compute_pool_buffer_2dINS_5arrayI8ap_fixedILi20ELi10EL9ap_q_mode5EL9a_635 = load i20 %p_ZZN4nnet22compute_pool_buffer_2dINS_5arrayI8ap_fixedILi20ELi10EL9ap_q_mode5EL9a_47" [firmware/nnet_utils/nnet_pooling_stream.h:63->firmware/nnet_utils/nnet_pooling_stream.h:115]   --->   Operation 672 'load' 'p_ZZN4nnet22compute_pool_buffer_2dINS_5arrayI8ap_fixedILi20ELi10EL9ap_q_mode5EL9a_635' <Predicate = (icmp_ln55 & and_ln55_1)> <Delay = 0.00>
ST_3 : Operation 673 [1/1] (0.00ns)   --->   "%p_ZZN4nnet22compute_pool_buffer_2dINS_5arrayI8ap_fixedILi20ELi10EL9ap_q_mode5EL9a_636 = load i20 %p_ZZN4nnet22compute_pool_buffer_2dINS_5arrayI8ap_fixedILi20ELi10EL9ap_q_mode5EL9a_29" [firmware/nnet_utils/nnet_pooling_stream.h:63->firmware/nnet_utils/nnet_pooling_stream.h:115]   --->   Operation 673 'load' 'p_ZZN4nnet22compute_pool_buffer_2dINS_5arrayI8ap_fixedILi20ELi10EL9ap_q_mode5EL9a_636' <Predicate = (icmp_ln55 & and_ln55_1)> <Delay = 0.00>
ST_3 : Operation 674 [1/1] (0.00ns)   --->   "%p_ZZN4nnet22compute_pool_buffer_2dINS_5arrayI8ap_fixedILi20ELi10EL9ap_q_mode5EL9a_637 = load i20 %p_ZZN4nnet22compute_pool_buffer_2dINS_5arrayI8ap_fixedILi20ELi10EL9ap_q_mode5EL9a_11" [firmware/nnet_utils/nnet_pooling_stream.h:63->firmware/nnet_utils/nnet_pooling_stream.h:115]   --->   Operation 674 'load' 'p_ZZN4nnet22compute_pool_buffer_2dINS_5arrayI8ap_fixedILi20ELi10EL9ap_q_mode5EL9a_637' <Predicate = (icmp_ln55 & and_ln55_1)> <Delay = 0.00>
ST_3 : Operation 675 [1/1] (0.00ns)   --->   "%p_ZZN4nnet22compute_pool_buffer_2dINS_5arrayI8ap_fixedILi20ELi10EL9ap_q_mode5EL9a_638 = load i20 %p_ZZN4nnet22compute_pool_buffer_2dINS_5arrayI8ap_fixedILi20ELi10EL9ap_q_mode5EL9a_252" [firmware/nnet_utils/nnet_pooling_stream.h:63->firmware/nnet_utils/nnet_pooling_stream.h:115]   --->   Operation 675 'load' 'p_ZZN4nnet22compute_pool_buffer_2dINS_5arrayI8ap_fixedILi20ELi10EL9ap_q_mode5EL9a_638' <Predicate = (icmp_ln55 & and_ln55_1)> <Delay = 0.00>
ST_3 : Operation 676 [1/1] (0.00ns)   --->   "%p_ZZN4nnet22compute_pool_buffer_2dINS_5arrayI8ap_fixedILi20ELi10EL9ap_q_mode5EL9a_639 = load i20 %p_ZZN4nnet22compute_pool_buffer_2dINS_5arrayI8ap_fixedILi20ELi10EL9ap_q_mode5EL9a_272" [firmware/nnet_utils/nnet_pooling_stream.h:63->firmware/nnet_utils/nnet_pooling_stream.h:115]   --->   Operation 676 'load' 'p_ZZN4nnet22compute_pool_buffer_2dINS_5arrayI8ap_fixedILi20ELi10EL9ap_q_mode5EL9a_639' <Predicate = (icmp_ln55 & and_ln55_1)> <Delay = 0.00>
ST_3 : Operation 677 [1/1] (0.00ns)   --->   "%p_ZZN4nnet22compute_pool_buffer_2dINS_5arrayI8ap_fixedILi20ELi10EL9ap_q_mode5EL9a_640 = load i20 %p_ZZN4nnet22compute_pool_buffer_2dINS_5arrayI8ap_fixedILi20ELi10EL9ap_q_mode5EL9a_292" [firmware/nnet_utils/nnet_pooling_stream.h:63->firmware/nnet_utils/nnet_pooling_stream.h:115]   --->   Operation 677 'load' 'p_ZZN4nnet22compute_pool_buffer_2dINS_5arrayI8ap_fixedILi20ELi10EL9ap_q_mode5EL9a_640' <Predicate = (icmp_ln55 & and_ln55_1)> <Delay = 0.00>
ST_3 : Operation 678 [1/1] (0.00ns)   --->   "%p_ZZN4nnet22compute_pool_buffer_2dINS_5arrayI8ap_fixedILi20ELi10EL9ap_q_mode5EL9a_641 = load i20 %p_ZZN4nnet22compute_pool_buffer_2dINS_5arrayI8ap_fixedILi20ELi10EL9ap_q_mode5EL9a_312" [firmware/nnet_utils/nnet_pooling_stream.h:63->firmware/nnet_utils/nnet_pooling_stream.h:115]   --->   Operation 678 'load' 'p_ZZN4nnet22compute_pool_buffer_2dINS_5arrayI8ap_fixedILi20ELi10EL9ap_q_mode5EL9a_641' <Predicate = (icmp_ln55 & and_ln55_1)> <Delay = 0.00>
ST_3 : Operation 679 [1/1] (0.00ns)   --->   "%p_ZZN4nnet22compute_pool_buffer_2dINS_5arrayI8ap_fixedILi20ELi10EL9ap_q_mode5EL9a_642 = load i20 %p_ZZN4nnet22compute_pool_buffer_2dINS_5arrayI8ap_fixedILi20ELi10EL9ap_q_mode5EL9a_83" [firmware/nnet_utils/nnet_pooling_stream.h:63->firmware/nnet_utils/nnet_pooling_stream.h:115]   --->   Operation 679 'load' 'p_ZZN4nnet22compute_pool_buffer_2dINS_5arrayI8ap_fixedILi20ELi10EL9ap_q_mode5EL9a_642' <Predicate = (icmp_ln55 & and_ln55_1)> <Delay = 0.00>
ST_3 : Operation 680 [1/1] (2.19ns)   --->   "%icmp_ln66_144 = icmp_slt  i20 %p_ZZN4nnet22compute_pool_buffer_2dINS_5arrayI8ap_fixedILi20ELi10EL9ap_q_mode5EL9a_633, i20 %p_ZZN4nnet22compute_pool_buffer_2dINS_5arrayI8ap_fixedILi20ELi10EL9ap_q_mode5EL9a_634" [firmware/nnet_utils/nnet_common.h:66->firmware/nnet_utils/nnet_common.h:44->firmware/nnet_utils/nnet_common.h:46->firmware/nnet_utils/nnet_common.h:46->firmware/nnet_utils/nnet_common.h:46->firmware/nnet_utils/nnet_pooling_stream.h:21->firmware/nnet_utils/nnet_pooling_stream.h:68->firmware/nnet_utils/nnet_pooling_stream.h:115]   --->   Operation 680 'icmp' 'icmp_ln66_144' <Predicate = (icmp_ln55 & and_ln55_1)> <Delay = 2.19> <CoreInst = "Cmp">   --->   Core 9 'Cmp' <Latency = 0> <II = 1> <Delay = 2.19> <FuncUnit> <Opcode : 'seteq' 'setne' 'setle' 'setge' 'setlt' 'setgt'> <InPorts = 2> <OutPorts = 1>
ST_3 : Operation 681 [1/1] (0.00ns) (grouped into LUT with out node select_ln0_128)   --->   "%xor_ln66_144 = xor i1 %icmp_ln66_144, i1 1" [firmware/nnet_utils/nnet_common.h:66->firmware/nnet_utils/nnet_common.h:44->firmware/nnet_utils/nnet_common.h:46->firmware/nnet_utils/nnet_common.h:46->firmware/nnet_utils/nnet_common.h:46->firmware/nnet_utils/nnet_pooling_stream.h:21->firmware/nnet_utils/nnet_pooling_stream.h:68->firmware/nnet_utils/nnet_pooling_stream.h:115]   --->   Operation 681 'xor' 'xor_ln66_144' <Predicate = (icmp_ln55 & and_ln55_1)> <Delay = 0.00> <CoreInst = "LogicGate">   --->   Core 74 'LogicGate' <Latency = 0> <II = 1> <Delay = 0.97> <FuncUnit> <Opcode : 'and' 'or' 'xor'> <InPorts = 2> <OutPorts = 1>
ST_3 : Operation 682 [1/1] (0.97ns) (out node of the LUT)   --->   "%select_ln0_128 = select i1 %xor_ln66_144, i20 %p_ZZN4nnet22compute_pool_buffer_2dINS_5arrayI8ap_fixedILi20ELi10EL9ap_q_mode5EL9a_633, i20 %p_ZZN4nnet22compute_pool_buffer_2dINS_5arrayI8ap_fixedILi20ELi10EL9ap_q_mode5EL9a_634" [firmware/nnet_utils/nnet_common.h:0->firmware/nnet_utils/nnet_common.h:46->firmware/nnet_utils/nnet_common.h:46->firmware/nnet_utils/nnet_common.h:46->firmware/nnet_utils/nnet_pooling_stream.h:21->firmware/nnet_utils/nnet_pooling_stream.h:68->firmware/nnet_utils/nnet_pooling_stream.h:115]   --->   Operation 682 'select' 'select_ln0_128' <Predicate = (icmp_ln55 & and_ln55_1)> <Delay = 0.97> <CoreInst = "Sel">   --->   Core 73 'Sel' <Latency = 0> <II = 1> <Delay = 0.70> <FuncUnit> <Opcode : 'select'> <InPorts = 3> <OutPorts = 1>
ST_3 : Operation 683 [1/1] (2.19ns)   --->   "%icmp_ln66_145 = icmp_slt  i20 %p_ZZN4nnet22compute_pool_buffer_2dINS_5arrayI8ap_fixedILi20ELi10EL9ap_q_mode5EL9a_635, i20 %p_ZZN4nnet22compute_pool_buffer_2dINS_5arrayI8ap_fixedILi20ELi10EL9ap_q_mode5EL9a_636" [firmware/nnet_utils/nnet_common.h:66->firmware/nnet_utils/nnet_common.h:44->firmware/nnet_utils/nnet_common.h:46->firmware/nnet_utils/nnet_common.h:46->firmware/nnet_utils/nnet_common.h:46->firmware/nnet_utils/nnet_pooling_stream.h:21->firmware/nnet_utils/nnet_pooling_stream.h:68->firmware/nnet_utils/nnet_pooling_stream.h:115]   --->   Operation 683 'icmp' 'icmp_ln66_145' <Predicate = (icmp_ln55 & and_ln55_1)> <Delay = 2.19> <CoreInst = "Cmp">   --->   Core 9 'Cmp' <Latency = 0> <II = 1> <Delay = 2.19> <FuncUnit> <Opcode : 'seteq' 'setne' 'setle' 'setge' 'setlt' 'setgt'> <InPorts = 2> <OutPorts = 1>
ST_3 : Operation 684 [1/1] (0.00ns) (grouped into LUT with out node select_ln0_129)   --->   "%xor_ln66_145 = xor i1 %icmp_ln66_145, i1 1" [firmware/nnet_utils/nnet_common.h:66->firmware/nnet_utils/nnet_common.h:44->firmware/nnet_utils/nnet_common.h:46->firmware/nnet_utils/nnet_common.h:46->firmware/nnet_utils/nnet_common.h:46->firmware/nnet_utils/nnet_pooling_stream.h:21->firmware/nnet_utils/nnet_pooling_stream.h:68->firmware/nnet_utils/nnet_pooling_stream.h:115]   --->   Operation 684 'xor' 'xor_ln66_145' <Predicate = (icmp_ln55 & and_ln55_1)> <Delay = 0.00> <CoreInst = "LogicGate">   --->   Core 74 'LogicGate' <Latency = 0> <II = 1> <Delay = 0.97> <FuncUnit> <Opcode : 'and' 'or' 'xor'> <InPorts = 2> <OutPorts = 1>
ST_3 : Operation 685 [1/1] (0.97ns) (out node of the LUT)   --->   "%select_ln0_129 = select i1 %xor_ln66_145, i20 %p_ZZN4nnet22compute_pool_buffer_2dINS_5arrayI8ap_fixedILi20ELi10EL9ap_q_mode5EL9a_635, i20 %p_ZZN4nnet22compute_pool_buffer_2dINS_5arrayI8ap_fixedILi20ELi10EL9ap_q_mode5EL9a_636" [firmware/nnet_utils/nnet_common.h:0->firmware/nnet_utils/nnet_common.h:46->firmware/nnet_utils/nnet_common.h:46->firmware/nnet_utils/nnet_common.h:46->firmware/nnet_utils/nnet_pooling_stream.h:21->firmware/nnet_utils/nnet_pooling_stream.h:68->firmware/nnet_utils/nnet_pooling_stream.h:115]   --->   Operation 685 'select' 'select_ln0_129' <Predicate = (icmp_ln55 & and_ln55_1)> <Delay = 0.97> <CoreInst = "Sel">   --->   Core 73 'Sel' <Latency = 0> <II = 1> <Delay = 0.70> <FuncUnit> <Opcode : 'select'> <InPorts = 3> <OutPorts = 1>
ST_3 : Operation 686 [1/1] (2.19ns)   --->   "%icmp_ln66_146 = icmp_slt  i20 %select_ln0_128, i20 %select_ln0_129" [firmware/nnet_utils/nnet_common.h:66->firmware/nnet_utils/nnet_common.h:46->firmware/nnet_utils/nnet_common.h:46->firmware/nnet_utils/nnet_common.h:46->firmware/nnet_utils/nnet_pooling_stream.h:21->firmware/nnet_utils/nnet_pooling_stream.h:68->firmware/nnet_utils/nnet_pooling_stream.h:115]   --->   Operation 686 'icmp' 'icmp_ln66_146' <Predicate = (icmp_ln55 & and_ln55_1)> <Delay = 2.19> <CoreInst = "Cmp">   --->   Core 9 'Cmp' <Latency = 0> <II = 1> <Delay = 2.19> <FuncUnit> <Opcode : 'seteq' 'setne' 'setle' 'setge' 'setlt' 'setgt'> <InPorts = 2> <OutPorts = 1>
ST_3 : Operation 687 [1/1] (0.00ns) (grouped into LUT with out node select_ln0_130)   --->   "%xor_ln66_146 = xor i1 %icmp_ln66_146, i1 1" [firmware/nnet_utils/nnet_common.h:66->firmware/nnet_utils/nnet_common.h:46->firmware/nnet_utils/nnet_common.h:46->firmware/nnet_utils/nnet_common.h:46->firmware/nnet_utils/nnet_pooling_stream.h:21->firmware/nnet_utils/nnet_pooling_stream.h:68->firmware/nnet_utils/nnet_pooling_stream.h:115]   --->   Operation 687 'xor' 'xor_ln66_146' <Predicate = (icmp_ln55 & and_ln55_1)> <Delay = 0.00> <CoreInst = "LogicGate">   --->   Core 74 'LogicGate' <Latency = 0> <II = 1> <Delay = 0.97> <FuncUnit> <Opcode : 'and' 'or' 'xor'> <InPorts = 2> <OutPorts = 1>
ST_3 : Operation 688 [1/1] (0.97ns) (out node of the LUT)   --->   "%select_ln0_130 = select i1 %xor_ln66_146, i20 %select_ln0_128, i20 %select_ln0_129" [firmware/nnet_utils/nnet_common.h:0->firmware/nnet_utils/nnet_common.h:46->firmware/nnet_utils/nnet_common.h:46->firmware/nnet_utils/nnet_pooling_stream.h:21->firmware/nnet_utils/nnet_pooling_stream.h:68->firmware/nnet_utils/nnet_pooling_stream.h:115]   --->   Operation 688 'select' 'select_ln0_130' <Predicate = (icmp_ln55 & and_ln55_1)> <Delay = 0.97> <CoreInst = "Sel">   --->   Core 73 'Sel' <Latency = 0> <II = 1> <Delay = 0.70> <FuncUnit> <Opcode : 'select'> <InPorts = 3> <OutPorts = 1>
ST_3 : Operation 689 [1/1] (2.19ns)   --->   "%icmp_ln66_147 = icmp_slt  i20 %p_ZZN4nnet22compute_pool_buffer_2dINS_5arrayI8ap_fixedILi20ELi10EL9ap_q_mode5EL9a_637, i20 %p_ZZN4nnet22compute_pool_buffer_2dINS_5arrayI8ap_fixedILi20ELi10EL9ap_q_mode5EL9a_638" [firmware/nnet_utils/nnet_common.h:66->firmware/nnet_utils/nnet_common.h:44->firmware/nnet_utils/nnet_common.h:46->firmware/nnet_utils/nnet_common.h:46->firmware/nnet_utils/nnet_common.h:46->firmware/nnet_utils/nnet_pooling_stream.h:21->firmware/nnet_utils/nnet_pooling_stream.h:68->firmware/nnet_utils/nnet_pooling_stream.h:115]   --->   Operation 689 'icmp' 'icmp_ln66_147' <Predicate = (icmp_ln55 & and_ln55_1)> <Delay = 2.19> <CoreInst = "Cmp">   --->   Core 9 'Cmp' <Latency = 0> <II = 1> <Delay = 2.19> <FuncUnit> <Opcode : 'seteq' 'setne' 'setle' 'setge' 'setlt' 'setgt'> <InPorts = 2> <OutPorts = 1>
ST_3 : Operation 690 [1/1] (0.00ns) (grouped into LUT with out node select_ln0_131)   --->   "%xor_ln66_147 = xor i1 %icmp_ln66_147, i1 1" [firmware/nnet_utils/nnet_common.h:66->firmware/nnet_utils/nnet_common.h:44->firmware/nnet_utils/nnet_common.h:46->firmware/nnet_utils/nnet_common.h:46->firmware/nnet_utils/nnet_common.h:46->firmware/nnet_utils/nnet_pooling_stream.h:21->firmware/nnet_utils/nnet_pooling_stream.h:68->firmware/nnet_utils/nnet_pooling_stream.h:115]   --->   Operation 690 'xor' 'xor_ln66_147' <Predicate = (icmp_ln55 & and_ln55_1)> <Delay = 0.00> <CoreInst = "LogicGate">   --->   Core 74 'LogicGate' <Latency = 0> <II = 1> <Delay = 0.97> <FuncUnit> <Opcode : 'and' 'or' 'xor'> <InPorts = 2> <OutPorts = 1>
ST_3 : Operation 691 [1/1] (0.97ns) (out node of the LUT)   --->   "%select_ln0_131 = select i1 %xor_ln66_147, i20 %p_ZZN4nnet22compute_pool_buffer_2dINS_5arrayI8ap_fixedILi20ELi10EL9ap_q_mode5EL9a_637, i20 %p_ZZN4nnet22compute_pool_buffer_2dINS_5arrayI8ap_fixedILi20ELi10EL9ap_q_mode5EL9a_638" [firmware/nnet_utils/nnet_common.h:0->firmware/nnet_utils/nnet_common.h:46->firmware/nnet_utils/nnet_common.h:46->firmware/nnet_utils/nnet_common.h:46->firmware/nnet_utils/nnet_pooling_stream.h:21->firmware/nnet_utils/nnet_pooling_stream.h:68->firmware/nnet_utils/nnet_pooling_stream.h:115]   --->   Operation 691 'select' 'select_ln0_131' <Predicate = (icmp_ln55 & and_ln55_1)> <Delay = 0.97> <CoreInst = "Sel">   --->   Core 73 'Sel' <Latency = 0> <II = 1> <Delay = 0.70> <FuncUnit> <Opcode : 'select'> <InPorts = 3> <OutPorts = 1>
ST_3 : Operation 692 [1/1] (2.19ns)   --->   "%icmp_ln66_148 = icmp_slt  i20 %p_ZZN4nnet22compute_pool_buffer_2dINS_5arrayI8ap_fixedILi20ELi10EL9ap_q_mode5EL9a_639, i20 %p_ZZN4nnet22compute_pool_buffer_2dINS_5arrayI8ap_fixedILi20ELi10EL9ap_q_mode5EL9a_640" [firmware/nnet_utils/nnet_common.h:66->firmware/nnet_utils/nnet_common.h:44->firmware/nnet_utils/nnet_common.h:46->firmware/nnet_utils/nnet_common.h:46->firmware/nnet_utils/nnet_common.h:46->firmware/nnet_utils/nnet_pooling_stream.h:21->firmware/nnet_utils/nnet_pooling_stream.h:68->firmware/nnet_utils/nnet_pooling_stream.h:115]   --->   Operation 692 'icmp' 'icmp_ln66_148' <Predicate = (icmp_ln55 & and_ln55_1)> <Delay = 2.19> <CoreInst = "Cmp">   --->   Core 9 'Cmp' <Latency = 0> <II = 1> <Delay = 2.19> <FuncUnit> <Opcode : 'seteq' 'setne' 'setle' 'setge' 'setlt' 'setgt'> <InPorts = 2> <OutPorts = 1>
ST_3 : Operation 693 [1/1] (0.00ns) (grouped into LUT with out node select_ln0_132)   --->   "%xor_ln66_148 = xor i1 %icmp_ln66_148, i1 1" [firmware/nnet_utils/nnet_common.h:66->firmware/nnet_utils/nnet_common.h:44->firmware/nnet_utils/nnet_common.h:46->firmware/nnet_utils/nnet_common.h:46->firmware/nnet_utils/nnet_common.h:46->firmware/nnet_utils/nnet_pooling_stream.h:21->firmware/nnet_utils/nnet_pooling_stream.h:68->firmware/nnet_utils/nnet_pooling_stream.h:115]   --->   Operation 693 'xor' 'xor_ln66_148' <Predicate = (icmp_ln55 & and_ln55_1)> <Delay = 0.00> <CoreInst = "LogicGate">   --->   Core 74 'LogicGate' <Latency = 0> <II = 1> <Delay = 0.97> <FuncUnit> <Opcode : 'and' 'or' 'xor'> <InPorts = 2> <OutPorts = 1>
ST_3 : Operation 694 [1/1] (0.97ns) (out node of the LUT)   --->   "%select_ln0_132 = select i1 %xor_ln66_148, i20 %p_ZZN4nnet22compute_pool_buffer_2dINS_5arrayI8ap_fixedILi20ELi10EL9ap_q_mode5EL9a_639, i20 %p_ZZN4nnet22compute_pool_buffer_2dINS_5arrayI8ap_fixedILi20ELi10EL9ap_q_mode5EL9a_640" [firmware/nnet_utils/nnet_common.h:0->firmware/nnet_utils/nnet_common.h:46->firmware/nnet_utils/nnet_common.h:46->firmware/nnet_utils/nnet_common.h:46->firmware/nnet_utils/nnet_pooling_stream.h:21->firmware/nnet_utils/nnet_pooling_stream.h:68->firmware/nnet_utils/nnet_pooling_stream.h:115]   --->   Operation 694 'select' 'select_ln0_132' <Predicate = (icmp_ln55 & and_ln55_1)> <Delay = 0.97> <CoreInst = "Sel">   --->   Core 73 'Sel' <Latency = 0> <II = 1> <Delay = 0.70> <FuncUnit> <Opcode : 'select'> <InPorts = 3> <OutPorts = 1>
ST_3 : Operation 695 [1/1] (2.19ns)   --->   "%icmp_ln66_149 = icmp_slt  i20 %select_ln0_131, i20 %select_ln0_132" [firmware/nnet_utils/nnet_common.h:66->firmware/nnet_utils/nnet_common.h:46->firmware/nnet_utils/nnet_common.h:46->firmware/nnet_utils/nnet_common.h:46->firmware/nnet_utils/nnet_pooling_stream.h:21->firmware/nnet_utils/nnet_pooling_stream.h:68->firmware/nnet_utils/nnet_pooling_stream.h:115]   --->   Operation 695 'icmp' 'icmp_ln66_149' <Predicate = (icmp_ln55 & and_ln55_1)> <Delay = 2.19> <CoreInst = "Cmp">   --->   Core 9 'Cmp' <Latency = 0> <II = 1> <Delay = 2.19> <FuncUnit> <Opcode : 'seteq' 'setne' 'setle' 'setge' 'setlt' 'setgt'> <InPorts = 2> <OutPorts = 1>
ST_3 : Operation 696 [1/1] (0.00ns) (grouped into LUT with out node select_ln0_133)   --->   "%xor_ln66_149 = xor i1 %icmp_ln66_149, i1 1" [firmware/nnet_utils/nnet_common.h:66->firmware/nnet_utils/nnet_common.h:46->firmware/nnet_utils/nnet_common.h:46->firmware/nnet_utils/nnet_common.h:46->firmware/nnet_utils/nnet_pooling_stream.h:21->firmware/nnet_utils/nnet_pooling_stream.h:68->firmware/nnet_utils/nnet_pooling_stream.h:115]   --->   Operation 696 'xor' 'xor_ln66_149' <Predicate = (icmp_ln55 & and_ln55_1)> <Delay = 0.00> <CoreInst = "LogicGate">   --->   Core 74 'LogicGate' <Latency = 0> <II = 1> <Delay = 0.97> <FuncUnit> <Opcode : 'and' 'or' 'xor'> <InPorts = 2> <OutPorts = 1>
ST_3 : Operation 697 [1/1] (0.97ns) (out node of the LUT)   --->   "%select_ln0_133 = select i1 %xor_ln66_149, i20 %select_ln0_131, i20 %select_ln0_132" [firmware/nnet_utils/nnet_common.h:0->firmware/nnet_utils/nnet_common.h:46->firmware/nnet_utils/nnet_common.h:46->firmware/nnet_utils/nnet_pooling_stream.h:21->firmware/nnet_utils/nnet_pooling_stream.h:68->firmware/nnet_utils/nnet_pooling_stream.h:115]   --->   Operation 697 'select' 'select_ln0_133' <Predicate = (icmp_ln55 & and_ln55_1)> <Delay = 0.97> <CoreInst = "Sel">   --->   Core 73 'Sel' <Latency = 0> <II = 1> <Delay = 0.70> <FuncUnit> <Opcode : 'select'> <InPorts = 3> <OutPorts = 1>
ST_3 : Operation 698 [1/1] (2.19ns)   --->   "%icmp_ln66_150 = icmp_slt  i20 %select_ln0_130, i20 %select_ln0_133" [firmware/nnet_utils/nnet_common.h:66->firmware/nnet_utils/nnet_common.h:46->firmware/nnet_utils/nnet_common.h:46->firmware/nnet_utils/nnet_pooling_stream.h:21->firmware/nnet_utils/nnet_pooling_stream.h:68->firmware/nnet_utils/nnet_pooling_stream.h:115]   --->   Operation 698 'icmp' 'icmp_ln66_150' <Predicate = (icmp_ln55 & and_ln55_1)> <Delay = 2.19> <CoreInst = "Cmp">   --->   Core 9 'Cmp' <Latency = 0> <II = 1> <Delay = 2.19> <FuncUnit> <Opcode : 'seteq' 'setne' 'setle' 'setge' 'setlt' 'setgt'> <InPorts = 2> <OutPorts = 1>
ST_3 : Operation 699 [1/1] (0.00ns) (grouped into LUT with out node select_ln0_134)   --->   "%xor_ln66_150 = xor i1 %icmp_ln66_150, i1 1" [firmware/nnet_utils/nnet_common.h:66->firmware/nnet_utils/nnet_common.h:46->firmware/nnet_utils/nnet_common.h:46->firmware/nnet_utils/nnet_pooling_stream.h:21->firmware/nnet_utils/nnet_pooling_stream.h:68->firmware/nnet_utils/nnet_pooling_stream.h:115]   --->   Operation 699 'xor' 'xor_ln66_150' <Predicate = (icmp_ln55 & and_ln55_1)> <Delay = 0.00> <CoreInst = "LogicGate">   --->   Core 74 'LogicGate' <Latency = 0> <II = 1> <Delay = 0.97> <FuncUnit> <Opcode : 'and' 'or' 'xor'> <InPorts = 2> <OutPorts = 1>
ST_3 : Operation 700 [1/1] (0.97ns) (out node of the LUT)   --->   "%select_ln0_134 = select i1 %xor_ln66_150, i20 %select_ln0_130, i20 %select_ln0_133" [firmware/nnet_utils/nnet_common.h:0->firmware/nnet_utils/nnet_common.h:46->firmware/nnet_utils/nnet_pooling_stream.h:21->firmware/nnet_utils/nnet_pooling_stream.h:68->firmware/nnet_utils/nnet_pooling_stream.h:115]   --->   Operation 700 'select' 'select_ln0_134' <Predicate = (icmp_ln55 & and_ln55_1)> <Delay = 0.97> <CoreInst = "Sel">   --->   Core 73 'Sel' <Latency = 0> <II = 1> <Delay = 0.70> <FuncUnit> <Opcode : 'select'> <InPorts = 3> <OutPorts = 1>
ST_3 : Operation 701 [1/1] (2.19ns)   --->   "%icmp_ln66_151 = icmp_slt  i20 %p_ZZN4nnet22compute_pool_buffer_2dINS_5arrayI8ap_fixedILi20ELi10EL9ap_q_mode5EL9a_641, i20 %p_ZZN4nnet22compute_pool_buffer_2dINS_5arrayI8ap_fixedILi20ELi10EL9ap_q_mode5EL9a_642" [firmware/nnet_utils/nnet_common.h:66->firmware/nnet_utils/nnet_common.h:44->firmware/nnet_utils/nnet_common.h:46->firmware/nnet_utils/nnet_pooling_stream.h:21->firmware/nnet_utils/nnet_pooling_stream.h:68->firmware/nnet_utils/nnet_pooling_stream.h:115]   --->   Operation 701 'icmp' 'icmp_ln66_151' <Predicate = (icmp_ln55 & and_ln55_1)> <Delay = 2.19> <CoreInst = "Cmp">   --->   Core 9 'Cmp' <Latency = 0> <II = 1> <Delay = 2.19> <FuncUnit> <Opcode : 'seteq' 'setne' 'setle' 'setge' 'setlt' 'setgt'> <InPorts = 2> <OutPorts = 1>
ST_3 : Operation 702 [1/1] (0.00ns) (grouped into LUT with out node select_ln0_135)   --->   "%xor_ln66_151 = xor i1 %icmp_ln66_151, i1 1" [firmware/nnet_utils/nnet_common.h:66->firmware/nnet_utils/nnet_common.h:44->firmware/nnet_utils/nnet_common.h:46->firmware/nnet_utils/nnet_pooling_stream.h:21->firmware/nnet_utils/nnet_pooling_stream.h:68->firmware/nnet_utils/nnet_pooling_stream.h:115]   --->   Operation 702 'xor' 'xor_ln66_151' <Predicate = (icmp_ln55 & and_ln55_1)> <Delay = 0.00> <CoreInst = "LogicGate">   --->   Core 74 'LogicGate' <Latency = 0> <II = 1> <Delay = 0.97> <FuncUnit> <Opcode : 'and' 'or' 'xor'> <InPorts = 2> <OutPorts = 1>
ST_3 : Operation 703 [1/1] (0.97ns) (out node of the LUT)   --->   "%select_ln0_135 = select i1 %xor_ln66_151, i20 %p_ZZN4nnet22compute_pool_buffer_2dINS_5arrayI8ap_fixedILi20ELi10EL9ap_q_mode5EL9a_641, i20 %p_ZZN4nnet22compute_pool_buffer_2dINS_5arrayI8ap_fixedILi20ELi10EL9ap_q_mode5EL9a_642" [firmware/nnet_utils/nnet_common.h:0->firmware/nnet_utils/nnet_common.h:46->firmware/nnet_utils/nnet_pooling_stream.h:21->firmware/nnet_utils/nnet_pooling_stream.h:68->firmware/nnet_utils/nnet_pooling_stream.h:115]   --->   Operation 703 'select' 'select_ln0_135' <Predicate = (icmp_ln55 & and_ln55_1)> <Delay = 0.97> <CoreInst = "Sel">   --->   Core 73 'Sel' <Latency = 0> <II = 1> <Delay = 0.70> <FuncUnit> <Opcode : 'select'> <InPorts = 3> <OutPorts = 1>
ST_3 : Operation 704 [1/1] (2.19ns)   --->   "%icmp_ln66_152 = icmp_slt  i20 %select_ln0_134, i20 %select_ln0_135" [firmware/nnet_utils/nnet_common.h:66->firmware/nnet_utils/nnet_common.h:46->firmware/nnet_utils/nnet_pooling_stream.h:21->firmware/nnet_utils/nnet_pooling_stream.h:68->firmware/nnet_utils/nnet_pooling_stream.h:115]   --->   Operation 704 'icmp' 'icmp_ln66_152' <Predicate = (icmp_ln55 & and_ln55_1)> <Delay = 2.19> <CoreInst = "Cmp">   --->   Core 9 'Cmp' <Latency = 0> <II = 1> <Delay = 2.19> <FuncUnit> <Opcode : 'seteq' 'setne' 'setle' 'setge' 'setlt' 'setgt'> <InPorts = 2> <OutPorts = 1>
ST_3 : Operation 705 [1/1] (0.00ns) (grouped into LUT with out node res_pack_16)   --->   "%xor_ln66_152 = xor i1 %icmp_ln66_152, i1 1" [firmware/nnet_utils/nnet_common.h:66->firmware/nnet_utils/nnet_common.h:46->firmware/nnet_utils/nnet_pooling_stream.h:21->firmware/nnet_utils/nnet_pooling_stream.h:68->firmware/nnet_utils/nnet_pooling_stream.h:115]   --->   Operation 705 'xor' 'xor_ln66_152' <Predicate = (icmp_ln55 & and_ln55_1)> <Delay = 0.00> <CoreInst = "LogicGate">   --->   Core 74 'LogicGate' <Latency = 0> <II = 1> <Delay = 0.97> <FuncUnit> <Opcode : 'and' 'or' 'xor'> <InPorts = 2> <OutPorts = 1>
ST_3 : Operation 706 [1/1] (0.97ns) (out node of the LUT)   --->   "%res_pack_16 = select i1 %xor_ln66_152, i20 %select_ln0_134, i20 %select_ln0_135" [firmware/nnet_utils/nnet_pooling_stream.h:67->firmware/nnet_utils/nnet_pooling_stream.h:115]   --->   Operation 706 'select' 'res_pack_16' <Predicate = (icmp_ln55 & and_ln55_1)> <Delay = 0.97> <CoreInst = "Sel">   --->   Core 73 'Sel' <Latency = 0> <II = 1> <Delay = 0.70> <FuncUnit> <Opcode : 'select'> <InPorts = 3> <OutPorts = 1>
ST_3 : Operation 707 [1/1] (0.00ns)   --->   "%p_ZZN4nnet22compute_pool_buffer_2dINS_5arrayI8ap_fixedILi20ELi10EL9ap_q_mode5EL9a_643 = load i20 %p_ZZN4nnet22compute_pool_buffer_2dINS_5arrayI8ap_fixedILi20ELi10EL9ap_q_mode5EL9a_92" [firmware/nnet_utils/nnet_pooling_stream.h:63->firmware/nnet_utils/nnet_pooling_stream.h:115]   --->   Operation 707 'load' 'p_ZZN4nnet22compute_pool_buffer_2dINS_5arrayI8ap_fixedILi20ELi10EL9ap_q_mode5EL9a_643' <Predicate = (icmp_ln55 & and_ln55_1)> <Delay = 0.00>
ST_3 : Operation 708 [1/1] (0.00ns)   --->   "%p_ZZN4nnet22compute_pool_buffer_2dINS_5arrayI8ap_fixedILi20ELi10EL9ap_q_mode5EL9a_644 = load i20 %p_ZZN4nnet22compute_pool_buffer_2dINS_5arrayI8ap_fixedILi20ELi10EL9ap_q_mode5EL9a_64" [firmware/nnet_utils/nnet_pooling_stream.h:63->firmware/nnet_utils/nnet_pooling_stream.h:115]   --->   Operation 708 'load' 'p_ZZN4nnet22compute_pool_buffer_2dINS_5arrayI8ap_fixedILi20ELi10EL9ap_q_mode5EL9a_644' <Predicate = (icmp_ln55 & and_ln55_1)> <Delay = 0.00>
ST_3 : Operation 709 [1/1] (0.00ns)   --->   "%p_ZZN4nnet22compute_pool_buffer_2dINS_5arrayI8ap_fixedILi20ELi10EL9ap_q_mode5EL9a_645 = load i20 %p_ZZN4nnet22compute_pool_buffer_2dINS_5arrayI8ap_fixedILi20ELi10EL9ap_q_mode5EL9a_46" [firmware/nnet_utils/nnet_pooling_stream.h:63->firmware/nnet_utils/nnet_pooling_stream.h:115]   --->   Operation 709 'load' 'p_ZZN4nnet22compute_pool_buffer_2dINS_5arrayI8ap_fixedILi20ELi10EL9ap_q_mode5EL9a_645' <Predicate = (icmp_ln55 & and_ln55_1)> <Delay = 0.00>
ST_3 : Operation 710 [1/1] (0.00ns)   --->   "%p_ZZN4nnet22compute_pool_buffer_2dINS_5arrayI8ap_fixedILi20ELi10EL9ap_q_mode5EL9a_646 = load i20 %p_ZZN4nnet22compute_pool_buffer_2dINS_5arrayI8ap_fixedILi20ELi10EL9ap_q_mode5EL9a_28" [firmware/nnet_utils/nnet_pooling_stream.h:63->firmware/nnet_utils/nnet_pooling_stream.h:115]   --->   Operation 710 'load' 'p_ZZN4nnet22compute_pool_buffer_2dINS_5arrayI8ap_fixedILi20ELi10EL9ap_q_mode5EL9a_646' <Predicate = (icmp_ln55 & and_ln55_1)> <Delay = 0.00>
ST_3 : Operation 711 [1/1] (0.00ns)   --->   "%p_ZZN4nnet22compute_pool_buffer_2dINS_5arrayI8ap_fixedILi20ELi10EL9ap_q_mode5EL9a_647 = load i20 %p_ZZN4nnet22compute_pool_buffer_2dINS_5arrayI8ap_fixedILi20ELi10EL9ap_q_mode5EL9a_10" [firmware/nnet_utils/nnet_pooling_stream.h:63->firmware/nnet_utils/nnet_pooling_stream.h:115]   --->   Operation 711 'load' 'p_ZZN4nnet22compute_pool_buffer_2dINS_5arrayI8ap_fixedILi20ELi10EL9ap_q_mode5EL9a_647' <Predicate = (icmp_ln55 & and_ln55_1)> <Delay = 0.00>
ST_3 : Operation 712 [1/1] (0.00ns)   --->   "%p_ZZN4nnet22compute_pool_buffer_2dINS_5arrayI8ap_fixedILi20ELi10EL9ap_q_mode5EL9a_648 = load i20 %p_ZZN4nnet22compute_pool_buffer_2dINS_5arrayI8ap_fixedILi20ELi10EL9ap_q_mode5EL9a_253" [firmware/nnet_utils/nnet_pooling_stream.h:63->firmware/nnet_utils/nnet_pooling_stream.h:115]   --->   Operation 712 'load' 'p_ZZN4nnet22compute_pool_buffer_2dINS_5arrayI8ap_fixedILi20ELi10EL9ap_q_mode5EL9a_648' <Predicate = (icmp_ln55 & and_ln55_1)> <Delay = 0.00>
ST_3 : Operation 713 [1/1] (0.00ns)   --->   "%p_ZZN4nnet22compute_pool_buffer_2dINS_5arrayI8ap_fixedILi20ELi10EL9ap_q_mode5EL9a_649 = load i20 %p_ZZN4nnet22compute_pool_buffer_2dINS_5arrayI8ap_fixedILi20ELi10EL9ap_q_mode5EL9a_273" [firmware/nnet_utils/nnet_pooling_stream.h:63->firmware/nnet_utils/nnet_pooling_stream.h:115]   --->   Operation 713 'load' 'p_ZZN4nnet22compute_pool_buffer_2dINS_5arrayI8ap_fixedILi20ELi10EL9ap_q_mode5EL9a_649' <Predicate = (icmp_ln55 & and_ln55_1)> <Delay = 0.00>
ST_3 : Operation 714 [1/1] (0.00ns)   --->   "%p_ZZN4nnet22compute_pool_buffer_2dINS_5arrayI8ap_fixedILi20ELi10EL9ap_q_mode5EL9a_650 = load i20 %p_ZZN4nnet22compute_pool_buffer_2dINS_5arrayI8ap_fixedILi20ELi10EL9ap_q_mode5EL9a_293" [firmware/nnet_utils/nnet_pooling_stream.h:63->firmware/nnet_utils/nnet_pooling_stream.h:115]   --->   Operation 714 'load' 'p_ZZN4nnet22compute_pool_buffer_2dINS_5arrayI8ap_fixedILi20ELi10EL9ap_q_mode5EL9a_650' <Predicate = (icmp_ln55 & and_ln55_1)> <Delay = 0.00>
ST_3 : Operation 715 [1/1] (0.00ns)   --->   "%p_ZZN4nnet22compute_pool_buffer_2dINS_5arrayI8ap_fixedILi20ELi10EL9ap_q_mode5EL9a_651 = load i20 %p_ZZN4nnet22compute_pool_buffer_2dINS_5arrayI8ap_fixedILi20ELi10EL9ap_q_mode5EL9a_313" [firmware/nnet_utils/nnet_pooling_stream.h:63->firmware/nnet_utils/nnet_pooling_stream.h:115]   --->   Operation 715 'load' 'p_ZZN4nnet22compute_pool_buffer_2dINS_5arrayI8ap_fixedILi20ELi10EL9ap_q_mode5EL9a_651' <Predicate = (icmp_ln55 & and_ln55_1)> <Delay = 0.00>
ST_3 : Operation 716 [1/1] (0.00ns)   --->   "%p_ZZN4nnet22compute_pool_buffer_2dINS_5arrayI8ap_fixedILi20ELi10EL9ap_q_mode5EL9a_652 = load i20 %p_ZZN4nnet22compute_pool_buffer_2dINS_5arrayI8ap_fixedILi20ELi10EL9ap_q_mode5EL9a_82" [firmware/nnet_utils/nnet_pooling_stream.h:63->firmware/nnet_utils/nnet_pooling_stream.h:115]   --->   Operation 716 'load' 'p_ZZN4nnet22compute_pool_buffer_2dINS_5arrayI8ap_fixedILi20ELi10EL9ap_q_mode5EL9a_652' <Predicate = (icmp_ln55 & and_ln55_1)> <Delay = 0.00>
ST_3 : Operation 717 [1/1] (2.19ns)   --->   "%icmp_ln66_153 = icmp_slt  i20 %p_ZZN4nnet22compute_pool_buffer_2dINS_5arrayI8ap_fixedILi20ELi10EL9ap_q_mode5EL9a_643, i20 %p_ZZN4nnet22compute_pool_buffer_2dINS_5arrayI8ap_fixedILi20ELi10EL9ap_q_mode5EL9a_644" [firmware/nnet_utils/nnet_common.h:66->firmware/nnet_utils/nnet_common.h:44->firmware/nnet_utils/nnet_common.h:46->firmware/nnet_utils/nnet_common.h:46->firmware/nnet_utils/nnet_common.h:46->firmware/nnet_utils/nnet_pooling_stream.h:21->firmware/nnet_utils/nnet_pooling_stream.h:68->firmware/nnet_utils/nnet_pooling_stream.h:115]   --->   Operation 717 'icmp' 'icmp_ln66_153' <Predicate = (icmp_ln55 & and_ln55_1)> <Delay = 2.19> <CoreInst = "Cmp">   --->   Core 9 'Cmp' <Latency = 0> <II = 1> <Delay = 2.19> <FuncUnit> <Opcode : 'seteq' 'setne' 'setle' 'setge' 'setlt' 'setgt'> <InPorts = 2> <OutPorts = 1>
ST_3 : Operation 718 [1/1] (0.00ns) (grouped into LUT with out node select_ln0_136)   --->   "%xor_ln66_153 = xor i1 %icmp_ln66_153, i1 1" [firmware/nnet_utils/nnet_common.h:66->firmware/nnet_utils/nnet_common.h:44->firmware/nnet_utils/nnet_common.h:46->firmware/nnet_utils/nnet_common.h:46->firmware/nnet_utils/nnet_common.h:46->firmware/nnet_utils/nnet_pooling_stream.h:21->firmware/nnet_utils/nnet_pooling_stream.h:68->firmware/nnet_utils/nnet_pooling_stream.h:115]   --->   Operation 718 'xor' 'xor_ln66_153' <Predicate = (icmp_ln55 & and_ln55_1)> <Delay = 0.00> <CoreInst = "LogicGate">   --->   Core 74 'LogicGate' <Latency = 0> <II = 1> <Delay = 0.97> <FuncUnit> <Opcode : 'and' 'or' 'xor'> <InPorts = 2> <OutPorts = 1>
ST_3 : Operation 719 [1/1] (0.97ns) (out node of the LUT)   --->   "%select_ln0_136 = select i1 %xor_ln66_153, i20 %p_ZZN4nnet22compute_pool_buffer_2dINS_5arrayI8ap_fixedILi20ELi10EL9ap_q_mode5EL9a_643, i20 %p_ZZN4nnet22compute_pool_buffer_2dINS_5arrayI8ap_fixedILi20ELi10EL9ap_q_mode5EL9a_644" [firmware/nnet_utils/nnet_common.h:0->firmware/nnet_utils/nnet_common.h:46->firmware/nnet_utils/nnet_common.h:46->firmware/nnet_utils/nnet_common.h:46->firmware/nnet_utils/nnet_pooling_stream.h:21->firmware/nnet_utils/nnet_pooling_stream.h:68->firmware/nnet_utils/nnet_pooling_stream.h:115]   --->   Operation 719 'select' 'select_ln0_136' <Predicate = (icmp_ln55 & and_ln55_1)> <Delay = 0.97> <CoreInst = "Sel">   --->   Core 73 'Sel' <Latency = 0> <II = 1> <Delay = 0.70> <FuncUnit> <Opcode : 'select'> <InPorts = 3> <OutPorts = 1>
ST_3 : Operation 720 [1/1] (2.19ns)   --->   "%icmp_ln66_154 = icmp_slt  i20 %p_ZZN4nnet22compute_pool_buffer_2dINS_5arrayI8ap_fixedILi20ELi10EL9ap_q_mode5EL9a_645, i20 %p_ZZN4nnet22compute_pool_buffer_2dINS_5arrayI8ap_fixedILi20ELi10EL9ap_q_mode5EL9a_646" [firmware/nnet_utils/nnet_common.h:66->firmware/nnet_utils/nnet_common.h:44->firmware/nnet_utils/nnet_common.h:46->firmware/nnet_utils/nnet_common.h:46->firmware/nnet_utils/nnet_common.h:46->firmware/nnet_utils/nnet_pooling_stream.h:21->firmware/nnet_utils/nnet_pooling_stream.h:68->firmware/nnet_utils/nnet_pooling_stream.h:115]   --->   Operation 720 'icmp' 'icmp_ln66_154' <Predicate = (icmp_ln55 & and_ln55_1)> <Delay = 2.19> <CoreInst = "Cmp">   --->   Core 9 'Cmp' <Latency = 0> <II = 1> <Delay = 2.19> <FuncUnit> <Opcode : 'seteq' 'setne' 'setle' 'setge' 'setlt' 'setgt'> <InPorts = 2> <OutPorts = 1>
ST_3 : Operation 721 [1/1] (0.00ns) (grouped into LUT with out node select_ln0_137)   --->   "%xor_ln66_154 = xor i1 %icmp_ln66_154, i1 1" [firmware/nnet_utils/nnet_common.h:66->firmware/nnet_utils/nnet_common.h:44->firmware/nnet_utils/nnet_common.h:46->firmware/nnet_utils/nnet_common.h:46->firmware/nnet_utils/nnet_common.h:46->firmware/nnet_utils/nnet_pooling_stream.h:21->firmware/nnet_utils/nnet_pooling_stream.h:68->firmware/nnet_utils/nnet_pooling_stream.h:115]   --->   Operation 721 'xor' 'xor_ln66_154' <Predicate = (icmp_ln55 & and_ln55_1)> <Delay = 0.00> <CoreInst = "LogicGate">   --->   Core 74 'LogicGate' <Latency = 0> <II = 1> <Delay = 0.97> <FuncUnit> <Opcode : 'and' 'or' 'xor'> <InPorts = 2> <OutPorts = 1>
ST_3 : Operation 722 [1/1] (0.97ns) (out node of the LUT)   --->   "%select_ln0_137 = select i1 %xor_ln66_154, i20 %p_ZZN4nnet22compute_pool_buffer_2dINS_5arrayI8ap_fixedILi20ELi10EL9ap_q_mode5EL9a_645, i20 %p_ZZN4nnet22compute_pool_buffer_2dINS_5arrayI8ap_fixedILi20ELi10EL9ap_q_mode5EL9a_646" [firmware/nnet_utils/nnet_common.h:0->firmware/nnet_utils/nnet_common.h:46->firmware/nnet_utils/nnet_common.h:46->firmware/nnet_utils/nnet_common.h:46->firmware/nnet_utils/nnet_pooling_stream.h:21->firmware/nnet_utils/nnet_pooling_stream.h:68->firmware/nnet_utils/nnet_pooling_stream.h:115]   --->   Operation 722 'select' 'select_ln0_137' <Predicate = (icmp_ln55 & and_ln55_1)> <Delay = 0.97> <CoreInst = "Sel">   --->   Core 73 'Sel' <Latency = 0> <II = 1> <Delay = 0.70> <FuncUnit> <Opcode : 'select'> <InPorts = 3> <OutPorts = 1>
ST_3 : Operation 723 [1/1] (2.19ns)   --->   "%icmp_ln66_155 = icmp_slt  i20 %select_ln0_136, i20 %select_ln0_137" [firmware/nnet_utils/nnet_common.h:66->firmware/nnet_utils/nnet_common.h:46->firmware/nnet_utils/nnet_common.h:46->firmware/nnet_utils/nnet_common.h:46->firmware/nnet_utils/nnet_pooling_stream.h:21->firmware/nnet_utils/nnet_pooling_stream.h:68->firmware/nnet_utils/nnet_pooling_stream.h:115]   --->   Operation 723 'icmp' 'icmp_ln66_155' <Predicate = (icmp_ln55 & and_ln55_1)> <Delay = 2.19> <CoreInst = "Cmp">   --->   Core 9 'Cmp' <Latency = 0> <II = 1> <Delay = 2.19> <FuncUnit> <Opcode : 'seteq' 'setne' 'setle' 'setge' 'setlt' 'setgt'> <InPorts = 2> <OutPorts = 1>
ST_3 : Operation 724 [1/1] (0.00ns) (grouped into LUT with out node select_ln0_138)   --->   "%xor_ln66_155 = xor i1 %icmp_ln66_155, i1 1" [firmware/nnet_utils/nnet_common.h:66->firmware/nnet_utils/nnet_common.h:46->firmware/nnet_utils/nnet_common.h:46->firmware/nnet_utils/nnet_common.h:46->firmware/nnet_utils/nnet_pooling_stream.h:21->firmware/nnet_utils/nnet_pooling_stream.h:68->firmware/nnet_utils/nnet_pooling_stream.h:115]   --->   Operation 724 'xor' 'xor_ln66_155' <Predicate = (icmp_ln55 & and_ln55_1)> <Delay = 0.00> <CoreInst = "LogicGate">   --->   Core 74 'LogicGate' <Latency = 0> <II = 1> <Delay = 0.97> <FuncUnit> <Opcode : 'and' 'or' 'xor'> <InPorts = 2> <OutPorts = 1>
ST_3 : Operation 725 [1/1] (0.97ns) (out node of the LUT)   --->   "%select_ln0_138 = select i1 %xor_ln66_155, i20 %select_ln0_136, i20 %select_ln0_137" [firmware/nnet_utils/nnet_common.h:0->firmware/nnet_utils/nnet_common.h:46->firmware/nnet_utils/nnet_common.h:46->firmware/nnet_utils/nnet_pooling_stream.h:21->firmware/nnet_utils/nnet_pooling_stream.h:68->firmware/nnet_utils/nnet_pooling_stream.h:115]   --->   Operation 725 'select' 'select_ln0_138' <Predicate = (icmp_ln55 & and_ln55_1)> <Delay = 0.97> <CoreInst = "Sel">   --->   Core 73 'Sel' <Latency = 0> <II = 1> <Delay = 0.70> <FuncUnit> <Opcode : 'select'> <InPorts = 3> <OutPorts = 1>
ST_3 : Operation 726 [1/1] (2.19ns)   --->   "%icmp_ln66_156 = icmp_slt  i20 %p_ZZN4nnet22compute_pool_buffer_2dINS_5arrayI8ap_fixedILi20ELi10EL9ap_q_mode5EL9a_647, i20 %p_ZZN4nnet22compute_pool_buffer_2dINS_5arrayI8ap_fixedILi20ELi10EL9ap_q_mode5EL9a_648" [firmware/nnet_utils/nnet_common.h:66->firmware/nnet_utils/nnet_common.h:44->firmware/nnet_utils/nnet_common.h:46->firmware/nnet_utils/nnet_common.h:46->firmware/nnet_utils/nnet_common.h:46->firmware/nnet_utils/nnet_pooling_stream.h:21->firmware/nnet_utils/nnet_pooling_stream.h:68->firmware/nnet_utils/nnet_pooling_stream.h:115]   --->   Operation 726 'icmp' 'icmp_ln66_156' <Predicate = (icmp_ln55 & and_ln55_1)> <Delay = 2.19> <CoreInst = "Cmp">   --->   Core 9 'Cmp' <Latency = 0> <II = 1> <Delay = 2.19> <FuncUnit> <Opcode : 'seteq' 'setne' 'setle' 'setge' 'setlt' 'setgt'> <InPorts = 2> <OutPorts = 1>
ST_3 : Operation 727 [1/1] (0.00ns) (grouped into LUT with out node select_ln0_139)   --->   "%xor_ln66_156 = xor i1 %icmp_ln66_156, i1 1" [firmware/nnet_utils/nnet_common.h:66->firmware/nnet_utils/nnet_common.h:44->firmware/nnet_utils/nnet_common.h:46->firmware/nnet_utils/nnet_common.h:46->firmware/nnet_utils/nnet_common.h:46->firmware/nnet_utils/nnet_pooling_stream.h:21->firmware/nnet_utils/nnet_pooling_stream.h:68->firmware/nnet_utils/nnet_pooling_stream.h:115]   --->   Operation 727 'xor' 'xor_ln66_156' <Predicate = (icmp_ln55 & and_ln55_1)> <Delay = 0.00> <CoreInst = "LogicGate">   --->   Core 74 'LogicGate' <Latency = 0> <II = 1> <Delay = 0.97> <FuncUnit> <Opcode : 'and' 'or' 'xor'> <InPorts = 2> <OutPorts = 1>
ST_3 : Operation 728 [1/1] (0.97ns) (out node of the LUT)   --->   "%select_ln0_139 = select i1 %xor_ln66_156, i20 %p_ZZN4nnet22compute_pool_buffer_2dINS_5arrayI8ap_fixedILi20ELi10EL9ap_q_mode5EL9a_647, i20 %p_ZZN4nnet22compute_pool_buffer_2dINS_5arrayI8ap_fixedILi20ELi10EL9ap_q_mode5EL9a_648" [firmware/nnet_utils/nnet_common.h:0->firmware/nnet_utils/nnet_common.h:46->firmware/nnet_utils/nnet_common.h:46->firmware/nnet_utils/nnet_common.h:46->firmware/nnet_utils/nnet_pooling_stream.h:21->firmware/nnet_utils/nnet_pooling_stream.h:68->firmware/nnet_utils/nnet_pooling_stream.h:115]   --->   Operation 728 'select' 'select_ln0_139' <Predicate = (icmp_ln55 & and_ln55_1)> <Delay = 0.97> <CoreInst = "Sel">   --->   Core 73 'Sel' <Latency = 0> <II = 1> <Delay = 0.70> <FuncUnit> <Opcode : 'select'> <InPorts = 3> <OutPorts = 1>
ST_3 : Operation 729 [1/1] (2.19ns)   --->   "%icmp_ln66_157 = icmp_slt  i20 %p_ZZN4nnet22compute_pool_buffer_2dINS_5arrayI8ap_fixedILi20ELi10EL9ap_q_mode5EL9a_649, i20 %p_ZZN4nnet22compute_pool_buffer_2dINS_5arrayI8ap_fixedILi20ELi10EL9ap_q_mode5EL9a_650" [firmware/nnet_utils/nnet_common.h:66->firmware/nnet_utils/nnet_common.h:44->firmware/nnet_utils/nnet_common.h:46->firmware/nnet_utils/nnet_common.h:46->firmware/nnet_utils/nnet_common.h:46->firmware/nnet_utils/nnet_pooling_stream.h:21->firmware/nnet_utils/nnet_pooling_stream.h:68->firmware/nnet_utils/nnet_pooling_stream.h:115]   --->   Operation 729 'icmp' 'icmp_ln66_157' <Predicate = (icmp_ln55 & and_ln55_1)> <Delay = 2.19> <CoreInst = "Cmp">   --->   Core 9 'Cmp' <Latency = 0> <II = 1> <Delay = 2.19> <FuncUnit> <Opcode : 'seteq' 'setne' 'setle' 'setge' 'setlt' 'setgt'> <InPorts = 2> <OutPorts = 1>
ST_3 : Operation 730 [1/1] (0.00ns) (grouped into LUT with out node select_ln0_140)   --->   "%xor_ln66_157 = xor i1 %icmp_ln66_157, i1 1" [firmware/nnet_utils/nnet_common.h:66->firmware/nnet_utils/nnet_common.h:44->firmware/nnet_utils/nnet_common.h:46->firmware/nnet_utils/nnet_common.h:46->firmware/nnet_utils/nnet_common.h:46->firmware/nnet_utils/nnet_pooling_stream.h:21->firmware/nnet_utils/nnet_pooling_stream.h:68->firmware/nnet_utils/nnet_pooling_stream.h:115]   --->   Operation 730 'xor' 'xor_ln66_157' <Predicate = (icmp_ln55 & and_ln55_1)> <Delay = 0.00> <CoreInst = "LogicGate">   --->   Core 74 'LogicGate' <Latency = 0> <II = 1> <Delay = 0.97> <FuncUnit> <Opcode : 'and' 'or' 'xor'> <InPorts = 2> <OutPorts = 1>
ST_3 : Operation 731 [1/1] (0.97ns) (out node of the LUT)   --->   "%select_ln0_140 = select i1 %xor_ln66_157, i20 %p_ZZN4nnet22compute_pool_buffer_2dINS_5arrayI8ap_fixedILi20ELi10EL9ap_q_mode5EL9a_649, i20 %p_ZZN4nnet22compute_pool_buffer_2dINS_5arrayI8ap_fixedILi20ELi10EL9ap_q_mode5EL9a_650" [firmware/nnet_utils/nnet_common.h:0->firmware/nnet_utils/nnet_common.h:46->firmware/nnet_utils/nnet_common.h:46->firmware/nnet_utils/nnet_common.h:46->firmware/nnet_utils/nnet_pooling_stream.h:21->firmware/nnet_utils/nnet_pooling_stream.h:68->firmware/nnet_utils/nnet_pooling_stream.h:115]   --->   Operation 731 'select' 'select_ln0_140' <Predicate = (icmp_ln55 & and_ln55_1)> <Delay = 0.97> <CoreInst = "Sel">   --->   Core 73 'Sel' <Latency = 0> <II = 1> <Delay = 0.70> <FuncUnit> <Opcode : 'select'> <InPorts = 3> <OutPorts = 1>
ST_3 : Operation 732 [1/1] (2.19ns)   --->   "%icmp_ln66_158 = icmp_slt  i20 %select_ln0_139, i20 %select_ln0_140" [firmware/nnet_utils/nnet_common.h:66->firmware/nnet_utils/nnet_common.h:46->firmware/nnet_utils/nnet_common.h:46->firmware/nnet_utils/nnet_common.h:46->firmware/nnet_utils/nnet_pooling_stream.h:21->firmware/nnet_utils/nnet_pooling_stream.h:68->firmware/nnet_utils/nnet_pooling_stream.h:115]   --->   Operation 732 'icmp' 'icmp_ln66_158' <Predicate = (icmp_ln55 & and_ln55_1)> <Delay = 2.19> <CoreInst = "Cmp">   --->   Core 9 'Cmp' <Latency = 0> <II = 1> <Delay = 2.19> <FuncUnit> <Opcode : 'seteq' 'setne' 'setle' 'setge' 'setlt' 'setgt'> <InPorts = 2> <OutPorts = 1>
ST_3 : Operation 733 [1/1] (0.00ns) (grouped into LUT with out node select_ln0_141)   --->   "%xor_ln66_158 = xor i1 %icmp_ln66_158, i1 1" [firmware/nnet_utils/nnet_common.h:66->firmware/nnet_utils/nnet_common.h:46->firmware/nnet_utils/nnet_common.h:46->firmware/nnet_utils/nnet_common.h:46->firmware/nnet_utils/nnet_pooling_stream.h:21->firmware/nnet_utils/nnet_pooling_stream.h:68->firmware/nnet_utils/nnet_pooling_stream.h:115]   --->   Operation 733 'xor' 'xor_ln66_158' <Predicate = (icmp_ln55 & and_ln55_1)> <Delay = 0.00> <CoreInst = "LogicGate">   --->   Core 74 'LogicGate' <Latency = 0> <II = 1> <Delay = 0.97> <FuncUnit> <Opcode : 'and' 'or' 'xor'> <InPorts = 2> <OutPorts = 1>
ST_3 : Operation 734 [1/1] (0.97ns) (out node of the LUT)   --->   "%select_ln0_141 = select i1 %xor_ln66_158, i20 %select_ln0_139, i20 %select_ln0_140" [firmware/nnet_utils/nnet_common.h:0->firmware/nnet_utils/nnet_common.h:46->firmware/nnet_utils/nnet_common.h:46->firmware/nnet_utils/nnet_pooling_stream.h:21->firmware/nnet_utils/nnet_pooling_stream.h:68->firmware/nnet_utils/nnet_pooling_stream.h:115]   --->   Operation 734 'select' 'select_ln0_141' <Predicate = (icmp_ln55 & and_ln55_1)> <Delay = 0.97> <CoreInst = "Sel">   --->   Core 73 'Sel' <Latency = 0> <II = 1> <Delay = 0.70> <FuncUnit> <Opcode : 'select'> <InPorts = 3> <OutPorts = 1>
ST_3 : Operation 735 [1/1] (2.19ns)   --->   "%icmp_ln66_159 = icmp_slt  i20 %select_ln0_138, i20 %select_ln0_141" [firmware/nnet_utils/nnet_common.h:66->firmware/nnet_utils/nnet_common.h:46->firmware/nnet_utils/nnet_common.h:46->firmware/nnet_utils/nnet_pooling_stream.h:21->firmware/nnet_utils/nnet_pooling_stream.h:68->firmware/nnet_utils/nnet_pooling_stream.h:115]   --->   Operation 735 'icmp' 'icmp_ln66_159' <Predicate = (icmp_ln55 & and_ln55_1)> <Delay = 2.19> <CoreInst = "Cmp">   --->   Core 9 'Cmp' <Latency = 0> <II = 1> <Delay = 2.19> <FuncUnit> <Opcode : 'seteq' 'setne' 'setle' 'setge' 'setlt' 'setgt'> <InPorts = 2> <OutPorts = 1>
ST_3 : Operation 736 [1/1] (0.00ns) (grouped into LUT with out node select_ln0_142)   --->   "%xor_ln66_159 = xor i1 %icmp_ln66_159, i1 1" [firmware/nnet_utils/nnet_common.h:66->firmware/nnet_utils/nnet_common.h:46->firmware/nnet_utils/nnet_common.h:46->firmware/nnet_utils/nnet_pooling_stream.h:21->firmware/nnet_utils/nnet_pooling_stream.h:68->firmware/nnet_utils/nnet_pooling_stream.h:115]   --->   Operation 736 'xor' 'xor_ln66_159' <Predicate = (icmp_ln55 & and_ln55_1)> <Delay = 0.00> <CoreInst = "LogicGate">   --->   Core 74 'LogicGate' <Latency = 0> <II = 1> <Delay = 0.97> <FuncUnit> <Opcode : 'and' 'or' 'xor'> <InPorts = 2> <OutPorts = 1>
ST_3 : Operation 737 [1/1] (0.97ns) (out node of the LUT)   --->   "%select_ln0_142 = select i1 %xor_ln66_159, i20 %select_ln0_138, i20 %select_ln0_141" [firmware/nnet_utils/nnet_common.h:0->firmware/nnet_utils/nnet_common.h:46->firmware/nnet_utils/nnet_pooling_stream.h:21->firmware/nnet_utils/nnet_pooling_stream.h:68->firmware/nnet_utils/nnet_pooling_stream.h:115]   --->   Operation 737 'select' 'select_ln0_142' <Predicate = (icmp_ln55 & and_ln55_1)> <Delay = 0.97> <CoreInst = "Sel">   --->   Core 73 'Sel' <Latency = 0> <II = 1> <Delay = 0.70> <FuncUnit> <Opcode : 'select'> <InPorts = 3> <OutPorts = 1>
ST_3 : Operation 738 [1/1] (2.19ns)   --->   "%icmp_ln66_160 = icmp_slt  i20 %p_ZZN4nnet22compute_pool_buffer_2dINS_5arrayI8ap_fixedILi20ELi10EL9ap_q_mode5EL9a_651, i20 %p_ZZN4nnet22compute_pool_buffer_2dINS_5arrayI8ap_fixedILi20ELi10EL9ap_q_mode5EL9a_652" [firmware/nnet_utils/nnet_common.h:66->firmware/nnet_utils/nnet_common.h:44->firmware/nnet_utils/nnet_common.h:46->firmware/nnet_utils/nnet_pooling_stream.h:21->firmware/nnet_utils/nnet_pooling_stream.h:68->firmware/nnet_utils/nnet_pooling_stream.h:115]   --->   Operation 738 'icmp' 'icmp_ln66_160' <Predicate = (icmp_ln55 & and_ln55_1)> <Delay = 2.19> <CoreInst = "Cmp">   --->   Core 9 'Cmp' <Latency = 0> <II = 1> <Delay = 2.19> <FuncUnit> <Opcode : 'seteq' 'setne' 'setle' 'setge' 'setlt' 'setgt'> <InPorts = 2> <OutPorts = 1>
ST_3 : Operation 739 [1/1] (0.00ns) (grouped into LUT with out node select_ln0_143)   --->   "%xor_ln66_160 = xor i1 %icmp_ln66_160, i1 1" [firmware/nnet_utils/nnet_common.h:66->firmware/nnet_utils/nnet_common.h:44->firmware/nnet_utils/nnet_common.h:46->firmware/nnet_utils/nnet_pooling_stream.h:21->firmware/nnet_utils/nnet_pooling_stream.h:68->firmware/nnet_utils/nnet_pooling_stream.h:115]   --->   Operation 739 'xor' 'xor_ln66_160' <Predicate = (icmp_ln55 & and_ln55_1)> <Delay = 0.00> <CoreInst = "LogicGate">   --->   Core 74 'LogicGate' <Latency = 0> <II = 1> <Delay = 0.97> <FuncUnit> <Opcode : 'and' 'or' 'xor'> <InPorts = 2> <OutPorts = 1>
ST_3 : Operation 740 [1/1] (0.97ns) (out node of the LUT)   --->   "%select_ln0_143 = select i1 %xor_ln66_160, i20 %p_ZZN4nnet22compute_pool_buffer_2dINS_5arrayI8ap_fixedILi20ELi10EL9ap_q_mode5EL9a_651, i20 %p_ZZN4nnet22compute_pool_buffer_2dINS_5arrayI8ap_fixedILi20ELi10EL9ap_q_mode5EL9a_652" [firmware/nnet_utils/nnet_common.h:0->firmware/nnet_utils/nnet_common.h:46->firmware/nnet_utils/nnet_pooling_stream.h:21->firmware/nnet_utils/nnet_pooling_stream.h:68->firmware/nnet_utils/nnet_pooling_stream.h:115]   --->   Operation 740 'select' 'select_ln0_143' <Predicate = (icmp_ln55 & and_ln55_1)> <Delay = 0.97> <CoreInst = "Sel">   --->   Core 73 'Sel' <Latency = 0> <II = 1> <Delay = 0.70> <FuncUnit> <Opcode : 'select'> <InPorts = 3> <OutPorts = 1>
ST_3 : Operation 741 [1/1] (2.19ns)   --->   "%icmp_ln66_161 = icmp_slt  i20 %select_ln0_142, i20 %select_ln0_143" [firmware/nnet_utils/nnet_common.h:66->firmware/nnet_utils/nnet_common.h:46->firmware/nnet_utils/nnet_pooling_stream.h:21->firmware/nnet_utils/nnet_pooling_stream.h:68->firmware/nnet_utils/nnet_pooling_stream.h:115]   --->   Operation 741 'icmp' 'icmp_ln66_161' <Predicate = (icmp_ln55 & and_ln55_1)> <Delay = 2.19> <CoreInst = "Cmp">   --->   Core 9 'Cmp' <Latency = 0> <II = 1> <Delay = 2.19> <FuncUnit> <Opcode : 'seteq' 'setne' 'setle' 'setge' 'setlt' 'setgt'> <InPorts = 2> <OutPorts = 1>
ST_3 : Operation 742 [1/1] (0.00ns) (grouped into LUT with out node res_pack_17)   --->   "%xor_ln66_161 = xor i1 %icmp_ln66_161, i1 1" [firmware/nnet_utils/nnet_common.h:66->firmware/nnet_utils/nnet_common.h:46->firmware/nnet_utils/nnet_pooling_stream.h:21->firmware/nnet_utils/nnet_pooling_stream.h:68->firmware/nnet_utils/nnet_pooling_stream.h:115]   --->   Operation 742 'xor' 'xor_ln66_161' <Predicate = (icmp_ln55 & and_ln55_1)> <Delay = 0.00> <CoreInst = "LogicGate">   --->   Core 74 'LogicGate' <Latency = 0> <II = 1> <Delay = 0.97> <FuncUnit> <Opcode : 'and' 'or' 'xor'> <InPorts = 2> <OutPorts = 1>
ST_3 : Operation 743 [1/1] (0.97ns) (out node of the LUT)   --->   "%res_pack_17 = select i1 %xor_ln66_161, i20 %select_ln0_142, i20 %select_ln0_143" [firmware/nnet_utils/nnet_pooling_stream.h:67->firmware/nnet_utils/nnet_pooling_stream.h:115]   --->   Operation 743 'select' 'res_pack_17' <Predicate = (icmp_ln55 & and_ln55_1)> <Delay = 0.97> <CoreInst = "Sel">   --->   Core 73 'Sel' <Latency = 0> <II = 1> <Delay = 0.70> <FuncUnit> <Opcode : 'select'> <InPorts = 3> <OutPorts = 1>

State 4 <SV = 3> <Delay = 3.65>
ST_4 : Operation 744 [1/1] (0.00ns)   --->   "%or_ln72_s = bitconcatenate i360 @_ssdm_op_BitConcatenate.i360.i20.i20.i20.i20.i20.i20.i20.i20.i20.i20.i20.i20.i20.i20.i20.i20.i20.i20, i20 %res_pack_17, i20 %res_pack_16, i20 %res_pack_15, i20 %res_pack_14, i20 %res_pack_13, i20 %res_pack_12, i20 %res_pack_11, i20 %res_pack_10, i20 %res_pack_9, i20 %res_pack_8, i20 %res_pack_7, i20 %res_pack_6, i20 %res_pack_5, i20 %res_pack_4, i20 %res_pack_3, i20 %res_pack_2, i20 %res_pack_1, i20 %res_pack" [firmware/nnet_utils/nnet_pooling_stream.h:72->firmware/nnet_utils/nnet_pooling_stream.h:115]   --->   Operation 744 'bitconcatenate' 'or_ln72_s' <Predicate = (icmp_ln55 & and_ln55_1)> <Delay = 0.00>
ST_4 : Operation 745 [1/1] (3.65ns)   --->   "%write_ln72 = write void @_ssdm_op_Write.ap_fifo.volatile.i360P0A, i360 %layer9_out, i360 %or_ln72_s" [firmware/nnet_utils/nnet_pooling_stream.h:72->firmware/nnet_utils/nnet_pooling_stream.h:115]   --->   Operation 745 'write' 'write_ln72' <Predicate = (icmp_ln55 & and_ln55_1)> <Delay = 3.65> <CoreInst = "FIFO">   --->   Core 77 'FIFO' <Latency = 0> <II = 1> <Delay = 3.65> <Storage> <Opcode : 'read' 'write' 'nbread' 'nbwrite'> <Ports = 0> <Width = 360> <Depth = 25> <FIFO>
ST_4 : Operation 746 [1/1] (0.00ns)   --->   "%br_ln73 = br void %if.end.i" [firmware/nnet_utils/nnet_pooling_stream.h:73->firmware/nnet_utils/nnet_pooling_stream.h:115]   --->   Operation 746 'br' 'br_ln73' <Predicate = (icmp_ln55 & and_ln55_1)> <Delay = 0.00>
ST_4 : Operation 747 [1/1] (1.58ns)   --->   "%ret_ln118 = ret" [firmware/nnet_utils/nnet_pooling_stream.h:118]   --->   Operation 747 'ret' 'ret_ln118' <Predicate = (icmp_ln109)> <Delay = 1.58>


============================================================
+ Verbose Summary: Timing violations
============================================================
Target clock period: 20.000ns, clock uncertainty: 5.400ns.

 <State 1>: 6.692ns
The critical path consists of the following:
	'load' operation 32 bit ('pX_load', firmware/nnet_utils/nnet_pooling_stream.h:76->firmware/nnet_utils/nnet_pooling_stream.h:115) on static variable 'pX' [237]  (0.000 ns)
	'add' operation 32 bit ('add_ln76', firmware/nnet_utils/nnet_pooling_stream.h:76->firmware/nnet_utils/nnet_pooling_stream.h:115) [921]  (2.552 ns)
	'icmp' operation 1 bit ('icmp_ln76', firmware/nnet_utils/nnet_pooling_stream.h:76->firmware/nnet_utils/nnet_pooling_stream.h:115) [922]  (2.552 ns)
	'store' operation 0 bit ('store_ln89', firmware/nnet_utils/nnet_pooling_stream.h:89->firmware/nnet_utils/nnet_pooling_stream.h:115) of variable 'add_ln76', firmware/nnet_utils/nnet_pooling_stream.h:76->firmware/nnet_utils/nnet_pooling_stream.h:115 on static variable 'pX' [925]  (1.588 ns)

 <State 2>: 5.164ns
The critical path consists of the following:
	fifo read operation ('layer8_out_read', firmware/nnet_utils/nnet_pooling_stream.h:115) on port 'layer8_out' (firmware/nnet_utils/nnet_pooling_stream.h:115) [215]  (3.547 ns)
	'call' operation 0 bit ('call_ln52', firmware/nnet_utils/nnet_pooling_stream.h:52->firmware/nnet_utils/nnet_pooling_stream.h:115) to 'shift_line_buffer<array<ap_fixed<20, 10, 5, 3, 0>, 18u>, config9>' [234]  (1.617 ns)

 <State 3>: 12.695ns
The critical path consists of the following:
	'load' operation 20 bit ('void_compute_pool_buffer_2d_array_const_ap_shift_reg_n_filt_stream_kernel_20', firmware/nnet_utils/nnet_pooling_stream.h:63->firmware/nnet_utils/nnet_pooling_stream.h:115) on static variable 'void_compute_pool_buffer_2d_array_const_ap_shift_reg_n_filt_stream_kernel_9' [251]  (0.000 ns)
	'icmp' operation 1 bit ('icmp_ln66', firmware/nnet_utils/nnet_common.h:66->firmware/nnet_utils/nnet_common.h:44->firmware/nnet_utils/nnet_common.h:46->firmware/nnet_utils/nnet_common.h:46->firmware/nnet_utils/nnet_common.h:46->firmware/nnet_utils/nnet_pooling_stream.h:21->firmware/nnet_utils/nnet_pooling_stream.h:68->firmware/nnet_utils/nnet_pooling_stream.h:115) [261]  (2.196 ns)
	'xor' operation 1 bit ('xor_ln66', firmware/nnet_utils/nnet_common.h:66->firmware/nnet_utils/nnet_common.h:44->firmware/nnet_utils/nnet_common.h:46->firmware/nnet_utils/nnet_common.h:46->firmware/nnet_utils/nnet_common.h:46->firmware/nnet_utils/nnet_pooling_stream.h:21->firmware/nnet_utils/nnet_pooling_stream.h:68->firmware/nnet_utils/nnet_pooling_stream.h:115) [262]  (0.000 ns)
	'select' operation 20 bit ('select_ln0', firmware/nnet_utils/nnet_common.h:0->firmware/nnet_utils/nnet_common.h:46->firmware/nnet_utils/nnet_common.h:46->firmware/nnet_utils/nnet_common.h:46->firmware/nnet_utils/nnet_pooling_stream.h:21->firmware/nnet_utils/nnet_pooling_stream.h:68->firmware/nnet_utils/nnet_pooling_stream.h:115) [263]  (0.978 ns)
	'icmp' operation 1 bit ('icmp_ln66_2', firmware/nnet_utils/nnet_common.h:66->firmware/nnet_utils/nnet_common.h:46->firmware/nnet_utils/nnet_common.h:46->firmware/nnet_utils/nnet_common.h:46->firmware/nnet_utils/nnet_pooling_stream.h:21->firmware/nnet_utils/nnet_pooling_stream.h:68->firmware/nnet_utils/nnet_pooling_stream.h:115) [267]  (2.196 ns)
	'xor' operation 1 bit ('xor_ln66_2', firmware/nnet_utils/nnet_common.h:66->firmware/nnet_utils/nnet_common.h:46->firmware/nnet_utils/nnet_common.h:46->firmware/nnet_utils/nnet_common.h:46->firmware/nnet_utils/nnet_pooling_stream.h:21->firmware/nnet_utils/nnet_pooling_stream.h:68->firmware/nnet_utils/nnet_pooling_stream.h:115) [268]  (0.000 ns)
	'select' operation 20 bit ('select_ln0_2', firmware/nnet_utils/nnet_common.h:0->firmware/nnet_utils/nnet_common.h:46->firmware/nnet_utils/nnet_common.h:46->firmware/nnet_utils/nnet_pooling_stream.h:21->firmware/nnet_utils/nnet_pooling_stream.h:68->firmware/nnet_utils/nnet_pooling_stream.h:115) [269]  (0.978 ns)
	'icmp' operation 1 bit ('icmp_ln66_6', firmware/nnet_utils/nnet_common.h:66->firmware/nnet_utils/nnet_common.h:46->firmware/nnet_utils/nnet_common.h:46->firmware/nnet_utils/nnet_pooling_stream.h:21->firmware/nnet_utils/nnet_pooling_stream.h:68->firmware/nnet_utils/nnet_pooling_stream.h:115) [279]  (2.196 ns)
	'xor' operation 1 bit ('xor_ln66_6', firmware/nnet_utils/nnet_common.h:66->firmware/nnet_utils/nnet_common.h:46->firmware/nnet_utils/nnet_common.h:46->firmware/nnet_utils/nnet_pooling_stream.h:21->firmware/nnet_utils/nnet_pooling_stream.h:68->firmware/nnet_utils/nnet_pooling_stream.h:115) [280]  (0.000 ns)
	'select' operation 20 bit ('select_ln0_6', firmware/nnet_utils/nnet_common.h:0->firmware/nnet_utils/nnet_common.h:46->firmware/nnet_utils/nnet_pooling_stream.h:21->firmware/nnet_utils/nnet_pooling_stream.h:68->firmware/nnet_utils/nnet_pooling_stream.h:115) [281]  (0.978 ns)
	'icmp' operation 1 bit ('icmp_ln66_8', firmware/nnet_utils/nnet_common.h:66->firmware/nnet_utils/nnet_common.h:46->firmware/nnet_utils/nnet_pooling_stream.h:21->firmware/nnet_utils/nnet_pooling_stream.h:68->firmware/nnet_utils/nnet_pooling_stream.h:115) [285]  (2.196 ns)
	'xor' operation 1 bit ('xor_ln66_8', firmware/nnet_utils/nnet_common.h:66->firmware/nnet_utils/nnet_common.h:46->firmware/nnet_utils/nnet_pooling_stream.h:21->firmware/nnet_utils/nnet_pooling_stream.h:68->firmware/nnet_utils/nnet_pooling_stream.h:115) [286]  (0.000 ns)
	'select' operation 20 bit ('res_pack', firmware/nnet_utils/nnet_pooling_stream.h:67->firmware/nnet_utils/nnet_pooling_stream.h:115) [287]  (0.978 ns)

 <State 4>: 3.651ns
The critical path consists of the following:
	fifo write operation ('write_ln72', firmware/nnet_utils/nnet_pooling_stream.h:72->firmware/nnet_utils/nnet_pooling_stream.h:115) on port 'layer9_out' (firmware/nnet_utils/nnet_pooling_stream.h:72->firmware/nnet_utils/nnet_pooling_stream.h:115) [918]  (3.651 ns)


============================================================
+ Verbose Summary: Binding
============================================================
N/A
* FSMD analyzer results:
  - Output states:
 - Input state : 
  - Chain level:
	State 1
	State 2
	State 3
	State 4


============================================================
+ Verbose Summary: Datapath Resource usage 
============================================================
N/A
