

================================================================
== Vitis HLS Report for 'pooling2d_cl_array_array_ap_fixed_18_8_5_3_0_12u_config5_s'
================================================================
* Date:           Sun Aug 30 07:27:07 2026

* Version:        2024.1 (Build 5069499 on May 21 2024)
* Project:        myproject_prj
* Solution:       solution1 (Vivado IP Flow Target)
* Product family: zynq
* Target device:  xc7z020-clg400-1


================================================================
== Performance Estimates
================================================================
+ Timing: 
    * Summary: 
    +--------+----------+----------+------------+
    |  Clock |  Target  | Estimated| Uncertainty|
    +--------+----------+----------+------------+
    |ap_clk  |  20.00 ns|  9.776 ns|     5.40 ns|
    +--------+----------+----------+------------+

+ Latency: 
    * Summary: 
    +---------+---------+-----------+-----------+------+------+-----------------------------------------------+
    |  Latency (cycles) |   Latency (absolute)  |   Interval  |                    Pipeline                   |
    |   min   |   max   |    min    |    max    |  min |  max |                      Type                     |
    +---------+---------+-----------+-----------+------+------+-----------------------------------------------+
    |     2042|     2042|  40.840 us|  40.840 us|  2040|  2040|  loop auto-rewind stp(delay=0 clock cycles(s))|
    +---------+---------+-----------+-----------+------+------+-----------------------------------------------+

    + Detail: 
        * Instance: 
        N/A

        * Loop: 
        +----------------------------------+---------+---------+----------+-----------+-----------+------+----------+
        |                                  |  Latency (cycles) | Iteration|  Initiation Interval  | Trip |          |
        |             Loop Name            |   min   |   max   |  Latency |  achieved |   target  | Count| Pipelined|
        +----------------------------------+---------+---------+----------+-----------+-----------+------+----------+
        |- ReadInputHeight_ReadInputWidth  |     2040|     2040|         3|          2|          1|  1020|       yes|
        +----------------------------------+---------+---------+----------+-----------+-----------+------+----------+

============================================================
+ Verbose Summary: Synthesis Manager
============================================================
InlineROM: 1
ExposeGlobal: 0
============================================================
+ Verbose Summary: CDFG Model
============================================================
IsTopModel: 0
ResetActiveHigh: 1
IsCombinational: 2
IsDatapathOnly: 0
HasWiredReturn: 1
HasMFsm: 2
HasVarLatency: 1
IsPipeline: 0
IsRtlPipelined: 0
IsInstanceOverlapped: 0
IsDontTouch: 0
HasImplIP: 0
IsGatedGlobalClock: 0

+ Individual pipeline summary: 
  * Pipeline-0: initiation interval (II) = 2, depth = 3


============================================================
+ Verbose Summary: Schedule
============================================================
* Number of FSM states : 3
* Pipeline : 1
  Pipeline-0 : II = 2, D = 3, States = { 1 2 3 }
* Dataflow Pipeline: 0

* FSM state transitions: 
1 --> 2 
2 --> 3 
3 --> 

* FSM state operations: 

State 1 <SV = 0> <Delay = 6.69>
ST_1 : Operation 6 [1/1] (0.00ns)   --->   "%indvar_flatten2 = alloca i32 1"   --->   Operation 6 'alloca' 'indvar_flatten2' <Predicate = true> <Delay = 0.00>
ST_1 : Operation 7 [1/1] (0.00ns)   --->   "%specinterface_ln0 = specinterface void @_ssdm_op_SpecInterface, i216 %layer5_out, void @empty_6, i32 0, i32 0, void @empty_5, i32 0, i32 0, void @empty_5, void @empty_5, void @empty_5, i32 0, i32 0, i32 0, i32 0, void @empty_5, void @empty_5, i32 4294967295, i32 0, i32 0"   --->   Operation 7 'specinterface' 'specinterface_ln0' <Predicate = true> <Delay = 0.00>
ST_1 : Operation 8 [1/1] (0.00ns)   --->   "%specinterface_ln0 = specinterface void @_ssdm_op_SpecInterface, i216 %layer4_out, void @empty_6, i32 0, i32 0, void @empty_5, i32 0, i32 0, void @empty_5, void @empty_5, void @empty_5, i32 0, i32 0, i32 0, i32 0, void @empty_5, void @empty_5, i32 4294967295, i32 0, i32 0"   --->   Operation 8 'specinterface' 'specinterface_ln0' <Predicate = true> <Delay = 0.00>
ST_1 : Operation 9 [1/1] (1.58ns)   --->   "%store_ln0 = store i10 0, i10 %indvar_flatten2"   --->   Operation 9 'store' 'store_ln0' <Predicate = true> <Delay = 1.58>
ST_1 : Operation 10 [1/1] (0.00ns)   --->   "%br_ln0 = br void %for.inc15"   --->   Operation 10 'br' 'br_ln0' <Predicate = true> <Delay = 0.00>
ST_1 : Operation 11 [1/1] (0.00ns)   --->   "%indvar_flatten2_load = load i10 %indvar_flatten2" [firmware/nnet_utils/nnet_pooling_stream.h:109]   --->   Operation 11 'load' 'indvar_flatten2_load' <Predicate = true> <Delay = 0.00>
ST_1 : Operation 12 [1/1] (0.00ns)   --->   "%sX_1_load = load i32 %sX_1" [firmware/nnet_utils/nnet_pooling_stream.h:55->firmware/nnet_utils/nnet_pooling_stream.h:115]   --->   Operation 12 'load' 'sX_1_load' <Predicate = true> <Delay = 0.00>
ST_1 : Operation 13 [1/1] (2.55ns)   --->   "%icmp_ln55 = icmp_eq  i32 %sX_1_load, i32 1" [firmware/nnet_utils/nnet_pooling_stream.h:55->firmware/nnet_utils/nnet_pooling_stream.h:115]   --->   Operation 13 'icmp' 'icmp_ln55' <Predicate = true> <Delay = 2.55> <CoreInst = "Cmp">   --->   Core 9 'Cmp' <Latency = 0> <II = 1> <Delay = 2.55> <FuncUnit> <Opcode : 'seteq' 'setne' 'setle' 'setge' 'setlt' 'setgt'> <InPorts = 2> <OutPorts = 1>
ST_1 : Operation 14 [1/1] (0.00ns)   --->   "%pX_1_load = load i32 %pX_1" [firmware/nnet_utils/nnet_pooling_stream.h:76->firmware/nnet_utils/nnet_pooling_stream.h:115]   --->   Operation 14 'load' 'pX_1_load' <Predicate = true> <Delay = 0.00>
ST_1 : Operation 15 [1/1] (1.73ns)   --->   "%add_ln109 = add i10 %indvar_flatten2_load, i10 1" [firmware/nnet_utils/nnet_pooling_stream.h:109]   --->   Operation 15 'add' 'add_ln109' <Predicate = true> <Delay = 1.73> <CoreInst = "Adder">   --->   Core 1 'Adder' <Latency = 0> <II = 1> <Delay = 1.73> <FuncUnit> <Opcode : 'add' 'sub'> <InPorts = 2> <OutPorts = 1>
ST_1 : Operation 16 [1/1] (0.00ns)   --->   "%br_ln55 = br i1 %icmp_ln55, void %if.end.i, void %land.lhs.true.i" [firmware/nnet_utils/nnet_pooling_stream.h:55->firmware/nnet_utils/nnet_pooling_stream.h:115]   --->   Operation 16 'br' 'br_ln55' <Predicate = true> <Delay = 0.00>
ST_1 : Operation 17 [1/1] (0.00ns)   --->   "%sY_1_load = load i32 %sY_1" [firmware/nnet_utils/nnet_pooling_stream.h:55->firmware/nnet_utils/nnet_pooling_stream.h:115]   --->   Operation 17 'load' 'sY_1_load' <Predicate = (icmp_ln55)> <Delay = 0.00>
ST_1 : Operation 18 [1/1] (2.55ns)   --->   "%icmp_ln55_4 = icmp_eq  i32 %sY_1_load, i32 1" [firmware/nnet_utils/nnet_pooling_stream.h:55->firmware/nnet_utils/nnet_pooling_stream.h:115]   --->   Operation 18 'icmp' 'icmp_ln55_4' <Predicate = (icmp_ln55)> <Delay = 2.55> <CoreInst = "Cmp">   --->   Core 9 'Cmp' <Latency = 0> <II = 1> <Delay = 2.55> <FuncUnit> <Opcode : 'seteq' 'setne' 'setle' 'setge' 'setlt' 'setgt'> <InPorts = 2> <OutPorts = 1>
ST_1 : Operation 19 [1/1] (0.00ns)   --->   "%pY_1_load = load i32 %pY_1" [firmware/nnet_utils/nnet_pooling_stream.h:55->firmware/nnet_utils/nnet_pooling_stream.h:115]   --->   Operation 19 'load' 'pY_1_load' <Predicate = (icmp_ln55)> <Delay = 0.00>
ST_1 : Operation 20 [1/1] (2.55ns)   --->   "%icmp_ln55_5 = icmp_sgt  i32 %pY_1_load, i32 0" [firmware/nnet_utils/nnet_pooling_stream.h:55->firmware/nnet_utils/nnet_pooling_stream.h:115]   --->   Operation 20 'icmp' 'icmp_ln55_5' <Predicate = (icmp_ln55)> <Delay = 2.55> <CoreInst = "Cmp">   --->   Core 9 'Cmp' <Latency = 0> <II = 1> <Delay = 2.55> <FuncUnit> <Opcode : 'seteq' 'setne' 'setle' 'setge' 'setlt' 'setgt'> <InPorts = 2> <OutPorts = 1>
ST_1 : Operation 21 [1/1] (2.55ns)   --->   "%icmp_ln55_6 = icmp_sgt  i32 %pX_1_load, i32 0" [firmware/nnet_utils/nnet_pooling_stream.h:55->firmware/nnet_utils/nnet_pooling_stream.h:115]   --->   Operation 21 'icmp' 'icmp_ln55_6' <Predicate = (icmp_ln55)> <Delay = 2.55> <CoreInst = "Cmp">   --->   Core 9 'Cmp' <Latency = 0> <II = 1> <Delay = 2.55> <FuncUnit> <Opcode : 'seteq' 'setne' 'setle' 'setge' 'setlt' 'setgt'> <InPorts = 2> <OutPorts = 1>
ST_1 : Operation 22 [1/1] (0.00ns) (grouped into LUT with out node and_ln55_2)   --->   "%and_ln55 = and i1 %icmp_ln55_5, i1 %icmp_ln55_6" [firmware/nnet_utils/nnet_pooling_stream.h:55->firmware/nnet_utils/nnet_pooling_stream.h:115]   --->   Operation 22 'and' 'and_ln55' <Predicate = (icmp_ln55)> <Delay = 0.00> <CoreInst = "LogicGate">   --->   Core 74 'LogicGate' <Latency = 0> <II = 1> <Delay = 0.97> <FuncUnit> <Opcode : 'and' 'or' 'xor'> <InPorts = 2> <OutPorts = 1>
ST_1 : Operation 23 [1/1] (0.97ns) (out node of the LUT)   --->   "%and_ln55_2 = and i1 %and_ln55, i1 %icmp_ln55_4" [firmware/nnet_utils/nnet_pooling_stream.h:55->firmware/nnet_utils/nnet_pooling_stream.h:115]   --->   Operation 23 'and' 'and_ln55_2' <Predicate = (icmp_ln55)> <Delay = 0.97> <CoreInst = "LogicGate">   --->   Core 74 'LogicGate' <Latency = 0> <II = 1> <Delay = 0.97> <FuncUnit> <Opcode : 'and' 'or' 'xor'> <InPorts = 2> <OutPorts = 1>
ST_1 : Operation 24 [1/1] (0.00ns)   --->   "%br_ln55 = br i1 %and_ln55_2, void %if.end.i, void %for.body11.i" [firmware/nnet_utils/nnet_pooling_stream.h:55->firmware/nnet_utils/nnet_pooling_stream.h:115]   --->   Operation 24 'br' 'br_ln55' <Predicate = (icmp_ln55)> <Delay = 0.00>
ST_1 : Operation 25 [1/1] (2.55ns)   --->   "%add_ln76 = add i32 %pX_1_load, i32 1" [firmware/nnet_utils/nnet_pooling_stream.h:76->firmware/nnet_utils/nnet_pooling_stream.h:115]   --->   Operation 25 'add' 'add_ln76' <Predicate = true> <Delay = 2.55> <CoreInst = "Adder">   --->   Core 1 'Adder' <Latency = 0> <II = 1> <Delay = 2.55> <FuncUnit> <Opcode : 'add' 'sub'> <InPorts = 2> <OutPorts = 1>
ST_1 : Operation 26 [1/1] (2.55ns)   --->   "%icmp_ln76 = icmp_eq  i32 %add_ln76, i32 51" [firmware/nnet_utils/nnet_pooling_stream.h:76->firmware/nnet_utils/nnet_pooling_stream.h:115]   --->   Operation 26 'icmp' 'icmp_ln76' <Predicate = true> <Delay = 2.55> <CoreInst = "Cmp">   --->   Core 9 'Cmp' <Latency = 0> <II = 1> <Delay = 2.55> <FuncUnit> <Opcode : 'seteq' 'setne' 'setle' 'setge' 'setlt' 'setgt'> <InPorts = 2> <OutPorts = 1>
ST_1 : Operation 27 [1/1] (0.00ns)   --->   "%br_ln76 = br i1 %icmp_ln76, void %if.else30.i, void %if.then19.i" [firmware/nnet_utils/nnet_pooling_stream.h:76->firmware/nnet_utils/nnet_pooling_stream.h:115]   --->   Operation 27 'br' 'br_ln76' <Predicate = true> <Delay = 0.00>
ST_1 : Operation 28 [1/1] (1.58ns)   --->   "%store_ln89 = store i32 %add_ln76, i32 %pX_1" [firmware/nnet_utils/nnet_pooling_stream.h:89->firmware/nnet_utils/nnet_pooling_stream.h:115]   --->   Operation 28 'store' 'store_ln89' <Predicate = (!icmp_ln76)> <Delay = 1.58>
ST_1 : Operation 29 [1/1] (2.55ns)   --->   "%add_ln91 = add i32 %sX_1_load, i32 1" [firmware/nnet_utils/nnet_pooling_stream.h:91->firmware/nnet_utils/nnet_pooling_stream.h:115]   --->   Operation 29 'add' 'add_ln91' <Predicate = (!icmp_ln76)> <Delay = 2.55> <CoreInst = "Adder">   --->   Core 1 'Adder' <Latency = 0> <II = 1> <Delay = 2.55> <FuncUnit> <Opcode : 'add' 'sub'> <InPorts = 2> <OutPorts = 1>
ST_1 : Operation 30 [1/1] (0.69ns)   --->   "%select_ln91 = select i1 %icmp_ln55, i32 0, i32 %add_ln91" [firmware/nnet_utils/nnet_pooling_stream.h:91->firmware/nnet_utils/nnet_pooling_stream.h:115]   --->   Operation 30 'select' 'select_ln91' <Predicate = (!icmp_ln76)> <Delay = 0.69> <CoreInst = "Sel">   --->   Core 73 'Sel' <Latency = 0> <II = 1> <Delay = 0.69> <FuncUnit> <Opcode : 'select'> <InPorts = 3> <OutPorts = 1>
ST_1 : Operation 31 [1/1] (1.58ns)   --->   "%store_ln91 = store i32 %select_ln91, i32 %sX_1" [firmware/nnet_utils/nnet_pooling_stream.h:91->firmware/nnet_utils/nnet_pooling_stream.h:115]   --->   Operation 31 'store' 'store_ln91' <Predicate = (!icmp_ln76)> <Delay = 1.58>
ST_1 : Operation 32 [1/1] (0.00ns)   --->   "%br_ln0 = br void %for.inc"   --->   Operation 32 'br' 'br_ln0' <Predicate = (!icmp_ln76)> <Delay = 0.00>
ST_1 : Operation 33 [1/1] (1.58ns)   --->   "%store_ln78 = store i32 0, i32 %pX_1" [firmware/nnet_utils/nnet_pooling_stream.h:78->firmware/nnet_utils/nnet_pooling_stream.h:115]   --->   Operation 33 'store' 'store_ln78' <Predicate = (icmp_ln76)> <Delay = 1.58>
ST_1 : Operation 34 [1/1] (1.58ns)   --->   "%store_ln79 = store i32 0, i32 %sX_1" [firmware/nnet_utils/nnet_pooling_stream.h:79->firmware/nnet_utils/nnet_pooling_stream.h:115]   --->   Operation 34 'store' 'store_ln79' <Predicate = (icmp_ln76)> <Delay = 1.58>
ST_1 : Operation 35 [1/1] (0.00ns)   --->   "%pY_1_load_1 = load i32 %pY_1" [firmware/nnet_utils/nnet_pooling_stream.h:80->firmware/nnet_utils/nnet_pooling_stream.h:115]   --->   Operation 35 'load' 'pY_1_load_1' <Predicate = (icmp_ln76)> <Delay = 0.00>
ST_1 : Operation 36 [1/1] (2.55ns)   --->   "%add_ln80 = add i32 %pY_1_load_1, i32 1" [firmware/nnet_utils/nnet_pooling_stream.h:80->firmware/nnet_utils/nnet_pooling_stream.h:115]   --->   Operation 36 'add' 'add_ln80' <Predicate = (icmp_ln76)> <Delay = 2.55> <CoreInst = "Adder">   --->   Core 1 'Adder' <Latency = 0> <II = 1> <Delay = 2.55> <FuncUnit> <Opcode : 'add' 'sub'> <InPorts = 2> <OutPorts = 1>
ST_1 : Operation 37 [1/1] (2.55ns)   --->   "%icmp_ln80 = icmp_eq  i32 %add_ln80, i32 20" [firmware/nnet_utils/nnet_pooling_stream.h:80->firmware/nnet_utils/nnet_pooling_stream.h:115]   --->   Operation 37 'icmp' 'icmp_ln80' <Predicate = (icmp_ln76)> <Delay = 2.55> <CoreInst = "Cmp">   --->   Core 9 'Cmp' <Latency = 0> <II = 1> <Delay = 2.55> <FuncUnit> <Opcode : 'seteq' 'setne' 'setle' 'setge' 'setlt' 'setgt'> <InPorts = 2> <OutPorts = 1>
ST_1 : Operation 38 [1/1] (0.00ns)   --->   "%br_ln80 = br i1 %icmp_ln80, void %if.else.i, void %if.then22.i" [firmware/nnet_utils/nnet_pooling_stream.h:80->firmware/nnet_utils/nnet_pooling_stream.h:115]   --->   Operation 38 'br' 'br_ln80' <Predicate = (icmp_ln76)> <Delay = 0.00>
ST_1 : Operation 39 [1/1] (1.58ns)   --->   "%store_ln84 = store i32 %add_ln80, i32 %pY_1" [firmware/nnet_utils/nnet_pooling_stream.h:84->firmware/nnet_utils/nnet_pooling_stream.h:115]   --->   Operation 39 'store' 'store_ln84' <Predicate = (icmp_ln76 & !icmp_ln80)> <Delay = 1.58>
ST_1 : Operation 40 [1/1] (0.00ns)   --->   "%sY_1_load_1 = load i32 %sY_1" [firmware/nnet_utils/nnet_pooling_stream.h:86->firmware/nnet_utils/nnet_pooling_stream.h:115]   --->   Operation 40 'load' 'sY_1_load_1' <Predicate = (icmp_ln76 & !icmp_ln80)> <Delay = 0.00>
ST_1 : Operation 41 [1/1] (2.55ns)   --->   "%icmp_ln86 = icmp_eq  i32 %sY_1_load_1, i32 1" [firmware/nnet_utils/nnet_pooling_stream.h:86->firmware/nnet_utils/nnet_pooling_stream.h:115]   --->   Operation 41 'icmp' 'icmp_ln86' <Predicate = (icmp_ln76 & !icmp_ln80)> <Delay = 2.55> <CoreInst = "Cmp">   --->   Core 9 'Cmp' <Latency = 0> <II = 1> <Delay = 2.55> <FuncUnit> <Opcode : 'seteq' 'setne' 'setle' 'setge' 'setlt' 'setgt'> <InPorts = 2> <OutPorts = 1>
ST_1 : Operation 42 [1/1] (2.55ns)   --->   "%add_ln86 = add i32 %sY_1_load_1, i32 1" [firmware/nnet_utils/nnet_pooling_stream.h:86->firmware/nnet_utils/nnet_pooling_stream.h:115]   --->   Operation 42 'add' 'add_ln86' <Predicate = (icmp_ln76 & !icmp_ln80)> <Delay = 2.55> <CoreInst = "Adder">   --->   Core 1 'Adder' <Latency = 0> <II = 1> <Delay = 2.55> <FuncUnit> <Opcode : 'add' 'sub'> <InPorts = 2> <OutPorts = 1>
ST_1 : Operation 43 [1/1] (0.69ns)   --->   "%select_ln86 = select i1 %icmp_ln86, i32 0, i32 %add_ln86" [firmware/nnet_utils/nnet_pooling_stream.h:86->firmware/nnet_utils/nnet_pooling_stream.h:115]   --->   Operation 43 'select' 'select_ln86' <Predicate = (icmp_ln76 & !icmp_ln80)> <Delay = 0.69> <CoreInst = "Sel">   --->   Core 73 'Sel' <Latency = 0> <II = 1> <Delay = 0.69> <FuncUnit> <Opcode : 'select'> <InPorts = 3> <OutPorts = 1>
ST_1 : Operation 44 [1/1] (1.58ns)   --->   "%br_ln0 = br void %if.end29.i"   --->   Operation 44 'br' 'br_ln0' <Predicate = (icmp_ln76 & !icmp_ln80)> <Delay = 1.58>
ST_1 : Operation 45 [1/1] (1.58ns)   --->   "%store_ln81 = store i32 0, i32 %pY_1" [firmware/nnet_utils/nnet_pooling_stream.h:81->firmware/nnet_utils/nnet_pooling_stream.h:115]   --->   Operation 45 'store' 'store_ln81' <Predicate = (icmp_ln76 & icmp_ln80)> <Delay = 1.58>
ST_1 : Operation 46 [1/1] (1.58ns)   --->   "%br_ln83 = br void %if.end29.i" [firmware/nnet_utils/nnet_pooling_stream.h:83->firmware/nnet_utils/nnet_pooling_stream.h:115]   --->   Operation 46 'br' 'br_ln83' <Predicate = (icmp_ln76 & icmp_ln80)> <Delay = 1.58>
ST_1 : Operation 47 [1/1] (1.73ns)   --->   "%icmp_ln109 = icmp_eq  i10 %indvar_flatten2_load, i10 1019" [firmware/nnet_utils/nnet_pooling_stream.h:109]   --->   Operation 47 'icmp' 'icmp_ln109' <Predicate = true> <Delay = 1.73> <CoreInst = "Cmp">   --->   Core 9 'Cmp' <Latency = 0> <II = 1> <Delay = 1.73> <FuncUnit> <Opcode : 'seteq' 'setne' 'setle' 'setge' 'setlt' 'setgt'> <InPorts = 2> <OutPorts = 1>
ST_1 : Operation 48 [1/1] (1.58ns)   --->   "%store_ln109 = store i10 %add_ln109, i10 %indvar_flatten2" [firmware/nnet_utils/nnet_pooling_stream.h:109]   --->   Operation 48 'store' 'store_ln109' <Predicate = true> <Delay = 1.58>
ST_1 : Operation 49 [1/1] (0.00ns)   --->   "%br_ln109 = br i1 %icmp_ln109, void %for.inc15, void %for.end17" [firmware/nnet_utils/nnet_pooling_stream.h:109]   --->   Operation 49 'br' 'br_ln109' <Predicate = true> <Delay = 0.00>

State 2 <SV = 1> <Delay = 5.13>
ST_2 : Operation 50 [1/1] (0.00ns)   --->   "%specloopname_ln0 = specloopname void @_ssdm_op_SpecLoopName, void @ReadInputHeight_ReadInputWidth_str"   --->   Operation 50 'specloopname' 'specloopname_ln0' <Predicate = true> <Delay = 0.00>
ST_2 : Operation 51 [1/1] (0.00ns)   --->   "%speclooptripcount_ln0 = speclooptripcount void @_ssdm_op_SpecLoopTripCount, i64 1020, i64 1020, i64 1020"   --->   Operation 51 'speclooptripcount' 'speclooptripcount_ln0' <Predicate = true> <Delay = 0.00>
ST_2 : Operation 52 [1/1] (0.00ns)   --->   "%specpipeline_ln113 = specpipeline void @_ssdm_op_SpecPipeline, i32 4294967295, i32 0, i32 0, i32 0, void @empty_5" [firmware/nnet_utils/nnet_pooling_stream.h:113]   --->   Operation 52 'specpipeline' 'specpipeline_ln113' <Predicate = true> <Delay = 0.00>
ST_2 : Operation 53 [1/1] (3.52ns)   --->   "%layer4_out_read = read i216 @_ssdm_op_Read.ap_fifo.volatile.i216P0A, i216 %layer4_out" [firmware/nnet_utils/nnet_pooling_stream.h:115]   --->   Operation 53 'read' 'layer4_out_read' <Predicate = true> <Delay = 3.52> <CoreInst = "FIFO">   --->   Core 77 'FIFO' <Latency = 0> <II = 1> <Delay = 3.52> <Storage> <Opcode : 'read' 'write' 'nbread' 'nbwrite'> <Ports = 0> <Width = 216> <Depth = 1020> <FIFO>
ST_2 : Operation 54 [1/1] (0.00ns)   --->   "%trunc_ln115 = trunc i216 %layer4_out_read" [firmware/nnet_utils/nnet_pooling_stream.h:115]   --->   Operation 54 'trunc' 'trunc_ln115' <Predicate = true> <Delay = 0.00>
ST_2 : Operation 55 [1/1] (0.00ns)   --->   "%trunc_ln115_s = partselect i18 @_ssdm_op_PartSelect.i18.i216.i32.i32, i216 %layer4_out_read, i32 18, i32 35" [firmware/nnet_utils/nnet_pooling_stream.h:115]   --->   Operation 55 'partselect' 'trunc_ln115_s' <Predicate = true> <Delay = 0.00>
ST_2 : Operation 56 [1/1] (0.00ns)   --->   "%trunc_ln115_17 = partselect i18 @_ssdm_op_PartSelect.i18.i216.i32.i32, i216 %layer4_out_read, i32 36, i32 53" [firmware/nnet_utils/nnet_pooling_stream.h:115]   --->   Operation 56 'partselect' 'trunc_ln115_17' <Predicate = true> <Delay = 0.00>
ST_2 : Operation 57 [1/1] (0.00ns)   --->   "%trunc_ln115_18 = partselect i18 @_ssdm_op_PartSelect.i18.i216.i32.i32, i216 %layer4_out_read, i32 54, i32 71" [firmware/nnet_utils/nnet_pooling_stream.h:115]   --->   Operation 57 'partselect' 'trunc_ln115_18' <Predicate = true> <Delay = 0.00>
ST_2 : Operation 58 [1/1] (0.00ns)   --->   "%trunc_ln115_19 = partselect i18 @_ssdm_op_PartSelect.i18.i216.i32.i32, i216 %layer4_out_read, i32 72, i32 89" [firmware/nnet_utils/nnet_pooling_stream.h:115]   --->   Operation 58 'partselect' 'trunc_ln115_19' <Predicate = true> <Delay = 0.00>
ST_2 : Operation 59 [1/1] (0.00ns)   --->   "%trunc_ln115_20 = partselect i18 @_ssdm_op_PartSelect.i18.i216.i32.i32, i216 %layer4_out_read, i32 90, i32 107" [firmware/nnet_utils/nnet_pooling_stream.h:115]   --->   Operation 59 'partselect' 'trunc_ln115_20' <Predicate = true> <Delay = 0.00>
ST_2 : Operation 60 [1/1] (0.00ns)   --->   "%trunc_ln115_21 = partselect i18 @_ssdm_op_PartSelect.i18.i216.i32.i32, i216 %layer4_out_read, i32 108, i32 125" [firmware/nnet_utils/nnet_pooling_stream.h:115]   --->   Operation 60 'partselect' 'trunc_ln115_21' <Predicate = true> <Delay = 0.00>
ST_2 : Operation 61 [1/1] (0.00ns)   --->   "%trunc_ln115_22 = partselect i18 @_ssdm_op_PartSelect.i18.i216.i32.i32, i216 %layer4_out_read, i32 126, i32 143" [firmware/nnet_utils/nnet_pooling_stream.h:115]   --->   Operation 61 'partselect' 'trunc_ln115_22' <Predicate = true> <Delay = 0.00>
ST_2 : Operation 62 [1/1] (0.00ns)   --->   "%trunc_ln115_23 = partselect i18 @_ssdm_op_PartSelect.i18.i216.i32.i32, i216 %layer4_out_read, i32 144, i32 161" [firmware/nnet_utils/nnet_pooling_stream.h:115]   --->   Operation 62 'partselect' 'trunc_ln115_23' <Predicate = true> <Delay = 0.00>
ST_2 : Operation 63 [1/1] (0.00ns)   --->   "%trunc_ln115_24 = partselect i18 @_ssdm_op_PartSelect.i18.i216.i32.i32, i216 %layer4_out_read, i32 162, i32 179" [firmware/nnet_utils/nnet_pooling_stream.h:115]   --->   Operation 63 'partselect' 'trunc_ln115_24' <Predicate = true> <Delay = 0.00>
ST_2 : Operation 64 [1/1] (0.00ns)   --->   "%trunc_ln115_25 = partselect i18 @_ssdm_op_PartSelect.i18.i216.i32.i32, i216 %layer4_out_read, i32 180, i32 197" [firmware/nnet_utils/nnet_pooling_stream.h:115]   --->   Operation 64 'partselect' 'trunc_ln115_25' <Predicate = true> <Delay = 0.00>
ST_2 : Operation 65 [1/1] (0.00ns)   --->   "%trunc_ln115_26 = partselect i18 @_ssdm_op_PartSelect.i18.i216.i32.i32, i216 %layer4_out_read, i32 198, i32 215" [firmware/nnet_utils/nnet_pooling_stream.h:115]   --->   Operation 65 'partselect' 'trunc_ln115_26' <Predicate = true> <Delay = 0.00>
ST_2 : Operation 66 [1/1] (1.61ns)   --->   "%call_ln52 = call void @shift_line_buffer<array<ap_fixed<18, 8, 5, 3, 0>, 12u>, config5>, i18 %trunc_ln115, i18 %trunc_ln115_s, i18 %trunc_ln115_17, i18 %trunc_ln115_18, i18 %trunc_ln115_19, i18 %trunc_ln115_20, i18 %trunc_ln115_21, i18 %trunc_ln115_22, i18 %trunc_ln115_23, i18 %trunc_ln115_24, i18 %trunc_ln115_25, i18 %trunc_ln115_26, i18 %p_ZZN4nnet22compute_pool_buffer_2dINS_5arrayI8ap_fixedILi18ELi8EL9ap_q_mode5EL9ap_209, i18 %void_compute_pool_buffer_2d_array_const_ap_shift_reg_n_filt_stream_kernel_19, i18 %p_ZZN4nnet22compute_pool_buffer_2dINS_5arrayI8ap_fixedILi18ELi8EL9ap_q_mode5EL9ap_210, i18 %void_compute_pool_buffer_2d_array_const_ap_shift_reg_n_filt_stream_kernel_18, i18 %p_ZZN4nnet22compute_pool_buffer_2dINS_5arrayI8ap_fixedILi18ELi8EL9ap_q_mode5EL9ap_211, i18 %void_compute_pool_buffer_2d_array_const_ap_shift_reg_n_filt_stream_kernel_17, i18 %p_ZZN4nnet22compute_pool_buffer_2dINS_5arrayI8ap_fixedILi18ELi8EL9ap_q_mode5EL9ap_212, i18 %void_compute_pool_buffer_2d_array_const_ap_shift_reg_n_filt_stream_kernel_16, i18 %p_ZZN4nnet22compute_pool_buffer_2dINS_5arrayI8ap_fixedILi18ELi8EL9ap_q_mode5EL9ap_213, i18 %void_compute_pool_buffer_2d_array_const_ap_shift_reg_n_filt_stream_kernel_15, i18 %p_ZZN4nnet22compute_pool_buffer_2dINS_5arrayI8ap_fixedILi18ELi8EL9ap_q_mode5EL9ap_214, i18 %void_compute_pool_buffer_2d_array_const_ap_shift_reg_n_filt_stream_kernel_14, i18 %p_ZZN4nnet22compute_pool_buffer_2dINS_5arrayI8ap_fixedILi18ELi8EL9ap_q_mode5EL9ap_215, i18 %void_compute_pool_buffer_2d_array_const_ap_shift_reg_n_filt_stream_kernel_13, i18 %p_ZZN4nnet22compute_pool_buffer_2dINS_5arrayI8ap_fixedILi18ELi8EL9ap_q_mode5EL9ap_216, i18 %void_compute_pool_buffer_2d_array_const_ap_shift_reg_n_filt_stream_kernel_12, i18 %p_ZZN4nnet22compute_pool_buffer_2dINS_5arrayI8ap_fixedILi18ELi8EL9ap_q_mode5EL9ap_217, i18 %void_compute_pool_buffer_2d_array_const_ap_shift_reg_n_filt_stream_kernel_11, i18 %p_ZZN4nnet22compute_pool_buffer_2dINS_5arrayI8ap_fixedILi18ELi8EL9ap_q_mode5EL9ap_218, i18 %void_compute_pool_buffer_2d_array_const_ap_shift_reg_n_filt_stream_kernel_10, i18 %p_ZZN4nnet22compute_pool_buffer_2dINS_5arrayI8ap_fixedILi18ELi8EL9ap_q_mode5EL9ap_219, i18 %p_ZZN4nnet22compute_pool_buffer_2dINS_5arrayI8ap_fixedILi18ELi8EL9ap_q_mode5EL9ap_207, i18 %p_ZZN4nnet22compute_pool_buffer_2dINS_5arrayI8ap_fixedILi18ELi8EL9ap_q_mode5EL9ap_220, i18 %p_ZZN4nnet22compute_pool_buffer_2dINS_5arrayI8ap_fixedILi18ELi8EL9ap_q_mode5EL9ap_208, i18 %p_ZZN4nnet22compute_pool_buffer_2dINS_5arrayI8ap_fixedILi18ELi8EL9ap_q_mode5EL9ap_233, i18 %p_ZZN4nnet22compute_pool_buffer_2dINS_5arrayI8ap_fixedILi18ELi8EL9ap_q_mode5EL9ap_221, i18 %p_ZZN4nnet22compute_pool_buffer_2dINS_5arrayI8ap_fixedILi18ELi8EL9ap_q_mode5EL9ap_234, i18 %p_ZZN4nnet22compute_pool_buffer_2dINS_5arrayI8ap_fixedILi18ELi8EL9ap_q_mode5EL9ap_222, i18 %p_ZZN4nnet22compute_pool_buffer_2dINS_5arrayI8ap_fixedILi18ELi8EL9ap_q_mode5EL9ap_235, i18 %p_ZZN4nnet22compute_pool_buffer_2dINS_5arrayI8ap_fixedILi18ELi8EL9ap_q_mode5EL9ap_223, i18 %p_ZZN4nnet22compute_pool_buffer_2dINS_5arrayI8ap_fixedILi18ELi8EL9ap_q_mode5EL9ap_236, i18 %p_ZZN4nnet22compute_pool_buffer_2dINS_5arrayI8ap_fixedILi18ELi8EL9ap_q_mode5EL9ap_224, i18 %p_ZZN4nnet22compute_pool_buffer_2dINS_5arrayI8ap_fixedILi18ELi8EL9ap_q_mode5EL9ap_237, i18 %p_ZZN4nnet22compute_pool_buffer_2dINS_5arrayI8ap_fixedILi18ELi8EL9ap_q_mode5EL9ap_225, i18 %p_ZZN4nnet22compute_pool_buffer_2dINS_5arrayI8ap_fixedILi18ELi8EL9ap_q_mode5EL9ap_238, i18 %p_ZZN4nnet22compute_pool_buffer_2dINS_5arrayI8ap_fixedILi18ELi8EL9ap_q_mode5EL9ap_226, i18 %p_ZZN4nnet22compute_pool_buffer_2dINS_5arrayI8ap_fixedILi18ELi8EL9ap_q_mode5EL9ap_239, i18 %p_ZZN4nnet22compute_pool_buffer_2dINS_5arrayI8ap_fixedILi18ELi8EL9ap_q_mode5EL9ap_227, i18 %p_ZZN4nnet22compute_pool_buffer_2dINS_5arrayI8ap_fixedILi18ELi8EL9ap_q_mode5EL9ap_240, i18 %p_ZZN4nnet22compute_pool_buffer_2dINS_5arrayI8ap_fixedILi18ELi8EL9ap_q_mode5EL9ap_228, i18 %p_ZZN4nnet22compute_pool_buffer_2dINS_5arrayI8ap_fixedILi18ELi8EL9ap_q_mode5EL9ap_241, i18 %p_ZZN4nnet22compute_pool_buffer_2dINS_5arrayI8ap_fixedILi18ELi8EL9ap_q_mode5EL9ap_229, i18 %p_ZZN4nnet22compute_pool_buffer_2dINS_5arrayI8ap_fixedILi18ELi8EL9ap_q_mode5EL9ap_242, i18 %p_ZZN4nnet22compute_pool_buffer_2dINS_5arrayI8ap_fixedILi18ELi8EL9ap_q_mode5EL9ap_230, i18 %p_ZZN4nnet22compute_pool_buffer_2dINS_5arrayI8ap_fixedILi18ELi8EL9ap_q_mode5EL9ap_243, i18 %p_ZZN4nnet22compute_pool_buffer_2dINS_5arrayI8ap_fixedILi18ELi8EL9ap_q_mode5EL9ap_231, i18 %p_ZZN4nnet22compute_pool_buffer_2dINS_5arrayI8ap_fixedILi18ELi8EL9ap_q_mode5EL9ap_244, i18 %p_ZZN4nnet22compute_pool_buffer_2dINS_5arrayI8ap_fixedILi18ELi8EL9ap_q_mode5EL9ap_232, i18 %void_pooling2d_cl_stream_stream_array_ap_fixed_12u_0_line_buffer_9, i18 %void_pooling2d_cl_stream_stream_array_ap_fixed_12u_0_line_buffer_8, i18 %void_pooling2d_cl_stream_stream_array_ap_fixed_12u_0_line_buffer_7, i18 %void_pooling2d_cl_stream_stream_array_ap_fixed_12u_0_line_buffer_6, i18 %void_pooling2d_cl_stream_stream_array_ap_fixed_12u_0_line_buffer_5, i18 %void_pooling2d_cl_stream_stream_array_ap_fixed_12u_0_line_buffer_4, i18 %void_pooling2d_cl_stream_stream_array_ap_fixed_12u_0_line_buffer_3, i18 %void_pooling2d_cl_stream_stream_array_ap_fixed_12u_0_line_buffer_2, i18 %void_pooling2d_cl_stream_stream_array_ap_fixed_12u_0_line_buffer_1, i18 %void_pooling2d_cl_stream_stream_array_ap_fixed_12u_0_line_buffer, i18 %p_ZZN4nnet12pooling2d_clINS_5arrayI8ap_fixedILi18ELi8EL9ap_q_mode5EL9ap_o_mode3EL_9, i18 %p_ZZN4nnet12pooling2d_clINS_5arrayI8ap_fixedILi18ELi8EL9ap_q_mode5EL9ap_o_mode3EL_8" [firmware/nnet_utils/nnet_pooling_stream.h:52->firmware/nnet_utils/nnet_pooling_stream.h:115]   --->   Operation 66 'call' 'call_ln52' <Predicate = true> <Delay = 1.61> <CoreType = "Generic">   --->   Core 0 '' <Latency = 0> <II = 1> <Delay = 1.00> <Generic> <Opcode : >
ST_2 : Operation 67 [1/1] (0.00ns)   --->   "%storemerge = phi i32 %select_ln86, void %if.else.i, i32 0, void %if.then22.i" [firmware/nnet_utils/nnet_pooling_stream.h:86->firmware/nnet_utils/nnet_pooling_stream.h:115]   --->   Operation 67 'phi' 'storemerge' <Predicate = (icmp_ln76)> <Delay = 0.00>
ST_2 : Operation 68 [1/1] (0.00ns)   --->   "%store_ln82 = store i32 %storemerge, i32 %sY_1" [firmware/nnet_utils/nnet_pooling_stream.h:82->firmware/nnet_utils/nnet_pooling_stream.h:115]   --->   Operation 68 'store' 'store_ln82' <Predicate = (icmp_ln76)> <Delay = 0.00>
ST_2 : Operation 69 [1/1] (0.00ns)   --->   "%br_ln88 = br void %for.inc" [firmware/nnet_utils/nnet_pooling_stream.h:88->firmware/nnet_utils/nnet_pooling_stream.h:115]   --->   Operation 69 'br' 'br_ln88' <Predicate = (icmp_ln76)> <Delay = 0.00>

State 3 <SV = 2> <Delay = 9.77>
ST_3 : Operation 70 [1/1] (0.00ns)   --->   "%void_compute_pool_buffer_2d_array_const_ap_shift_reg_n_filt_stream_kernel_30 = load i18 %void_compute_pool_buffer_2d_array_const_ap_shift_reg_n_filt_stream_kernel_19" [firmware/nnet_utils/nnet_pooling_stream.h:63->firmware/nnet_utils/nnet_pooling_stream.h:115]   --->   Operation 70 'load' 'void_compute_pool_buffer_2d_array_const_ap_shift_reg_n_filt_stream_kernel_30' <Predicate = (icmp_ln55 & and_ln55_2)> <Delay = 0.00>
ST_3 : Operation 71 [1/1] (0.00ns)   --->   "%p_ZZN4nnet22compute_pool_buffer_2dINS_5arrayI8ap_fixedILi18ELi8EL9ap_q_mode5EL9ap_653 = load i18 %p_ZZN4nnet22compute_pool_buffer_2dINS_5arrayI8ap_fixedILi18ELi8EL9ap_q_mode5EL9ap_209" [firmware/nnet_utils/nnet_pooling_stream.h:63->firmware/nnet_utils/nnet_pooling_stream.h:115]   --->   Operation 71 'load' 'p_ZZN4nnet22compute_pool_buffer_2dINS_5arrayI8ap_fixedILi18ELi8EL9ap_q_mode5EL9ap_653' <Predicate = (icmp_ln55 & and_ln55_2)> <Delay = 0.00>
ST_3 : Operation 72 [1/1] (0.00ns)   --->   "%p_ZZN4nnet22compute_pool_buffer_2dINS_5arrayI8ap_fixedILi18ELi8EL9ap_q_mode5EL9ap_654 = load i18 %p_ZZN4nnet22compute_pool_buffer_2dINS_5arrayI8ap_fixedILi18ELi8EL9ap_q_mode5EL9ap_221" [firmware/nnet_utils/nnet_pooling_stream.h:63->firmware/nnet_utils/nnet_pooling_stream.h:115]   --->   Operation 72 'load' 'p_ZZN4nnet22compute_pool_buffer_2dINS_5arrayI8ap_fixedILi18ELi8EL9ap_q_mode5EL9ap_654' <Predicate = (icmp_ln55 & and_ln55_2)> <Delay = 0.00>
ST_3 : Operation 73 [1/1] (0.00ns)   --->   "%p_ZZN4nnet22compute_pool_buffer_2dINS_5arrayI8ap_fixedILi18ELi8EL9ap_q_mode5EL9ap_655 = load i18 %p_ZZN4nnet22compute_pool_buffer_2dINS_5arrayI8ap_fixedILi18ELi8EL9ap_q_mode5EL9ap_233" [firmware/nnet_utils/nnet_pooling_stream.h:63->firmware/nnet_utils/nnet_pooling_stream.h:115]   --->   Operation 73 'load' 'p_ZZN4nnet22compute_pool_buffer_2dINS_5arrayI8ap_fixedILi18ELi8EL9ap_q_mode5EL9ap_655' <Predicate = (icmp_ln55 & and_ln55_2)> <Delay = 0.00>
ST_3 : Operation 74 [1/1] (2.13ns)   --->   "%icmp_ln66 = icmp_slt  i18 %void_compute_pool_buffer_2d_array_const_ap_shift_reg_n_filt_stream_kernel_30, i18 %p_ZZN4nnet22compute_pool_buffer_2dINS_5arrayI8ap_fixedILi18ELi8EL9ap_q_mode5EL9ap_653" [firmware/nnet_utils/nnet_common.h:66->firmware/nnet_utils/nnet_common.h:44->firmware/nnet_utils/nnet_common.h:46->firmware/nnet_utils/nnet_pooling_stream.h:21->firmware/nnet_utils/nnet_pooling_stream.h:68->firmware/nnet_utils/nnet_pooling_stream.h:115]   --->   Operation 74 'icmp' 'icmp_ln66' <Predicate = (icmp_ln55 & and_ln55_2)> <Delay = 2.13> <CoreInst = "Cmp">   --->   Core 9 'Cmp' <Latency = 0> <II = 1> <Delay = 2.13> <FuncUnit> <Opcode : 'seteq' 'setne' 'setle' 'setge' 'setlt' 'setgt'> <InPorts = 2> <OutPorts = 1>
ST_3 : Operation 75 [1/1] (0.00ns) (grouped into LUT with out node select_ln0)   --->   "%xor_ln66 = xor i1 %icmp_ln66, i1 1" [firmware/nnet_utils/nnet_common.h:66->firmware/nnet_utils/nnet_common.h:44->firmware/nnet_utils/nnet_common.h:46->firmware/nnet_utils/nnet_pooling_stream.h:21->firmware/nnet_utils/nnet_pooling_stream.h:68->firmware/nnet_utils/nnet_pooling_stream.h:115]   --->   Operation 75 'xor' 'xor_ln66' <Predicate = (icmp_ln55 & and_ln55_2)> <Delay = 0.00> <CoreInst = "LogicGate">   --->   Core 74 'LogicGate' <Latency = 0> <II = 1> <Delay = 0.97> <FuncUnit> <Opcode : 'and' 'or' 'xor'> <InPorts = 2> <OutPorts = 1>
ST_3 : Operation 76 [1/1] (0.97ns) (out node of the LUT)   --->   "%select_ln0 = select i1 %xor_ln66, i18 %void_compute_pool_buffer_2d_array_const_ap_shift_reg_n_filt_stream_kernel_30, i18 %p_ZZN4nnet22compute_pool_buffer_2dINS_5arrayI8ap_fixedILi18ELi8EL9ap_q_mode5EL9ap_653" [firmware/nnet_utils/nnet_common.h:0->firmware/nnet_utils/nnet_common.h:46->firmware/nnet_utils/nnet_pooling_stream.h:21->firmware/nnet_utils/nnet_pooling_stream.h:68->firmware/nnet_utils/nnet_pooling_stream.h:115]   --->   Operation 76 'select' 'select_ln0' <Predicate = (icmp_ln55 & and_ln55_2)> <Delay = 0.97> <CoreInst = "Sel">   --->   Core 73 'Sel' <Latency = 0> <II = 1> <Delay = 0.75> <FuncUnit> <Opcode : 'select'> <InPorts = 3> <OutPorts = 1>
ST_3 : Operation 77 [1/1] (2.13ns)   --->   "%icmp_ln66_162 = icmp_slt  i18 %p_ZZN4nnet22compute_pool_buffer_2dINS_5arrayI8ap_fixedILi18ELi8EL9ap_q_mode5EL9ap_654, i18 %p_ZZN4nnet22compute_pool_buffer_2dINS_5arrayI8ap_fixedILi18ELi8EL9ap_q_mode5EL9ap_655" [firmware/nnet_utils/nnet_common.h:66->firmware/nnet_utils/nnet_common.h:44->firmware/nnet_utils/nnet_common.h:46->firmware/nnet_utils/nnet_pooling_stream.h:21->firmware/nnet_utils/nnet_pooling_stream.h:68->firmware/nnet_utils/nnet_pooling_stream.h:115]   --->   Operation 77 'icmp' 'icmp_ln66_162' <Predicate = (icmp_ln55 & and_ln55_2)> <Delay = 2.13> <CoreInst = "Cmp">   --->   Core 9 'Cmp' <Latency = 0> <II = 1> <Delay = 2.13> <FuncUnit> <Opcode : 'seteq' 'setne' 'setle' 'setge' 'setlt' 'setgt'> <InPorts = 2> <OutPorts = 1>
ST_3 : Operation 78 [1/1] (0.00ns) (grouped into LUT with out node select_ln0_144)   --->   "%xor_ln66_162 = xor i1 %icmp_ln66_162, i1 1" [firmware/nnet_utils/nnet_common.h:66->firmware/nnet_utils/nnet_common.h:44->firmware/nnet_utils/nnet_common.h:46->firmware/nnet_utils/nnet_pooling_stream.h:21->firmware/nnet_utils/nnet_pooling_stream.h:68->firmware/nnet_utils/nnet_pooling_stream.h:115]   --->   Operation 78 'xor' 'xor_ln66_162' <Predicate = (icmp_ln55 & and_ln55_2)> <Delay = 0.00> <CoreInst = "LogicGate">   --->   Core 74 'LogicGate' <Latency = 0> <II = 1> <Delay = 0.97> <FuncUnit> <Opcode : 'and' 'or' 'xor'> <InPorts = 2> <OutPorts = 1>
ST_3 : Operation 79 [1/1] (0.97ns) (out node of the LUT)   --->   "%select_ln0_144 = select i1 %xor_ln66_162, i18 %p_ZZN4nnet22compute_pool_buffer_2dINS_5arrayI8ap_fixedILi18ELi8EL9ap_q_mode5EL9ap_654, i18 %p_ZZN4nnet22compute_pool_buffer_2dINS_5arrayI8ap_fixedILi18ELi8EL9ap_q_mode5EL9ap_655" [firmware/nnet_utils/nnet_common.h:0->firmware/nnet_utils/nnet_common.h:46->firmware/nnet_utils/nnet_pooling_stream.h:21->firmware/nnet_utils/nnet_pooling_stream.h:68->firmware/nnet_utils/nnet_pooling_stream.h:115]   --->   Operation 79 'select' 'select_ln0_144' <Predicate = (icmp_ln55 & and_ln55_2)> <Delay = 0.97> <CoreInst = "Sel">   --->   Core 73 'Sel' <Latency = 0> <II = 1> <Delay = 0.75> <FuncUnit> <Opcode : 'select'> <InPorts = 3> <OutPorts = 1>
ST_3 : Operation 80 [1/1] (2.13ns)   --->   "%icmp_ln66_163 = icmp_slt  i18 %select_ln0, i18 %select_ln0_144" [firmware/nnet_utils/nnet_common.h:66->firmware/nnet_utils/nnet_common.h:46->firmware/nnet_utils/nnet_pooling_stream.h:21->firmware/nnet_utils/nnet_pooling_stream.h:68->firmware/nnet_utils/nnet_pooling_stream.h:115]   --->   Operation 80 'icmp' 'icmp_ln66_163' <Predicate = (icmp_ln55 & and_ln55_2)> <Delay = 2.13> <CoreInst = "Cmp">   --->   Core 9 'Cmp' <Latency = 0> <II = 1> <Delay = 2.13> <FuncUnit> <Opcode : 'seteq' 'setne' 'setle' 'setge' 'setlt' 'setgt'> <InPorts = 2> <OutPorts = 1>
ST_3 : Operation 81 [1/1] (0.00ns) (grouped into LUT with out node res_pack)   --->   "%xor_ln66_163 = xor i1 %icmp_ln66_163, i1 1" [firmware/nnet_utils/nnet_common.h:66->firmware/nnet_utils/nnet_common.h:46->firmware/nnet_utils/nnet_pooling_stream.h:21->firmware/nnet_utils/nnet_pooling_stream.h:68->firmware/nnet_utils/nnet_pooling_stream.h:115]   --->   Operation 81 'xor' 'xor_ln66_163' <Predicate = (icmp_ln55 & and_ln55_2)> <Delay = 0.00> <CoreInst = "LogicGate">   --->   Core 74 'LogicGate' <Latency = 0> <II = 1> <Delay = 0.97> <FuncUnit> <Opcode : 'and' 'or' 'xor'> <InPorts = 2> <OutPorts = 1>
ST_3 : Operation 82 [1/1] (0.97ns) (out node of the LUT)   --->   "%res_pack = select i1 %xor_ln66_163, i18 %select_ln0, i18 %select_ln0_144" [firmware/nnet_utils/nnet_pooling_stream.h:67->firmware/nnet_utils/nnet_pooling_stream.h:115]   --->   Operation 82 'select' 'res_pack' <Predicate = (icmp_ln55 & and_ln55_2)> <Delay = 0.97> <CoreInst = "Sel">   --->   Core 73 'Sel' <Latency = 0> <II = 1> <Delay = 0.75> <FuncUnit> <Opcode : 'select'> <InPorts = 3> <OutPorts = 1>
ST_3 : Operation 83 [1/1] (0.00ns)   --->   "%void_compute_pool_buffer_2d_array_const_ap_shift_reg_n_filt_stream_kernel_31 = load i18 %void_compute_pool_buffer_2d_array_const_ap_shift_reg_n_filt_stream_kernel_18" [firmware/nnet_utils/nnet_pooling_stream.h:63->firmware/nnet_utils/nnet_pooling_stream.h:115]   --->   Operation 83 'load' 'void_compute_pool_buffer_2d_array_const_ap_shift_reg_n_filt_stream_kernel_31' <Predicate = (icmp_ln55 & and_ln55_2)> <Delay = 0.00>
ST_3 : Operation 84 [1/1] (0.00ns)   --->   "%p_ZZN4nnet22compute_pool_buffer_2dINS_5arrayI8ap_fixedILi18ELi8EL9ap_q_mode5EL9ap_656 = load i18 %p_ZZN4nnet22compute_pool_buffer_2dINS_5arrayI8ap_fixedILi18ELi8EL9ap_q_mode5EL9ap_210" [firmware/nnet_utils/nnet_pooling_stream.h:63->firmware/nnet_utils/nnet_pooling_stream.h:115]   --->   Operation 84 'load' 'p_ZZN4nnet22compute_pool_buffer_2dINS_5arrayI8ap_fixedILi18ELi8EL9ap_q_mode5EL9ap_656' <Predicate = (icmp_ln55 & and_ln55_2)> <Delay = 0.00>
ST_3 : Operation 85 [1/1] (0.00ns)   --->   "%p_ZZN4nnet22compute_pool_buffer_2dINS_5arrayI8ap_fixedILi18ELi8EL9ap_q_mode5EL9ap_657 = load i18 %p_ZZN4nnet22compute_pool_buffer_2dINS_5arrayI8ap_fixedILi18ELi8EL9ap_q_mode5EL9ap_222" [firmware/nnet_utils/nnet_pooling_stream.h:63->firmware/nnet_utils/nnet_pooling_stream.h:115]   --->   Operation 85 'load' 'p_ZZN4nnet22compute_pool_buffer_2dINS_5arrayI8ap_fixedILi18ELi8EL9ap_q_mode5EL9ap_657' <Predicate = (icmp_ln55 & and_ln55_2)> <Delay = 0.00>
ST_3 : Operation 86 [1/1] (0.00ns)   --->   "%p_ZZN4nnet22compute_pool_buffer_2dINS_5arrayI8ap_fixedILi18ELi8EL9ap_q_mode5EL9ap_658 = load i18 %p_ZZN4nnet22compute_pool_buffer_2dINS_5arrayI8ap_fixedILi18ELi8EL9ap_q_mode5EL9ap_234" [firmware/nnet_utils/nnet_pooling_stream.h:63->firmware/nnet_utils/nnet_pooling_stream.h:115]   --->   Operation 86 'load' 'p_ZZN4nnet22compute_pool_buffer_2dINS_5arrayI8ap_fixedILi18ELi8EL9ap_q_mode5EL9ap_658' <Predicate = (icmp_ln55 & and_ln55_2)> <Delay = 0.00>
ST_3 : Operation 87 [1/1] (2.13ns)   --->   "%icmp_ln66_164 = icmp_slt  i18 %void_compute_pool_buffer_2d_array_const_ap_shift_reg_n_filt_stream_kernel_31, i18 %p_ZZN4nnet22compute_pool_buffer_2dINS_5arrayI8ap_fixedILi18ELi8EL9ap_q_mode5EL9ap_656" [firmware/nnet_utils/nnet_common.h:66->firmware/nnet_utils/nnet_common.h:44->firmware/nnet_utils/nnet_common.h:46->firmware/nnet_utils/nnet_pooling_stream.h:21->firmware/nnet_utils/nnet_pooling_stream.h:68->firmware/nnet_utils/nnet_pooling_stream.h:115]   --->   Operation 87 'icmp' 'icmp_ln66_164' <Predicate = (icmp_ln55 & and_ln55_2)> <Delay = 2.13> <CoreInst = "Cmp">   --->   Core 9 'Cmp' <Latency = 0> <II = 1> <Delay = 2.13> <FuncUnit> <Opcode : 'seteq' 'setne' 'setle' 'setge' 'setlt' 'setgt'> <InPorts = 2> <OutPorts = 1>
ST_3 : Operation 88 [1/1] (0.00ns) (grouped into LUT with out node select_ln0_145)   --->   "%xor_ln66_164 = xor i1 %icmp_ln66_164, i1 1" [firmware/nnet_utils/nnet_common.h:66->firmware/nnet_utils/nnet_common.h:44->firmware/nnet_utils/nnet_common.h:46->firmware/nnet_utils/nnet_pooling_stream.h:21->firmware/nnet_utils/nnet_pooling_stream.h:68->firmware/nnet_utils/nnet_pooling_stream.h:115]   --->   Operation 88 'xor' 'xor_ln66_164' <Predicate = (icmp_ln55 & and_ln55_2)> <Delay = 0.00> <CoreInst = "LogicGate">   --->   Core 74 'LogicGate' <Latency = 0> <II = 1> <Delay = 0.97> <FuncUnit> <Opcode : 'and' 'or' 'xor'> <InPorts = 2> <OutPorts = 1>
ST_3 : Operation 89 [1/1] (0.97ns) (out node of the LUT)   --->   "%select_ln0_145 = select i1 %xor_ln66_164, i18 %void_compute_pool_buffer_2d_array_const_ap_shift_reg_n_filt_stream_kernel_31, i18 %p_ZZN4nnet22compute_pool_buffer_2dINS_5arrayI8ap_fixedILi18ELi8EL9ap_q_mode5EL9ap_656" [firmware/nnet_utils/nnet_common.h:0->firmware/nnet_utils/nnet_common.h:46->firmware/nnet_utils/nnet_pooling_stream.h:21->firmware/nnet_utils/nnet_pooling_stream.h:68->firmware/nnet_utils/nnet_pooling_stream.h:115]   --->   Operation 89 'select' 'select_ln0_145' <Predicate = (icmp_ln55 & and_ln55_2)> <Delay = 0.97> <CoreInst = "Sel">   --->   Core 73 'Sel' <Latency = 0> <II = 1> <Delay = 0.75> <FuncUnit> <Opcode : 'select'> <InPorts = 3> <OutPorts = 1>
ST_3 : Operation 90 [1/1] (2.13ns)   --->   "%icmp_ln66_165 = icmp_slt  i18 %p_ZZN4nnet22compute_pool_buffer_2dINS_5arrayI8ap_fixedILi18ELi8EL9ap_q_mode5EL9ap_657, i18 %p_ZZN4nnet22compute_pool_buffer_2dINS_5arrayI8ap_fixedILi18ELi8EL9ap_q_mode5EL9ap_658" [firmware/nnet_utils/nnet_common.h:66->firmware/nnet_utils/nnet_common.h:44->firmware/nnet_utils/nnet_common.h:46->firmware/nnet_utils/nnet_pooling_stream.h:21->firmware/nnet_utils/nnet_pooling_stream.h:68->firmware/nnet_utils/nnet_pooling_stream.h:115]   --->   Operation 90 'icmp' 'icmp_ln66_165' <Predicate = (icmp_ln55 & and_ln55_2)> <Delay = 2.13> <CoreInst = "Cmp">   --->   Core 9 'Cmp' <Latency = 0> <II = 1> <Delay = 2.13> <FuncUnit> <Opcode : 'seteq' 'setne' 'setle' 'setge' 'setlt' 'setgt'> <InPorts = 2> <OutPorts = 1>
ST_3 : Operation 91 [1/1] (0.00ns) (grouped into LUT with out node select_ln0_146)   --->   "%xor_ln66_165 = xor i1 %icmp_ln66_165, i1 1" [firmware/nnet_utils/nnet_common.h:66->firmware/nnet_utils/nnet_common.h:44->firmware/nnet_utils/nnet_common.h:46->firmware/nnet_utils/nnet_pooling_stream.h:21->firmware/nnet_utils/nnet_pooling_stream.h:68->firmware/nnet_utils/nnet_pooling_stream.h:115]   --->   Operation 91 'xor' 'xor_ln66_165' <Predicate = (icmp_ln55 & and_ln55_2)> <Delay = 0.00> <CoreInst = "LogicGate">   --->   Core 74 'LogicGate' <Latency = 0> <II = 1> <Delay = 0.97> <FuncUnit> <Opcode : 'and' 'or' 'xor'> <InPorts = 2> <OutPorts = 1>
ST_3 : Operation 92 [1/1] (0.97ns) (out node of the LUT)   --->   "%select_ln0_146 = select i1 %xor_ln66_165, i18 %p_ZZN4nnet22compute_pool_buffer_2dINS_5arrayI8ap_fixedILi18ELi8EL9ap_q_mode5EL9ap_657, i18 %p_ZZN4nnet22compute_pool_buffer_2dINS_5arrayI8ap_fixedILi18ELi8EL9ap_q_mode5EL9ap_658" [firmware/nnet_utils/nnet_common.h:0->firmware/nnet_utils/nnet_common.h:46->firmware/nnet_utils/nnet_pooling_stream.h:21->firmware/nnet_utils/nnet_pooling_stream.h:68->firmware/nnet_utils/nnet_pooling_stream.h:115]   --->   Operation 92 'select' 'select_ln0_146' <Predicate = (icmp_ln55 & and_ln55_2)> <Delay = 0.97> <CoreInst = "Sel">   --->   Core 73 'Sel' <Latency = 0> <II = 1> <Delay = 0.75> <FuncUnit> <Opcode : 'select'> <InPorts = 3> <OutPorts = 1>
ST_3 : Operation 93 [1/1] (2.13ns)   --->   "%icmp_ln66_166 = icmp_slt  i18 %select_ln0_145, i18 %select_ln0_146" [firmware/nnet_utils/nnet_common.h:66->firmware/nnet_utils/nnet_common.h:46->firmware/nnet_utils/nnet_pooling_stream.h:21->firmware/nnet_utils/nnet_pooling_stream.h:68->firmware/nnet_utils/nnet_pooling_stream.h:115]   --->   Operation 93 'icmp' 'icmp_ln66_166' <Predicate = (icmp_ln55 & and_ln55_2)> <Delay = 2.13> <CoreInst = "Cmp">   --->   Core 9 'Cmp' <Latency = 0> <II = 1> <Delay = 2.13> <FuncUnit> <Opcode : 'seteq' 'setne' 'setle' 'setge' 'setlt' 'setgt'> <InPorts = 2> <OutPorts = 1>
ST_3 : Operation 94 [1/1] (0.00ns) (grouped into LUT with out node res_pack_18)   --->   "%xor_ln66_166 = xor i1 %icmp_ln66_166, i1 1" [firmware/nnet_utils/nnet_common.h:66->firmware/nnet_utils/nnet_common.h:46->firmware/nnet_utils/nnet_pooling_stream.h:21->firmware/nnet_utils/nnet_pooling_stream.h:68->firmware/nnet_utils/nnet_pooling_stream.h:115]   --->   Operation 94 'xor' 'xor_ln66_166' <Predicate = (icmp_ln55 & and_ln55_2)> <Delay = 0.00> <CoreInst = "LogicGate">   --->   Core 74 'LogicGate' <Latency = 0> <II = 1> <Delay = 0.97> <FuncUnit> <Opcode : 'and' 'or' 'xor'> <InPorts = 2> <OutPorts = 1>
ST_3 : Operation 95 [1/1] (0.97ns) (out node of the LUT)   --->   "%res_pack_18 = select i1 %xor_ln66_166, i18 %select_ln0_145, i18 %select_ln0_146" [firmware/nnet_utils/nnet_pooling_stream.h:67->firmware/nnet_utils/nnet_pooling_stream.h:115]   --->   Operation 95 'select' 'res_pack_18' <Predicate = (icmp_ln55 & and_ln55_2)> <Delay = 0.97> <CoreInst = "Sel">   --->   Core 73 'Sel' <Latency = 0> <II = 1> <Delay = 0.75> <FuncUnit> <Opcode : 'select'> <InPorts = 3> <OutPorts = 1>
ST_3 : Operation 96 [1/1] (0.00ns)   --->   "%void_compute_pool_buffer_2d_array_const_ap_shift_reg_n_filt_stream_kernel_32 = load i18 %void_compute_pool_buffer_2d_array_const_ap_shift_reg_n_filt_stream_kernel_17" [firmware/nnet_utils/nnet_pooling_stream.h:63->firmware/nnet_utils/nnet_pooling_stream.h:115]   --->   Operation 96 'load' 'void_compute_pool_buffer_2d_array_const_ap_shift_reg_n_filt_stream_kernel_32' <Predicate = (icmp_ln55 & and_ln55_2)> <Delay = 0.00>
ST_3 : Operation 97 [1/1] (0.00ns)   --->   "%p_ZZN4nnet22compute_pool_buffer_2dINS_5arrayI8ap_fixedILi18ELi8EL9ap_q_mode5EL9ap_659 = load i18 %p_ZZN4nnet22compute_pool_buffer_2dINS_5arrayI8ap_fixedILi18ELi8EL9ap_q_mode5EL9ap_211" [firmware/nnet_utils/nnet_pooling_stream.h:63->firmware/nnet_utils/nnet_pooling_stream.h:115]   --->   Operation 97 'load' 'p_ZZN4nnet22compute_pool_buffer_2dINS_5arrayI8ap_fixedILi18ELi8EL9ap_q_mode5EL9ap_659' <Predicate = (icmp_ln55 & and_ln55_2)> <Delay = 0.00>
ST_3 : Operation 98 [1/1] (0.00ns)   --->   "%p_ZZN4nnet22compute_pool_buffer_2dINS_5arrayI8ap_fixedILi18ELi8EL9ap_q_mode5EL9ap_660 = load i18 %p_ZZN4nnet22compute_pool_buffer_2dINS_5arrayI8ap_fixedILi18ELi8EL9ap_q_mode5EL9ap_223" [firmware/nnet_utils/nnet_pooling_stream.h:63->firmware/nnet_utils/nnet_pooling_stream.h:115]   --->   Operation 98 'load' 'p_ZZN4nnet22compute_pool_buffer_2dINS_5arrayI8ap_fixedILi18ELi8EL9ap_q_mode5EL9ap_660' <Predicate = (icmp_ln55 & and_ln55_2)> <Delay = 0.00>
ST_3 : Operation 99 [1/1] (0.00ns)   --->   "%p_ZZN4nnet22compute_pool_buffer_2dINS_5arrayI8ap_fixedILi18ELi8EL9ap_q_mode5EL9ap_661 = load i18 %p_ZZN4nnet22compute_pool_buffer_2dINS_5arrayI8ap_fixedILi18ELi8EL9ap_q_mode5EL9ap_235" [firmware/nnet_utils/nnet_pooling_stream.h:63->firmware/nnet_utils/nnet_pooling_stream.h:115]   --->   Operation 99 'load' 'p_ZZN4nnet22compute_pool_buffer_2dINS_5arrayI8ap_fixedILi18ELi8EL9ap_q_mode5EL9ap_661' <Predicate = (icmp_ln55 & and_ln55_2)> <Delay = 0.00>
ST_3 : Operation 100 [1/1] (2.13ns)   --->   "%icmp_ln66_167 = icmp_slt  i18 %void_compute_pool_buffer_2d_array_const_ap_shift_reg_n_filt_stream_kernel_32, i18 %p_ZZN4nnet22compute_pool_buffer_2dINS_5arrayI8ap_fixedILi18ELi8EL9ap_q_mode5EL9ap_659" [firmware/nnet_utils/nnet_common.h:66->firmware/nnet_utils/nnet_common.h:44->firmware/nnet_utils/nnet_common.h:46->firmware/nnet_utils/nnet_pooling_stream.h:21->firmware/nnet_utils/nnet_pooling_stream.h:68->firmware/nnet_utils/nnet_pooling_stream.h:115]   --->   Operation 100 'icmp' 'icmp_ln66_167' <Predicate = (icmp_ln55 & and_ln55_2)> <Delay = 2.13> <CoreInst = "Cmp">   --->   Core 9 'Cmp' <Latency = 0> <II = 1> <Delay = 2.13> <FuncUnit> <Opcode : 'seteq' 'setne' 'setle' 'setge' 'setlt' 'setgt'> <InPorts = 2> <OutPorts = 1>
ST_3 : Operation 101 [1/1] (0.00ns) (grouped into LUT with out node select_ln0_147)   --->   "%xor_ln66_167 = xor i1 %icmp_ln66_167, i1 1" [firmware/nnet_utils/nnet_common.h:66->firmware/nnet_utils/nnet_common.h:44->firmware/nnet_utils/nnet_common.h:46->firmware/nnet_utils/nnet_pooling_stream.h:21->firmware/nnet_utils/nnet_pooling_stream.h:68->firmware/nnet_utils/nnet_pooling_stream.h:115]   --->   Operation 101 'xor' 'xor_ln66_167' <Predicate = (icmp_ln55 & and_ln55_2)> <Delay = 0.00> <CoreInst = "LogicGate">   --->   Core 74 'LogicGate' <Latency = 0> <II = 1> <Delay = 0.97> <FuncUnit> <Opcode : 'and' 'or' 'xor'> <InPorts = 2> <OutPorts = 1>
ST_3 : Operation 102 [1/1] (0.97ns) (out node of the LUT)   --->   "%select_ln0_147 = select i1 %xor_ln66_167, i18 %void_compute_pool_buffer_2d_array_const_ap_shift_reg_n_filt_stream_kernel_32, i18 %p_ZZN4nnet22compute_pool_buffer_2dINS_5arrayI8ap_fixedILi18ELi8EL9ap_q_mode5EL9ap_659" [firmware/nnet_utils/nnet_common.h:0->firmware/nnet_utils/nnet_common.h:46->firmware/nnet_utils/nnet_pooling_stream.h:21->firmware/nnet_utils/nnet_pooling_stream.h:68->firmware/nnet_utils/nnet_pooling_stream.h:115]   --->   Operation 102 'select' 'select_ln0_147' <Predicate = (icmp_ln55 & and_ln55_2)> <Delay = 0.97> <CoreInst = "Sel">   --->   Core 73 'Sel' <Latency = 0> <II = 1> <Delay = 0.75> <FuncUnit> <Opcode : 'select'> <InPorts = 3> <OutPorts = 1>
ST_3 : Operation 103 [1/1] (2.13ns)   --->   "%icmp_ln66_168 = icmp_slt  i18 %p_ZZN4nnet22compute_pool_buffer_2dINS_5arrayI8ap_fixedILi18ELi8EL9ap_q_mode5EL9ap_660, i18 %p_ZZN4nnet22compute_pool_buffer_2dINS_5arrayI8ap_fixedILi18ELi8EL9ap_q_mode5EL9ap_661" [firmware/nnet_utils/nnet_common.h:66->firmware/nnet_utils/nnet_common.h:44->firmware/nnet_utils/nnet_common.h:46->firmware/nnet_utils/nnet_pooling_stream.h:21->firmware/nnet_utils/nnet_pooling_stream.h:68->firmware/nnet_utils/nnet_pooling_stream.h:115]   --->   Operation 103 'icmp' 'icmp_ln66_168' <Predicate = (icmp_ln55 & and_ln55_2)> <Delay = 2.13> <CoreInst = "Cmp">   --->   Core 9 'Cmp' <Latency = 0> <II = 1> <Delay = 2.13> <FuncUnit> <Opcode : 'seteq' 'setne' 'setle' 'setge' 'setlt' 'setgt'> <InPorts = 2> <OutPorts = 1>
ST_3 : Operation 104 [1/1] (0.00ns) (grouped into LUT with out node select_ln0_148)   --->   "%xor_ln66_168 = xor i1 %icmp_ln66_168, i1 1" [firmware/nnet_utils/nnet_common.h:66->firmware/nnet_utils/nnet_common.h:44->firmware/nnet_utils/nnet_common.h:46->firmware/nnet_utils/nnet_pooling_stream.h:21->firmware/nnet_utils/nnet_pooling_stream.h:68->firmware/nnet_utils/nnet_pooling_stream.h:115]   --->   Operation 104 'xor' 'xor_ln66_168' <Predicate = (icmp_ln55 & and_ln55_2)> <Delay = 0.00> <CoreInst = "LogicGate">   --->   Core 74 'LogicGate' <Latency = 0> <II = 1> <Delay = 0.97> <FuncUnit> <Opcode : 'and' 'or' 'xor'> <InPorts = 2> <OutPorts = 1>
ST_3 : Operation 105 [1/1] (0.97ns) (out node of the LUT)   --->   "%select_ln0_148 = select i1 %xor_ln66_168, i18 %p_ZZN4nnet22compute_pool_buffer_2dINS_5arrayI8ap_fixedILi18ELi8EL9ap_q_mode5EL9ap_660, i18 %p_ZZN4nnet22compute_pool_buffer_2dINS_5arrayI8ap_fixedILi18ELi8EL9ap_q_mode5EL9ap_661" [firmware/nnet_utils/nnet_common.h:0->firmware/nnet_utils/nnet_common.h:46->firmware/nnet_utils/nnet_pooling_stream.h:21->firmware/nnet_utils/nnet_pooling_stream.h:68->firmware/nnet_utils/nnet_pooling_stream.h:115]   --->   Operation 105 'select' 'select_ln0_148' <Predicate = (icmp_ln55 & and_ln55_2)> <Delay = 0.97> <CoreInst = "Sel">   --->   Core 73 'Sel' <Latency = 0> <II = 1> <Delay = 0.75> <FuncUnit> <Opcode : 'select'> <InPorts = 3> <OutPorts = 1>
ST_3 : Operation 106 [1/1] (2.13ns)   --->   "%icmp_ln66_169 = icmp_slt  i18 %select_ln0_147, i18 %select_ln0_148" [firmware/nnet_utils/nnet_common.h:66->firmware/nnet_utils/nnet_common.h:46->firmware/nnet_utils/nnet_pooling_stream.h:21->firmware/nnet_utils/nnet_pooling_stream.h:68->firmware/nnet_utils/nnet_pooling_stream.h:115]   --->   Operation 106 'icmp' 'icmp_ln66_169' <Predicate = (icmp_ln55 & and_ln55_2)> <Delay = 2.13> <CoreInst = "Cmp">   --->   Core 9 'Cmp' <Latency = 0> <II = 1> <Delay = 2.13> <FuncUnit> <Opcode : 'seteq' 'setne' 'setle' 'setge' 'setlt' 'setgt'> <InPorts = 2> <OutPorts = 1>
ST_3 : Operation 107 [1/1] (0.00ns) (grouped into LUT with out node res_pack_19)   --->   "%xor_ln66_169 = xor i1 %icmp_ln66_169, i1 1" [firmware/nnet_utils/nnet_common.h:66->firmware/nnet_utils/nnet_common.h:46->firmware/nnet_utils/nnet_pooling_stream.h:21->firmware/nnet_utils/nnet_pooling_stream.h:68->firmware/nnet_utils/nnet_pooling_stream.h:115]   --->   Operation 107 'xor' 'xor_ln66_169' <Predicate = (icmp_ln55 & and_ln55_2)> <Delay = 0.00> <CoreInst = "LogicGate">   --->   Core 74 'LogicGate' <Latency = 0> <II = 1> <Delay = 0.97> <FuncUnit> <Opcode : 'and' 'or' 'xor'> <InPorts = 2> <OutPorts = 1>
ST_3 : Operation 108 [1/1] (0.97ns) (out node of the LUT)   --->   "%res_pack_19 = select i1 %xor_ln66_169, i18 %select_ln0_147, i18 %select_ln0_148" [firmware/nnet_utils/nnet_pooling_stream.h:67->firmware/nnet_utils/nnet_pooling_stream.h:115]   --->   Operation 108 'select' 'res_pack_19' <Predicate = (icmp_ln55 & and_ln55_2)> <Delay = 0.97> <CoreInst = "Sel">   --->   Core 73 'Sel' <Latency = 0> <II = 1> <Delay = 0.75> <FuncUnit> <Opcode : 'select'> <InPorts = 3> <OutPorts = 1>
ST_3 : Operation 109 [1/1] (0.00ns)   --->   "%void_compute_pool_buffer_2d_array_const_ap_shift_reg_n_filt_stream_kernel_33 = load i18 %void_compute_pool_buffer_2d_array_const_ap_shift_reg_n_filt_stream_kernel_16" [firmware/nnet_utils/nnet_pooling_stream.h:63->firmware/nnet_utils/nnet_pooling_stream.h:115]   --->   Operation 109 'load' 'void_compute_pool_buffer_2d_array_const_ap_shift_reg_n_filt_stream_kernel_33' <Predicate = (icmp_ln55 & and_ln55_2)> <Delay = 0.00>
ST_3 : Operation 110 [1/1] (0.00ns)   --->   "%p_ZZN4nnet22compute_pool_buffer_2dINS_5arrayI8ap_fixedILi18ELi8EL9ap_q_mode5EL9ap_662 = load i18 %p_ZZN4nnet22compute_pool_buffer_2dINS_5arrayI8ap_fixedILi18ELi8EL9ap_q_mode5EL9ap_212" [firmware/nnet_utils/nnet_pooling_stream.h:63->firmware/nnet_utils/nnet_pooling_stream.h:115]   --->   Operation 110 'load' 'p_ZZN4nnet22compute_pool_buffer_2dINS_5arrayI8ap_fixedILi18ELi8EL9ap_q_mode5EL9ap_662' <Predicate = (icmp_ln55 & and_ln55_2)> <Delay = 0.00>
ST_3 : Operation 111 [1/1] (0.00ns)   --->   "%p_ZZN4nnet22compute_pool_buffer_2dINS_5arrayI8ap_fixedILi18ELi8EL9ap_q_mode5EL9ap_663 = load i18 %p_ZZN4nnet22compute_pool_buffer_2dINS_5arrayI8ap_fixedILi18ELi8EL9ap_q_mode5EL9ap_224" [firmware/nnet_utils/nnet_pooling_stream.h:63->firmware/nnet_utils/nnet_pooling_stream.h:115]   --->   Operation 111 'load' 'p_ZZN4nnet22compute_pool_buffer_2dINS_5arrayI8ap_fixedILi18ELi8EL9ap_q_mode5EL9ap_663' <Predicate = (icmp_ln55 & and_ln55_2)> <Delay = 0.00>
ST_3 : Operation 112 [1/1] (0.00ns)   --->   "%p_ZZN4nnet22compute_pool_buffer_2dINS_5arrayI8ap_fixedILi18ELi8EL9ap_q_mode5EL9ap_664 = load i18 %p_ZZN4nnet22compute_pool_buffer_2dINS_5arrayI8ap_fixedILi18ELi8EL9ap_q_mode5EL9ap_236" [firmware/nnet_utils/nnet_pooling_stream.h:63->firmware/nnet_utils/nnet_pooling_stream.h:115]   --->   Operation 112 'load' 'p_ZZN4nnet22compute_pool_buffer_2dINS_5arrayI8ap_fixedILi18ELi8EL9ap_q_mode5EL9ap_664' <Predicate = (icmp_ln55 & and_ln55_2)> <Delay = 0.00>
ST_3 : Operation 113 [1/1] (2.13ns)   --->   "%icmp_ln66_170 = icmp_slt  i18 %void_compute_pool_buffer_2d_array_const_ap_shift_reg_n_filt_stream_kernel_33, i18 %p_ZZN4nnet22compute_pool_buffer_2dINS_5arrayI8ap_fixedILi18ELi8EL9ap_q_mode5EL9ap_662" [firmware/nnet_utils/nnet_common.h:66->firmware/nnet_utils/nnet_common.h:44->firmware/nnet_utils/nnet_common.h:46->firmware/nnet_utils/nnet_pooling_stream.h:21->firmware/nnet_utils/nnet_pooling_stream.h:68->firmware/nnet_utils/nnet_pooling_stream.h:115]   --->   Operation 113 'icmp' 'icmp_ln66_170' <Predicate = (icmp_ln55 & and_ln55_2)> <Delay = 2.13> <CoreInst = "Cmp">   --->   Core 9 'Cmp' <Latency = 0> <II = 1> <Delay = 2.13> <FuncUnit> <Opcode : 'seteq' 'setne' 'setle' 'setge' 'setlt' 'setgt'> <InPorts = 2> <OutPorts = 1>
ST_3 : Operation 114 [1/1] (0.00ns) (grouped into LUT with out node select_ln0_149)   --->   "%xor_ln66_170 = xor i1 %icmp_ln66_170, i1 1" [firmware/nnet_utils/nnet_common.h:66->firmware/nnet_utils/nnet_common.h:44->firmware/nnet_utils/nnet_common.h:46->firmware/nnet_utils/nnet_pooling_stream.h:21->firmware/nnet_utils/nnet_pooling_stream.h:68->firmware/nnet_utils/nnet_pooling_stream.h:115]   --->   Operation 114 'xor' 'xor_ln66_170' <Predicate = (icmp_ln55 & and_ln55_2)> <Delay = 0.00> <CoreInst = "LogicGate">   --->   Core 74 'LogicGate' <Latency = 0> <II = 1> <Delay = 0.97> <FuncUnit> <Opcode : 'and' 'or' 'xor'> <InPorts = 2> <OutPorts = 1>
ST_3 : Operation 115 [1/1] (0.97ns) (out node of the LUT)   --->   "%select_ln0_149 = select i1 %xor_ln66_170, i18 %void_compute_pool_buffer_2d_array_const_ap_shift_reg_n_filt_stream_kernel_33, i18 %p_ZZN4nnet22compute_pool_buffer_2dINS_5arrayI8ap_fixedILi18ELi8EL9ap_q_mode5EL9ap_662" [firmware/nnet_utils/nnet_common.h:0->firmware/nnet_utils/nnet_common.h:46->firmware/nnet_utils/nnet_pooling_stream.h:21->firmware/nnet_utils/nnet_pooling_stream.h:68->firmware/nnet_utils/nnet_pooling_stream.h:115]   --->   Operation 115 'select' 'select_ln0_149' <Predicate = (icmp_ln55 & and_ln55_2)> <Delay = 0.97> <CoreInst = "Sel">   --->   Core 73 'Sel' <Latency = 0> <II = 1> <Delay = 0.75> <FuncUnit> <Opcode : 'select'> <InPorts = 3> <OutPorts = 1>
ST_3 : Operation 116 [1/1] (2.13ns)   --->   "%icmp_ln66_171 = icmp_slt  i18 %p_ZZN4nnet22compute_pool_buffer_2dINS_5arrayI8ap_fixedILi18ELi8EL9ap_q_mode5EL9ap_663, i18 %p_ZZN4nnet22compute_pool_buffer_2dINS_5arrayI8ap_fixedILi18ELi8EL9ap_q_mode5EL9ap_664" [firmware/nnet_utils/nnet_common.h:66->firmware/nnet_utils/nnet_common.h:44->firmware/nnet_utils/nnet_common.h:46->firmware/nnet_utils/nnet_pooling_stream.h:21->firmware/nnet_utils/nnet_pooling_stream.h:68->firmware/nnet_utils/nnet_pooling_stream.h:115]   --->   Operation 116 'icmp' 'icmp_ln66_171' <Predicate = (icmp_ln55 & and_ln55_2)> <Delay = 2.13> <CoreInst = "Cmp">   --->   Core 9 'Cmp' <Latency = 0> <II = 1> <Delay = 2.13> <FuncUnit> <Opcode : 'seteq' 'setne' 'setle' 'setge' 'setlt' 'setgt'> <InPorts = 2> <OutPorts = 1>
ST_3 : Operation 117 [1/1] (0.00ns) (grouped into LUT with out node select_ln0_150)   --->   "%xor_ln66_171 = xor i1 %icmp_ln66_171, i1 1" [firmware/nnet_utils/nnet_common.h:66->firmware/nnet_utils/nnet_common.h:44->firmware/nnet_utils/nnet_common.h:46->firmware/nnet_utils/nnet_pooling_stream.h:21->firmware/nnet_utils/nnet_pooling_stream.h:68->firmware/nnet_utils/nnet_pooling_stream.h:115]   --->   Operation 117 'xor' 'xor_ln66_171' <Predicate = (icmp_ln55 & and_ln55_2)> <Delay = 0.00> <CoreInst = "LogicGate">   --->   Core 74 'LogicGate' <Latency = 0> <II = 1> <Delay = 0.97> <FuncUnit> <Opcode : 'and' 'or' 'xor'> <InPorts = 2> <OutPorts = 1>
ST_3 : Operation 118 [1/1] (0.97ns) (out node of the LUT)   --->   "%select_ln0_150 = select i1 %xor_ln66_171, i18 %p_ZZN4nnet22compute_pool_buffer_2dINS_5arrayI8ap_fixedILi18ELi8EL9ap_q_mode5EL9ap_663, i18 %p_ZZN4nnet22compute_pool_buffer_2dINS_5arrayI8ap_fixedILi18ELi8EL9ap_q_mode5EL9ap_664" [firmware/nnet_utils/nnet_common.h:0->firmware/nnet_utils/nnet_common.h:46->firmware/nnet_utils/nnet_pooling_stream.h:21->firmware/nnet_utils/nnet_pooling_stream.h:68->firmware/nnet_utils/nnet_pooling_stream.h:115]   --->   Operation 118 'select' 'select_ln0_150' <Predicate = (icmp_ln55 & and_ln55_2)> <Delay = 0.97> <CoreInst = "Sel">   --->   Core 73 'Sel' <Latency = 0> <II = 1> <Delay = 0.75> <FuncUnit> <Opcode : 'select'> <InPorts = 3> <OutPorts = 1>
ST_3 : Operation 119 [1/1] (2.13ns)   --->   "%icmp_ln66_172 = icmp_slt  i18 %select_ln0_149, i18 %select_ln0_150" [firmware/nnet_utils/nnet_common.h:66->firmware/nnet_utils/nnet_common.h:46->firmware/nnet_utils/nnet_pooling_stream.h:21->firmware/nnet_utils/nnet_pooling_stream.h:68->firmware/nnet_utils/nnet_pooling_stream.h:115]   --->   Operation 119 'icmp' 'icmp_ln66_172' <Predicate = (icmp_ln55 & and_ln55_2)> <Delay = 2.13> <CoreInst = "Cmp">   --->   Core 9 'Cmp' <Latency = 0> <II = 1> <Delay = 2.13> <FuncUnit> <Opcode : 'seteq' 'setne' 'setle' 'setge' 'setlt' 'setgt'> <InPorts = 2> <OutPorts = 1>
ST_3 : Operation 120 [1/1] (0.00ns) (grouped into LUT with out node res_pack_20)   --->   "%xor_ln66_172 = xor i1 %icmp_ln66_172, i1 1" [firmware/nnet_utils/nnet_common.h:66->firmware/nnet_utils/nnet_common.h:46->firmware/nnet_utils/nnet_pooling_stream.h:21->firmware/nnet_utils/nnet_pooling_stream.h:68->firmware/nnet_utils/nnet_pooling_stream.h:115]   --->   Operation 120 'xor' 'xor_ln66_172' <Predicate = (icmp_ln55 & and_ln55_2)> <Delay = 0.00> <CoreInst = "LogicGate">   --->   Core 74 'LogicGate' <Latency = 0> <II = 1> <Delay = 0.97> <FuncUnit> <Opcode : 'and' 'or' 'xor'> <InPorts = 2> <OutPorts = 1>
ST_3 : Operation 121 [1/1] (0.97ns) (out node of the LUT)   --->   "%res_pack_20 = select i1 %xor_ln66_172, i18 %select_ln0_149, i18 %select_ln0_150" [firmware/nnet_utils/nnet_pooling_stream.h:67->firmware/nnet_utils/nnet_pooling_stream.h:115]   --->   Operation 121 'select' 'res_pack_20' <Predicate = (icmp_ln55 & and_ln55_2)> <Delay = 0.97> <CoreInst = "Sel">   --->   Core 73 'Sel' <Latency = 0> <II = 1> <Delay = 0.75> <FuncUnit> <Opcode : 'select'> <InPorts = 3> <OutPorts = 1>
ST_3 : Operation 122 [1/1] (0.00ns)   --->   "%void_compute_pool_buffer_2d_array_const_ap_shift_reg_n_filt_stream_kernel_34 = load i18 %void_compute_pool_buffer_2d_array_const_ap_shift_reg_n_filt_stream_kernel_15" [firmware/nnet_utils/nnet_pooling_stream.h:63->firmware/nnet_utils/nnet_pooling_stream.h:115]   --->   Operation 122 'load' 'void_compute_pool_buffer_2d_array_const_ap_shift_reg_n_filt_stream_kernel_34' <Predicate = (icmp_ln55 & and_ln55_2)> <Delay = 0.00>
ST_3 : Operation 123 [1/1] (0.00ns)   --->   "%p_ZZN4nnet22compute_pool_buffer_2dINS_5arrayI8ap_fixedILi18ELi8EL9ap_q_mode5EL9ap_665 = load i18 %p_ZZN4nnet22compute_pool_buffer_2dINS_5arrayI8ap_fixedILi18ELi8EL9ap_q_mode5EL9ap_213" [firmware/nnet_utils/nnet_pooling_stream.h:63->firmware/nnet_utils/nnet_pooling_stream.h:115]   --->   Operation 123 'load' 'p_ZZN4nnet22compute_pool_buffer_2dINS_5arrayI8ap_fixedILi18ELi8EL9ap_q_mode5EL9ap_665' <Predicate = (icmp_ln55 & and_ln55_2)> <Delay = 0.00>
ST_3 : Operation 124 [1/1] (0.00ns)   --->   "%p_ZZN4nnet22compute_pool_buffer_2dINS_5arrayI8ap_fixedILi18ELi8EL9ap_q_mode5EL9ap_666 = load i18 %p_ZZN4nnet22compute_pool_buffer_2dINS_5arrayI8ap_fixedILi18ELi8EL9ap_q_mode5EL9ap_225" [firmware/nnet_utils/nnet_pooling_stream.h:63->firmware/nnet_utils/nnet_pooling_stream.h:115]   --->   Operation 124 'load' 'p_ZZN4nnet22compute_pool_buffer_2dINS_5arrayI8ap_fixedILi18ELi8EL9ap_q_mode5EL9ap_666' <Predicate = (icmp_ln55 & and_ln55_2)> <Delay = 0.00>
ST_3 : Operation 125 [1/1] (0.00ns)   --->   "%p_ZZN4nnet22compute_pool_buffer_2dINS_5arrayI8ap_fixedILi18ELi8EL9ap_q_mode5EL9ap_667 = load i18 %p_ZZN4nnet22compute_pool_buffer_2dINS_5arrayI8ap_fixedILi18ELi8EL9ap_q_mode5EL9ap_237" [firmware/nnet_utils/nnet_pooling_stream.h:63->firmware/nnet_utils/nnet_pooling_stream.h:115]   --->   Operation 125 'load' 'p_ZZN4nnet22compute_pool_buffer_2dINS_5arrayI8ap_fixedILi18ELi8EL9ap_q_mode5EL9ap_667' <Predicate = (icmp_ln55 & and_ln55_2)> <Delay = 0.00>
ST_3 : Operation 126 [1/1] (2.13ns)   --->   "%icmp_ln66_173 = icmp_slt  i18 %void_compute_pool_buffer_2d_array_const_ap_shift_reg_n_filt_stream_kernel_34, i18 %p_ZZN4nnet22compute_pool_buffer_2dINS_5arrayI8ap_fixedILi18ELi8EL9ap_q_mode5EL9ap_665" [firmware/nnet_utils/nnet_common.h:66->firmware/nnet_utils/nnet_common.h:44->firmware/nnet_utils/nnet_common.h:46->firmware/nnet_utils/nnet_pooling_stream.h:21->firmware/nnet_utils/nnet_pooling_stream.h:68->firmware/nnet_utils/nnet_pooling_stream.h:115]   --->   Operation 126 'icmp' 'icmp_ln66_173' <Predicate = (icmp_ln55 & and_ln55_2)> <Delay = 2.13> <CoreInst = "Cmp">   --->   Core 9 'Cmp' <Latency = 0> <II = 1> <Delay = 2.13> <FuncUnit> <Opcode : 'seteq' 'setne' 'setle' 'setge' 'setlt' 'setgt'> <InPorts = 2> <OutPorts = 1>
ST_3 : Operation 127 [1/1] (0.00ns) (grouped into LUT with out node select_ln0_151)   --->   "%xor_ln66_173 = xor i1 %icmp_ln66_173, i1 1" [firmware/nnet_utils/nnet_common.h:66->firmware/nnet_utils/nnet_common.h:44->firmware/nnet_utils/nnet_common.h:46->firmware/nnet_utils/nnet_pooling_stream.h:21->firmware/nnet_utils/nnet_pooling_stream.h:68->firmware/nnet_utils/nnet_pooling_stream.h:115]   --->   Operation 127 'xor' 'xor_ln66_173' <Predicate = (icmp_ln55 & and_ln55_2)> <Delay = 0.00> <CoreInst = "LogicGate">   --->   Core 74 'LogicGate' <Latency = 0> <II = 1> <Delay = 0.97> <FuncUnit> <Opcode : 'and' 'or' 'xor'> <InPorts = 2> <OutPorts = 1>
ST_3 : Operation 128 [1/1] (0.97ns) (out node of the LUT)   --->   "%select_ln0_151 = select i1 %xor_ln66_173, i18 %void_compute_pool_buffer_2d_array_const_ap_shift_reg_n_filt_stream_kernel_34, i18 %p_ZZN4nnet22compute_pool_buffer_2dINS_5arrayI8ap_fixedILi18ELi8EL9ap_q_mode5EL9ap_665" [firmware/nnet_utils/nnet_common.h:0->firmware/nnet_utils/nnet_common.h:46->firmware/nnet_utils/nnet_pooling_stream.h:21->firmware/nnet_utils/nnet_pooling_stream.h:68->firmware/nnet_utils/nnet_pooling_stream.h:115]   --->   Operation 128 'select' 'select_ln0_151' <Predicate = (icmp_ln55 & and_ln55_2)> <Delay = 0.97> <CoreInst = "Sel">   --->   Core 73 'Sel' <Latency = 0> <II = 1> <Delay = 0.75> <FuncUnit> <Opcode : 'select'> <InPorts = 3> <OutPorts = 1>
ST_3 : Operation 129 [1/1] (2.13ns)   --->   "%icmp_ln66_174 = icmp_slt  i18 %p_ZZN4nnet22compute_pool_buffer_2dINS_5arrayI8ap_fixedILi18ELi8EL9ap_q_mode5EL9ap_666, i18 %p_ZZN4nnet22compute_pool_buffer_2dINS_5arrayI8ap_fixedILi18ELi8EL9ap_q_mode5EL9ap_667" [firmware/nnet_utils/nnet_common.h:66->firmware/nnet_utils/nnet_common.h:44->firmware/nnet_utils/nnet_common.h:46->firmware/nnet_utils/nnet_pooling_stream.h:21->firmware/nnet_utils/nnet_pooling_stream.h:68->firmware/nnet_utils/nnet_pooling_stream.h:115]   --->   Operation 129 'icmp' 'icmp_ln66_174' <Predicate = (icmp_ln55 & and_ln55_2)> <Delay = 2.13> <CoreInst = "Cmp">   --->   Core 9 'Cmp' <Latency = 0> <II = 1> <Delay = 2.13> <FuncUnit> <Opcode : 'seteq' 'setne' 'setle' 'setge' 'setlt' 'setgt'> <InPorts = 2> <OutPorts = 1>
ST_3 : Operation 130 [1/1] (0.00ns) (grouped into LUT with out node select_ln0_152)   --->   "%xor_ln66_174 = xor i1 %icmp_ln66_174, i1 1" [firmware/nnet_utils/nnet_common.h:66->firmware/nnet_utils/nnet_common.h:44->firmware/nnet_utils/nnet_common.h:46->firmware/nnet_utils/nnet_pooling_stream.h:21->firmware/nnet_utils/nnet_pooling_stream.h:68->firmware/nnet_utils/nnet_pooling_stream.h:115]   --->   Operation 130 'xor' 'xor_ln66_174' <Predicate = (icmp_ln55 & and_ln55_2)> <Delay = 0.00> <CoreInst = "LogicGate">   --->   Core 74 'LogicGate' <Latency = 0> <II = 1> <Delay = 0.97> <FuncUnit> <Opcode : 'and' 'or' 'xor'> <InPorts = 2> <OutPorts = 1>
ST_3 : Operation 131 [1/1] (0.97ns) (out node of the LUT)   --->   "%select_ln0_152 = select i1 %xor_ln66_174, i18 %p_ZZN4nnet22compute_pool_buffer_2dINS_5arrayI8ap_fixedILi18ELi8EL9ap_q_mode5EL9ap_666, i18 %p_ZZN4nnet22compute_pool_buffer_2dINS_5arrayI8ap_fixedILi18ELi8EL9ap_q_mode5EL9ap_667" [firmware/nnet_utils/nnet_common.h:0->firmware/nnet_utils/nnet_common.h:46->firmware/nnet_utils/nnet_pooling_stream.h:21->firmware/nnet_utils/nnet_pooling_stream.h:68->firmware/nnet_utils/nnet_pooling_stream.h:115]   --->   Operation 131 'select' 'select_ln0_152' <Predicate = (icmp_ln55 & and_ln55_2)> <Delay = 0.97> <CoreInst = "Sel">   --->   Core 73 'Sel' <Latency = 0> <II = 1> <Delay = 0.75> <FuncUnit> <Opcode : 'select'> <InPorts = 3> <OutPorts = 1>
ST_3 : Operation 132 [1/1] (2.13ns)   --->   "%icmp_ln66_175 = icmp_slt  i18 %select_ln0_151, i18 %select_ln0_152" [firmware/nnet_utils/nnet_common.h:66->firmware/nnet_utils/nnet_common.h:46->firmware/nnet_utils/nnet_pooling_stream.h:21->firmware/nnet_utils/nnet_pooling_stream.h:68->firmware/nnet_utils/nnet_pooling_stream.h:115]   --->   Operation 132 'icmp' 'icmp_ln66_175' <Predicate = (icmp_ln55 & and_ln55_2)> <Delay = 2.13> <CoreInst = "Cmp">   --->   Core 9 'Cmp' <Latency = 0> <II = 1> <Delay = 2.13> <FuncUnit> <Opcode : 'seteq' 'setne' 'setle' 'setge' 'setlt' 'setgt'> <InPorts = 2> <OutPorts = 1>
ST_3 : Operation 133 [1/1] (0.00ns) (grouped into LUT with out node res_pack_21)   --->   "%xor_ln66_175 = xor i1 %icmp_ln66_175, i1 1" [firmware/nnet_utils/nnet_common.h:66->firmware/nnet_utils/nnet_common.h:46->firmware/nnet_utils/nnet_pooling_stream.h:21->firmware/nnet_utils/nnet_pooling_stream.h:68->firmware/nnet_utils/nnet_pooling_stream.h:115]   --->   Operation 133 'xor' 'xor_ln66_175' <Predicate = (icmp_ln55 & and_ln55_2)> <Delay = 0.00> <CoreInst = "LogicGate">   --->   Core 74 'LogicGate' <Latency = 0> <II = 1> <Delay = 0.97> <FuncUnit> <Opcode : 'and' 'or' 'xor'> <InPorts = 2> <OutPorts = 1>
ST_3 : Operation 134 [1/1] (0.97ns) (out node of the LUT)   --->   "%res_pack_21 = select i1 %xor_ln66_175, i18 %select_ln0_151, i18 %select_ln0_152" [firmware/nnet_utils/nnet_pooling_stream.h:67->firmware/nnet_utils/nnet_pooling_stream.h:115]   --->   Operation 134 'select' 'res_pack_21' <Predicate = (icmp_ln55 & and_ln55_2)> <Delay = 0.97> <CoreInst = "Sel">   --->   Core 73 'Sel' <Latency = 0> <II = 1> <Delay = 0.75> <FuncUnit> <Opcode : 'select'> <InPorts = 3> <OutPorts = 1>
ST_3 : Operation 135 [1/1] (0.00ns)   --->   "%void_compute_pool_buffer_2d_array_const_ap_shift_reg_n_filt_stream_kernel_35 = load i18 %void_compute_pool_buffer_2d_array_const_ap_shift_reg_n_filt_stream_kernel_14" [firmware/nnet_utils/nnet_pooling_stream.h:63->firmware/nnet_utils/nnet_pooling_stream.h:115]   --->   Operation 135 'load' 'void_compute_pool_buffer_2d_array_const_ap_shift_reg_n_filt_stream_kernel_35' <Predicate = (icmp_ln55 & and_ln55_2)> <Delay = 0.00>
ST_3 : Operation 136 [1/1] (0.00ns)   --->   "%p_ZZN4nnet22compute_pool_buffer_2dINS_5arrayI8ap_fixedILi18ELi8EL9ap_q_mode5EL9ap_668 = load i18 %p_ZZN4nnet22compute_pool_buffer_2dINS_5arrayI8ap_fixedILi18ELi8EL9ap_q_mode5EL9ap_214" [firmware/nnet_utils/nnet_pooling_stream.h:63->firmware/nnet_utils/nnet_pooling_stream.h:115]   --->   Operation 136 'load' 'p_ZZN4nnet22compute_pool_buffer_2dINS_5arrayI8ap_fixedILi18ELi8EL9ap_q_mode5EL9ap_668' <Predicate = (icmp_ln55 & and_ln55_2)> <Delay = 0.00>
ST_3 : Operation 137 [1/1] (0.00ns)   --->   "%p_ZZN4nnet22compute_pool_buffer_2dINS_5arrayI8ap_fixedILi18ELi8EL9ap_q_mode5EL9ap_669 = load i18 %p_ZZN4nnet22compute_pool_buffer_2dINS_5arrayI8ap_fixedILi18ELi8EL9ap_q_mode5EL9ap_226" [firmware/nnet_utils/nnet_pooling_stream.h:63->firmware/nnet_utils/nnet_pooling_stream.h:115]   --->   Operation 137 'load' 'p_ZZN4nnet22compute_pool_buffer_2dINS_5arrayI8ap_fixedILi18ELi8EL9ap_q_mode5EL9ap_669' <Predicate = (icmp_ln55 & and_ln55_2)> <Delay = 0.00>
ST_3 : Operation 138 [1/1] (0.00ns)   --->   "%p_ZZN4nnet22compute_pool_buffer_2dINS_5arrayI8ap_fixedILi18ELi8EL9ap_q_mode5EL9ap_670 = load i18 %p_ZZN4nnet22compute_pool_buffer_2dINS_5arrayI8ap_fixedILi18ELi8EL9ap_q_mode5EL9ap_238" [firmware/nnet_utils/nnet_pooling_stream.h:63->firmware/nnet_utils/nnet_pooling_stream.h:115]   --->   Operation 138 'load' 'p_ZZN4nnet22compute_pool_buffer_2dINS_5arrayI8ap_fixedILi18ELi8EL9ap_q_mode5EL9ap_670' <Predicate = (icmp_ln55 & and_ln55_2)> <Delay = 0.00>
ST_3 : Operation 139 [1/1] (2.13ns)   --->   "%icmp_ln66_176 = icmp_slt  i18 %void_compute_pool_buffer_2d_array_const_ap_shift_reg_n_filt_stream_kernel_35, i18 %p_ZZN4nnet22compute_pool_buffer_2dINS_5arrayI8ap_fixedILi18ELi8EL9ap_q_mode5EL9ap_668" [firmware/nnet_utils/nnet_common.h:66->firmware/nnet_utils/nnet_common.h:44->firmware/nnet_utils/nnet_common.h:46->firmware/nnet_utils/nnet_pooling_stream.h:21->firmware/nnet_utils/nnet_pooling_stream.h:68->firmware/nnet_utils/nnet_pooling_stream.h:115]   --->   Operation 139 'icmp' 'icmp_ln66_176' <Predicate = (icmp_ln55 & and_ln55_2)> <Delay = 2.13> <CoreInst = "Cmp">   --->   Core 9 'Cmp' <Latency = 0> <II = 1> <Delay = 2.13> <FuncUnit> <Opcode : 'seteq' 'setne' 'setle' 'setge' 'setlt' 'setgt'> <InPorts = 2> <OutPorts = 1>
ST_3 : Operation 140 [1/1] (0.00ns) (grouped into LUT with out node select_ln0_153)   --->   "%xor_ln66_176 = xor i1 %icmp_ln66_176, i1 1" [firmware/nnet_utils/nnet_common.h:66->firmware/nnet_utils/nnet_common.h:44->firmware/nnet_utils/nnet_common.h:46->firmware/nnet_utils/nnet_pooling_stream.h:21->firmware/nnet_utils/nnet_pooling_stream.h:68->firmware/nnet_utils/nnet_pooling_stream.h:115]   --->   Operation 140 'xor' 'xor_ln66_176' <Predicate = (icmp_ln55 & and_ln55_2)> <Delay = 0.00> <CoreInst = "LogicGate">   --->   Core 74 'LogicGate' <Latency = 0> <II = 1> <Delay = 0.97> <FuncUnit> <Opcode : 'and' 'or' 'xor'> <InPorts = 2> <OutPorts = 1>
ST_3 : Operation 141 [1/1] (0.97ns) (out node of the LUT)   --->   "%select_ln0_153 = select i1 %xor_ln66_176, i18 %void_compute_pool_buffer_2d_array_const_ap_shift_reg_n_filt_stream_kernel_35, i18 %p_ZZN4nnet22compute_pool_buffer_2dINS_5arrayI8ap_fixedILi18ELi8EL9ap_q_mode5EL9ap_668" [firmware/nnet_utils/nnet_common.h:0->firmware/nnet_utils/nnet_common.h:46->firmware/nnet_utils/nnet_pooling_stream.h:21->firmware/nnet_utils/nnet_pooling_stream.h:68->firmware/nnet_utils/nnet_pooling_stream.h:115]   --->   Operation 141 'select' 'select_ln0_153' <Predicate = (icmp_ln55 & and_ln55_2)> <Delay = 0.97> <CoreInst = "Sel">   --->   Core 73 'Sel' <Latency = 0> <II = 1> <Delay = 0.75> <FuncUnit> <Opcode : 'select'> <InPorts = 3> <OutPorts = 1>
ST_3 : Operation 142 [1/1] (2.13ns)   --->   "%icmp_ln66_177 = icmp_slt  i18 %p_ZZN4nnet22compute_pool_buffer_2dINS_5arrayI8ap_fixedILi18ELi8EL9ap_q_mode5EL9ap_669, i18 %p_ZZN4nnet22compute_pool_buffer_2dINS_5arrayI8ap_fixedILi18ELi8EL9ap_q_mode5EL9ap_670" [firmware/nnet_utils/nnet_common.h:66->firmware/nnet_utils/nnet_common.h:44->firmware/nnet_utils/nnet_common.h:46->firmware/nnet_utils/nnet_pooling_stream.h:21->firmware/nnet_utils/nnet_pooling_stream.h:68->firmware/nnet_utils/nnet_pooling_stream.h:115]   --->   Operation 142 'icmp' 'icmp_ln66_177' <Predicate = (icmp_ln55 & and_ln55_2)> <Delay = 2.13> <CoreInst = "Cmp">   --->   Core 9 'Cmp' <Latency = 0> <II = 1> <Delay = 2.13> <FuncUnit> <Opcode : 'seteq' 'setne' 'setle' 'setge' 'setlt' 'setgt'> <InPorts = 2> <OutPorts = 1>
ST_3 : Operation 143 [1/1] (0.00ns) (grouped into LUT with out node select_ln0_154)   --->   "%xor_ln66_177 = xor i1 %icmp_ln66_177, i1 1" [firmware/nnet_utils/nnet_common.h:66->firmware/nnet_utils/nnet_common.h:44->firmware/nnet_utils/nnet_common.h:46->firmware/nnet_utils/nnet_pooling_stream.h:21->firmware/nnet_utils/nnet_pooling_stream.h:68->firmware/nnet_utils/nnet_pooling_stream.h:115]   --->   Operation 143 'xor' 'xor_ln66_177' <Predicate = (icmp_ln55 & and_ln55_2)> <Delay = 0.00> <CoreInst = "LogicGate">   --->   Core 74 'LogicGate' <Latency = 0> <II = 1> <Delay = 0.97> <FuncUnit> <Opcode : 'and' 'or' 'xor'> <InPorts = 2> <OutPorts = 1>
ST_3 : Operation 144 [1/1] (0.97ns) (out node of the LUT)   --->   "%select_ln0_154 = select i1 %xor_ln66_177, i18 %p_ZZN4nnet22compute_pool_buffer_2dINS_5arrayI8ap_fixedILi18ELi8EL9ap_q_mode5EL9ap_669, i18 %p_ZZN4nnet22compute_pool_buffer_2dINS_5arrayI8ap_fixedILi18ELi8EL9ap_q_mode5EL9ap_670" [firmware/nnet_utils/nnet_common.h:0->firmware/nnet_utils/nnet_common.h:46->firmware/nnet_utils/nnet_pooling_stream.h:21->firmware/nnet_utils/nnet_pooling_stream.h:68->firmware/nnet_utils/nnet_pooling_stream.h:115]   --->   Operation 144 'select' 'select_ln0_154' <Predicate = (icmp_ln55 & and_ln55_2)> <Delay = 0.97> <CoreInst = "Sel">   --->   Core 73 'Sel' <Latency = 0> <II = 1> <Delay = 0.75> <FuncUnit> <Opcode : 'select'> <InPorts = 3> <OutPorts = 1>
ST_3 : Operation 145 [1/1] (2.13ns)   --->   "%icmp_ln66_178 = icmp_slt  i18 %select_ln0_153, i18 %select_ln0_154" [firmware/nnet_utils/nnet_common.h:66->firmware/nnet_utils/nnet_common.h:46->firmware/nnet_utils/nnet_pooling_stream.h:21->firmware/nnet_utils/nnet_pooling_stream.h:68->firmware/nnet_utils/nnet_pooling_stream.h:115]   --->   Operation 145 'icmp' 'icmp_ln66_178' <Predicate = (icmp_ln55 & and_ln55_2)> <Delay = 2.13> <CoreInst = "Cmp">   --->   Core 9 'Cmp' <Latency = 0> <II = 1> <Delay = 2.13> <FuncUnit> <Opcode : 'seteq' 'setne' 'setle' 'setge' 'setlt' 'setgt'> <InPorts = 2> <OutPorts = 1>
ST_3 : Operation 146 [1/1] (0.00ns) (grouped into LUT with out node res_pack_22)   --->   "%xor_ln66_178 = xor i1 %icmp_ln66_178, i1 1" [firmware/nnet_utils/nnet_common.h:66->firmware/nnet_utils/nnet_common.h:46->firmware/nnet_utils/nnet_pooling_stream.h:21->firmware/nnet_utils/nnet_pooling_stream.h:68->firmware/nnet_utils/nnet_pooling_stream.h:115]   --->   Operation 146 'xor' 'xor_ln66_178' <Predicate = (icmp_ln55 & and_ln55_2)> <Delay = 0.00> <CoreInst = "LogicGate">   --->   Core 74 'LogicGate' <Latency = 0> <II = 1> <Delay = 0.97> <FuncUnit> <Opcode : 'and' 'or' 'xor'> <InPorts = 2> <OutPorts = 1>
ST_3 : Operation 147 [1/1] (0.97ns) (out node of the LUT)   --->   "%res_pack_22 = select i1 %xor_ln66_178, i18 %select_ln0_153, i18 %select_ln0_154" [firmware/nnet_utils/nnet_pooling_stream.h:67->firmware/nnet_utils/nnet_pooling_stream.h:115]   --->   Operation 147 'select' 'res_pack_22' <Predicate = (icmp_ln55 & and_ln55_2)> <Delay = 0.97> <CoreInst = "Sel">   --->   Core 73 'Sel' <Latency = 0> <II = 1> <Delay = 0.75> <FuncUnit> <Opcode : 'select'> <InPorts = 3> <OutPorts = 1>
ST_3 : Operation 148 [1/1] (0.00ns)   --->   "%void_compute_pool_buffer_2d_array_const_ap_shift_reg_n_filt_stream_kernel_36 = load i18 %void_compute_pool_buffer_2d_array_const_ap_shift_reg_n_filt_stream_kernel_13" [firmware/nnet_utils/nnet_pooling_stream.h:63->firmware/nnet_utils/nnet_pooling_stream.h:115]   --->   Operation 148 'load' 'void_compute_pool_buffer_2d_array_const_ap_shift_reg_n_filt_stream_kernel_36' <Predicate = (icmp_ln55 & and_ln55_2)> <Delay = 0.00>
ST_3 : Operation 149 [1/1] (0.00ns)   --->   "%p_ZZN4nnet22compute_pool_buffer_2dINS_5arrayI8ap_fixedILi18ELi8EL9ap_q_mode5EL9ap_671 = load i18 %p_ZZN4nnet22compute_pool_buffer_2dINS_5arrayI8ap_fixedILi18ELi8EL9ap_q_mode5EL9ap_215" [firmware/nnet_utils/nnet_pooling_stream.h:63->firmware/nnet_utils/nnet_pooling_stream.h:115]   --->   Operation 149 'load' 'p_ZZN4nnet22compute_pool_buffer_2dINS_5arrayI8ap_fixedILi18ELi8EL9ap_q_mode5EL9ap_671' <Predicate = (icmp_ln55 & and_ln55_2)> <Delay = 0.00>
ST_3 : Operation 150 [1/1] (0.00ns)   --->   "%p_ZZN4nnet22compute_pool_buffer_2dINS_5arrayI8ap_fixedILi18ELi8EL9ap_q_mode5EL9ap_672 = load i18 %p_ZZN4nnet22compute_pool_buffer_2dINS_5arrayI8ap_fixedILi18ELi8EL9ap_q_mode5EL9ap_227" [firmware/nnet_utils/nnet_pooling_stream.h:63->firmware/nnet_utils/nnet_pooling_stream.h:115]   --->   Operation 150 'load' 'p_ZZN4nnet22compute_pool_buffer_2dINS_5arrayI8ap_fixedILi18ELi8EL9ap_q_mode5EL9ap_672' <Predicate = (icmp_ln55 & and_ln55_2)> <Delay = 0.00>
ST_3 : Operation 151 [1/1] (0.00ns)   --->   "%p_ZZN4nnet22compute_pool_buffer_2dINS_5arrayI8ap_fixedILi18ELi8EL9ap_q_mode5EL9ap_673 = load i18 %p_ZZN4nnet22compute_pool_buffer_2dINS_5arrayI8ap_fixedILi18ELi8EL9ap_q_mode5EL9ap_239" [firmware/nnet_utils/nnet_pooling_stream.h:63->firmware/nnet_utils/nnet_pooling_stream.h:115]   --->   Operation 151 'load' 'p_ZZN4nnet22compute_pool_buffer_2dINS_5arrayI8ap_fixedILi18ELi8EL9ap_q_mode5EL9ap_673' <Predicate = (icmp_ln55 & and_ln55_2)> <Delay = 0.00>
ST_3 : Operation 152 [1/1] (2.13ns)   --->   "%icmp_ln66_179 = icmp_slt  i18 %void_compute_pool_buffer_2d_array_const_ap_shift_reg_n_filt_stream_kernel_36, i18 %p_ZZN4nnet22compute_pool_buffer_2dINS_5arrayI8ap_fixedILi18ELi8EL9ap_q_mode5EL9ap_671" [firmware/nnet_utils/nnet_common.h:66->firmware/nnet_utils/nnet_common.h:44->firmware/nnet_utils/nnet_common.h:46->firmware/nnet_utils/nnet_pooling_stream.h:21->firmware/nnet_utils/nnet_pooling_stream.h:68->firmware/nnet_utils/nnet_pooling_stream.h:115]   --->   Operation 152 'icmp' 'icmp_ln66_179' <Predicate = (icmp_ln55 & and_ln55_2)> <Delay = 2.13> <CoreInst = "Cmp">   --->   Core 9 'Cmp' <Latency = 0> <II = 1> <Delay = 2.13> <FuncUnit> <Opcode : 'seteq' 'setne' 'setle' 'setge' 'setlt' 'setgt'> <InPorts = 2> <OutPorts = 1>
ST_3 : Operation 153 [1/1] (0.00ns) (grouped into LUT with out node select_ln0_155)   --->   "%xor_ln66_179 = xor i1 %icmp_ln66_179, i1 1" [firmware/nnet_utils/nnet_common.h:66->firmware/nnet_utils/nnet_common.h:44->firmware/nnet_utils/nnet_common.h:46->firmware/nnet_utils/nnet_pooling_stream.h:21->firmware/nnet_utils/nnet_pooling_stream.h:68->firmware/nnet_utils/nnet_pooling_stream.h:115]   --->   Operation 153 'xor' 'xor_ln66_179' <Predicate = (icmp_ln55 & and_ln55_2)> <Delay = 0.00> <CoreInst = "LogicGate">   --->   Core 74 'LogicGate' <Latency = 0> <II = 1> <Delay = 0.97> <FuncUnit> <Opcode : 'and' 'or' 'xor'> <InPorts = 2> <OutPorts = 1>
ST_3 : Operation 154 [1/1] (0.97ns) (out node of the LUT)   --->   "%select_ln0_155 = select i1 %xor_ln66_179, i18 %void_compute_pool_buffer_2d_array_const_ap_shift_reg_n_filt_stream_kernel_36, i18 %p_ZZN4nnet22compute_pool_buffer_2dINS_5arrayI8ap_fixedILi18ELi8EL9ap_q_mode5EL9ap_671" [firmware/nnet_utils/nnet_common.h:0->firmware/nnet_utils/nnet_common.h:46->firmware/nnet_utils/nnet_pooling_stream.h:21->firmware/nnet_utils/nnet_pooling_stream.h:68->firmware/nnet_utils/nnet_pooling_stream.h:115]   --->   Operation 154 'select' 'select_ln0_155' <Predicate = (icmp_ln55 & and_ln55_2)> <Delay = 0.97> <CoreInst = "Sel">   --->   Core 73 'Sel' <Latency = 0> <II = 1> <Delay = 0.75> <FuncUnit> <Opcode : 'select'> <InPorts = 3> <OutPorts = 1>
ST_3 : Operation 155 [1/1] (2.13ns)   --->   "%icmp_ln66_180 = icmp_slt  i18 %p_ZZN4nnet22compute_pool_buffer_2dINS_5arrayI8ap_fixedILi18ELi8EL9ap_q_mode5EL9ap_672, i18 %p_ZZN4nnet22compute_pool_buffer_2dINS_5arrayI8ap_fixedILi18ELi8EL9ap_q_mode5EL9ap_673" [firmware/nnet_utils/nnet_common.h:66->firmware/nnet_utils/nnet_common.h:44->firmware/nnet_utils/nnet_common.h:46->firmware/nnet_utils/nnet_pooling_stream.h:21->firmware/nnet_utils/nnet_pooling_stream.h:68->firmware/nnet_utils/nnet_pooling_stream.h:115]   --->   Operation 155 'icmp' 'icmp_ln66_180' <Predicate = (icmp_ln55 & and_ln55_2)> <Delay = 2.13> <CoreInst = "Cmp">   --->   Core 9 'Cmp' <Latency = 0> <II = 1> <Delay = 2.13> <FuncUnit> <Opcode : 'seteq' 'setne' 'setle' 'setge' 'setlt' 'setgt'> <InPorts = 2> <OutPorts = 1>
ST_3 : Operation 156 [1/1] (0.00ns) (grouped into LUT with out node select_ln0_156)   --->   "%xor_ln66_180 = xor i1 %icmp_ln66_180, i1 1" [firmware/nnet_utils/nnet_common.h:66->firmware/nnet_utils/nnet_common.h:44->firmware/nnet_utils/nnet_common.h:46->firmware/nnet_utils/nnet_pooling_stream.h:21->firmware/nnet_utils/nnet_pooling_stream.h:68->firmware/nnet_utils/nnet_pooling_stream.h:115]   --->   Operation 156 'xor' 'xor_ln66_180' <Predicate = (icmp_ln55 & and_ln55_2)> <Delay = 0.00> <CoreInst = "LogicGate">   --->   Core 74 'LogicGate' <Latency = 0> <II = 1> <Delay = 0.97> <FuncUnit> <Opcode : 'and' 'or' 'xor'> <InPorts = 2> <OutPorts = 1>
ST_3 : Operation 157 [1/1] (0.97ns) (out node of the LUT)   --->   "%select_ln0_156 = select i1 %xor_ln66_180, i18 %p_ZZN4nnet22compute_pool_buffer_2dINS_5arrayI8ap_fixedILi18ELi8EL9ap_q_mode5EL9ap_672, i18 %p_ZZN4nnet22compute_pool_buffer_2dINS_5arrayI8ap_fixedILi18ELi8EL9ap_q_mode5EL9ap_673" [firmware/nnet_utils/nnet_common.h:0->firmware/nnet_utils/nnet_common.h:46->firmware/nnet_utils/nnet_pooling_stream.h:21->firmware/nnet_utils/nnet_pooling_stream.h:68->firmware/nnet_utils/nnet_pooling_stream.h:115]   --->   Operation 157 'select' 'select_ln0_156' <Predicate = (icmp_ln55 & and_ln55_2)> <Delay = 0.97> <CoreInst = "Sel">   --->   Core 73 'Sel' <Latency = 0> <II = 1> <Delay = 0.75> <FuncUnit> <Opcode : 'select'> <InPorts = 3> <OutPorts = 1>
ST_3 : Operation 158 [1/1] (2.13ns)   --->   "%icmp_ln66_181 = icmp_slt  i18 %select_ln0_155, i18 %select_ln0_156" [firmware/nnet_utils/nnet_common.h:66->firmware/nnet_utils/nnet_common.h:46->firmware/nnet_utils/nnet_pooling_stream.h:21->firmware/nnet_utils/nnet_pooling_stream.h:68->firmware/nnet_utils/nnet_pooling_stream.h:115]   --->   Operation 158 'icmp' 'icmp_ln66_181' <Predicate = (icmp_ln55 & and_ln55_2)> <Delay = 2.13> <CoreInst = "Cmp">   --->   Core 9 'Cmp' <Latency = 0> <II = 1> <Delay = 2.13> <FuncUnit> <Opcode : 'seteq' 'setne' 'setle' 'setge' 'setlt' 'setgt'> <InPorts = 2> <OutPorts = 1>
ST_3 : Operation 159 [1/1] (0.00ns) (grouped into LUT with out node res_pack_23)   --->   "%xor_ln66_181 = xor i1 %icmp_ln66_181, i1 1" [firmware/nnet_utils/nnet_common.h:66->firmware/nnet_utils/nnet_common.h:46->firmware/nnet_utils/nnet_pooling_stream.h:21->firmware/nnet_utils/nnet_pooling_stream.h:68->firmware/nnet_utils/nnet_pooling_stream.h:115]   --->   Operation 159 'xor' 'xor_ln66_181' <Predicate = (icmp_ln55 & and_ln55_2)> <Delay = 0.00> <CoreInst = "LogicGate">   --->   Core 74 'LogicGate' <Latency = 0> <II = 1> <Delay = 0.97> <FuncUnit> <Opcode : 'and' 'or' 'xor'> <InPorts = 2> <OutPorts = 1>
ST_3 : Operation 160 [1/1] (0.97ns) (out node of the LUT)   --->   "%res_pack_23 = select i1 %xor_ln66_181, i18 %select_ln0_155, i18 %select_ln0_156" [firmware/nnet_utils/nnet_pooling_stream.h:67->firmware/nnet_utils/nnet_pooling_stream.h:115]   --->   Operation 160 'select' 'res_pack_23' <Predicate = (icmp_ln55 & and_ln55_2)> <Delay = 0.97> <CoreInst = "Sel">   --->   Core 73 'Sel' <Latency = 0> <II = 1> <Delay = 0.75> <FuncUnit> <Opcode : 'select'> <InPorts = 3> <OutPorts = 1>
ST_3 : Operation 161 [1/1] (0.00ns)   --->   "%void_compute_pool_buffer_2d_array_const_ap_shift_reg_n_filt_stream_kernel_37 = load i18 %void_compute_pool_buffer_2d_array_const_ap_shift_reg_n_filt_stream_kernel_12" [firmware/nnet_utils/nnet_pooling_stream.h:63->firmware/nnet_utils/nnet_pooling_stream.h:115]   --->   Operation 161 'load' 'void_compute_pool_buffer_2d_array_const_ap_shift_reg_n_filt_stream_kernel_37' <Predicate = (icmp_ln55 & and_ln55_2)> <Delay = 0.00>
ST_3 : Operation 162 [1/1] (0.00ns)   --->   "%p_ZZN4nnet22compute_pool_buffer_2dINS_5arrayI8ap_fixedILi18ELi8EL9ap_q_mode5EL9ap_674 = load i18 %p_ZZN4nnet22compute_pool_buffer_2dINS_5arrayI8ap_fixedILi18ELi8EL9ap_q_mode5EL9ap_216" [firmware/nnet_utils/nnet_pooling_stream.h:63->firmware/nnet_utils/nnet_pooling_stream.h:115]   --->   Operation 162 'load' 'p_ZZN4nnet22compute_pool_buffer_2dINS_5arrayI8ap_fixedILi18ELi8EL9ap_q_mode5EL9ap_674' <Predicate = (icmp_ln55 & and_ln55_2)> <Delay = 0.00>
ST_3 : Operation 163 [1/1] (0.00ns)   --->   "%p_ZZN4nnet22compute_pool_buffer_2dINS_5arrayI8ap_fixedILi18ELi8EL9ap_q_mode5EL9ap_675 = load i18 %p_ZZN4nnet22compute_pool_buffer_2dINS_5arrayI8ap_fixedILi18ELi8EL9ap_q_mode5EL9ap_228" [firmware/nnet_utils/nnet_pooling_stream.h:63->firmware/nnet_utils/nnet_pooling_stream.h:115]   --->   Operation 163 'load' 'p_ZZN4nnet22compute_pool_buffer_2dINS_5arrayI8ap_fixedILi18ELi8EL9ap_q_mode5EL9ap_675' <Predicate = (icmp_ln55 & and_ln55_2)> <Delay = 0.00>
ST_3 : Operation 164 [1/1] (0.00ns)   --->   "%p_ZZN4nnet22compute_pool_buffer_2dINS_5arrayI8ap_fixedILi18ELi8EL9ap_q_mode5EL9ap_676 = load i18 %p_ZZN4nnet22compute_pool_buffer_2dINS_5arrayI8ap_fixedILi18ELi8EL9ap_q_mode5EL9ap_240" [firmware/nnet_utils/nnet_pooling_stream.h:63->firmware/nnet_utils/nnet_pooling_stream.h:115]   --->   Operation 164 'load' 'p_ZZN4nnet22compute_pool_buffer_2dINS_5arrayI8ap_fixedILi18ELi8EL9ap_q_mode5EL9ap_676' <Predicate = (icmp_ln55 & and_ln55_2)> <Delay = 0.00>
ST_3 : Operation 165 [1/1] (2.13ns)   --->   "%icmp_ln66_182 = icmp_slt  i18 %void_compute_pool_buffer_2d_array_const_ap_shift_reg_n_filt_stream_kernel_37, i18 %p_ZZN4nnet22compute_pool_buffer_2dINS_5arrayI8ap_fixedILi18ELi8EL9ap_q_mode5EL9ap_674" [firmware/nnet_utils/nnet_common.h:66->firmware/nnet_utils/nnet_common.h:44->firmware/nnet_utils/nnet_common.h:46->firmware/nnet_utils/nnet_pooling_stream.h:21->firmware/nnet_utils/nnet_pooling_stream.h:68->firmware/nnet_utils/nnet_pooling_stream.h:115]   --->   Operation 165 'icmp' 'icmp_ln66_182' <Predicate = (icmp_ln55 & and_ln55_2)> <Delay = 2.13> <CoreInst = "Cmp">   --->   Core 9 'Cmp' <Latency = 0> <II = 1> <Delay = 2.13> <FuncUnit> <Opcode : 'seteq' 'setne' 'setle' 'setge' 'setlt' 'setgt'> <InPorts = 2> <OutPorts = 1>
ST_3 : Operation 166 [1/1] (0.00ns) (grouped into LUT with out node select_ln0_157)   --->   "%xor_ln66_182 = xor i1 %icmp_ln66_182, i1 1" [firmware/nnet_utils/nnet_common.h:66->firmware/nnet_utils/nnet_common.h:44->firmware/nnet_utils/nnet_common.h:46->firmware/nnet_utils/nnet_pooling_stream.h:21->firmware/nnet_utils/nnet_pooling_stream.h:68->firmware/nnet_utils/nnet_pooling_stream.h:115]   --->   Operation 166 'xor' 'xor_ln66_182' <Predicate = (icmp_ln55 & and_ln55_2)> <Delay = 0.00> <CoreInst = "LogicGate">   --->   Core 74 'LogicGate' <Latency = 0> <II = 1> <Delay = 0.97> <FuncUnit> <Opcode : 'and' 'or' 'xor'> <InPorts = 2> <OutPorts = 1>
ST_3 : Operation 167 [1/1] (0.97ns) (out node of the LUT)   --->   "%select_ln0_157 = select i1 %xor_ln66_182, i18 %void_compute_pool_buffer_2d_array_const_ap_shift_reg_n_filt_stream_kernel_37, i18 %p_ZZN4nnet22compute_pool_buffer_2dINS_5arrayI8ap_fixedILi18ELi8EL9ap_q_mode5EL9ap_674" [firmware/nnet_utils/nnet_common.h:0->firmware/nnet_utils/nnet_common.h:46->firmware/nnet_utils/nnet_pooling_stream.h:21->firmware/nnet_utils/nnet_pooling_stream.h:68->firmware/nnet_utils/nnet_pooling_stream.h:115]   --->   Operation 167 'select' 'select_ln0_157' <Predicate = (icmp_ln55 & and_ln55_2)> <Delay = 0.97> <CoreInst = "Sel">   --->   Core 73 'Sel' <Latency = 0> <II = 1> <Delay = 0.75> <FuncUnit> <Opcode : 'select'> <InPorts = 3> <OutPorts = 1>
ST_3 : Operation 168 [1/1] (2.13ns)   --->   "%icmp_ln66_183 = icmp_slt  i18 %p_ZZN4nnet22compute_pool_buffer_2dINS_5arrayI8ap_fixedILi18ELi8EL9ap_q_mode5EL9ap_675, i18 %p_ZZN4nnet22compute_pool_buffer_2dINS_5arrayI8ap_fixedILi18ELi8EL9ap_q_mode5EL9ap_676" [firmware/nnet_utils/nnet_common.h:66->firmware/nnet_utils/nnet_common.h:44->firmware/nnet_utils/nnet_common.h:46->firmware/nnet_utils/nnet_pooling_stream.h:21->firmware/nnet_utils/nnet_pooling_stream.h:68->firmware/nnet_utils/nnet_pooling_stream.h:115]   --->   Operation 168 'icmp' 'icmp_ln66_183' <Predicate = (icmp_ln55 & and_ln55_2)> <Delay = 2.13> <CoreInst = "Cmp">   --->   Core 9 'Cmp' <Latency = 0> <II = 1> <Delay = 2.13> <FuncUnit> <Opcode : 'seteq' 'setne' 'setle' 'setge' 'setlt' 'setgt'> <InPorts = 2> <OutPorts = 1>
ST_3 : Operation 169 [1/1] (0.00ns) (grouped into LUT with out node select_ln0_158)   --->   "%xor_ln66_183 = xor i1 %icmp_ln66_183, i1 1" [firmware/nnet_utils/nnet_common.h:66->firmware/nnet_utils/nnet_common.h:44->firmware/nnet_utils/nnet_common.h:46->firmware/nnet_utils/nnet_pooling_stream.h:21->firmware/nnet_utils/nnet_pooling_stream.h:68->firmware/nnet_utils/nnet_pooling_stream.h:115]   --->   Operation 169 'xor' 'xor_ln66_183' <Predicate = (icmp_ln55 & and_ln55_2)> <Delay = 0.00> <CoreInst = "LogicGate">   --->   Core 74 'LogicGate' <Latency = 0> <II = 1> <Delay = 0.97> <FuncUnit> <Opcode : 'and' 'or' 'xor'> <InPorts = 2> <OutPorts = 1>
ST_3 : Operation 170 [1/1] (0.97ns) (out node of the LUT)   --->   "%select_ln0_158 = select i1 %xor_ln66_183, i18 %p_ZZN4nnet22compute_pool_buffer_2dINS_5arrayI8ap_fixedILi18ELi8EL9ap_q_mode5EL9ap_675, i18 %p_ZZN4nnet22compute_pool_buffer_2dINS_5arrayI8ap_fixedILi18ELi8EL9ap_q_mode5EL9ap_676" [firmware/nnet_utils/nnet_common.h:0->firmware/nnet_utils/nnet_common.h:46->firmware/nnet_utils/nnet_pooling_stream.h:21->firmware/nnet_utils/nnet_pooling_stream.h:68->firmware/nnet_utils/nnet_pooling_stream.h:115]   --->   Operation 170 'select' 'select_ln0_158' <Predicate = (icmp_ln55 & and_ln55_2)> <Delay = 0.97> <CoreInst = "Sel">   --->   Core 73 'Sel' <Latency = 0> <II = 1> <Delay = 0.75> <FuncUnit> <Opcode : 'select'> <InPorts = 3> <OutPorts = 1>
ST_3 : Operation 171 [1/1] (2.13ns)   --->   "%icmp_ln66_184 = icmp_slt  i18 %select_ln0_157, i18 %select_ln0_158" [firmware/nnet_utils/nnet_common.h:66->firmware/nnet_utils/nnet_common.h:46->firmware/nnet_utils/nnet_pooling_stream.h:21->firmware/nnet_utils/nnet_pooling_stream.h:68->firmware/nnet_utils/nnet_pooling_stream.h:115]   --->   Operation 171 'icmp' 'icmp_ln66_184' <Predicate = (icmp_ln55 & and_ln55_2)> <Delay = 2.13> <CoreInst = "Cmp">   --->   Core 9 'Cmp' <Latency = 0> <II = 1> <Delay = 2.13> <FuncUnit> <Opcode : 'seteq' 'setne' 'setle' 'setge' 'setlt' 'setgt'> <InPorts = 2> <OutPorts = 1>
ST_3 : Operation 172 [1/1] (0.00ns) (grouped into LUT with out node res_pack_24)   --->   "%xor_ln66_184 = xor i1 %icmp_ln66_184, i1 1" [firmware/nnet_utils/nnet_common.h:66->firmware/nnet_utils/nnet_common.h:46->firmware/nnet_utils/nnet_pooling_stream.h:21->firmware/nnet_utils/nnet_pooling_stream.h:68->firmware/nnet_utils/nnet_pooling_stream.h:115]   --->   Operation 172 'xor' 'xor_ln66_184' <Predicate = (icmp_ln55 & and_ln55_2)> <Delay = 0.00> <CoreInst = "LogicGate">   --->   Core 74 'LogicGate' <Latency = 0> <II = 1> <Delay = 0.97> <FuncUnit> <Opcode : 'and' 'or' 'xor'> <InPorts = 2> <OutPorts = 1>
ST_3 : Operation 173 [1/1] (0.97ns) (out node of the LUT)   --->   "%res_pack_24 = select i1 %xor_ln66_184, i18 %select_ln0_157, i18 %select_ln0_158" [firmware/nnet_utils/nnet_pooling_stream.h:67->firmware/nnet_utils/nnet_pooling_stream.h:115]   --->   Operation 173 'select' 'res_pack_24' <Predicate = (icmp_ln55 & and_ln55_2)> <Delay = 0.97> <CoreInst = "Sel">   --->   Core 73 'Sel' <Latency = 0> <II = 1> <Delay = 0.75> <FuncUnit> <Opcode : 'select'> <InPorts = 3> <OutPorts = 1>
ST_3 : Operation 174 [1/1] (0.00ns)   --->   "%void_compute_pool_buffer_2d_array_const_ap_shift_reg_n_filt_stream_kernel_38 = load i18 %void_compute_pool_buffer_2d_array_const_ap_shift_reg_n_filt_stream_kernel_11" [firmware/nnet_utils/nnet_pooling_stream.h:63->firmware/nnet_utils/nnet_pooling_stream.h:115]   --->   Operation 174 'load' 'void_compute_pool_buffer_2d_array_const_ap_shift_reg_n_filt_stream_kernel_38' <Predicate = (icmp_ln55 & and_ln55_2)> <Delay = 0.00>
ST_3 : Operation 175 [1/1] (0.00ns)   --->   "%p_ZZN4nnet22compute_pool_buffer_2dINS_5arrayI8ap_fixedILi18ELi8EL9ap_q_mode5EL9ap_677 = load i18 %p_ZZN4nnet22compute_pool_buffer_2dINS_5arrayI8ap_fixedILi18ELi8EL9ap_q_mode5EL9ap_217" [firmware/nnet_utils/nnet_pooling_stream.h:63->firmware/nnet_utils/nnet_pooling_stream.h:115]   --->   Operation 175 'load' 'p_ZZN4nnet22compute_pool_buffer_2dINS_5arrayI8ap_fixedILi18ELi8EL9ap_q_mode5EL9ap_677' <Predicate = (icmp_ln55 & and_ln55_2)> <Delay = 0.00>
ST_3 : Operation 176 [1/1] (0.00ns)   --->   "%p_ZZN4nnet22compute_pool_buffer_2dINS_5arrayI8ap_fixedILi18ELi8EL9ap_q_mode5EL9ap_678 = load i18 %p_ZZN4nnet22compute_pool_buffer_2dINS_5arrayI8ap_fixedILi18ELi8EL9ap_q_mode5EL9ap_229" [firmware/nnet_utils/nnet_pooling_stream.h:63->firmware/nnet_utils/nnet_pooling_stream.h:115]   --->   Operation 176 'load' 'p_ZZN4nnet22compute_pool_buffer_2dINS_5arrayI8ap_fixedILi18ELi8EL9ap_q_mode5EL9ap_678' <Predicate = (icmp_ln55 & and_ln55_2)> <Delay = 0.00>
ST_3 : Operation 177 [1/1] (0.00ns)   --->   "%p_ZZN4nnet22compute_pool_buffer_2dINS_5arrayI8ap_fixedILi18ELi8EL9ap_q_mode5EL9ap_679 = load i18 %p_ZZN4nnet22compute_pool_buffer_2dINS_5arrayI8ap_fixedILi18ELi8EL9ap_q_mode5EL9ap_241" [firmware/nnet_utils/nnet_pooling_stream.h:63->firmware/nnet_utils/nnet_pooling_stream.h:115]   --->   Operation 177 'load' 'p_ZZN4nnet22compute_pool_buffer_2dINS_5arrayI8ap_fixedILi18ELi8EL9ap_q_mode5EL9ap_679' <Predicate = (icmp_ln55 & and_ln55_2)> <Delay = 0.00>
ST_3 : Operation 178 [1/1] (2.13ns)   --->   "%icmp_ln66_185 = icmp_slt  i18 %void_compute_pool_buffer_2d_array_const_ap_shift_reg_n_filt_stream_kernel_38, i18 %p_ZZN4nnet22compute_pool_buffer_2dINS_5arrayI8ap_fixedILi18ELi8EL9ap_q_mode5EL9ap_677" [firmware/nnet_utils/nnet_common.h:66->firmware/nnet_utils/nnet_common.h:44->firmware/nnet_utils/nnet_common.h:46->firmware/nnet_utils/nnet_pooling_stream.h:21->firmware/nnet_utils/nnet_pooling_stream.h:68->firmware/nnet_utils/nnet_pooling_stream.h:115]   --->   Operation 178 'icmp' 'icmp_ln66_185' <Predicate = (icmp_ln55 & and_ln55_2)> <Delay = 2.13> <CoreInst = "Cmp">   --->   Core 9 'Cmp' <Latency = 0> <II = 1> <Delay = 2.13> <FuncUnit> <Opcode : 'seteq' 'setne' 'setle' 'setge' 'setlt' 'setgt'> <InPorts = 2> <OutPorts = 1>
ST_3 : Operation 179 [1/1] (0.00ns) (grouped into LUT with out node select_ln0_159)   --->   "%xor_ln66_185 = xor i1 %icmp_ln66_185, i1 1" [firmware/nnet_utils/nnet_common.h:66->firmware/nnet_utils/nnet_common.h:44->firmware/nnet_utils/nnet_common.h:46->firmware/nnet_utils/nnet_pooling_stream.h:21->firmware/nnet_utils/nnet_pooling_stream.h:68->firmware/nnet_utils/nnet_pooling_stream.h:115]   --->   Operation 179 'xor' 'xor_ln66_185' <Predicate = (icmp_ln55 & and_ln55_2)> <Delay = 0.00> <CoreInst = "LogicGate">   --->   Core 74 'LogicGate' <Latency = 0> <II = 1> <Delay = 0.97> <FuncUnit> <Opcode : 'and' 'or' 'xor'> <InPorts = 2> <OutPorts = 1>
ST_3 : Operation 180 [1/1] (0.97ns) (out node of the LUT)   --->   "%select_ln0_159 = select i1 %xor_ln66_185, i18 %void_compute_pool_buffer_2d_array_const_ap_shift_reg_n_filt_stream_kernel_38, i18 %p_ZZN4nnet22compute_pool_buffer_2dINS_5arrayI8ap_fixedILi18ELi8EL9ap_q_mode5EL9ap_677" [firmware/nnet_utils/nnet_common.h:0->firmware/nnet_utils/nnet_common.h:46->firmware/nnet_utils/nnet_pooling_stream.h:21->firmware/nnet_utils/nnet_pooling_stream.h:68->firmware/nnet_utils/nnet_pooling_stream.h:115]   --->   Operation 180 'select' 'select_ln0_159' <Predicate = (icmp_ln55 & and_ln55_2)> <Delay = 0.97> <CoreInst = "Sel">   --->   Core 73 'Sel' <Latency = 0> <II = 1> <Delay = 0.75> <FuncUnit> <Opcode : 'select'> <InPorts = 3> <OutPorts = 1>
ST_3 : Operation 181 [1/1] (2.13ns)   --->   "%icmp_ln66_186 = icmp_slt  i18 %p_ZZN4nnet22compute_pool_buffer_2dINS_5arrayI8ap_fixedILi18ELi8EL9ap_q_mode5EL9ap_678, i18 %p_ZZN4nnet22compute_pool_buffer_2dINS_5arrayI8ap_fixedILi18ELi8EL9ap_q_mode5EL9ap_679" [firmware/nnet_utils/nnet_common.h:66->firmware/nnet_utils/nnet_common.h:44->firmware/nnet_utils/nnet_common.h:46->firmware/nnet_utils/nnet_pooling_stream.h:21->firmware/nnet_utils/nnet_pooling_stream.h:68->firmware/nnet_utils/nnet_pooling_stream.h:115]   --->   Operation 181 'icmp' 'icmp_ln66_186' <Predicate = (icmp_ln55 & and_ln55_2)> <Delay = 2.13> <CoreInst = "Cmp">   --->   Core 9 'Cmp' <Latency = 0> <II = 1> <Delay = 2.13> <FuncUnit> <Opcode : 'seteq' 'setne' 'setle' 'setge' 'setlt' 'setgt'> <InPorts = 2> <OutPorts = 1>
ST_3 : Operation 182 [1/1] (0.00ns) (grouped into LUT with out node select_ln0_160)   --->   "%xor_ln66_186 = xor i1 %icmp_ln66_186, i1 1" [firmware/nnet_utils/nnet_common.h:66->firmware/nnet_utils/nnet_common.h:44->firmware/nnet_utils/nnet_common.h:46->firmware/nnet_utils/nnet_pooling_stream.h:21->firmware/nnet_utils/nnet_pooling_stream.h:68->firmware/nnet_utils/nnet_pooling_stream.h:115]   --->   Operation 182 'xor' 'xor_ln66_186' <Predicate = (icmp_ln55 & and_ln55_2)> <Delay = 0.00> <CoreInst = "LogicGate">   --->   Core 74 'LogicGate' <Latency = 0> <II = 1> <Delay = 0.97> <FuncUnit> <Opcode : 'and' 'or' 'xor'> <InPorts = 2> <OutPorts = 1>
ST_3 : Operation 183 [1/1] (0.97ns) (out node of the LUT)   --->   "%select_ln0_160 = select i1 %xor_ln66_186, i18 %p_ZZN4nnet22compute_pool_buffer_2dINS_5arrayI8ap_fixedILi18ELi8EL9ap_q_mode5EL9ap_678, i18 %p_ZZN4nnet22compute_pool_buffer_2dINS_5arrayI8ap_fixedILi18ELi8EL9ap_q_mode5EL9ap_679" [firmware/nnet_utils/nnet_common.h:0->firmware/nnet_utils/nnet_common.h:46->firmware/nnet_utils/nnet_pooling_stream.h:21->firmware/nnet_utils/nnet_pooling_stream.h:68->firmware/nnet_utils/nnet_pooling_stream.h:115]   --->   Operation 183 'select' 'select_ln0_160' <Predicate = (icmp_ln55 & and_ln55_2)> <Delay = 0.97> <CoreInst = "Sel">   --->   Core 73 'Sel' <Latency = 0> <II = 1> <Delay = 0.75> <FuncUnit> <Opcode : 'select'> <InPorts = 3> <OutPorts = 1>
ST_3 : Operation 184 [1/1] (2.13ns)   --->   "%icmp_ln66_187 = icmp_slt  i18 %select_ln0_159, i18 %select_ln0_160" [firmware/nnet_utils/nnet_common.h:66->firmware/nnet_utils/nnet_common.h:46->firmware/nnet_utils/nnet_pooling_stream.h:21->firmware/nnet_utils/nnet_pooling_stream.h:68->firmware/nnet_utils/nnet_pooling_stream.h:115]   --->   Operation 184 'icmp' 'icmp_ln66_187' <Predicate = (icmp_ln55 & and_ln55_2)> <Delay = 2.13> <CoreInst = "Cmp">   --->   Core 9 'Cmp' <Latency = 0> <II = 1> <Delay = 2.13> <FuncUnit> <Opcode : 'seteq' 'setne' 'setle' 'setge' 'setlt' 'setgt'> <InPorts = 2> <OutPorts = 1>
ST_3 : Operation 185 [1/1] (0.00ns) (grouped into LUT with out node res_pack_25)   --->   "%xor_ln66_187 = xor i1 %icmp_ln66_187, i1 1" [firmware/nnet_utils/nnet_common.h:66->firmware/nnet_utils/nnet_common.h:46->firmware/nnet_utils/nnet_pooling_stream.h:21->firmware/nnet_utils/nnet_pooling_stream.h:68->firmware/nnet_utils/nnet_pooling_stream.h:115]   --->   Operation 185 'xor' 'xor_ln66_187' <Predicate = (icmp_ln55 & and_ln55_2)> <Delay = 0.00> <CoreInst = "LogicGate">   --->   Core 74 'LogicGate' <Latency = 0> <II = 1> <Delay = 0.97> <FuncUnit> <Opcode : 'and' 'or' 'xor'> <InPorts = 2> <OutPorts = 1>
ST_3 : Operation 186 [1/1] (0.97ns) (out node of the LUT)   --->   "%res_pack_25 = select i1 %xor_ln66_187, i18 %select_ln0_159, i18 %select_ln0_160" [firmware/nnet_utils/nnet_pooling_stream.h:67->firmware/nnet_utils/nnet_pooling_stream.h:115]   --->   Operation 186 'select' 'res_pack_25' <Predicate = (icmp_ln55 & and_ln55_2)> <Delay = 0.97> <CoreInst = "Sel">   --->   Core 73 'Sel' <Latency = 0> <II = 1> <Delay = 0.75> <FuncUnit> <Opcode : 'select'> <InPorts = 3> <OutPorts = 1>
ST_3 : Operation 187 [1/1] (0.00ns)   --->   "%void_compute_pool_buffer_2d_array_const_ap_shift_reg_n_filt_stream_kernel_39 = load i18 %void_compute_pool_buffer_2d_array_const_ap_shift_reg_n_filt_stream_kernel_10" [firmware/nnet_utils/nnet_pooling_stream.h:63->firmware/nnet_utils/nnet_pooling_stream.h:115]   --->   Operation 187 'load' 'void_compute_pool_buffer_2d_array_const_ap_shift_reg_n_filt_stream_kernel_39' <Predicate = (icmp_ln55 & and_ln55_2)> <Delay = 0.00>
ST_3 : Operation 188 [1/1] (0.00ns)   --->   "%p_ZZN4nnet22compute_pool_buffer_2dINS_5arrayI8ap_fixedILi18ELi8EL9ap_q_mode5EL9ap_680 = load i18 %p_ZZN4nnet22compute_pool_buffer_2dINS_5arrayI8ap_fixedILi18ELi8EL9ap_q_mode5EL9ap_218" [firmware/nnet_utils/nnet_pooling_stream.h:63->firmware/nnet_utils/nnet_pooling_stream.h:115]   --->   Operation 188 'load' 'p_ZZN4nnet22compute_pool_buffer_2dINS_5arrayI8ap_fixedILi18ELi8EL9ap_q_mode5EL9ap_680' <Predicate = (icmp_ln55 & and_ln55_2)> <Delay = 0.00>
ST_3 : Operation 189 [1/1] (0.00ns)   --->   "%p_ZZN4nnet22compute_pool_buffer_2dINS_5arrayI8ap_fixedILi18ELi8EL9ap_q_mode5EL9ap_681 = load i18 %p_ZZN4nnet22compute_pool_buffer_2dINS_5arrayI8ap_fixedILi18ELi8EL9ap_q_mode5EL9ap_230" [firmware/nnet_utils/nnet_pooling_stream.h:63->firmware/nnet_utils/nnet_pooling_stream.h:115]   --->   Operation 189 'load' 'p_ZZN4nnet22compute_pool_buffer_2dINS_5arrayI8ap_fixedILi18ELi8EL9ap_q_mode5EL9ap_681' <Predicate = (icmp_ln55 & and_ln55_2)> <Delay = 0.00>
ST_3 : Operation 190 [1/1] (0.00ns)   --->   "%p_ZZN4nnet22compute_pool_buffer_2dINS_5arrayI8ap_fixedILi18ELi8EL9ap_q_mode5EL9ap_682 = load i18 %p_ZZN4nnet22compute_pool_buffer_2dINS_5arrayI8ap_fixedILi18ELi8EL9ap_q_mode5EL9ap_242" [firmware/nnet_utils/nnet_pooling_stream.h:63->firmware/nnet_utils/nnet_pooling_stream.h:115]   --->   Operation 190 'load' 'p_ZZN4nnet22compute_pool_buffer_2dINS_5arrayI8ap_fixedILi18ELi8EL9ap_q_mode5EL9ap_682' <Predicate = (icmp_ln55 & and_ln55_2)> <Delay = 0.00>
ST_3 : Operation 191 [1/1] (2.13ns)   --->   "%icmp_ln66_188 = icmp_slt  i18 %void_compute_pool_buffer_2d_array_const_ap_shift_reg_n_filt_stream_kernel_39, i18 %p_ZZN4nnet22compute_pool_buffer_2dINS_5arrayI8ap_fixedILi18ELi8EL9ap_q_mode5EL9ap_680" [firmware/nnet_utils/nnet_common.h:66->firmware/nnet_utils/nnet_common.h:44->firmware/nnet_utils/nnet_common.h:46->firmware/nnet_utils/nnet_pooling_stream.h:21->firmware/nnet_utils/nnet_pooling_stream.h:68->firmware/nnet_utils/nnet_pooling_stream.h:115]   --->   Operation 191 'icmp' 'icmp_ln66_188' <Predicate = (icmp_ln55 & and_ln55_2)> <Delay = 2.13> <CoreInst = "Cmp">   --->   Core 9 'Cmp' <Latency = 0> <II = 1> <Delay = 2.13> <FuncUnit> <Opcode : 'seteq' 'setne' 'setle' 'setge' 'setlt' 'setgt'> <InPorts = 2> <OutPorts = 1>
ST_3 : Operation 192 [1/1] (0.00ns) (grouped into LUT with out node select_ln0_161)   --->   "%xor_ln66_188 = xor i1 %icmp_ln66_188, i1 1" [firmware/nnet_utils/nnet_common.h:66->firmware/nnet_utils/nnet_common.h:44->firmware/nnet_utils/nnet_common.h:46->firmware/nnet_utils/nnet_pooling_stream.h:21->firmware/nnet_utils/nnet_pooling_stream.h:68->firmware/nnet_utils/nnet_pooling_stream.h:115]   --->   Operation 192 'xor' 'xor_ln66_188' <Predicate = (icmp_ln55 & and_ln55_2)> <Delay = 0.00> <CoreInst = "LogicGate">   --->   Core 74 'LogicGate' <Latency = 0> <II = 1> <Delay = 0.97> <FuncUnit> <Opcode : 'and' 'or' 'xor'> <InPorts = 2> <OutPorts = 1>
ST_3 : Operation 193 [1/1] (0.97ns) (out node of the LUT)   --->   "%select_ln0_161 = select i1 %xor_ln66_188, i18 %void_compute_pool_buffer_2d_array_const_ap_shift_reg_n_filt_stream_kernel_39, i18 %p_ZZN4nnet22compute_pool_buffer_2dINS_5arrayI8ap_fixedILi18ELi8EL9ap_q_mode5EL9ap_680" [firmware/nnet_utils/nnet_common.h:0->firmware/nnet_utils/nnet_common.h:46->firmware/nnet_utils/nnet_pooling_stream.h:21->firmware/nnet_utils/nnet_pooling_stream.h:68->firmware/nnet_utils/nnet_pooling_stream.h:115]   --->   Operation 193 'select' 'select_ln0_161' <Predicate = (icmp_ln55 & and_ln55_2)> <Delay = 0.97> <CoreInst = "Sel">   --->   Core 73 'Sel' <Latency = 0> <II = 1> <Delay = 0.75> <FuncUnit> <Opcode : 'select'> <InPorts = 3> <OutPorts = 1>
ST_3 : Operation 194 [1/1] (2.13ns)   --->   "%icmp_ln66_189 = icmp_slt  i18 %p_ZZN4nnet22compute_pool_buffer_2dINS_5arrayI8ap_fixedILi18ELi8EL9ap_q_mode5EL9ap_681, i18 %p_ZZN4nnet22compute_pool_buffer_2dINS_5arrayI8ap_fixedILi18ELi8EL9ap_q_mode5EL9ap_682" [firmware/nnet_utils/nnet_common.h:66->firmware/nnet_utils/nnet_common.h:44->firmware/nnet_utils/nnet_common.h:46->firmware/nnet_utils/nnet_pooling_stream.h:21->firmware/nnet_utils/nnet_pooling_stream.h:68->firmware/nnet_utils/nnet_pooling_stream.h:115]   --->   Operation 194 'icmp' 'icmp_ln66_189' <Predicate = (icmp_ln55 & and_ln55_2)> <Delay = 2.13> <CoreInst = "Cmp">   --->   Core 9 'Cmp' <Latency = 0> <II = 1> <Delay = 2.13> <FuncUnit> <Opcode : 'seteq' 'setne' 'setle' 'setge' 'setlt' 'setgt'> <InPorts = 2> <OutPorts = 1>
ST_3 : Operation 195 [1/1] (0.00ns) (grouped into LUT with out node select_ln0_162)   --->   "%xor_ln66_189 = xor i1 %icmp_ln66_189, i1 1" [firmware/nnet_utils/nnet_common.h:66->firmware/nnet_utils/nnet_common.h:44->firmware/nnet_utils/nnet_common.h:46->firmware/nnet_utils/nnet_pooling_stream.h:21->firmware/nnet_utils/nnet_pooling_stream.h:68->firmware/nnet_utils/nnet_pooling_stream.h:115]   --->   Operation 195 'xor' 'xor_ln66_189' <Predicate = (icmp_ln55 & and_ln55_2)> <Delay = 0.00> <CoreInst = "LogicGate">   --->   Core 74 'LogicGate' <Latency = 0> <II = 1> <Delay = 0.97> <FuncUnit> <Opcode : 'and' 'or' 'xor'> <InPorts = 2> <OutPorts = 1>
ST_3 : Operation 196 [1/1] (0.97ns) (out node of the LUT)   --->   "%select_ln0_162 = select i1 %xor_ln66_189, i18 %p_ZZN4nnet22compute_pool_buffer_2dINS_5arrayI8ap_fixedILi18ELi8EL9ap_q_mode5EL9ap_681, i18 %p_ZZN4nnet22compute_pool_buffer_2dINS_5arrayI8ap_fixedILi18ELi8EL9ap_q_mode5EL9ap_682" [firmware/nnet_utils/nnet_common.h:0->firmware/nnet_utils/nnet_common.h:46->firmware/nnet_utils/nnet_pooling_stream.h:21->firmware/nnet_utils/nnet_pooling_stream.h:68->firmware/nnet_utils/nnet_pooling_stream.h:115]   --->   Operation 196 'select' 'select_ln0_162' <Predicate = (icmp_ln55 & and_ln55_2)> <Delay = 0.97> <CoreInst = "Sel">   --->   Core 73 'Sel' <Latency = 0> <II = 1> <Delay = 0.75> <FuncUnit> <Opcode : 'select'> <InPorts = 3> <OutPorts = 1>
ST_3 : Operation 197 [1/1] (2.13ns)   --->   "%icmp_ln66_190 = icmp_slt  i18 %select_ln0_161, i18 %select_ln0_162" [firmware/nnet_utils/nnet_common.h:66->firmware/nnet_utils/nnet_common.h:46->firmware/nnet_utils/nnet_pooling_stream.h:21->firmware/nnet_utils/nnet_pooling_stream.h:68->firmware/nnet_utils/nnet_pooling_stream.h:115]   --->   Operation 197 'icmp' 'icmp_ln66_190' <Predicate = (icmp_ln55 & and_ln55_2)> <Delay = 2.13> <CoreInst = "Cmp">   --->   Core 9 'Cmp' <Latency = 0> <II = 1> <Delay = 2.13> <FuncUnit> <Opcode : 'seteq' 'setne' 'setle' 'setge' 'setlt' 'setgt'> <InPorts = 2> <OutPorts = 1>
ST_3 : Operation 198 [1/1] (0.00ns) (grouped into LUT with out node res_pack_26)   --->   "%xor_ln66_190 = xor i1 %icmp_ln66_190, i1 1" [firmware/nnet_utils/nnet_common.h:66->firmware/nnet_utils/nnet_common.h:46->firmware/nnet_utils/nnet_pooling_stream.h:21->firmware/nnet_utils/nnet_pooling_stream.h:68->firmware/nnet_utils/nnet_pooling_stream.h:115]   --->   Operation 198 'xor' 'xor_ln66_190' <Predicate = (icmp_ln55 & and_ln55_2)> <Delay = 0.00> <CoreInst = "LogicGate">   --->   Core 74 'LogicGate' <Latency = 0> <II = 1> <Delay = 0.97> <FuncUnit> <Opcode : 'and' 'or' 'xor'> <InPorts = 2> <OutPorts = 1>
ST_3 : Operation 199 [1/1] (0.97ns) (out node of the LUT)   --->   "%res_pack_26 = select i1 %xor_ln66_190, i18 %select_ln0_161, i18 %select_ln0_162" [firmware/nnet_utils/nnet_pooling_stream.h:67->firmware/nnet_utils/nnet_pooling_stream.h:115]   --->   Operation 199 'select' 'res_pack_26' <Predicate = (icmp_ln55 & and_ln55_2)> <Delay = 0.97> <CoreInst = "Sel">   --->   Core 73 'Sel' <Latency = 0> <II = 1> <Delay = 0.75> <FuncUnit> <Opcode : 'select'> <InPorts = 3> <OutPorts = 1>
ST_3 : Operation 200 [1/1] (0.00ns)   --->   "%p_ZZN4nnet22compute_pool_buffer_2dINS_5arrayI8ap_fixedILi18ELi8EL9ap_q_mode5EL9ap_683 = load i18 %p_ZZN4nnet22compute_pool_buffer_2dINS_5arrayI8ap_fixedILi18ELi8EL9ap_q_mode5EL9ap_207" [firmware/nnet_utils/nnet_pooling_stream.h:63->firmware/nnet_utils/nnet_pooling_stream.h:115]   --->   Operation 200 'load' 'p_ZZN4nnet22compute_pool_buffer_2dINS_5arrayI8ap_fixedILi18ELi8EL9ap_q_mode5EL9ap_683' <Predicate = (icmp_ln55 & and_ln55_2)> <Delay = 0.00>
ST_3 : Operation 201 [1/1] (0.00ns)   --->   "%p_ZZN4nnet22compute_pool_buffer_2dINS_5arrayI8ap_fixedILi18ELi8EL9ap_q_mode5EL9ap_684 = load i18 %p_ZZN4nnet22compute_pool_buffer_2dINS_5arrayI8ap_fixedILi18ELi8EL9ap_q_mode5EL9ap_219" [firmware/nnet_utils/nnet_pooling_stream.h:63->firmware/nnet_utils/nnet_pooling_stream.h:115]   --->   Operation 201 'load' 'p_ZZN4nnet22compute_pool_buffer_2dINS_5arrayI8ap_fixedILi18ELi8EL9ap_q_mode5EL9ap_684' <Predicate = (icmp_ln55 & and_ln55_2)> <Delay = 0.00>
ST_3 : Operation 202 [1/1] (0.00ns)   --->   "%p_ZZN4nnet22compute_pool_buffer_2dINS_5arrayI8ap_fixedILi18ELi8EL9ap_q_mode5EL9ap_685 = load i18 %p_ZZN4nnet22compute_pool_buffer_2dINS_5arrayI8ap_fixedILi18ELi8EL9ap_q_mode5EL9ap_231" [firmware/nnet_utils/nnet_pooling_stream.h:63->firmware/nnet_utils/nnet_pooling_stream.h:115]   --->   Operation 202 'load' 'p_ZZN4nnet22compute_pool_buffer_2dINS_5arrayI8ap_fixedILi18ELi8EL9ap_q_mode5EL9ap_685' <Predicate = (icmp_ln55 & and_ln55_2)> <Delay = 0.00>
ST_3 : Operation 203 [1/1] (0.00ns)   --->   "%p_ZZN4nnet22compute_pool_buffer_2dINS_5arrayI8ap_fixedILi18ELi8EL9ap_q_mode5EL9ap_686 = load i18 %p_ZZN4nnet22compute_pool_buffer_2dINS_5arrayI8ap_fixedILi18ELi8EL9ap_q_mode5EL9ap_243" [firmware/nnet_utils/nnet_pooling_stream.h:63->firmware/nnet_utils/nnet_pooling_stream.h:115]   --->   Operation 203 'load' 'p_ZZN4nnet22compute_pool_buffer_2dINS_5arrayI8ap_fixedILi18ELi8EL9ap_q_mode5EL9ap_686' <Predicate = (icmp_ln55 & and_ln55_2)> <Delay = 0.00>
ST_3 : Operation 204 [1/1] (2.13ns)   --->   "%icmp_ln66_191 = icmp_slt  i18 %p_ZZN4nnet22compute_pool_buffer_2dINS_5arrayI8ap_fixedILi18ELi8EL9ap_q_mode5EL9ap_683, i18 %p_ZZN4nnet22compute_pool_buffer_2dINS_5arrayI8ap_fixedILi18ELi8EL9ap_q_mode5EL9ap_684" [firmware/nnet_utils/nnet_common.h:66->firmware/nnet_utils/nnet_common.h:44->firmware/nnet_utils/nnet_common.h:46->firmware/nnet_utils/nnet_pooling_stream.h:21->firmware/nnet_utils/nnet_pooling_stream.h:68->firmware/nnet_utils/nnet_pooling_stream.h:115]   --->   Operation 204 'icmp' 'icmp_ln66_191' <Predicate = (icmp_ln55 & and_ln55_2)> <Delay = 2.13> <CoreInst = "Cmp">   --->   Core 9 'Cmp' <Latency = 0> <II = 1> <Delay = 2.13> <FuncUnit> <Opcode : 'seteq' 'setne' 'setle' 'setge' 'setlt' 'setgt'> <InPorts = 2> <OutPorts = 1>
ST_3 : Operation 205 [1/1] (0.00ns) (grouped into LUT with out node select_ln0_163)   --->   "%xor_ln66_191 = xor i1 %icmp_ln66_191, i1 1" [firmware/nnet_utils/nnet_common.h:66->firmware/nnet_utils/nnet_common.h:44->firmware/nnet_utils/nnet_common.h:46->firmware/nnet_utils/nnet_pooling_stream.h:21->firmware/nnet_utils/nnet_pooling_stream.h:68->firmware/nnet_utils/nnet_pooling_stream.h:115]   --->   Operation 205 'xor' 'xor_ln66_191' <Predicate = (icmp_ln55 & and_ln55_2)> <Delay = 0.00> <CoreInst = "LogicGate">   --->   Core 74 'LogicGate' <Latency = 0> <II = 1> <Delay = 0.97> <FuncUnit> <Opcode : 'and' 'or' 'xor'> <InPorts = 2> <OutPorts = 1>
ST_3 : Operation 206 [1/1] (0.97ns) (out node of the LUT)   --->   "%select_ln0_163 = select i1 %xor_ln66_191, i18 %p_ZZN4nnet22compute_pool_buffer_2dINS_5arrayI8ap_fixedILi18ELi8EL9ap_q_mode5EL9ap_683, i18 %p_ZZN4nnet22compute_pool_buffer_2dINS_5arrayI8ap_fixedILi18ELi8EL9ap_q_mode5EL9ap_684" [firmware/nnet_utils/nnet_common.h:0->firmware/nnet_utils/nnet_common.h:46->firmware/nnet_utils/nnet_pooling_stream.h:21->firmware/nnet_utils/nnet_pooling_stream.h:68->firmware/nnet_utils/nnet_pooling_stream.h:115]   --->   Operation 206 'select' 'select_ln0_163' <Predicate = (icmp_ln55 & and_ln55_2)> <Delay = 0.97> <CoreInst = "Sel">   --->   Core 73 'Sel' <Latency = 0> <II = 1> <Delay = 0.75> <FuncUnit> <Opcode : 'select'> <InPorts = 3> <OutPorts = 1>
ST_3 : Operation 207 [1/1] (2.13ns)   --->   "%icmp_ln66_192 = icmp_slt  i18 %p_ZZN4nnet22compute_pool_buffer_2dINS_5arrayI8ap_fixedILi18ELi8EL9ap_q_mode5EL9ap_685, i18 %p_ZZN4nnet22compute_pool_buffer_2dINS_5arrayI8ap_fixedILi18ELi8EL9ap_q_mode5EL9ap_686" [firmware/nnet_utils/nnet_common.h:66->firmware/nnet_utils/nnet_common.h:44->firmware/nnet_utils/nnet_common.h:46->firmware/nnet_utils/nnet_pooling_stream.h:21->firmware/nnet_utils/nnet_pooling_stream.h:68->firmware/nnet_utils/nnet_pooling_stream.h:115]   --->   Operation 207 'icmp' 'icmp_ln66_192' <Predicate = (icmp_ln55 & and_ln55_2)> <Delay = 2.13> <CoreInst = "Cmp">   --->   Core 9 'Cmp' <Latency = 0> <II = 1> <Delay = 2.13> <FuncUnit> <Opcode : 'seteq' 'setne' 'setle' 'setge' 'setlt' 'setgt'> <InPorts = 2> <OutPorts = 1>
ST_3 : Operation 208 [1/1] (0.00ns) (grouped into LUT with out node select_ln0_164)   --->   "%xor_ln66_192 = xor i1 %icmp_ln66_192, i1 1" [firmware/nnet_utils/nnet_common.h:66->firmware/nnet_utils/nnet_common.h:44->firmware/nnet_utils/nnet_common.h:46->firmware/nnet_utils/nnet_pooling_stream.h:21->firmware/nnet_utils/nnet_pooling_stream.h:68->firmware/nnet_utils/nnet_pooling_stream.h:115]   --->   Operation 208 'xor' 'xor_ln66_192' <Predicate = (icmp_ln55 & and_ln55_2)> <Delay = 0.00> <CoreInst = "LogicGate">   --->   Core 74 'LogicGate' <Latency = 0> <II = 1> <Delay = 0.97> <FuncUnit> <Opcode : 'and' 'or' 'xor'> <InPorts = 2> <OutPorts = 1>
ST_3 : Operation 209 [1/1] (0.97ns) (out node of the LUT)   --->   "%select_ln0_164 = select i1 %xor_ln66_192, i18 %p_ZZN4nnet22compute_pool_buffer_2dINS_5arrayI8ap_fixedILi18ELi8EL9ap_q_mode5EL9ap_685, i18 %p_ZZN4nnet22compute_pool_buffer_2dINS_5arrayI8ap_fixedILi18ELi8EL9ap_q_mode5EL9ap_686" [firmware/nnet_utils/nnet_common.h:0->firmware/nnet_utils/nnet_common.h:46->firmware/nnet_utils/nnet_pooling_stream.h:21->firmware/nnet_utils/nnet_pooling_stream.h:68->firmware/nnet_utils/nnet_pooling_stream.h:115]   --->   Operation 209 'select' 'select_ln0_164' <Predicate = (icmp_ln55 & and_ln55_2)> <Delay = 0.97> <CoreInst = "Sel">   --->   Core 73 'Sel' <Latency = 0> <II = 1> <Delay = 0.75> <FuncUnit> <Opcode : 'select'> <InPorts = 3> <OutPorts = 1>
ST_3 : Operation 210 [1/1] (2.13ns)   --->   "%icmp_ln66_193 = icmp_slt  i18 %select_ln0_163, i18 %select_ln0_164" [firmware/nnet_utils/nnet_common.h:66->firmware/nnet_utils/nnet_common.h:46->firmware/nnet_utils/nnet_pooling_stream.h:21->firmware/nnet_utils/nnet_pooling_stream.h:68->firmware/nnet_utils/nnet_pooling_stream.h:115]   --->   Operation 210 'icmp' 'icmp_ln66_193' <Predicate = (icmp_ln55 & and_ln55_2)> <Delay = 2.13> <CoreInst = "Cmp">   --->   Core 9 'Cmp' <Latency = 0> <II = 1> <Delay = 2.13> <FuncUnit> <Opcode : 'seteq' 'setne' 'setle' 'setge' 'setlt' 'setgt'> <InPorts = 2> <OutPorts = 1>
ST_3 : Operation 211 [1/1] (0.00ns) (grouped into LUT with out node res_pack_27)   --->   "%xor_ln66_193 = xor i1 %icmp_ln66_193, i1 1" [firmware/nnet_utils/nnet_common.h:66->firmware/nnet_utils/nnet_common.h:46->firmware/nnet_utils/nnet_pooling_stream.h:21->firmware/nnet_utils/nnet_pooling_stream.h:68->firmware/nnet_utils/nnet_pooling_stream.h:115]   --->   Operation 211 'xor' 'xor_ln66_193' <Predicate = (icmp_ln55 & and_ln55_2)> <Delay = 0.00> <CoreInst = "LogicGate">   --->   Core 74 'LogicGate' <Latency = 0> <II = 1> <Delay = 0.97> <FuncUnit> <Opcode : 'and' 'or' 'xor'> <InPorts = 2> <OutPorts = 1>
ST_3 : Operation 212 [1/1] (0.97ns) (out node of the LUT)   --->   "%res_pack_27 = select i1 %xor_ln66_193, i18 %select_ln0_163, i18 %select_ln0_164" [firmware/nnet_utils/nnet_pooling_stream.h:67->firmware/nnet_utils/nnet_pooling_stream.h:115]   --->   Operation 212 'select' 'res_pack_27' <Predicate = (icmp_ln55 & and_ln55_2)> <Delay = 0.97> <CoreInst = "Sel">   --->   Core 73 'Sel' <Latency = 0> <II = 1> <Delay = 0.75> <FuncUnit> <Opcode : 'select'> <InPorts = 3> <OutPorts = 1>
ST_3 : Operation 213 [1/1] (0.00ns)   --->   "%p_ZZN4nnet22compute_pool_buffer_2dINS_5arrayI8ap_fixedILi18ELi8EL9ap_q_mode5EL9ap_687 = load i18 %p_ZZN4nnet22compute_pool_buffer_2dINS_5arrayI8ap_fixedILi18ELi8EL9ap_q_mode5EL9ap_208" [firmware/nnet_utils/nnet_pooling_stream.h:63->firmware/nnet_utils/nnet_pooling_stream.h:115]   --->   Operation 213 'load' 'p_ZZN4nnet22compute_pool_buffer_2dINS_5arrayI8ap_fixedILi18ELi8EL9ap_q_mode5EL9ap_687' <Predicate = (icmp_ln55 & and_ln55_2)> <Delay = 0.00>
ST_3 : Operation 214 [1/1] (0.00ns)   --->   "%p_ZZN4nnet22compute_pool_buffer_2dINS_5arrayI8ap_fixedILi18ELi8EL9ap_q_mode5EL9ap_688 = load i18 %p_ZZN4nnet22compute_pool_buffer_2dINS_5arrayI8ap_fixedILi18ELi8EL9ap_q_mode5EL9ap_220" [firmware/nnet_utils/nnet_pooling_stream.h:63->firmware/nnet_utils/nnet_pooling_stream.h:115]   --->   Operation 214 'load' 'p_ZZN4nnet22compute_pool_buffer_2dINS_5arrayI8ap_fixedILi18ELi8EL9ap_q_mode5EL9ap_688' <Predicate = (icmp_ln55 & and_ln55_2)> <Delay = 0.00>
ST_3 : Operation 215 [1/1] (0.00ns)   --->   "%p_ZZN4nnet22compute_pool_buffer_2dINS_5arrayI8ap_fixedILi18ELi8EL9ap_q_mode5EL9ap_689 = load i18 %p_ZZN4nnet22compute_pool_buffer_2dINS_5arrayI8ap_fixedILi18ELi8EL9ap_q_mode5EL9ap_232" [firmware/nnet_utils/nnet_pooling_stream.h:63->firmware/nnet_utils/nnet_pooling_stream.h:115]   --->   Operation 215 'load' 'p_ZZN4nnet22compute_pool_buffer_2dINS_5arrayI8ap_fixedILi18ELi8EL9ap_q_mode5EL9ap_689' <Predicate = (icmp_ln55 & and_ln55_2)> <Delay = 0.00>
ST_3 : Operation 216 [1/1] (0.00ns)   --->   "%p_ZZN4nnet22compute_pool_buffer_2dINS_5arrayI8ap_fixedILi18ELi8EL9ap_q_mode5EL9ap_690 = load i18 %p_ZZN4nnet22compute_pool_buffer_2dINS_5arrayI8ap_fixedILi18ELi8EL9ap_q_mode5EL9ap_244" [firmware/nnet_utils/nnet_pooling_stream.h:63->firmware/nnet_utils/nnet_pooling_stream.h:115]   --->   Operation 216 'load' 'p_ZZN4nnet22compute_pool_buffer_2dINS_5arrayI8ap_fixedILi18ELi8EL9ap_q_mode5EL9ap_690' <Predicate = (icmp_ln55 & and_ln55_2)> <Delay = 0.00>
ST_3 : Operation 217 [1/1] (2.13ns)   --->   "%icmp_ln66_194 = icmp_slt  i18 %p_ZZN4nnet22compute_pool_buffer_2dINS_5arrayI8ap_fixedILi18ELi8EL9ap_q_mode5EL9ap_687, i18 %p_ZZN4nnet22compute_pool_buffer_2dINS_5arrayI8ap_fixedILi18ELi8EL9ap_q_mode5EL9ap_688" [firmware/nnet_utils/nnet_common.h:66->firmware/nnet_utils/nnet_common.h:44->firmware/nnet_utils/nnet_common.h:46->firmware/nnet_utils/nnet_pooling_stream.h:21->firmware/nnet_utils/nnet_pooling_stream.h:68->firmware/nnet_utils/nnet_pooling_stream.h:115]   --->   Operation 217 'icmp' 'icmp_ln66_194' <Predicate = (icmp_ln55 & and_ln55_2)> <Delay = 2.13> <CoreInst = "Cmp">   --->   Core 9 'Cmp' <Latency = 0> <II = 1> <Delay = 2.13> <FuncUnit> <Opcode : 'seteq' 'setne' 'setle' 'setge' 'setlt' 'setgt'> <InPorts = 2> <OutPorts = 1>
ST_3 : Operation 218 [1/1] (0.00ns) (grouped into LUT with out node select_ln0_165)   --->   "%xor_ln66_194 = xor i1 %icmp_ln66_194, i1 1" [firmware/nnet_utils/nnet_common.h:66->firmware/nnet_utils/nnet_common.h:44->firmware/nnet_utils/nnet_common.h:46->firmware/nnet_utils/nnet_pooling_stream.h:21->firmware/nnet_utils/nnet_pooling_stream.h:68->firmware/nnet_utils/nnet_pooling_stream.h:115]   --->   Operation 218 'xor' 'xor_ln66_194' <Predicate = (icmp_ln55 & and_ln55_2)> <Delay = 0.00> <CoreInst = "LogicGate">   --->   Core 74 'LogicGate' <Latency = 0> <II = 1> <Delay = 0.97> <FuncUnit> <Opcode : 'and' 'or' 'xor'> <InPorts = 2> <OutPorts = 1>
ST_3 : Operation 219 [1/1] (0.97ns) (out node of the LUT)   --->   "%select_ln0_165 = select i1 %xor_ln66_194, i18 %p_ZZN4nnet22compute_pool_buffer_2dINS_5arrayI8ap_fixedILi18ELi8EL9ap_q_mode5EL9ap_687, i18 %p_ZZN4nnet22compute_pool_buffer_2dINS_5arrayI8ap_fixedILi18ELi8EL9ap_q_mode5EL9ap_688" [firmware/nnet_utils/nnet_common.h:0->firmware/nnet_utils/nnet_common.h:46->firmware/nnet_utils/nnet_pooling_stream.h:21->firmware/nnet_utils/nnet_pooling_stream.h:68->firmware/nnet_utils/nnet_pooling_stream.h:115]   --->   Operation 219 'select' 'select_ln0_165' <Predicate = (icmp_ln55 & and_ln55_2)> <Delay = 0.97> <CoreInst = "Sel">   --->   Core 73 'Sel' <Latency = 0> <II = 1> <Delay = 0.75> <FuncUnit> <Opcode : 'select'> <InPorts = 3> <OutPorts = 1>
ST_3 : Operation 220 [1/1] (2.13ns)   --->   "%icmp_ln66_195 = icmp_slt  i18 %p_ZZN4nnet22compute_pool_buffer_2dINS_5arrayI8ap_fixedILi18ELi8EL9ap_q_mode5EL9ap_689, i18 %p_ZZN4nnet22compute_pool_buffer_2dINS_5arrayI8ap_fixedILi18ELi8EL9ap_q_mode5EL9ap_690" [firmware/nnet_utils/nnet_common.h:66->firmware/nnet_utils/nnet_common.h:44->firmware/nnet_utils/nnet_common.h:46->firmware/nnet_utils/nnet_pooling_stream.h:21->firmware/nnet_utils/nnet_pooling_stream.h:68->firmware/nnet_utils/nnet_pooling_stream.h:115]   --->   Operation 220 'icmp' 'icmp_ln66_195' <Predicate = (icmp_ln55 & and_ln55_2)> <Delay = 2.13> <CoreInst = "Cmp">   --->   Core 9 'Cmp' <Latency = 0> <II = 1> <Delay = 2.13> <FuncUnit> <Opcode : 'seteq' 'setne' 'setle' 'setge' 'setlt' 'setgt'> <InPorts = 2> <OutPorts = 1>
ST_3 : Operation 221 [1/1] (0.00ns) (grouped into LUT with out node select_ln0_166)   --->   "%xor_ln66_195 = xor i1 %icmp_ln66_195, i1 1" [firmware/nnet_utils/nnet_common.h:66->firmware/nnet_utils/nnet_common.h:44->firmware/nnet_utils/nnet_common.h:46->firmware/nnet_utils/nnet_pooling_stream.h:21->firmware/nnet_utils/nnet_pooling_stream.h:68->firmware/nnet_utils/nnet_pooling_stream.h:115]   --->   Operation 221 'xor' 'xor_ln66_195' <Predicate = (icmp_ln55 & and_ln55_2)> <Delay = 0.00> <CoreInst = "LogicGate">   --->   Core 74 'LogicGate' <Latency = 0> <II = 1> <Delay = 0.97> <FuncUnit> <Opcode : 'and' 'or' 'xor'> <InPorts = 2> <OutPorts = 1>
ST_3 : Operation 222 [1/1] (0.97ns) (out node of the LUT)   --->   "%select_ln0_166 = select i1 %xor_ln66_195, i18 %p_ZZN4nnet22compute_pool_buffer_2dINS_5arrayI8ap_fixedILi18ELi8EL9ap_q_mode5EL9ap_689, i18 %p_ZZN4nnet22compute_pool_buffer_2dINS_5arrayI8ap_fixedILi18ELi8EL9ap_q_mode5EL9ap_690" [firmware/nnet_utils/nnet_common.h:0->firmware/nnet_utils/nnet_common.h:46->firmware/nnet_utils/nnet_pooling_stream.h:21->firmware/nnet_utils/nnet_pooling_stream.h:68->firmware/nnet_utils/nnet_pooling_stream.h:115]   --->   Operation 222 'select' 'select_ln0_166' <Predicate = (icmp_ln55 & and_ln55_2)> <Delay = 0.97> <CoreInst = "Sel">   --->   Core 73 'Sel' <Latency = 0> <II = 1> <Delay = 0.75> <FuncUnit> <Opcode : 'select'> <InPorts = 3> <OutPorts = 1>
ST_3 : Operation 223 [1/1] (2.13ns)   --->   "%icmp_ln66_196 = icmp_slt  i18 %select_ln0_165, i18 %select_ln0_166" [firmware/nnet_utils/nnet_common.h:66->firmware/nnet_utils/nnet_common.h:46->firmware/nnet_utils/nnet_pooling_stream.h:21->firmware/nnet_utils/nnet_pooling_stream.h:68->firmware/nnet_utils/nnet_pooling_stream.h:115]   --->   Operation 223 'icmp' 'icmp_ln66_196' <Predicate = (icmp_ln55 & and_ln55_2)> <Delay = 2.13> <CoreInst = "Cmp">   --->   Core 9 'Cmp' <Latency = 0> <II = 1> <Delay = 2.13> <FuncUnit> <Opcode : 'seteq' 'setne' 'setle' 'setge' 'setlt' 'setgt'> <InPorts = 2> <OutPorts = 1>
ST_3 : Operation 224 [1/1] (0.00ns) (grouped into LUT with out node res_pack_28)   --->   "%xor_ln66_196 = xor i1 %icmp_ln66_196, i1 1" [firmware/nnet_utils/nnet_common.h:66->firmware/nnet_utils/nnet_common.h:46->firmware/nnet_utils/nnet_pooling_stream.h:21->firmware/nnet_utils/nnet_pooling_stream.h:68->firmware/nnet_utils/nnet_pooling_stream.h:115]   --->   Operation 224 'xor' 'xor_ln66_196' <Predicate = (icmp_ln55 & and_ln55_2)> <Delay = 0.00> <CoreInst = "LogicGate">   --->   Core 74 'LogicGate' <Latency = 0> <II = 1> <Delay = 0.97> <FuncUnit> <Opcode : 'and' 'or' 'xor'> <InPorts = 2> <OutPorts = 1>
ST_3 : Operation 225 [1/1] (0.97ns) (out node of the LUT)   --->   "%res_pack_28 = select i1 %xor_ln66_196, i18 %select_ln0_165, i18 %select_ln0_166" [firmware/nnet_utils/nnet_pooling_stream.h:67->firmware/nnet_utils/nnet_pooling_stream.h:115]   --->   Operation 225 'select' 'res_pack_28' <Predicate = (icmp_ln55 & and_ln55_2)> <Delay = 0.97> <CoreInst = "Sel">   --->   Core 73 'Sel' <Latency = 0> <II = 1> <Delay = 0.75> <FuncUnit> <Opcode : 'select'> <InPorts = 3> <OutPorts = 1>
ST_3 : Operation 226 [1/1] (0.00ns)   --->   "%or_ln72_s = bitconcatenate i216 @_ssdm_op_BitConcatenate.i216.i18.i18.i18.i18.i18.i18.i18.i18.i18.i18.i18.i18, i18 %res_pack_28, i18 %res_pack_27, i18 %res_pack_26, i18 %res_pack_25, i18 %res_pack_24, i18 %res_pack_23, i18 %res_pack_22, i18 %res_pack_21, i18 %res_pack_20, i18 %res_pack_19, i18 %res_pack_18, i18 %res_pack" [firmware/nnet_utils/nnet_pooling_stream.h:72->firmware/nnet_utils/nnet_pooling_stream.h:115]   --->   Operation 226 'bitconcatenate' 'or_ln72_s' <Predicate = (icmp_ln55 & and_ln55_2)> <Delay = 0.00>
ST_3 : Operation 227 [1/1] (3.54ns)   --->   "%write_ln72 = write void @_ssdm_op_Write.ap_fifo.volatile.i216P0A, i216 %layer5_out, i216 %or_ln72_s" [firmware/nnet_utils/nnet_pooling_stream.h:72->firmware/nnet_utils/nnet_pooling_stream.h:115]   --->   Operation 227 'write' 'write_ln72' <Predicate = (icmp_ln55 & and_ln55_2)> <Delay = 3.54> <CoreInst = "FIFO">   --->   Core 77 'FIFO' <Latency = 0> <II = 1> <Delay = 3.54> <Storage> <Opcode : 'read' 'write' 'nbread' 'nbwrite'> <Ports = 0> <Width = 216> <Depth = 250> <FIFO>
ST_3 : Operation 228 [1/1] (0.00ns)   --->   "%br_ln73 = br void %if.end.i" [firmware/nnet_utils/nnet_pooling_stream.h:73->firmware/nnet_utils/nnet_pooling_stream.h:115]   --->   Operation 228 'br' 'br_ln73' <Predicate = (icmp_ln55 & and_ln55_2)> <Delay = 0.00>
ST_3 : Operation 229 [1/1] (1.58ns)   --->   "%ret_ln118 = ret" [firmware/nnet_utils/nnet_pooling_stream.h:118]   --->   Operation 229 'ret' 'ret_ln118' <Predicate = (icmp_ln109)> <Delay = 1.58>


============================================================
+ Verbose Summary: Timing violations
============================================================
Target clock period: 20.000ns, clock uncertainty: 5.400ns.

 <State 1>: 6.692ns
The critical path consists of the following:
	'load' operation 32 bit ('pX_1_load', firmware/nnet_utils/nnet_pooling_stream.h:76->firmware/nnet_utils/nnet_pooling_stream.h:115) on static variable 'pX_1' [93]  (0.000 ns)
	'add' operation 32 bit ('add_ln76', firmware/nnet_utils/nnet_pooling_stream.h:76->firmware/nnet_utils/nnet_pooling_stream.h:115) [266]  (2.552 ns)
	'icmp' operation 1 bit ('icmp_ln76', firmware/nnet_utils/nnet_pooling_stream.h:76->firmware/nnet_utils/nnet_pooling_stream.h:115) [267]  (2.552 ns)
	'store' operation 0 bit ('store_ln89', firmware/nnet_utils/nnet_pooling_stream.h:89->firmware/nnet_utils/nnet_pooling_stream.h:115) of variable 'add_ln76', firmware/nnet_utils/nnet_pooling_stream.h:76->firmware/nnet_utils/nnet_pooling_stream.h:115 on static variable 'pX_1' [270]  (1.588 ns)

 <State 2>: 5.137ns
The critical path consists of the following:
	fifo read operation ('layer4_out_read', firmware/nnet_utils/nnet_pooling_stream.h:115) on port 'layer4_out' (firmware/nnet_utils/nnet_pooling_stream.h:115) [77]  (3.520 ns)
	'call' operation 0 bit ('call_ln52', firmware/nnet_utils/nnet_pooling_stream.h:52->firmware/nnet_utils/nnet_pooling_stream.h:115) to 'shift_line_buffer<array<ap_fixed<18, 8, 5, 3, 0>, 12u>, config5>' [90]  (1.617 ns)

 <State 3>: 9.776ns
The critical path consists of the following:
	'load' operation 18 bit ('void_compute_pool_buffer_2d_array_const_ap_shift_reg_n_filt_stream_kernel_30', firmware/nnet_utils/nnet_pooling_stream.h:63->firmware/nnet_utils/nnet_pooling_stream.h:115) on static variable 'void_compute_pool_buffer_2d_array_const_ap_shift_reg_n_filt_stream_kernel_19' [106]  (0.000 ns)
	'icmp' operation 1 bit ('icmp_ln66', firmware/nnet_utils/nnet_common.h:66->firmware/nnet_utils/nnet_common.h:44->firmware/nnet_utils/nnet_common.h:46->firmware/nnet_utils/nnet_pooling_stream.h:21->firmware/nnet_utils/nnet_pooling_stream.h:68->firmware/nnet_utils/nnet_pooling_stream.h:115) [110]  (2.136 ns)
	'xor' operation 1 bit ('xor_ln66', firmware/nnet_utils/nnet_common.h:66->firmware/nnet_utils/nnet_common.h:44->firmware/nnet_utils/nnet_common.h:46->firmware/nnet_utils/nnet_pooling_stream.h:21->firmware/nnet_utils/nnet_pooling_stream.h:68->firmware/nnet_utils/nnet_pooling_stream.h:115) [111]  (0.000 ns)
	'select' operation 18 bit ('select_ln0', firmware/nnet_utils/nnet_common.h:0->firmware/nnet_utils/nnet_common.h:46->firmware/nnet_utils/nnet_pooling_stream.h:21->firmware/nnet_utils/nnet_pooling_stream.h:68->firmware/nnet_utils/nnet_pooling_stream.h:115) [112]  (0.978 ns)
	'icmp' operation 1 bit ('icmp_ln66_163', firmware/nnet_utils/nnet_common.h:66->firmware/nnet_utils/nnet_common.h:46->firmware/nnet_utils/nnet_pooling_stream.h:21->firmware/nnet_utils/nnet_pooling_stream.h:68->firmware/nnet_utils/nnet_pooling_stream.h:115) [116]  (2.136 ns)
	'xor' operation 1 bit ('xor_ln66_163', firmware/nnet_utils/nnet_common.h:66->firmware/nnet_utils/nnet_common.h:46->firmware/nnet_utils/nnet_pooling_stream.h:21->firmware/nnet_utils/nnet_pooling_stream.h:68->firmware/nnet_utils/nnet_pooling_stream.h:115) [117]  (0.000 ns)
	'select' operation 18 bit ('res_pack', firmware/nnet_utils/nnet_pooling_stream.h:67->firmware/nnet_utils/nnet_pooling_stream.h:115) [118]  (0.978 ns)
	fifo write operation ('write_ln72', firmware/nnet_utils/nnet_pooling_stream.h:72->firmware/nnet_utils/nnet_pooling_stream.h:115) on port 'layer5_out' (firmware/nnet_utils/nnet_pooling_stream.h:72->firmware/nnet_utils/nnet_pooling_stream.h:115) [263]  (3.547 ns)


============================================================
+ Verbose Summary: Binding
============================================================
N/A
* FSMD analyzer results:
  - Output states:
 - Input state : 
  - Chain level:
	State 1
	State 2
	State 3


============================================================
+ Verbose Summary: Datapath Resource usage 
============================================================
N/A
