

================================================================
== Vitis HLS Report for 'pooling2d_cl_array_array_ap_fixed_20_10_5_3_0_12u_config5_s'
================================================================
* Date:           Sun Aug 30 16:00:09 2026

* Version:        2024.1 (Build 5069499 on May 21 2024)
* Project:        myproject_prj
* Solution:       solution1 (Vivado IP Flow Target)
* Product family: zynq
* Target device:  xc7z020-clg400-1


================================================================
== Performance Estimates
================================================================
+ Timing: 
    * Summary: 
    +--------+----------+----------+------------+
    |  Clock |  Target  | Estimated| Uncertainty|
    +--------+----------+----------+------------+
    |ap_clk  |  20.00 ns|  9.894 ns|     5.40 ns|
    +--------+----------+----------+------------+

+ Latency: 
    * Summary: 
    +---------+---------+-----------+-----------+------+------+-----------------------------------------------+
    |  Latency (cycles) |   Latency (absolute)  |   Interval  |                    Pipeline                   |
    |   min   |   max   |    min    |    max    |  min |  max |                      Type                     |
    +---------+---------+-----------+-----------+------+------+-----------------------------------------------+
    |     2042|     2042|  40.840 us|  40.840 us|  2040|  2040|  loop auto-rewind stp(delay=0 clock cycles(s))|
    +---------+---------+-----------+-----------+------+------+-----------------------------------------------+

    + Detail: 
        * Instance: 
        +-----------------------------------------------------------------------------+------------------------------------------------------------+---------+---------+----------+----------+-----+-----+---------+
        |                                                                             |                                                            |  Latency (cycles) |  Latency (absolute) |  Interval | Pipeline|
        |                                   Instance                                  |                           Module                           |   min   |   max   |    min   |    max   | min | max |   Type  |
        +-----------------------------------------------------------------------------+------------------------------------------------------------+---------+---------+----------+----------+-----+-----+---------+
        |call_ln52_shift_line_buffer_array_ap_fixed_20_10_5_3_0_12u_config5_s_fu_246  |shift_line_buffer_array_ap_fixed_20_10_5_3_0_12u_config5_s  |        0|        0|      0 ns|      0 ns|    1|    1|      yes|
        +-----------------------------------------------------------------------------+------------------------------------------------------------+---------+---------+----------+----------+-----+-----+---------+

        * Loop: 
        +----------------------------------+---------+---------+----------+-----------+-----------+------+----------+
        |                                  |  Latency (cycles) | Iteration|  Initiation Interval  | Trip |          |
        |             Loop Name            |   min   |   max   |  Latency |  achieved |   target  | Count| Pipelined|
        +----------------------------------+---------+---------+----------+-----------+-----------+------+----------+
        |- ReadInputHeight_ReadInputWidth  |     2040|     2040|         3|          2|          1|  1020|       yes|
        +----------------------------------+---------+---------+----------+-----------+-----------+------+----------+

============================================================
+ Verbose Summary: Synthesis Manager
============================================================
InlineROM: 1
ExposeGlobal: 0
============================================================
+ Verbose Summary: CDFG Model
============================================================
IsTopModel: 0
ResetActiveHigh: 1
IsCombinational: 2
IsDatapathOnly: 0
HasWiredReturn: 1
HasMFsm: 2
HasVarLatency: 1
IsPipeline: 0
IsRtlPipelined: 0
IsInstanceOverlapped: 0
IsDontTouch: 0
HasImplIP: 0
IsGatedGlobalClock: 0

+ Individual pipeline summary: 
  * Pipeline-0: initiation interval (II) = 2, depth = 3


============================================================
+ Verbose Summary: Schedule
============================================================
* Number of FSM states : 3
* Pipeline : 1
  Pipeline-0 : II = 2, D = 3, States = { 1 2 3 }
* Dataflow Pipeline: 0

* FSM state transitions: 
1 --> 2 
2 --> 3 
3 --> 

* FSM state operations: 

State 1 <SV = 0> <Delay = 6.69>
ST_1 : Operation 6 [1/1] (0.00ns)   --->   "%indvar_flatten2 = alloca i32 1"   --->   Operation 6 'alloca' 'indvar_flatten2' <Predicate = true> <Delay = 0.00>
ST_1 : Operation 7 [1/1] (0.00ns)   --->   "%specinterface_ln0 = specinterface void @_ssdm_op_SpecInterface, i240 %layer5_out, void @empty_6, i32 0, i32 0, void @empty_5, i32 0, i32 0, void @empty_5, void @empty_5, void @empty_5, i32 0, i32 0, i32 0, i32 0, void @empty_5, void @empty_5, i32 4294967295, i32 0, i32 0"   --->   Operation 7 'specinterface' 'specinterface_ln0' <Predicate = true> <Delay = 0.00>
ST_1 : Operation 8 [1/1] (0.00ns)   --->   "%specinterface_ln0 = specinterface void @_ssdm_op_SpecInterface, i240 %layer4_out, void @empty_6, i32 0, i32 0, void @empty_5, i32 0, i32 0, void @empty_5, void @empty_5, void @empty_5, i32 0, i32 0, i32 0, i32 0, void @empty_5, void @empty_5, i32 4294967295, i32 0, i32 0"   --->   Operation 8 'specinterface' 'specinterface_ln0' <Predicate = true> <Delay = 0.00>
ST_1 : Operation 9 [1/1] (1.58ns)   --->   "%store_ln0 = store i10 0, i10 %indvar_flatten2"   --->   Operation 9 'store' 'store_ln0' <Predicate = true> <Delay = 1.58>
ST_1 : Operation 10 [1/1] (0.00ns)   --->   "%br_ln0 = br void %for.inc15"   --->   Operation 10 'br' 'br_ln0' <Predicate = true> <Delay = 0.00>
ST_1 : Operation 11 [1/1] (0.00ns)   --->   "%indvar_flatten2_load = load i10 %indvar_flatten2" [firmware/nnet_utils/nnet_pooling_stream.h:109]   --->   Operation 11 'load' 'indvar_flatten2_load' <Predicate = true> <Delay = 0.00>
ST_1 : Operation 12 [1/1] (0.00ns)   --->   "%sX_1_load = load i32 %sX_1" [firmware/nnet_utils/nnet_pooling_stream.h:55->firmware/nnet_utils/nnet_pooling_stream.h:115]   --->   Operation 12 'load' 'sX_1_load' <Predicate = true> <Delay = 0.00>
ST_1 : Operation 13 [1/1] (2.55ns)   --->   "%icmp_ln55 = icmp_eq  i32 %sX_1_load, i32 1" [firmware/nnet_utils/nnet_pooling_stream.h:55->firmware/nnet_utils/nnet_pooling_stream.h:115]   --->   Operation 13 'icmp' 'icmp_ln55' <Predicate = true> <Delay = 2.55> <CoreInst = "Cmp">   --->   Core 9 'Cmp' <Latency = 0> <II = 1> <Delay = 2.55> <FuncUnit> <Opcode : 'seteq' 'setne' 'setle' 'setge' 'setlt' 'setgt'> <InPorts = 2> <OutPorts = 1>
ST_1 : Operation 14 [1/1] (0.00ns)   --->   "%pX_1_load = load i32 %pX_1" [firmware/nnet_utils/nnet_pooling_stream.h:76->firmware/nnet_utils/nnet_pooling_stream.h:115]   --->   Operation 14 'load' 'pX_1_load' <Predicate = true> <Delay = 0.00>
ST_1 : Operation 15 [1/1] (1.73ns)   --->   "%add_ln109 = add i10 %indvar_flatten2_load, i10 1" [firmware/nnet_utils/nnet_pooling_stream.h:109]   --->   Operation 15 'add' 'add_ln109' <Predicate = true> <Delay = 1.73> <CoreInst = "Adder">   --->   Core 1 'Adder' <Latency = 0> <II = 1> <Delay = 1.73> <FuncUnit> <Opcode : 'add' 'sub'> <InPorts = 2> <OutPorts = 1>
ST_1 : Operation 16 [1/1] (0.00ns)   --->   "%br_ln55 = br i1 %icmp_ln55, void %if.end.i, void %land.lhs.true.i" [firmware/nnet_utils/nnet_pooling_stream.h:55->firmware/nnet_utils/nnet_pooling_stream.h:115]   --->   Operation 16 'br' 'br_ln55' <Predicate = true> <Delay = 0.00>
ST_1 : Operation 17 [1/1] (0.00ns)   --->   "%sY_1_load = load i32 %sY_1" [firmware/nnet_utils/nnet_pooling_stream.h:55->firmware/nnet_utils/nnet_pooling_stream.h:115]   --->   Operation 17 'load' 'sY_1_load' <Predicate = (icmp_ln55)> <Delay = 0.00>
ST_1 : Operation 18 [1/1] (2.55ns)   --->   "%icmp_ln55_4 = icmp_eq  i32 %sY_1_load, i32 1" [firmware/nnet_utils/nnet_pooling_stream.h:55->firmware/nnet_utils/nnet_pooling_stream.h:115]   --->   Operation 18 'icmp' 'icmp_ln55_4' <Predicate = (icmp_ln55)> <Delay = 2.55> <CoreInst = "Cmp">   --->   Core 9 'Cmp' <Latency = 0> <II = 1> <Delay = 2.55> <FuncUnit> <Opcode : 'seteq' 'setne' 'setle' 'setge' 'setlt' 'setgt'> <InPorts = 2> <OutPorts = 1>
ST_1 : Operation 19 [1/1] (0.00ns)   --->   "%pY_1_load = load i32 %pY_1" [firmware/nnet_utils/nnet_pooling_stream.h:55->firmware/nnet_utils/nnet_pooling_stream.h:115]   --->   Operation 19 'load' 'pY_1_load' <Predicate = (icmp_ln55)> <Delay = 0.00>
ST_1 : Operation 20 [1/1] (2.55ns)   --->   "%icmp_ln55_5 = icmp_sgt  i32 %pY_1_load, i32 0" [firmware/nnet_utils/nnet_pooling_stream.h:55->firmware/nnet_utils/nnet_pooling_stream.h:115]   --->   Operation 20 'icmp' 'icmp_ln55_5' <Predicate = (icmp_ln55)> <Delay = 2.55> <CoreInst = "Cmp">   --->   Core 9 'Cmp' <Latency = 0> <II = 1> <Delay = 2.55> <FuncUnit> <Opcode : 'seteq' 'setne' 'setle' 'setge' 'setlt' 'setgt'> <InPorts = 2> <OutPorts = 1>
ST_1 : Operation 21 [1/1] (2.55ns)   --->   "%icmp_ln55_6 = icmp_sgt  i32 %pX_1_load, i32 0" [firmware/nnet_utils/nnet_pooling_stream.h:55->firmware/nnet_utils/nnet_pooling_stream.h:115]   --->   Operation 21 'icmp' 'icmp_ln55_6' <Predicate = (icmp_ln55)> <Delay = 2.55> <CoreInst = "Cmp">   --->   Core 9 'Cmp' <Latency = 0> <II = 1> <Delay = 2.55> <FuncUnit> <Opcode : 'seteq' 'setne' 'setle' 'setge' 'setlt' 'setgt'> <InPorts = 2> <OutPorts = 1>
ST_1 : Operation 22 [1/1] (0.00ns) (grouped into LUT with out node and_ln55_2)   --->   "%and_ln55 = and i1 %icmp_ln55_5, i1 %icmp_ln55_6" [firmware/nnet_utils/nnet_pooling_stream.h:55->firmware/nnet_utils/nnet_pooling_stream.h:115]   --->   Operation 22 'and' 'and_ln55' <Predicate = (icmp_ln55)> <Delay = 0.00> <CoreInst = "LogicGate">   --->   Core 74 'LogicGate' <Latency = 0> <II = 1> <Delay = 0.97> <FuncUnit> <Opcode : 'and' 'or' 'xor'> <InPorts = 2> <OutPorts = 1>
ST_1 : Operation 23 [1/1] (0.97ns) (out node of the LUT)   --->   "%and_ln55_2 = and i1 %and_ln55, i1 %icmp_ln55_4" [firmware/nnet_utils/nnet_pooling_stream.h:55->firmware/nnet_utils/nnet_pooling_stream.h:115]   --->   Operation 23 'and' 'and_ln55_2' <Predicate = (icmp_ln55)> <Delay = 0.97> <CoreInst = "LogicGate">   --->   Core 74 'LogicGate' <Latency = 0> <II = 1> <Delay = 0.97> <FuncUnit> <Opcode : 'and' 'or' 'xor'> <InPorts = 2> <OutPorts = 1>
ST_1 : Operation 24 [1/1] (0.00ns)   --->   "%br_ln55 = br i1 %and_ln55_2, void %if.end.i, void %for.body11.i" [firmware/nnet_utils/nnet_pooling_stream.h:55->firmware/nnet_utils/nnet_pooling_stream.h:115]   --->   Operation 24 'br' 'br_ln55' <Predicate = (icmp_ln55)> <Delay = 0.00>
ST_1 : Operation 25 [1/1] (2.55ns)   --->   "%add_ln76 = add i32 %pX_1_load, i32 1" [firmware/nnet_utils/nnet_pooling_stream.h:76->firmware/nnet_utils/nnet_pooling_stream.h:115]   --->   Operation 25 'add' 'add_ln76' <Predicate = true> <Delay = 2.55> <CoreInst = "Adder">   --->   Core 1 'Adder' <Latency = 0> <II = 1> <Delay = 2.55> <FuncUnit> <Opcode : 'add' 'sub'> <InPorts = 2> <OutPorts = 1>
ST_1 : Operation 26 [1/1] (2.55ns)   --->   "%icmp_ln76 = icmp_eq  i32 %add_ln76, i32 51" [firmware/nnet_utils/nnet_pooling_stream.h:76->firmware/nnet_utils/nnet_pooling_stream.h:115]   --->   Operation 26 'icmp' 'icmp_ln76' <Predicate = true> <Delay = 2.55> <CoreInst = "Cmp">   --->   Core 9 'Cmp' <Latency = 0> <II = 1> <Delay = 2.55> <FuncUnit> <Opcode : 'seteq' 'setne' 'setle' 'setge' 'setlt' 'setgt'> <InPorts = 2> <OutPorts = 1>
ST_1 : Operation 27 [1/1] (0.00ns)   --->   "%br_ln76 = br i1 %icmp_ln76, void %if.else30.i, void %if.then19.i" [firmware/nnet_utils/nnet_pooling_stream.h:76->firmware/nnet_utils/nnet_pooling_stream.h:115]   --->   Operation 27 'br' 'br_ln76' <Predicate = true> <Delay = 0.00>
ST_1 : Operation 28 [1/1] (1.58ns)   --->   "%store_ln89 = store i32 %add_ln76, i32 %pX_1" [firmware/nnet_utils/nnet_pooling_stream.h:89->firmware/nnet_utils/nnet_pooling_stream.h:115]   --->   Operation 28 'store' 'store_ln89' <Predicate = (!icmp_ln76)> <Delay = 1.58>
ST_1 : Operation 29 [1/1] (2.55ns)   --->   "%add_ln91 = add i32 %sX_1_load, i32 1" [firmware/nnet_utils/nnet_pooling_stream.h:91->firmware/nnet_utils/nnet_pooling_stream.h:115]   --->   Operation 29 'add' 'add_ln91' <Predicate = (!icmp_ln76)> <Delay = 2.55> <CoreInst = "Adder">   --->   Core 1 'Adder' <Latency = 0> <II = 1> <Delay = 2.55> <FuncUnit> <Opcode : 'add' 'sub'> <InPorts = 2> <OutPorts = 1>
ST_1 : Operation 30 [1/1] (0.69ns)   --->   "%select_ln91 = select i1 %icmp_ln55, i32 0, i32 %add_ln91" [firmware/nnet_utils/nnet_pooling_stream.h:91->firmware/nnet_utils/nnet_pooling_stream.h:115]   --->   Operation 30 'select' 'select_ln91' <Predicate = (!icmp_ln76)> <Delay = 0.69> <CoreInst = "Sel">   --->   Core 73 'Sel' <Latency = 0> <II = 1> <Delay = 0.69> <FuncUnit> <Opcode : 'select'> <InPorts = 3> <OutPorts = 1>
ST_1 : Operation 31 [1/1] (1.58ns)   --->   "%store_ln91 = store i32 %select_ln91, i32 %sX_1" [firmware/nnet_utils/nnet_pooling_stream.h:91->firmware/nnet_utils/nnet_pooling_stream.h:115]   --->   Operation 31 'store' 'store_ln91' <Predicate = (!icmp_ln76)> <Delay = 1.58>
ST_1 : Operation 32 [1/1] (0.00ns)   --->   "%br_ln0 = br void %for.inc"   --->   Operation 32 'br' 'br_ln0' <Predicate = (!icmp_ln76)> <Delay = 0.00>
ST_1 : Operation 33 [1/1] (1.58ns)   --->   "%store_ln78 = store i32 0, i32 %pX_1" [firmware/nnet_utils/nnet_pooling_stream.h:78->firmware/nnet_utils/nnet_pooling_stream.h:115]   --->   Operation 33 'store' 'store_ln78' <Predicate = (icmp_ln76)> <Delay = 1.58>
ST_1 : Operation 34 [1/1] (1.58ns)   --->   "%store_ln79 = store i32 0, i32 %sX_1" [firmware/nnet_utils/nnet_pooling_stream.h:79->firmware/nnet_utils/nnet_pooling_stream.h:115]   --->   Operation 34 'store' 'store_ln79' <Predicate = (icmp_ln76)> <Delay = 1.58>
ST_1 : Operation 35 [1/1] (0.00ns)   --->   "%pY_1_load_1 = load i32 %pY_1" [firmware/nnet_utils/nnet_pooling_stream.h:80->firmware/nnet_utils/nnet_pooling_stream.h:115]   --->   Operation 35 'load' 'pY_1_load_1' <Predicate = (icmp_ln76)> <Delay = 0.00>
ST_1 : Operation 36 [1/1] (2.55ns)   --->   "%add_ln80 = add i32 %pY_1_load_1, i32 1" [firmware/nnet_utils/nnet_pooling_stream.h:80->firmware/nnet_utils/nnet_pooling_stream.h:115]   --->   Operation 36 'add' 'add_ln80' <Predicate = (icmp_ln76)> <Delay = 2.55> <CoreInst = "Adder">   --->   Core 1 'Adder' <Latency = 0> <II = 1> <Delay = 2.55> <FuncUnit> <Opcode : 'add' 'sub'> <InPorts = 2> <OutPorts = 1>
ST_1 : Operation 37 [1/1] (2.55ns)   --->   "%icmp_ln80 = icmp_eq  i32 %add_ln80, i32 20" [firmware/nnet_utils/nnet_pooling_stream.h:80->firmware/nnet_utils/nnet_pooling_stream.h:115]   --->   Operation 37 'icmp' 'icmp_ln80' <Predicate = (icmp_ln76)> <Delay = 2.55> <CoreInst = "Cmp">   --->   Core 9 'Cmp' <Latency = 0> <II = 1> <Delay = 2.55> <FuncUnit> <Opcode : 'seteq' 'setne' 'setle' 'setge' 'setlt' 'setgt'> <InPorts = 2> <OutPorts = 1>
ST_1 : Operation 38 [1/1] (0.00ns)   --->   "%br_ln80 = br i1 %icmp_ln80, void %if.else.i, void %if.then22.i" [firmware/nnet_utils/nnet_pooling_stream.h:80->firmware/nnet_utils/nnet_pooling_stream.h:115]   --->   Operation 38 'br' 'br_ln80' <Predicate = (icmp_ln76)> <Delay = 0.00>
ST_1 : Operation 39 [1/1] (1.58ns)   --->   "%store_ln84 = store i32 %add_ln80, i32 %pY_1" [firmware/nnet_utils/nnet_pooling_stream.h:84->firmware/nnet_utils/nnet_pooling_stream.h:115]   --->   Operation 39 'store' 'store_ln84' <Predicate = (icmp_ln76 & !icmp_ln80)> <Delay = 1.58>
ST_1 : Operation 40 [1/1] (0.00ns)   --->   "%sY_1_load_1 = load i32 %sY_1" [firmware/nnet_utils/nnet_pooling_stream.h:86->firmware/nnet_utils/nnet_pooling_stream.h:115]   --->   Operation 40 'load' 'sY_1_load_1' <Predicate = (icmp_ln76 & !icmp_ln80)> <Delay = 0.00>
ST_1 : Operation 41 [1/1] (2.55ns)   --->   "%icmp_ln86 = icmp_eq  i32 %sY_1_load_1, i32 1" [firmware/nnet_utils/nnet_pooling_stream.h:86->firmware/nnet_utils/nnet_pooling_stream.h:115]   --->   Operation 41 'icmp' 'icmp_ln86' <Predicate = (icmp_ln76 & !icmp_ln80)> <Delay = 2.55> <CoreInst = "Cmp">   --->   Core 9 'Cmp' <Latency = 0> <II = 1> <Delay = 2.55> <FuncUnit> <Opcode : 'seteq' 'setne' 'setle' 'setge' 'setlt' 'setgt'> <InPorts = 2> <OutPorts = 1>
ST_1 : Operation 42 [1/1] (2.55ns)   --->   "%add_ln86 = add i32 %sY_1_load_1, i32 1" [firmware/nnet_utils/nnet_pooling_stream.h:86->firmware/nnet_utils/nnet_pooling_stream.h:115]   --->   Operation 42 'add' 'add_ln86' <Predicate = (icmp_ln76 & !icmp_ln80)> <Delay = 2.55> <CoreInst = "Adder">   --->   Core 1 'Adder' <Latency = 0> <II = 1> <Delay = 2.55> <FuncUnit> <Opcode : 'add' 'sub'> <InPorts = 2> <OutPorts = 1>
ST_1 : Operation 43 [1/1] (0.69ns)   --->   "%select_ln86 = select i1 %icmp_ln86, i32 0, i32 %add_ln86" [firmware/nnet_utils/nnet_pooling_stream.h:86->firmware/nnet_utils/nnet_pooling_stream.h:115]   --->   Operation 43 'select' 'select_ln86' <Predicate = (icmp_ln76 & !icmp_ln80)> <Delay = 0.69> <CoreInst = "Sel">   --->   Core 73 'Sel' <Latency = 0> <II = 1> <Delay = 0.69> <FuncUnit> <Opcode : 'select'> <InPorts = 3> <OutPorts = 1>
ST_1 : Operation 44 [1/1] (1.58ns)   --->   "%br_ln0 = br void %if.end29.i"   --->   Operation 44 'br' 'br_ln0' <Predicate = (icmp_ln76 & !icmp_ln80)> <Delay = 1.58>
ST_1 : Operation 45 [1/1] (1.58ns)   --->   "%store_ln81 = store i32 0, i32 %pY_1" [firmware/nnet_utils/nnet_pooling_stream.h:81->firmware/nnet_utils/nnet_pooling_stream.h:115]   --->   Operation 45 'store' 'store_ln81' <Predicate = (icmp_ln76 & icmp_ln80)> <Delay = 1.58>
ST_1 : Operation 46 [1/1] (1.58ns)   --->   "%br_ln83 = br void %if.end29.i" [firmware/nnet_utils/nnet_pooling_stream.h:83->firmware/nnet_utils/nnet_pooling_stream.h:115]   --->   Operation 46 'br' 'br_ln83' <Predicate = (icmp_ln76 & icmp_ln80)> <Delay = 1.58>
ST_1 : Operation 47 [1/1] (1.73ns)   --->   "%icmp_ln109 = icmp_eq  i10 %indvar_flatten2_load, i10 1019" [firmware/nnet_utils/nnet_pooling_stream.h:109]   --->   Operation 47 'icmp' 'icmp_ln109' <Predicate = true> <Delay = 1.73> <CoreInst = "Cmp">   --->   Core 9 'Cmp' <Latency = 0> <II = 1> <Delay = 1.73> <FuncUnit> <Opcode : 'seteq' 'setne' 'setle' 'setge' 'setlt' 'setgt'> <InPorts = 2> <OutPorts = 1>
ST_1 : Operation 48 [1/1] (1.58ns)   --->   "%store_ln109 = store i10 %add_ln109, i10 %indvar_flatten2" [firmware/nnet_utils/nnet_pooling_stream.h:109]   --->   Operation 48 'store' 'store_ln109' <Predicate = true> <Delay = 1.58>
ST_1 : Operation 49 [1/1] (0.00ns)   --->   "%br_ln109 = br i1 %icmp_ln109, void %for.inc15, void %for.end17" [firmware/nnet_utils/nnet_pooling_stream.h:109]   --->   Operation 49 'br' 'br_ln109' <Predicate = true> <Delay = 0.00>

State 2 <SV = 1> <Delay = 5.13>
ST_2 : Operation 50 [1/1] (0.00ns)   --->   "%specloopname_ln0 = specloopname void @_ssdm_op_SpecLoopName, void @ReadInputHeight_ReadInputWidth_str"   --->   Operation 50 'specloopname' 'specloopname_ln0' <Predicate = true> <Delay = 0.00>
ST_2 : Operation 51 [1/1] (0.00ns)   --->   "%speclooptripcount_ln0 = speclooptripcount void @_ssdm_op_SpecLoopTripCount, i64 1020, i64 1020, i64 1020"   --->   Operation 51 'speclooptripcount' 'speclooptripcount_ln0' <Predicate = true> <Delay = 0.00>
ST_2 : Operation 52 [1/1] (0.00ns)   --->   "%specpipeline_ln113 = specpipeline void @_ssdm_op_SpecPipeline, i32 4294967295, i32 0, i32 0, i32 0, void @empty_5" [firmware/nnet_utils/nnet_pooling_stream.h:113]   --->   Operation 52 'specpipeline' 'specpipeline_ln113' <Predicate = true> <Delay = 0.00>
ST_2 : Operation 53 [1/1] (3.52ns)   --->   "%layer4_out_read = read i240 @_ssdm_op_Read.ap_fifo.volatile.i240P0A, i240 %layer4_out" [firmware/nnet_utils/nnet_pooling_stream.h:115]   --->   Operation 53 'read' 'layer4_out_read' <Predicate = true> <Delay = 3.52> <CoreInst = "FIFO">   --->   Core 77 'FIFO' <Latency = 0> <II = 1> <Delay = 3.52> <Storage> <Opcode : 'read' 'write' 'nbread' 'nbwrite'> <Ports = 0> <Width = 240> <Depth = 1020> <FIFO>
ST_2 : Operation 54 [1/1] (0.00ns)   --->   "%trunc_ln115 = trunc i240 %layer4_out_read" [firmware/nnet_utils/nnet_pooling_stream.h:115]   --->   Operation 54 'trunc' 'trunc_ln115' <Predicate = true> <Delay = 0.00>
ST_2 : Operation 55 [1/1] (0.00ns)   --->   "%trunc_ln115_s = partselect i20 @_ssdm_op_PartSelect.i20.i240.i32.i32, i240 %layer4_out_read, i32 20, i32 39" [firmware/nnet_utils/nnet_pooling_stream.h:115]   --->   Operation 55 'partselect' 'trunc_ln115_s' <Predicate = true> <Delay = 0.00>
ST_2 : Operation 56 [1/1] (0.00ns)   --->   "%trunc_ln115_17 = partselect i20 @_ssdm_op_PartSelect.i20.i240.i32.i32, i240 %layer4_out_read, i32 40, i32 59" [firmware/nnet_utils/nnet_pooling_stream.h:115]   --->   Operation 56 'partselect' 'trunc_ln115_17' <Predicate = true> <Delay = 0.00>
ST_2 : Operation 57 [1/1] (0.00ns)   --->   "%trunc_ln115_18 = partselect i20 @_ssdm_op_PartSelect.i20.i240.i32.i32, i240 %layer4_out_read, i32 60, i32 79" [firmware/nnet_utils/nnet_pooling_stream.h:115]   --->   Operation 57 'partselect' 'trunc_ln115_18' <Predicate = true> <Delay = 0.00>
ST_2 : Operation 58 [1/1] (0.00ns)   --->   "%trunc_ln115_19 = partselect i20 @_ssdm_op_PartSelect.i20.i240.i32.i32, i240 %layer4_out_read, i32 80, i32 99" [firmware/nnet_utils/nnet_pooling_stream.h:115]   --->   Operation 58 'partselect' 'trunc_ln115_19' <Predicate = true> <Delay = 0.00>
ST_2 : Operation 59 [1/1] (0.00ns)   --->   "%trunc_ln115_20 = partselect i20 @_ssdm_op_PartSelect.i20.i240.i32.i32, i240 %layer4_out_read, i32 100, i32 119" [firmware/nnet_utils/nnet_pooling_stream.h:115]   --->   Operation 59 'partselect' 'trunc_ln115_20' <Predicate = true> <Delay = 0.00>
ST_2 : Operation 60 [1/1] (0.00ns)   --->   "%trunc_ln115_21 = partselect i20 @_ssdm_op_PartSelect.i20.i240.i32.i32, i240 %layer4_out_read, i32 120, i32 139" [firmware/nnet_utils/nnet_pooling_stream.h:115]   --->   Operation 60 'partselect' 'trunc_ln115_21' <Predicate = true> <Delay = 0.00>
ST_2 : Operation 61 [1/1] (0.00ns)   --->   "%trunc_ln115_22 = partselect i20 @_ssdm_op_PartSelect.i20.i240.i32.i32, i240 %layer4_out_read, i32 140, i32 159" [firmware/nnet_utils/nnet_pooling_stream.h:115]   --->   Operation 61 'partselect' 'trunc_ln115_22' <Predicate = true> <Delay = 0.00>
ST_2 : Operation 62 [1/1] (0.00ns)   --->   "%trunc_ln115_23 = partselect i20 @_ssdm_op_PartSelect.i20.i240.i32.i32, i240 %layer4_out_read, i32 160, i32 179" [firmware/nnet_utils/nnet_pooling_stream.h:115]   --->   Operation 62 'partselect' 'trunc_ln115_23' <Predicate = true> <Delay = 0.00>
ST_2 : Operation 63 [1/1] (0.00ns)   --->   "%trunc_ln115_24 = partselect i20 @_ssdm_op_PartSelect.i20.i240.i32.i32, i240 %layer4_out_read, i32 180, i32 199" [firmware/nnet_utils/nnet_pooling_stream.h:115]   --->   Operation 63 'partselect' 'trunc_ln115_24' <Predicate = true> <Delay = 0.00>
ST_2 : Operation 64 [1/1] (0.00ns)   --->   "%trunc_ln115_25 = partselect i20 @_ssdm_op_PartSelect.i20.i240.i32.i32, i240 %layer4_out_read, i32 200, i32 219" [firmware/nnet_utils/nnet_pooling_stream.h:115]   --->   Operation 64 'partselect' 'trunc_ln115_25' <Predicate = true> <Delay = 0.00>
ST_2 : Operation 65 [1/1] (0.00ns)   --->   "%trunc_ln115_26 = partselect i20 @_ssdm_op_PartSelect.i20.i240.i32.i32, i240 %layer4_out_read, i32 220, i32 239" [firmware/nnet_utils/nnet_pooling_stream.h:115]   --->   Operation 65 'partselect' 'trunc_ln115_26' <Predicate = true> <Delay = 0.00>
ST_2 : Operation 66 [1/1] (1.61ns)   --->   "%call_ln52 = call void @shift_line_buffer<array<ap_fixed<20, 10, 5, 3, 0>, 12u>, config5>, i20 %trunc_ln115, i20 %trunc_ln115_s, i20 %trunc_ln115_17, i20 %trunc_ln115_18, i20 %trunc_ln115_19, i20 %trunc_ln115_20, i20 %trunc_ln115_21, i20 %trunc_ln115_22, i20 %trunc_ln115_23, i20 %trunc_ln115_24, i20 %trunc_ln115_25, i20 %trunc_ln115_26, i20 %p_ZZN4nnet22compute_pool_buffer_2dINS_5arrayI8ap_fixedILi20ELi10EL9ap_q_mode5EL9a_209, i20 %void_compute_pool_buffer_2d_array_const_ap_shift_reg_n_filt_stream_kernel_19, i20 %p_ZZN4nnet22compute_pool_buffer_2dINS_5arrayI8ap_fixedILi20ELi10EL9ap_q_mode5EL9a_210, i20 %void_compute_pool_buffer_2d_array_const_ap_shift_reg_n_filt_stream_kernel_18, i20 %p_ZZN4nnet22compute_pool_buffer_2dINS_5arrayI8ap_fixedILi20ELi10EL9ap_q_mode5EL9a_211, i20 %void_compute_pool_buffer_2d_array_const_ap_shift_reg_n_filt_stream_kernel_17, i20 %p_ZZN4nnet22compute_pool_buffer_2dINS_5arrayI8ap_fixedILi20ELi10EL9ap_q_mode5EL9a_212, i20 %void_compute_pool_buffer_2d_array_const_ap_shift_reg_n_filt_stream_kernel_16, i20 %p_ZZN4nnet22compute_pool_buffer_2dINS_5arrayI8ap_fixedILi20ELi10EL9ap_q_mode5EL9a_213, i20 %void_compute_pool_buffer_2d_array_const_ap_shift_reg_n_filt_stream_kernel_15, i20 %p_ZZN4nnet22compute_pool_buffer_2dINS_5arrayI8ap_fixedILi20ELi10EL9ap_q_mode5EL9a_214, i20 %void_compute_pool_buffer_2d_array_const_ap_shift_reg_n_filt_stream_kernel_14, i20 %p_ZZN4nnet22compute_pool_buffer_2dINS_5arrayI8ap_fixedILi20ELi10EL9ap_q_mode5EL9a_215, i20 %void_compute_pool_buffer_2d_array_const_ap_shift_reg_n_filt_stream_kernel_13, i20 %p_ZZN4nnet22compute_pool_buffer_2dINS_5arrayI8ap_fixedILi20ELi10EL9ap_q_mode5EL9a_216, i20 %void_compute_pool_buffer_2d_array_const_ap_shift_reg_n_filt_stream_kernel_12, i20 %p_ZZN4nnet22compute_pool_buffer_2dINS_5arrayI8ap_fixedILi20ELi10EL9ap_q_mode5EL9a_217, i20 %void_compute_pool_buffer_2d_array_const_ap_shift_reg_n_filt_stream_kernel_11, i20 %p_ZZN4nnet22compute_pool_buffer_2dINS_5arrayI8ap_fixedILi20ELi10EL9ap_q_mode5EL9a_218, i20 %void_compute_pool_buffer_2d_array_const_ap_shift_reg_n_filt_stream_kernel_10, i20 %p_ZZN4nnet22compute_pool_buffer_2dINS_5arrayI8ap_fixedILi20ELi10EL9ap_q_mode5EL9a_219, i20 %p_ZZN4nnet22compute_pool_buffer_2dINS_5arrayI8ap_fixedILi20ELi10EL9ap_q_mode5EL9a_207, i20 %p_ZZN4nnet22compute_pool_buffer_2dINS_5arrayI8ap_fixedILi20ELi10EL9ap_q_mode5EL9a_220, i20 %p_ZZN4nnet22compute_pool_buffer_2dINS_5arrayI8ap_fixedILi20ELi10EL9ap_q_mode5EL9a_208, i20 %p_ZZN4nnet22compute_pool_buffer_2dINS_5arrayI8ap_fixedILi20ELi10EL9ap_q_mode5EL9a_233, i20 %p_ZZN4nnet22compute_pool_buffer_2dINS_5arrayI8ap_fixedILi20ELi10EL9ap_q_mode5EL9a_221, i20 %p_ZZN4nnet22compute_pool_buffer_2dINS_5arrayI8ap_fixedILi20ELi10EL9ap_q_mode5EL9a_234, i20 %p_ZZN4nnet22compute_pool_buffer_2dINS_5arrayI8ap_fixedILi20ELi10EL9ap_q_mode5EL9a_222, i20 %p_ZZN4nnet22compute_pool_buffer_2dINS_5arrayI8ap_fixedILi20ELi10EL9ap_q_mode5EL9a_235, i20 %p_ZZN4nnet22compute_pool_buffer_2dINS_5arrayI8ap_fixedILi20ELi10EL9ap_q_mode5EL9a_223, i20 %p_ZZN4nnet22compute_pool_buffer_2dINS_5arrayI8ap_fixedILi20ELi10EL9ap_q_mode5EL9a_236, i20 %p_ZZN4nnet22compute_pool_buffer_2dINS_5arrayI8ap_fixedILi20ELi10EL9ap_q_mode5EL9a_224, i20 %p_ZZN4nnet22compute_pool_buffer_2dINS_5arrayI8ap_fixedILi20ELi10EL9ap_q_mode5EL9a_237, i20 %p_ZZN4nnet22compute_pool_buffer_2dINS_5arrayI8ap_fixedILi20ELi10EL9ap_q_mode5EL9a_225, i20 %p_ZZN4nnet22compute_pool_buffer_2dINS_5arrayI8ap_fixedILi20ELi10EL9ap_q_mode5EL9a_238, i20 %p_ZZN4nnet22compute_pool_buffer_2dINS_5arrayI8ap_fixedILi20ELi10EL9ap_q_mode5EL9a_226, i20 %p_ZZN4nnet22compute_pool_buffer_2dINS_5arrayI8ap_fixedILi20ELi10EL9ap_q_mode5EL9a_239, i20 %p_ZZN4nnet22compute_pool_buffer_2dINS_5arrayI8ap_fixedILi20ELi10EL9ap_q_mode5EL9a_227, i20 %p_ZZN4nnet22compute_pool_buffer_2dINS_5arrayI8ap_fixedILi20ELi10EL9ap_q_mode5EL9a_240, i20 %p_ZZN4nnet22compute_pool_buffer_2dINS_5arrayI8ap_fixedILi20ELi10EL9ap_q_mode5EL9a_228, i20 %p_ZZN4nnet22compute_pool_buffer_2dINS_5arrayI8ap_fixedILi20ELi10EL9ap_q_mode5EL9a_241, i20 %p_ZZN4nnet22compute_pool_buffer_2dINS_5arrayI8ap_fixedILi20ELi10EL9ap_q_mode5EL9a_229, i20 %p_ZZN4nnet22compute_pool_buffer_2dINS_5arrayI8ap_fixedILi20ELi10EL9ap_q_mode5EL9a_242, i20 %p_ZZN4nnet22compute_pool_buffer_2dINS_5arrayI8ap_fixedILi20ELi10EL9ap_q_mode5EL9a_230, i20 %p_ZZN4nnet22compute_pool_buffer_2dINS_5arrayI8ap_fixedILi20ELi10EL9ap_q_mode5EL9a_243, i20 %p_ZZN4nnet22compute_pool_buffer_2dINS_5arrayI8ap_fixedILi20ELi10EL9ap_q_mode5EL9a_231, i20 %p_ZZN4nnet22compute_pool_buffer_2dINS_5arrayI8ap_fixedILi20ELi10EL9ap_q_mode5EL9a_244, i20 %p_ZZN4nnet22compute_pool_buffer_2dINS_5arrayI8ap_fixedILi20ELi10EL9ap_q_mode5EL9a_232, i20 %void_pooling2d_cl_stream_stream_array_ap_fixed_12u_0_line_buffer_9, i20 %void_pooling2d_cl_stream_stream_array_ap_fixed_12u_0_line_buffer_8, i20 %void_pooling2d_cl_stream_stream_array_ap_fixed_12u_0_line_buffer_7, i20 %void_pooling2d_cl_stream_stream_array_ap_fixed_12u_0_line_buffer_6, i20 %void_pooling2d_cl_stream_stream_array_ap_fixed_12u_0_line_buffer_5, i20 %void_pooling2d_cl_stream_stream_array_ap_fixed_12u_0_line_buffer_4, i20 %void_pooling2d_cl_stream_stream_array_ap_fixed_12u_0_line_buffer_3, i20 %void_pooling2d_cl_stream_stream_array_ap_fixed_12u_0_line_buffer_2, i20 %void_pooling2d_cl_stream_stream_array_ap_fixed_12u_0_line_buffer_1, i20 %void_pooling2d_cl_stream_stream_array_ap_fixed_12u_0_line_buffer, i20 %p_ZZN4nnet12pooling2d_clINS_5arrayI8ap_fixedILi20ELi10EL9ap_q_mode5EL9ap_o_mode3E_9, i20 %p_ZZN4nnet12pooling2d_clINS_5arrayI8ap_fixedILi20ELi10EL9ap_q_mode5EL9ap_o_mode3E_8" [firmware/nnet_utils/nnet_pooling_stream.h:52->firmware/nnet_utils/nnet_pooling_stream.h:115]   --->   Operation 66 'call' 'call_ln52' <Predicate = true> <Delay = 1.61> <CoreType = "Generic">   --->   Core 0 '' <Latency = 0> <II = 1> <Delay = 1.00> <Generic> <Opcode : >
ST_2 : Operation 67 [1/1] (0.00ns)   --->   "%storemerge = phi i32 %select_ln86, void %if.else.i, i32 0, void %if.then22.i" [firmware/nnet_utils/nnet_pooling_stream.h:86->firmware/nnet_utils/nnet_pooling_stream.h:115]   --->   Operation 67 'phi' 'storemerge' <Predicate = (icmp_ln76)> <Delay = 0.00>
ST_2 : Operation 68 [1/1] (0.00ns)   --->   "%store_ln82 = store i32 %storemerge, i32 %sY_1" [firmware/nnet_utils/nnet_pooling_stream.h:82->firmware/nnet_utils/nnet_pooling_stream.h:115]   --->   Operation 68 'store' 'store_ln82' <Predicate = (icmp_ln76)> <Delay = 0.00>
ST_2 : Operation 69 [1/1] (0.00ns)   --->   "%br_ln88 = br void %for.inc" [firmware/nnet_utils/nnet_pooling_stream.h:88->firmware/nnet_utils/nnet_pooling_stream.h:115]   --->   Operation 69 'br' 'br_ln88' <Predicate = (icmp_ln76)> <Delay = 0.00>

State 3 <SV = 2> <Delay = 9.89>
ST_3 : Operation 70 [1/1] (0.00ns)   --->   "%void_compute_pool_buffer_2d_array_const_ap_shift_reg_n_filt_stream_kernel_30 = load i20 %void_compute_pool_buffer_2d_array_const_ap_shift_reg_n_filt_stream_kernel_19" [firmware/nnet_utils/nnet_pooling_stream.h:63->firmware/nnet_utils/nnet_pooling_stream.h:115]   --->   Operation 70 'load' 'void_compute_pool_buffer_2d_array_const_ap_shift_reg_n_filt_stream_kernel_30' <Predicate = (icmp_ln55 & and_ln55_2)> <Delay = 0.00>
ST_3 : Operation 71 [1/1] (0.00ns)   --->   "%p_ZZN4nnet22compute_pool_buffer_2dINS_5arrayI8ap_fixedILi20ELi10EL9ap_q_mode5EL9a_653 = load i20 %p_ZZN4nnet22compute_pool_buffer_2dINS_5arrayI8ap_fixedILi20ELi10EL9ap_q_mode5EL9a_209" [firmware/nnet_utils/nnet_pooling_stream.h:63->firmware/nnet_utils/nnet_pooling_stream.h:115]   --->   Operation 71 'load' 'p_ZZN4nnet22compute_pool_buffer_2dINS_5arrayI8ap_fixedILi20ELi10EL9ap_q_mode5EL9a_653' <Predicate = (icmp_ln55 & and_ln55_2)> <Delay = 0.00>
ST_3 : Operation 72 [1/1] (0.00ns)   --->   "%p_ZZN4nnet22compute_pool_buffer_2dINS_5arrayI8ap_fixedILi20ELi10EL9ap_q_mode5EL9a_654 = load i20 %p_ZZN4nnet22compute_pool_buffer_2dINS_5arrayI8ap_fixedILi20ELi10EL9ap_q_mode5EL9a_221" [firmware/nnet_utils/nnet_pooling_stream.h:63->firmware/nnet_utils/nnet_pooling_stream.h:115]   --->   Operation 72 'load' 'p_ZZN4nnet22compute_pool_buffer_2dINS_5arrayI8ap_fixedILi20ELi10EL9ap_q_mode5EL9a_654' <Predicate = (icmp_ln55 & and_ln55_2)> <Delay = 0.00>
ST_3 : Operation 73 [1/1] (0.00ns)   --->   "%p_ZZN4nnet22compute_pool_buffer_2dINS_5arrayI8ap_fixedILi20ELi10EL9ap_q_mode5EL9a_655 = load i20 %p_ZZN4nnet22compute_pool_buffer_2dINS_5arrayI8ap_fixedILi20ELi10EL9ap_q_mode5EL9a_233" [firmware/nnet_utils/nnet_pooling_stream.h:63->firmware/nnet_utils/nnet_pooling_stream.h:115]   --->   Operation 73 'load' 'p_ZZN4nnet22compute_pool_buffer_2dINS_5arrayI8ap_fixedILi20ELi10EL9ap_q_mode5EL9a_655' <Predicate = (icmp_ln55 & and_ln55_2)> <Delay = 0.00>
ST_3 : Operation 74 [1/1] (2.19ns)   --->   "%icmp_ln66 = icmp_slt  i20 %void_compute_pool_buffer_2d_array_const_ap_shift_reg_n_filt_stream_kernel_30, i20 %p_ZZN4nnet22compute_pool_buffer_2dINS_5arrayI8ap_fixedILi20ELi10EL9ap_q_mode5EL9a_653" [firmware/nnet_utils/nnet_common.h:66->firmware/nnet_utils/nnet_common.h:44->firmware/nnet_utils/nnet_common.h:46->firmware/nnet_utils/nnet_pooling_stream.h:21->firmware/nnet_utils/nnet_pooling_stream.h:68->firmware/nnet_utils/nnet_pooling_stream.h:115]   --->   Operation 74 'icmp' 'icmp_ln66' <Predicate = (icmp_ln55 & and_ln55_2)> <Delay = 2.19> <CoreInst = "Cmp">   --->   Core 9 'Cmp' <Latency = 0> <II = 1> <Delay = 2.19> <FuncUnit> <Opcode : 'seteq' 'setne' 'setle' 'setge' 'setlt' 'setgt'> <InPorts = 2> <OutPorts = 1>
ST_3 : Operation 75 [1/1] (0.00ns) (grouped into LUT with out node select_ln0)   --->   "%xor_ln66 = xor i1 %icmp_ln66, i1 1" [firmware/nnet_utils/nnet_common.h:66->firmware/nnet_utils/nnet_common.h:44->firmware/nnet_utils/nnet_common.h:46->firmware/nnet_utils/nnet_pooling_stream.h:21->firmware/nnet_utils/nnet_pooling_stream.h:68->firmware/nnet_utils/nnet_pooling_stream.h:115]   --->   Operation 75 'xor' 'xor_ln66' <Predicate = (icmp_ln55 & and_ln55_2)> <Delay = 0.00> <CoreInst = "LogicGate">   --->   Core 74 'LogicGate' <Latency = 0> <II = 1> <Delay = 0.97> <FuncUnit> <Opcode : 'and' 'or' 'xor'> <InPorts = 2> <OutPorts = 1>
ST_3 : Operation 76 [1/1] (0.97ns) (out node of the LUT)   --->   "%select_ln0 = select i1 %xor_ln66, i20 %void_compute_pool_buffer_2d_array_const_ap_shift_reg_n_filt_stream_kernel_30, i20 %p_ZZN4nnet22compute_pool_buffer_2dINS_5arrayI8ap_fixedILi20ELi10EL9ap_q_mode5EL9a_653" [firmware/nnet_utils/nnet_common.h:0->firmware/nnet_utils/nnet_common.h:46->firmware/nnet_utils/nnet_pooling_stream.h:21->firmware/nnet_utils/nnet_pooling_stream.h:68->firmware/nnet_utils/nnet_pooling_stream.h:115]   --->   Operation 76 'select' 'select_ln0' <Predicate = (icmp_ln55 & and_ln55_2)> <Delay = 0.97> <CoreInst = "Sel">   --->   Core 73 'Sel' <Latency = 0> <II = 1> <Delay = 0.70> <FuncUnit> <Opcode : 'select'> <InPorts = 3> <OutPorts = 1>
ST_3 : Operation 77 [1/1] (2.19ns)   --->   "%icmp_ln66_162 = icmp_slt  i20 %p_ZZN4nnet22compute_pool_buffer_2dINS_5arrayI8ap_fixedILi20ELi10EL9ap_q_mode5EL9a_654, i20 %p_ZZN4nnet22compute_pool_buffer_2dINS_5arrayI8ap_fixedILi20ELi10EL9ap_q_mode5EL9a_655" [firmware/nnet_utils/nnet_common.h:66->firmware/nnet_utils/nnet_common.h:44->firmware/nnet_utils/nnet_common.h:46->firmware/nnet_utils/nnet_pooling_stream.h:21->firmware/nnet_utils/nnet_pooling_stream.h:68->firmware/nnet_utils/nnet_pooling_stream.h:115]   --->   Operation 77 'icmp' 'icmp_ln66_162' <Predicate = (icmp_ln55 & and_ln55_2)> <Delay = 2.19> <CoreInst = "Cmp">   --->   Core 9 'Cmp' <Latency = 0> <II = 1> <Delay = 2.19> <FuncUnit> <Opcode : 'seteq' 'setne' 'setle' 'setge' 'setlt' 'setgt'> <InPorts = 2> <OutPorts = 1>
ST_3 : Operation 78 [1/1] (0.00ns) (grouped into LUT with out node select_ln0_144)   --->   "%xor_ln66_162 = xor i1 %icmp_ln66_162, i1 1" [firmware/nnet_utils/nnet_common.h:66->firmware/nnet_utils/nnet_common.h:44->firmware/nnet_utils/nnet_common.h:46->firmware/nnet_utils/nnet_pooling_stream.h:21->firmware/nnet_utils/nnet_pooling_stream.h:68->firmware/nnet_utils/nnet_pooling_stream.h:115]   --->   Operation 78 'xor' 'xor_ln66_162' <Predicate = (icmp_ln55 & and_ln55_2)> <Delay = 0.00> <CoreInst = "LogicGate">   --->   Core 74 'LogicGate' <Latency = 0> <II = 1> <Delay = 0.97> <FuncUnit> <Opcode : 'and' 'or' 'xor'> <InPorts = 2> <OutPorts = 1>
ST_3 : Operation 79 [1/1] (0.97ns) (out node of the LUT)   --->   "%select_ln0_144 = select i1 %xor_ln66_162, i20 %p_ZZN4nnet22compute_pool_buffer_2dINS_5arrayI8ap_fixedILi20ELi10EL9ap_q_mode5EL9a_654, i20 %p_ZZN4nnet22compute_pool_buffer_2dINS_5arrayI8ap_fixedILi20ELi10EL9ap_q_mode5EL9a_655" [firmware/nnet_utils/nnet_common.h:0->firmware/nnet_utils/nnet_common.h:46->firmware/nnet_utils/nnet_pooling_stream.h:21->firmware/nnet_utils/nnet_pooling_stream.h:68->firmware/nnet_utils/nnet_pooling_stream.h:115]   --->   Operation 79 'select' 'select_ln0_144' <Predicate = (icmp_ln55 & and_ln55_2)> <Delay = 0.97> <CoreInst = "Sel">   --->   Core 73 'Sel' <Latency = 0> <II = 1> <Delay = 0.70> <FuncUnit> <Opcode : 'select'> <InPorts = 3> <OutPorts = 1>
ST_3 : Operation 80 [1/1] (2.19ns)   --->   "%icmp_ln66_163 = icmp_slt  i20 %select_ln0, i20 %select_ln0_144" [firmware/nnet_utils/nnet_common.h:66->firmware/nnet_utils/nnet_common.h:46->firmware/nnet_utils/nnet_pooling_stream.h:21->firmware/nnet_utils/nnet_pooling_stream.h:68->firmware/nnet_utils/nnet_pooling_stream.h:115]   --->   Operation 80 'icmp' 'icmp_ln66_163' <Predicate = (icmp_ln55 & and_ln55_2)> <Delay = 2.19> <CoreInst = "Cmp">   --->   Core 9 'Cmp' <Latency = 0> <II = 1> <Delay = 2.19> <FuncUnit> <Opcode : 'seteq' 'setne' 'setle' 'setge' 'setlt' 'setgt'> <InPorts = 2> <OutPorts = 1>
ST_3 : Operation 81 [1/1] (0.00ns) (grouped into LUT with out node res_pack)   --->   "%xor_ln66_163 = xor i1 %icmp_ln66_163, i1 1" [firmware/nnet_utils/nnet_common.h:66->firmware/nnet_utils/nnet_common.h:46->firmware/nnet_utils/nnet_pooling_stream.h:21->firmware/nnet_utils/nnet_pooling_stream.h:68->firmware/nnet_utils/nnet_pooling_stream.h:115]   --->   Operation 81 'xor' 'xor_ln66_163' <Predicate = (icmp_ln55 & and_ln55_2)> <Delay = 0.00> <CoreInst = "LogicGate">   --->   Core 74 'LogicGate' <Latency = 0> <II = 1> <Delay = 0.97> <FuncUnit> <Opcode : 'and' 'or' 'xor'> <InPorts = 2> <OutPorts = 1>
ST_3 : Operation 82 [1/1] (0.97ns) (out node of the LUT)   --->   "%res_pack = select i1 %xor_ln66_163, i20 %select_ln0, i20 %select_ln0_144" [firmware/nnet_utils/nnet_pooling_stream.h:67->firmware/nnet_utils/nnet_pooling_stream.h:115]   --->   Operation 82 'select' 'res_pack' <Predicate = (icmp_ln55 & and_ln55_2)> <Delay = 0.97> <CoreInst = "Sel">   --->   Core 73 'Sel' <Latency = 0> <II = 1> <Delay = 0.70> <FuncUnit> <Opcode : 'select'> <InPorts = 3> <OutPorts = 1>
ST_3 : Operation 83 [1/1] (0.00ns)   --->   "%void_compute_pool_buffer_2d_array_const_ap_shift_reg_n_filt_stream_kernel_31 = load i20 %void_compute_pool_buffer_2d_array_const_ap_shift_reg_n_filt_stream_kernel_18" [firmware/nnet_utils/nnet_pooling_stream.h:63->firmware/nnet_utils/nnet_pooling_stream.h:115]   --->   Operation 83 'load' 'void_compute_pool_buffer_2d_array_const_ap_shift_reg_n_filt_stream_kernel_31' <Predicate = (icmp_ln55 & and_ln55_2)> <Delay = 0.00>
ST_3 : Operation 84 [1/1] (0.00ns)   --->   "%p_ZZN4nnet22compute_pool_buffer_2dINS_5arrayI8ap_fixedILi20ELi10EL9ap_q_mode5EL9a_656 = load i20 %p_ZZN4nnet22compute_pool_buffer_2dINS_5arrayI8ap_fixedILi20ELi10EL9ap_q_mode5EL9a_210" [firmware/nnet_utils/nnet_pooling_stream.h:63->firmware/nnet_utils/nnet_pooling_stream.h:115]   --->   Operation 84 'load' 'p_ZZN4nnet22compute_pool_buffer_2dINS_5arrayI8ap_fixedILi20ELi10EL9ap_q_mode5EL9a_656' <Predicate = (icmp_ln55 & and_ln55_2)> <Delay = 0.00>
ST_3 : Operation 85 [1/1] (0.00ns)   --->   "%p_ZZN4nnet22compute_pool_buffer_2dINS_5arrayI8ap_fixedILi20ELi10EL9ap_q_mode5EL9a_657 = load i20 %p_ZZN4nnet22compute_pool_buffer_2dINS_5arrayI8ap_fixedILi20ELi10EL9ap_q_mode5EL9a_222" [firmware/nnet_utils/nnet_pooling_stream.h:63->firmware/nnet_utils/nnet_pooling_stream.h:115]   --->   Operation 85 'load' 'p_ZZN4nnet22compute_pool_buffer_2dINS_5arrayI8ap_fixedILi20ELi10EL9ap_q_mode5EL9a_657' <Predicate = (icmp_ln55 & and_ln55_2)> <Delay = 0.00>
ST_3 : Operation 86 [1/1] (0.00ns)   --->   "%p_ZZN4nnet22compute_pool_buffer_2dINS_5arrayI8ap_fixedILi20ELi10EL9ap_q_mode5EL9a_658 = load i20 %p_ZZN4nnet22compute_pool_buffer_2dINS_5arrayI8ap_fixedILi20ELi10EL9ap_q_mode5EL9a_234" [firmware/nnet_utils/nnet_pooling_stream.h:63->firmware/nnet_utils/nnet_pooling_stream.h:115]   --->   Operation 86 'load' 'p_ZZN4nnet22compute_pool_buffer_2dINS_5arrayI8ap_fixedILi20ELi10EL9ap_q_mode5EL9a_658' <Predicate = (icmp_ln55 & and_ln55_2)> <Delay = 0.00>
ST_3 : Operation 87 [1/1] (2.19ns)   --->   "%icmp_ln66_164 = icmp_slt  i20 %void_compute_pool_buffer_2d_array_const_ap_shift_reg_n_filt_stream_kernel_31, i20 %p_ZZN4nnet22compute_pool_buffer_2dINS_5arrayI8ap_fixedILi20ELi10EL9ap_q_mode5EL9a_656" [firmware/nnet_utils/nnet_common.h:66->firmware/nnet_utils/nnet_common.h:44->firmware/nnet_utils/nnet_common.h:46->firmware/nnet_utils/nnet_pooling_stream.h:21->firmware/nnet_utils/nnet_pooling_stream.h:68->firmware/nnet_utils/nnet_pooling_stream.h:115]   --->   Operation 87 'icmp' 'icmp_ln66_164' <Predicate = (icmp_ln55 & and_ln55_2)> <Delay = 2.19> <CoreInst = "Cmp">   --->   Core 9 'Cmp' <Latency = 0> <II = 1> <Delay = 2.19> <FuncUnit> <Opcode : 'seteq' 'setne' 'setle' 'setge' 'setlt' 'setgt'> <InPorts = 2> <OutPorts = 1>
ST_3 : Operation 88 [1/1] (0.00ns) (grouped into LUT with out node select_ln0_145)   --->   "%xor_ln66_164 = xor i1 %icmp_ln66_164, i1 1" [firmware/nnet_utils/nnet_common.h:66->firmware/nnet_utils/nnet_common.h:44->firmware/nnet_utils/nnet_common.h:46->firmware/nnet_utils/nnet_pooling_stream.h:21->firmware/nnet_utils/nnet_pooling_stream.h:68->firmware/nnet_utils/nnet_pooling_stream.h:115]   --->   Operation 88 'xor' 'xor_ln66_164' <Predicate = (icmp_ln55 & and_ln55_2)> <Delay = 0.00> <CoreInst = "LogicGate">   --->   Core 74 'LogicGate' <Latency = 0> <II = 1> <Delay = 0.97> <FuncUnit> <Opcode : 'and' 'or' 'xor'> <InPorts = 2> <OutPorts = 1>
ST_3 : Operation 89 [1/1] (0.97ns) (out node of the LUT)   --->   "%select_ln0_145 = select i1 %xor_ln66_164, i20 %void_compute_pool_buffer_2d_array_const_ap_shift_reg_n_filt_stream_kernel_31, i20 %p_ZZN4nnet22compute_pool_buffer_2dINS_5arrayI8ap_fixedILi20ELi10EL9ap_q_mode5EL9a_656" [firmware/nnet_utils/nnet_common.h:0->firmware/nnet_utils/nnet_common.h:46->firmware/nnet_utils/nnet_pooling_stream.h:21->firmware/nnet_utils/nnet_pooling_stream.h:68->firmware/nnet_utils/nnet_pooling_stream.h:115]   --->   Operation 89 'select' 'select_ln0_145' <Predicate = (icmp_ln55 & and_ln55_2)> <Delay = 0.97> <CoreInst = "Sel">   --->   Core 73 'Sel' <Latency = 0> <II = 1> <Delay = 0.70> <FuncUnit> <Opcode : 'select'> <InPorts = 3> <OutPorts = 1>
ST_3 : Operation 90 [1/1] (2.19ns)   --->   "%icmp_ln66_165 = icmp_slt  i20 %p_ZZN4nnet22compute_pool_buffer_2dINS_5arrayI8ap_fixedILi20ELi10EL9ap_q_mode5EL9a_657, i20 %p_ZZN4nnet22compute_pool_buffer_2dINS_5arrayI8ap_fixedILi20ELi10EL9ap_q_mode5EL9a_658" [firmware/nnet_utils/nnet_common.h:66->firmware/nnet_utils/nnet_common.h:44->firmware/nnet_utils/nnet_common.h:46->firmware/nnet_utils/nnet_pooling_stream.h:21->firmware/nnet_utils/nnet_pooling_stream.h:68->firmware/nnet_utils/nnet_pooling_stream.h:115]   --->   Operation 90 'icmp' 'icmp_ln66_165' <Predicate = (icmp_ln55 & and_ln55_2)> <Delay = 2.19> <CoreInst = "Cmp">   --->   Core 9 'Cmp' <Latency = 0> <II = 1> <Delay = 2.19> <FuncUnit> <Opcode : 'seteq' 'setne' 'setle' 'setge' 'setlt' 'setgt'> <InPorts = 2> <OutPorts = 1>
ST_3 : Operation 91 [1/1] (0.00ns) (grouped into LUT with out node select_ln0_146)   --->   "%xor_ln66_165 = xor i1 %icmp_ln66_165, i1 1" [firmware/nnet_utils/nnet_common.h:66->firmware/nnet_utils/nnet_common.h:44->firmware/nnet_utils/nnet_common.h:46->firmware/nnet_utils/nnet_pooling_stream.h:21->firmware/nnet_utils/nnet_pooling_stream.h:68->firmware/nnet_utils/nnet_pooling_stream.h:115]   --->   Operation 91 'xor' 'xor_ln66_165' <Predicate = (icmp_ln55 & and_ln55_2)> <Delay = 0.00> <CoreInst = "LogicGate">   --->   Core 74 'LogicGate' <Latency = 0> <II = 1> <Delay = 0.97> <FuncUnit> <Opcode : 'and' 'or' 'xor'> <InPorts = 2> <OutPorts = 1>
ST_3 : Operation 92 [1/1] (0.97ns) (out node of the LUT)   --->   "%select_ln0_146 = select i1 %xor_ln66_165, i20 %p_ZZN4nnet22compute_pool_buffer_2dINS_5arrayI8ap_fixedILi20ELi10EL9ap_q_mode5EL9a_657, i20 %p_ZZN4nnet22compute_pool_buffer_2dINS_5arrayI8ap_fixedILi20ELi10EL9ap_q_mode5EL9a_658" [firmware/nnet_utils/nnet_common.h:0->firmware/nnet_utils/nnet_common.h:46->firmware/nnet_utils/nnet_pooling_stream.h:21->firmware/nnet_utils/nnet_pooling_stream.h:68->firmware/nnet_utils/nnet_pooling_stream.h:115]   --->   Operation 92 'select' 'select_ln0_146' <Predicate = (icmp_ln55 & and_ln55_2)> <Delay = 0.97> <CoreInst = "Sel">   --->   Core 73 'Sel' <Latency = 0> <II = 1> <Delay = 0.70> <FuncUnit> <Opcode : 'select'> <InPorts = 3> <OutPorts = 1>
ST_3 : Operation 93 [1/1] (2.19ns)   --->   "%icmp_ln66_166 = icmp_slt  i20 %select_ln0_145, i20 %select_ln0_146" [firmware/nnet_utils/nnet_common.h:66->firmware/nnet_utils/nnet_common.h:46->firmware/nnet_utils/nnet_pooling_stream.h:21->firmware/nnet_utils/nnet_pooling_stream.h:68->firmware/nnet_utils/nnet_pooling_stream.h:115]   --->   Operation 93 'icmp' 'icmp_ln66_166' <Predicate = (icmp_ln55 & and_ln55_2)> <Delay = 2.19> <CoreInst = "Cmp">   --->   Core 9 'Cmp' <Latency = 0> <II = 1> <Delay = 2.19> <FuncUnit> <Opcode : 'seteq' 'setne' 'setle' 'setge' 'setlt' 'setgt'> <InPorts = 2> <OutPorts = 1>
ST_3 : Operation 94 [1/1] (0.00ns) (grouped into LUT with out node res_pack_18)   --->   "%xor_ln66_166 = xor i1 %icmp_ln66_166, i1 1" [firmware/nnet_utils/nnet_common.h:66->firmware/nnet_utils/nnet_common.h:46->firmware/nnet_utils/nnet_pooling_stream.h:21->firmware/nnet_utils/nnet_pooling_stream.h:68->firmware/nnet_utils/nnet_pooling_stream.h:115]   --->   Operation 94 'xor' 'xor_ln66_166' <Predicate = (icmp_ln55 & and_ln55_2)> <Delay = 0.00> <CoreInst = "LogicGate">   --->   Core 74 'LogicGate' <Latency = 0> <II = 1> <Delay = 0.97> <FuncUnit> <Opcode : 'and' 'or' 'xor'> <InPorts = 2> <OutPorts = 1>
ST_3 : Operation 95 [1/1] (0.97ns) (out node of the LUT)   --->   "%res_pack_18 = select i1 %xor_ln66_166, i20 %select_ln0_145, i20 %select_ln0_146" [firmware/nnet_utils/nnet_pooling_stream.h:67->firmware/nnet_utils/nnet_pooling_stream.h:115]   --->   Operation 95 'select' 'res_pack_18' <Predicate = (icmp_ln55 & and_ln55_2)> <Delay = 0.97> <CoreInst = "Sel">   --->   Core 73 'Sel' <Latency = 0> <II = 1> <Delay = 0.70> <FuncUnit> <Opcode : 'select'> <InPorts = 3> <OutPorts = 1>
ST_3 : Operation 96 [1/1] (0.00ns)   --->   "%void_compute_pool_buffer_2d_array_const_ap_shift_reg_n_filt_stream_kernel_32 = load i20 %void_compute_pool_buffer_2d_array_const_ap_shift_reg_n_filt_stream_kernel_17" [firmware/nnet_utils/nnet_pooling_stream.h:63->firmware/nnet_utils/nnet_pooling_stream.h:115]   --->   Operation 96 'load' 'void_compute_pool_buffer_2d_array_const_ap_shift_reg_n_filt_stream_kernel_32' <Predicate = (icmp_ln55 & and_ln55_2)> <Delay = 0.00>
ST_3 : Operation 97 [1/1] (0.00ns)   --->   "%p_ZZN4nnet22compute_pool_buffer_2dINS_5arrayI8ap_fixedILi20ELi10EL9ap_q_mode5EL9a_659 = load i20 %p_ZZN4nnet22compute_pool_buffer_2dINS_5arrayI8ap_fixedILi20ELi10EL9ap_q_mode5EL9a_211" [firmware/nnet_utils/nnet_pooling_stream.h:63->firmware/nnet_utils/nnet_pooling_stream.h:115]   --->   Operation 97 'load' 'p_ZZN4nnet22compute_pool_buffer_2dINS_5arrayI8ap_fixedILi20ELi10EL9ap_q_mode5EL9a_659' <Predicate = (icmp_ln55 & and_ln55_2)> <Delay = 0.00>
ST_3 : Operation 98 [1/1] (0.00ns)   --->   "%p_ZZN4nnet22compute_pool_buffer_2dINS_5arrayI8ap_fixedILi20ELi10EL9ap_q_mode5EL9a_660 = load i20 %p_ZZN4nnet22compute_pool_buffer_2dINS_5arrayI8ap_fixedILi20ELi10EL9ap_q_mode5EL9a_223" [firmware/nnet_utils/nnet_pooling_stream.h:63->firmware/nnet_utils/nnet_pooling_stream.h:115]   --->   Operation 98 'load' 'p_ZZN4nnet22compute_pool_buffer_2dINS_5arrayI8ap_fixedILi20ELi10EL9ap_q_mode5EL9a_660' <Predicate = (icmp_ln55 & and_ln55_2)> <Delay = 0.00>
ST_3 : Operation 99 [1/1] (0.00ns)   --->   "%p_ZZN4nnet22compute_pool_buffer_2dINS_5arrayI8ap_fixedILi20ELi10EL9ap_q_mode5EL9a_661 = load i20 %p_ZZN4nnet22compute_pool_buffer_2dINS_5arrayI8ap_fixedILi20ELi10EL9ap_q_mode5EL9a_235" [firmware/nnet_utils/nnet_pooling_stream.h:63->firmware/nnet_utils/nnet_pooling_stream.h:115]   --->   Operation 99 'load' 'p_ZZN4nnet22compute_pool_buffer_2dINS_5arrayI8ap_fixedILi20ELi10EL9ap_q_mode5EL9a_661' <Predicate = (icmp_ln55 & and_ln55_2)> <Delay = 0.00>
ST_3 : Operation 100 [1/1] (2.19ns)   --->   "%icmp_ln66_167 = icmp_slt  i20 %void_compute_pool_buffer_2d_array_const_ap_shift_reg_n_filt_stream_kernel_32, i20 %p_ZZN4nnet22compute_pool_buffer_2dINS_5arrayI8ap_fixedILi20ELi10EL9ap_q_mode5EL9a_659" [firmware/nnet_utils/nnet_common.h:66->firmware/nnet_utils/nnet_common.h:44->firmware/nnet_utils/nnet_common.h:46->firmware/nnet_utils/nnet_pooling_stream.h:21->firmware/nnet_utils/nnet_pooling_stream.h:68->firmware/nnet_utils/nnet_pooling_stream.h:115]   --->   Operation 100 'icmp' 'icmp_ln66_167' <Predicate = (icmp_ln55 & and_ln55_2)> <Delay = 2.19> <CoreInst = "Cmp">   --->   Core 9 'Cmp' <Latency = 0> <II = 1> <Delay = 2.19> <FuncUnit> <Opcode : 'seteq' 'setne' 'setle' 'setge' 'setlt' 'setgt'> <InPorts = 2> <OutPorts = 1>
ST_3 : Operation 101 [1/1] (0.00ns) (grouped into LUT with out node select_ln0_147)   --->   "%xor_ln66_167 = xor i1 %icmp_ln66_167, i1 1" [firmware/nnet_utils/nnet_common.h:66->firmware/nnet_utils/nnet_common.h:44->firmware/nnet_utils/nnet_common.h:46->firmware/nnet_utils/nnet_pooling_stream.h:21->firmware/nnet_utils/nnet_pooling_stream.h:68->firmware/nnet_utils/nnet_pooling_stream.h:115]   --->   Operation 101 'xor' 'xor_ln66_167' <Predicate = (icmp_ln55 & and_ln55_2)> <Delay = 0.00> <CoreInst = "LogicGate">   --->   Core 74 'LogicGate' <Latency = 0> <II = 1> <Delay = 0.97> <FuncUnit> <Opcode : 'and' 'or' 'xor'> <InPorts = 2> <OutPorts = 1>
ST_3 : Operation 102 [1/1] (0.97ns) (out node of the LUT)   --->   "%select_ln0_147 = select i1 %xor_ln66_167, i20 %void_compute_pool_buffer_2d_array_const_ap_shift_reg_n_filt_stream_kernel_32, i20 %p_ZZN4nnet22compute_pool_buffer_2dINS_5arrayI8ap_fixedILi20ELi10EL9ap_q_mode5EL9a_659" [firmware/nnet_utils/nnet_common.h:0->firmware/nnet_utils/nnet_common.h:46->firmware/nnet_utils/nnet_pooling_stream.h:21->firmware/nnet_utils/nnet_pooling_stream.h:68->firmware/nnet_utils/nnet_pooling_stream.h:115]   --->   Operation 102 'select' 'select_ln0_147' <Predicate = (icmp_ln55 & and_ln55_2)> <Delay = 0.97> <CoreInst = "Sel">   --->   Core 73 'Sel' <Latency = 0> <II = 1> <Delay = 0.70> <FuncUnit> <Opcode : 'select'> <InPorts = 3> <OutPorts = 1>
ST_3 : Operation 103 [1/1] (2.19ns)   --->   "%icmp_ln66_168 = icmp_slt  i20 %p_ZZN4nnet22compute_pool_buffer_2dINS_5arrayI8ap_fixedILi20ELi10EL9ap_q_mode5EL9a_660, i20 %p_ZZN4nnet22compute_pool_buffer_2dINS_5arrayI8ap_fixedILi20ELi10EL9ap_q_mode5EL9a_661" [firmware/nnet_utils/nnet_common.h:66->firmware/nnet_utils/nnet_common.h:44->firmware/nnet_utils/nnet_common.h:46->firmware/nnet_utils/nnet_pooling_stream.h:21->firmware/nnet_utils/nnet_pooling_stream.h:68->firmware/nnet_utils/nnet_pooling_stream.h:115]   --->   Operation 103 'icmp' 'icmp_ln66_168' <Predicate = (icmp_ln55 & and_ln55_2)> <Delay = 2.19> <CoreInst = "Cmp">   --->   Core 9 'Cmp' <Latency = 0> <II = 1> <Delay = 2.19> <FuncUnit> <Opcode : 'seteq' 'setne' 'setle' 'setge' 'setlt' 'setgt'> <InPorts = 2> <OutPorts = 1>
ST_3 : Operation 104 [1/1] (0.00ns) (grouped into LUT with out node select_ln0_148)   --->   "%xor_ln66_168 = xor i1 %icmp_ln66_168, i1 1" [firmware/nnet_utils/nnet_common.h:66->firmware/nnet_utils/nnet_common.h:44->firmware/nnet_utils/nnet_common.h:46->firmware/nnet_utils/nnet_pooling_stream.h:21->firmware/nnet_utils/nnet_pooling_stream.h:68->firmware/nnet_utils/nnet_pooling_stream.h:115]   --->   Operation 104 'xor' 'xor_ln66_168' <Predicate = (icmp_ln55 & and_ln55_2)> <Delay = 0.00> <CoreInst = "LogicGate">   --->   Core 74 'LogicGate' <Latency = 0> <II = 1> <Delay = 0.97> <FuncUnit> <Opcode : 'and' 'or' 'xor'> <InPorts = 2> <OutPorts = 1>
ST_3 : Operation 105 [1/1] (0.97ns) (out node of the LUT)   --->   "%select_ln0_148 = select i1 %xor_ln66_168, i20 %p_ZZN4nnet22compute_pool_buffer_2dINS_5arrayI8ap_fixedILi20ELi10EL9ap_q_mode5EL9a_660, i20 %p_ZZN4nnet22compute_pool_buffer_2dINS_5arrayI8ap_fixedILi20ELi10EL9ap_q_mode5EL9a_661" [firmware/nnet_utils/nnet_common.h:0->firmware/nnet_utils/nnet_common.h:46->firmware/nnet_utils/nnet_pooling_stream.h:21->firmware/nnet_utils/nnet_pooling_stream.h:68->firmware/nnet_utils/nnet_pooling_stream.h:115]   --->   Operation 105 'select' 'select_ln0_148' <Predicate = (icmp_ln55 & and_ln55_2)> <Delay = 0.97> <CoreInst = "Sel">   --->   Core 73 'Sel' <Latency = 0> <II = 1> <Delay = 0.70> <FuncUnit> <Opcode : 'select'> <InPorts = 3> <OutPorts = 1>
ST_3 : Operation 106 [1/1] (2.19ns)   --->   "%icmp_ln66_169 = icmp_slt  i20 %select_ln0_147, i20 %select_ln0_148" [firmware/nnet_utils/nnet_common.h:66->firmware/nnet_utils/nnet_common.h:46->firmware/nnet_utils/nnet_pooling_stream.h:21->firmware/nnet_utils/nnet_pooling_stream.h:68->firmware/nnet_utils/nnet_pooling_stream.h:115]   --->   Operation 106 'icmp' 'icmp_ln66_169' <Predicate = (icmp_ln55 & and_ln55_2)> <Delay = 2.19> <CoreInst = "Cmp">   --->   Core 9 'Cmp' <Latency = 0> <II = 1> <Delay = 2.19> <FuncUnit> <Opcode : 'seteq' 'setne' 'setle' 'setge' 'setlt' 'setgt'> <InPorts = 2> <OutPorts = 1>
ST_3 : Operation 107 [1/1] (0.00ns) (grouped into LUT with out node res_pack_19)   --->   "%xor_ln66_169 = xor i1 %icmp_ln66_169, i1 1" [firmware/nnet_utils/nnet_common.h:66->firmware/nnet_utils/nnet_common.h:46->firmware/nnet_utils/nnet_pooling_stream.h:21->firmware/nnet_utils/nnet_pooling_stream.h:68->firmware/nnet_utils/nnet_pooling_stream.h:115]   --->   Operation 107 'xor' 'xor_ln66_169' <Predicate = (icmp_ln55 & and_ln55_2)> <Delay = 0.00> <CoreInst = "LogicGate">   --->   Core 74 'LogicGate' <Latency = 0> <II = 1> <Delay = 0.97> <FuncUnit> <Opcode : 'and' 'or' 'xor'> <InPorts = 2> <OutPorts = 1>
ST_3 : Operation 108 [1/1] (0.97ns) (out node of the LUT)   --->   "%res_pack_19 = select i1 %xor_ln66_169, i20 %select_ln0_147, i20 %select_ln0_148" [firmware/nnet_utils/nnet_pooling_stream.h:67->firmware/nnet_utils/nnet_pooling_stream.h:115]   --->   Operation 108 'select' 'res_pack_19' <Predicate = (icmp_ln55 & and_ln55_2)> <Delay = 0.97> <CoreInst = "Sel">   --->   Core 73 'Sel' <Latency = 0> <II = 1> <Delay = 0.70> <FuncUnit> <Opcode : 'select'> <InPorts = 3> <OutPorts = 1>
ST_3 : Operation 109 [1/1] (0.00ns)   --->   "%void_compute_pool_buffer_2d_array_const_ap_shift_reg_n_filt_stream_kernel_33 = load i20 %void_compute_pool_buffer_2d_array_const_ap_shift_reg_n_filt_stream_kernel_16" [firmware/nnet_utils/nnet_pooling_stream.h:63->firmware/nnet_utils/nnet_pooling_stream.h:115]   --->   Operation 109 'load' 'void_compute_pool_buffer_2d_array_const_ap_shift_reg_n_filt_stream_kernel_33' <Predicate = (icmp_ln55 & and_ln55_2)> <Delay = 0.00>
ST_3 : Operation 110 [1/1] (0.00ns)   --->   "%p_ZZN4nnet22compute_pool_buffer_2dINS_5arrayI8ap_fixedILi20ELi10EL9ap_q_mode5EL9a_662 = load i20 %p_ZZN4nnet22compute_pool_buffer_2dINS_5arrayI8ap_fixedILi20ELi10EL9ap_q_mode5EL9a_212" [firmware/nnet_utils/nnet_pooling_stream.h:63->firmware/nnet_utils/nnet_pooling_stream.h:115]   --->   Operation 110 'load' 'p_ZZN4nnet22compute_pool_buffer_2dINS_5arrayI8ap_fixedILi20ELi10EL9ap_q_mode5EL9a_662' <Predicate = (icmp_ln55 & and_ln55_2)> <Delay = 0.00>
ST_3 : Operation 111 [1/1] (0.00ns)   --->   "%p_ZZN4nnet22compute_pool_buffer_2dINS_5arrayI8ap_fixedILi20ELi10EL9ap_q_mode5EL9a_663 = load i20 %p_ZZN4nnet22compute_pool_buffer_2dINS_5arrayI8ap_fixedILi20ELi10EL9ap_q_mode5EL9a_224" [firmware/nnet_utils/nnet_pooling_stream.h:63->firmware/nnet_utils/nnet_pooling_stream.h:115]   --->   Operation 111 'load' 'p_ZZN4nnet22compute_pool_buffer_2dINS_5arrayI8ap_fixedILi20ELi10EL9ap_q_mode5EL9a_663' <Predicate = (icmp_ln55 & and_ln55_2)> <Delay = 0.00>
ST_3 : Operation 112 [1/1] (0.00ns)   --->   "%p_ZZN4nnet22compute_pool_buffer_2dINS_5arrayI8ap_fixedILi20ELi10EL9ap_q_mode5EL9a_664 = load i20 %p_ZZN4nnet22compute_pool_buffer_2dINS_5arrayI8ap_fixedILi20ELi10EL9ap_q_mode5EL9a_236" [firmware/nnet_utils/nnet_pooling_stream.h:63->firmware/nnet_utils/nnet_pooling_stream.h:115]   --->   Operation 112 'load' 'p_ZZN4nnet22compute_pool_buffer_2dINS_5arrayI8ap_fixedILi20ELi10EL9ap_q_mode5EL9a_664' <Predicate = (icmp_ln55 & and_ln55_2)> <Delay = 0.00>
ST_3 : Operation 113 [1/1] (2.19ns)   --->   "%icmp_ln66_170 = icmp_slt  i20 %void_compute_pool_buffer_2d_array_const_ap_shift_reg_n_filt_stream_kernel_33, i20 %p_ZZN4nnet22compute_pool_buffer_2dINS_5arrayI8ap_fixedILi20ELi10EL9ap_q_mode5EL9a_662" [firmware/nnet_utils/nnet_common.h:66->firmware/nnet_utils/nnet_common.h:44->firmware/nnet_utils/nnet_common.h:46->firmware/nnet_utils/nnet_pooling_stream.h:21->firmware/nnet_utils/nnet_pooling_stream.h:68->firmware/nnet_utils/nnet_pooling_stream.h:115]   --->   Operation 113 'icmp' 'icmp_ln66_170' <Predicate = (icmp_ln55 & and_ln55_2)> <Delay = 2.19> <CoreInst = "Cmp">   --->   Core 9 'Cmp' <Latency = 0> <II = 1> <Delay = 2.19> <FuncUnit> <Opcode : 'seteq' 'setne' 'setle' 'setge' 'setlt' 'setgt'> <InPorts = 2> <OutPorts = 1>
ST_3 : Operation 114 [1/1] (0.00ns) (grouped into LUT with out node select_ln0_149)   --->   "%xor_ln66_170 = xor i1 %icmp_ln66_170, i1 1" [firmware/nnet_utils/nnet_common.h:66->firmware/nnet_utils/nnet_common.h:44->firmware/nnet_utils/nnet_common.h:46->firmware/nnet_utils/nnet_pooling_stream.h:21->firmware/nnet_utils/nnet_pooling_stream.h:68->firmware/nnet_utils/nnet_pooling_stream.h:115]   --->   Operation 114 'xor' 'xor_ln66_170' <Predicate = (icmp_ln55 & and_ln55_2)> <Delay = 0.00> <CoreInst = "LogicGate">   --->   Core 74 'LogicGate' <Latency = 0> <II = 1> <Delay = 0.97> <FuncUnit> <Opcode : 'and' 'or' 'xor'> <InPorts = 2> <OutPorts = 1>
ST_3 : Operation 115 [1/1] (0.97ns) (out node of the LUT)   --->   "%select_ln0_149 = select i1 %xor_ln66_170, i20 %void_compute_pool_buffer_2d_array_const_ap_shift_reg_n_filt_stream_kernel_33, i20 %p_ZZN4nnet22compute_pool_buffer_2dINS_5arrayI8ap_fixedILi20ELi10EL9ap_q_mode5EL9a_662" [firmware/nnet_utils/nnet_common.h:0->firmware/nnet_utils/nnet_common.h:46->firmware/nnet_utils/nnet_pooling_stream.h:21->firmware/nnet_utils/nnet_pooling_stream.h:68->firmware/nnet_utils/nnet_pooling_stream.h:115]   --->   Operation 115 'select' 'select_ln0_149' <Predicate = (icmp_ln55 & and_ln55_2)> <Delay = 0.97> <CoreInst = "Sel">   --->   Core 73 'Sel' <Latency = 0> <II = 1> <Delay = 0.70> <FuncUnit> <Opcode : 'select'> <InPorts = 3> <OutPorts = 1>
ST_3 : Operation 116 [1/1] (2.19ns)   --->   "%icmp_ln66_171 = icmp_slt  i20 %p_ZZN4nnet22compute_pool_buffer_2dINS_5arrayI8ap_fixedILi20ELi10EL9ap_q_mode5EL9a_663, i20 %p_ZZN4nnet22compute_pool_buffer_2dINS_5arrayI8ap_fixedILi20ELi10EL9ap_q_mode5EL9a_664" [firmware/nnet_utils/nnet_common.h:66->firmware/nnet_utils/nnet_common.h:44->firmware/nnet_utils/nnet_common.h:46->firmware/nnet_utils/nnet_pooling_stream.h:21->firmware/nnet_utils/nnet_pooling_stream.h:68->firmware/nnet_utils/nnet_pooling_stream.h:115]   --->   Operation 116 'icmp' 'icmp_ln66_171' <Predicate = (icmp_ln55 & and_ln55_2)> <Delay = 2.19> <CoreInst = "Cmp">   --->   Core 9 'Cmp' <Latency = 0> <II = 1> <Delay = 2.19> <FuncUnit> <Opcode : 'seteq' 'setne' 'setle' 'setge' 'setlt' 'setgt'> <InPorts = 2> <OutPorts = 1>
ST_3 : Operation 117 [1/1] (0.00ns) (grouped into LUT with out node select_ln0_150)   --->   "%xor_ln66_171 = xor i1 %icmp_ln66_171, i1 1" [firmware/nnet_utils/nnet_common.h:66->firmware/nnet_utils/nnet_common.h:44->firmware/nnet_utils/nnet_common.h:46->firmware/nnet_utils/nnet_pooling_stream.h:21->firmware/nnet_utils/nnet_pooling_stream.h:68->firmware/nnet_utils/nnet_pooling_stream.h:115]   --->   Operation 117 'xor' 'xor_ln66_171' <Predicate = (icmp_ln55 & and_ln55_2)> <Delay = 0.00> <CoreInst = "LogicGate">   --->   Core 74 'LogicGate' <Latency = 0> <II = 1> <Delay = 0.97> <FuncUnit> <Opcode : 'and' 'or' 'xor'> <InPorts = 2> <OutPorts = 1>
ST_3 : Operation 118 [1/1] (0.97ns) (out node of the LUT)   --->   "%select_ln0_150 = select i1 %xor_ln66_171, i20 %p_ZZN4nnet22compute_pool_buffer_2dINS_5arrayI8ap_fixedILi20ELi10EL9ap_q_mode5EL9a_663, i20 %p_ZZN4nnet22compute_pool_buffer_2dINS_5arrayI8ap_fixedILi20ELi10EL9ap_q_mode5EL9a_664" [firmware/nnet_utils/nnet_common.h:0->firmware/nnet_utils/nnet_common.h:46->firmware/nnet_utils/nnet_pooling_stream.h:21->firmware/nnet_utils/nnet_pooling_stream.h:68->firmware/nnet_utils/nnet_pooling_stream.h:115]   --->   Operation 118 'select' 'select_ln0_150' <Predicate = (icmp_ln55 & and_ln55_2)> <Delay = 0.97> <CoreInst = "Sel">   --->   Core 73 'Sel' <Latency = 0> <II = 1> <Delay = 0.70> <FuncUnit> <Opcode : 'select'> <InPorts = 3> <OutPorts = 1>
ST_3 : Operation 119 [1/1] (2.19ns)   --->   "%icmp_ln66_172 = icmp_slt  i20 %select_ln0_149, i20 %select_ln0_150" [firmware/nnet_utils/nnet_common.h:66->firmware/nnet_utils/nnet_common.h:46->firmware/nnet_utils/nnet_pooling_stream.h:21->firmware/nnet_utils/nnet_pooling_stream.h:68->firmware/nnet_utils/nnet_pooling_stream.h:115]   --->   Operation 119 'icmp' 'icmp_ln66_172' <Predicate = (icmp_ln55 & and_ln55_2)> <Delay = 2.19> <CoreInst = "Cmp">   --->   Core 9 'Cmp' <Latency = 0> <II = 1> <Delay = 2.19> <FuncUnit> <Opcode : 'seteq' 'setne' 'setle' 'setge' 'setlt' 'setgt'> <InPorts = 2> <OutPorts = 1>
ST_3 : Operation 120 [1/1] (0.00ns) (grouped into LUT with out node res_pack_20)   --->   "%xor_ln66_172 = xor i1 %icmp_ln66_172, i1 1" [firmware/nnet_utils/nnet_common.h:66->firmware/nnet_utils/nnet_common.h:46->firmware/nnet_utils/nnet_pooling_stream.h:21->firmware/nnet_utils/nnet_pooling_stream.h:68->firmware/nnet_utils/nnet_pooling_stream.h:115]   --->   Operation 120 'xor' 'xor_ln66_172' <Predicate = (icmp_ln55 & and_ln55_2)> <Delay = 0.00> <CoreInst = "LogicGate">   --->   Core 74 'LogicGate' <Latency = 0> <II = 1> <Delay = 0.97> <FuncUnit> <Opcode : 'and' 'or' 'xor'> <InPorts = 2> <OutPorts = 1>
ST_3 : Operation 121 [1/1] (0.97ns) (out node of the LUT)   --->   "%res_pack_20 = select i1 %xor_ln66_172, i20 %select_ln0_149, i20 %select_ln0_150" [firmware/nnet_utils/nnet_pooling_stream.h:67->firmware/nnet_utils/nnet_pooling_stream.h:115]   --->   Operation 121 'select' 'res_pack_20' <Predicate = (icmp_ln55 & and_ln55_2)> <Delay = 0.97> <CoreInst = "Sel">   --->   Core 73 'Sel' <Latency = 0> <II = 1> <Delay = 0.70> <FuncUnit> <Opcode : 'select'> <InPorts = 3> <OutPorts = 1>
ST_3 : Operation 122 [1/1] (0.00ns)   --->   "%void_compute_pool_buffer_2d_array_const_ap_shift_reg_n_filt_stream_kernel_34 = load i20 %void_compute_pool_buffer_2d_array_const_ap_shift_reg_n_filt_stream_kernel_15" [firmware/nnet_utils/nnet_pooling_stream.h:63->firmware/nnet_utils/nnet_pooling_stream.h:115]   --->   Operation 122 'load' 'void_compute_pool_buffer_2d_array_const_ap_shift_reg_n_filt_stream_kernel_34' <Predicate = (icmp_ln55 & and_ln55_2)> <Delay = 0.00>
ST_3 : Operation 123 [1/1] (0.00ns)   --->   "%p_ZZN4nnet22compute_pool_buffer_2dINS_5arrayI8ap_fixedILi20ELi10EL9ap_q_mode5EL9a_665 = load i20 %p_ZZN4nnet22compute_pool_buffer_2dINS_5arrayI8ap_fixedILi20ELi10EL9ap_q_mode5EL9a_213" [firmware/nnet_utils/nnet_pooling_stream.h:63->firmware/nnet_utils/nnet_pooling_stream.h:115]   --->   Operation 123 'load' 'p_ZZN4nnet22compute_pool_buffer_2dINS_5arrayI8ap_fixedILi20ELi10EL9ap_q_mode5EL9a_665' <Predicate = (icmp_ln55 & and_ln55_2)> <Delay = 0.00>
ST_3 : Operation 124 [1/1] (0.00ns)   --->   "%p_ZZN4nnet22compute_pool_buffer_2dINS_5arrayI8ap_fixedILi20ELi10EL9ap_q_mode5EL9a_666 = load i20 %p_ZZN4nnet22compute_pool_buffer_2dINS_5arrayI8ap_fixedILi20ELi10EL9ap_q_mode5EL9a_225" [firmware/nnet_utils/nnet_pooling_stream.h:63->firmware/nnet_utils/nnet_pooling_stream.h:115]   --->   Operation 124 'load' 'p_ZZN4nnet22compute_pool_buffer_2dINS_5arrayI8ap_fixedILi20ELi10EL9ap_q_mode5EL9a_666' <Predicate = (icmp_ln55 & and_ln55_2)> <Delay = 0.00>
ST_3 : Operation 125 [1/1] (0.00ns)   --->   "%p_ZZN4nnet22compute_pool_buffer_2dINS_5arrayI8ap_fixedILi20ELi10EL9ap_q_mode5EL9a_667 = load i20 %p_ZZN4nnet22compute_pool_buffer_2dINS_5arrayI8ap_fixedILi20ELi10EL9ap_q_mode5EL9a_237" [firmware/nnet_utils/nnet_pooling_stream.h:63->firmware/nnet_utils/nnet_pooling_stream.h:115]   --->   Operation 125 'load' 'p_ZZN4nnet22compute_pool_buffer_2dINS_5arrayI8ap_fixedILi20ELi10EL9ap_q_mode5EL9a_667' <Predicate = (icmp_ln55 & and_ln55_2)> <Delay = 0.00>
ST_3 : Operation 126 [1/1] (2.19ns)   --->   "%icmp_ln66_173 = icmp_slt  i20 %void_compute_pool_buffer_2d_array_const_ap_shift_reg_n_filt_stream_kernel_34, i20 %p_ZZN4nnet22compute_pool_buffer_2dINS_5arrayI8ap_fixedILi20ELi10EL9ap_q_mode5EL9a_665" [firmware/nnet_utils/nnet_common.h:66->firmware/nnet_utils/nnet_common.h:44->firmware/nnet_utils/nnet_common.h:46->firmware/nnet_utils/nnet_pooling_stream.h:21->firmware/nnet_utils/nnet_pooling_stream.h:68->firmware/nnet_utils/nnet_pooling_stream.h:115]   --->   Operation 126 'icmp' 'icmp_ln66_173' <Predicate = (icmp_ln55 & and_ln55_2)> <Delay = 2.19> <CoreInst = "Cmp">   --->   Core 9 'Cmp' <Latency = 0> <II = 1> <Delay = 2.19> <FuncUnit> <Opcode : 'seteq' 'setne' 'setle' 'setge' 'setlt' 'setgt'> <InPorts = 2> <OutPorts = 1>
ST_3 : Operation 127 [1/1] (0.00ns) (grouped into LUT with out node select_ln0_151)   --->   "%xor_ln66_173 = xor i1 %icmp_ln66_173, i1 1" [firmware/nnet_utils/nnet_common.h:66->firmware/nnet_utils/nnet_common.h:44->firmware/nnet_utils/nnet_common.h:46->firmware/nnet_utils/nnet_pooling_stream.h:21->firmware/nnet_utils/nnet_pooling_stream.h:68->firmware/nnet_utils/nnet_pooling_stream.h:115]   --->   Operation 127 'xor' 'xor_ln66_173' <Predicate = (icmp_ln55 & and_ln55_2)> <Delay = 0.00> <CoreInst = "LogicGate">   --->   Core 74 'LogicGate' <Latency = 0> <II = 1> <Delay = 0.97> <FuncUnit> <Opcode : 'and' 'or' 'xor'> <InPorts = 2> <OutPorts = 1>
ST_3 : Operation 128 [1/1] (0.97ns) (out node of the LUT)   --->   "%select_ln0_151 = select i1 %xor_ln66_173, i20 %void_compute_pool_buffer_2d_array_const_ap_shift_reg_n_filt_stream_kernel_34, i20 %p_ZZN4nnet22compute_pool_buffer_2dINS_5arrayI8ap_fixedILi20ELi10EL9ap_q_mode5EL9a_665" [firmware/nnet_utils/nnet_common.h:0->firmware/nnet_utils/nnet_common.h:46->firmware/nnet_utils/nnet_pooling_stream.h:21->firmware/nnet_utils/nnet_pooling_stream.h:68->firmware/nnet_utils/nnet_pooling_stream.h:115]   --->   Operation 128 'select' 'select_ln0_151' <Predicate = (icmp_ln55 & and_ln55_2)> <Delay = 0.97> <CoreInst = "Sel">   --->   Core 73 'Sel' <Latency = 0> <II = 1> <Delay = 0.70> <FuncUnit> <Opcode : 'select'> <InPorts = 3> <OutPorts = 1>
ST_3 : Operation 129 [1/1] (2.19ns)   --->   "%icmp_ln66_174 = icmp_slt  i20 %p_ZZN4nnet22compute_pool_buffer_2dINS_5arrayI8ap_fixedILi20ELi10EL9ap_q_mode5EL9a_666, i20 %p_ZZN4nnet22compute_pool_buffer_2dINS_5arrayI8ap_fixedILi20ELi10EL9ap_q_mode5EL9a_667" [firmware/nnet_utils/nnet_common.h:66->firmware/nnet_utils/nnet_common.h:44->firmware/nnet_utils/nnet_common.h:46->firmware/nnet_utils/nnet_pooling_stream.h:21->firmware/nnet_utils/nnet_pooling_stream.h:68->firmware/nnet_utils/nnet_pooling_stream.h:115]   --->   Operation 129 'icmp' 'icmp_ln66_174' <Predicate = (icmp_ln55 & and_ln55_2)> <Delay = 2.19> <CoreInst = "Cmp">   --->   Core 9 'Cmp' <Latency = 0> <II = 1> <Delay = 2.19> <FuncUnit> <Opcode : 'seteq' 'setne' 'setle' 'setge' 'setlt' 'setgt'> <InPorts = 2> <OutPorts = 1>
ST_3 : Operation 130 [1/1] (0.00ns) (grouped into LUT with out node select_ln0_152)   --->   "%xor_ln66_174 = xor i1 %icmp_ln66_174, i1 1" [firmware/nnet_utils/nnet_common.h:66->firmware/nnet_utils/nnet_common.h:44->firmware/nnet_utils/nnet_common.h:46->firmware/nnet_utils/nnet_pooling_stream.h:21->firmware/nnet_utils/nnet_pooling_stream.h:68->firmware/nnet_utils/nnet_pooling_stream.h:115]   --->   Operation 130 'xor' 'xor_ln66_174' <Predicate = (icmp_ln55 & and_ln55_2)> <Delay = 0.00> <CoreInst = "LogicGate">   --->   Core 74 'LogicGate' <Latency = 0> <II = 1> <Delay = 0.97> <FuncUnit> <Opcode : 'and' 'or' 'xor'> <InPorts = 2> <OutPorts = 1>
ST_3 : Operation 131 [1/1] (0.97ns) (out node of the LUT)   --->   "%select_ln0_152 = select i1 %xor_ln66_174, i20 %p_ZZN4nnet22compute_pool_buffer_2dINS_5arrayI8ap_fixedILi20ELi10EL9ap_q_mode5EL9a_666, i20 %p_ZZN4nnet22compute_pool_buffer_2dINS_5arrayI8ap_fixedILi20ELi10EL9ap_q_mode5EL9a_667" [firmware/nnet_utils/nnet_common.h:0->firmware/nnet_utils/nnet_common.h:46->firmware/nnet_utils/nnet_pooling_stream.h:21->firmware/nnet_utils/nnet_pooling_stream.h:68->firmware/nnet_utils/nnet_pooling_stream.h:115]   --->   Operation 131 'select' 'select_ln0_152' <Predicate = (icmp_ln55 & and_ln55_2)> <Delay = 0.97> <CoreInst = "Sel">   --->   Core 73 'Sel' <Latency = 0> <II = 1> <Delay = 0.70> <FuncUnit> <Opcode : 'select'> <InPorts = 3> <OutPorts = 1>
ST_3 : Operation 132 [1/1] (2.19ns)   --->   "%icmp_ln66_175 = icmp_slt  i20 %select_ln0_151, i20 %select_ln0_152" [firmware/nnet_utils/nnet_common.h:66->firmware/nnet_utils/nnet_common.h:46->firmware/nnet_utils/nnet_pooling_stream.h:21->firmware/nnet_utils/nnet_pooling_stream.h:68->firmware/nnet_utils/nnet_pooling_stream.h:115]   --->   Operation 132 'icmp' 'icmp_ln66_175' <Predicate = (icmp_ln55 & and_ln55_2)> <Delay = 2.19> <CoreInst = "Cmp">   --->   Core 9 'Cmp' <Latency = 0> <II = 1> <Delay = 2.19> <FuncUnit> <Opcode : 'seteq' 'setne' 'setle' 'setge' 'setlt' 'setgt'> <InPorts = 2> <OutPorts = 1>
ST_3 : Operation 133 [1/1] (0.00ns) (grouped into LUT with out node res_pack_21)   --->   "%xor_ln66_175 = xor i1 %icmp_ln66_175, i1 1" [firmware/nnet_utils/nnet_common.h:66->firmware/nnet_utils/nnet_common.h:46->firmware/nnet_utils/nnet_pooling_stream.h:21->firmware/nnet_utils/nnet_pooling_stream.h:68->firmware/nnet_utils/nnet_pooling_stream.h:115]   --->   Operation 133 'xor' 'xor_ln66_175' <Predicate = (icmp_ln55 & and_ln55_2)> <Delay = 0.00> <CoreInst = "LogicGate">   --->   Core 74 'LogicGate' <Latency = 0> <II = 1> <Delay = 0.97> <FuncUnit> <Opcode : 'and' 'or' 'xor'> <InPorts = 2> <OutPorts = 1>
ST_3 : Operation 134 [1/1] (0.97ns) (out node of the LUT)   --->   "%res_pack_21 = select i1 %xor_ln66_175, i20 %select_ln0_151, i20 %select_ln0_152" [firmware/nnet_utils/nnet_pooling_stream.h:67->firmware/nnet_utils/nnet_pooling_stream.h:115]   --->   Operation 134 'select' 'res_pack_21' <Predicate = (icmp_ln55 & and_ln55_2)> <Delay = 0.97> <CoreInst = "Sel">   --->   Core 73 'Sel' <Latency = 0> <II = 1> <Delay = 0.70> <FuncUnit> <Opcode : 'select'> <InPorts = 3> <OutPorts = 1>
ST_3 : Operation 135 [1/1] (0.00ns)   --->   "%void_compute_pool_buffer_2d_array_const_ap_shift_reg_n_filt_stream_kernel_35 = load i20 %void_compute_pool_buffer_2d_array_const_ap_shift_reg_n_filt_stream_kernel_14" [firmware/nnet_utils/nnet_pooling_stream.h:63->firmware/nnet_utils/nnet_pooling_stream.h:115]   --->   Operation 135 'load' 'void_compute_pool_buffer_2d_array_const_ap_shift_reg_n_filt_stream_kernel_35' <Predicate = (icmp_ln55 & and_ln55_2)> <Delay = 0.00>
ST_3 : Operation 136 [1/1] (0.00ns)   --->   "%p_ZZN4nnet22compute_pool_buffer_2dINS_5arrayI8ap_fixedILi20ELi10EL9ap_q_mode5EL9a_668 = load i20 %p_ZZN4nnet22compute_pool_buffer_2dINS_5arrayI8ap_fixedILi20ELi10EL9ap_q_mode5EL9a_214" [firmware/nnet_utils/nnet_pooling_stream.h:63->firmware/nnet_utils/nnet_pooling_stream.h:115]   --->   Operation 136 'load' 'p_ZZN4nnet22compute_pool_buffer_2dINS_5arrayI8ap_fixedILi20ELi10EL9ap_q_mode5EL9a_668' <Predicate = (icmp_ln55 & and_ln55_2)> <Delay = 0.00>
ST_3 : Operation 137 [1/1] (0.00ns)   --->   "%p_ZZN4nnet22compute_pool_buffer_2dINS_5arrayI8ap_fixedILi20ELi10EL9ap_q_mode5EL9a_669 = load i20 %p_ZZN4nnet22compute_pool_buffer_2dINS_5arrayI8ap_fixedILi20ELi10EL9ap_q_mode5EL9a_226" [firmware/nnet_utils/nnet_pooling_stream.h:63->firmware/nnet_utils/nnet_pooling_stream.h:115]   --->   Operation 137 'load' 'p_ZZN4nnet22compute_pool_buffer_2dINS_5arrayI8ap_fixedILi20ELi10EL9ap_q_mode5EL9a_669' <Predicate = (icmp_ln55 & and_ln55_2)> <Delay = 0.00>
ST_3 : Operation 138 [1/1] (0.00ns)   --->   "%p_ZZN4nnet22compute_pool_buffer_2dINS_5arrayI8ap_fixedILi20ELi10EL9ap_q_mode5EL9a_670 = load i20 %p_ZZN4nnet22compute_pool_buffer_2dINS_5arrayI8ap_fixedILi20ELi10EL9ap_q_mode5EL9a_238" [firmware/nnet_utils/nnet_pooling_stream.h:63->firmware/nnet_utils/nnet_pooling_stream.h:115]   --->   Operation 138 'load' 'p_ZZN4nnet22compute_pool_buffer_2dINS_5arrayI8ap_fixedILi20ELi10EL9ap_q_mode5EL9a_670' <Predicate = (icmp_ln55 & and_ln55_2)> <Delay = 0.00>
ST_3 : Operation 139 [1/1] (2.19ns)   --->   "%icmp_ln66_176 = icmp_slt  i20 %void_compute_pool_buffer_2d_array_const_ap_shift_reg_n_filt_stream_kernel_35, i20 %p_ZZN4nnet22compute_pool_buffer_2dINS_5arrayI8ap_fixedILi20ELi10EL9ap_q_mode5EL9a_668" [firmware/nnet_utils/nnet_common.h:66->firmware/nnet_utils/nnet_common.h:44->firmware/nnet_utils/nnet_common.h:46->firmware/nnet_utils/nnet_pooling_stream.h:21->firmware/nnet_utils/nnet_pooling_stream.h:68->firmware/nnet_utils/nnet_pooling_stream.h:115]   --->   Operation 139 'icmp' 'icmp_ln66_176' <Predicate = (icmp_ln55 & and_ln55_2)> <Delay = 2.19> <CoreInst = "Cmp">   --->   Core 9 'Cmp' <Latency = 0> <II = 1> <Delay = 2.19> <FuncUnit> <Opcode : 'seteq' 'setne' 'setle' 'setge' 'setlt' 'setgt'> <InPorts = 2> <OutPorts = 1>
ST_3 : Operation 140 [1/1] (0.00ns) (grouped into LUT with out node select_ln0_153)   --->   "%xor_ln66_176 = xor i1 %icmp_ln66_176, i1 1" [firmware/nnet_utils/nnet_common.h:66->firmware/nnet_utils/nnet_common.h:44->firmware/nnet_utils/nnet_common.h:46->firmware/nnet_utils/nnet_pooling_stream.h:21->firmware/nnet_utils/nnet_pooling_stream.h:68->firmware/nnet_utils/nnet_pooling_stream.h:115]   --->   Operation 140 'xor' 'xor_ln66_176' <Predicate = (icmp_ln55 & and_ln55_2)> <Delay = 0.00> <CoreInst = "LogicGate">   --->   Core 74 'LogicGate' <Latency = 0> <II = 1> <Delay = 0.97> <FuncUnit> <Opcode : 'and' 'or' 'xor'> <InPorts = 2> <OutPorts = 1>
ST_3 : Operation 141 [1/1] (0.97ns) (out node of the LUT)   --->   "%select_ln0_153 = select i1 %xor_ln66_176, i20 %void_compute_pool_buffer_2d_array_const_ap_shift_reg_n_filt_stream_kernel_35, i20 %p_ZZN4nnet22compute_pool_buffer_2dINS_5arrayI8ap_fixedILi20ELi10EL9ap_q_mode5EL9a_668" [firmware/nnet_utils/nnet_common.h:0->firmware/nnet_utils/nnet_common.h:46->firmware/nnet_utils/nnet_pooling_stream.h:21->firmware/nnet_utils/nnet_pooling_stream.h:68->firmware/nnet_utils/nnet_pooling_stream.h:115]   --->   Operation 141 'select' 'select_ln0_153' <Predicate = (icmp_ln55 & and_ln55_2)> <Delay = 0.97> <CoreInst = "Sel">   --->   Core 73 'Sel' <Latency = 0> <II = 1> <Delay = 0.70> <FuncUnit> <Opcode : 'select'> <InPorts = 3> <OutPorts = 1>
ST_3 : Operation 142 [1/1] (2.19ns)   --->   "%icmp_ln66_177 = icmp_slt  i20 %p_ZZN4nnet22compute_pool_buffer_2dINS_5arrayI8ap_fixedILi20ELi10EL9ap_q_mode5EL9a_669, i20 %p_ZZN4nnet22compute_pool_buffer_2dINS_5arrayI8ap_fixedILi20ELi10EL9ap_q_mode5EL9a_670" [firmware/nnet_utils/nnet_common.h:66->firmware/nnet_utils/nnet_common.h:44->firmware/nnet_utils/nnet_common.h:46->firmware/nnet_utils/nnet_pooling_stream.h:21->firmware/nnet_utils/nnet_pooling_stream.h:68->firmware/nnet_utils/nnet_pooling_stream.h:115]   --->   Operation 142 'icmp' 'icmp_ln66_177' <Predicate = (icmp_ln55 & and_ln55_2)> <Delay = 2.19> <CoreInst = "Cmp">   --->   Core 9 'Cmp' <Latency = 0> <II = 1> <Delay = 2.19> <FuncUnit> <Opcode : 'seteq' 'setne' 'setle' 'setge' 'setlt' 'setgt'> <InPorts = 2> <OutPorts = 1>
ST_3 : Operation 143 [1/1] (0.00ns) (grouped into LUT with out node select_ln0_154)   --->   "%xor_ln66_177 = xor i1 %icmp_ln66_177, i1 1" [firmware/nnet_utils/nnet_common.h:66->firmware/nnet_utils/nnet_common.h:44->firmware/nnet_utils/nnet_common.h:46->firmware/nnet_utils/nnet_pooling_stream.h:21->firmware/nnet_utils/nnet_pooling_stream.h:68->firmware/nnet_utils/nnet_pooling_stream.h:115]   --->   Operation 143 'xor' 'xor_ln66_177' <Predicate = (icmp_ln55 & and_ln55_2)> <Delay = 0.00> <CoreInst = "LogicGate">   --->   Core 74 'LogicGate' <Latency = 0> <II = 1> <Delay = 0.97> <FuncUnit> <Opcode : 'and' 'or' 'xor'> <InPorts = 2> <OutPorts = 1>
ST_3 : Operation 144 [1/1] (0.97ns) (out node of the LUT)   --->   "%select_ln0_154 = select i1 %xor_ln66_177, i20 %p_ZZN4nnet22compute_pool_buffer_2dINS_5arrayI8ap_fixedILi20ELi10EL9ap_q_mode5EL9a_669, i20 %p_ZZN4nnet22compute_pool_buffer_2dINS_5arrayI8ap_fixedILi20ELi10EL9ap_q_mode5EL9a_670" [firmware/nnet_utils/nnet_common.h:0->firmware/nnet_utils/nnet_common.h:46->firmware/nnet_utils/nnet_pooling_stream.h:21->firmware/nnet_utils/nnet_pooling_stream.h:68->firmware/nnet_utils/nnet_pooling_stream.h:115]   --->   Operation 144 'select' 'select_ln0_154' <Predicate = (icmp_ln55 & and_ln55_2)> <Delay = 0.97> <CoreInst = "Sel">   --->   Core 73 'Sel' <Latency = 0> <II = 1> <Delay = 0.70> <FuncUnit> <Opcode : 'select'> <InPorts = 3> <OutPorts = 1>
ST_3 : Operation 145 [1/1] (2.19ns)   --->   "%icmp_ln66_178 = icmp_slt  i20 %select_ln0_153, i20 %select_ln0_154" [firmware/nnet_utils/nnet_common.h:66->firmware/nnet_utils/nnet_common.h:46->firmware/nnet_utils/nnet_pooling_stream.h:21->firmware/nnet_utils/nnet_pooling_stream.h:68->firmware/nnet_utils/nnet_pooling_stream.h:115]   --->   Operation 145 'icmp' 'icmp_ln66_178' <Predicate = (icmp_ln55 & and_ln55_2)> <Delay = 2.19> <CoreInst = "Cmp">   --->   Core 9 'Cmp' <Latency = 0> <II = 1> <Delay = 2.19> <FuncUnit> <Opcode : 'seteq' 'setne' 'setle' 'setge' 'setlt' 'setgt'> <InPorts = 2> <OutPorts = 1>
ST_3 : Operation 146 [1/1] (0.00ns) (grouped into LUT with out node res_pack_22)   --->   "%xor_ln66_178 = xor i1 %icmp_ln66_178, i1 1" [firmware/nnet_utils/nnet_common.h:66->firmware/nnet_utils/nnet_common.h:46->firmware/nnet_utils/nnet_pooling_stream.h:21->firmware/nnet_utils/nnet_pooling_stream.h:68->firmware/nnet_utils/nnet_pooling_stream.h:115]   --->   Operation 146 'xor' 'xor_ln66_178' <Predicate = (icmp_ln55 & and_ln55_2)> <Delay = 0.00> <CoreInst = "LogicGate">   --->   Core 74 'LogicGate' <Latency = 0> <II = 1> <Delay = 0.97> <FuncUnit> <Opcode : 'and' 'or' 'xor'> <InPorts = 2> <OutPorts = 1>
ST_3 : Operation 147 [1/1] (0.97ns) (out node of the LUT)   --->   "%res_pack_22 = select i1 %xor_ln66_178, i20 %select_ln0_153, i20 %select_ln0_154" [firmware/nnet_utils/nnet_pooling_stream.h:67->firmware/nnet_utils/nnet_pooling_stream.h:115]   --->   Operation 147 'select' 'res_pack_22' <Predicate = (icmp_ln55 & and_ln55_2)> <Delay = 0.97> <CoreInst = "Sel">   --->   Core 73 'Sel' <Latency = 0> <II = 1> <Delay = 0.70> <FuncUnit> <Opcode : 'select'> <InPorts = 3> <OutPorts = 1>
ST_3 : Operation 148 [1/1] (0.00ns)   --->   "%void_compute_pool_buffer_2d_array_const_ap_shift_reg_n_filt_stream_kernel_36 = load i20 %void_compute_pool_buffer_2d_array_const_ap_shift_reg_n_filt_stream_kernel_13" [firmware/nnet_utils/nnet_pooling_stream.h:63->firmware/nnet_utils/nnet_pooling_stream.h:115]   --->   Operation 148 'load' 'void_compute_pool_buffer_2d_array_const_ap_shift_reg_n_filt_stream_kernel_36' <Predicate = (icmp_ln55 & and_ln55_2)> <Delay = 0.00>
ST_3 : Operation 149 [1/1] (0.00ns)   --->   "%p_ZZN4nnet22compute_pool_buffer_2dINS_5arrayI8ap_fixedILi20ELi10EL9ap_q_mode5EL9a_671 = load i20 %p_ZZN4nnet22compute_pool_buffer_2dINS_5arrayI8ap_fixedILi20ELi10EL9ap_q_mode5EL9a_215" [firmware/nnet_utils/nnet_pooling_stream.h:63->firmware/nnet_utils/nnet_pooling_stream.h:115]   --->   Operation 149 'load' 'p_ZZN4nnet22compute_pool_buffer_2dINS_5arrayI8ap_fixedILi20ELi10EL9ap_q_mode5EL9a_671' <Predicate = (icmp_ln55 & and_ln55_2)> <Delay = 0.00>
ST_3 : Operation 150 [1/1] (0.00ns)   --->   "%p_ZZN4nnet22compute_pool_buffer_2dINS_5arrayI8ap_fixedILi20ELi10EL9ap_q_mode5EL9a_672 = load i20 %p_ZZN4nnet22compute_pool_buffer_2dINS_5arrayI8ap_fixedILi20ELi10EL9ap_q_mode5EL9a_227" [firmware/nnet_utils/nnet_pooling_stream.h:63->firmware/nnet_utils/nnet_pooling_stream.h:115]   --->   Operation 150 'load' 'p_ZZN4nnet22compute_pool_buffer_2dINS_5arrayI8ap_fixedILi20ELi10EL9ap_q_mode5EL9a_672' <Predicate = (icmp_ln55 & and_ln55_2)> <Delay = 0.00>
ST_3 : Operation 151 [1/1] (0.00ns)   --->   "%p_ZZN4nnet22compute_pool_buffer_2dINS_5arrayI8ap_fixedILi20ELi10EL9ap_q_mode5EL9a_673 = load i20 %p_ZZN4nnet22compute_pool_buffer_2dINS_5arrayI8ap_fixedILi20ELi10EL9ap_q_mode5EL9a_239" [firmware/nnet_utils/nnet_pooling_stream.h:63->firmware/nnet_utils/nnet_pooling_stream.h:115]   --->   Operation 151 'load' 'p_ZZN4nnet22compute_pool_buffer_2dINS_5arrayI8ap_fixedILi20ELi10EL9ap_q_mode5EL9a_673' <Predicate = (icmp_ln55 & and_ln55_2)> <Delay = 0.00>
ST_3 : Operation 152 [1/1] (2.19ns)   --->   "%icmp_ln66_179 = icmp_slt  i20 %void_compute_pool_buffer_2d_array_const_ap_shift_reg_n_filt_stream_kernel_36, i20 %p_ZZN4nnet22compute_pool_buffer_2dINS_5arrayI8ap_fixedILi20ELi10EL9ap_q_mode5EL9a_671" [firmware/nnet_utils/nnet_common.h:66->firmware/nnet_utils/nnet_common.h:44->firmware/nnet_utils/nnet_common.h:46->firmware/nnet_utils/nnet_pooling_stream.h:21->firmware/nnet_utils/nnet_pooling_stream.h:68->firmware/nnet_utils/nnet_pooling_stream.h:115]   --->   Operation 152 'icmp' 'icmp_ln66_179' <Predicate = (icmp_ln55 & and_ln55_2)> <Delay = 2.19> <CoreInst = "Cmp">   --->   Core 9 'Cmp' <Latency = 0> <II = 1> <Delay = 2.19> <FuncUnit> <Opcode : 'seteq' 'setne' 'setle' 'setge' 'setlt' 'setgt'> <InPorts = 2> <OutPorts = 1>
ST_3 : Operation 153 [1/1] (0.00ns) (grouped into LUT with out node select_ln0_155)   --->   "%xor_ln66_179 = xor i1 %icmp_ln66_179, i1 1" [firmware/nnet_utils/nnet_common.h:66->firmware/nnet_utils/nnet_common.h:44->firmware/nnet_utils/nnet_common.h:46->firmware/nnet_utils/nnet_pooling_stream.h:21->firmware/nnet_utils/nnet_pooling_stream.h:68->firmware/nnet_utils/nnet_pooling_stream.h:115]   --->   Operation 153 'xor' 'xor_ln66_179' <Predicate = (icmp_ln55 & and_ln55_2)> <Delay = 0.00> <CoreInst = "LogicGate">   --->   Core 74 'LogicGate' <Latency = 0> <II = 1> <Delay = 0.97> <FuncUnit> <Opcode : 'and' 'or' 'xor'> <InPorts = 2> <OutPorts = 1>
ST_3 : Operation 154 [1/1] (0.97ns) (out node of the LUT)   --->   "%select_ln0_155 = select i1 %xor_ln66_179, i20 %void_compute_pool_buffer_2d_array_const_ap_shift_reg_n_filt_stream_kernel_36, i20 %p_ZZN4nnet22compute_pool_buffer_2dINS_5arrayI8ap_fixedILi20ELi10EL9ap_q_mode5EL9a_671" [firmware/nnet_utils/nnet_common.h:0->firmware/nnet_utils/nnet_common.h:46->firmware/nnet_utils/nnet_pooling_stream.h:21->firmware/nnet_utils/nnet_pooling_stream.h:68->firmware/nnet_utils/nnet_pooling_stream.h:115]   --->   Operation 154 'select' 'select_ln0_155' <Predicate = (icmp_ln55 & and_ln55_2)> <Delay = 0.97> <CoreInst = "Sel">   --->   Core 73 'Sel' <Latency = 0> <II = 1> <Delay = 0.70> <FuncUnit> <Opcode : 'select'> <InPorts = 3> <OutPorts = 1>
ST_3 : Operation 155 [1/1] (2.19ns)   --->   "%icmp_ln66_180 = icmp_slt  i20 %p_ZZN4nnet22compute_pool_buffer_2dINS_5arrayI8ap_fixedILi20ELi10EL9ap_q_mode5EL9a_672, i20 %p_ZZN4nnet22compute_pool_buffer_2dINS_5arrayI8ap_fixedILi20ELi10EL9ap_q_mode5EL9a_673" [firmware/nnet_utils/nnet_common.h:66->firmware/nnet_utils/nnet_common.h:44->firmware/nnet_utils/nnet_common.h:46->firmware/nnet_utils/nnet_pooling_stream.h:21->firmware/nnet_utils/nnet_pooling_stream.h:68->firmware/nnet_utils/nnet_pooling_stream.h:115]   --->   Operation 155 'icmp' 'icmp_ln66_180' <Predicate = (icmp_ln55 & and_ln55_2)> <Delay = 2.19> <CoreInst = "Cmp">   --->   Core 9 'Cmp' <Latency = 0> <II = 1> <Delay = 2.19> <FuncUnit> <Opcode : 'seteq' 'setne' 'setle' 'setge' 'setlt' 'setgt'> <InPorts = 2> <OutPorts = 1>
ST_3 : Operation 156 [1/1] (0.00ns) (grouped into LUT with out node select_ln0_156)   --->   "%xor_ln66_180 = xor i1 %icmp_ln66_180, i1 1" [firmware/nnet_utils/nnet_common.h:66->firmware/nnet_utils/nnet_common.h:44->firmware/nnet_utils/nnet_common.h:46->firmware/nnet_utils/nnet_pooling_stream.h:21->firmware/nnet_utils/nnet_pooling_stream.h:68->firmware/nnet_utils/nnet_pooling_stream.h:115]   --->   Operation 156 'xor' 'xor_ln66_180' <Predicate = (icmp_ln55 & and_ln55_2)> <Delay = 0.00> <CoreInst = "LogicGate">   --->   Core 74 'LogicGate' <Latency = 0> <II = 1> <Delay = 0.97> <FuncUnit> <Opcode : 'and' 'or' 'xor'> <InPorts = 2> <OutPorts = 1>
ST_3 : Operation 157 [1/1] (0.97ns) (out node of the LUT)   --->   "%select_ln0_156 = select i1 %xor_ln66_180, i20 %p_ZZN4nnet22compute_pool_buffer_2dINS_5arrayI8ap_fixedILi20ELi10EL9ap_q_mode5EL9a_672, i20 %p_ZZN4nnet22compute_pool_buffer_2dINS_5arrayI8ap_fixedILi20ELi10EL9ap_q_mode5EL9a_673" [firmware/nnet_utils/nnet_common.h:0->firmware/nnet_utils/nnet_common.h:46->firmware/nnet_utils/nnet_pooling_stream.h:21->firmware/nnet_utils/nnet_pooling_stream.h:68->firmware/nnet_utils/nnet_pooling_stream.h:115]   --->   Operation 157 'select' 'select_ln0_156' <Predicate = (icmp_ln55 & and_ln55_2)> <Delay = 0.97> <CoreInst = "Sel">   --->   Core 73 'Sel' <Latency = 0> <II = 1> <Delay = 0.70> <FuncUnit> <Opcode : 'select'> <InPorts = 3> <OutPorts = 1>
ST_3 : Operation 158 [1/1] (2.19ns)   --->   "%icmp_ln66_181 = icmp_slt  i20 %select_ln0_155, i20 %select_ln0_156" [firmware/nnet_utils/nnet_common.h:66->firmware/nnet_utils/nnet_common.h:46->firmware/nnet_utils/nnet_pooling_stream.h:21->firmware/nnet_utils/nnet_pooling_stream.h:68->firmware/nnet_utils/nnet_pooling_stream.h:115]   --->   Operation 158 'icmp' 'icmp_ln66_181' <Predicate = (icmp_ln55 & and_ln55_2)> <Delay = 2.19> <CoreInst = "Cmp">   --->   Core 9 'Cmp' <Latency = 0> <II = 1> <Delay = 2.19> <FuncUnit> <Opcode : 'seteq' 'setne' 'setle' 'setge' 'setlt' 'setgt'> <InPorts = 2> <OutPorts = 1>
ST_3 : Operation 159 [1/1] (0.00ns) (grouped into LUT with out node res_pack_23)   --->   "%xor_ln66_181 = xor i1 %icmp_ln66_181, i1 1" [firmware/nnet_utils/nnet_common.h:66->firmware/nnet_utils/nnet_common.h:46->firmware/nnet_utils/nnet_pooling_stream.h:21->firmware/nnet_utils/nnet_pooling_stream.h:68->firmware/nnet_utils/nnet_pooling_stream.h:115]   --->   Operation 159 'xor' 'xor_ln66_181' <Predicate = (icmp_ln55 & and_ln55_2)> <Delay = 0.00> <CoreInst = "LogicGate">   --->   Core 74 'LogicGate' <Latency = 0> <II = 1> <Delay = 0.97> <FuncUnit> <Opcode : 'and' 'or' 'xor'> <InPorts = 2> <OutPorts = 1>
ST_3 : Operation 160 [1/1] (0.97ns) (out node of the LUT)   --->   "%res_pack_23 = select i1 %xor_ln66_181, i20 %select_ln0_155, i20 %select_ln0_156" [firmware/nnet_utils/nnet_pooling_stream.h:67->firmware/nnet_utils/nnet_pooling_stream.h:115]   --->   Operation 160 'select' 'res_pack_23' <Predicate = (icmp_ln55 & and_ln55_2)> <Delay = 0.97> <CoreInst = "Sel">   --->   Core 73 'Sel' <Latency = 0> <II = 1> <Delay = 0.70> <FuncUnit> <Opcode : 'select'> <InPorts = 3> <OutPorts = 1>
ST_3 : Operation 161 [1/1] (0.00ns)   --->   "%void_compute_pool_buffer_2d_array_const_ap_shift_reg_n_filt_stream_kernel_37 = load i20 %void_compute_pool_buffer_2d_array_const_ap_shift_reg_n_filt_stream_kernel_12" [firmware/nnet_utils/nnet_pooling_stream.h:63->firmware/nnet_utils/nnet_pooling_stream.h:115]   --->   Operation 161 'load' 'void_compute_pool_buffer_2d_array_const_ap_shift_reg_n_filt_stream_kernel_37' <Predicate = (icmp_ln55 & and_ln55_2)> <Delay = 0.00>
ST_3 : Operation 162 [1/1] (0.00ns)   --->   "%p_ZZN4nnet22compute_pool_buffer_2dINS_5arrayI8ap_fixedILi20ELi10EL9ap_q_mode5EL9a_674 = load i20 %p_ZZN4nnet22compute_pool_buffer_2dINS_5arrayI8ap_fixedILi20ELi10EL9ap_q_mode5EL9a_216" [firmware/nnet_utils/nnet_pooling_stream.h:63->firmware/nnet_utils/nnet_pooling_stream.h:115]   --->   Operation 162 'load' 'p_ZZN4nnet22compute_pool_buffer_2dINS_5arrayI8ap_fixedILi20ELi10EL9ap_q_mode5EL9a_674' <Predicate = (icmp_ln55 & and_ln55_2)> <Delay = 0.00>
ST_3 : Operation 163 [1/1] (0.00ns)   --->   "%p_ZZN4nnet22compute_pool_buffer_2dINS_5arrayI8ap_fixedILi20ELi10EL9ap_q_mode5EL9a_675 = load i20 %p_ZZN4nnet22compute_pool_buffer_2dINS_5arrayI8ap_fixedILi20ELi10EL9ap_q_mode5EL9a_228" [firmware/nnet_utils/nnet_pooling_stream.h:63->firmware/nnet_utils/nnet_pooling_stream.h:115]   --->   Operation 163 'load' 'p_ZZN4nnet22compute_pool_buffer_2dINS_5arrayI8ap_fixedILi20ELi10EL9ap_q_mode5EL9a_675' <Predicate = (icmp_ln55 & and_ln55_2)> <Delay = 0.00>
ST_3 : Operation 164 [1/1] (0.00ns)   --->   "%p_ZZN4nnet22compute_pool_buffer_2dINS_5arrayI8ap_fixedILi20ELi10EL9ap_q_mode5EL9a_676 = load i20 %p_ZZN4nnet22compute_pool_buffer_2dINS_5arrayI8ap_fixedILi20ELi10EL9ap_q_mode5EL9a_240" [firmware/nnet_utils/nnet_pooling_stream.h:63->firmware/nnet_utils/nnet_pooling_stream.h:115]   --->   Operation 164 'load' 'p_ZZN4nnet22compute_pool_buffer_2dINS_5arrayI8ap_fixedILi20ELi10EL9ap_q_mode5EL9a_676' <Predicate = (icmp_ln55 & and_ln55_2)> <Delay = 0.00>
ST_3 : Operation 165 [1/1] (2.19ns)   --->   "%icmp_ln66_182 = icmp_slt  i20 %void_compute_pool_buffer_2d_array_const_ap_shift_reg_n_filt_stream_kernel_37, i20 %p_ZZN4nnet22compute_pool_buffer_2dINS_5arrayI8ap_fixedILi20ELi10EL9ap_q_mode5EL9a_674" [firmware/nnet_utils/nnet_common.h:66->firmware/nnet_utils/nnet_common.h:44->firmware/nnet_utils/nnet_common.h:46->firmware/nnet_utils/nnet_pooling_stream.h:21->firmware/nnet_utils/nnet_pooling_stream.h:68->firmware/nnet_utils/nnet_pooling_stream.h:115]   --->   Operation 165 'icmp' 'icmp_ln66_182' <Predicate = (icmp_ln55 & and_ln55_2)> <Delay = 2.19> <CoreInst = "Cmp">   --->   Core 9 'Cmp' <Latency = 0> <II = 1> <Delay = 2.19> <FuncUnit> <Opcode : 'seteq' 'setne' 'setle' 'setge' 'setlt' 'setgt'> <InPorts = 2> <OutPorts = 1>
ST_3 : Operation 166 [1/1] (0.00ns) (grouped into LUT with out node select_ln0_157)   --->   "%xor_ln66_182 = xor i1 %icmp_ln66_182, i1 1" [firmware/nnet_utils/nnet_common.h:66->firmware/nnet_utils/nnet_common.h:44->firmware/nnet_utils/nnet_common.h:46->firmware/nnet_utils/nnet_pooling_stream.h:21->firmware/nnet_utils/nnet_pooling_stream.h:68->firmware/nnet_utils/nnet_pooling_stream.h:115]   --->   Operation 166 'xor' 'xor_ln66_182' <Predicate = (icmp_ln55 & and_ln55_2)> <Delay = 0.00> <CoreInst = "LogicGate">   --->   Core 74 'LogicGate' <Latency = 0> <II = 1> <Delay = 0.97> <FuncUnit> <Opcode : 'and' 'or' 'xor'> <InPorts = 2> <OutPorts = 1>
ST_3 : Operation 167 [1/1] (0.97ns) (out node of the LUT)   --->   "%select_ln0_157 = select i1 %xor_ln66_182, i20 %void_compute_pool_buffer_2d_array_const_ap_shift_reg_n_filt_stream_kernel_37, i20 %p_ZZN4nnet22compute_pool_buffer_2dINS_5arrayI8ap_fixedILi20ELi10EL9ap_q_mode5EL9a_674" [firmware/nnet_utils/nnet_common.h:0->firmware/nnet_utils/nnet_common.h:46->firmware/nnet_utils/nnet_pooling_stream.h:21->firmware/nnet_utils/nnet_pooling_stream.h:68->firmware/nnet_utils/nnet_pooling_stream.h:115]   --->   Operation 167 'select' 'select_ln0_157' <Predicate = (icmp_ln55 & and_ln55_2)> <Delay = 0.97> <CoreInst = "Sel">   --->   Core 73 'Sel' <Latency = 0> <II = 1> <Delay = 0.70> <FuncUnit> <Opcode : 'select'> <InPorts = 3> <OutPorts = 1>
ST_3 : Operation 168 [1/1] (2.19ns)   --->   "%icmp_ln66_183 = icmp_slt  i20 %p_ZZN4nnet22compute_pool_buffer_2dINS_5arrayI8ap_fixedILi20ELi10EL9ap_q_mode5EL9a_675, i20 %p_ZZN4nnet22compute_pool_buffer_2dINS_5arrayI8ap_fixedILi20ELi10EL9ap_q_mode5EL9a_676" [firmware/nnet_utils/nnet_common.h:66->firmware/nnet_utils/nnet_common.h:44->firmware/nnet_utils/nnet_common.h:46->firmware/nnet_utils/nnet_pooling_stream.h:21->firmware/nnet_utils/nnet_pooling_stream.h:68->firmware/nnet_utils/nnet_pooling_stream.h:115]   --->   Operation 168 'icmp' 'icmp_ln66_183' <Predicate = (icmp_ln55 & and_ln55_2)> <Delay = 2.19> <CoreInst = "Cmp">   --->   Core 9 'Cmp' <Latency = 0> <II = 1> <Delay = 2.19> <FuncUnit> <Opcode : 'seteq' 'setne' 'setle' 'setge' 'setlt' 'setgt'> <InPorts = 2> <OutPorts = 1>
ST_3 : Operation 169 [1/1] (0.00ns) (grouped into LUT with out node select_ln0_158)   --->   "%xor_ln66_183 = xor i1 %icmp_ln66_183, i1 1" [firmware/nnet_utils/nnet_common.h:66->firmware/nnet_utils/nnet_common.h:44->firmware/nnet_utils/nnet_common.h:46->firmware/nnet_utils/nnet_pooling_stream.h:21->firmware/nnet_utils/nnet_pooling_stream.h:68->firmware/nnet_utils/nnet_pooling_stream.h:115]   --->   Operation 169 'xor' 'xor_ln66_183' <Predicate = (icmp_ln55 & and_ln55_2)> <Delay = 0.00> <CoreInst = "LogicGate">   --->   Core 74 'LogicGate' <Latency = 0> <II = 1> <Delay = 0.97> <FuncUnit> <Opcode : 'and' 'or' 'xor'> <InPorts = 2> <OutPorts = 1>
ST_3 : Operation 170 [1/1] (0.97ns) (out node of the LUT)   --->   "%select_ln0_158 = select i1 %xor_ln66_183, i20 %p_ZZN4nnet22compute_pool_buffer_2dINS_5arrayI8ap_fixedILi20ELi10EL9ap_q_mode5EL9a_675, i20 %p_ZZN4nnet22compute_pool_buffer_2dINS_5arrayI8ap_fixedILi20ELi10EL9ap_q_mode5EL9a_676" [firmware/nnet_utils/nnet_common.h:0->firmware/nnet_utils/nnet_common.h:46->firmware/nnet_utils/nnet_pooling_stream.h:21->firmware/nnet_utils/nnet_pooling_stream.h:68->firmware/nnet_utils/nnet_pooling_stream.h:115]   --->   Operation 170 'select' 'select_ln0_158' <Predicate = (icmp_ln55 & and_ln55_2)> <Delay = 0.97> <CoreInst = "Sel">   --->   Core 73 'Sel' <Latency = 0> <II = 1> <Delay = 0.70> <FuncUnit> <Opcode : 'select'> <InPorts = 3> <OutPorts = 1>
ST_3 : Operation 171 [1/1] (2.19ns)   --->   "%icmp_ln66_184 = icmp_slt  i20 %select_ln0_157, i20 %select_ln0_158" [firmware/nnet_utils/nnet_common.h:66->firmware/nnet_utils/nnet_common.h:46->firmware/nnet_utils/nnet_pooling_stream.h:21->firmware/nnet_utils/nnet_pooling_stream.h:68->firmware/nnet_utils/nnet_pooling_stream.h:115]   --->   Operation 171 'icmp' 'icmp_ln66_184' <Predicate = (icmp_ln55 & and_ln55_2)> <Delay = 2.19> <CoreInst = "Cmp">   --->   Core 9 'Cmp' <Latency = 0> <II = 1> <Delay = 2.19> <FuncUnit> <Opcode : 'seteq' 'setne' 'setle' 'setge' 'setlt' 'setgt'> <InPorts = 2> <OutPorts = 1>
ST_3 : Operation 172 [1/1] (0.00ns) (grouped into LUT with out node res_pack_24)   --->   "%xor_ln66_184 = xor i1 %icmp_ln66_184, i1 1" [firmware/nnet_utils/nnet_common.h:66->firmware/nnet_utils/nnet_common.h:46->firmware/nnet_utils/nnet_pooling_stream.h:21->firmware/nnet_utils/nnet_pooling_stream.h:68->firmware/nnet_utils/nnet_pooling_stream.h:115]   --->   Operation 172 'xor' 'xor_ln66_184' <Predicate = (icmp_ln55 & and_ln55_2)> <Delay = 0.00> <CoreInst = "LogicGate">   --->   Core 74 'LogicGate' <Latency = 0> <II = 1> <Delay = 0.97> <FuncUnit> <Opcode : 'and' 'or' 'xor'> <InPorts = 2> <OutPorts = 1>
ST_3 : Operation 173 [1/1] (0.97ns) (out node of the LUT)   --->   "%res_pack_24 = select i1 %xor_ln66_184, i20 %select_ln0_157, i20 %select_ln0_158" [firmware/nnet_utils/nnet_pooling_stream.h:67->firmware/nnet_utils/nnet_pooling_stream.h:115]   --->   Operation 173 'select' 'res_pack_24' <Predicate = (icmp_ln55 & and_ln55_2)> <Delay = 0.97> <CoreInst = "Sel">   --->   Core 73 'Sel' <Latency = 0> <II = 1> <Delay = 0.70> <FuncUnit> <Opcode : 'select'> <InPorts = 3> <OutPorts = 1>
ST_3 : Operation 174 [1/1] (0.00ns)   --->   "%void_compute_pool_buffer_2d_array_const_ap_shift_reg_n_filt_stream_kernel_38 = load i20 %void_compute_pool_buffer_2d_array_const_ap_shift_reg_n_filt_stream_kernel_11" [firmware/nnet_utils/nnet_pooling_stream.h:63->firmware/nnet_utils/nnet_pooling_stream.h:115]   --->   Operation 174 'load' 'void_compute_pool_buffer_2d_array_const_ap_shift_reg_n_filt_stream_kernel_38' <Predicate = (icmp_ln55 & and_ln55_2)> <Delay = 0.00>
ST_3 : Operation 175 [1/1] (0.00ns)   --->   "%p_ZZN4nnet22compute_pool_buffer_2dINS_5arrayI8ap_fixedILi20ELi10EL9ap_q_mode5EL9a_677 = load i20 %p_ZZN4nnet22compute_pool_buffer_2dINS_5arrayI8ap_fixedILi20ELi10EL9ap_q_mode5EL9a_217" [firmware/nnet_utils/nnet_pooling_stream.h:63->firmware/nnet_utils/nnet_pooling_stream.h:115]   --->   Operation 175 'load' 'p_ZZN4nnet22compute_pool_buffer_2dINS_5arrayI8ap_fixedILi20ELi10EL9ap_q_mode5EL9a_677' <Predicate = (icmp_ln55 & and_ln55_2)> <Delay = 0.00>
ST_3 : Operation 176 [1/1] (0.00ns)   --->   "%p_ZZN4nnet22compute_pool_buffer_2dINS_5arrayI8ap_fixedILi20ELi10EL9ap_q_mode5EL9a_678 = load i20 %p_ZZN4nnet22compute_pool_buffer_2dINS_5arrayI8ap_fixedILi20ELi10EL9ap_q_mode5EL9a_229" [firmware/nnet_utils/nnet_pooling_stream.h:63->firmware/nnet_utils/nnet_pooling_stream.h:115]   --->   Operation 176 'load' 'p_ZZN4nnet22compute_pool_buffer_2dINS_5arrayI8ap_fixedILi20ELi10EL9ap_q_mode5EL9a_678' <Predicate = (icmp_ln55 & and_ln55_2)> <Delay = 0.00>
ST_3 : Operation 177 [1/1] (0.00ns)   --->   "%p_ZZN4nnet22compute_pool_buffer_2dINS_5arrayI8ap_fixedILi20ELi10EL9ap_q_mode5EL9a_679 = load i20 %p_ZZN4nnet22compute_pool_buffer_2dINS_5arrayI8ap_fixedILi20ELi10EL9ap_q_mode5EL9a_241" [firmware/nnet_utils/nnet_pooling_stream.h:63->firmware/nnet_utils/nnet_pooling_stream.h:115]   --->   Operation 177 'load' 'p_ZZN4nnet22compute_pool_buffer_2dINS_5arrayI8ap_fixedILi20ELi10EL9ap_q_mode5EL9a_679' <Predicate = (icmp_ln55 & and_ln55_2)> <Delay = 0.00>
ST_3 : Operation 178 [1/1] (2.19ns)   --->   "%icmp_ln66_185 = icmp_slt  i20 %void_compute_pool_buffer_2d_array_const_ap_shift_reg_n_filt_stream_kernel_38, i20 %p_ZZN4nnet22compute_pool_buffer_2dINS_5arrayI8ap_fixedILi20ELi10EL9ap_q_mode5EL9a_677" [firmware/nnet_utils/nnet_common.h:66->firmware/nnet_utils/nnet_common.h:44->firmware/nnet_utils/nnet_common.h:46->firmware/nnet_utils/nnet_pooling_stream.h:21->firmware/nnet_utils/nnet_pooling_stream.h:68->firmware/nnet_utils/nnet_pooling_stream.h:115]   --->   Operation 178 'icmp' 'icmp_ln66_185' <Predicate = (icmp_ln55 & and_ln55_2)> <Delay = 2.19> <CoreInst = "Cmp">   --->   Core 9 'Cmp' <Latency = 0> <II = 1> <Delay = 2.19> <FuncUnit> <Opcode : 'seteq' 'setne' 'setle' 'setge' 'setlt' 'setgt'> <InPorts = 2> <OutPorts = 1>
ST_3 : Operation 179 [1/1] (0.00ns) (grouped into LUT with out node select_ln0_159)   --->   "%xor_ln66_185 = xor i1 %icmp_ln66_185, i1 1" [firmware/nnet_utils/nnet_common.h:66->firmware/nnet_utils/nnet_common.h:44->firmware/nnet_utils/nnet_common.h:46->firmware/nnet_utils/nnet_pooling_stream.h:21->firmware/nnet_utils/nnet_pooling_stream.h:68->firmware/nnet_utils/nnet_pooling_stream.h:115]   --->   Operation 179 'xor' 'xor_ln66_185' <Predicate = (icmp_ln55 & and_ln55_2)> <Delay = 0.00> <CoreInst = "LogicGate">   --->   Core 74 'LogicGate' <Latency = 0> <II = 1> <Delay = 0.97> <FuncUnit> <Opcode : 'and' 'or' 'xor'> <InPorts = 2> <OutPorts = 1>
ST_3 : Operation 180 [1/1] (0.97ns) (out node of the LUT)   --->   "%select_ln0_159 = select i1 %xor_ln66_185, i20 %void_compute_pool_buffer_2d_array_const_ap_shift_reg_n_filt_stream_kernel_38, i20 %p_ZZN4nnet22compute_pool_buffer_2dINS_5arrayI8ap_fixedILi20ELi10EL9ap_q_mode5EL9a_677" [firmware/nnet_utils/nnet_common.h:0->firmware/nnet_utils/nnet_common.h:46->firmware/nnet_utils/nnet_pooling_stream.h:21->firmware/nnet_utils/nnet_pooling_stream.h:68->firmware/nnet_utils/nnet_pooling_stream.h:115]   --->   Operation 180 'select' 'select_ln0_159' <Predicate = (icmp_ln55 & and_ln55_2)> <Delay = 0.97> <CoreInst = "Sel">   --->   Core 73 'Sel' <Latency = 0> <II = 1> <Delay = 0.70> <FuncUnit> <Opcode : 'select'> <InPorts = 3> <OutPorts = 1>
ST_3 : Operation 181 [1/1] (2.19ns)   --->   "%icmp_ln66_186 = icmp_slt  i20 %p_ZZN4nnet22compute_pool_buffer_2dINS_5arrayI8ap_fixedILi20ELi10EL9ap_q_mode5EL9a_678, i20 %p_ZZN4nnet22compute_pool_buffer_2dINS_5arrayI8ap_fixedILi20ELi10EL9ap_q_mode5EL9a_679" [firmware/nnet_utils/nnet_common.h:66->firmware/nnet_utils/nnet_common.h:44->firmware/nnet_utils/nnet_common.h:46->firmware/nnet_utils/nnet_pooling_stream.h:21->firmware/nnet_utils/nnet_pooling_stream.h:68->firmware/nnet_utils/nnet_pooling_stream.h:115]   --->   Operation 181 'icmp' 'icmp_ln66_186' <Predicate = (icmp_ln55 & and_ln55_2)> <Delay = 2.19> <CoreInst = "Cmp">   --->   Core 9 'Cmp' <Latency = 0> <II = 1> <Delay = 2.19> <FuncUnit> <Opcode : 'seteq' 'setne' 'setle' 'setge' 'setlt' 'setgt'> <InPorts = 2> <OutPorts = 1>
ST_3 : Operation 182 [1/1] (0.00ns) (grouped into LUT with out node select_ln0_160)   --->   "%xor_ln66_186 = xor i1 %icmp_ln66_186, i1 1" [firmware/nnet_utils/nnet_common.h:66->firmware/nnet_utils/nnet_common.h:44->firmware/nnet_utils/nnet_common.h:46->firmware/nnet_utils/nnet_pooling_stream.h:21->firmware/nnet_utils/nnet_pooling_stream.h:68->firmware/nnet_utils/nnet_pooling_stream.h:115]   --->   Operation 182 'xor' 'xor_ln66_186' <Predicate = (icmp_ln55 & and_ln55_2)> <Delay = 0.00> <CoreInst = "LogicGate">   --->   Core 74 'LogicGate' <Latency = 0> <II = 1> <Delay = 0.97> <FuncUnit> <Opcode : 'and' 'or' 'xor'> <InPorts = 2> <OutPorts = 1>
ST_3 : Operation 183 [1/1] (0.97ns) (out node of the LUT)   --->   "%select_ln0_160 = select i1 %xor_ln66_186, i20 %p_ZZN4nnet22compute_pool_buffer_2dINS_5arrayI8ap_fixedILi20ELi10EL9ap_q_mode5EL9a_678, i20 %p_ZZN4nnet22compute_pool_buffer_2dINS_5arrayI8ap_fixedILi20ELi10EL9ap_q_mode5EL9a_679" [firmware/nnet_utils/nnet_common.h:0->firmware/nnet_utils/nnet_common.h:46->firmware/nnet_utils/nnet_pooling_stream.h:21->firmware/nnet_utils/nnet_pooling_stream.h:68->firmware/nnet_utils/nnet_pooling_stream.h:115]   --->   Operation 183 'select' 'select_ln0_160' <Predicate = (icmp_ln55 & and_ln55_2)> <Delay = 0.97> <CoreInst = "Sel">   --->   Core 73 'Sel' <Latency = 0> <II = 1> <Delay = 0.70> <FuncUnit> <Opcode : 'select'> <InPorts = 3> <OutPorts = 1>
ST_3 : Operation 184 [1/1] (2.19ns)   --->   "%icmp_ln66_187 = icmp_slt  i20 %select_ln0_159, i20 %select_ln0_160" [firmware/nnet_utils/nnet_common.h:66->firmware/nnet_utils/nnet_common.h:46->firmware/nnet_utils/nnet_pooling_stream.h:21->firmware/nnet_utils/nnet_pooling_stream.h:68->firmware/nnet_utils/nnet_pooling_stream.h:115]   --->   Operation 184 'icmp' 'icmp_ln66_187' <Predicate = (icmp_ln55 & and_ln55_2)> <Delay = 2.19> <CoreInst = "Cmp">   --->   Core 9 'Cmp' <Latency = 0> <II = 1> <Delay = 2.19> <FuncUnit> <Opcode : 'seteq' 'setne' 'setle' 'setge' 'setlt' 'setgt'> <InPorts = 2> <OutPorts = 1>
ST_3 : Operation 185 [1/1] (0.00ns) (grouped into LUT with out node res_pack_25)   --->   "%xor_ln66_187 = xor i1 %icmp_ln66_187, i1 1" [firmware/nnet_utils/nnet_common.h:66->firmware/nnet_utils/nnet_common.h:46->firmware/nnet_utils/nnet_pooling_stream.h:21->firmware/nnet_utils/nnet_pooling_stream.h:68->firmware/nnet_utils/nnet_pooling_stream.h:115]   --->   Operation 185 'xor' 'xor_ln66_187' <Predicate = (icmp_ln55 & and_ln55_2)> <Delay = 0.00> <CoreInst = "LogicGate">   --->   Core 74 'LogicGate' <Latency = 0> <II = 1> <Delay = 0.97> <FuncUnit> <Opcode : 'and' 'or' 'xor'> <InPorts = 2> <OutPorts = 1>
ST_3 : Operation 186 [1/1] (0.97ns) (out node of the LUT)   --->   "%res_pack_25 = select i1 %xor_ln66_187, i20 %select_ln0_159, i20 %select_ln0_160" [firmware/nnet_utils/nnet_pooling_stream.h:67->firmware/nnet_utils/nnet_pooling_stream.h:115]   --->   Operation 186 'select' 'res_pack_25' <Predicate = (icmp_ln55 & and_ln55_2)> <Delay = 0.97> <CoreInst = "Sel">   --->   Core 73 'Sel' <Latency = 0> <II = 1> <Delay = 0.70> <FuncUnit> <Opcode : 'select'> <InPorts = 3> <OutPorts = 1>
ST_3 : Operation 187 [1/1] (0.00ns)   --->   "%void_compute_pool_buffer_2d_array_const_ap_shift_reg_n_filt_stream_kernel_39 = load i20 %void_compute_pool_buffer_2d_array_const_ap_shift_reg_n_filt_stream_kernel_10" [firmware/nnet_utils/nnet_pooling_stream.h:63->firmware/nnet_utils/nnet_pooling_stream.h:115]   --->   Operation 187 'load' 'void_compute_pool_buffer_2d_array_const_ap_shift_reg_n_filt_stream_kernel_39' <Predicate = (icmp_ln55 & and_ln55_2)> <Delay = 0.00>
ST_3 : Operation 188 [1/1] (0.00ns)   --->   "%p_ZZN4nnet22compute_pool_buffer_2dINS_5arrayI8ap_fixedILi20ELi10EL9ap_q_mode5EL9a_680 = load i20 %p_ZZN4nnet22compute_pool_buffer_2dINS_5arrayI8ap_fixedILi20ELi10EL9ap_q_mode5EL9a_218" [firmware/nnet_utils/nnet_pooling_stream.h:63->firmware/nnet_utils/nnet_pooling_stream.h:115]   --->   Operation 188 'load' 'p_ZZN4nnet22compute_pool_buffer_2dINS_5arrayI8ap_fixedILi20ELi10EL9ap_q_mode5EL9a_680' <Predicate = (icmp_ln55 & and_ln55_2)> <Delay = 0.00>
ST_3 : Operation 189 [1/1] (0.00ns)   --->   "%p_ZZN4nnet22compute_pool_buffer_2dINS_5arrayI8ap_fixedILi20ELi10EL9ap_q_mode5EL9a_681 = load i20 %p_ZZN4nnet22compute_pool_buffer_2dINS_5arrayI8ap_fixedILi20ELi10EL9ap_q_mode5EL9a_230" [firmware/nnet_utils/nnet_pooling_stream.h:63->firmware/nnet_utils/nnet_pooling_stream.h:115]   --->   Operation 189 'load' 'p_ZZN4nnet22compute_pool_buffer_2dINS_5arrayI8ap_fixedILi20ELi10EL9ap_q_mode5EL9a_681' <Predicate = (icmp_ln55 & and_ln55_2)> <Delay = 0.00>
ST_3 : Operation 190 [1/1] (0.00ns)   --->   "%p_ZZN4nnet22compute_pool_buffer_2dINS_5arrayI8ap_fixedILi20ELi10EL9ap_q_mode5EL9a_682 = load i20 %p_ZZN4nnet22compute_pool_buffer_2dINS_5arrayI8ap_fixedILi20ELi10EL9ap_q_mode5EL9a_242" [firmware/nnet_utils/nnet_pooling_stream.h:63->firmware/nnet_utils/nnet_pooling_stream.h:115]   --->   Operation 190 'load' 'p_ZZN4nnet22compute_pool_buffer_2dINS_5arrayI8ap_fixedILi20ELi10EL9ap_q_mode5EL9a_682' <Predicate = (icmp_ln55 & and_ln55_2)> <Delay = 0.00>
ST_3 : Operation 191 [1/1] (2.19ns)   --->   "%icmp_ln66_188 = icmp_slt  i20 %void_compute_pool_buffer_2d_array_const_ap_shift_reg_n_filt_stream_kernel_39, i20 %p_ZZN4nnet22compute_pool_buffer_2dINS_5arrayI8ap_fixedILi20ELi10EL9ap_q_mode5EL9a_680" [firmware/nnet_utils/nnet_common.h:66->firmware/nnet_utils/nnet_common.h:44->firmware/nnet_utils/nnet_common.h:46->firmware/nnet_utils/nnet_pooling_stream.h:21->firmware/nnet_utils/nnet_pooling_stream.h:68->firmware/nnet_utils/nnet_pooling_stream.h:115]   --->   Operation 191 'icmp' 'icmp_ln66_188' <Predicate = (icmp_ln55 & and_ln55_2)> <Delay = 2.19> <CoreInst = "Cmp">   --->   Core 9 'Cmp' <Latency = 0> <II = 1> <Delay = 2.19> <FuncUnit> <Opcode : 'seteq' 'setne' 'setle' 'setge' 'setlt' 'setgt'> <InPorts = 2> <OutPorts = 1>
ST_3 : Operation 192 [1/1] (0.00ns) (grouped into LUT with out node select_ln0_161)   --->   "%xor_ln66_188 = xor i1 %icmp_ln66_188, i1 1" [firmware/nnet_utils/nnet_common.h:66->firmware/nnet_utils/nnet_common.h:44->firmware/nnet_utils/nnet_common.h:46->firmware/nnet_utils/nnet_pooling_stream.h:21->firmware/nnet_utils/nnet_pooling_stream.h:68->firmware/nnet_utils/nnet_pooling_stream.h:115]   --->   Operation 192 'xor' 'xor_ln66_188' <Predicate = (icmp_ln55 & and_ln55_2)> <Delay = 0.00> <CoreInst = "LogicGate">   --->   Core 74 'LogicGate' <Latency = 0> <II = 1> <Delay = 0.97> <FuncUnit> <Opcode : 'and' 'or' 'xor'> <InPorts = 2> <OutPorts = 1>
ST_3 : Operation 193 [1/1] (0.97ns) (out node of the LUT)   --->   "%select_ln0_161 = select i1 %xor_ln66_188, i20 %void_compute_pool_buffer_2d_array_const_ap_shift_reg_n_filt_stream_kernel_39, i20 %p_ZZN4nnet22compute_pool_buffer_2dINS_5arrayI8ap_fixedILi20ELi10EL9ap_q_mode5EL9a_680" [firmware/nnet_utils/nnet_common.h:0->firmware/nnet_utils/nnet_common.h:46->firmware/nnet_utils/nnet_pooling_stream.h:21->firmware/nnet_utils/nnet_pooling_stream.h:68->firmware/nnet_utils/nnet_pooling_stream.h:115]   --->   Operation 193 'select' 'select_ln0_161' <Predicate = (icmp_ln55 & and_ln55_2)> <Delay = 0.97> <CoreInst = "Sel">   --->   Core 73 'Sel' <Latency = 0> <II = 1> <Delay = 0.70> <FuncUnit> <Opcode : 'select'> <InPorts = 3> <OutPorts = 1>
ST_3 : Operation 194 [1/1] (2.19ns)   --->   "%icmp_ln66_189 = icmp_slt  i20 %p_ZZN4nnet22compute_pool_buffer_2dINS_5arrayI8ap_fixedILi20ELi10EL9ap_q_mode5EL9a_681, i20 %p_ZZN4nnet22compute_pool_buffer_2dINS_5arrayI8ap_fixedILi20ELi10EL9ap_q_mode5EL9a_682" [firmware/nnet_utils/nnet_common.h:66->firmware/nnet_utils/nnet_common.h:44->firmware/nnet_utils/nnet_common.h:46->firmware/nnet_utils/nnet_pooling_stream.h:21->firmware/nnet_utils/nnet_pooling_stream.h:68->firmware/nnet_utils/nnet_pooling_stream.h:115]   --->   Operation 194 'icmp' 'icmp_ln66_189' <Predicate = (icmp_ln55 & and_ln55_2)> <Delay = 2.19> <CoreInst = "Cmp">   --->   Core 9 'Cmp' <Latency = 0> <II = 1> <Delay = 2.19> <FuncUnit> <Opcode : 'seteq' 'setne' 'setle' 'setge' 'setlt' 'setgt'> <InPorts = 2> <OutPorts = 1>
ST_3 : Operation 195 [1/1] (0.00ns) (grouped into LUT with out node select_ln0_162)   --->   "%xor_ln66_189 = xor i1 %icmp_ln66_189, i1 1" [firmware/nnet_utils/nnet_common.h:66->firmware/nnet_utils/nnet_common.h:44->firmware/nnet_utils/nnet_common.h:46->firmware/nnet_utils/nnet_pooling_stream.h:21->firmware/nnet_utils/nnet_pooling_stream.h:68->firmware/nnet_utils/nnet_pooling_stream.h:115]   --->   Operation 195 'xor' 'xor_ln66_189' <Predicate = (icmp_ln55 & and_ln55_2)> <Delay = 0.00> <CoreInst = "LogicGate">   --->   Core 74 'LogicGate' <Latency = 0> <II = 1> <Delay = 0.97> <FuncUnit> <Opcode : 'and' 'or' 'xor'> <InPorts = 2> <OutPorts = 1>
ST_3 : Operation 196 [1/1] (0.97ns) (out node of the LUT)   --->   "%select_ln0_162 = select i1 %xor_ln66_189, i20 %p_ZZN4nnet22compute_pool_buffer_2dINS_5arrayI8ap_fixedILi20ELi10EL9ap_q_mode5EL9a_681, i20 %p_ZZN4nnet22compute_pool_buffer_2dINS_5arrayI8ap_fixedILi20ELi10EL9ap_q_mode5EL9a_682" [firmware/nnet_utils/nnet_common.h:0->firmware/nnet_utils/nnet_common.h:46->firmware/nnet_utils/nnet_pooling_stream.h:21->firmware/nnet_utils/nnet_pooling_stream.h:68->firmware/nnet_utils/nnet_pooling_stream.h:115]   --->   Operation 196 'select' 'select_ln0_162' <Predicate = (icmp_ln55 & and_ln55_2)> <Delay = 0.97> <CoreInst = "Sel">   --->   Core 73 'Sel' <Latency = 0> <II = 1> <Delay = 0.70> <FuncUnit> <Opcode : 'select'> <InPorts = 3> <OutPorts = 1>
ST_3 : Operation 197 [1/1] (2.19ns)   --->   "%icmp_ln66_190 = icmp_slt  i20 %select_ln0_161, i20 %select_ln0_162" [firmware/nnet_utils/nnet_common.h:66->firmware/nnet_utils/nnet_common.h:46->firmware/nnet_utils/nnet_pooling_stream.h:21->firmware/nnet_utils/nnet_pooling_stream.h:68->firmware/nnet_utils/nnet_pooling_stream.h:115]   --->   Operation 197 'icmp' 'icmp_ln66_190' <Predicate = (icmp_ln55 & and_ln55_2)> <Delay = 2.19> <CoreInst = "Cmp">   --->   Core 9 'Cmp' <Latency = 0> <II = 1> <Delay = 2.19> <FuncUnit> <Opcode : 'seteq' 'setne' 'setle' 'setge' 'setlt' 'setgt'> <InPorts = 2> <OutPorts = 1>
ST_3 : Operation 198 [1/1] (0.00ns) (grouped into LUT with out node res_pack_26)   --->   "%xor_ln66_190 = xor i1 %icmp_ln66_190, i1 1" [firmware/nnet_utils/nnet_common.h:66->firmware/nnet_utils/nnet_common.h:46->firmware/nnet_utils/nnet_pooling_stream.h:21->firmware/nnet_utils/nnet_pooling_stream.h:68->firmware/nnet_utils/nnet_pooling_stream.h:115]   --->   Operation 198 'xor' 'xor_ln66_190' <Predicate = (icmp_ln55 & and_ln55_2)> <Delay = 0.00> <CoreInst = "LogicGate">   --->   Core 74 'LogicGate' <Latency = 0> <II = 1> <Delay = 0.97> <FuncUnit> <Opcode : 'and' 'or' 'xor'> <InPorts = 2> <OutPorts = 1>
ST_3 : Operation 199 [1/1] (0.97ns) (out node of the LUT)   --->   "%res_pack_26 = select i1 %xor_ln66_190, i20 %select_ln0_161, i20 %select_ln0_162" [firmware/nnet_utils/nnet_pooling_stream.h:67->firmware/nnet_utils/nnet_pooling_stream.h:115]   --->   Operation 199 'select' 'res_pack_26' <Predicate = (icmp_ln55 & and_ln55_2)> <Delay = 0.97> <CoreInst = "Sel">   --->   Core 73 'Sel' <Latency = 0> <II = 1> <Delay = 0.70> <FuncUnit> <Opcode : 'select'> <InPorts = 3> <OutPorts = 1>
ST_3 : Operation 200 [1/1] (0.00ns)   --->   "%p_ZZN4nnet22compute_pool_buffer_2dINS_5arrayI8ap_fixedILi20ELi10EL9ap_q_mode5EL9a_683 = load i20 %p_ZZN4nnet22compute_pool_buffer_2dINS_5arrayI8ap_fixedILi20ELi10EL9ap_q_mode5EL9a_207" [firmware/nnet_utils/nnet_pooling_stream.h:63->firmware/nnet_utils/nnet_pooling_stream.h:115]   --->   Operation 200 'load' 'p_ZZN4nnet22compute_pool_buffer_2dINS_5arrayI8ap_fixedILi20ELi10EL9ap_q_mode5EL9a_683' <Predicate = (icmp_ln55 & and_ln55_2)> <Delay = 0.00>
ST_3 : Operation 201 [1/1] (0.00ns)   --->   "%p_ZZN4nnet22compute_pool_buffer_2dINS_5arrayI8ap_fixedILi20ELi10EL9ap_q_mode5EL9a_684 = load i20 %p_ZZN4nnet22compute_pool_buffer_2dINS_5arrayI8ap_fixedILi20ELi10EL9ap_q_mode5EL9a_219" [firmware/nnet_utils/nnet_pooling_stream.h:63->firmware/nnet_utils/nnet_pooling_stream.h:115]   --->   Operation 201 'load' 'p_ZZN4nnet22compute_pool_buffer_2dINS_5arrayI8ap_fixedILi20ELi10EL9ap_q_mode5EL9a_684' <Predicate = (icmp_ln55 & and_ln55_2)> <Delay = 0.00>
ST_3 : Operation 202 [1/1] (0.00ns)   --->   "%p_ZZN4nnet22compute_pool_buffer_2dINS_5arrayI8ap_fixedILi20ELi10EL9ap_q_mode5EL9a_685 = load i20 %p_ZZN4nnet22compute_pool_buffer_2dINS_5arrayI8ap_fixedILi20ELi10EL9ap_q_mode5EL9a_231" [firmware/nnet_utils/nnet_pooling_stream.h:63->firmware/nnet_utils/nnet_pooling_stream.h:115]   --->   Operation 202 'load' 'p_ZZN4nnet22compute_pool_buffer_2dINS_5arrayI8ap_fixedILi20ELi10EL9ap_q_mode5EL9a_685' <Predicate = (icmp_ln55 & and_ln55_2)> <Delay = 0.00>
ST_3 : Operation 203 [1/1] (0.00ns)   --->   "%p_ZZN4nnet22compute_pool_buffer_2dINS_5arrayI8ap_fixedILi20ELi10EL9ap_q_mode5EL9a_686 = load i20 %p_ZZN4nnet22compute_pool_buffer_2dINS_5arrayI8ap_fixedILi20ELi10EL9ap_q_mode5EL9a_243" [firmware/nnet_utils/nnet_pooling_stream.h:63->firmware/nnet_utils/nnet_pooling_stream.h:115]   --->   Operation 203 'load' 'p_ZZN4nnet22compute_pool_buffer_2dINS_5arrayI8ap_fixedILi20ELi10EL9ap_q_mode5EL9a_686' <Predicate = (icmp_ln55 & and_ln55_2)> <Delay = 0.00>
ST_3 : Operation 204 [1/1] (2.19ns)   --->   "%icmp_ln66_191 = icmp_slt  i20 %p_ZZN4nnet22compute_pool_buffer_2dINS_5arrayI8ap_fixedILi20ELi10EL9ap_q_mode5EL9a_683, i20 %p_ZZN4nnet22compute_pool_buffer_2dINS_5arrayI8ap_fixedILi20ELi10EL9ap_q_mode5EL9a_684" [firmware/nnet_utils/nnet_common.h:66->firmware/nnet_utils/nnet_common.h:44->firmware/nnet_utils/nnet_common.h:46->firmware/nnet_utils/nnet_pooling_stream.h:21->firmware/nnet_utils/nnet_pooling_stream.h:68->firmware/nnet_utils/nnet_pooling_stream.h:115]   --->   Operation 204 'icmp' 'icmp_ln66_191' <Predicate = (icmp_ln55 & and_ln55_2)> <Delay = 2.19> <CoreInst = "Cmp">   --->   Core 9 'Cmp' <Latency = 0> <II = 1> <Delay = 2.19> <FuncUnit> <Opcode : 'seteq' 'setne' 'setle' 'setge' 'setlt' 'setgt'> <InPorts = 2> <OutPorts = 1>
ST_3 : Operation 205 [1/1] (0.00ns) (grouped into LUT with out node select_ln0_163)   --->   "%xor_ln66_191 = xor i1 %icmp_ln66_191, i1 1" [firmware/nnet_utils/nnet_common.h:66->firmware/nnet_utils/nnet_common.h:44->firmware/nnet_utils/nnet_common.h:46->firmware/nnet_utils/nnet_pooling_stream.h:21->firmware/nnet_utils/nnet_pooling_stream.h:68->firmware/nnet_utils/nnet_pooling_stream.h:115]   --->   Operation 205 'xor' 'xor_ln66_191' <Predicate = (icmp_ln55 & and_ln55_2)> <Delay = 0.00> <CoreInst = "LogicGate">   --->   Core 74 'LogicGate' <Latency = 0> <II = 1> <Delay = 0.97> <FuncUnit> <Opcode : 'and' 'or' 'xor'> <InPorts = 2> <OutPorts = 1>
ST_3 : Operation 206 [1/1] (0.97ns) (out node of the LUT)   --->   "%select_ln0_163 = select i1 %xor_ln66_191, i20 %p_ZZN4nnet22compute_pool_buffer_2dINS_5arrayI8ap_fixedILi20ELi10EL9ap_q_mode5EL9a_683, i20 %p_ZZN4nnet22compute_pool_buffer_2dINS_5arrayI8ap_fixedILi20ELi10EL9ap_q_mode5EL9a_684" [firmware/nnet_utils/nnet_common.h:0->firmware/nnet_utils/nnet_common.h:46->firmware/nnet_utils/nnet_pooling_stream.h:21->firmware/nnet_utils/nnet_pooling_stream.h:68->firmware/nnet_utils/nnet_pooling_stream.h:115]   --->   Operation 206 'select' 'select_ln0_163' <Predicate = (icmp_ln55 & and_ln55_2)> <Delay = 0.97> <CoreInst = "Sel">   --->   Core 73 'Sel' <Latency = 0> <II = 1> <Delay = 0.70> <FuncUnit> <Opcode : 'select'> <InPorts = 3> <OutPorts = 1>
ST_3 : Operation 207 [1/1] (2.19ns)   --->   "%icmp_ln66_192 = icmp_slt  i20 %p_ZZN4nnet22compute_pool_buffer_2dINS_5arrayI8ap_fixedILi20ELi10EL9ap_q_mode5EL9a_685, i20 %p_ZZN4nnet22compute_pool_buffer_2dINS_5arrayI8ap_fixedILi20ELi10EL9ap_q_mode5EL9a_686" [firmware/nnet_utils/nnet_common.h:66->firmware/nnet_utils/nnet_common.h:44->firmware/nnet_utils/nnet_common.h:46->firmware/nnet_utils/nnet_pooling_stream.h:21->firmware/nnet_utils/nnet_pooling_stream.h:68->firmware/nnet_utils/nnet_pooling_stream.h:115]   --->   Operation 207 'icmp' 'icmp_ln66_192' <Predicate = (icmp_ln55 & and_ln55_2)> <Delay = 2.19> <CoreInst = "Cmp">   --->   Core 9 'Cmp' <Latency = 0> <II = 1> <Delay = 2.19> <FuncUnit> <Opcode : 'seteq' 'setne' 'setle' 'setge' 'setlt' 'setgt'> <InPorts = 2> <OutPorts = 1>
ST_3 : Operation 208 [1/1] (0.00ns) (grouped into LUT with out node select_ln0_164)   --->   "%xor_ln66_192 = xor i1 %icmp_ln66_192, i1 1" [firmware/nnet_utils/nnet_common.h:66->firmware/nnet_utils/nnet_common.h:44->firmware/nnet_utils/nnet_common.h:46->firmware/nnet_utils/nnet_pooling_stream.h:21->firmware/nnet_utils/nnet_pooling_stream.h:68->firmware/nnet_utils/nnet_pooling_stream.h:115]   --->   Operation 208 'xor' 'xor_ln66_192' <Predicate = (icmp_ln55 & and_ln55_2)> <Delay = 0.00> <CoreInst = "LogicGate">   --->   Core 74 'LogicGate' <Latency = 0> <II = 1> <Delay = 0.97> <FuncUnit> <Opcode : 'and' 'or' 'xor'> <InPorts = 2> <OutPorts = 1>
ST_3 : Operation 209 [1/1] (0.97ns) (out node of the LUT)   --->   "%select_ln0_164 = select i1 %xor_ln66_192, i20 %p_ZZN4nnet22compute_pool_buffer_2dINS_5arrayI8ap_fixedILi20ELi10EL9ap_q_mode5EL9a_685, i20 %p_ZZN4nnet22compute_pool_buffer_2dINS_5arrayI8ap_fixedILi20ELi10EL9ap_q_mode5EL9a_686" [firmware/nnet_utils/nnet_common.h:0->firmware/nnet_utils/nnet_common.h:46->firmware/nnet_utils/nnet_pooling_stream.h:21->firmware/nnet_utils/nnet_pooling_stream.h:68->firmware/nnet_utils/nnet_pooling_stream.h:115]   --->   Operation 209 'select' 'select_ln0_164' <Predicate = (icmp_ln55 & and_ln55_2)> <Delay = 0.97> <CoreInst = "Sel">   --->   Core 73 'Sel' <Latency = 0> <II = 1> <Delay = 0.70> <FuncUnit> <Opcode : 'select'> <InPorts = 3> <OutPorts = 1>
ST_3 : Operation 210 [1/1] (2.19ns)   --->   "%icmp_ln66_193 = icmp_slt  i20 %select_ln0_163, i20 %select_ln0_164" [firmware/nnet_utils/nnet_common.h:66->firmware/nnet_utils/nnet_common.h:46->firmware/nnet_utils/nnet_pooling_stream.h:21->firmware/nnet_utils/nnet_pooling_stream.h:68->firmware/nnet_utils/nnet_pooling_stream.h:115]   --->   Operation 210 'icmp' 'icmp_ln66_193' <Predicate = (icmp_ln55 & and_ln55_2)> <Delay = 2.19> <CoreInst = "Cmp">   --->   Core 9 'Cmp' <Latency = 0> <II = 1> <Delay = 2.19> <FuncUnit> <Opcode : 'seteq' 'setne' 'setle' 'setge' 'setlt' 'setgt'> <InPorts = 2> <OutPorts = 1>
ST_3 : Operation 211 [1/1] (0.00ns) (grouped into LUT with out node res_pack_27)   --->   "%xor_ln66_193 = xor i1 %icmp_ln66_193, i1 1" [firmware/nnet_utils/nnet_common.h:66->firmware/nnet_utils/nnet_common.h:46->firmware/nnet_utils/nnet_pooling_stream.h:21->firmware/nnet_utils/nnet_pooling_stream.h:68->firmware/nnet_utils/nnet_pooling_stream.h:115]   --->   Operation 211 'xor' 'xor_ln66_193' <Predicate = (icmp_ln55 & and_ln55_2)> <Delay = 0.00> <CoreInst = "LogicGate">   --->   Core 74 'LogicGate' <Latency = 0> <II = 1> <Delay = 0.97> <FuncUnit> <Opcode : 'and' 'or' 'xor'> <InPorts = 2> <OutPorts = 1>
ST_3 : Operation 212 [1/1] (0.97ns) (out node of the LUT)   --->   "%res_pack_27 = select i1 %xor_ln66_193, i20 %select_ln0_163, i20 %select_ln0_164" [firmware/nnet_utils/nnet_pooling_stream.h:67->firmware/nnet_utils/nnet_pooling_stream.h:115]   --->   Operation 212 'select' 'res_pack_27' <Predicate = (icmp_ln55 & and_ln55_2)> <Delay = 0.97> <CoreInst = "Sel">   --->   Core 73 'Sel' <Latency = 0> <II = 1> <Delay = 0.70> <FuncUnit> <Opcode : 'select'> <InPorts = 3> <OutPorts = 1>
ST_3 : Operation 213 [1/1] (0.00ns)   --->   "%p_ZZN4nnet22compute_pool_buffer_2dINS_5arrayI8ap_fixedILi20ELi10EL9ap_q_mode5EL9a_687 = load i20 %p_ZZN4nnet22compute_pool_buffer_2dINS_5arrayI8ap_fixedILi20ELi10EL9ap_q_mode5EL9a_208" [firmware/nnet_utils/nnet_pooling_stream.h:63->firmware/nnet_utils/nnet_pooling_stream.h:115]   --->   Operation 213 'load' 'p_ZZN4nnet22compute_pool_buffer_2dINS_5arrayI8ap_fixedILi20ELi10EL9ap_q_mode5EL9a_687' <Predicate = (icmp_ln55 & and_ln55_2)> <Delay = 0.00>
ST_3 : Operation 214 [1/1] (0.00ns)   --->   "%p_ZZN4nnet22compute_pool_buffer_2dINS_5arrayI8ap_fixedILi20ELi10EL9ap_q_mode5EL9a_688 = load i20 %p_ZZN4nnet22compute_pool_buffer_2dINS_5arrayI8ap_fixedILi20ELi10EL9ap_q_mode5EL9a_220" [firmware/nnet_utils/nnet_pooling_stream.h:63->firmware/nnet_utils/nnet_pooling_stream.h:115]   --->   Operation 214 'load' 'p_ZZN4nnet22compute_pool_buffer_2dINS_5arrayI8ap_fixedILi20ELi10EL9ap_q_mode5EL9a_688' <Predicate = (icmp_ln55 & and_ln55_2)> <Delay = 0.00>
ST_3 : Operation 215 [1/1] (0.00ns)   --->   "%p_ZZN4nnet22compute_pool_buffer_2dINS_5arrayI8ap_fixedILi20ELi10EL9ap_q_mode5EL9a_689 = load i20 %p_ZZN4nnet22compute_pool_buffer_2dINS_5arrayI8ap_fixedILi20ELi10EL9ap_q_mode5EL9a_232" [firmware/nnet_utils/nnet_pooling_stream.h:63->firmware/nnet_utils/nnet_pooling_stream.h:115]   --->   Operation 215 'load' 'p_ZZN4nnet22compute_pool_buffer_2dINS_5arrayI8ap_fixedILi20ELi10EL9ap_q_mode5EL9a_689' <Predicate = (icmp_ln55 & and_ln55_2)> <Delay = 0.00>
ST_3 : Operation 216 [1/1] (0.00ns)   --->   "%p_ZZN4nnet22compute_pool_buffer_2dINS_5arrayI8ap_fixedILi20ELi10EL9ap_q_mode5EL9a_690 = load i20 %p_ZZN4nnet22compute_pool_buffer_2dINS_5arrayI8ap_fixedILi20ELi10EL9ap_q_mode5EL9a_244" [firmware/nnet_utils/nnet_pooling_stream.h:63->firmware/nnet_utils/nnet_pooling_stream.h:115]   --->   Operation 216 'load' 'p_ZZN4nnet22compute_pool_buffer_2dINS_5arrayI8ap_fixedILi20ELi10EL9ap_q_mode5EL9a_690' <Predicate = (icmp_ln55 & and_ln55_2)> <Delay = 0.00>
ST_3 : Operation 217 [1/1] (2.19ns)   --->   "%icmp_ln66_194 = icmp_slt  i20 %p_ZZN4nnet22compute_pool_buffer_2dINS_5arrayI8ap_fixedILi20ELi10EL9ap_q_mode5EL9a_687, i20 %p_ZZN4nnet22compute_pool_buffer_2dINS_5arrayI8ap_fixedILi20ELi10EL9ap_q_mode5EL9a_688" [firmware/nnet_utils/nnet_common.h:66->firmware/nnet_utils/nnet_common.h:44->firmware/nnet_utils/nnet_common.h:46->firmware/nnet_utils/nnet_pooling_stream.h:21->firmware/nnet_utils/nnet_pooling_stream.h:68->firmware/nnet_utils/nnet_pooling_stream.h:115]   --->   Operation 217 'icmp' 'icmp_ln66_194' <Predicate = (icmp_ln55 & and_ln55_2)> <Delay = 2.19> <CoreInst = "Cmp">   --->   Core 9 'Cmp' <Latency = 0> <II = 1> <Delay = 2.19> <FuncUnit> <Opcode : 'seteq' 'setne' 'setle' 'setge' 'setlt' 'setgt'> <InPorts = 2> <OutPorts = 1>
ST_3 : Operation 218 [1/1] (0.00ns) (grouped into LUT with out node select_ln0_165)   --->   "%xor_ln66_194 = xor i1 %icmp_ln66_194, i1 1" [firmware/nnet_utils/nnet_common.h:66->firmware/nnet_utils/nnet_common.h:44->firmware/nnet_utils/nnet_common.h:46->firmware/nnet_utils/nnet_pooling_stream.h:21->firmware/nnet_utils/nnet_pooling_stream.h:68->firmware/nnet_utils/nnet_pooling_stream.h:115]   --->   Operation 218 'xor' 'xor_ln66_194' <Predicate = (icmp_ln55 & and_ln55_2)> <Delay = 0.00> <CoreInst = "LogicGate">   --->   Core 74 'LogicGate' <Latency = 0> <II = 1> <Delay = 0.97> <FuncUnit> <Opcode : 'and' 'or' 'xor'> <InPorts = 2> <OutPorts = 1>
ST_3 : Operation 219 [1/1] (0.97ns) (out node of the LUT)   --->   "%select_ln0_165 = select i1 %xor_ln66_194, i20 %p_ZZN4nnet22compute_pool_buffer_2dINS_5arrayI8ap_fixedILi20ELi10EL9ap_q_mode5EL9a_687, i20 %p_ZZN4nnet22compute_pool_buffer_2dINS_5arrayI8ap_fixedILi20ELi10EL9ap_q_mode5EL9a_688" [firmware/nnet_utils/nnet_common.h:0->firmware/nnet_utils/nnet_common.h:46->firmware/nnet_utils/nnet_pooling_stream.h:21->firmware/nnet_utils/nnet_pooling_stream.h:68->firmware/nnet_utils/nnet_pooling_stream.h:115]   --->   Operation 219 'select' 'select_ln0_165' <Predicate = (icmp_ln55 & and_ln55_2)> <Delay = 0.97> <CoreInst = "Sel">   --->   Core 73 'Sel' <Latency = 0> <II = 1> <Delay = 0.70> <FuncUnit> <Opcode : 'select'> <InPorts = 3> <OutPorts = 1>
ST_3 : Operation 220 [1/1] (2.19ns)   --->   "%icmp_ln66_195 = icmp_slt  i20 %p_ZZN4nnet22compute_pool_buffer_2dINS_5arrayI8ap_fixedILi20ELi10EL9ap_q_mode5EL9a_689, i20 %p_ZZN4nnet22compute_pool_buffer_2dINS_5arrayI8ap_fixedILi20ELi10EL9ap_q_mode5EL9a_690" [firmware/nnet_utils/nnet_common.h:66->firmware/nnet_utils/nnet_common.h:44->firmware/nnet_utils/nnet_common.h:46->firmware/nnet_utils/nnet_pooling_stream.h:21->firmware/nnet_utils/nnet_pooling_stream.h:68->firmware/nnet_utils/nnet_pooling_stream.h:115]   --->   Operation 220 'icmp' 'icmp_ln66_195' <Predicate = (icmp_ln55 & and_ln55_2)> <Delay = 2.19> <CoreInst = "Cmp">   --->   Core 9 'Cmp' <Latency = 0> <II = 1> <Delay = 2.19> <FuncUnit> <Opcode : 'seteq' 'setne' 'setle' 'setge' 'setlt' 'setgt'> <InPorts = 2> <OutPorts = 1>
ST_3 : Operation 221 [1/1] (0.00ns) (grouped into LUT with out node select_ln0_166)   --->   "%xor_ln66_195 = xor i1 %icmp_ln66_195, i1 1" [firmware/nnet_utils/nnet_common.h:66->firmware/nnet_utils/nnet_common.h:44->firmware/nnet_utils/nnet_common.h:46->firmware/nnet_utils/nnet_pooling_stream.h:21->firmware/nnet_utils/nnet_pooling_stream.h:68->firmware/nnet_utils/nnet_pooling_stream.h:115]   --->   Operation 221 'xor' 'xor_ln66_195' <Predicate = (icmp_ln55 & and_ln55_2)> <Delay = 0.00> <CoreInst = "LogicGate">   --->   Core 74 'LogicGate' <Latency = 0> <II = 1> <Delay = 0.97> <FuncUnit> <Opcode : 'and' 'or' 'xor'> <InPorts = 2> <OutPorts = 1>
ST_3 : Operation 222 [1/1] (0.97ns) (out node of the LUT)   --->   "%select_ln0_166 = select i1 %xor_ln66_195, i20 %p_ZZN4nnet22compute_pool_buffer_2dINS_5arrayI8ap_fixedILi20ELi10EL9ap_q_mode5EL9a_689, i20 %p_ZZN4nnet22compute_pool_buffer_2dINS_5arrayI8ap_fixedILi20ELi10EL9ap_q_mode5EL9a_690" [firmware/nnet_utils/nnet_common.h:0->firmware/nnet_utils/nnet_common.h:46->firmware/nnet_utils/nnet_pooling_stream.h:21->firmware/nnet_utils/nnet_pooling_stream.h:68->firmware/nnet_utils/nnet_pooling_stream.h:115]   --->   Operation 222 'select' 'select_ln0_166' <Predicate = (icmp_ln55 & and_ln55_2)> <Delay = 0.97> <CoreInst = "Sel">   --->   Core 73 'Sel' <Latency = 0> <II = 1> <Delay = 0.70> <FuncUnit> <Opcode : 'select'> <InPorts = 3> <OutPorts = 1>
ST_3 : Operation 223 [1/1] (2.19ns)   --->   "%icmp_ln66_196 = icmp_slt  i20 %select_ln0_165, i20 %select_ln0_166" [firmware/nnet_utils/nnet_common.h:66->firmware/nnet_utils/nnet_common.h:46->firmware/nnet_utils/nnet_pooling_stream.h:21->firmware/nnet_utils/nnet_pooling_stream.h:68->firmware/nnet_utils/nnet_pooling_stream.h:115]   --->   Operation 223 'icmp' 'icmp_ln66_196' <Predicate = (icmp_ln55 & and_ln55_2)> <Delay = 2.19> <CoreInst = "Cmp">   --->   Core 9 'Cmp' <Latency = 0> <II = 1> <Delay = 2.19> <FuncUnit> <Opcode : 'seteq' 'setne' 'setle' 'setge' 'setlt' 'setgt'> <InPorts = 2> <OutPorts = 1>
ST_3 : Operation 224 [1/1] (0.00ns) (grouped into LUT with out node res_pack_28)   --->   "%xor_ln66_196 = xor i1 %icmp_ln66_196, i1 1" [firmware/nnet_utils/nnet_common.h:66->firmware/nnet_utils/nnet_common.h:46->firmware/nnet_utils/nnet_pooling_stream.h:21->firmware/nnet_utils/nnet_pooling_stream.h:68->firmware/nnet_utils/nnet_pooling_stream.h:115]   --->   Operation 224 'xor' 'xor_ln66_196' <Predicate = (icmp_ln55 & and_ln55_2)> <Delay = 0.00> <CoreInst = "LogicGate">   --->   Core 74 'LogicGate' <Latency = 0> <II = 1> <Delay = 0.97> <FuncUnit> <Opcode : 'and' 'or' 'xor'> <InPorts = 2> <OutPorts = 1>
ST_3 : Operation 225 [1/1] (0.97ns) (out node of the LUT)   --->   "%res_pack_28 = select i1 %xor_ln66_196, i20 %select_ln0_165, i20 %select_ln0_166" [firmware/nnet_utils/nnet_pooling_stream.h:67->firmware/nnet_utils/nnet_pooling_stream.h:115]   --->   Operation 225 'select' 'res_pack_28' <Predicate = (icmp_ln55 & and_ln55_2)> <Delay = 0.97> <CoreInst = "Sel">   --->   Core 73 'Sel' <Latency = 0> <II = 1> <Delay = 0.70> <FuncUnit> <Opcode : 'select'> <InPorts = 3> <OutPorts = 1>
ST_3 : Operation 226 [1/1] (0.00ns)   --->   "%or_ln72_s = bitconcatenate i240 @_ssdm_op_BitConcatenate.i240.i20.i20.i20.i20.i20.i20.i20.i20.i20.i20.i20.i20, i20 %res_pack_28, i20 %res_pack_27, i20 %res_pack_26, i20 %res_pack_25, i20 %res_pack_24, i20 %res_pack_23, i20 %res_pack_22, i20 %res_pack_21, i20 %res_pack_20, i20 %res_pack_19, i20 %res_pack_18, i20 %res_pack" [firmware/nnet_utils/nnet_pooling_stream.h:72->firmware/nnet_utils/nnet_pooling_stream.h:115]   --->   Operation 226 'bitconcatenate' 'or_ln72_s' <Predicate = (icmp_ln55 & and_ln55_2)> <Delay = 0.00>
ST_3 : Operation 227 [1/1] (3.54ns)   --->   "%write_ln72 = write void @_ssdm_op_Write.ap_fifo.volatile.i240P0A, i240 %layer5_out, i240 %or_ln72_s" [firmware/nnet_utils/nnet_pooling_stream.h:72->firmware/nnet_utils/nnet_pooling_stream.h:115]   --->   Operation 227 'write' 'write_ln72' <Predicate = (icmp_ln55 & and_ln55_2)> <Delay = 3.54> <CoreInst = "FIFO">   --->   Core 77 'FIFO' <Latency = 0> <II = 1> <Delay = 3.54> <Storage> <Opcode : 'read' 'write' 'nbread' 'nbwrite'> <Ports = 0> <Width = 240> <Depth = 250> <FIFO>
ST_3 : Operation 228 [1/1] (0.00ns)   --->   "%br_ln73 = br void %if.end.i" [firmware/nnet_utils/nnet_pooling_stream.h:73->firmware/nnet_utils/nnet_pooling_stream.h:115]   --->   Operation 228 'br' 'br_ln73' <Predicate = (icmp_ln55 & and_ln55_2)> <Delay = 0.00>
ST_3 : Operation 229 [1/1] (1.58ns)   --->   "%ret_ln118 = ret" [firmware/nnet_utils/nnet_pooling_stream.h:118]   --->   Operation 229 'ret' 'ret_ln118' <Predicate = (icmp_ln109)> <Delay = 1.58>


============================================================
+ Verbose Summary: Binding
============================================================
STG Binding: 
---------------- STG Properties BEGIN ----------------
- Is combinational: 0
- Is one-state seq: 0
- Is datapath-only: 0
- Is pipelined: 0
- Is top level: 0
Port [ Return ] is wired: 1; IO mode=ap_ctrl_hs:ce=0
Port [ layer4_out]:  wired=1; compound=1; hidden=0; nouse=0; global=0; static=0; extern=0; dir=0; type=3; pingpong=0; private_global=0; IO mode=ap_fifo:ce=0
Port [ layer5_out]:  wired=1; compound=1; hidden=0; nouse=0; global=0; static=0; extern=0; dir=1; type=3; pingpong=0; private_global=0; IO mode=ap_fifo:ce=0
Port [ sY_1]:  wired=0; compound=0; hidden=1; nouse=0; global=1; static=1; extern=0; dir=2; type=0; pingpong=0; private_global=1; IO mode=ap_ovld:ce=0
Port [ pY_1]:  wired=0; compound=0; hidden=1; nouse=0; global=1; static=1; extern=0; dir=2; type=0; pingpong=0; private_global=1; IO mode=ap_ovld:ce=0
Port [ void_compute_pool_buffer_2d_array_const_ap_shift_reg_n_filt_stream_kernel_19]:  wired=0; compound=0; hidden=1; nouse=0; global=1; static=1; extern=0; dir=2; type=0; pingpong=0; private_global=1; IO mode=ap_ovld:ce=0
Port [ p_ZZN4nnet22compute_pool_buffer_2dINS_5arrayI8ap_fixedILi20ELi10EL9ap_q_mode5EL9a_209]:  wired=0; compound=0; hidden=1; nouse=0; global=1; static=1; extern=0; dir=2; type=0; pingpong=0; private_global=1; IO mode=ap_ovld:ce=0
Port [ p_ZZN4nnet22compute_pool_buffer_2dINS_5arrayI8ap_fixedILi20ELi10EL9ap_q_mode5EL9a_221]:  wired=0; compound=0; hidden=1; nouse=0; global=1; static=1; extern=0; dir=2; type=0; pingpong=0; private_global=1; IO mode=ap_ovld:ce=0
Port [ p_ZZN4nnet22compute_pool_buffer_2dINS_5arrayI8ap_fixedILi20ELi10EL9ap_q_mode5EL9a_233]:  wired=0; compound=0; hidden=1; nouse=0; global=1; static=1; extern=0; dir=2; type=0; pingpong=0; private_global=1; IO mode=ap_ovld:ce=0
Port [ void_compute_pool_buffer_2d_array_const_ap_shift_reg_n_filt_stream_kernel_18]:  wired=0; compound=0; hidden=1; nouse=0; global=1; static=1; extern=0; dir=2; type=0; pingpong=0; private_global=1; IO mode=ap_ovld:ce=0
Port [ p_ZZN4nnet22compute_pool_buffer_2dINS_5arrayI8ap_fixedILi20ELi10EL9ap_q_mode5EL9a_210]:  wired=0; compound=0; hidden=1; nouse=0; global=1; static=1; extern=0; dir=2; type=0; pingpong=0; private_global=1; IO mode=ap_ovld:ce=0
Port [ p_ZZN4nnet22compute_pool_buffer_2dINS_5arrayI8ap_fixedILi20ELi10EL9ap_q_mode5EL9a_222]:  wired=0; compound=0; hidden=1; nouse=0; global=1; static=1; extern=0; dir=2; type=0; pingpong=0; private_global=1; IO mode=ap_ovld:ce=0
Port [ p_ZZN4nnet22compute_pool_buffer_2dINS_5arrayI8ap_fixedILi20ELi10EL9ap_q_mode5EL9a_234]:  wired=0; compound=0; hidden=1; nouse=0; global=1; static=1; extern=0; dir=2; type=0; pingpong=0; private_global=1; IO mode=ap_ovld:ce=0
Port [ void_compute_pool_buffer_2d_array_const_ap_shift_reg_n_filt_stream_kernel_17]:  wired=0; compound=0; hidden=1; nouse=0; global=1; static=1; extern=0; dir=2; type=0; pingpong=0; private_global=1; IO mode=ap_ovld:ce=0
Port [ p_ZZN4nnet22compute_pool_buffer_2dINS_5arrayI8ap_fixedILi20ELi10EL9ap_q_mode5EL9a_211]:  wired=0; compound=0; hidden=1; nouse=0; global=1; static=1; extern=0; dir=2; type=0; pingpong=0; private_global=1; IO mode=ap_ovld:ce=0
Port [ p_ZZN4nnet22compute_pool_buffer_2dINS_5arrayI8ap_fixedILi20ELi10EL9ap_q_mode5EL9a_223]:  wired=0; compound=0; hidden=1; nouse=0; global=1; static=1; extern=0; dir=2; type=0; pingpong=0; private_global=1; IO mode=ap_ovld:ce=0
Port [ p_ZZN4nnet22compute_pool_buffer_2dINS_5arrayI8ap_fixedILi20ELi10EL9ap_q_mode5EL9a_235]:  wired=0; compound=0; hidden=1; nouse=0; global=1; static=1; extern=0; dir=2; type=0; pingpong=0; private_global=1; IO mode=ap_ovld:ce=0
Port [ void_compute_pool_buffer_2d_array_const_ap_shift_reg_n_filt_stream_kernel_16]:  wired=0; compound=0; hidden=1; nouse=0; global=1; static=1; extern=0; dir=2; type=0; pingpong=0; private_global=1; IO mode=ap_ovld:ce=0
Port [ p_ZZN4nnet22compute_pool_buffer_2dINS_5arrayI8ap_fixedILi20ELi10EL9ap_q_mode5EL9a_212]:  wired=0; compound=0; hidden=1; nouse=0; global=1; static=1; extern=0; dir=2; type=0; pingpong=0; private_global=1; IO mode=ap_ovld:ce=0
Port [ p_ZZN4nnet22compute_pool_buffer_2dINS_5arrayI8ap_fixedILi20ELi10EL9ap_q_mode5EL9a_224]:  wired=0; compound=0; hidden=1; nouse=0; global=1; static=1; extern=0; dir=2; type=0; pingpong=0; private_global=1; IO mode=ap_ovld:ce=0
Port [ p_ZZN4nnet22compute_pool_buffer_2dINS_5arrayI8ap_fixedILi20ELi10EL9ap_q_mode5EL9a_236]:  wired=0; compound=0; hidden=1; nouse=0; global=1; static=1; extern=0; dir=2; type=0; pingpong=0; private_global=1; IO mode=ap_ovld:ce=0
Port [ void_compute_pool_buffer_2d_array_const_ap_shift_reg_n_filt_stream_kernel_15]:  wired=0; compound=0; hidden=1; nouse=0; global=1; static=1; extern=0; dir=2; type=0; pingpong=0; private_global=1; IO mode=ap_ovld:ce=0
Port [ p_ZZN4nnet22compute_pool_buffer_2dINS_5arrayI8ap_fixedILi20ELi10EL9ap_q_mode5EL9a_213]:  wired=0; compound=0; hidden=1; nouse=0; global=1; static=1; extern=0; dir=2; type=0; pingpong=0; private_global=1; IO mode=ap_ovld:ce=0
Port [ p_ZZN4nnet22compute_pool_buffer_2dINS_5arrayI8ap_fixedILi20ELi10EL9ap_q_mode5EL9a_225]:  wired=0; compound=0; hidden=1; nouse=0; global=1; static=1; extern=0; dir=2; type=0; pingpong=0; private_global=1; IO mode=ap_ovld:ce=0
Port [ p_ZZN4nnet22compute_pool_buffer_2dINS_5arrayI8ap_fixedILi20ELi10EL9ap_q_mode5EL9a_237]:  wired=0; compound=0; hidden=1; nouse=0; global=1; static=1; extern=0; dir=2; type=0; pingpong=0; private_global=1; IO mode=ap_ovld:ce=0
Port [ void_compute_pool_buffer_2d_array_const_ap_shift_reg_n_filt_stream_kernel_14]:  wired=0; compound=0; hidden=1; nouse=0; global=1; static=1; extern=0; dir=2; type=0; pingpong=0; private_global=1; IO mode=ap_ovld:ce=0
Port [ p_ZZN4nnet22compute_pool_buffer_2dINS_5arrayI8ap_fixedILi20ELi10EL9ap_q_mode5EL9a_214]:  wired=0; compound=0; hidden=1; nouse=0; global=1; static=1; extern=0; dir=2; type=0; pingpong=0; private_global=1; IO mode=ap_ovld:ce=0
Port [ p_ZZN4nnet22compute_pool_buffer_2dINS_5arrayI8ap_fixedILi20ELi10EL9ap_q_mode5EL9a_226]:  wired=0; compound=0; hidden=1; nouse=0; global=1; static=1; extern=0; dir=2; type=0; pingpong=0; private_global=1; IO mode=ap_ovld:ce=0
Port [ p_ZZN4nnet22compute_pool_buffer_2dINS_5arrayI8ap_fixedILi20ELi10EL9ap_q_mode5EL9a_238]:  wired=0; compound=0; hidden=1; nouse=0; global=1; static=1; extern=0; dir=2; type=0; pingpong=0; private_global=1; IO mode=ap_ovld:ce=0
Port [ void_compute_pool_buffer_2d_array_const_ap_shift_reg_n_filt_stream_kernel_13]:  wired=0; compound=0; hidden=1; nouse=0; global=1; static=1; extern=0; dir=2; type=0; pingpong=0; private_global=1; IO mode=ap_ovld:ce=0
Port [ p_ZZN4nnet22compute_pool_buffer_2dINS_5arrayI8ap_fixedILi20ELi10EL9ap_q_mode5EL9a_215]:  wired=0; compound=0; hidden=1; nouse=0; global=1; static=1; extern=0; dir=2; type=0; pingpong=0; private_global=1; IO mode=ap_ovld:ce=0
Port [ p_ZZN4nnet22compute_pool_buffer_2dINS_5arrayI8ap_fixedILi20ELi10EL9ap_q_mode5EL9a_227]:  wired=0; compound=0; hidden=1; nouse=0; global=1; static=1; extern=0; dir=2; type=0; pingpong=0; private_global=1; IO mode=ap_ovld:ce=0
Port [ p_ZZN4nnet22compute_pool_buffer_2dINS_5arrayI8ap_fixedILi20ELi10EL9ap_q_mode5EL9a_239]:  wired=0; compound=0; hidden=1; nouse=0; global=1; static=1; extern=0; dir=2; type=0; pingpong=0; private_global=1; IO mode=ap_ovld:ce=0
Port [ void_compute_pool_buffer_2d_array_const_ap_shift_reg_n_filt_stream_kernel_12]:  wired=0; compound=0; hidden=1; nouse=0; global=1; static=1; extern=0; dir=2; type=0; pingpong=0; private_global=1; IO mode=ap_ovld:ce=0
Port [ p_ZZN4nnet22compute_pool_buffer_2dINS_5arrayI8ap_fixedILi20ELi10EL9ap_q_mode5EL9a_216]:  wired=0; compound=0; hidden=1; nouse=0; global=1; static=1; extern=0; dir=2; type=0; pingpong=0; private_global=1; IO mode=ap_ovld:ce=0
Port [ p_ZZN4nnet22compute_pool_buffer_2dINS_5arrayI8ap_fixedILi20ELi10EL9ap_q_mode5EL9a_228]:  wired=0; compound=0; hidden=1; nouse=0; global=1; static=1; extern=0; dir=2; type=0; pingpong=0; private_global=1; IO mode=ap_ovld:ce=0
Port [ p_ZZN4nnet22compute_pool_buffer_2dINS_5arrayI8ap_fixedILi20ELi10EL9ap_q_mode5EL9a_240]:  wired=0; compound=0; hidden=1; nouse=0; global=1; static=1; extern=0; dir=2; type=0; pingpong=0; private_global=1; IO mode=ap_ovld:ce=0
Port [ void_compute_pool_buffer_2d_array_const_ap_shift_reg_n_filt_stream_kernel_11]:  wired=0; compound=0; hidden=1; nouse=0; global=1; static=1; extern=0; dir=2; type=0; pingpong=0; private_global=1; IO mode=ap_ovld:ce=0
Port [ p_ZZN4nnet22compute_pool_buffer_2dINS_5arrayI8ap_fixedILi20ELi10EL9ap_q_mode5EL9a_217]:  wired=0; compound=0; hidden=1; nouse=0; global=1; static=1; extern=0; dir=2; type=0; pingpong=0; private_global=1; IO mode=ap_ovld:ce=0
Port [ p_ZZN4nnet22compute_pool_buffer_2dINS_5arrayI8ap_fixedILi20ELi10EL9ap_q_mode5EL9a_229]:  wired=0; compound=0; hidden=1; nouse=0; global=1; static=1; extern=0; dir=2; type=0; pingpong=0; private_global=1; IO mode=ap_ovld:ce=0
Port [ p_ZZN4nnet22compute_pool_buffer_2dINS_5arrayI8ap_fixedILi20ELi10EL9ap_q_mode5EL9a_241]:  wired=0; compound=0; hidden=1; nouse=0; global=1; static=1; extern=0; dir=2; type=0; pingpong=0; private_global=1; IO mode=ap_ovld:ce=0
Port [ void_compute_pool_buffer_2d_array_const_ap_shift_reg_n_filt_stream_kernel_10]:  wired=0; compound=0; hidden=1; nouse=0; global=1; static=1; extern=0; dir=2; type=0; pingpong=0; private_global=1; IO mode=ap_ovld:ce=0
Port [ p_ZZN4nnet22compute_pool_buffer_2dINS_5arrayI8ap_fixedILi20ELi10EL9ap_q_mode5EL9a_218]:  wired=0; compound=0; hidden=1; nouse=0; global=1; static=1; extern=0; dir=2; type=0; pingpong=0; private_global=1; IO mode=ap_ovld:ce=0
Port [ p_ZZN4nnet22compute_pool_buffer_2dINS_5arrayI8ap_fixedILi20ELi10EL9ap_q_mode5EL9a_230]:  wired=0; compound=0; hidden=1; nouse=0; global=1; static=1; extern=0; dir=2; type=0; pingpong=0; private_global=1; IO mode=ap_ovld:ce=0
Port [ p_ZZN4nnet22compute_pool_buffer_2dINS_5arrayI8ap_fixedILi20ELi10EL9ap_q_mode5EL9a_242]:  wired=0; compound=0; hidden=1; nouse=0; global=1; static=1; extern=0; dir=2; type=0; pingpong=0; private_global=1; IO mode=ap_ovld:ce=0
Port [ p_ZZN4nnet22compute_pool_buffer_2dINS_5arrayI8ap_fixedILi20ELi10EL9ap_q_mode5EL9a_207]:  wired=0; compound=0; hidden=1; nouse=0; global=1; static=1; extern=0; dir=2; type=0; pingpong=0; private_global=1; IO mode=ap_ovld:ce=0
Port [ p_ZZN4nnet22compute_pool_buffer_2dINS_5arrayI8ap_fixedILi20ELi10EL9ap_q_mode5EL9a_219]:  wired=0; compound=0; hidden=1; nouse=0; global=1; static=1; extern=0; dir=2; type=0; pingpong=0; private_global=1; IO mode=ap_ovld:ce=0
Port [ p_ZZN4nnet22compute_pool_buffer_2dINS_5arrayI8ap_fixedILi20ELi10EL9ap_q_mode5EL9a_231]:  wired=0; compound=0; hidden=1; nouse=0; global=1; static=1; extern=0; dir=2; type=0; pingpong=0; private_global=1; IO mode=ap_ovld:ce=0
Port [ p_ZZN4nnet22compute_pool_buffer_2dINS_5arrayI8ap_fixedILi20ELi10EL9ap_q_mode5EL9a_243]:  wired=0; compound=0; hidden=1; nouse=0; global=1; static=1; extern=0; dir=2; type=0; pingpong=0; private_global=1; IO mode=ap_ovld:ce=0
Port [ p_ZZN4nnet22compute_pool_buffer_2dINS_5arrayI8ap_fixedILi20ELi10EL9ap_q_mode5EL9a_208]:  wired=0; compound=0; hidden=1; nouse=0; global=1; static=1; extern=0; dir=2; type=0; pingpong=0; private_global=1; IO mode=ap_ovld:ce=0
Port [ p_ZZN4nnet22compute_pool_buffer_2dINS_5arrayI8ap_fixedILi20ELi10EL9ap_q_mode5EL9a_220]:  wired=0; compound=0; hidden=1; nouse=0; global=1; static=1; extern=0; dir=2; type=0; pingpong=0; private_global=1; IO mode=ap_ovld:ce=0
Port [ p_ZZN4nnet22compute_pool_buffer_2dINS_5arrayI8ap_fixedILi20ELi10EL9ap_q_mode5EL9a_232]:  wired=0; compound=0; hidden=1; nouse=0; global=1; static=1; extern=0; dir=2; type=0; pingpong=0; private_global=1; IO mode=ap_ovld:ce=0
Port [ p_ZZN4nnet22compute_pool_buffer_2dINS_5arrayI8ap_fixedILi20ELi10EL9ap_q_mode5EL9a_244]:  wired=0; compound=0; hidden=1; nouse=0; global=1; static=1; extern=0; dir=2; type=0; pingpong=0; private_global=1; IO mode=ap_ovld:ce=0
Port [ pX_1]:  wired=0; compound=0; hidden=1; nouse=0; global=1; static=1; extern=0; dir=2; type=0; pingpong=0; private_global=1; IO mode=ap_ovld:ce=0
Port [ sX_1]:  wired=0; compound=0; hidden=1; nouse=0; global=1; static=1; extern=0; dir=2; type=0; pingpong=0; private_global=1; IO mode=ap_ovld:ce=0
Port [ void_pooling2d_cl_stream_stream_array_ap_fixed_12u_0_line_buffer_9]:  wired=0; compound=1; hidden=1; nouse=1; global=1; static=1; extern=0; dir=3; type=1; pingpong=0; private_global=0; MemPort=[2]; IO mode=ap_memory:ce=0
Port [ void_pooling2d_cl_stream_stream_array_ap_fixed_12u_0_line_buffer_8]:  wired=0; compound=1; hidden=1; nouse=1; global=1; static=1; extern=0; dir=3; type=1; pingpong=0; private_global=0; MemPort=[2]; IO mode=ap_memory:ce=0
Port [ void_pooling2d_cl_stream_stream_array_ap_fixed_12u_0_line_buffer_7]:  wired=0; compound=1; hidden=1; nouse=1; global=1; static=1; extern=0; dir=3; type=1; pingpong=0; private_global=0; MemPort=[2]; IO mode=ap_memory:ce=0
Port [ void_pooling2d_cl_stream_stream_array_ap_fixed_12u_0_line_buffer_6]:  wired=0; compound=1; hidden=1; nouse=1; global=1; static=1; extern=0; dir=3; type=1; pingpong=0; private_global=0; MemPort=[2]; IO mode=ap_memory:ce=0
Port [ void_pooling2d_cl_stream_stream_array_ap_fixed_12u_0_line_buffer_5]:  wired=0; compound=1; hidden=1; nouse=1; global=1; static=1; extern=0; dir=3; type=1; pingpong=0; private_global=0; MemPort=[2]; IO mode=ap_memory:ce=0
Port [ void_pooling2d_cl_stream_stream_array_ap_fixed_12u_0_line_buffer_4]:  wired=0; compound=1; hidden=1; nouse=1; global=1; static=1; extern=0; dir=3; type=1; pingpong=0; private_global=0; MemPort=[2]; IO mode=ap_memory:ce=0
Port [ void_pooling2d_cl_stream_stream_array_ap_fixed_12u_0_line_buffer_3]:  wired=0; compound=1; hidden=1; nouse=1; global=1; static=1; extern=0; dir=3; type=1; pingpong=0; private_global=0; MemPort=[2]; IO mode=ap_memory:ce=0
Port [ void_pooling2d_cl_stream_stream_array_ap_fixed_12u_0_line_buffer_2]:  wired=0; compound=1; hidden=1; nouse=1; global=1; static=1; extern=0; dir=3; type=1; pingpong=0; private_global=0; MemPort=[2]; IO mode=ap_memory:ce=0
Port [ void_pooling2d_cl_stream_stream_array_ap_fixed_12u_0_line_buffer_1]:  wired=0; compound=1; hidden=1; nouse=1; global=1; static=1; extern=0; dir=3; type=1; pingpong=0; private_global=0; MemPort=[2]; IO mode=ap_memory:ce=0
Port [ void_pooling2d_cl_stream_stream_array_ap_fixed_12u_0_line_buffer]:  wired=0; compound=1; hidden=1; nouse=1; global=1; static=1; extern=0; dir=3; type=1; pingpong=0; private_global=0; MemPort=[2]; IO mode=ap_memory:ce=0
Port [ p_ZZN4nnet12pooling2d_clINS_5arrayI8ap_fixedILi20ELi10EL9ap_q_mode5EL9ap_o_mode3E_9]:  wired=0; compound=1; hidden=1; nouse=1; global=1; static=1; extern=0; dir=3; type=1; pingpong=0; private_global=0; MemPort=[2]; IO mode=ap_memory:ce=0
Port [ p_ZZN4nnet12pooling2d_clINS_5arrayI8ap_fixedILi20ELi10EL9ap_q_mode5EL9ap_o_mode3E_8]:  wired=0; compound=1; hidden=1; nouse=1; global=1; static=1; extern=0; dir=3; type=1; pingpong=0; private_global=0; MemPort=[2]; IO mode=ap_memory:ce=0
---------------- STG Properties END ------------------

---------------- Datapath Model BEGIN ----------------

<LifeTime>
<method=bitvector/>
indvar_flatten2                                                                       (alloca           ) [ 0100]
specinterface_ln0                                                                     (specinterface    ) [ 0000]
specinterface_ln0                                                                     (specinterface    ) [ 0000]
store_ln0                                                                             (store            ) [ 0000]
br_ln0                                                                                (br               ) [ 0000]
indvar_flatten2_load                                                                  (load             ) [ 0000]
sX_1_load                                                                             (load             ) [ 0000]
icmp_ln55                                                                             (icmp             ) [ 0111]
pX_1_load                                                                             (load             ) [ 0000]
add_ln109                                                                             (add              ) [ 0000]
br_ln55                                                                               (br               ) [ 0000]
sY_1_load                                                                             (load             ) [ 0000]
icmp_ln55_4                                                                           (icmp             ) [ 0000]
pY_1_load                                                                             (load             ) [ 0000]
icmp_ln55_5                                                                           (icmp             ) [ 0000]
icmp_ln55_6                                                                           (icmp             ) [ 0000]
and_ln55                                                                              (and              ) [ 0000]
and_ln55_2                                                                            (and              ) [ 0111]
br_ln55                                                                               (br               ) [ 0000]
add_ln76                                                                              (add              ) [ 0000]
icmp_ln76                                                                             (icmp             ) [ 0111]
br_ln76                                                                               (br               ) [ 0000]
store_ln89                                                                            (store            ) [ 0000]
add_ln91                                                                              (add              ) [ 0000]
select_ln91                                                                           (select           ) [ 0000]
store_ln91                                                                            (store            ) [ 0000]
br_ln0                                                                                (br               ) [ 0000]
store_ln78                                                                            (store            ) [ 0000]
store_ln79                                                                            (store            ) [ 0000]
pY_1_load_1                                                                           (load             ) [ 0000]
add_ln80                                                                              (add              ) [ 0000]
icmp_ln80                                                                             (icmp             ) [ 0111]
br_ln80                                                                               (br               ) [ 0000]
store_ln84                                                                            (store            ) [ 0000]
sY_1_load_1                                                                           (load             ) [ 0000]
icmp_ln86                                                                             (icmp             ) [ 0000]
add_ln86                                                                              (add              ) [ 0000]
select_ln86                                                                           (select           ) [ 0110]
br_ln0                                                                                (br               ) [ 0110]
store_ln81                                                                            (store            ) [ 0000]
br_ln83                                                                               (br               ) [ 0110]
icmp_ln109                                                                            (icmp             ) [ 0111]
store_ln109                                                                           (store            ) [ 0000]
br_ln109                                                                              (br               ) [ 0000]
specloopname_ln0                                                                      (specloopname     ) [ 0000]
speclooptripcount_ln0                                                                 (speclooptripcount) [ 0000]
specpipeline_ln113                                                                    (specpipeline     ) [ 0000]
layer4_out_read                                                                       (read             ) [ 0000]
trunc_ln115                                                                           (trunc            ) [ 0000]
trunc_ln115_s                                                                         (partselect       ) [ 0000]
trunc_ln115_17                                                                        (partselect       ) [ 0000]
trunc_ln115_18                                                                        (partselect       ) [ 0000]
trunc_ln115_19                                                                        (partselect       ) [ 0000]
trunc_ln115_20                                                                        (partselect       ) [ 0000]
trunc_ln115_21                                                                        (partselect       ) [ 0000]
trunc_ln115_22                                                                        (partselect       ) [ 0000]
trunc_ln115_23                                                                        (partselect       ) [ 0000]
trunc_ln115_24                                                                        (partselect       ) [ 0000]
trunc_ln115_25                                                                        (partselect       ) [ 0000]
trunc_ln115_26                                                                        (partselect       ) [ 0000]
call_ln52                                                                             (call             ) [ 0000]
storemerge                                                                            (phi              ) [ 0010]
store_ln82                                                                            (store            ) [ 0000]
br_ln88                                                                               (br               ) [ 0000]
void_compute_pool_buffer_2d_array_const_ap_shift_reg_n_filt_stream_kernel_30          (load             ) [ 0000]
p_ZZN4nnet22compute_pool_buffer_2dINS_5arrayI8ap_fixedILi20ELi10EL9ap_q_mode5EL9a_653 (load             ) [ 0000]
p_ZZN4nnet22compute_pool_buffer_2dINS_5arrayI8ap_fixedILi20ELi10EL9ap_q_mode5EL9a_654 (load             ) [ 0000]
p_ZZN4nnet22compute_pool_buffer_2dINS_5arrayI8ap_fixedILi20ELi10EL9ap_q_mode5EL9a_655 (load             ) [ 0000]
icmp_ln66                                                                             (icmp             ) [ 0000]
xor_ln66                                                                              (xor              ) [ 0000]
select_ln0                                                                            (select           ) [ 0000]
icmp_ln66_162                                                                         (icmp             ) [ 0000]
xor_ln66_162                                                                          (xor              ) [ 0000]
select_ln0_144                                                                        (select           ) [ 0000]
icmp_ln66_163                                                                         (icmp             ) [ 0000]
xor_ln66_163                                                                          (xor              ) [ 0000]
res_pack                                                                              (select           ) [ 0000]
void_compute_pool_buffer_2d_array_const_ap_shift_reg_n_filt_stream_kernel_31          (load             ) [ 0000]
p_ZZN4nnet22compute_pool_buffer_2dINS_5arrayI8ap_fixedILi20ELi10EL9ap_q_mode5EL9a_656 (load             ) [ 0000]
p_ZZN4nnet22compute_pool_buffer_2dINS_5arrayI8ap_fixedILi20ELi10EL9ap_q_mode5EL9a_657 (load             ) [ 0000]
p_ZZN4nnet22compute_pool_buffer_2dINS_5arrayI8ap_fixedILi20ELi10EL9ap_q_mode5EL9a_658 (load             ) [ 0000]
icmp_ln66_164                                                                         (icmp             ) [ 0000]
xor_ln66_164                                                                          (xor              ) [ 0000]
select_ln0_145                                                                        (select           ) [ 0000]
icmp_ln66_165                                                                         (icmp             ) [ 0000]
xor_ln66_165                                                                          (xor              ) [ 0000]
select_ln0_146                                                                        (select           ) [ 0000]
icmp_ln66_166                                                                         (icmp             ) [ 0000]
xor_ln66_166                                                                          (xor              ) [ 0000]
res_pack_18                                                                           (select           ) [ 0000]
void_compute_pool_buffer_2d_array_const_ap_shift_reg_n_filt_stream_kernel_32          (load             ) [ 0000]
p_ZZN4nnet22compute_pool_buffer_2dINS_5arrayI8ap_fixedILi20ELi10EL9ap_q_mode5EL9a_659 (load             ) [ 0000]
p_ZZN4nnet22compute_pool_buffer_2dINS_5arrayI8ap_fixedILi20ELi10EL9ap_q_mode5EL9a_660 (load             ) [ 0000]
p_ZZN4nnet22compute_pool_buffer_2dINS_5arrayI8ap_fixedILi20ELi10EL9ap_q_mode5EL9a_661 (load             ) [ 0000]
icmp_ln66_167                                                                         (icmp             ) [ 0000]
xor_ln66_167                                                                          (xor              ) [ 0000]
select_ln0_147                                                                        (select           ) [ 0000]
icmp_ln66_168                                                                         (icmp             ) [ 0000]
xor_ln66_168                                                                          (xor              ) [ 0000]
select_ln0_148                                                                        (select           ) [ 0000]
icmp_ln66_169                                                                         (icmp             ) [ 0000]
xor_ln66_169                                                                          (xor              ) [ 0000]
res_pack_19                                                                           (select           ) [ 0000]
void_compute_pool_buffer_2d_array_const_ap_shift_reg_n_filt_stream_kernel_33          (load             ) [ 0000]
p_ZZN4nnet22compute_pool_buffer_2dINS_5arrayI8ap_fixedILi20ELi10EL9ap_q_mode5EL9a_662 (load             ) [ 0000]
p_ZZN4nnet22compute_pool_buffer_2dINS_5arrayI8ap_fixedILi20ELi10EL9ap_q_mode5EL9a_663 (load             ) [ 0000]
p_ZZN4nnet22compute_pool_buffer_2dINS_5arrayI8ap_fixedILi20ELi10EL9ap_q_mode5EL9a_664 (load             ) [ 0000]
icmp_ln66_170                                                                         (icmp             ) [ 0000]
xor_ln66_170                                                                          (xor              ) [ 0000]
select_ln0_149                                                                        (select           ) [ 0000]
icmp_ln66_171                                                                         (icmp             ) [ 0000]
xor_ln66_171                                                                          (xor              ) [ 0000]
select_ln0_150                                                                        (select           ) [ 0000]
icmp_ln66_172                                                                         (icmp             ) [ 0000]
xor_ln66_172                                                                          (xor              ) [ 0000]
res_pack_20                                                                           (select           ) [ 0000]
void_compute_pool_buffer_2d_array_const_ap_shift_reg_n_filt_stream_kernel_34          (load             ) [ 0000]
p_ZZN4nnet22compute_pool_buffer_2dINS_5arrayI8ap_fixedILi20ELi10EL9ap_q_mode5EL9a_665 (load             ) [ 0000]
p_ZZN4nnet22compute_pool_buffer_2dINS_5arrayI8ap_fixedILi20ELi10EL9ap_q_mode5EL9a_666 (load             ) [ 0000]
p_ZZN4nnet22compute_pool_buffer_2dINS_5arrayI8ap_fixedILi20ELi10EL9ap_q_mode5EL9a_667 (load             ) [ 0000]
icmp_ln66_173                                                                         (icmp             ) [ 0000]
xor_ln66_173                                                                          (xor              ) [ 0000]
select_ln0_151                                                                        (select           ) [ 0000]
icmp_ln66_174                                                                         (icmp             ) [ 0000]
xor_ln66_174                                                                          (xor              ) [ 0000]
select_ln0_152                                                                        (select           ) [ 0000]
icmp_ln66_175                                                                         (icmp             ) [ 0000]
xor_ln66_175                                                                          (xor              ) [ 0000]
res_pack_21                                                                           (select           ) [ 0000]
void_compute_pool_buffer_2d_array_const_ap_shift_reg_n_filt_stream_kernel_35          (load             ) [ 0000]
p_ZZN4nnet22compute_pool_buffer_2dINS_5arrayI8ap_fixedILi20ELi10EL9ap_q_mode5EL9a_668 (load             ) [ 0000]
p_ZZN4nnet22compute_pool_buffer_2dINS_5arrayI8ap_fixedILi20ELi10EL9ap_q_mode5EL9a_669 (load             ) [ 0000]
p_ZZN4nnet22compute_pool_buffer_2dINS_5arrayI8ap_fixedILi20ELi10EL9ap_q_mode5EL9a_670 (load             ) [ 0000]
icmp_ln66_176                                                                         (icmp             ) [ 0000]
xor_ln66_176                                                                          (xor              ) [ 0000]
select_ln0_153                                                                        (select           ) [ 0000]
icmp_ln66_177                                                                         (icmp             ) [ 0000]
xor_ln66_177                                                                          (xor              ) [ 0000]
select_ln0_154                                                                        (select           ) [ 0000]
icmp_ln66_178                                                                         (icmp             ) [ 0000]
xor_ln66_178                                                                          (xor              ) [ 0000]
res_pack_22                                                                           (select           ) [ 0000]
void_compute_pool_buffer_2d_array_const_ap_shift_reg_n_filt_stream_kernel_36          (load             ) [ 0000]
p_ZZN4nnet22compute_pool_buffer_2dINS_5arrayI8ap_fixedILi20ELi10EL9ap_q_mode5EL9a_671 (load             ) [ 0000]
p_ZZN4nnet22compute_pool_buffer_2dINS_5arrayI8ap_fixedILi20ELi10EL9ap_q_mode5EL9a_672 (load             ) [ 0000]
p_ZZN4nnet22compute_pool_buffer_2dINS_5arrayI8ap_fixedILi20ELi10EL9ap_q_mode5EL9a_673 (load             ) [ 0000]
icmp_ln66_179                                                                         (icmp             ) [ 0000]
xor_ln66_179                                                                          (xor              ) [ 0000]
select_ln0_155                                                                        (select           ) [ 0000]
icmp_ln66_180                                                                         (icmp             ) [ 0000]
xor_ln66_180                                                                          (xor              ) [ 0000]
select_ln0_156                                                                        (select           ) [ 0000]
icmp_ln66_181                                                                         (icmp             ) [ 0000]
xor_ln66_181                                                                          (xor              ) [ 0000]
res_pack_23                                                                           (select           ) [ 0000]
void_compute_pool_buffer_2d_array_const_ap_shift_reg_n_filt_stream_kernel_37          (load             ) [ 0000]
p_ZZN4nnet22compute_pool_buffer_2dINS_5arrayI8ap_fixedILi20ELi10EL9ap_q_mode5EL9a_674 (load             ) [ 0000]
p_ZZN4nnet22compute_pool_buffer_2dINS_5arrayI8ap_fixedILi20ELi10EL9ap_q_mode5EL9a_675 (load             ) [ 0000]
p_ZZN4nnet22compute_pool_buffer_2dINS_5arrayI8ap_fixedILi20ELi10EL9ap_q_mode5EL9a_676 (load             ) [ 0000]
icmp_ln66_182                                                                         (icmp             ) [ 0000]
xor_ln66_182                                                                          (xor              ) [ 0000]
select_ln0_157                                                                        (select           ) [ 0000]
icmp_ln66_183                                                                         (icmp             ) [ 0000]
xor_ln66_183                                                                          (xor              ) [ 0000]
select_ln0_158                                                                        (select           ) [ 0000]
icmp_ln66_184                                                                         (icmp             ) [ 0000]
xor_ln66_184                                                                          (xor              ) [ 0000]
res_pack_24                                                                           (select           ) [ 0000]
void_compute_pool_buffer_2d_array_const_ap_shift_reg_n_filt_stream_kernel_38          (load             ) [ 0000]
p_ZZN4nnet22compute_pool_buffer_2dINS_5arrayI8ap_fixedILi20ELi10EL9ap_q_mode5EL9a_677 (load             ) [ 0000]
p_ZZN4nnet22compute_pool_buffer_2dINS_5arrayI8ap_fixedILi20ELi10EL9ap_q_mode5EL9a_678 (load             ) [ 0000]
p_ZZN4nnet22compute_pool_buffer_2dINS_5arrayI8ap_fixedILi20ELi10EL9ap_q_mode5EL9a_679 (load             ) [ 0000]
icmp_ln66_185                                                                         (icmp             ) [ 0000]
xor_ln66_185                                                                          (xor              ) [ 0000]
select_ln0_159                                                                        (select           ) [ 0000]
icmp_ln66_186                                                                         (icmp             ) [ 0000]
xor_ln66_186                                                                          (xor              ) [ 0000]
select_ln0_160                                                                        (select           ) [ 0000]
icmp_ln66_187                                                                         (icmp             ) [ 0000]
xor_ln66_187                                                                          (xor              ) [ 0000]
res_pack_25                                                                           (select           ) [ 0000]
void_compute_pool_buffer_2d_array_const_ap_shift_reg_n_filt_stream_kernel_39          (load             ) [ 0000]
p_ZZN4nnet22compute_pool_buffer_2dINS_5arrayI8ap_fixedILi20ELi10EL9ap_q_mode5EL9a_680 (load             ) [ 0000]
p_ZZN4nnet22compute_pool_buffer_2dINS_5arrayI8ap_fixedILi20ELi10EL9ap_q_mode5EL9a_681 (load             ) [ 0000]
p_ZZN4nnet22compute_pool_buffer_2dINS_5arrayI8ap_fixedILi20ELi10EL9ap_q_mode5EL9a_682 (load             ) [ 0000]
icmp_ln66_188                                                                         (icmp             ) [ 0000]
xor_ln66_188                                                                          (xor              ) [ 0000]
select_ln0_161                                                                        (select           ) [ 0000]
icmp_ln66_189                                                                         (icmp             ) [ 0000]
xor_ln66_189                                                                          (xor              ) [ 0000]
select_ln0_162                                                                        (select           ) [ 0000]
icmp_ln66_190                                                                         (icmp             ) [ 0000]
xor_ln66_190                                                                          (xor              ) [ 0000]
res_pack_26                                                                           (select           ) [ 0000]
p_ZZN4nnet22compute_pool_buffer_2dINS_5arrayI8ap_fixedILi20ELi10EL9ap_q_mode5EL9a_683 (load             ) [ 0000]
p_ZZN4nnet22compute_pool_buffer_2dINS_5arrayI8ap_fixedILi20ELi10EL9ap_q_mode5EL9a_684 (load             ) [ 0000]
p_ZZN4nnet22compute_pool_buffer_2dINS_5arrayI8ap_fixedILi20ELi10EL9ap_q_mode5EL9a_685 (load             ) [ 0000]
p_ZZN4nnet22compute_pool_buffer_2dINS_5arrayI8ap_fixedILi20ELi10EL9ap_q_mode5EL9a_686 (load             ) [ 0000]
icmp_ln66_191                                                                         (icmp             ) [ 0000]
xor_ln66_191                                                                          (xor              ) [ 0000]
select_ln0_163                                                                        (select           ) [ 0000]
icmp_ln66_192                                                                         (icmp             ) [ 0000]
xor_ln66_192                                                                          (xor              ) [ 0000]
select_ln0_164                                                                        (select           ) [ 0000]
icmp_ln66_193                                                                         (icmp             ) [ 0000]
xor_ln66_193                                                                          (xor              ) [ 0000]
res_pack_27                                                                           (select           ) [ 0000]
p_ZZN4nnet22compute_pool_buffer_2dINS_5arrayI8ap_fixedILi20ELi10EL9ap_q_mode5EL9a_687 (load             ) [ 0000]
p_ZZN4nnet22compute_pool_buffer_2dINS_5arrayI8ap_fixedILi20ELi10EL9ap_q_mode5EL9a_688 (load             ) [ 0000]
p_ZZN4nnet22compute_pool_buffer_2dINS_5arrayI8ap_fixedILi20ELi10EL9ap_q_mode5EL9a_689 (load             ) [ 0000]
p_ZZN4nnet22compute_pool_buffer_2dINS_5arrayI8ap_fixedILi20ELi10EL9ap_q_mode5EL9a_690 (load             ) [ 0000]
icmp_ln66_194                                                                         (icmp             ) [ 0000]
xor_ln66_194                                                                          (xor              ) [ 0000]
select_ln0_165                                                                        (select           ) [ 0000]
icmp_ln66_195                                                                         (icmp             ) [ 0000]
xor_ln66_195                                                                          (xor              ) [ 0000]
select_ln0_166                                                                        (select           ) [ 0000]
icmp_ln66_196                                                                         (icmp             ) [ 0000]
xor_ln66_196                                                                          (xor              ) [ 0000]
res_pack_28                                                                           (select           ) [ 0000]
or_ln72_s                                                                             (bitconcatenate   ) [ 0000]
write_ln72                                                                            (write            ) [ 0000]
br_ln73                                                                               (br               ) [ 0000]
ret_ln118                                                                             (ret              ) [ 0000]
</LifeTime>

<model>

<comp_list>
<comp id="0" class="1000" name="layer4_out">
<pin_list>
<pin id="1" dir="1" index="0" bw="1" slack="0"/>
</pin_list>
<bind>
<StgValue><ssdm name="layer4_out"/></StgValue>
</bind>
</comp>

<comp id="2" class="1000" name="layer5_out">
<pin_list>
<pin id="3" dir="1" index="0" bw="1" slack="0"/>
</pin_list>
<bind>
<StgValue><ssdm name="layer5_out"/></StgValue>
</bind>
</comp>

<comp id="4" class="1000" name="sY_1">
<pin_list>
<pin id="5" dir="1" index="0" bw="1" slack="0"/>
</pin_list>
<bind>
<StgValue><ssdm name="sY_1"/></StgValue>
</bind>
</comp>

<comp id="6" class="1000" name="pY_1">
<pin_list>
<pin id="7" dir="1" index="0" bw="1" slack="0"/>
</pin_list>
<bind>
<StgValue><ssdm name="pY_1"/></StgValue>
</bind>
</comp>

<comp id="8" class="1000" name="void_compute_pool_buffer_2d_array_const_ap_shift_reg_n_filt_stream_kernel_19">
<pin_list>
<pin id="9" dir="1" index="0" bw="1" slack="0"/>
</pin_list>
<bind>
<StgValue><ssdm name="void_compute_pool_buffer_2d_array_const_ap_shift_reg_n_filt_stream_kernel_19"/></StgValue>
</bind>
</comp>

<comp id="10" class="1000" name="p_ZZN4nnet22compute_pool_buffer_2dINS_5arrayI8ap_fixedILi20ELi10EL9ap_q_mode5EL9a_209">
<pin_list>
<pin id="11" dir="1" index="0" bw="1" slack="0"/>
</pin_list>
<bind>
<StgValue><ssdm name="p_ZZN4nnet22compute_pool_buffer_2dINS_5arrayI8ap_fixedILi20ELi10EL9ap_q_mode5EL9a_209"/></StgValue>
</bind>
</comp>

<comp id="12" class="1000" name="p_ZZN4nnet22compute_pool_buffer_2dINS_5arrayI8ap_fixedILi20ELi10EL9ap_q_mode5EL9a_221">
<pin_list>
<pin id="13" dir="1" index="0" bw="1" slack="0"/>
</pin_list>
<bind>
<StgValue><ssdm name="p_ZZN4nnet22compute_pool_buffer_2dINS_5arrayI8ap_fixedILi20ELi10EL9ap_q_mode5EL9a_221"/></StgValue>
</bind>
</comp>

<comp id="14" class="1000" name="p_ZZN4nnet22compute_pool_buffer_2dINS_5arrayI8ap_fixedILi20ELi10EL9ap_q_mode5EL9a_233">
<pin_list>
<pin id="15" dir="1" index="0" bw="1" slack="0"/>
</pin_list>
<bind>
<StgValue><ssdm name="p_ZZN4nnet22compute_pool_buffer_2dINS_5arrayI8ap_fixedILi20ELi10EL9ap_q_mode5EL9a_233"/></StgValue>
</bind>
</comp>

<comp id="16" class="1000" name="void_compute_pool_buffer_2d_array_const_ap_shift_reg_n_filt_stream_kernel_18">
<pin_list>
<pin id="17" dir="1" index="0" bw="1" slack="0"/>
</pin_list>
<bind>
<StgValue><ssdm name="void_compute_pool_buffer_2d_array_const_ap_shift_reg_n_filt_stream_kernel_18"/></StgValue>
</bind>
</comp>

<comp id="18" class="1000" name="p_ZZN4nnet22compute_pool_buffer_2dINS_5arrayI8ap_fixedILi20ELi10EL9ap_q_mode5EL9a_210">
<pin_list>
<pin id="19" dir="1" index="0" bw="1" slack="0"/>
</pin_list>
<bind>
<StgValue><ssdm name="p_ZZN4nnet22compute_pool_buffer_2dINS_5arrayI8ap_fixedILi20ELi10EL9ap_q_mode5EL9a_210"/></StgValue>
</bind>
</comp>

<comp id="20" class="1000" name="p_ZZN4nnet22compute_pool_buffer_2dINS_5arrayI8ap_fixedILi20ELi10EL9ap_q_mode5EL9a_222">
<pin_list>
<pin id="21" dir="1" index="0" bw="1" slack="0"/>
</pin_list>
<bind>
<StgValue><ssdm name="p_ZZN4nnet22compute_pool_buffer_2dINS_5arrayI8ap_fixedILi20ELi10EL9ap_q_mode5EL9a_222"/></StgValue>
</bind>
</comp>

<comp id="22" class="1000" name="p_ZZN4nnet22compute_pool_buffer_2dINS_5arrayI8ap_fixedILi20ELi10EL9ap_q_mode5EL9a_234">
<pin_list>
<pin id="23" dir="1" index="0" bw="1" slack="0"/>
</pin_list>
<bind>
<StgValue><ssdm name="p_ZZN4nnet22compute_pool_buffer_2dINS_5arrayI8ap_fixedILi20ELi10EL9ap_q_mode5EL9a_234"/></StgValue>
</bind>
</comp>

<comp id="24" class="1000" name="void_compute_pool_buffer_2d_array_const_ap_shift_reg_n_filt_stream_kernel_17">
<pin_list>
<pin id="25" dir="1" index="0" bw="1" slack="0"/>
</pin_list>
<bind>
<StgValue><ssdm name="void_compute_pool_buffer_2d_array_const_ap_shift_reg_n_filt_stream_kernel_17"/></StgValue>
</bind>
</comp>

<comp id="26" class="1000" name="p_ZZN4nnet22compute_pool_buffer_2dINS_5arrayI8ap_fixedILi20ELi10EL9ap_q_mode5EL9a_211">
<pin_list>
<pin id="27" dir="1" index="0" bw="1" slack="0"/>
</pin_list>
<bind>
<StgValue><ssdm name="p_ZZN4nnet22compute_pool_buffer_2dINS_5arrayI8ap_fixedILi20ELi10EL9ap_q_mode5EL9a_211"/></StgValue>
</bind>
</comp>

<comp id="28" class="1000" name="p_ZZN4nnet22compute_pool_buffer_2dINS_5arrayI8ap_fixedILi20ELi10EL9ap_q_mode5EL9a_223">
<pin_list>
<pin id="29" dir="1" index="0" bw="1" slack="0"/>
</pin_list>
<bind>
<StgValue><ssdm name="p_ZZN4nnet22compute_pool_buffer_2dINS_5arrayI8ap_fixedILi20ELi10EL9ap_q_mode5EL9a_223"/></StgValue>
</bind>
</comp>

<comp id="30" class="1000" name="p_ZZN4nnet22compute_pool_buffer_2dINS_5arrayI8ap_fixedILi20ELi10EL9ap_q_mode5EL9a_235">
<pin_list>
<pin id="31" dir="1" index="0" bw="1" slack="0"/>
</pin_list>
<bind>
<StgValue><ssdm name="p_ZZN4nnet22compute_pool_buffer_2dINS_5arrayI8ap_fixedILi20ELi10EL9ap_q_mode5EL9a_235"/></StgValue>
</bind>
</comp>

<comp id="32" class="1000" name="void_compute_pool_buffer_2d_array_const_ap_shift_reg_n_filt_stream_kernel_16">
<pin_list>
<pin id="33" dir="1" index="0" bw="1" slack="0"/>
</pin_list>
<bind>
<StgValue><ssdm name="void_compute_pool_buffer_2d_array_const_ap_shift_reg_n_filt_stream_kernel_16"/></StgValue>
</bind>
</comp>

<comp id="34" class="1000" name="p_ZZN4nnet22compute_pool_buffer_2dINS_5arrayI8ap_fixedILi20ELi10EL9ap_q_mode5EL9a_212">
<pin_list>
<pin id="35" dir="1" index="0" bw="1" slack="0"/>
</pin_list>
<bind>
<StgValue><ssdm name="p_ZZN4nnet22compute_pool_buffer_2dINS_5arrayI8ap_fixedILi20ELi10EL9ap_q_mode5EL9a_212"/></StgValue>
</bind>
</comp>

<comp id="36" class="1000" name="p_ZZN4nnet22compute_pool_buffer_2dINS_5arrayI8ap_fixedILi20ELi10EL9ap_q_mode5EL9a_224">
<pin_list>
<pin id="37" dir="1" index="0" bw="1" slack="0"/>
</pin_list>
<bind>
<StgValue><ssdm name="p_ZZN4nnet22compute_pool_buffer_2dINS_5arrayI8ap_fixedILi20ELi10EL9ap_q_mode5EL9a_224"/></StgValue>
</bind>
</comp>

<comp id="38" class="1000" name="p_ZZN4nnet22compute_pool_buffer_2dINS_5arrayI8ap_fixedILi20ELi10EL9ap_q_mode5EL9a_236">
<pin_list>
<pin id="39" dir="1" index="0" bw="1" slack="0"/>
</pin_list>
<bind>
<StgValue><ssdm name="p_ZZN4nnet22compute_pool_buffer_2dINS_5arrayI8ap_fixedILi20ELi10EL9ap_q_mode5EL9a_236"/></StgValue>
</bind>
</comp>

<comp id="40" class="1000" name="void_compute_pool_buffer_2d_array_const_ap_shift_reg_n_filt_stream_kernel_15">
<pin_list>
<pin id="41" dir="1" index="0" bw="1" slack="0"/>
</pin_list>
<bind>
<StgValue><ssdm name="void_compute_pool_buffer_2d_array_const_ap_shift_reg_n_filt_stream_kernel_15"/></StgValue>
</bind>
</comp>

<comp id="42" class="1000" name="p_ZZN4nnet22compute_pool_buffer_2dINS_5arrayI8ap_fixedILi20ELi10EL9ap_q_mode5EL9a_213">
<pin_list>
<pin id="43" dir="1" index="0" bw="1" slack="0"/>
</pin_list>
<bind>
<StgValue><ssdm name="p_ZZN4nnet22compute_pool_buffer_2dINS_5arrayI8ap_fixedILi20ELi10EL9ap_q_mode5EL9a_213"/></StgValue>
</bind>
</comp>

<comp id="44" class="1000" name="p_ZZN4nnet22compute_pool_buffer_2dINS_5arrayI8ap_fixedILi20ELi10EL9ap_q_mode5EL9a_225">
<pin_list>
<pin id="45" dir="1" index="0" bw="1" slack="0"/>
</pin_list>
<bind>
<StgValue><ssdm name="p_ZZN4nnet22compute_pool_buffer_2dINS_5arrayI8ap_fixedILi20ELi10EL9ap_q_mode5EL9a_225"/></StgValue>
</bind>
</comp>

<comp id="46" class="1000" name="p_ZZN4nnet22compute_pool_buffer_2dINS_5arrayI8ap_fixedILi20ELi10EL9ap_q_mode5EL9a_237">
<pin_list>
<pin id="47" dir="1" index="0" bw="1" slack="0"/>
</pin_list>
<bind>
<StgValue><ssdm name="p_ZZN4nnet22compute_pool_buffer_2dINS_5arrayI8ap_fixedILi20ELi10EL9ap_q_mode5EL9a_237"/></StgValue>
</bind>
</comp>

<comp id="48" class="1000" name="void_compute_pool_buffer_2d_array_const_ap_shift_reg_n_filt_stream_kernel_14">
<pin_list>
<pin id="49" dir="1" index="0" bw="1" slack="0"/>
</pin_list>
<bind>
<StgValue><ssdm name="void_compute_pool_buffer_2d_array_const_ap_shift_reg_n_filt_stream_kernel_14"/></StgValue>
</bind>
</comp>

<comp id="50" class="1000" name="p_ZZN4nnet22compute_pool_buffer_2dINS_5arrayI8ap_fixedILi20ELi10EL9ap_q_mode5EL9a_214">
<pin_list>
<pin id="51" dir="1" index="0" bw="1" slack="0"/>
</pin_list>
<bind>
<StgValue><ssdm name="p_ZZN4nnet22compute_pool_buffer_2dINS_5arrayI8ap_fixedILi20ELi10EL9ap_q_mode5EL9a_214"/></StgValue>
</bind>
</comp>

<comp id="52" class="1000" name="p_ZZN4nnet22compute_pool_buffer_2dINS_5arrayI8ap_fixedILi20ELi10EL9ap_q_mode5EL9a_226">
<pin_list>
<pin id="53" dir="1" index="0" bw="1" slack="0"/>
</pin_list>
<bind>
<StgValue><ssdm name="p_ZZN4nnet22compute_pool_buffer_2dINS_5arrayI8ap_fixedILi20ELi10EL9ap_q_mode5EL9a_226"/></StgValue>
</bind>
</comp>

<comp id="54" class="1000" name="p_ZZN4nnet22compute_pool_buffer_2dINS_5arrayI8ap_fixedILi20ELi10EL9ap_q_mode5EL9a_238">
<pin_list>
<pin id="55" dir="1" index="0" bw="1" slack="0"/>
</pin_list>
<bind>
<StgValue><ssdm name="p_ZZN4nnet22compute_pool_buffer_2dINS_5arrayI8ap_fixedILi20ELi10EL9ap_q_mode5EL9a_238"/></StgValue>
</bind>
</comp>

<comp id="56" class="1000" name="void_compute_pool_buffer_2d_array_const_ap_shift_reg_n_filt_stream_kernel_13">
<pin_list>
<pin id="57" dir="1" index="0" bw="1" slack="0"/>
</pin_list>
<bind>
<StgValue><ssdm name="void_compute_pool_buffer_2d_array_const_ap_shift_reg_n_filt_stream_kernel_13"/></StgValue>
</bind>
</comp>

<comp id="58" class="1000" name="p_ZZN4nnet22compute_pool_buffer_2dINS_5arrayI8ap_fixedILi20ELi10EL9ap_q_mode5EL9a_215">
<pin_list>
<pin id="59" dir="1" index="0" bw="1" slack="0"/>
</pin_list>
<bind>
<StgValue><ssdm name="p_ZZN4nnet22compute_pool_buffer_2dINS_5arrayI8ap_fixedILi20ELi10EL9ap_q_mode5EL9a_215"/></StgValue>
</bind>
</comp>

<comp id="60" class="1000" name="p_ZZN4nnet22compute_pool_buffer_2dINS_5arrayI8ap_fixedILi20ELi10EL9ap_q_mode5EL9a_227">
<pin_list>
<pin id="61" dir="1" index="0" bw="1" slack="0"/>
</pin_list>
<bind>
<StgValue><ssdm name="p_ZZN4nnet22compute_pool_buffer_2dINS_5arrayI8ap_fixedILi20ELi10EL9ap_q_mode5EL9a_227"/></StgValue>
</bind>
</comp>

<comp id="62" class="1000" name="p_ZZN4nnet22compute_pool_buffer_2dINS_5arrayI8ap_fixedILi20ELi10EL9ap_q_mode5EL9a_239">
<pin_list>
<pin id="63" dir="1" index="0" bw="1" slack="0"/>
</pin_list>
<bind>
<StgValue><ssdm name="p_ZZN4nnet22compute_pool_buffer_2dINS_5arrayI8ap_fixedILi20ELi10EL9ap_q_mode5EL9a_239"/></StgValue>
</bind>
</comp>

<comp id="64" class="1000" name="void_compute_pool_buffer_2d_array_const_ap_shift_reg_n_filt_stream_kernel_12">
<pin_list>
<pin id="65" dir="1" index="0" bw="1" slack="0"/>
</pin_list>
<bind>
<StgValue><ssdm name="void_compute_pool_buffer_2d_array_const_ap_shift_reg_n_filt_stream_kernel_12"/></StgValue>
</bind>
</comp>

<comp id="66" class="1000" name="p_ZZN4nnet22compute_pool_buffer_2dINS_5arrayI8ap_fixedILi20ELi10EL9ap_q_mode5EL9a_216">
<pin_list>
<pin id="67" dir="1" index="0" bw="1" slack="0"/>
</pin_list>
<bind>
<StgValue><ssdm name="p_ZZN4nnet22compute_pool_buffer_2dINS_5arrayI8ap_fixedILi20ELi10EL9ap_q_mode5EL9a_216"/></StgValue>
</bind>
</comp>

<comp id="68" class="1000" name="p_ZZN4nnet22compute_pool_buffer_2dINS_5arrayI8ap_fixedILi20ELi10EL9ap_q_mode5EL9a_228">
<pin_list>
<pin id="69" dir="1" index="0" bw="1" slack="0"/>
</pin_list>
<bind>
<StgValue><ssdm name="p_ZZN4nnet22compute_pool_buffer_2dINS_5arrayI8ap_fixedILi20ELi10EL9ap_q_mode5EL9a_228"/></StgValue>
</bind>
</comp>

<comp id="70" class="1000" name="p_ZZN4nnet22compute_pool_buffer_2dINS_5arrayI8ap_fixedILi20ELi10EL9ap_q_mode5EL9a_240">
<pin_list>
<pin id="71" dir="1" index="0" bw="1" slack="0"/>
</pin_list>
<bind>
<StgValue><ssdm name="p_ZZN4nnet22compute_pool_buffer_2dINS_5arrayI8ap_fixedILi20ELi10EL9ap_q_mode5EL9a_240"/></StgValue>
</bind>
</comp>

<comp id="72" class="1000" name="void_compute_pool_buffer_2d_array_const_ap_shift_reg_n_filt_stream_kernel_11">
<pin_list>
<pin id="73" dir="1" index="0" bw="1" slack="0"/>
</pin_list>
<bind>
<StgValue><ssdm name="void_compute_pool_buffer_2d_array_const_ap_shift_reg_n_filt_stream_kernel_11"/></StgValue>
</bind>
</comp>

<comp id="74" class="1000" name="p_ZZN4nnet22compute_pool_buffer_2dINS_5arrayI8ap_fixedILi20ELi10EL9ap_q_mode5EL9a_217">
<pin_list>
<pin id="75" dir="1" index="0" bw="1" slack="0"/>
</pin_list>
<bind>
<StgValue><ssdm name="p_ZZN4nnet22compute_pool_buffer_2dINS_5arrayI8ap_fixedILi20ELi10EL9ap_q_mode5EL9a_217"/></StgValue>
</bind>
</comp>

<comp id="76" class="1000" name="p_ZZN4nnet22compute_pool_buffer_2dINS_5arrayI8ap_fixedILi20ELi10EL9ap_q_mode5EL9a_229">
<pin_list>
<pin id="77" dir="1" index="0" bw="1" slack="0"/>
</pin_list>
<bind>
<StgValue><ssdm name="p_ZZN4nnet22compute_pool_buffer_2dINS_5arrayI8ap_fixedILi20ELi10EL9ap_q_mode5EL9a_229"/></StgValue>
</bind>
</comp>

<comp id="78" class="1000" name="p_ZZN4nnet22compute_pool_buffer_2dINS_5arrayI8ap_fixedILi20ELi10EL9ap_q_mode5EL9a_241">
<pin_list>
<pin id="79" dir="1" index="0" bw="1" slack="0"/>
</pin_list>
<bind>
<StgValue><ssdm name="p_ZZN4nnet22compute_pool_buffer_2dINS_5arrayI8ap_fixedILi20ELi10EL9ap_q_mode5EL9a_241"/></StgValue>
</bind>
</comp>

<comp id="80" class="1000" name="void_compute_pool_buffer_2d_array_const_ap_shift_reg_n_filt_stream_kernel_10">
<pin_list>
<pin id="81" dir="1" index="0" bw="1" slack="0"/>
</pin_list>
<bind>
<StgValue><ssdm name="void_compute_pool_buffer_2d_array_const_ap_shift_reg_n_filt_stream_kernel_10"/></StgValue>
</bind>
</comp>

<comp id="82" class="1000" name="p_ZZN4nnet22compute_pool_buffer_2dINS_5arrayI8ap_fixedILi20ELi10EL9ap_q_mode5EL9a_218">
<pin_list>
<pin id="83" dir="1" index="0" bw="1" slack="0"/>
</pin_list>
<bind>
<StgValue><ssdm name="p_ZZN4nnet22compute_pool_buffer_2dINS_5arrayI8ap_fixedILi20ELi10EL9ap_q_mode5EL9a_218"/></StgValue>
</bind>
</comp>

<comp id="84" class="1000" name="p_ZZN4nnet22compute_pool_buffer_2dINS_5arrayI8ap_fixedILi20ELi10EL9ap_q_mode5EL9a_230">
<pin_list>
<pin id="85" dir="1" index="0" bw="1" slack="0"/>
</pin_list>
<bind>
<StgValue><ssdm name="p_ZZN4nnet22compute_pool_buffer_2dINS_5arrayI8ap_fixedILi20ELi10EL9ap_q_mode5EL9a_230"/></StgValue>
</bind>
</comp>

<comp id="86" class="1000" name="p_ZZN4nnet22compute_pool_buffer_2dINS_5arrayI8ap_fixedILi20ELi10EL9ap_q_mode5EL9a_242">
<pin_list>
<pin id="87" dir="1" index="0" bw="1" slack="0"/>
</pin_list>
<bind>
<StgValue><ssdm name="p_ZZN4nnet22compute_pool_buffer_2dINS_5arrayI8ap_fixedILi20ELi10EL9ap_q_mode5EL9a_242"/></StgValue>
</bind>
</comp>

<comp id="88" class="1000" name="p_ZZN4nnet22compute_pool_buffer_2dINS_5arrayI8ap_fixedILi20ELi10EL9ap_q_mode5EL9a_207">
<pin_list>
<pin id="89" dir="1" index="0" bw="1" slack="0"/>
</pin_list>
<bind>
<StgValue><ssdm name="p_ZZN4nnet22compute_pool_buffer_2dINS_5arrayI8ap_fixedILi20ELi10EL9ap_q_mode5EL9a_207"/></StgValue>
</bind>
</comp>

<comp id="90" class="1000" name="p_ZZN4nnet22compute_pool_buffer_2dINS_5arrayI8ap_fixedILi20ELi10EL9ap_q_mode5EL9a_219">
<pin_list>
<pin id="91" dir="1" index="0" bw="1" slack="0"/>
</pin_list>
<bind>
<StgValue><ssdm name="p_ZZN4nnet22compute_pool_buffer_2dINS_5arrayI8ap_fixedILi20ELi10EL9ap_q_mode5EL9a_219"/></StgValue>
</bind>
</comp>

<comp id="92" class="1000" name="p_ZZN4nnet22compute_pool_buffer_2dINS_5arrayI8ap_fixedILi20ELi10EL9ap_q_mode5EL9a_231">
<pin_list>
<pin id="93" dir="1" index="0" bw="1" slack="0"/>
</pin_list>
<bind>
<StgValue><ssdm name="p_ZZN4nnet22compute_pool_buffer_2dINS_5arrayI8ap_fixedILi20ELi10EL9ap_q_mode5EL9a_231"/></StgValue>
</bind>
</comp>

<comp id="94" class="1000" name="p_ZZN4nnet22compute_pool_buffer_2dINS_5arrayI8ap_fixedILi20ELi10EL9ap_q_mode5EL9a_243">
<pin_list>
<pin id="95" dir="1" index="0" bw="1" slack="0"/>
</pin_list>
<bind>
<StgValue><ssdm name="p_ZZN4nnet22compute_pool_buffer_2dINS_5arrayI8ap_fixedILi20ELi10EL9ap_q_mode5EL9a_243"/></StgValue>
</bind>
</comp>

<comp id="96" class="1000" name="p_ZZN4nnet22compute_pool_buffer_2dINS_5arrayI8ap_fixedILi20ELi10EL9ap_q_mode5EL9a_208">
<pin_list>
<pin id="97" dir="1" index="0" bw="1" slack="0"/>
</pin_list>
<bind>
<StgValue><ssdm name="p_ZZN4nnet22compute_pool_buffer_2dINS_5arrayI8ap_fixedILi20ELi10EL9ap_q_mode5EL9a_208"/></StgValue>
</bind>
</comp>

<comp id="98" class="1000" name="p_ZZN4nnet22compute_pool_buffer_2dINS_5arrayI8ap_fixedILi20ELi10EL9ap_q_mode5EL9a_220">
<pin_list>
<pin id="99" dir="1" index="0" bw="1" slack="0"/>
</pin_list>
<bind>
<StgValue><ssdm name="p_ZZN4nnet22compute_pool_buffer_2dINS_5arrayI8ap_fixedILi20ELi10EL9ap_q_mode5EL9a_220"/></StgValue>
</bind>
</comp>

<comp id="100" class="1000" name="p_ZZN4nnet22compute_pool_buffer_2dINS_5arrayI8ap_fixedILi20ELi10EL9ap_q_mode5EL9a_232">
<pin_list>
<pin id="101" dir="1" index="0" bw="1" slack="0"/>
</pin_list>
<bind>
<StgValue><ssdm name="p_ZZN4nnet22compute_pool_buffer_2dINS_5arrayI8ap_fixedILi20ELi10EL9ap_q_mode5EL9a_232"/></StgValue>
</bind>
</comp>

<comp id="102" class="1000" name="p_ZZN4nnet22compute_pool_buffer_2dINS_5arrayI8ap_fixedILi20ELi10EL9ap_q_mode5EL9a_244">
<pin_list>
<pin id="103" dir="1" index="0" bw="1" slack="0"/>
</pin_list>
<bind>
<StgValue><ssdm name="p_ZZN4nnet22compute_pool_buffer_2dINS_5arrayI8ap_fixedILi20ELi10EL9ap_q_mode5EL9a_244"/></StgValue>
</bind>
</comp>

<comp id="104" class="1000" name="pX_1">
<pin_list>
<pin id="105" dir="1" index="0" bw="1" slack="0"/>
</pin_list>
<bind>
<StgValue><ssdm name="pX_1"/></StgValue>
</bind>
</comp>

<comp id="106" class="1000" name="sX_1">
<pin_list>
<pin id="107" dir="1" index="0" bw="1" slack="0"/>
</pin_list>
<bind>
<StgValue><ssdm name="sX_1"/></StgValue>
</bind>
</comp>

<comp id="108" class="1000" name="void_pooling2d_cl_stream_stream_array_ap_fixed_12u_0_line_buffer_9">
<pin_list>
<pin id="109" dir="1" index="0" bw="1" slack="0"/>
</pin_list>
<bind>
<StgValue><ssdm name="void_pooling2d_cl_stream_stream_array_ap_fixed_12u_0_line_buffer_9"/><MemPortTyVec>2 </MemPortTyVec>
</StgValue>
</bind>
</comp>

<comp id="110" class="1000" name="void_pooling2d_cl_stream_stream_array_ap_fixed_12u_0_line_buffer_8">
<pin_list>
<pin id="111" dir="1" index="0" bw="1" slack="0"/>
</pin_list>
<bind>
<StgValue><ssdm name="void_pooling2d_cl_stream_stream_array_ap_fixed_12u_0_line_buffer_8"/><MemPortTyVec>2 </MemPortTyVec>
</StgValue>
</bind>
</comp>

<comp id="112" class="1000" name="void_pooling2d_cl_stream_stream_array_ap_fixed_12u_0_line_buffer_7">
<pin_list>
<pin id="113" dir="1" index="0" bw="1" slack="0"/>
</pin_list>
<bind>
<StgValue><ssdm name="void_pooling2d_cl_stream_stream_array_ap_fixed_12u_0_line_buffer_7"/><MemPortTyVec>2 </MemPortTyVec>
</StgValue>
</bind>
</comp>

<comp id="114" class="1000" name="void_pooling2d_cl_stream_stream_array_ap_fixed_12u_0_line_buffer_6">
<pin_list>
<pin id="115" dir="1" index="0" bw="1" slack="0"/>
</pin_list>
<bind>
<StgValue><ssdm name="void_pooling2d_cl_stream_stream_array_ap_fixed_12u_0_line_buffer_6"/><MemPortTyVec>2 </MemPortTyVec>
</StgValue>
</bind>
</comp>

<comp id="116" class="1000" name="void_pooling2d_cl_stream_stream_array_ap_fixed_12u_0_line_buffer_5">
<pin_list>
<pin id="117" dir="1" index="0" bw="1" slack="0"/>
</pin_list>
<bind>
<StgValue><ssdm name="void_pooling2d_cl_stream_stream_array_ap_fixed_12u_0_line_buffer_5"/><MemPortTyVec>2 </MemPortTyVec>
</StgValue>
</bind>
</comp>

<comp id="118" class="1000" name="void_pooling2d_cl_stream_stream_array_ap_fixed_12u_0_line_buffer_4">
<pin_list>
<pin id="119" dir="1" index="0" bw="1" slack="0"/>
</pin_list>
<bind>
<StgValue><ssdm name="void_pooling2d_cl_stream_stream_array_ap_fixed_12u_0_line_buffer_4"/><MemPortTyVec>2 </MemPortTyVec>
</StgValue>
</bind>
</comp>

<comp id="120" class="1000" name="void_pooling2d_cl_stream_stream_array_ap_fixed_12u_0_line_buffer_3">
<pin_list>
<pin id="121" dir="1" index="0" bw="1" slack="0"/>
</pin_list>
<bind>
<StgValue><ssdm name="void_pooling2d_cl_stream_stream_array_ap_fixed_12u_0_line_buffer_3"/><MemPortTyVec>2 </MemPortTyVec>
</StgValue>
</bind>
</comp>

<comp id="122" class="1000" name="void_pooling2d_cl_stream_stream_array_ap_fixed_12u_0_line_buffer_2">
<pin_list>
<pin id="123" dir="1" index="0" bw="1" slack="0"/>
</pin_list>
<bind>
<StgValue><ssdm name="void_pooling2d_cl_stream_stream_array_ap_fixed_12u_0_line_buffer_2"/><MemPortTyVec>2 </MemPortTyVec>
</StgValue>
</bind>
</comp>

<comp id="124" class="1000" name="void_pooling2d_cl_stream_stream_array_ap_fixed_12u_0_line_buffer_1">
<pin_list>
<pin id="125" dir="1" index="0" bw="1" slack="0"/>
</pin_list>
<bind>
<StgValue><ssdm name="void_pooling2d_cl_stream_stream_array_ap_fixed_12u_0_line_buffer_1"/><MemPortTyVec>2 </MemPortTyVec>
</StgValue>
</bind>
</comp>

<comp id="126" class="1000" name="void_pooling2d_cl_stream_stream_array_ap_fixed_12u_0_line_buffer">
<pin_list>
<pin id="127" dir="1" index="0" bw="1" slack="0"/>
</pin_list>
<bind>
<StgValue><ssdm name="void_pooling2d_cl_stream_stream_array_ap_fixed_12u_0_line_buffer"/><MemPortTyVec>2 </MemPortTyVec>
</StgValue>
</bind>
</comp>

<comp id="128" class="1000" name="p_ZZN4nnet12pooling2d_clINS_5arrayI8ap_fixedILi20ELi10EL9ap_q_mode5EL9ap_o_mode3E_9">
<pin_list>
<pin id="129" dir="1" index="0" bw="1" slack="0"/>
</pin_list>
<bind>
<StgValue><ssdm name="p_ZZN4nnet12pooling2d_clINS_5arrayI8ap_fixedILi20ELi10EL9ap_q_mode5EL9ap_o_mode3E_9"/><MemPortTyVec>2 </MemPortTyVec>
</StgValue>
</bind>
</comp>

<comp id="130" class="1000" name="p_ZZN4nnet12pooling2d_clINS_5arrayI8ap_fixedILi20ELi10EL9ap_q_mode5EL9ap_o_mode3E_8">
<pin_list>
<pin id="131" dir="1" index="0" bw="1" slack="0"/>
</pin_list>
<bind>
<StgValue><ssdm name="p_ZZN4nnet12pooling2d_clINS_5arrayI8ap_fixedILi20ELi10EL9ap_q_mode5EL9ap_o_mode3E_8"/><MemPortTyVec>2 </MemPortTyVec>
</StgValue>
</bind>
</comp>

<comp id="132" class="1001" name="const_132">
<pin_list>
<pin id="133" dir="1" index="0" bw="1" slack="0"/>
</pin_list>
<bind>
<StgValue><ssdm name=""/></StgValue>
</bind>
</comp>

<comp id="134" class="1001" name="const_134">
<pin_list>
<pin id="135" dir="1" index="0" bw="1" slack="2147483647"/>
</pin_list>
<bind>
<StgValue><ssdm name="_ssdm_op_SpecInterface"/></StgValue>
</bind>
</comp>

<comp id="136" class="1001" name="const_136">
<pin_list>
<pin id="137" dir="1" index="0" bw="1" slack="2147483647"/>
</pin_list>
<bind>
<StgValue><ssdm name="empty_6"/></StgValue>
</bind>
</comp>

<comp id="138" class="1001" name="const_138">
<pin_list>
<pin id="139" dir="1" index="0" bw="1" slack="0"/>
</pin_list>
<bind>
<StgValue><ssdm name=""/></StgValue>
</bind>
</comp>

<comp id="140" class="1001" name="const_140">
<pin_list>
<pin id="141" dir="1" index="0" bw="1" slack="2147483647"/>
</pin_list>
<bind>
<StgValue><ssdm name="empty_5"/></StgValue>
</bind>
</comp>

<comp id="142" class="1001" name="const_142">
<pin_list>
<pin id="143" dir="1" index="0" bw="1" slack="2147483647"/>
</pin_list>
<bind>
<StgValue><ssdm name=""/></StgValue>
</bind>
</comp>

<comp id="144" class="1001" name="const_144">
<pin_list>
<pin id="145" dir="1" index="0" bw="1" slack="0"/>
</pin_list>
<bind>
<StgValue><ssdm name=""/></StgValue>
</bind>
</comp>

<comp id="146" class="1001" name="const_146">
<pin_list>
<pin id="147" dir="1" index="0" bw="1" slack="0"/>
</pin_list>
<bind>
<StgValue><ssdm name=""/></StgValue>
</bind>
</comp>

<comp id="148" class="1001" name="const_148">
<pin_list>
<pin id="149" dir="1" index="0" bw="1" slack="0"/>
</pin_list>
<bind>
<StgValue><ssdm name=""/></StgValue>
</bind>
</comp>

<comp id="150" class="1001" name="const_150">
<pin_list>
<pin id="151" dir="1" index="0" bw="1" slack="0"/>
</pin_list>
<bind>
<StgValue><ssdm name=""/></StgValue>
</bind>
</comp>

<comp id="152" class="1001" name="const_152">
<pin_list>
<pin id="153" dir="1" index="0" bw="1" slack="0"/>
</pin_list>
<bind>
<StgValue><ssdm name=""/></StgValue>
</bind>
</comp>

<comp id="154" class="1001" name="const_154">
<pin_list>
<pin id="155" dir="1" index="0" bw="1" slack="2147483647"/>
</pin_list>
<bind>
<StgValue><ssdm name="_ssdm_op_SpecLoopName"/></StgValue>
</bind>
</comp>

<comp id="156" class="1001" name="const_156">
<pin_list>
<pin id="157" dir="1" index="0" bw="1" slack="2147483647"/>
</pin_list>
<bind>
<StgValue><ssdm name="ReadInputHeight_ReadInputWidth_str"/></StgValue>
</bind>
</comp>

<comp id="158" class="1001" name="const_158">
<pin_list>
<pin id="159" dir="1" index="0" bw="1" slack="2147483647"/>
</pin_list>
<bind>
<StgValue><ssdm name="_ssdm_op_SpecLoopTripCount"/></StgValue>
</bind>
</comp>

<comp id="160" class="1001" name="const_160">
<pin_list>
<pin id="161" dir="1" index="0" bw="1" slack="2147483647"/>
</pin_list>
<bind>
<StgValue><ssdm name=""/></StgValue>
</bind>
</comp>

<comp id="162" class="1001" name="const_162">
<pin_list>
<pin id="163" dir="1" index="0" bw="1" slack="2147483647"/>
</pin_list>
<bind>
<StgValue><ssdm name="_ssdm_op_SpecPipeline"/></StgValue>
</bind>
</comp>

<comp id="164" class="1001" name="const_164">
<pin_list>
<pin id="165" dir="1" index="0" bw="1" slack="0"/>
</pin_list>
<bind>
<StgValue><ssdm name="_ssdm_op_Read.ap_fifo.volatile.i240P0A"/></StgValue>
</bind>
</comp>

<comp id="166" class="1001" name="const_166">
<pin_list>
<pin id="167" dir="1" index="0" bw="1" slack="0"/>
</pin_list>
<bind>
<StgValue><ssdm name="_ssdm_op_PartSelect.i20.i240.i32.i32"/></StgValue>
</bind>
</comp>

<comp id="168" class="1001" name="const_168">
<pin_list>
<pin id="169" dir="1" index="0" bw="1" slack="0"/>
</pin_list>
<bind>
<StgValue><ssdm name=""/></StgValue>
</bind>
</comp>

<comp id="170" class="1001" name="const_170">
<pin_list>
<pin id="171" dir="1" index="0" bw="1" slack="0"/>
</pin_list>
<bind>
<StgValue><ssdm name=""/></StgValue>
</bind>
</comp>

<comp id="172" class="1001" name="const_172">
<pin_list>
<pin id="173" dir="1" index="0" bw="1" slack="0"/>
</pin_list>
<bind>
<StgValue><ssdm name=""/></StgValue>
</bind>
</comp>

<comp id="174" class="1001" name="const_174">
<pin_list>
<pin id="175" dir="1" index="0" bw="1" slack="0"/>
</pin_list>
<bind>
<StgValue><ssdm name=""/></StgValue>
</bind>
</comp>

<comp id="176" class="1001" name="const_176">
<pin_list>
<pin id="177" dir="1" index="0" bw="1" slack="0"/>
</pin_list>
<bind>
<StgValue><ssdm name=""/></StgValue>
</bind>
</comp>

<comp id="178" class="1001" name="const_178">
<pin_list>
<pin id="179" dir="1" index="0" bw="1" slack="0"/>
</pin_list>
<bind>
<StgValue><ssdm name=""/></StgValue>
</bind>
</comp>

<comp id="180" class="1001" name="const_180">
<pin_list>
<pin id="181" dir="1" index="0" bw="1" slack="0"/>
</pin_list>
<bind>
<StgValue><ssdm name=""/></StgValue>
</bind>
</comp>

<comp id="182" class="1001" name="const_182">
<pin_list>
<pin id="183" dir="1" index="0" bw="1" slack="0"/>
</pin_list>
<bind>
<StgValue><ssdm name=""/></StgValue>
</bind>
</comp>

<comp id="184" class="1001" name="const_184">
<pin_list>
<pin id="185" dir="1" index="0" bw="1" slack="0"/>
</pin_list>
<bind>
<StgValue><ssdm name=""/></StgValue>
</bind>
</comp>

<comp id="186" class="1001" name="const_186">
<pin_list>
<pin id="187" dir="1" index="0" bw="1" slack="0"/>
</pin_list>
<bind>
<StgValue><ssdm name=""/></StgValue>
</bind>
</comp>

<comp id="188" class="1001" name="const_188">
<pin_list>
<pin id="189" dir="1" index="0" bw="1" slack="0"/>
</pin_list>
<bind>
<StgValue><ssdm name=""/></StgValue>
</bind>
</comp>

<comp id="190" class="1001" name="const_190">
<pin_list>
<pin id="191" dir="1" index="0" bw="1" slack="0"/>
</pin_list>
<bind>
<StgValue><ssdm name=""/></StgValue>
</bind>
</comp>

<comp id="192" class="1001" name="const_192">
<pin_list>
<pin id="193" dir="1" index="0" bw="1" slack="0"/>
</pin_list>
<bind>
<StgValue><ssdm name=""/></StgValue>
</bind>
</comp>

<comp id="194" class="1001" name="const_194">
<pin_list>
<pin id="195" dir="1" index="0" bw="1" slack="0"/>
</pin_list>
<bind>
<StgValue><ssdm name=""/></StgValue>
</bind>
</comp>

<comp id="196" class="1001" name="const_196">
<pin_list>
<pin id="197" dir="1" index="0" bw="1" slack="0"/>
</pin_list>
<bind>
<StgValue><ssdm name=""/></StgValue>
</bind>
</comp>

<comp id="198" class="1001" name="const_198">
<pin_list>
<pin id="199" dir="1" index="0" bw="1" slack="0"/>
</pin_list>
<bind>
<StgValue><ssdm name=""/></StgValue>
</bind>
</comp>

<comp id="200" class="1001" name="const_200">
<pin_list>
<pin id="201" dir="1" index="0" bw="1" slack="0"/>
</pin_list>
<bind>
<StgValue><ssdm name=""/></StgValue>
</bind>
</comp>

<comp id="202" class="1001" name="const_202">
<pin_list>
<pin id="203" dir="1" index="0" bw="1" slack="0"/>
</pin_list>
<bind>
<StgValue><ssdm name=""/></StgValue>
</bind>
</comp>

<comp id="204" class="1001" name="const_204">
<pin_list>
<pin id="205" dir="1" index="0" bw="1" slack="0"/>
</pin_list>
<bind>
<StgValue><ssdm name=""/></StgValue>
</bind>
</comp>

<comp id="206" class="1001" name="const_206">
<pin_list>
<pin id="207" dir="1" index="0" bw="1" slack="0"/>
</pin_list>
<bind>
<StgValue><ssdm name=""/></StgValue>
</bind>
</comp>

<comp id="208" class="1001" name="const_208">
<pin_list>
<pin id="209" dir="1" index="0" bw="1" slack="0"/>
</pin_list>
<bind>
<StgValue><ssdm name=""/></StgValue>
</bind>
</comp>

<comp id="210" class="1001" name="const_210">
<pin_list>
<pin id="211" dir="1" index="0" bw="1" slack="0"/>
</pin_list>
<bind>
<StgValue><ssdm name="shift_line_buffer<array<ap_fixed<20, 10, 5, 3, 0>, 12u>, config5>"/></StgValue>
</bind>
</comp>

<comp id="212" class="1001" name="const_212">
<pin_list>
<pin id="213" dir="1" index="0" bw="1" slack="0"/>
</pin_list>
<bind>
<StgValue><ssdm name=""/></StgValue>
</bind>
</comp>

<comp id="214" class="1001" name="const_214">
<pin_list>
<pin id="215" dir="1" index="0" bw="1" slack="0"/>
</pin_list>
<bind>
<StgValue><ssdm name="_ssdm_op_BitConcatenate.i240.i20.i20.i20.i20.i20.i20.i20.i20.i20.i20.i20.i20"/></StgValue>
</bind>
</comp>

<comp id="216" class="1001" name="const_216">
<pin_list>
<pin id="217" dir="1" index="0" bw="1" slack="0"/>
</pin_list>
<bind>
<StgValue><ssdm name="_ssdm_op_Write.ap_fifo.volatile.i240P0A"/></StgValue>
</bind>
</comp>

<comp id="218" class="1004" name="indvar_flatten2_fu_218">
<pin_list>
<pin id="219" dir="0" index="0" bw="1" slack="0"/>
<pin id="220" dir="1" index="1" bw="10" slack="0"/>
</pin_list>
<bind>
<opcode="alloca(26) " fcode="alloca"/>
<opset="indvar_flatten2/1 "/>
</bind>
</comp>

<comp id="222" class="1004" name="layer4_out_read_read_fu_222">
<pin_list>
<pin id="223" dir="0" index="0" bw="240" slack="0"/>
<pin id="224" dir="0" index="1" bw="240" slack="0"/>
<pin id="225" dir="1" index="2" bw="240" slack="0"/>
</pin_list>
<bind>
<opcode="read(1150) " fcode="read"/>
<opset="layer4_out_read/2 "/>
</bind>
</comp>

<comp id="228" class="1004" name="write_ln72_write_fu_228">
<pin_list>
<pin id="229" dir="0" index="0" bw="0" slack="0"/>
<pin id="230" dir="0" index="1" bw="240" slack="0"/>
<pin id="231" dir="0" index="2" bw="240" slack="0"/>
<pin id="232" dir="1" index="3" bw="0" slack="2147483647"/>
</pin_list>
<bind>
<opcode="write(1151) " fcode="write"/>
<opset="write_ln72/3 "/>
</bind>
</comp>

<comp id="235" class="1005" name="storemerge_reg_235">
<pin_list>
<pin id="236" dir="0" index="0" bw="32" slack="1"/>
<pin id="237" dir="1" index="1" bw="32" slack="1"/>
</pin_list>
<bind>
<opset="storemerge (phireg) "/>
</bind>
</comp>

<comp id="239" class="1004" name="storemerge_phi_fu_239">
<pin_list>
<pin id="240" dir="0" index="0" bw="32" slack="1"/>
<pin id="241" dir="0" index="1" bw="0" slack="2147483647"/>
<pin id="242" dir="0" index="2" bw="1" slack="1"/>
<pin id="243" dir="0" index="3" bw="0" slack="2147483647"/>
<pin id="244" dir="1" index="4" bw="32" slack="0"/>
</pin_list>
<bind>
<opcode="phi(47) " fcode="phi"/>
<opset="storemerge/2 "/>
</bind>
</comp>

<comp id="246" class="1004" name="call_ln52_shift_line_buffer_array_ap_fixed_20_10_5_3_0_12u_config5_s_fu_246">
<pin_list>
<pin id="247" dir="0" index="0" bw="0" slack="0"/>
<pin id="248" dir="0" index="1" bw="20" slack="0"/>
<pin id="249" dir="0" index="2" bw="20" slack="0"/>
<pin id="250" dir="0" index="3" bw="20" slack="0"/>
<pin id="251" dir="0" index="4" bw="20" slack="0"/>
<pin id="252" dir="0" index="5" bw="20" slack="0"/>
<pin id="253" dir="0" index="6" bw="20" slack="0"/>
<pin id="254" dir="0" index="7" bw="20" slack="0"/>
<pin id="255" dir="0" index="8" bw="20" slack="0"/>
<pin id="256" dir="0" index="9" bw="20" slack="0"/>
<pin id="257" dir="0" index="10" bw="20" slack="0"/>
<pin id="258" dir="0" index="11" bw="20" slack="0"/>
<pin id="259" dir="0" index="12" bw="20" slack="0"/>
<pin id="260" dir="0" index="13" bw="20" slack="0"/>
<pin id="261" dir="0" index="14" bw="20" slack="0"/>
<pin id="262" dir="0" index="15" bw="20" slack="0"/>
<pin id="263" dir="0" index="16" bw="20" slack="0"/>
<pin id="264" dir="0" index="17" bw="20" slack="0"/>
<pin id="265" dir="0" index="18" bw="20" slack="0"/>
<pin id="266" dir="0" index="19" bw="20" slack="0"/>
<pin id="267" dir="0" index="20" bw="20" slack="0"/>
<pin id="268" dir="0" index="21" bw="20" slack="0"/>
<pin id="269" dir="0" index="22" bw="20" slack="0"/>
<pin id="270" dir="0" index="23" bw="20" slack="0"/>
<pin id="271" dir="0" index="24" bw="20" slack="0"/>
<pin id="272" dir="0" index="25" bw="20" slack="0"/>
<pin id="273" dir="0" index="26" bw="20" slack="0"/>
<pin id="274" dir="0" index="27" bw="20" slack="0"/>
<pin id="275" dir="0" index="28" bw="20" slack="0"/>
<pin id="276" dir="0" index="29" bw="20" slack="0"/>
<pin id="277" dir="0" index="30" bw="20" slack="0"/>
<pin id="278" dir="0" index="31" bw="20" slack="0"/>
<pin id="279" dir="0" index="32" bw="20" slack="0"/>
<pin id="280" dir="0" index="33" bw="20" slack="0"/>
<pin id="281" dir="0" index="34" bw="20" slack="0"/>
<pin id="282" dir="0" index="35" bw="20" slack="0"/>
<pin id="283" dir="0" index="36" bw="20" slack="0"/>
<pin id="284" dir="0" index="37" bw="20" slack="0"/>
<pin id="285" dir="0" index="38" bw="20" slack="0"/>
<pin id="286" dir="0" index="39" bw="20" slack="0"/>
<pin id="287" dir="0" index="40" bw="20" slack="0"/>
<pin id="288" dir="0" index="41" bw="20" slack="0"/>
<pin id="289" dir="0" index="42" bw="20" slack="0"/>
<pin id="290" dir="0" index="43" bw="20" slack="0"/>
<pin id="291" dir="0" index="44" bw="20" slack="0"/>
<pin id="292" dir="0" index="45" bw="20" slack="0"/>
<pin id="293" dir="0" index="46" bw="20" slack="0"/>
<pin id="294" dir="0" index="47" bw="20" slack="0"/>
<pin id="295" dir="0" index="48" bw="20" slack="0"/>
<pin id="296" dir="0" index="49" bw="20" slack="0"/>
<pin id="297" dir="0" index="50" bw="20" slack="0"/>
<pin id="298" dir="0" index="51" bw="20" slack="0"/>
<pin id="299" dir="0" index="52" bw="20" slack="0"/>
<pin id="300" dir="0" index="53" bw="20" slack="0"/>
<pin id="301" dir="0" index="54" bw="20" slack="0"/>
<pin id="302" dir="0" index="55" bw="20" slack="0"/>
<pin id="303" dir="0" index="56" bw="20" slack="0"/>
<pin id="304" dir="0" index="57" bw="20" slack="0"/>
<pin id="305" dir="0" index="58" bw="20" slack="0"/>
<pin id="306" dir="0" index="59" bw="20" slack="0"/>
<pin id="307" dir="0" index="60" bw="20" slack="0"/>
<pin id="308" dir="0" index="61" bw="20" slack="0"/>
<pin id="309" dir="0" index="62" bw="20" slack="0"/>
<pin id="310" dir="0" index="63" bw="20" slack="0"/>
<pin id="311" dir="0" index="64" bw="20" slack="0"/>
<pin id="312" dir="0" index="65" bw="20" slack="0"/>
<pin id="313" dir="0" index="66" bw="20" slack="0"/>
<pin id="314" dir="0" index="67" bw="20" slack="0"/>
<pin id="315" dir="0" index="68" bw="20" slack="0"/>
<pin id="316" dir="0" index="69" bw="20" slack="0"/>
<pin id="317" dir="0" index="70" bw="20" slack="0"/>
<pin id="318" dir="0" index="71" bw="20" slack="0"/>
<pin id="319" dir="0" index="72" bw="20" slack="0"/>
<pin id="320" dir="1" index="73" bw="0" slack="2147483647"/>
</pin_list>
<bind>
<opcode="call(48) " fcode="call"/>
<opset="call_ln52/2 "/>
</bind>
</comp>

<comp id="382" class="1004" name="store_ln0_store_fu_382">
<pin_list>
<pin id="383" dir="0" index="0" bw="1" slack="0"/>
<pin id="384" dir="0" index="1" bw="10" slack="0"/>
<pin id="385" dir="1" index="2" bw="0" slack="2147483647"/>
</pin_list>
<bind>
<opcode="store(28) " fcode="store"/>
<opset="store_ln0/1 "/>
</bind>
</comp>

<comp id="387" class="1004" name="indvar_flatten2_load_load_fu_387">
<pin_list>
<pin id="388" dir="0" index="0" bw="10" slack="0"/>
<pin id="389" dir="1" index="1" bw="10" slack="0"/>
</pin_list>
<bind>
<opcode="load(27) " fcode="load"/>
<opset="indvar_flatten2_load/1 "/>
</bind>
</comp>

<comp id="390" class="1004" name="sX_1_load_load_fu_390">
<pin_list>
<pin id="391" dir="0" index="0" bw="32" slack="0"/>
<pin id="392" dir="1" index="1" bw="32" slack="0"/>
</pin_list>
<bind>
<opcode="load(27) " fcode="load"/>
<opset="sX_1_load/1 "/>
</bind>
</comp>

<comp id="394" class="1004" name="icmp_ln55_fu_394">
<pin_list>
<pin id="395" dir="0" index="0" bw="32" slack="0"/>
<pin id="396" dir="0" index="1" bw="1" slack="0"/>
<pin id="397" dir="1" index="2" bw="1" slack="0"/>
</pin_list>
<bind>
<opcode="icmp(45) " fcode="icmp"/>
<opset="icmp_ln55/1 "/>
</bind>
</comp>

<comp id="400" class="1004" name="pX_1_load_load_fu_400">
<pin_list>
<pin id="401" dir="0" index="0" bw="32" slack="0"/>
<pin id="402" dir="1" index="1" bw="32" slack="0"/>
</pin_list>
<bind>
<opcode="load(27) " fcode="load"/>
<opset="pX_1_load/1 "/>
</bind>
</comp>

<comp id="404" class="1004" name="add_ln109_fu_404">
<pin_list>
<pin id="405" dir="0" index="0" bw="10" slack="0"/>
<pin id="406" dir="0" index="1" bw="1" slack="0"/>
<pin id="407" dir="1" index="2" bw="10" slack="0"/>
</pin_list>
<bind>
<opcode="add(8) " fcode="add"/>
<opset="add_ln109/1 "/>
</bind>
</comp>

<comp id="410" class="1004" name="sY_1_load_load_fu_410">
<pin_list>
<pin id="411" dir="0" index="0" bw="32" slack="0"/>
<pin id="412" dir="1" index="1" bw="32" slack="0"/>
</pin_list>
<bind>
<opcode="load(27) " fcode="load"/>
<opset="sY_1_load/1 "/>
</bind>
</comp>

<comp id="414" class="1004" name="icmp_ln55_4_fu_414">
<pin_list>
<pin id="415" dir="0" index="0" bw="32" slack="0"/>
<pin id="416" dir="0" index="1" bw="1" slack="0"/>
<pin id="417" dir="1" index="2" bw="1" slack="0"/>
</pin_list>
<bind>
<opcode="icmp(45) " fcode="icmp"/>
<opset="icmp_ln55_4/1 "/>
</bind>
</comp>

<comp id="420" class="1004" name="pY_1_load_load_fu_420">
<pin_list>
<pin id="421" dir="0" index="0" bw="32" slack="0"/>
<pin id="422" dir="1" index="1" bw="32" slack="0"/>
</pin_list>
<bind>
<opcode="load(27) " fcode="load"/>
<opset="pY_1_load/1 "/>
</bind>
</comp>

<comp id="424" class="1004" name="icmp_ln55_5_fu_424">
<pin_list>
<pin id="425" dir="0" index="0" bw="32" slack="0"/>
<pin id="426" dir="0" index="1" bw="1" slack="0"/>
<pin id="427" dir="1" index="2" bw="1" slack="0"/>
</pin_list>
<bind>
<opcode="icmp(45) " fcode="icmp"/>
<opset="icmp_ln55_5/1 "/>
</bind>
</comp>

<comp id="430" class="1004" name="icmp_ln55_6_fu_430">
<pin_list>
<pin id="431" dir="0" index="0" bw="32" slack="0"/>
<pin id="432" dir="0" index="1" bw="1" slack="0"/>
<pin id="433" dir="1" index="2" bw="1" slack="0"/>
</pin_list>
<bind>
<opcode="icmp(45) " fcode="icmp"/>
<opset="icmp_ln55_6/1 "/>
</bind>
</comp>

<comp id="436" class="1004" name="and_ln55_fu_436">
<pin_list>
<pin id="437" dir="0" index="0" bw="1" slack="0"/>
<pin id="438" dir="0" index="1" bw="1" slack="0"/>
<pin id="439" dir="1" index="2" bw="1" slack="0"/>
</pin_list>
<bind>
<opcode="and(23) " fcode="and"/>
<opset="and_ln55/1 "/>
</bind>
</comp>

<comp id="442" class="1004" name="and_ln55_2_fu_442">
<pin_list>
<pin id="443" dir="0" index="0" bw="1" slack="0"/>
<pin id="444" dir="0" index="1" bw="1" slack="0"/>
<pin id="445" dir="1" index="2" bw="1" slack="2"/>
</pin_list>
<bind>
<opcode="and(23) " fcode="and"/>
<opset="and_ln55_2/1 "/>
</bind>
</comp>

<comp id="448" class="1004" name="add_ln76_fu_448">
<pin_list>
<pin id="449" dir="0" index="0" bw="32" slack="0"/>
<pin id="450" dir="0" index="1" bw="1" slack="0"/>
<pin id="451" dir="1" index="2" bw="32" slack="0"/>
</pin_list>
<bind>
<opcode="add(8) " fcode="add"/>
<opset="add_ln76/1 "/>
</bind>
</comp>

<comp id="454" class="1004" name="icmp_ln76_fu_454">
<pin_list>
<pin id="455" dir="0" index="0" bw="32" slack="0"/>
<pin id="456" dir="0" index="1" bw="7" slack="0"/>
<pin id="457" dir="1" index="2" bw="1" slack="1"/>
</pin_list>
<bind>
<opcode="icmp(45) " fcode="icmp"/>
<opset="icmp_ln76/1 "/>
</bind>
</comp>

<comp id="460" class="1004" name="store_ln89_store_fu_460">
<pin_list>
<pin id="461" dir="0" index="0" bw="32" slack="0"/>
<pin id="462" dir="0" index="1" bw="32" slack="0"/>
<pin id="463" dir="1" index="2" bw="0" slack="2147483647"/>
</pin_list>
<bind>
<opcode="store(28) " fcode="store"/>
<opset="store_ln89/1 "/>
</bind>
</comp>

<comp id="466" class="1004" name="add_ln91_fu_466">
<pin_list>
<pin id="467" dir="0" index="0" bw="32" slack="0"/>
<pin id="468" dir="0" index="1" bw="1" slack="0"/>
<pin id="469" dir="1" index="2" bw="32" slack="0"/>
</pin_list>
<bind>
<opcode="add(8) " fcode="add"/>
<opset="add_ln91/1 "/>
</bind>
</comp>

<comp id="472" class="1004" name="select_ln91_fu_472">
<pin_list>
<pin id="473" dir="0" index="0" bw="1" slack="0"/>
<pin id="474" dir="0" index="1" bw="1" slack="0"/>
<pin id="475" dir="0" index="2" bw="32" slack="0"/>
<pin id="476" dir="1" index="3" bw="32" slack="0"/>
</pin_list>
<bind>
<opcode="select(49) " fcode="select"/>
<opset="select_ln91/1 "/>
</bind>
</comp>

<comp id="480" class="1004" name="store_ln91_store_fu_480">
<pin_list>
<pin id="481" dir="0" index="0" bw="32" slack="0"/>
<pin id="482" dir="0" index="1" bw="32" slack="0"/>
<pin id="483" dir="1" index="2" bw="0" slack="2147483647"/>
</pin_list>
<bind>
<opcode="store(28) " fcode="store"/>
<opset="store_ln91/1 "/>
</bind>
</comp>

<comp id="486" class="1004" name="store_ln78_store_fu_486">
<pin_list>
<pin id="487" dir="0" index="0" bw="1" slack="0"/>
<pin id="488" dir="0" index="1" bw="32" slack="0"/>
<pin id="489" dir="1" index="2" bw="0" slack="2147483647"/>
</pin_list>
<bind>
<opcode="store(28) " fcode="store"/>
<opset="store_ln78/1 "/>
</bind>
</comp>

<comp id="492" class="1004" name="store_ln79_store_fu_492">
<pin_list>
<pin id="493" dir="0" index="0" bw="1" slack="0"/>
<pin id="494" dir="0" index="1" bw="32" slack="0"/>
<pin id="495" dir="1" index="2" bw="0" slack="2147483647"/>
</pin_list>
<bind>
<opcode="store(28) " fcode="store"/>
<opset="store_ln79/1 "/>
</bind>
</comp>

<comp id="498" class="1004" name="pY_1_load_1_load_fu_498">
<pin_list>
<pin id="499" dir="0" index="0" bw="32" slack="0"/>
<pin id="500" dir="1" index="1" bw="32" slack="0"/>
</pin_list>
<bind>
<opcode="load(27) " fcode="load"/>
<opset="pY_1_load_1/1 "/>
</bind>
</comp>

<comp id="502" class="1004" name="add_ln80_fu_502">
<pin_list>
<pin id="503" dir="0" index="0" bw="32" slack="0"/>
<pin id="504" dir="0" index="1" bw="1" slack="0"/>
<pin id="505" dir="1" index="2" bw="32" slack="0"/>
</pin_list>
<bind>
<opcode="add(8) " fcode="add"/>
<opset="add_ln80/1 "/>
</bind>
</comp>

<comp id="508" class="1004" name="icmp_ln80_fu_508">
<pin_list>
<pin id="509" dir="0" index="0" bw="32" slack="0"/>
<pin id="510" dir="0" index="1" bw="6" slack="0"/>
<pin id="511" dir="1" index="2" bw="1" slack="1"/>
</pin_list>
<bind>
<opcode="icmp(45) " fcode="icmp"/>
<opset="icmp_ln80/1 "/>
</bind>
</comp>

<comp id="514" class="1004" name="store_ln84_store_fu_514">
<pin_list>
<pin id="515" dir="0" index="0" bw="32" slack="0"/>
<pin id="516" dir="0" index="1" bw="32" slack="0"/>
<pin id="517" dir="1" index="2" bw="0" slack="2147483647"/>
</pin_list>
<bind>
<opcode="store(28) " fcode="store"/>
<opset="store_ln84/1 "/>
</bind>
</comp>

<comp id="520" class="1004" name="sY_1_load_1_load_fu_520">
<pin_list>
<pin id="521" dir="0" index="0" bw="32" slack="0"/>
<pin id="522" dir="1" index="1" bw="32" slack="0"/>
</pin_list>
<bind>
<opcode="load(27) " fcode="load"/>
<opset="sY_1_load_1/1 "/>
</bind>
</comp>

<comp id="524" class="1004" name="icmp_ln86_fu_524">
<pin_list>
<pin id="525" dir="0" index="0" bw="32" slack="0"/>
<pin id="526" dir="0" index="1" bw="1" slack="0"/>
<pin id="527" dir="1" index="2" bw="1" slack="0"/>
</pin_list>
<bind>
<opcode="icmp(45) " fcode="icmp"/>
<opset="icmp_ln86/1 "/>
</bind>
</comp>

<comp id="530" class="1004" name="add_ln86_fu_530">
<pin_list>
<pin id="531" dir="0" index="0" bw="32" slack="0"/>
<pin id="532" dir="0" index="1" bw="1" slack="0"/>
<pin id="533" dir="1" index="2" bw="32" slack="0"/>
</pin_list>
<bind>
<opcode="add(8) " fcode="add"/>
<opset="add_ln86/1 "/>
</bind>
</comp>

<comp id="536" class="1004" name="select_ln86_fu_536">
<pin_list>
<pin id="537" dir="0" index="0" bw="1" slack="0"/>
<pin id="538" dir="0" index="1" bw="1" slack="0"/>
<pin id="539" dir="0" index="2" bw="32" slack="0"/>
<pin id="540" dir="1" index="3" bw="32" slack="1"/>
</pin_list>
<bind>
<opcode="select(49) " fcode="select"/>
<opset="select_ln86/1 "/>
</bind>
</comp>

<comp id="544" class="1004" name="store_ln81_store_fu_544">
<pin_list>
<pin id="545" dir="0" index="0" bw="1" slack="0"/>
<pin id="546" dir="0" index="1" bw="32" slack="0"/>
<pin id="547" dir="1" index="2" bw="0" slack="2147483647"/>
</pin_list>
<bind>
<opcode="store(28) " fcode="store"/>
<opset="store_ln81/1 "/>
</bind>
</comp>

<comp id="550" class="1004" name="icmp_ln109_fu_550">
<pin_list>
<pin id="551" dir="0" index="0" bw="10" slack="0"/>
<pin id="552" dir="0" index="1" bw="4" slack="0"/>
<pin id="553" dir="1" index="2" bw="1" slack="2"/>
</pin_list>
<bind>
<opcode="icmp(45) " fcode="icmp"/>
<opset="icmp_ln109/1 "/>
</bind>
</comp>

<comp id="556" class="1004" name="store_ln109_store_fu_556">
<pin_list>
<pin id="557" dir="0" index="0" bw="10" slack="0"/>
<pin id="558" dir="0" index="1" bw="10" slack="0"/>
<pin id="559" dir="1" index="2" bw="0" slack="2147483647"/>
</pin_list>
<bind>
<opcode="store(28) " fcode="store"/>
<opset="store_ln109/1 "/>
</bind>
</comp>

<comp id="561" class="1004" name="trunc_ln115_fu_561">
<pin_list>
<pin id="562" dir="0" index="0" bw="240" slack="0"/>
<pin id="563" dir="1" index="1" bw="20" slack="0"/>
</pin_list>
<bind>
<opcode="trunc(33) " fcode="trunc"/>
<opset="trunc_ln115/2 "/>
</bind>
</comp>

<comp id="566" class="1004" name="trunc_ln115_s_fu_566">
<pin_list>
<pin id="567" dir="0" index="0" bw="20" slack="0"/>
<pin id="568" dir="0" index="1" bw="240" slack="0"/>
<pin id="569" dir="0" index="2" bw="6" slack="0"/>
<pin id="570" dir="0" index="3" bw="7" slack="0"/>
<pin id="571" dir="1" index="4" bw="20" slack="0"/>
</pin_list>
<bind>
<opcode="partselect(1002) " fcode="partselect"/>
<opset="trunc_ln115_s/2 "/>
</bind>
</comp>

<comp id="577" class="1004" name="trunc_ln115_17_fu_577">
<pin_list>
<pin id="578" dir="0" index="0" bw="20" slack="0"/>
<pin id="579" dir="0" index="1" bw="240" slack="0"/>
<pin id="580" dir="0" index="2" bw="7" slack="0"/>
<pin id="581" dir="0" index="3" bw="7" slack="0"/>
<pin id="582" dir="1" index="4" bw="20" slack="0"/>
</pin_list>
<bind>
<opcode="partselect(1002) " fcode="partselect"/>
<opset="trunc_ln115_17/2 "/>
</bind>
</comp>

<comp id="588" class="1004" name="trunc_ln115_18_fu_588">
<pin_list>
<pin id="589" dir="0" index="0" bw="20" slack="0"/>
<pin id="590" dir="0" index="1" bw="240" slack="0"/>
<pin id="591" dir="0" index="2" bw="7" slack="0"/>
<pin id="592" dir="0" index="3" bw="8" slack="0"/>
<pin id="593" dir="1" index="4" bw="20" slack="0"/>
</pin_list>
<bind>
<opcode="partselect(1002) " fcode="partselect"/>
<opset="trunc_ln115_18/2 "/>
</bind>
</comp>

<comp id="599" class="1004" name="trunc_ln115_19_fu_599">
<pin_list>
<pin id="600" dir="0" index="0" bw="20" slack="0"/>
<pin id="601" dir="0" index="1" bw="240" slack="0"/>
<pin id="602" dir="0" index="2" bw="8" slack="0"/>
<pin id="603" dir="0" index="3" bw="8" slack="0"/>
<pin id="604" dir="1" index="4" bw="20" slack="0"/>
</pin_list>
<bind>
<opcode="partselect(1002) " fcode="partselect"/>
<opset="trunc_ln115_19/2 "/>
</bind>
</comp>

<comp id="610" class="1004" name="trunc_ln115_20_fu_610">
<pin_list>
<pin id="611" dir="0" index="0" bw="20" slack="0"/>
<pin id="612" dir="0" index="1" bw="240" slack="0"/>
<pin id="613" dir="0" index="2" bw="8" slack="0"/>
<pin id="614" dir="0" index="3" bw="8" slack="0"/>
<pin id="615" dir="1" index="4" bw="20" slack="0"/>
</pin_list>
<bind>
<opcode="partselect(1002) " fcode="partselect"/>
<opset="trunc_ln115_20/2 "/>
</bind>
</comp>

<comp id="621" class="1004" name="trunc_ln115_21_fu_621">
<pin_list>
<pin id="622" dir="0" index="0" bw="20" slack="0"/>
<pin id="623" dir="0" index="1" bw="240" slack="0"/>
<pin id="624" dir="0" index="2" bw="8" slack="0"/>
<pin id="625" dir="0" index="3" bw="9" slack="0"/>
<pin id="626" dir="1" index="4" bw="20" slack="0"/>
</pin_list>
<bind>
<opcode="partselect(1002) " fcode="partselect"/>
<opset="trunc_ln115_21/2 "/>
</bind>
</comp>

<comp id="632" class="1004" name="trunc_ln115_22_fu_632">
<pin_list>
<pin id="633" dir="0" index="0" bw="20" slack="0"/>
<pin id="634" dir="0" index="1" bw="240" slack="0"/>
<pin id="635" dir="0" index="2" bw="9" slack="0"/>
<pin id="636" dir="0" index="3" bw="9" slack="0"/>
<pin id="637" dir="1" index="4" bw="20" slack="0"/>
</pin_list>
<bind>
<opcode="partselect(1002) " fcode="partselect"/>
<opset="trunc_ln115_22/2 "/>
</bind>
</comp>

<comp id="643" class="1004" name="trunc_ln115_23_fu_643">
<pin_list>
<pin id="644" dir="0" index="0" bw="20" slack="0"/>
<pin id="645" dir="0" index="1" bw="240" slack="0"/>
<pin id="646" dir="0" index="2" bw="9" slack="0"/>
<pin id="647" dir="0" index="3" bw="9" slack="0"/>
<pin id="648" dir="1" index="4" bw="20" slack="0"/>
</pin_list>
<bind>
<opcode="partselect(1002) " fcode="partselect"/>
<opset="trunc_ln115_23/2 "/>
</bind>
</comp>

<comp id="654" class="1004" name="trunc_ln115_24_fu_654">
<pin_list>
<pin id="655" dir="0" index="0" bw="20" slack="0"/>
<pin id="656" dir="0" index="1" bw="240" slack="0"/>
<pin id="657" dir="0" index="2" bw="9" slack="0"/>
<pin id="658" dir="0" index="3" bw="9" slack="0"/>
<pin id="659" dir="1" index="4" bw="20" slack="0"/>
</pin_list>
<bind>
<opcode="partselect(1002) " fcode="partselect"/>
<opset="trunc_ln115_24/2 "/>
</bind>
</comp>

<comp id="665" class="1004" name="trunc_ln115_25_fu_665">
<pin_list>
<pin id="666" dir="0" index="0" bw="20" slack="0"/>
<pin id="667" dir="0" index="1" bw="240" slack="0"/>
<pin id="668" dir="0" index="2" bw="9" slack="0"/>
<pin id="669" dir="0" index="3" bw="9" slack="0"/>
<pin id="670" dir="1" index="4" bw="20" slack="0"/>
</pin_list>
<bind>
<opcode="partselect(1002) " fcode="partselect"/>
<opset="trunc_ln115_25/2 "/>
</bind>
</comp>

<comp id="676" class="1004" name="trunc_ln115_26_fu_676">
<pin_list>
<pin id="677" dir="0" index="0" bw="20" slack="0"/>
<pin id="678" dir="0" index="1" bw="240" slack="0"/>
<pin id="679" dir="0" index="2" bw="9" slack="0"/>
<pin id="680" dir="0" index="3" bw="9" slack="0"/>
<pin id="681" dir="1" index="4" bw="20" slack="0"/>
</pin_list>
<bind>
<opcode="partselect(1002) " fcode="partselect"/>
<opset="trunc_ln115_26/2 "/>
</bind>
</comp>

<comp id="687" class="1004" name="store_ln82_store_fu_687">
<pin_list>
<pin id="688" dir="0" index="0" bw="32" slack="0"/>
<pin id="689" dir="0" index="1" bw="32" slack="0"/>
<pin id="690" dir="1" index="2" bw="0" slack="2147483647"/>
</pin_list>
<bind>
<opcode="store(28) " fcode="store"/>
<opset="store_ln82/2 "/>
</bind>
</comp>

<comp id="693" class="1004" name="void_compute_pool_buffer_2d_array_const_ap_shift_reg_n_filt_stream_kernel_30_load_fu_693">
<pin_list>
<pin id="694" dir="0" index="0" bw="20" slack="0"/>
<pin id="695" dir="1" index="1" bw="20" slack="0"/>
</pin_list>
<bind>
<opcode="load(27) " fcode="load"/>
<opset="void_compute_pool_buffer_2d_array_const_ap_shift_reg_n_filt_stream_kernel_30/3 "/>
</bind>
</comp>

<comp id="697" class="1004" name="p_ZZN4nnet22compute_pool_buffer_2dINS_5arrayI8ap_fixedILi20ELi10EL9ap_q_mode5EL9a_653_load_fu_697">
<pin_list>
<pin id="698" dir="0" index="0" bw="20" slack="0"/>
<pin id="699" dir="1" index="1" bw="20" slack="0"/>
</pin_list>
<bind>
<opcode="load(27) " fcode="load"/>
<opset="p_ZZN4nnet22compute_pool_buffer_2dINS_5arrayI8ap_fixedILi20ELi10EL9ap_q_mode5EL9a_653/3 "/>
</bind>
</comp>

<comp id="701" class="1004" name="p_ZZN4nnet22compute_pool_buffer_2dINS_5arrayI8ap_fixedILi20ELi10EL9ap_q_mode5EL9a_654_load_fu_701">
<pin_list>
<pin id="702" dir="0" index="0" bw="20" slack="0"/>
<pin id="703" dir="1" index="1" bw="20" slack="0"/>
</pin_list>
<bind>
<opcode="load(27) " fcode="load"/>
<opset="p_ZZN4nnet22compute_pool_buffer_2dINS_5arrayI8ap_fixedILi20ELi10EL9ap_q_mode5EL9a_654/3 "/>
</bind>
</comp>

<comp id="705" class="1004" name="p_ZZN4nnet22compute_pool_buffer_2dINS_5arrayI8ap_fixedILi20ELi10EL9ap_q_mode5EL9a_655_load_fu_705">
<pin_list>
<pin id="706" dir="0" index="0" bw="20" slack="0"/>
<pin id="707" dir="1" index="1" bw="20" slack="0"/>
</pin_list>
<bind>
<opcode="load(27) " fcode="load"/>
<opset="p_ZZN4nnet22compute_pool_buffer_2dINS_5arrayI8ap_fixedILi20ELi10EL9ap_q_mode5EL9a_655/3 "/>
</bind>
</comp>

<comp id="709" class="1004" name="icmp_ln66_fu_709">
<pin_list>
<pin id="710" dir="0" index="0" bw="20" slack="0"/>
<pin id="711" dir="0" index="1" bw="20" slack="0"/>
<pin id="712" dir="1" index="2" bw="1" slack="0"/>
</pin_list>
<bind>
<opcode="icmp(45) " fcode="icmp"/>
<opset="icmp_ln66/3 "/>
</bind>
</comp>

<comp id="715" class="1004" name="xor_ln66_fu_715">
<pin_list>
<pin id="716" dir="0" index="0" bw="1" slack="0"/>
<pin id="717" dir="0" index="1" bw="1" slack="0"/>
<pin id="718" dir="1" index="2" bw="1" slack="0"/>
</pin_list>
<bind>
<opcode="xor(25) " fcode="xor"/>
<opset="xor_ln66/3 "/>
</bind>
</comp>

<comp id="721" class="1004" name="select_ln0_fu_721">
<pin_list>
<pin id="722" dir="0" index="0" bw="1" slack="0"/>
<pin id="723" dir="0" index="1" bw="20" slack="0"/>
<pin id="724" dir="0" index="2" bw="20" slack="0"/>
<pin id="725" dir="1" index="3" bw="20" slack="0"/>
</pin_list>
<bind>
<opcode="select(49) " fcode="select"/>
<opset="select_ln0/3 "/>
</bind>
</comp>

<comp id="729" class="1004" name="icmp_ln66_162_fu_729">
<pin_list>
<pin id="730" dir="0" index="0" bw="20" slack="0"/>
<pin id="731" dir="0" index="1" bw="20" slack="0"/>
<pin id="732" dir="1" index="2" bw="1" slack="0"/>
</pin_list>
<bind>
<opcode="icmp(45) " fcode="icmp"/>
<opset="icmp_ln66_162/3 "/>
</bind>
</comp>

<comp id="735" class="1004" name="xor_ln66_162_fu_735">
<pin_list>
<pin id="736" dir="0" index="0" bw="1" slack="0"/>
<pin id="737" dir="0" index="1" bw="1" slack="0"/>
<pin id="738" dir="1" index="2" bw="1" slack="0"/>
</pin_list>
<bind>
<opcode="xor(25) " fcode="xor"/>
<opset="xor_ln66_162/3 "/>
</bind>
</comp>

<comp id="741" class="1004" name="select_ln0_144_fu_741">
<pin_list>
<pin id="742" dir="0" index="0" bw="1" slack="0"/>
<pin id="743" dir="0" index="1" bw="20" slack="0"/>
<pin id="744" dir="0" index="2" bw="20" slack="0"/>
<pin id="745" dir="1" index="3" bw="20" slack="0"/>
</pin_list>
<bind>
<opcode="select(49) " fcode="select"/>
<opset="select_ln0_144/3 "/>
</bind>
</comp>

<comp id="749" class="1004" name="icmp_ln66_163_fu_749">
<pin_list>
<pin id="750" dir="0" index="0" bw="20" slack="0"/>
<pin id="751" dir="0" index="1" bw="20" slack="0"/>
<pin id="752" dir="1" index="2" bw="1" slack="0"/>
</pin_list>
<bind>
<opcode="icmp(45) " fcode="icmp"/>
<opset="icmp_ln66_163/3 "/>
</bind>
</comp>

<comp id="755" class="1004" name="xor_ln66_163_fu_755">
<pin_list>
<pin id="756" dir="0" index="0" bw="1" slack="0"/>
<pin id="757" dir="0" index="1" bw="1" slack="0"/>
<pin id="758" dir="1" index="2" bw="1" slack="0"/>
</pin_list>
<bind>
<opcode="xor(25) " fcode="xor"/>
<opset="xor_ln66_163/3 "/>
</bind>
</comp>

<comp id="761" class="1004" name="res_pack_fu_761">
<pin_list>
<pin id="762" dir="0" index="0" bw="1" slack="0"/>
<pin id="763" dir="0" index="1" bw="20" slack="0"/>
<pin id="764" dir="0" index="2" bw="20" slack="0"/>
<pin id="765" dir="1" index="3" bw="20" slack="0"/>
</pin_list>
<bind>
<opcode="select(49) " fcode="select"/>
<opset="res_pack/3 "/>
</bind>
</comp>

<comp id="769" class="1004" name="void_compute_pool_buffer_2d_array_const_ap_shift_reg_n_filt_stream_kernel_31_load_fu_769">
<pin_list>
<pin id="770" dir="0" index="0" bw="20" slack="0"/>
<pin id="771" dir="1" index="1" bw="20" slack="0"/>
</pin_list>
<bind>
<opcode="load(27) " fcode="load"/>
<opset="void_compute_pool_buffer_2d_array_const_ap_shift_reg_n_filt_stream_kernel_31/3 "/>
</bind>
</comp>

<comp id="773" class="1004" name="p_ZZN4nnet22compute_pool_buffer_2dINS_5arrayI8ap_fixedILi20ELi10EL9ap_q_mode5EL9a_656_load_fu_773">
<pin_list>
<pin id="774" dir="0" index="0" bw="20" slack="0"/>
<pin id="775" dir="1" index="1" bw="20" slack="0"/>
</pin_list>
<bind>
<opcode="load(27) " fcode="load"/>
<opset="p_ZZN4nnet22compute_pool_buffer_2dINS_5arrayI8ap_fixedILi20ELi10EL9ap_q_mode5EL9a_656/3 "/>
</bind>
</comp>

<comp id="777" class="1004" name="p_ZZN4nnet22compute_pool_buffer_2dINS_5arrayI8ap_fixedILi20ELi10EL9ap_q_mode5EL9a_657_load_fu_777">
<pin_list>
<pin id="778" dir="0" index="0" bw="20" slack="0"/>
<pin id="779" dir="1" index="1" bw="20" slack="0"/>
</pin_list>
<bind>
<opcode="load(27) " fcode="load"/>
<opset="p_ZZN4nnet22compute_pool_buffer_2dINS_5arrayI8ap_fixedILi20ELi10EL9ap_q_mode5EL9a_657/3 "/>
</bind>
</comp>

<comp id="781" class="1004" name="p_ZZN4nnet22compute_pool_buffer_2dINS_5arrayI8ap_fixedILi20ELi10EL9ap_q_mode5EL9a_658_load_fu_781">
<pin_list>
<pin id="782" dir="0" index="0" bw="20" slack="0"/>
<pin id="783" dir="1" index="1" bw="20" slack="0"/>
</pin_list>
<bind>
<opcode="load(27) " fcode="load"/>
<opset="p_ZZN4nnet22compute_pool_buffer_2dINS_5arrayI8ap_fixedILi20ELi10EL9ap_q_mode5EL9a_658/3 "/>
</bind>
</comp>

<comp id="785" class="1004" name="icmp_ln66_164_fu_785">
<pin_list>
<pin id="786" dir="0" index="0" bw="20" slack="0"/>
<pin id="787" dir="0" index="1" bw="20" slack="0"/>
<pin id="788" dir="1" index="2" bw="1" slack="0"/>
</pin_list>
<bind>
<opcode="icmp(45) " fcode="icmp"/>
<opset="icmp_ln66_164/3 "/>
</bind>
</comp>

<comp id="791" class="1004" name="xor_ln66_164_fu_791">
<pin_list>
<pin id="792" dir="0" index="0" bw="1" slack="0"/>
<pin id="793" dir="0" index="1" bw="1" slack="0"/>
<pin id="794" dir="1" index="2" bw="1" slack="0"/>
</pin_list>
<bind>
<opcode="xor(25) " fcode="xor"/>
<opset="xor_ln66_164/3 "/>
</bind>
</comp>

<comp id="797" class="1004" name="select_ln0_145_fu_797">
<pin_list>
<pin id="798" dir="0" index="0" bw="1" slack="0"/>
<pin id="799" dir="0" index="1" bw="20" slack="0"/>
<pin id="800" dir="0" index="2" bw="20" slack="0"/>
<pin id="801" dir="1" index="3" bw="20" slack="0"/>
</pin_list>
<bind>
<opcode="select(49) " fcode="select"/>
<opset="select_ln0_145/3 "/>
</bind>
</comp>

<comp id="805" class="1004" name="icmp_ln66_165_fu_805">
<pin_list>
<pin id="806" dir="0" index="0" bw="20" slack="0"/>
<pin id="807" dir="0" index="1" bw="20" slack="0"/>
<pin id="808" dir="1" index="2" bw="1" slack="0"/>
</pin_list>
<bind>
<opcode="icmp(45) " fcode="icmp"/>
<opset="icmp_ln66_165/3 "/>
</bind>
</comp>

<comp id="811" class="1004" name="xor_ln66_165_fu_811">
<pin_list>
<pin id="812" dir="0" index="0" bw="1" slack="0"/>
<pin id="813" dir="0" index="1" bw="1" slack="0"/>
<pin id="814" dir="1" index="2" bw="1" slack="0"/>
</pin_list>
<bind>
<opcode="xor(25) " fcode="xor"/>
<opset="xor_ln66_165/3 "/>
</bind>
</comp>

<comp id="817" class="1004" name="select_ln0_146_fu_817">
<pin_list>
<pin id="818" dir="0" index="0" bw="1" slack="0"/>
<pin id="819" dir="0" index="1" bw="20" slack="0"/>
<pin id="820" dir="0" index="2" bw="20" slack="0"/>
<pin id="821" dir="1" index="3" bw="20" slack="0"/>
</pin_list>
<bind>
<opcode="select(49) " fcode="select"/>
<opset="select_ln0_146/3 "/>
</bind>
</comp>

<comp id="825" class="1004" name="icmp_ln66_166_fu_825">
<pin_list>
<pin id="826" dir="0" index="0" bw="20" slack="0"/>
<pin id="827" dir="0" index="1" bw="20" slack="0"/>
<pin id="828" dir="1" index="2" bw="1" slack="0"/>
</pin_list>
<bind>
<opcode="icmp(45) " fcode="icmp"/>
<opset="icmp_ln66_166/3 "/>
</bind>
</comp>

<comp id="831" class="1004" name="xor_ln66_166_fu_831">
<pin_list>
<pin id="832" dir="0" index="0" bw="1" slack="0"/>
<pin id="833" dir="0" index="1" bw="1" slack="0"/>
<pin id="834" dir="1" index="2" bw="1" slack="0"/>
</pin_list>
<bind>
<opcode="xor(25) " fcode="xor"/>
<opset="xor_ln66_166/3 "/>
</bind>
</comp>

<comp id="837" class="1004" name="res_pack_18_fu_837">
<pin_list>
<pin id="838" dir="0" index="0" bw="1" slack="0"/>
<pin id="839" dir="0" index="1" bw="20" slack="0"/>
<pin id="840" dir="0" index="2" bw="20" slack="0"/>
<pin id="841" dir="1" index="3" bw="20" slack="0"/>
</pin_list>
<bind>
<opcode="select(49) " fcode="select"/>
<opset="res_pack_18/3 "/>
</bind>
</comp>

<comp id="845" class="1004" name="void_compute_pool_buffer_2d_array_const_ap_shift_reg_n_filt_stream_kernel_32_load_fu_845">
<pin_list>
<pin id="846" dir="0" index="0" bw="20" slack="0"/>
<pin id="847" dir="1" index="1" bw="20" slack="0"/>
</pin_list>
<bind>
<opcode="load(27) " fcode="load"/>
<opset="void_compute_pool_buffer_2d_array_const_ap_shift_reg_n_filt_stream_kernel_32/3 "/>
</bind>
</comp>

<comp id="849" class="1004" name="p_ZZN4nnet22compute_pool_buffer_2dINS_5arrayI8ap_fixedILi20ELi10EL9ap_q_mode5EL9a_659_load_fu_849">
<pin_list>
<pin id="850" dir="0" index="0" bw="20" slack="0"/>
<pin id="851" dir="1" index="1" bw="20" slack="0"/>
</pin_list>
<bind>
<opcode="load(27) " fcode="load"/>
<opset="p_ZZN4nnet22compute_pool_buffer_2dINS_5arrayI8ap_fixedILi20ELi10EL9ap_q_mode5EL9a_659/3 "/>
</bind>
</comp>

<comp id="853" class="1004" name="p_ZZN4nnet22compute_pool_buffer_2dINS_5arrayI8ap_fixedILi20ELi10EL9ap_q_mode5EL9a_660_load_fu_853">
<pin_list>
<pin id="854" dir="0" index="0" bw="20" slack="0"/>
<pin id="855" dir="1" index="1" bw="20" slack="0"/>
</pin_list>
<bind>
<opcode="load(27) " fcode="load"/>
<opset="p_ZZN4nnet22compute_pool_buffer_2dINS_5arrayI8ap_fixedILi20ELi10EL9ap_q_mode5EL9a_660/3 "/>
</bind>
</comp>

<comp id="857" class="1004" name="p_ZZN4nnet22compute_pool_buffer_2dINS_5arrayI8ap_fixedILi20ELi10EL9ap_q_mode5EL9a_661_load_fu_857">
<pin_list>
<pin id="858" dir="0" index="0" bw="20" slack="0"/>
<pin id="859" dir="1" index="1" bw="20" slack="0"/>
</pin_list>
<bind>
<opcode="load(27) " fcode="load"/>
<opset="p_ZZN4nnet22compute_pool_buffer_2dINS_5arrayI8ap_fixedILi20ELi10EL9ap_q_mode5EL9a_661/3 "/>
</bind>
</comp>

<comp id="861" class="1004" name="icmp_ln66_167_fu_861">
<pin_list>
<pin id="862" dir="0" index="0" bw="20" slack="0"/>
<pin id="863" dir="0" index="1" bw="20" slack="0"/>
<pin id="864" dir="1" index="2" bw="1" slack="0"/>
</pin_list>
<bind>
<opcode="icmp(45) " fcode="icmp"/>
<opset="icmp_ln66_167/3 "/>
</bind>
</comp>

<comp id="867" class="1004" name="xor_ln66_167_fu_867">
<pin_list>
<pin id="868" dir="0" index="0" bw="1" slack="0"/>
<pin id="869" dir="0" index="1" bw="1" slack="0"/>
<pin id="870" dir="1" index="2" bw="1" slack="0"/>
</pin_list>
<bind>
<opcode="xor(25) " fcode="xor"/>
<opset="xor_ln66_167/3 "/>
</bind>
</comp>

<comp id="873" class="1004" name="select_ln0_147_fu_873">
<pin_list>
<pin id="874" dir="0" index="0" bw="1" slack="0"/>
<pin id="875" dir="0" index="1" bw="20" slack="0"/>
<pin id="876" dir="0" index="2" bw="20" slack="0"/>
<pin id="877" dir="1" index="3" bw="20" slack="0"/>
</pin_list>
<bind>
<opcode="select(49) " fcode="select"/>
<opset="select_ln0_147/3 "/>
</bind>
</comp>

<comp id="881" class="1004" name="icmp_ln66_168_fu_881">
<pin_list>
<pin id="882" dir="0" index="0" bw="20" slack="0"/>
<pin id="883" dir="0" index="1" bw="20" slack="0"/>
<pin id="884" dir="1" index="2" bw="1" slack="0"/>
</pin_list>
<bind>
<opcode="icmp(45) " fcode="icmp"/>
<opset="icmp_ln66_168/3 "/>
</bind>
</comp>

<comp id="887" class="1004" name="xor_ln66_168_fu_887">
<pin_list>
<pin id="888" dir="0" index="0" bw="1" slack="0"/>
<pin id="889" dir="0" index="1" bw="1" slack="0"/>
<pin id="890" dir="1" index="2" bw="1" slack="0"/>
</pin_list>
<bind>
<opcode="xor(25) " fcode="xor"/>
<opset="xor_ln66_168/3 "/>
</bind>
</comp>

<comp id="893" class="1004" name="select_ln0_148_fu_893">
<pin_list>
<pin id="894" dir="0" index="0" bw="1" slack="0"/>
<pin id="895" dir="0" index="1" bw="20" slack="0"/>
<pin id="896" dir="0" index="2" bw="20" slack="0"/>
<pin id="897" dir="1" index="3" bw="20" slack="0"/>
</pin_list>
<bind>
<opcode="select(49) " fcode="select"/>
<opset="select_ln0_148/3 "/>
</bind>
</comp>

<comp id="901" class="1004" name="icmp_ln66_169_fu_901">
<pin_list>
<pin id="902" dir="0" index="0" bw="20" slack="0"/>
<pin id="903" dir="0" index="1" bw="20" slack="0"/>
<pin id="904" dir="1" index="2" bw="1" slack="0"/>
</pin_list>
<bind>
<opcode="icmp(45) " fcode="icmp"/>
<opset="icmp_ln66_169/3 "/>
</bind>
</comp>

<comp id="907" class="1004" name="xor_ln66_169_fu_907">
<pin_list>
<pin id="908" dir="0" index="0" bw="1" slack="0"/>
<pin id="909" dir="0" index="1" bw="1" slack="0"/>
<pin id="910" dir="1" index="2" bw="1" slack="0"/>
</pin_list>
<bind>
<opcode="xor(25) " fcode="xor"/>
<opset="xor_ln66_169/3 "/>
</bind>
</comp>

<comp id="913" class="1004" name="res_pack_19_fu_913">
<pin_list>
<pin id="914" dir="0" index="0" bw="1" slack="0"/>
<pin id="915" dir="0" index="1" bw="20" slack="0"/>
<pin id="916" dir="0" index="2" bw="20" slack="0"/>
<pin id="917" dir="1" index="3" bw="20" slack="0"/>
</pin_list>
<bind>
<opcode="select(49) " fcode="select"/>
<opset="res_pack_19/3 "/>
</bind>
</comp>

<comp id="921" class="1004" name="void_compute_pool_buffer_2d_array_const_ap_shift_reg_n_filt_stream_kernel_33_load_fu_921">
<pin_list>
<pin id="922" dir="0" index="0" bw="20" slack="0"/>
<pin id="923" dir="1" index="1" bw="20" slack="0"/>
</pin_list>
<bind>
<opcode="load(27) " fcode="load"/>
<opset="void_compute_pool_buffer_2d_array_const_ap_shift_reg_n_filt_stream_kernel_33/3 "/>
</bind>
</comp>

<comp id="925" class="1004" name="p_ZZN4nnet22compute_pool_buffer_2dINS_5arrayI8ap_fixedILi20ELi10EL9ap_q_mode5EL9a_662_load_fu_925">
<pin_list>
<pin id="926" dir="0" index="0" bw="20" slack="0"/>
<pin id="927" dir="1" index="1" bw="20" slack="0"/>
</pin_list>
<bind>
<opcode="load(27) " fcode="load"/>
<opset="p_ZZN4nnet22compute_pool_buffer_2dINS_5arrayI8ap_fixedILi20ELi10EL9ap_q_mode5EL9a_662/3 "/>
</bind>
</comp>

<comp id="929" class="1004" name="p_ZZN4nnet22compute_pool_buffer_2dINS_5arrayI8ap_fixedILi20ELi10EL9ap_q_mode5EL9a_663_load_fu_929">
<pin_list>
<pin id="930" dir="0" index="0" bw="20" slack="0"/>
<pin id="931" dir="1" index="1" bw="20" slack="0"/>
</pin_list>
<bind>
<opcode="load(27) " fcode="load"/>
<opset="p_ZZN4nnet22compute_pool_buffer_2dINS_5arrayI8ap_fixedILi20ELi10EL9ap_q_mode5EL9a_663/3 "/>
</bind>
</comp>

<comp id="933" class="1004" name="p_ZZN4nnet22compute_pool_buffer_2dINS_5arrayI8ap_fixedILi20ELi10EL9ap_q_mode5EL9a_664_load_fu_933">
<pin_list>
<pin id="934" dir="0" index="0" bw="20" slack="0"/>
<pin id="935" dir="1" index="1" bw="20" slack="0"/>
</pin_list>
<bind>
<opcode="load(27) " fcode="load"/>
<opset="p_ZZN4nnet22compute_pool_buffer_2dINS_5arrayI8ap_fixedILi20ELi10EL9ap_q_mode5EL9a_664/3 "/>
</bind>
</comp>

<comp id="937" class="1004" name="icmp_ln66_170_fu_937">
<pin_list>
<pin id="938" dir="0" index="0" bw="20" slack="0"/>
<pin id="939" dir="0" index="1" bw="20" slack="0"/>
<pin id="940" dir="1" index="2" bw="1" slack="0"/>
</pin_list>
<bind>
<opcode="icmp(45) " fcode="icmp"/>
<opset="icmp_ln66_170/3 "/>
</bind>
</comp>

<comp id="943" class="1004" name="xor_ln66_170_fu_943">
<pin_list>
<pin id="944" dir="0" index="0" bw="1" slack="0"/>
<pin id="945" dir="0" index="1" bw="1" slack="0"/>
<pin id="946" dir="1" index="2" bw="1" slack="0"/>
</pin_list>
<bind>
<opcode="xor(25) " fcode="xor"/>
<opset="xor_ln66_170/3 "/>
</bind>
</comp>

<comp id="949" class="1004" name="select_ln0_149_fu_949">
<pin_list>
<pin id="950" dir="0" index="0" bw="1" slack="0"/>
<pin id="951" dir="0" index="1" bw="20" slack="0"/>
<pin id="952" dir="0" index="2" bw="20" slack="0"/>
<pin id="953" dir="1" index="3" bw="20" slack="0"/>
</pin_list>
<bind>
<opcode="select(49) " fcode="select"/>
<opset="select_ln0_149/3 "/>
</bind>
</comp>

<comp id="957" class="1004" name="icmp_ln66_171_fu_957">
<pin_list>
<pin id="958" dir="0" index="0" bw="20" slack="0"/>
<pin id="959" dir="0" index="1" bw="20" slack="0"/>
<pin id="960" dir="1" index="2" bw="1" slack="0"/>
</pin_list>
<bind>
<opcode="icmp(45) " fcode="icmp"/>
<opset="icmp_ln66_171/3 "/>
</bind>
</comp>

<comp id="963" class="1004" name="xor_ln66_171_fu_963">
<pin_list>
<pin id="964" dir="0" index="0" bw="1" slack="0"/>
<pin id="965" dir="0" index="1" bw="1" slack="0"/>
<pin id="966" dir="1" index="2" bw="1" slack="0"/>
</pin_list>
<bind>
<opcode="xor(25) " fcode="xor"/>
<opset="xor_ln66_171/3 "/>
</bind>
</comp>

<comp id="969" class="1004" name="select_ln0_150_fu_969">
<pin_list>
<pin id="970" dir="0" index="0" bw="1" slack="0"/>
<pin id="971" dir="0" index="1" bw="20" slack="0"/>
<pin id="972" dir="0" index="2" bw="20" slack="0"/>
<pin id="973" dir="1" index="3" bw="20" slack="0"/>
</pin_list>
<bind>
<opcode="select(49) " fcode="select"/>
<opset="select_ln0_150/3 "/>
</bind>
</comp>

<comp id="977" class="1004" name="icmp_ln66_172_fu_977">
<pin_list>
<pin id="978" dir="0" index="0" bw="20" slack="0"/>
<pin id="979" dir="0" index="1" bw="20" slack="0"/>
<pin id="980" dir="1" index="2" bw="1" slack="0"/>
</pin_list>
<bind>
<opcode="icmp(45) " fcode="icmp"/>
<opset="icmp_ln66_172/3 "/>
</bind>
</comp>

<comp id="983" class="1004" name="xor_ln66_172_fu_983">
<pin_list>
<pin id="984" dir="0" index="0" bw="1" slack="0"/>
<pin id="985" dir="0" index="1" bw="1" slack="0"/>
<pin id="986" dir="1" index="2" bw="1" slack="0"/>
</pin_list>
<bind>
<opcode="xor(25) " fcode="xor"/>
<opset="xor_ln66_172/3 "/>
</bind>
</comp>

<comp id="989" class="1004" name="res_pack_20_fu_989">
<pin_list>
<pin id="990" dir="0" index="0" bw="1" slack="0"/>
<pin id="991" dir="0" index="1" bw="20" slack="0"/>
<pin id="992" dir="0" index="2" bw="20" slack="0"/>
<pin id="993" dir="1" index="3" bw="20" slack="0"/>
</pin_list>
<bind>
<opcode="select(49) " fcode="select"/>
<opset="res_pack_20/3 "/>
</bind>
</comp>

<comp id="997" class="1004" name="void_compute_pool_buffer_2d_array_const_ap_shift_reg_n_filt_stream_kernel_34_load_fu_997">
<pin_list>
<pin id="998" dir="0" index="0" bw="20" slack="0"/>
<pin id="999" dir="1" index="1" bw="20" slack="0"/>
</pin_list>
<bind>
<opcode="load(27) " fcode="load"/>
<opset="void_compute_pool_buffer_2d_array_const_ap_shift_reg_n_filt_stream_kernel_34/3 "/>
</bind>
</comp>

<comp id="1001" class="1004" name="p_ZZN4nnet22compute_pool_buffer_2dINS_5arrayI8ap_fixedILi20ELi10EL9ap_q_mode5EL9a_665_load_fu_1001">
<pin_list>
<pin id="1002" dir="0" index="0" bw="20" slack="0"/>
<pin id="1003" dir="1" index="1" bw="20" slack="0"/>
</pin_list>
<bind>
<opcode="load(27) " fcode="load"/>
<opset="p_ZZN4nnet22compute_pool_buffer_2dINS_5arrayI8ap_fixedILi20ELi10EL9ap_q_mode5EL9a_665/3 "/>
</bind>
</comp>

<comp id="1005" class="1004" name="p_ZZN4nnet22compute_pool_buffer_2dINS_5arrayI8ap_fixedILi20ELi10EL9ap_q_mode5EL9a_666_load_fu_1005">
<pin_list>
<pin id="1006" dir="0" index="0" bw="20" slack="0"/>
<pin id="1007" dir="1" index="1" bw="20" slack="0"/>
</pin_list>
<bind>
<opcode="load(27) " fcode="load"/>
<opset="p_ZZN4nnet22compute_pool_buffer_2dINS_5arrayI8ap_fixedILi20ELi10EL9ap_q_mode5EL9a_666/3 "/>
</bind>
</comp>

<comp id="1009" class="1004" name="p_ZZN4nnet22compute_pool_buffer_2dINS_5arrayI8ap_fixedILi20ELi10EL9ap_q_mode5EL9a_667_load_fu_1009">
<pin_list>
<pin id="1010" dir="0" index="0" bw="20" slack="0"/>
<pin id="1011" dir="1" index="1" bw="20" slack="0"/>
</pin_list>
<bind>
<opcode="load(27) " fcode="load"/>
<opset="p_ZZN4nnet22compute_pool_buffer_2dINS_5arrayI8ap_fixedILi20ELi10EL9ap_q_mode5EL9a_667/3 "/>
</bind>
</comp>

<comp id="1013" class="1004" name="icmp_ln66_173_fu_1013">
<pin_list>
<pin id="1014" dir="0" index="0" bw="20" slack="0"/>
<pin id="1015" dir="0" index="1" bw="20" slack="0"/>
<pin id="1016" dir="1" index="2" bw="1" slack="0"/>
</pin_list>
<bind>
<opcode="icmp(45) " fcode="icmp"/>
<opset="icmp_ln66_173/3 "/>
</bind>
</comp>

<comp id="1019" class="1004" name="xor_ln66_173_fu_1019">
<pin_list>
<pin id="1020" dir="0" index="0" bw="1" slack="0"/>
<pin id="1021" dir="0" index="1" bw="1" slack="0"/>
<pin id="1022" dir="1" index="2" bw="1" slack="0"/>
</pin_list>
<bind>
<opcode="xor(25) " fcode="xor"/>
<opset="xor_ln66_173/3 "/>
</bind>
</comp>

<comp id="1025" class="1004" name="select_ln0_151_fu_1025">
<pin_list>
<pin id="1026" dir="0" index="0" bw="1" slack="0"/>
<pin id="1027" dir="0" index="1" bw="20" slack="0"/>
<pin id="1028" dir="0" index="2" bw="20" slack="0"/>
<pin id="1029" dir="1" index="3" bw="20" slack="0"/>
</pin_list>
<bind>
<opcode="select(49) " fcode="select"/>
<opset="select_ln0_151/3 "/>
</bind>
</comp>

<comp id="1033" class="1004" name="icmp_ln66_174_fu_1033">
<pin_list>
<pin id="1034" dir="0" index="0" bw="20" slack="0"/>
<pin id="1035" dir="0" index="1" bw="20" slack="0"/>
<pin id="1036" dir="1" index="2" bw="1" slack="0"/>
</pin_list>
<bind>
<opcode="icmp(45) " fcode="icmp"/>
<opset="icmp_ln66_174/3 "/>
</bind>
</comp>

<comp id="1039" class="1004" name="xor_ln66_174_fu_1039">
<pin_list>
<pin id="1040" dir="0" index="0" bw="1" slack="0"/>
<pin id="1041" dir="0" index="1" bw="1" slack="0"/>
<pin id="1042" dir="1" index="2" bw="1" slack="0"/>
</pin_list>
<bind>
<opcode="xor(25) " fcode="xor"/>
<opset="xor_ln66_174/3 "/>
</bind>
</comp>

<comp id="1045" class="1004" name="select_ln0_152_fu_1045">
<pin_list>
<pin id="1046" dir="0" index="0" bw="1" slack="0"/>
<pin id="1047" dir="0" index="1" bw="20" slack="0"/>
<pin id="1048" dir="0" index="2" bw="20" slack="0"/>
<pin id="1049" dir="1" index="3" bw="20" slack="0"/>
</pin_list>
<bind>
<opcode="select(49) " fcode="select"/>
<opset="select_ln0_152/3 "/>
</bind>
</comp>

<comp id="1053" class="1004" name="icmp_ln66_175_fu_1053">
<pin_list>
<pin id="1054" dir="0" index="0" bw="20" slack="0"/>
<pin id="1055" dir="0" index="1" bw="20" slack="0"/>
<pin id="1056" dir="1" index="2" bw="1" slack="0"/>
</pin_list>
<bind>
<opcode="icmp(45) " fcode="icmp"/>
<opset="icmp_ln66_175/3 "/>
</bind>
</comp>

<comp id="1059" class="1004" name="xor_ln66_175_fu_1059">
<pin_list>
<pin id="1060" dir="0" index="0" bw="1" slack="0"/>
<pin id="1061" dir="0" index="1" bw="1" slack="0"/>
<pin id="1062" dir="1" index="2" bw="1" slack="0"/>
</pin_list>
<bind>
<opcode="xor(25) " fcode="xor"/>
<opset="xor_ln66_175/3 "/>
</bind>
</comp>

<comp id="1065" class="1004" name="res_pack_21_fu_1065">
<pin_list>
<pin id="1066" dir="0" index="0" bw="1" slack="0"/>
<pin id="1067" dir="0" index="1" bw="20" slack="0"/>
<pin id="1068" dir="0" index="2" bw="20" slack="0"/>
<pin id="1069" dir="1" index="3" bw="20" slack="0"/>
</pin_list>
<bind>
<opcode="select(49) " fcode="select"/>
<opset="res_pack_21/3 "/>
</bind>
</comp>

<comp id="1073" class="1004" name="void_compute_pool_buffer_2d_array_const_ap_shift_reg_n_filt_stream_kernel_35_load_fu_1073">
<pin_list>
<pin id="1074" dir="0" index="0" bw="20" slack="0"/>
<pin id="1075" dir="1" index="1" bw="20" slack="0"/>
</pin_list>
<bind>
<opcode="load(27) " fcode="load"/>
<opset="void_compute_pool_buffer_2d_array_const_ap_shift_reg_n_filt_stream_kernel_35/3 "/>
</bind>
</comp>

<comp id="1077" class="1004" name="p_ZZN4nnet22compute_pool_buffer_2dINS_5arrayI8ap_fixedILi20ELi10EL9ap_q_mode5EL9a_668_load_fu_1077">
<pin_list>
<pin id="1078" dir="0" index="0" bw="20" slack="0"/>
<pin id="1079" dir="1" index="1" bw="20" slack="0"/>
</pin_list>
<bind>
<opcode="load(27) " fcode="load"/>
<opset="p_ZZN4nnet22compute_pool_buffer_2dINS_5arrayI8ap_fixedILi20ELi10EL9ap_q_mode5EL9a_668/3 "/>
</bind>
</comp>

<comp id="1081" class="1004" name="p_ZZN4nnet22compute_pool_buffer_2dINS_5arrayI8ap_fixedILi20ELi10EL9ap_q_mode5EL9a_669_load_fu_1081">
<pin_list>
<pin id="1082" dir="0" index="0" bw="20" slack="0"/>
<pin id="1083" dir="1" index="1" bw="20" slack="0"/>
</pin_list>
<bind>
<opcode="load(27) " fcode="load"/>
<opset="p_ZZN4nnet22compute_pool_buffer_2dINS_5arrayI8ap_fixedILi20ELi10EL9ap_q_mode5EL9a_669/3 "/>
</bind>
</comp>

<comp id="1085" class="1004" name="p_ZZN4nnet22compute_pool_buffer_2dINS_5arrayI8ap_fixedILi20ELi10EL9ap_q_mode5EL9a_670_load_fu_1085">
<pin_list>
<pin id="1086" dir="0" index="0" bw="20" slack="0"/>
<pin id="1087" dir="1" index="1" bw="20" slack="0"/>
</pin_list>
<bind>
<opcode="load(27) " fcode="load"/>
<opset="p_ZZN4nnet22compute_pool_buffer_2dINS_5arrayI8ap_fixedILi20ELi10EL9ap_q_mode5EL9a_670/3 "/>
</bind>
</comp>

<comp id="1089" class="1004" name="icmp_ln66_176_fu_1089">
<pin_list>
<pin id="1090" dir="0" index="0" bw="20" slack="0"/>
<pin id="1091" dir="0" index="1" bw="20" slack="0"/>
<pin id="1092" dir="1" index="2" bw="1" slack="0"/>
</pin_list>
<bind>
<opcode="icmp(45) " fcode="icmp"/>
<opset="icmp_ln66_176/3 "/>
</bind>
</comp>

<comp id="1095" class="1004" name="xor_ln66_176_fu_1095">
<pin_list>
<pin id="1096" dir="0" index="0" bw="1" slack="0"/>
<pin id="1097" dir="0" index="1" bw="1" slack="0"/>
<pin id="1098" dir="1" index="2" bw="1" slack="0"/>
</pin_list>
<bind>
<opcode="xor(25) " fcode="xor"/>
<opset="xor_ln66_176/3 "/>
</bind>
</comp>

<comp id="1101" class="1004" name="select_ln0_153_fu_1101">
<pin_list>
<pin id="1102" dir="0" index="0" bw="1" slack="0"/>
<pin id="1103" dir="0" index="1" bw="20" slack="0"/>
<pin id="1104" dir="0" index="2" bw="20" slack="0"/>
<pin id="1105" dir="1" index="3" bw="20" slack="0"/>
</pin_list>
<bind>
<opcode="select(49) " fcode="select"/>
<opset="select_ln0_153/3 "/>
</bind>
</comp>

<comp id="1109" class="1004" name="icmp_ln66_177_fu_1109">
<pin_list>
<pin id="1110" dir="0" index="0" bw="20" slack="0"/>
<pin id="1111" dir="0" index="1" bw="20" slack="0"/>
<pin id="1112" dir="1" index="2" bw="1" slack="0"/>
</pin_list>
<bind>
<opcode="icmp(45) " fcode="icmp"/>
<opset="icmp_ln66_177/3 "/>
</bind>
</comp>

<comp id="1115" class="1004" name="xor_ln66_177_fu_1115">
<pin_list>
<pin id="1116" dir="0" index="0" bw="1" slack="0"/>
<pin id="1117" dir="0" index="1" bw="1" slack="0"/>
<pin id="1118" dir="1" index="2" bw="1" slack="0"/>
</pin_list>
<bind>
<opcode="xor(25) " fcode="xor"/>
<opset="xor_ln66_177/3 "/>
</bind>
</comp>

<comp id="1121" class="1004" name="select_ln0_154_fu_1121">
<pin_list>
<pin id="1122" dir="0" index="0" bw="1" slack="0"/>
<pin id="1123" dir="0" index="1" bw="20" slack="0"/>
<pin id="1124" dir="0" index="2" bw="20" slack="0"/>
<pin id="1125" dir="1" index="3" bw="20" slack="0"/>
</pin_list>
<bind>
<opcode="select(49) " fcode="select"/>
<opset="select_ln0_154/3 "/>
</bind>
</comp>

<comp id="1129" class="1004" name="icmp_ln66_178_fu_1129">
<pin_list>
<pin id="1130" dir="0" index="0" bw="20" slack="0"/>
<pin id="1131" dir="0" index="1" bw="20" slack="0"/>
<pin id="1132" dir="1" index="2" bw="1" slack="0"/>
</pin_list>
<bind>
<opcode="icmp(45) " fcode="icmp"/>
<opset="icmp_ln66_178/3 "/>
</bind>
</comp>

<comp id="1135" class="1004" name="xor_ln66_178_fu_1135">
<pin_list>
<pin id="1136" dir="0" index="0" bw="1" slack="0"/>
<pin id="1137" dir="0" index="1" bw="1" slack="0"/>
<pin id="1138" dir="1" index="2" bw="1" slack="0"/>
</pin_list>
<bind>
<opcode="xor(25) " fcode="xor"/>
<opset="xor_ln66_178/3 "/>
</bind>
</comp>

<comp id="1141" class="1004" name="res_pack_22_fu_1141">
<pin_list>
<pin id="1142" dir="0" index="0" bw="1" slack="0"/>
<pin id="1143" dir="0" index="1" bw="20" slack="0"/>
<pin id="1144" dir="0" index="2" bw="20" slack="0"/>
<pin id="1145" dir="1" index="3" bw="20" slack="0"/>
</pin_list>
<bind>
<opcode="select(49) " fcode="select"/>
<opset="res_pack_22/3 "/>
</bind>
</comp>

<comp id="1149" class="1004" name="void_compute_pool_buffer_2d_array_const_ap_shift_reg_n_filt_stream_kernel_36_load_fu_1149">
<pin_list>
<pin id="1150" dir="0" index="0" bw="20" slack="0"/>
<pin id="1151" dir="1" index="1" bw="20" slack="0"/>
</pin_list>
<bind>
<opcode="load(27) " fcode="load"/>
<opset="void_compute_pool_buffer_2d_array_const_ap_shift_reg_n_filt_stream_kernel_36/3 "/>
</bind>
</comp>

<comp id="1153" class="1004" name="p_ZZN4nnet22compute_pool_buffer_2dINS_5arrayI8ap_fixedILi20ELi10EL9ap_q_mode5EL9a_671_load_fu_1153">
<pin_list>
<pin id="1154" dir="0" index="0" bw="20" slack="0"/>
<pin id="1155" dir="1" index="1" bw="20" slack="0"/>
</pin_list>
<bind>
<opcode="load(27) " fcode="load"/>
<opset="p_ZZN4nnet22compute_pool_buffer_2dINS_5arrayI8ap_fixedILi20ELi10EL9ap_q_mode5EL9a_671/3 "/>
</bind>
</comp>

<comp id="1157" class="1004" name="p_ZZN4nnet22compute_pool_buffer_2dINS_5arrayI8ap_fixedILi20ELi10EL9ap_q_mode5EL9a_672_load_fu_1157">
<pin_list>
<pin id="1158" dir="0" index="0" bw="20" slack="0"/>
<pin id="1159" dir="1" index="1" bw="20" slack="0"/>
</pin_list>
<bind>
<opcode="load(27) " fcode="load"/>
<opset="p_ZZN4nnet22compute_pool_buffer_2dINS_5arrayI8ap_fixedILi20ELi10EL9ap_q_mode5EL9a_672/3 "/>
</bind>
</comp>

<comp id="1161" class="1004" name="p_ZZN4nnet22compute_pool_buffer_2dINS_5arrayI8ap_fixedILi20ELi10EL9ap_q_mode5EL9a_673_load_fu_1161">
<pin_list>
<pin id="1162" dir="0" index="0" bw="20" slack="0"/>
<pin id="1163" dir="1" index="1" bw="20" slack="0"/>
</pin_list>
<bind>
<opcode="load(27) " fcode="load"/>
<opset="p_ZZN4nnet22compute_pool_buffer_2dINS_5arrayI8ap_fixedILi20ELi10EL9ap_q_mode5EL9a_673/3 "/>
</bind>
</comp>

<comp id="1165" class="1004" name="icmp_ln66_179_fu_1165">
<pin_list>
<pin id="1166" dir="0" index="0" bw="20" slack="0"/>
<pin id="1167" dir="0" index="1" bw="20" slack="0"/>
<pin id="1168" dir="1" index="2" bw="1" slack="0"/>
</pin_list>
<bind>
<opcode="icmp(45) " fcode="icmp"/>
<opset="icmp_ln66_179/3 "/>
</bind>
</comp>

<comp id="1171" class="1004" name="xor_ln66_179_fu_1171">
<pin_list>
<pin id="1172" dir="0" index="0" bw="1" slack="0"/>
<pin id="1173" dir="0" index="1" bw="1" slack="0"/>
<pin id="1174" dir="1" index="2" bw="1" slack="0"/>
</pin_list>
<bind>
<opcode="xor(25) " fcode="xor"/>
<opset="xor_ln66_179/3 "/>
</bind>
</comp>

<comp id="1177" class="1004" name="select_ln0_155_fu_1177">
<pin_list>
<pin id="1178" dir="0" index="0" bw="1" slack="0"/>
<pin id="1179" dir="0" index="1" bw="20" slack="0"/>
<pin id="1180" dir="0" index="2" bw="20" slack="0"/>
<pin id="1181" dir="1" index="3" bw="20" slack="0"/>
</pin_list>
<bind>
<opcode="select(49) " fcode="select"/>
<opset="select_ln0_155/3 "/>
</bind>
</comp>

<comp id="1185" class="1004" name="icmp_ln66_180_fu_1185">
<pin_list>
<pin id="1186" dir="0" index="0" bw="20" slack="0"/>
<pin id="1187" dir="0" index="1" bw="20" slack="0"/>
<pin id="1188" dir="1" index="2" bw="1" slack="0"/>
</pin_list>
<bind>
<opcode="icmp(45) " fcode="icmp"/>
<opset="icmp_ln66_180/3 "/>
</bind>
</comp>

<comp id="1191" class="1004" name="xor_ln66_180_fu_1191">
<pin_list>
<pin id="1192" dir="0" index="0" bw="1" slack="0"/>
<pin id="1193" dir="0" index="1" bw="1" slack="0"/>
<pin id="1194" dir="1" index="2" bw="1" slack="0"/>
</pin_list>
<bind>
<opcode="xor(25) " fcode="xor"/>
<opset="xor_ln66_180/3 "/>
</bind>
</comp>

<comp id="1197" class="1004" name="select_ln0_156_fu_1197">
<pin_list>
<pin id="1198" dir="0" index="0" bw="1" slack="0"/>
<pin id="1199" dir="0" index="1" bw="20" slack="0"/>
<pin id="1200" dir="0" index="2" bw="20" slack="0"/>
<pin id="1201" dir="1" index="3" bw="20" slack="0"/>
</pin_list>
<bind>
<opcode="select(49) " fcode="select"/>
<opset="select_ln0_156/3 "/>
</bind>
</comp>

<comp id="1205" class="1004" name="icmp_ln66_181_fu_1205">
<pin_list>
<pin id="1206" dir="0" index="0" bw="20" slack="0"/>
<pin id="1207" dir="0" index="1" bw="20" slack="0"/>
<pin id="1208" dir="1" index="2" bw="1" slack="0"/>
</pin_list>
<bind>
<opcode="icmp(45) " fcode="icmp"/>
<opset="icmp_ln66_181/3 "/>
</bind>
</comp>

<comp id="1211" class="1004" name="xor_ln66_181_fu_1211">
<pin_list>
<pin id="1212" dir="0" index="0" bw="1" slack="0"/>
<pin id="1213" dir="0" index="1" bw="1" slack="0"/>
<pin id="1214" dir="1" index="2" bw="1" slack="0"/>
</pin_list>
<bind>
<opcode="xor(25) " fcode="xor"/>
<opset="xor_ln66_181/3 "/>
</bind>
</comp>

<comp id="1217" class="1004" name="res_pack_23_fu_1217">
<pin_list>
<pin id="1218" dir="0" index="0" bw="1" slack="0"/>
<pin id="1219" dir="0" index="1" bw="20" slack="0"/>
<pin id="1220" dir="0" index="2" bw="20" slack="0"/>
<pin id="1221" dir="1" index="3" bw="20" slack="0"/>
</pin_list>
<bind>
<opcode="select(49) " fcode="select"/>
<opset="res_pack_23/3 "/>
</bind>
</comp>

<comp id="1225" class="1004" name="void_compute_pool_buffer_2d_array_const_ap_shift_reg_n_filt_stream_kernel_37_load_fu_1225">
<pin_list>
<pin id="1226" dir="0" index="0" bw="20" slack="0"/>
<pin id="1227" dir="1" index="1" bw="20" slack="0"/>
</pin_list>
<bind>
<opcode="load(27) " fcode="load"/>
<opset="void_compute_pool_buffer_2d_array_const_ap_shift_reg_n_filt_stream_kernel_37/3 "/>
</bind>
</comp>

<comp id="1229" class="1004" name="p_ZZN4nnet22compute_pool_buffer_2dINS_5arrayI8ap_fixedILi20ELi10EL9ap_q_mode5EL9a_674_load_fu_1229">
<pin_list>
<pin id="1230" dir="0" index="0" bw="20" slack="0"/>
<pin id="1231" dir="1" index="1" bw="20" slack="0"/>
</pin_list>
<bind>
<opcode="load(27) " fcode="load"/>
<opset="p_ZZN4nnet22compute_pool_buffer_2dINS_5arrayI8ap_fixedILi20ELi10EL9ap_q_mode5EL9a_674/3 "/>
</bind>
</comp>

<comp id="1233" class="1004" name="p_ZZN4nnet22compute_pool_buffer_2dINS_5arrayI8ap_fixedILi20ELi10EL9ap_q_mode5EL9a_675_load_fu_1233">
<pin_list>
<pin id="1234" dir="0" index="0" bw="20" slack="0"/>
<pin id="1235" dir="1" index="1" bw="20" slack="0"/>
</pin_list>
<bind>
<opcode="load(27) " fcode="load"/>
<opset="p_ZZN4nnet22compute_pool_buffer_2dINS_5arrayI8ap_fixedILi20ELi10EL9ap_q_mode5EL9a_675/3 "/>
</bind>
</comp>

<comp id="1237" class="1004" name="p_ZZN4nnet22compute_pool_buffer_2dINS_5arrayI8ap_fixedILi20ELi10EL9ap_q_mode5EL9a_676_load_fu_1237">
<pin_list>
<pin id="1238" dir="0" index="0" bw="20" slack="0"/>
<pin id="1239" dir="1" index="1" bw="20" slack="0"/>
</pin_list>
<bind>
<opcode="load(27) " fcode="load"/>
<opset="p_ZZN4nnet22compute_pool_buffer_2dINS_5arrayI8ap_fixedILi20ELi10EL9ap_q_mode5EL9a_676/3 "/>
</bind>
</comp>

<comp id="1241" class="1004" name="icmp_ln66_182_fu_1241">
<pin_list>
<pin id="1242" dir="0" index="0" bw="20" slack="0"/>
<pin id="1243" dir="0" index="1" bw="20" slack="0"/>
<pin id="1244" dir="1" index="2" bw="1" slack="0"/>
</pin_list>
<bind>
<opcode="icmp(45) " fcode="icmp"/>
<opset="icmp_ln66_182/3 "/>
</bind>
</comp>

<comp id="1247" class="1004" name="xor_ln66_182_fu_1247">
<pin_list>
<pin id="1248" dir="0" index="0" bw="1" slack="0"/>
<pin id="1249" dir="0" index="1" bw="1" slack="0"/>
<pin id="1250" dir="1" index="2" bw="1" slack="0"/>
</pin_list>
<bind>
<opcode="xor(25) " fcode="xor"/>
<opset="xor_ln66_182/3 "/>
</bind>
</comp>

<comp id="1253" class="1004" name="select_ln0_157_fu_1253">
<pin_list>
<pin id="1254" dir="0" index="0" bw="1" slack="0"/>
<pin id="1255" dir="0" index="1" bw="20" slack="0"/>
<pin id="1256" dir="0" index="2" bw="20" slack="0"/>
<pin id="1257" dir="1" index="3" bw="20" slack="0"/>
</pin_list>
<bind>
<opcode="select(49) " fcode="select"/>
<opset="select_ln0_157/3 "/>
</bind>
</comp>

<comp id="1261" class="1004" name="icmp_ln66_183_fu_1261">
<pin_list>
<pin id="1262" dir="0" index="0" bw="20" slack="0"/>
<pin id="1263" dir="0" index="1" bw="20" slack="0"/>
<pin id="1264" dir="1" index="2" bw="1" slack="0"/>
</pin_list>
<bind>
<opcode="icmp(45) " fcode="icmp"/>
<opset="icmp_ln66_183/3 "/>
</bind>
</comp>

<comp id="1267" class="1004" name="xor_ln66_183_fu_1267">
<pin_list>
<pin id="1268" dir="0" index="0" bw="1" slack="0"/>
<pin id="1269" dir="0" index="1" bw="1" slack="0"/>
<pin id="1270" dir="1" index="2" bw="1" slack="0"/>
</pin_list>
<bind>
<opcode="xor(25) " fcode="xor"/>
<opset="xor_ln66_183/3 "/>
</bind>
</comp>

<comp id="1273" class="1004" name="select_ln0_158_fu_1273">
<pin_list>
<pin id="1274" dir="0" index="0" bw="1" slack="0"/>
<pin id="1275" dir="0" index="1" bw="20" slack="0"/>
<pin id="1276" dir="0" index="2" bw="20" slack="0"/>
<pin id="1277" dir="1" index="3" bw="20" slack="0"/>
</pin_list>
<bind>
<opcode="select(49) " fcode="select"/>
<opset="select_ln0_158/3 "/>
</bind>
</comp>

<comp id="1281" class="1004" name="icmp_ln66_184_fu_1281">
<pin_list>
<pin id="1282" dir="0" index="0" bw="20" slack="0"/>
<pin id="1283" dir="0" index="1" bw="20" slack="0"/>
<pin id="1284" dir="1" index="2" bw="1" slack="0"/>
</pin_list>
<bind>
<opcode="icmp(45) " fcode="icmp"/>
<opset="icmp_ln66_184/3 "/>
</bind>
</comp>

<comp id="1287" class="1004" name="xor_ln66_184_fu_1287">
<pin_list>
<pin id="1288" dir="0" index="0" bw="1" slack="0"/>
<pin id="1289" dir="0" index="1" bw="1" slack="0"/>
<pin id="1290" dir="1" index="2" bw="1" slack="0"/>
</pin_list>
<bind>
<opcode="xor(25) " fcode="xor"/>
<opset="xor_ln66_184/3 "/>
</bind>
</comp>

<comp id="1293" class="1004" name="res_pack_24_fu_1293">
<pin_list>
<pin id="1294" dir="0" index="0" bw="1" slack="0"/>
<pin id="1295" dir="0" index="1" bw="20" slack="0"/>
<pin id="1296" dir="0" index="2" bw="20" slack="0"/>
<pin id="1297" dir="1" index="3" bw="20" slack="0"/>
</pin_list>
<bind>
<opcode="select(49) " fcode="select"/>
<opset="res_pack_24/3 "/>
</bind>
</comp>

<comp id="1301" class="1004" name="void_compute_pool_buffer_2d_array_const_ap_shift_reg_n_filt_stream_kernel_38_load_fu_1301">
<pin_list>
<pin id="1302" dir="0" index="0" bw="20" slack="0"/>
<pin id="1303" dir="1" index="1" bw="20" slack="0"/>
</pin_list>
<bind>
<opcode="load(27) " fcode="load"/>
<opset="void_compute_pool_buffer_2d_array_const_ap_shift_reg_n_filt_stream_kernel_38/3 "/>
</bind>
</comp>

<comp id="1305" class="1004" name="p_ZZN4nnet22compute_pool_buffer_2dINS_5arrayI8ap_fixedILi20ELi10EL9ap_q_mode5EL9a_677_load_fu_1305">
<pin_list>
<pin id="1306" dir="0" index="0" bw="20" slack="0"/>
<pin id="1307" dir="1" index="1" bw="20" slack="0"/>
</pin_list>
<bind>
<opcode="load(27) " fcode="load"/>
<opset="p_ZZN4nnet22compute_pool_buffer_2dINS_5arrayI8ap_fixedILi20ELi10EL9ap_q_mode5EL9a_677/3 "/>
</bind>
</comp>

<comp id="1309" class="1004" name="p_ZZN4nnet22compute_pool_buffer_2dINS_5arrayI8ap_fixedILi20ELi10EL9ap_q_mode5EL9a_678_load_fu_1309">
<pin_list>
<pin id="1310" dir="0" index="0" bw="20" slack="0"/>
<pin id="1311" dir="1" index="1" bw="20" slack="0"/>
</pin_list>
<bind>
<opcode="load(27) " fcode="load"/>
<opset="p_ZZN4nnet22compute_pool_buffer_2dINS_5arrayI8ap_fixedILi20ELi10EL9ap_q_mode5EL9a_678/3 "/>
</bind>
</comp>

<comp id="1313" class="1004" name="p_ZZN4nnet22compute_pool_buffer_2dINS_5arrayI8ap_fixedILi20ELi10EL9ap_q_mode5EL9a_679_load_fu_1313">
<pin_list>
<pin id="1314" dir="0" index="0" bw="20" slack="0"/>
<pin id="1315" dir="1" index="1" bw="20" slack="0"/>
</pin_list>
<bind>
<opcode="load(27) " fcode="load"/>
<opset="p_ZZN4nnet22compute_pool_buffer_2dINS_5arrayI8ap_fixedILi20ELi10EL9ap_q_mode5EL9a_679/3 "/>
</bind>
</comp>

<comp id="1317" class="1004" name="icmp_ln66_185_fu_1317">
<pin_list>
<pin id="1318" dir="0" index="0" bw="20" slack="0"/>
<pin id="1319" dir="0" index="1" bw="20" slack="0"/>
<pin id="1320" dir="1" index="2" bw="1" slack="0"/>
</pin_list>
<bind>
<opcode="icmp(45) " fcode="icmp"/>
<opset="icmp_ln66_185/3 "/>
</bind>
</comp>

<comp id="1323" class="1004" name="xor_ln66_185_fu_1323">
<pin_list>
<pin id="1324" dir="0" index="0" bw="1" slack="0"/>
<pin id="1325" dir="0" index="1" bw="1" slack="0"/>
<pin id="1326" dir="1" index="2" bw="1" slack="0"/>
</pin_list>
<bind>
<opcode="xor(25) " fcode="xor"/>
<opset="xor_ln66_185/3 "/>
</bind>
</comp>

<comp id="1329" class="1004" name="select_ln0_159_fu_1329">
<pin_list>
<pin id="1330" dir="0" index="0" bw="1" slack="0"/>
<pin id="1331" dir="0" index="1" bw="20" slack="0"/>
<pin id="1332" dir="0" index="2" bw="20" slack="0"/>
<pin id="1333" dir="1" index="3" bw="20" slack="0"/>
</pin_list>
<bind>
<opcode="select(49) " fcode="select"/>
<opset="select_ln0_159/3 "/>
</bind>
</comp>

<comp id="1337" class="1004" name="icmp_ln66_186_fu_1337">
<pin_list>
<pin id="1338" dir="0" index="0" bw="20" slack="0"/>
<pin id="1339" dir="0" index="1" bw="20" slack="0"/>
<pin id="1340" dir="1" index="2" bw="1" slack="0"/>
</pin_list>
<bind>
<opcode="icmp(45) " fcode="icmp"/>
<opset="icmp_ln66_186/3 "/>
</bind>
</comp>

<comp id="1343" class="1004" name="xor_ln66_186_fu_1343">
<pin_list>
<pin id="1344" dir="0" index="0" bw="1" slack="0"/>
<pin id="1345" dir="0" index="1" bw="1" slack="0"/>
<pin id="1346" dir="1" index="2" bw="1" slack="0"/>
</pin_list>
<bind>
<opcode="xor(25) " fcode="xor"/>
<opset="xor_ln66_186/3 "/>
</bind>
</comp>

<comp id="1349" class="1004" name="select_ln0_160_fu_1349">
<pin_list>
<pin id="1350" dir="0" index="0" bw="1" slack="0"/>
<pin id="1351" dir="0" index="1" bw="20" slack="0"/>
<pin id="1352" dir="0" index="2" bw="20" slack="0"/>
<pin id="1353" dir="1" index="3" bw="20" slack="0"/>
</pin_list>
<bind>
<opcode="select(49) " fcode="select"/>
<opset="select_ln0_160/3 "/>
</bind>
</comp>

<comp id="1357" class="1004" name="icmp_ln66_187_fu_1357">
<pin_list>
<pin id="1358" dir="0" index="0" bw="20" slack="0"/>
<pin id="1359" dir="0" index="1" bw="20" slack="0"/>
<pin id="1360" dir="1" index="2" bw="1" slack="0"/>
</pin_list>
<bind>
<opcode="icmp(45) " fcode="icmp"/>
<opset="icmp_ln66_187/3 "/>
</bind>
</comp>

<comp id="1363" class="1004" name="xor_ln66_187_fu_1363">
<pin_list>
<pin id="1364" dir="0" index="0" bw="1" slack="0"/>
<pin id="1365" dir="0" index="1" bw="1" slack="0"/>
<pin id="1366" dir="1" index="2" bw="1" slack="0"/>
</pin_list>
<bind>
<opcode="xor(25) " fcode="xor"/>
<opset="xor_ln66_187/3 "/>
</bind>
</comp>

<comp id="1369" class="1004" name="res_pack_25_fu_1369">
<pin_list>
<pin id="1370" dir="0" index="0" bw="1" slack="0"/>
<pin id="1371" dir="0" index="1" bw="20" slack="0"/>
<pin id="1372" dir="0" index="2" bw="20" slack="0"/>
<pin id="1373" dir="1" index="3" bw="20" slack="0"/>
</pin_list>
<bind>
<opcode="select(49) " fcode="select"/>
<opset="res_pack_25/3 "/>
</bind>
</comp>

<comp id="1377" class="1004" name="void_compute_pool_buffer_2d_array_const_ap_shift_reg_n_filt_stream_kernel_39_load_fu_1377">
<pin_list>
<pin id="1378" dir="0" index="0" bw="20" slack="0"/>
<pin id="1379" dir="1" index="1" bw="20" slack="0"/>
</pin_list>
<bind>
<opcode="load(27) " fcode="load"/>
<opset="void_compute_pool_buffer_2d_array_const_ap_shift_reg_n_filt_stream_kernel_39/3 "/>
</bind>
</comp>

<comp id="1381" class="1004" name="p_ZZN4nnet22compute_pool_buffer_2dINS_5arrayI8ap_fixedILi20ELi10EL9ap_q_mode5EL9a_680_load_fu_1381">
<pin_list>
<pin id="1382" dir="0" index="0" bw="20" slack="0"/>
<pin id="1383" dir="1" index="1" bw="20" slack="0"/>
</pin_list>
<bind>
<opcode="load(27) " fcode="load"/>
<opset="p_ZZN4nnet22compute_pool_buffer_2dINS_5arrayI8ap_fixedILi20ELi10EL9ap_q_mode5EL9a_680/3 "/>
</bind>
</comp>

<comp id="1385" class="1004" name="p_ZZN4nnet22compute_pool_buffer_2dINS_5arrayI8ap_fixedILi20ELi10EL9ap_q_mode5EL9a_681_load_fu_1385">
<pin_list>
<pin id="1386" dir="0" index="0" bw="20" slack="0"/>
<pin id="1387" dir="1" index="1" bw="20" slack="0"/>
</pin_list>
<bind>
<opcode="load(27) " fcode="load"/>
<opset="p_ZZN4nnet22compute_pool_buffer_2dINS_5arrayI8ap_fixedILi20ELi10EL9ap_q_mode5EL9a_681/3 "/>
</bind>
</comp>

<comp id="1389" class="1004" name="p_ZZN4nnet22compute_pool_buffer_2dINS_5arrayI8ap_fixedILi20ELi10EL9ap_q_mode5EL9a_682_load_fu_1389">
<pin_list>
<pin id="1390" dir="0" index="0" bw="20" slack="0"/>
<pin id="1391" dir="1" index="1" bw="20" slack="0"/>
</pin_list>
<bind>
<opcode="load(27) " fcode="load"/>
<opset="p_ZZN4nnet22compute_pool_buffer_2dINS_5arrayI8ap_fixedILi20ELi10EL9ap_q_mode5EL9a_682/3 "/>
</bind>
</comp>

<comp id="1393" class="1004" name="icmp_ln66_188_fu_1393">
<pin_list>
<pin id="1394" dir="0" index="0" bw="20" slack="0"/>
<pin id="1395" dir="0" index="1" bw="20" slack="0"/>
<pin id="1396" dir="1" index="2" bw="1" slack="0"/>
</pin_list>
<bind>
<opcode="icmp(45) " fcode="icmp"/>
<opset="icmp_ln66_188/3 "/>
</bind>
</comp>

<comp id="1399" class="1004" name="xor_ln66_188_fu_1399">
<pin_list>
<pin id="1400" dir="0" index="0" bw="1" slack="0"/>
<pin id="1401" dir="0" index="1" bw="1" slack="0"/>
<pin id="1402" dir="1" index="2" bw="1" slack="0"/>
</pin_list>
<bind>
<opcode="xor(25) " fcode="xor"/>
<opset="xor_ln66_188/3 "/>
</bind>
</comp>

<comp id="1405" class="1004" name="select_ln0_161_fu_1405">
<pin_list>
<pin id="1406" dir="0" index="0" bw="1" slack="0"/>
<pin id="1407" dir="0" index="1" bw="20" slack="0"/>
<pin id="1408" dir="0" index="2" bw="20" slack="0"/>
<pin id="1409" dir="1" index="3" bw="20" slack="0"/>
</pin_list>
<bind>
<opcode="select(49) " fcode="select"/>
<opset="select_ln0_161/3 "/>
</bind>
</comp>

<comp id="1413" class="1004" name="icmp_ln66_189_fu_1413">
<pin_list>
<pin id="1414" dir="0" index="0" bw="20" slack="0"/>
<pin id="1415" dir="0" index="1" bw="20" slack="0"/>
<pin id="1416" dir="1" index="2" bw="1" slack="0"/>
</pin_list>
<bind>
<opcode="icmp(45) " fcode="icmp"/>
<opset="icmp_ln66_189/3 "/>
</bind>
</comp>

<comp id="1419" class="1004" name="xor_ln66_189_fu_1419">
<pin_list>
<pin id="1420" dir="0" index="0" bw="1" slack="0"/>
<pin id="1421" dir="0" index="1" bw="1" slack="0"/>
<pin id="1422" dir="1" index="2" bw="1" slack="0"/>
</pin_list>
<bind>
<opcode="xor(25) " fcode="xor"/>
<opset="xor_ln66_189/3 "/>
</bind>
</comp>

<comp id="1425" class="1004" name="select_ln0_162_fu_1425">
<pin_list>
<pin id="1426" dir="0" index="0" bw="1" slack="0"/>
<pin id="1427" dir="0" index="1" bw="20" slack="0"/>
<pin id="1428" dir="0" index="2" bw="20" slack="0"/>
<pin id="1429" dir="1" index="3" bw="20" slack="0"/>
</pin_list>
<bind>
<opcode="select(49) " fcode="select"/>
<opset="select_ln0_162/3 "/>
</bind>
</comp>

<comp id="1433" class="1004" name="icmp_ln66_190_fu_1433">
<pin_list>
<pin id="1434" dir="0" index="0" bw="20" slack="0"/>
<pin id="1435" dir="0" index="1" bw="20" slack="0"/>
<pin id="1436" dir="1" index="2" bw="1" slack="0"/>
</pin_list>
<bind>
<opcode="icmp(45) " fcode="icmp"/>
<opset="icmp_ln66_190/3 "/>
</bind>
</comp>

<comp id="1439" class="1004" name="xor_ln66_190_fu_1439">
<pin_list>
<pin id="1440" dir="0" index="0" bw="1" slack="0"/>
<pin id="1441" dir="0" index="1" bw="1" slack="0"/>
<pin id="1442" dir="1" index="2" bw="1" slack="0"/>
</pin_list>
<bind>
<opcode="xor(25) " fcode="xor"/>
<opset="xor_ln66_190/3 "/>
</bind>
</comp>

<comp id="1445" class="1004" name="res_pack_26_fu_1445">
<pin_list>
<pin id="1446" dir="0" index="0" bw="1" slack="0"/>
<pin id="1447" dir="0" index="1" bw="20" slack="0"/>
<pin id="1448" dir="0" index="2" bw="20" slack="0"/>
<pin id="1449" dir="1" index="3" bw="20" slack="0"/>
</pin_list>
<bind>
<opcode="select(49) " fcode="select"/>
<opset="res_pack_26/3 "/>
</bind>
</comp>

<comp id="1453" class="1004" name="p_ZZN4nnet22compute_pool_buffer_2dINS_5arrayI8ap_fixedILi20ELi10EL9ap_q_mode5EL9a_683_load_fu_1453">
<pin_list>
<pin id="1454" dir="0" index="0" bw="20" slack="0"/>
<pin id="1455" dir="1" index="1" bw="20" slack="0"/>
</pin_list>
<bind>
<opcode="load(27) " fcode="load"/>
<opset="p_ZZN4nnet22compute_pool_buffer_2dINS_5arrayI8ap_fixedILi20ELi10EL9ap_q_mode5EL9a_683/3 "/>
</bind>
</comp>

<comp id="1457" class="1004" name="p_ZZN4nnet22compute_pool_buffer_2dINS_5arrayI8ap_fixedILi20ELi10EL9ap_q_mode5EL9a_684_load_fu_1457">
<pin_list>
<pin id="1458" dir="0" index="0" bw="20" slack="0"/>
<pin id="1459" dir="1" index="1" bw="20" slack="0"/>
</pin_list>
<bind>
<opcode="load(27) " fcode="load"/>
<opset="p_ZZN4nnet22compute_pool_buffer_2dINS_5arrayI8ap_fixedILi20ELi10EL9ap_q_mode5EL9a_684/3 "/>
</bind>
</comp>

<comp id="1461" class="1004" name="p_ZZN4nnet22compute_pool_buffer_2dINS_5arrayI8ap_fixedILi20ELi10EL9ap_q_mode5EL9a_685_load_fu_1461">
<pin_list>
<pin id="1462" dir="0" index="0" bw="20" slack="0"/>
<pin id="1463" dir="1" index="1" bw="20" slack="0"/>
</pin_list>
<bind>
<opcode="load(27) " fcode="load"/>
<opset="p_ZZN4nnet22compute_pool_buffer_2dINS_5arrayI8ap_fixedILi20ELi10EL9ap_q_mode5EL9a_685/3 "/>
</bind>
</comp>

<comp id="1465" class="1004" name="p_ZZN4nnet22compute_pool_buffer_2dINS_5arrayI8ap_fixedILi20ELi10EL9ap_q_mode5EL9a_686_load_fu_1465">
<pin_list>
<pin id="1466" dir="0" index="0" bw="20" slack="0"/>
<pin id="1467" dir="1" index="1" bw="20" slack="0"/>
</pin_list>
<bind>
<opcode="load(27) " fcode="load"/>
<opset="p_ZZN4nnet22compute_pool_buffer_2dINS_5arrayI8ap_fixedILi20ELi10EL9ap_q_mode5EL9a_686/3 "/>
</bind>
</comp>

<comp id="1469" class="1004" name="icmp_ln66_191_fu_1469">
<pin_list>
<pin id="1470" dir="0" index="0" bw="20" slack="0"/>
<pin id="1471" dir="0" index="1" bw="20" slack="0"/>
<pin id="1472" dir="1" index="2" bw="1" slack="0"/>
</pin_list>
<bind>
<opcode="icmp(45) " fcode="icmp"/>
<opset="icmp_ln66_191/3 "/>
</bind>
</comp>

<comp id="1475" class="1004" name="xor_ln66_191_fu_1475">
<pin_list>
<pin id="1476" dir="0" index="0" bw="1" slack="0"/>
<pin id="1477" dir="0" index="1" bw="1" slack="0"/>
<pin id="1478" dir="1" index="2" bw="1" slack="0"/>
</pin_list>
<bind>
<opcode="xor(25) " fcode="xor"/>
<opset="xor_ln66_191/3 "/>
</bind>
</comp>

<comp id="1481" class="1004" name="select_ln0_163_fu_1481">
<pin_list>
<pin id="1482" dir="0" index="0" bw="1" slack="0"/>
<pin id="1483" dir="0" index="1" bw="20" slack="0"/>
<pin id="1484" dir="0" index="2" bw="20" slack="0"/>
<pin id="1485" dir="1" index="3" bw="20" slack="0"/>
</pin_list>
<bind>
<opcode="select(49) " fcode="select"/>
<opset="select_ln0_163/3 "/>
</bind>
</comp>

<comp id="1489" class="1004" name="icmp_ln66_192_fu_1489">
<pin_list>
<pin id="1490" dir="0" index="0" bw="20" slack="0"/>
<pin id="1491" dir="0" index="1" bw="20" slack="0"/>
<pin id="1492" dir="1" index="2" bw="1" slack="0"/>
</pin_list>
<bind>
<opcode="icmp(45) " fcode="icmp"/>
<opset="icmp_ln66_192/3 "/>
</bind>
</comp>

<comp id="1495" class="1004" name="xor_ln66_192_fu_1495">
<pin_list>
<pin id="1496" dir="0" index="0" bw="1" slack="0"/>
<pin id="1497" dir="0" index="1" bw="1" slack="0"/>
<pin id="1498" dir="1" index="2" bw="1" slack="0"/>
</pin_list>
<bind>
<opcode="xor(25) " fcode="xor"/>
<opset="xor_ln66_192/3 "/>
</bind>
</comp>

<comp id="1501" class="1004" name="select_ln0_164_fu_1501">
<pin_list>
<pin id="1502" dir="0" index="0" bw="1" slack="0"/>
<pin id="1503" dir="0" index="1" bw="20" slack="0"/>
<pin id="1504" dir="0" index="2" bw="20" slack="0"/>
<pin id="1505" dir="1" index="3" bw="20" slack="0"/>
</pin_list>
<bind>
<opcode="select(49) " fcode="select"/>
<opset="select_ln0_164/3 "/>
</bind>
</comp>

<comp id="1509" class="1004" name="icmp_ln66_193_fu_1509">
<pin_list>
<pin id="1510" dir="0" index="0" bw="20" slack="0"/>
<pin id="1511" dir="0" index="1" bw="20" slack="0"/>
<pin id="1512" dir="1" index="2" bw="1" slack="0"/>
</pin_list>
<bind>
<opcode="icmp(45) " fcode="icmp"/>
<opset="icmp_ln66_193/3 "/>
</bind>
</comp>

<comp id="1515" class="1004" name="xor_ln66_193_fu_1515">
<pin_list>
<pin id="1516" dir="0" index="0" bw="1" slack="0"/>
<pin id="1517" dir="0" index="1" bw="1" slack="0"/>
<pin id="1518" dir="1" index="2" bw="1" slack="0"/>
</pin_list>
<bind>
<opcode="xor(25) " fcode="xor"/>
<opset="xor_ln66_193/3 "/>
</bind>
</comp>

<comp id="1521" class="1004" name="res_pack_27_fu_1521">
<pin_list>
<pin id="1522" dir="0" index="0" bw="1" slack="0"/>
<pin id="1523" dir="0" index="1" bw="20" slack="0"/>
<pin id="1524" dir="0" index="2" bw="20" slack="0"/>
<pin id="1525" dir="1" index="3" bw="20" slack="0"/>
</pin_list>
<bind>
<opcode="select(49) " fcode="select"/>
<opset="res_pack_27/3 "/>
</bind>
</comp>

<comp id="1529" class="1004" name="p_ZZN4nnet22compute_pool_buffer_2dINS_5arrayI8ap_fixedILi20ELi10EL9ap_q_mode5EL9a_687_load_fu_1529">
<pin_list>
<pin id="1530" dir="0" index="0" bw="20" slack="0"/>
<pin id="1531" dir="1" index="1" bw="20" slack="0"/>
</pin_list>
<bind>
<opcode="load(27) " fcode="load"/>
<opset="p_ZZN4nnet22compute_pool_buffer_2dINS_5arrayI8ap_fixedILi20ELi10EL9ap_q_mode5EL9a_687/3 "/>
</bind>
</comp>

<comp id="1533" class="1004" name="p_ZZN4nnet22compute_pool_buffer_2dINS_5arrayI8ap_fixedILi20ELi10EL9ap_q_mode5EL9a_688_load_fu_1533">
<pin_list>
<pin id="1534" dir="0" index="0" bw="20" slack="0"/>
<pin id="1535" dir="1" index="1" bw="20" slack="0"/>
</pin_list>
<bind>
<opcode="load(27) " fcode="load"/>
<opset="p_ZZN4nnet22compute_pool_buffer_2dINS_5arrayI8ap_fixedILi20ELi10EL9ap_q_mode5EL9a_688/3 "/>
</bind>
</comp>

<comp id="1537" class="1004" name="p_ZZN4nnet22compute_pool_buffer_2dINS_5arrayI8ap_fixedILi20ELi10EL9ap_q_mode5EL9a_689_load_fu_1537">
<pin_list>
<pin id="1538" dir="0" index="0" bw="20" slack="0"/>
<pin id="1539" dir="1" index="1" bw="20" slack="0"/>
</pin_list>
<bind>
<opcode="load(27) " fcode="load"/>
<opset="p_ZZN4nnet22compute_pool_buffer_2dINS_5arrayI8ap_fixedILi20ELi10EL9ap_q_mode5EL9a_689/3 "/>
</bind>
</comp>

<comp id="1541" class="1004" name="p_ZZN4nnet22compute_pool_buffer_2dINS_5arrayI8ap_fixedILi20ELi10EL9ap_q_mode5EL9a_690_load_fu_1541">
<pin_list>
<pin id="1542" dir="0" index="0" bw="20" slack="0"/>
<pin id="1543" dir="1" index="1" bw="20" slack="0"/>
</pin_list>
<bind>
<opcode="load(27) " fcode="load"/>
<opset="p_ZZN4nnet22compute_pool_buffer_2dINS_5arrayI8ap_fixedILi20ELi10EL9ap_q_mode5EL9a_690/3 "/>
</bind>
</comp>

<comp id="1545" class="1004" name="icmp_ln66_194_fu_1545">
<pin_list>
<pin id="1546" dir="0" index="0" bw="20" slack="0"/>
<pin id="1547" dir="0" index="1" bw="20" slack="0"/>
<pin id="1548" dir="1" index="2" bw="1" slack="0"/>
</pin_list>
<bind>
<opcode="icmp(45) " fcode="icmp"/>
<opset="icmp_ln66_194/3 "/>
</bind>
</comp>

<comp id="1551" class="1004" name="xor_ln66_194_fu_1551">
<pin_list>
<pin id="1552" dir="0" index="0" bw="1" slack="0"/>
<pin id="1553" dir="0" index="1" bw="1" slack="0"/>
<pin id="1554" dir="1" index="2" bw="1" slack="0"/>
</pin_list>
<bind>
<opcode="xor(25) " fcode="xor"/>
<opset="xor_ln66_194/3 "/>
</bind>
</comp>

<comp id="1557" class="1004" name="select_ln0_165_fu_1557">
<pin_list>
<pin id="1558" dir="0" index="0" bw="1" slack="0"/>
<pin id="1559" dir="0" index="1" bw="20" slack="0"/>
<pin id="1560" dir="0" index="2" bw="20" slack="0"/>
<pin id="1561" dir="1" index="3" bw="20" slack="0"/>
</pin_list>
<bind>
<opcode="select(49) " fcode="select"/>
<opset="select_ln0_165/3 "/>
</bind>
</comp>

<comp id="1565" class="1004" name="icmp_ln66_195_fu_1565">
<pin_list>
<pin id="1566" dir="0" index="0" bw="20" slack="0"/>
<pin id="1567" dir="0" index="1" bw="20" slack="0"/>
<pin id="1568" dir="1" index="2" bw="1" slack="0"/>
</pin_list>
<bind>
<opcode="icmp(45) " fcode="icmp"/>
<opset="icmp_ln66_195/3 "/>
</bind>
</comp>

<comp id="1571" class="1004" name="xor_ln66_195_fu_1571">
<pin_list>
<pin id="1572" dir="0" index="0" bw="1" slack="0"/>
<pin id="1573" dir="0" index="1" bw="1" slack="0"/>
<pin id="1574" dir="1" index="2" bw="1" slack="0"/>
</pin_list>
<bind>
<opcode="xor(25) " fcode="xor"/>
<opset="xor_ln66_195/3 "/>
</bind>
</comp>

<comp id="1577" class="1004" name="select_ln0_166_fu_1577">
<pin_list>
<pin id="1578" dir="0" index="0" bw="1" slack="0"/>
<pin id="1579" dir="0" index="1" bw="20" slack="0"/>
<pin id="1580" dir="0" index="2" bw="20" slack="0"/>
<pin id="1581" dir="1" index="3" bw="20" slack="0"/>
</pin_list>
<bind>
<opcode="select(49) " fcode="select"/>
<opset="select_ln0_166/3 "/>
</bind>
</comp>

<comp id="1585" class="1004" name="icmp_ln66_196_fu_1585">
<pin_list>
<pin id="1586" dir="0" index="0" bw="20" slack="0"/>
<pin id="1587" dir="0" index="1" bw="20" slack="0"/>
<pin id="1588" dir="1" index="2" bw="1" slack="0"/>
</pin_list>
<bind>
<opcode="icmp(45) " fcode="icmp"/>
<opset="icmp_ln66_196/3 "/>
</bind>
</comp>

<comp id="1591" class="1004" name="xor_ln66_196_fu_1591">
<pin_list>
<pin id="1592" dir="0" index="0" bw="1" slack="0"/>
<pin id="1593" dir="0" index="1" bw="1" slack="0"/>
<pin id="1594" dir="1" index="2" bw="1" slack="0"/>
</pin_list>
<bind>
<opcode="xor(25) " fcode="xor"/>
<opset="xor_ln66_196/3 "/>
</bind>
</comp>

<comp id="1597" class="1004" name="res_pack_28_fu_1597">
<pin_list>
<pin id="1598" dir="0" index="0" bw="1" slack="0"/>
<pin id="1599" dir="0" index="1" bw="20" slack="0"/>
<pin id="1600" dir="0" index="2" bw="20" slack="0"/>
<pin id="1601" dir="1" index="3" bw="20" slack="0"/>
</pin_list>
<bind>
<opcode="select(49) " fcode="select"/>
<opset="res_pack_28/3 "/>
</bind>
</comp>

<comp id="1605" class="1004" name="or_ln72_s_fu_1605">
<pin_list>
<pin id="1606" dir="0" index="0" bw="240" slack="0"/>
<pin id="1607" dir="0" index="1" bw="20" slack="0"/>
<pin id="1608" dir="0" index="2" bw="20" slack="0"/>
<pin id="1609" dir="0" index="3" bw="20" slack="0"/>
<pin id="1610" dir="0" index="4" bw="20" slack="0"/>
<pin id="1611" dir="0" index="5" bw="20" slack="0"/>
<pin id="1612" dir="0" index="6" bw="20" slack="0"/>
<pin id="1613" dir="0" index="7" bw="20" slack="0"/>
<pin id="1614" dir="0" index="8" bw="20" slack="0"/>
<pin id="1615" dir="0" index="9" bw="20" slack="0"/>
<pin id="1616" dir="0" index="10" bw="20" slack="0"/>
<pin id="1617" dir="0" index="11" bw="20" slack="0"/>
<pin id="1618" dir="0" index="12" bw="20" slack="0"/>
<pin id="1619" dir="1" index="13" bw="240" slack="0"/>
</pin_list>
<bind>
<opcode="bitconcatenate(1004) " fcode="bitconcatenate"/>
<opset="or_ln72_s/3 "/>
</bind>
</comp>

<comp id="1634" class="1005" name="indvar_flatten2_reg_1634">
<pin_list>
<pin id="1635" dir="0" index="0" bw="10" slack="0"/>
<pin id="1636" dir="1" index="1" bw="10" slack="0"/>
</pin_list>
<bind>
<opset="indvar_flatten2 "/>
</bind>
</comp>

<comp id="1641" class="1005" name="icmp_ln55_reg_1641">
<pin_list>
<pin id="1642" dir="0" index="0" bw="1" slack="2"/>
<pin id="1643" dir="1" index="1" bw="1" slack="2147483647"/>
</pin_list>
<bind>
<opset="icmp_ln55 "/>
</bind>
</comp>

<comp id="1645" class="1005" name="and_ln55_2_reg_1645">
<pin_list>
<pin id="1646" dir="0" index="0" bw="1" slack="2"/>
<pin id="1647" dir="1" index="1" bw="1" slack="2147483647"/>
</pin_list>
<bind>
<opset="and_ln55_2 "/>
</bind>
</comp>

<comp id="1649" class="1005" name="icmp_ln76_reg_1649">
<pin_list>
<pin id="1650" dir="0" index="0" bw="1" slack="1"/>
<pin id="1651" dir="1" index="1" bw="1" slack="2147483647"/>
</pin_list>
<bind>
<opset="icmp_ln76 "/>
</bind>
</comp>

<comp id="1653" class="1005" name="icmp_ln80_reg_1653">
<pin_list>
<pin id="1654" dir="0" index="0" bw="1" slack="1"/>
<pin id="1655" dir="1" index="1" bw="1" slack="2147483647"/>
</pin_list>
<bind>
<opset="icmp_ln80 "/>
</bind>
</comp>

<comp id="1657" class="1005" name="select_ln86_reg_1657">
<pin_list>
<pin id="1658" dir="0" index="0" bw="32" slack="1"/>
<pin id="1659" dir="1" index="1" bw="32" slack="1"/>
</pin_list>
<bind>
<opset="select_ln86 "/>
</bind>
</comp>

<comp id="1662" class="1005" name="icmp_ln109_reg_1662">
<pin_list>
<pin id="1663" dir="0" index="0" bw="1" slack="2"/>
<pin id="1664" dir="1" index="1" bw="1" slack="2147483647"/>
</pin_list>
<bind>
<opset="icmp_ln109 "/>
</bind>
</comp>

</comp_list>

<net_list>
<net id="221"><net_src comp="132" pin="0"/><net_sink comp="218" pin=0"/></net>

<net id="226"><net_src comp="164" pin="0"/><net_sink comp="222" pin=0"/></net>

<net id="227"><net_src comp="0" pin="0"/><net_sink comp="222" pin=1"/></net>

<net id="233"><net_src comp="216" pin="0"/><net_sink comp="228" pin=0"/></net>

<net id="234"><net_src comp="2" pin="0"/><net_sink comp="228" pin=1"/></net>

<net id="238"><net_src comp="138" pin="0"/><net_sink comp="235" pin=0"/></net>

<net id="245"><net_src comp="235" pin="1"/><net_sink comp="239" pin=2"/></net>

<net id="321"><net_src comp="210" pin="0"/><net_sink comp="246" pin=0"/></net>

<net id="322"><net_src comp="10" pin="0"/><net_sink comp="246" pin=13"/></net>

<net id="323"><net_src comp="8" pin="0"/><net_sink comp="246" pin=14"/></net>

<net id="324"><net_src comp="18" pin="0"/><net_sink comp="246" pin=15"/></net>

<net id="325"><net_src comp="16" pin="0"/><net_sink comp="246" pin=16"/></net>

<net id="326"><net_src comp="26" pin="0"/><net_sink comp="246" pin=17"/></net>

<net id="327"><net_src comp="24" pin="0"/><net_sink comp="246" pin=18"/></net>

<net id="328"><net_src comp="34" pin="0"/><net_sink comp="246" pin=19"/></net>

<net id="329"><net_src comp="32" pin="0"/><net_sink comp="246" pin=20"/></net>

<net id="330"><net_src comp="42" pin="0"/><net_sink comp="246" pin=21"/></net>

<net id="331"><net_src comp="40" pin="0"/><net_sink comp="246" pin=22"/></net>

<net id="332"><net_src comp="50" pin="0"/><net_sink comp="246" pin=23"/></net>

<net id="333"><net_src comp="48" pin="0"/><net_sink comp="246" pin=24"/></net>

<net id="334"><net_src comp="58" pin="0"/><net_sink comp="246" pin=25"/></net>

<net id="335"><net_src comp="56" pin="0"/><net_sink comp="246" pin=26"/></net>

<net id="336"><net_src comp="66" pin="0"/><net_sink comp="246" pin=27"/></net>

<net id="337"><net_src comp="64" pin="0"/><net_sink comp="246" pin=28"/></net>

<net id="338"><net_src comp="74" pin="0"/><net_sink comp="246" pin=29"/></net>

<net id="339"><net_src comp="72" pin="0"/><net_sink comp="246" pin=30"/></net>

<net id="340"><net_src comp="82" pin="0"/><net_sink comp="246" pin=31"/></net>

<net id="341"><net_src comp="80" pin="0"/><net_sink comp="246" pin=32"/></net>

<net id="342"><net_src comp="90" pin="0"/><net_sink comp="246" pin=33"/></net>

<net id="343"><net_src comp="88" pin="0"/><net_sink comp="246" pin=34"/></net>

<net id="344"><net_src comp="98" pin="0"/><net_sink comp="246" pin=35"/></net>

<net id="345"><net_src comp="96" pin="0"/><net_sink comp="246" pin=36"/></net>

<net id="346"><net_src comp="14" pin="0"/><net_sink comp="246" pin=37"/></net>

<net id="347"><net_src comp="12" pin="0"/><net_sink comp="246" pin=38"/></net>

<net id="348"><net_src comp="22" pin="0"/><net_sink comp="246" pin=39"/></net>

<net id="349"><net_src comp="20" pin="0"/><net_sink comp="246" pin=40"/></net>

<net id="350"><net_src comp="30" pin="0"/><net_sink comp="246" pin=41"/></net>

<net id="351"><net_src comp="28" pin="0"/><net_sink comp="246" pin=42"/></net>

<net id="352"><net_src comp="38" pin="0"/><net_sink comp="246" pin=43"/></net>

<net id="353"><net_src comp="36" pin="0"/><net_sink comp="246" pin=44"/></net>

<net id="354"><net_src comp="46" pin="0"/><net_sink comp="246" pin=45"/></net>

<net id="355"><net_src comp="44" pin="0"/><net_sink comp="246" pin=46"/></net>

<net id="356"><net_src comp="54" pin="0"/><net_sink comp="246" pin=47"/></net>

<net id="357"><net_src comp="52" pin="0"/><net_sink comp="246" pin=48"/></net>

<net id="358"><net_src comp="62" pin="0"/><net_sink comp="246" pin=49"/></net>

<net id="359"><net_src comp="60" pin="0"/><net_sink comp="246" pin=50"/></net>

<net id="360"><net_src comp="70" pin="0"/><net_sink comp="246" pin=51"/></net>

<net id="361"><net_src comp="68" pin="0"/><net_sink comp="246" pin=52"/></net>

<net id="362"><net_src comp="78" pin="0"/><net_sink comp="246" pin=53"/></net>

<net id="363"><net_src comp="76" pin="0"/><net_sink comp="246" pin=54"/></net>

<net id="364"><net_src comp="86" pin="0"/><net_sink comp="246" pin=55"/></net>

<net id="365"><net_src comp="84" pin="0"/><net_sink comp="246" pin=56"/></net>

<net id="366"><net_src comp="94" pin="0"/><net_sink comp="246" pin=57"/></net>

<net id="367"><net_src comp="92" pin="0"/><net_sink comp="246" pin=58"/></net>

<net id="368"><net_src comp="102" pin="0"/><net_sink comp="246" pin=59"/></net>

<net id="369"><net_src comp="100" pin="0"/><net_sink comp="246" pin=60"/></net>

<net id="370"><net_src comp="108" pin="0"/><net_sink comp="246" pin=61"/></net>

<net id="371"><net_src comp="110" pin="0"/><net_sink comp="246" pin=62"/></net>

<net id="372"><net_src comp="112" pin="0"/><net_sink comp="246" pin=63"/></net>

<net id="373"><net_src comp="114" pin="0"/><net_sink comp="246" pin=64"/></net>

<net id="374"><net_src comp="116" pin="0"/><net_sink comp="246" pin=65"/></net>

<net id="375"><net_src comp="118" pin="0"/><net_sink comp="246" pin=66"/></net>

<net id="376"><net_src comp="120" pin="0"/><net_sink comp="246" pin=67"/></net>

<net id="377"><net_src comp="122" pin="0"/><net_sink comp="246" pin=68"/></net>

<net id="378"><net_src comp="124" pin="0"/><net_sink comp="246" pin=69"/></net>

<net id="379"><net_src comp="126" pin="0"/><net_sink comp="246" pin=70"/></net>

<net id="380"><net_src comp="128" pin="0"/><net_sink comp="246" pin=71"/></net>

<net id="381"><net_src comp="130" pin="0"/><net_sink comp="246" pin=72"/></net>

<net id="386"><net_src comp="144" pin="0"/><net_sink comp="382" pin=0"/></net>

<net id="393"><net_src comp="106" pin="0"/><net_sink comp="390" pin=0"/></net>

<net id="398"><net_src comp="390" pin="1"/><net_sink comp="394" pin=0"/></net>

<net id="399"><net_src comp="132" pin="0"/><net_sink comp="394" pin=1"/></net>

<net id="403"><net_src comp="104" pin="0"/><net_sink comp="400" pin=0"/></net>

<net id="408"><net_src comp="387" pin="1"/><net_sink comp="404" pin=0"/></net>

<net id="409"><net_src comp="146" pin="0"/><net_sink comp="404" pin=1"/></net>

<net id="413"><net_src comp="4" pin="0"/><net_sink comp="410" pin=0"/></net>

<net id="418"><net_src comp="410" pin="1"/><net_sink comp="414" pin=0"/></net>

<net id="419"><net_src comp="132" pin="0"/><net_sink comp="414" pin=1"/></net>

<net id="423"><net_src comp="6" pin="0"/><net_sink comp="420" pin=0"/></net>

<net id="428"><net_src comp="420" pin="1"/><net_sink comp="424" pin=0"/></net>

<net id="429"><net_src comp="138" pin="0"/><net_sink comp="424" pin=1"/></net>

<net id="434"><net_src comp="400" pin="1"/><net_sink comp="430" pin=0"/></net>

<net id="435"><net_src comp="138" pin="0"/><net_sink comp="430" pin=1"/></net>

<net id="440"><net_src comp="424" pin="2"/><net_sink comp="436" pin=0"/></net>

<net id="441"><net_src comp="430" pin="2"/><net_sink comp="436" pin=1"/></net>

<net id="446"><net_src comp="436" pin="2"/><net_sink comp="442" pin=0"/></net>

<net id="447"><net_src comp="414" pin="2"/><net_sink comp="442" pin=1"/></net>

<net id="452"><net_src comp="400" pin="1"/><net_sink comp="448" pin=0"/></net>

<net id="453"><net_src comp="132" pin="0"/><net_sink comp="448" pin=1"/></net>

<net id="458"><net_src comp="448" pin="2"/><net_sink comp="454" pin=0"/></net>

<net id="459"><net_src comp="148" pin="0"/><net_sink comp="454" pin=1"/></net>

<net id="464"><net_src comp="448" pin="2"/><net_sink comp="460" pin=0"/></net>

<net id="465"><net_src comp="104" pin="0"/><net_sink comp="460" pin=1"/></net>

<net id="470"><net_src comp="390" pin="1"/><net_sink comp="466" pin=0"/></net>

<net id="471"><net_src comp="132" pin="0"/><net_sink comp="466" pin=1"/></net>

<net id="477"><net_src comp="394" pin="2"/><net_sink comp="472" pin=0"/></net>

<net id="478"><net_src comp="138" pin="0"/><net_sink comp="472" pin=1"/></net>

<net id="479"><net_src comp="466" pin="2"/><net_sink comp="472" pin=2"/></net>

<net id="484"><net_src comp="472" pin="3"/><net_sink comp="480" pin=0"/></net>

<net id="485"><net_src comp="106" pin="0"/><net_sink comp="480" pin=1"/></net>

<net id="490"><net_src comp="138" pin="0"/><net_sink comp="486" pin=0"/></net>

<net id="491"><net_src comp="104" pin="0"/><net_sink comp="486" pin=1"/></net>

<net id="496"><net_src comp="138" pin="0"/><net_sink comp="492" pin=0"/></net>

<net id="497"><net_src comp="106" pin="0"/><net_sink comp="492" pin=1"/></net>

<net id="501"><net_src comp="6" pin="0"/><net_sink comp="498" pin=0"/></net>

<net id="506"><net_src comp="498" pin="1"/><net_sink comp="502" pin=0"/></net>

<net id="507"><net_src comp="132" pin="0"/><net_sink comp="502" pin=1"/></net>

<net id="512"><net_src comp="502" pin="2"/><net_sink comp="508" pin=0"/></net>

<net id="513"><net_src comp="150" pin="0"/><net_sink comp="508" pin=1"/></net>

<net id="518"><net_src comp="502" pin="2"/><net_sink comp="514" pin=0"/></net>

<net id="519"><net_src comp="6" pin="0"/><net_sink comp="514" pin=1"/></net>

<net id="523"><net_src comp="4" pin="0"/><net_sink comp="520" pin=0"/></net>

<net id="528"><net_src comp="520" pin="1"/><net_sink comp="524" pin=0"/></net>

<net id="529"><net_src comp="132" pin="0"/><net_sink comp="524" pin=1"/></net>

<net id="534"><net_src comp="520" pin="1"/><net_sink comp="530" pin=0"/></net>

<net id="535"><net_src comp="132" pin="0"/><net_sink comp="530" pin=1"/></net>

<net id="541"><net_src comp="524" pin="2"/><net_sink comp="536" pin=0"/></net>

<net id="542"><net_src comp="138" pin="0"/><net_sink comp="536" pin=1"/></net>

<net id="543"><net_src comp="530" pin="2"/><net_sink comp="536" pin=2"/></net>

<net id="548"><net_src comp="138" pin="0"/><net_sink comp="544" pin=0"/></net>

<net id="549"><net_src comp="6" pin="0"/><net_sink comp="544" pin=1"/></net>

<net id="554"><net_src comp="387" pin="1"/><net_sink comp="550" pin=0"/></net>

<net id="555"><net_src comp="152" pin="0"/><net_sink comp="550" pin=1"/></net>

<net id="560"><net_src comp="404" pin="2"/><net_sink comp="556" pin=0"/></net>

<net id="564"><net_src comp="222" pin="2"/><net_sink comp="561" pin=0"/></net>

<net id="565"><net_src comp="561" pin="1"/><net_sink comp="246" pin=1"/></net>

<net id="572"><net_src comp="166" pin="0"/><net_sink comp="566" pin=0"/></net>

<net id="573"><net_src comp="222" pin="2"/><net_sink comp="566" pin=1"/></net>

<net id="574"><net_src comp="150" pin="0"/><net_sink comp="566" pin=2"/></net>

<net id="575"><net_src comp="168" pin="0"/><net_sink comp="566" pin=3"/></net>

<net id="576"><net_src comp="566" pin="4"/><net_sink comp="246" pin=2"/></net>

<net id="583"><net_src comp="166" pin="0"/><net_sink comp="577" pin=0"/></net>

<net id="584"><net_src comp="222" pin="2"/><net_sink comp="577" pin=1"/></net>

<net id="585"><net_src comp="170" pin="0"/><net_sink comp="577" pin=2"/></net>

<net id="586"><net_src comp="172" pin="0"/><net_sink comp="577" pin=3"/></net>

<net id="587"><net_src comp="577" pin="4"/><net_sink comp="246" pin=3"/></net>

<net id="594"><net_src comp="166" pin="0"/><net_sink comp="588" pin=0"/></net>

<net id="595"><net_src comp="222" pin="2"/><net_sink comp="588" pin=1"/></net>

<net id="596"><net_src comp="174" pin="0"/><net_sink comp="588" pin=2"/></net>

<net id="597"><net_src comp="176" pin="0"/><net_sink comp="588" pin=3"/></net>

<net id="598"><net_src comp="588" pin="4"/><net_sink comp="246" pin=4"/></net>

<net id="605"><net_src comp="166" pin="0"/><net_sink comp="599" pin=0"/></net>

<net id="606"><net_src comp="222" pin="2"/><net_sink comp="599" pin=1"/></net>

<net id="607"><net_src comp="178" pin="0"/><net_sink comp="599" pin=2"/></net>

<net id="608"><net_src comp="180" pin="0"/><net_sink comp="599" pin=3"/></net>

<net id="609"><net_src comp="599" pin="4"/><net_sink comp="246" pin=5"/></net>

<net id="616"><net_src comp="166" pin="0"/><net_sink comp="610" pin=0"/></net>

<net id="617"><net_src comp="222" pin="2"/><net_sink comp="610" pin=1"/></net>

<net id="618"><net_src comp="182" pin="0"/><net_sink comp="610" pin=2"/></net>

<net id="619"><net_src comp="184" pin="0"/><net_sink comp="610" pin=3"/></net>

<net id="620"><net_src comp="610" pin="4"/><net_sink comp="246" pin=6"/></net>

<net id="627"><net_src comp="166" pin="0"/><net_sink comp="621" pin=0"/></net>

<net id="628"><net_src comp="222" pin="2"/><net_sink comp="621" pin=1"/></net>

<net id="629"><net_src comp="186" pin="0"/><net_sink comp="621" pin=2"/></net>

<net id="630"><net_src comp="188" pin="0"/><net_sink comp="621" pin=3"/></net>

<net id="631"><net_src comp="621" pin="4"/><net_sink comp="246" pin=7"/></net>

<net id="638"><net_src comp="166" pin="0"/><net_sink comp="632" pin=0"/></net>

<net id="639"><net_src comp="222" pin="2"/><net_sink comp="632" pin=1"/></net>

<net id="640"><net_src comp="190" pin="0"/><net_sink comp="632" pin=2"/></net>

<net id="641"><net_src comp="192" pin="0"/><net_sink comp="632" pin=3"/></net>

<net id="642"><net_src comp="632" pin="4"/><net_sink comp="246" pin=8"/></net>

<net id="649"><net_src comp="166" pin="0"/><net_sink comp="643" pin=0"/></net>

<net id="650"><net_src comp="222" pin="2"/><net_sink comp="643" pin=1"/></net>

<net id="651"><net_src comp="194" pin="0"/><net_sink comp="643" pin=2"/></net>

<net id="652"><net_src comp="196" pin="0"/><net_sink comp="643" pin=3"/></net>

<net id="653"><net_src comp="643" pin="4"/><net_sink comp="246" pin=9"/></net>

<net id="660"><net_src comp="166" pin="0"/><net_sink comp="654" pin=0"/></net>

<net id="661"><net_src comp="222" pin="2"/><net_sink comp="654" pin=1"/></net>

<net id="662"><net_src comp="198" pin="0"/><net_sink comp="654" pin=2"/></net>

<net id="663"><net_src comp="200" pin="0"/><net_sink comp="654" pin=3"/></net>

<net id="664"><net_src comp="654" pin="4"/><net_sink comp="246" pin=10"/></net>

<net id="671"><net_src comp="166" pin="0"/><net_sink comp="665" pin=0"/></net>

<net id="672"><net_src comp="222" pin="2"/><net_sink comp="665" pin=1"/></net>

<net id="673"><net_src comp="202" pin="0"/><net_sink comp="665" pin=2"/></net>

<net id="674"><net_src comp="204" pin="0"/><net_sink comp="665" pin=3"/></net>

<net id="675"><net_src comp="665" pin="4"/><net_sink comp="246" pin=11"/></net>

<net id="682"><net_src comp="166" pin="0"/><net_sink comp="676" pin=0"/></net>

<net id="683"><net_src comp="222" pin="2"/><net_sink comp="676" pin=1"/></net>

<net id="684"><net_src comp="206" pin="0"/><net_sink comp="676" pin=2"/></net>

<net id="685"><net_src comp="208" pin="0"/><net_sink comp="676" pin=3"/></net>

<net id="686"><net_src comp="676" pin="4"/><net_sink comp="246" pin=12"/></net>

<net id="691"><net_src comp="239" pin="4"/><net_sink comp="687" pin=0"/></net>

<net id="692"><net_src comp="4" pin="0"/><net_sink comp="687" pin=1"/></net>

<net id="696"><net_src comp="8" pin="0"/><net_sink comp="693" pin=0"/></net>

<net id="700"><net_src comp="10" pin="0"/><net_sink comp="697" pin=0"/></net>

<net id="704"><net_src comp="12" pin="0"/><net_sink comp="701" pin=0"/></net>

<net id="708"><net_src comp="14" pin="0"/><net_sink comp="705" pin=0"/></net>

<net id="713"><net_src comp="693" pin="1"/><net_sink comp="709" pin=0"/></net>

<net id="714"><net_src comp="697" pin="1"/><net_sink comp="709" pin=1"/></net>

<net id="719"><net_src comp="709" pin="2"/><net_sink comp="715" pin=0"/></net>

<net id="720"><net_src comp="212" pin="0"/><net_sink comp="715" pin=1"/></net>

<net id="726"><net_src comp="715" pin="2"/><net_sink comp="721" pin=0"/></net>

<net id="727"><net_src comp="693" pin="1"/><net_sink comp="721" pin=1"/></net>

<net id="728"><net_src comp="697" pin="1"/><net_sink comp="721" pin=2"/></net>

<net id="733"><net_src comp="701" pin="1"/><net_sink comp="729" pin=0"/></net>

<net id="734"><net_src comp="705" pin="1"/><net_sink comp="729" pin=1"/></net>

<net id="739"><net_src comp="729" pin="2"/><net_sink comp="735" pin=0"/></net>

<net id="740"><net_src comp="212" pin="0"/><net_sink comp="735" pin=1"/></net>

<net id="746"><net_src comp="735" pin="2"/><net_sink comp="741" pin=0"/></net>

<net id="747"><net_src comp="701" pin="1"/><net_sink comp="741" pin=1"/></net>

<net id="748"><net_src comp="705" pin="1"/><net_sink comp="741" pin=2"/></net>

<net id="753"><net_src comp="721" pin="3"/><net_sink comp="749" pin=0"/></net>

<net id="754"><net_src comp="741" pin="3"/><net_sink comp="749" pin=1"/></net>

<net id="759"><net_src comp="749" pin="2"/><net_sink comp="755" pin=0"/></net>

<net id="760"><net_src comp="212" pin="0"/><net_sink comp="755" pin=1"/></net>

<net id="766"><net_src comp="755" pin="2"/><net_sink comp="761" pin=0"/></net>

<net id="767"><net_src comp="721" pin="3"/><net_sink comp="761" pin=1"/></net>

<net id="768"><net_src comp="741" pin="3"/><net_sink comp="761" pin=2"/></net>

<net id="772"><net_src comp="16" pin="0"/><net_sink comp="769" pin=0"/></net>

<net id="776"><net_src comp="18" pin="0"/><net_sink comp="773" pin=0"/></net>

<net id="780"><net_src comp="20" pin="0"/><net_sink comp="777" pin=0"/></net>

<net id="784"><net_src comp="22" pin="0"/><net_sink comp="781" pin=0"/></net>

<net id="789"><net_src comp="769" pin="1"/><net_sink comp="785" pin=0"/></net>

<net id="790"><net_src comp="773" pin="1"/><net_sink comp="785" pin=1"/></net>

<net id="795"><net_src comp="785" pin="2"/><net_sink comp="791" pin=0"/></net>

<net id="796"><net_src comp="212" pin="0"/><net_sink comp="791" pin=1"/></net>

<net id="802"><net_src comp="791" pin="2"/><net_sink comp="797" pin=0"/></net>

<net id="803"><net_src comp="769" pin="1"/><net_sink comp="797" pin=1"/></net>

<net id="804"><net_src comp="773" pin="1"/><net_sink comp="797" pin=2"/></net>

<net id="809"><net_src comp="777" pin="1"/><net_sink comp="805" pin=0"/></net>

<net id="810"><net_src comp="781" pin="1"/><net_sink comp="805" pin=1"/></net>

<net id="815"><net_src comp="805" pin="2"/><net_sink comp="811" pin=0"/></net>

<net id="816"><net_src comp="212" pin="0"/><net_sink comp="811" pin=1"/></net>

<net id="822"><net_src comp="811" pin="2"/><net_sink comp="817" pin=0"/></net>

<net id="823"><net_src comp="777" pin="1"/><net_sink comp="817" pin=1"/></net>

<net id="824"><net_src comp="781" pin="1"/><net_sink comp="817" pin=2"/></net>

<net id="829"><net_src comp="797" pin="3"/><net_sink comp="825" pin=0"/></net>

<net id="830"><net_src comp="817" pin="3"/><net_sink comp="825" pin=1"/></net>

<net id="835"><net_src comp="825" pin="2"/><net_sink comp="831" pin=0"/></net>

<net id="836"><net_src comp="212" pin="0"/><net_sink comp="831" pin=1"/></net>

<net id="842"><net_src comp="831" pin="2"/><net_sink comp="837" pin=0"/></net>

<net id="843"><net_src comp="797" pin="3"/><net_sink comp="837" pin=1"/></net>

<net id="844"><net_src comp="817" pin="3"/><net_sink comp="837" pin=2"/></net>

<net id="848"><net_src comp="24" pin="0"/><net_sink comp="845" pin=0"/></net>

<net id="852"><net_src comp="26" pin="0"/><net_sink comp="849" pin=0"/></net>

<net id="856"><net_src comp="28" pin="0"/><net_sink comp="853" pin=0"/></net>

<net id="860"><net_src comp="30" pin="0"/><net_sink comp="857" pin=0"/></net>

<net id="865"><net_src comp="845" pin="1"/><net_sink comp="861" pin=0"/></net>

<net id="866"><net_src comp="849" pin="1"/><net_sink comp="861" pin=1"/></net>

<net id="871"><net_src comp="861" pin="2"/><net_sink comp="867" pin=0"/></net>

<net id="872"><net_src comp="212" pin="0"/><net_sink comp="867" pin=1"/></net>

<net id="878"><net_src comp="867" pin="2"/><net_sink comp="873" pin=0"/></net>

<net id="879"><net_src comp="845" pin="1"/><net_sink comp="873" pin=1"/></net>

<net id="880"><net_src comp="849" pin="1"/><net_sink comp="873" pin=2"/></net>

<net id="885"><net_src comp="853" pin="1"/><net_sink comp="881" pin=0"/></net>

<net id="886"><net_src comp="857" pin="1"/><net_sink comp="881" pin=1"/></net>

<net id="891"><net_src comp="881" pin="2"/><net_sink comp="887" pin=0"/></net>

<net id="892"><net_src comp="212" pin="0"/><net_sink comp="887" pin=1"/></net>

<net id="898"><net_src comp="887" pin="2"/><net_sink comp="893" pin=0"/></net>

<net id="899"><net_src comp="853" pin="1"/><net_sink comp="893" pin=1"/></net>

<net id="900"><net_src comp="857" pin="1"/><net_sink comp="893" pin=2"/></net>

<net id="905"><net_src comp="873" pin="3"/><net_sink comp="901" pin=0"/></net>

<net id="906"><net_src comp="893" pin="3"/><net_sink comp="901" pin=1"/></net>

<net id="911"><net_src comp="901" pin="2"/><net_sink comp="907" pin=0"/></net>

<net id="912"><net_src comp="212" pin="0"/><net_sink comp="907" pin=1"/></net>

<net id="918"><net_src comp="907" pin="2"/><net_sink comp="913" pin=0"/></net>

<net id="919"><net_src comp="873" pin="3"/><net_sink comp="913" pin=1"/></net>

<net id="920"><net_src comp="893" pin="3"/><net_sink comp="913" pin=2"/></net>

<net id="924"><net_src comp="32" pin="0"/><net_sink comp="921" pin=0"/></net>

<net id="928"><net_src comp="34" pin="0"/><net_sink comp="925" pin=0"/></net>

<net id="932"><net_src comp="36" pin="0"/><net_sink comp="929" pin=0"/></net>

<net id="936"><net_src comp="38" pin="0"/><net_sink comp="933" pin=0"/></net>

<net id="941"><net_src comp="921" pin="1"/><net_sink comp="937" pin=0"/></net>

<net id="942"><net_src comp="925" pin="1"/><net_sink comp="937" pin=1"/></net>

<net id="947"><net_src comp="937" pin="2"/><net_sink comp="943" pin=0"/></net>

<net id="948"><net_src comp="212" pin="0"/><net_sink comp="943" pin=1"/></net>

<net id="954"><net_src comp="943" pin="2"/><net_sink comp="949" pin=0"/></net>

<net id="955"><net_src comp="921" pin="1"/><net_sink comp="949" pin=1"/></net>

<net id="956"><net_src comp="925" pin="1"/><net_sink comp="949" pin=2"/></net>

<net id="961"><net_src comp="929" pin="1"/><net_sink comp="957" pin=0"/></net>

<net id="962"><net_src comp="933" pin="1"/><net_sink comp="957" pin=1"/></net>

<net id="967"><net_src comp="957" pin="2"/><net_sink comp="963" pin=0"/></net>

<net id="968"><net_src comp="212" pin="0"/><net_sink comp="963" pin=1"/></net>

<net id="974"><net_src comp="963" pin="2"/><net_sink comp="969" pin=0"/></net>

<net id="975"><net_src comp="929" pin="1"/><net_sink comp="969" pin=1"/></net>

<net id="976"><net_src comp="933" pin="1"/><net_sink comp="969" pin=2"/></net>

<net id="981"><net_src comp="949" pin="3"/><net_sink comp="977" pin=0"/></net>

<net id="982"><net_src comp="969" pin="3"/><net_sink comp="977" pin=1"/></net>

<net id="987"><net_src comp="977" pin="2"/><net_sink comp="983" pin=0"/></net>

<net id="988"><net_src comp="212" pin="0"/><net_sink comp="983" pin=1"/></net>

<net id="994"><net_src comp="983" pin="2"/><net_sink comp="989" pin=0"/></net>

<net id="995"><net_src comp="949" pin="3"/><net_sink comp="989" pin=1"/></net>

<net id="996"><net_src comp="969" pin="3"/><net_sink comp="989" pin=2"/></net>

<net id="1000"><net_src comp="40" pin="0"/><net_sink comp="997" pin=0"/></net>

<net id="1004"><net_src comp="42" pin="0"/><net_sink comp="1001" pin=0"/></net>

<net id="1008"><net_src comp="44" pin="0"/><net_sink comp="1005" pin=0"/></net>

<net id="1012"><net_src comp="46" pin="0"/><net_sink comp="1009" pin=0"/></net>

<net id="1017"><net_src comp="997" pin="1"/><net_sink comp="1013" pin=0"/></net>

<net id="1018"><net_src comp="1001" pin="1"/><net_sink comp="1013" pin=1"/></net>

<net id="1023"><net_src comp="1013" pin="2"/><net_sink comp="1019" pin=0"/></net>

<net id="1024"><net_src comp="212" pin="0"/><net_sink comp="1019" pin=1"/></net>

<net id="1030"><net_src comp="1019" pin="2"/><net_sink comp="1025" pin=0"/></net>

<net id="1031"><net_src comp="997" pin="1"/><net_sink comp="1025" pin=1"/></net>

<net id="1032"><net_src comp="1001" pin="1"/><net_sink comp="1025" pin=2"/></net>

<net id="1037"><net_src comp="1005" pin="1"/><net_sink comp="1033" pin=0"/></net>

<net id="1038"><net_src comp="1009" pin="1"/><net_sink comp="1033" pin=1"/></net>

<net id="1043"><net_src comp="1033" pin="2"/><net_sink comp="1039" pin=0"/></net>

<net id="1044"><net_src comp="212" pin="0"/><net_sink comp="1039" pin=1"/></net>

<net id="1050"><net_src comp="1039" pin="2"/><net_sink comp="1045" pin=0"/></net>

<net id="1051"><net_src comp="1005" pin="1"/><net_sink comp="1045" pin=1"/></net>

<net id="1052"><net_src comp="1009" pin="1"/><net_sink comp="1045" pin=2"/></net>

<net id="1057"><net_src comp="1025" pin="3"/><net_sink comp="1053" pin=0"/></net>

<net id="1058"><net_src comp="1045" pin="3"/><net_sink comp="1053" pin=1"/></net>

<net id="1063"><net_src comp="1053" pin="2"/><net_sink comp="1059" pin=0"/></net>

<net id="1064"><net_src comp="212" pin="0"/><net_sink comp="1059" pin=1"/></net>

<net id="1070"><net_src comp="1059" pin="2"/><net_sink comp="1065" pin=0"/></net>

<net id="1071"><net_src comp="1025" pin="3"/><net_sink comp="1065" pin=1"/></net>

<net id="1072"><net_src comp="1045" pin="3"/><net_sink comp="1065" pin=2"/></net>

<net id="1076"><net_src comp="48" pin="0"/><net_sink comp="1073" pin=0"/></net>

<net id="1080"><net_src comp="50" pin="0"/><net_sink comp="1077" pin=0"/></net>

<net id="1084"><net_src comp="52" pin="0"/><net_sink comp="1081" pin=0"/></net>

<net id="1088"><net_src comp="54" pin="0"/><net_sink comp="1085" pin=0"/></net>

<net id="1093"><net_src comp="1073" pin="1"/><net_sink comp="1089" pin=0"/></net>

<net id="1094"><net_src comp="1077" pin="1"/><net_sink comp="1089" pin=1"/></net>

<net id="1099"><net_src comp="1089" pin="2"/><net_sink comp="1095" pin=0"/></net>

<net id="1100"><net_src comp="212" pin="0"/><net_sink comp="1095" pin=1"/></net>

<net id="1106"><net_src comp="1095" pin="2"/><net_sink comp="1101" pin=0"/></net>

<net id="1107"><net_src comp="1073" pin="1"/><net_sink comp="1101" pin=1"/></net>

<net id="1108"><net_src comp="1077" pin="1"/><net_sink comp="1101" pin=2"/></net>

<net id="1113"><net_src comp="1081" pin="1"/><net_sink comp="1109" pin=0"/></net>

<net id="1114"><net_src comp="1085" pin="1"/><net_sink comp="1109" pin=1"/></net>

<net id="1119"><net_src comp="1109" pin="2"/><net_sink comp="1115" pin=0"/></net>

<net id="1120"><net_src comp="212" pin="0"/><net_sink comp="1115" pin=1"/></net>

<net id="1126"><net_src comp="1115" pin="2"/><net_sink comp="1121" pin=0"/></net>

<net id="1127"><net_src comp="1081" pin="1"/><net_sink comp="1121" pin=1"/></net>

<net id="1128"><net_src comp="1085" pin="1"/><net_sink comp="1121" pin=2"/></net>

<net id="1133"><net_src comp="1101" pin="3"/><net_sink comp="1129" pin=0"/></net>

<net id="1134"><net_src comp="1121" pin="3"/><net_sink comp="1129" pin=1"/></net>

<net id="1139"><net_src comp="1129" pin="2"/><net_sink comp="1135" pin=0"/></net>

<net id="1140"><net_src comp="212" pin="0"/><net_sink comp="1135" pin=1"/></net>

<net id="1146"><net_src comp="1135" pin="2"/><net_sink comp="1141" pin=0"/></net>

<net id="1147"><net_src comp="1101" pin="3"/><net_sink comp="1141" pin=1"/></net>

<net id="1148"><net_src comp="1121" pin="3"/><net_sink comp="1141" pin=2"/></net>

<net id="1152"><net_src comp="56" pin="0"/><net_sink comp="1149" pin=0"/></net>

<net id="1156"><net_src comp="58" pin="0"/><net_sink comp="1153" pin=0"/></net>

<net id="1160"><net_src comp="60" pin="0"/><net_sink comp="1157" pin=0"/></net>

<net id="1164"><net_src comp="62" pin="0"/><net_sink comp="1161" pin=0"/></net>

<net id="1169"><net_src comp="1149" pin="1"/><net_sink comp="1165" pin=0"/></net>

<net id="1170"><net_src comp="1153" pin="1"/><net_sink comp="1165" pin=1"/></net>

<net id="1175"><net_src comp="1165" pin="2"/><net_sink comp="1171" pin=0"/></net>

<net id="1176"><net_src comp="212" pin="0"/><net_sink comp="1171" pin=1"/></net>

<net id="1182"><net_src comp="1171" pin="2"/><net_sink comp="1177" pin=0"/></net>

<net id="1183"><net_src comp="1149" pin="1"/><net_sink comp="1177" pin=1"/></net>

<net id="1184"><net_src comp="1153" pin="1"/><net_sink comp="1177" pin=2"/></net>

<net id="1189"><net_src comp="1157" pin="1"/><net_sink comp="1185" pin=0"/></net>

<net id="1190"><net_src comp="1161" pin="1"/><net_sink comp="1185" pin=1"/></net>

<net id="1195"><net_src comp="1185" pin="2"/><net_sink comp="1191" pin=0"/></net>

<net id="1196"><net_src comp="212" pin="0"/><net_sink comp="1191" pin=1"/></net>

<net id="1202"><net_src comp="1191" pin="2"/><net_sink comp="1197" pin=0"/></net>

<net id="1203"><net_src comp="1157" pin="1"/><net_sink comp="1197" pin=1"/></net>

<net id="1204"><net_src comp="1161" pin="1"/><net_sink comp="1197" pin=2"/></net>

<net id="1209"><net_src comp="1177" pin="3"/><net_sink comp="1205" pin=0"/></net>

<net id="1210"><net_src comp="1197" pin="3"/><net_sink comp="1205" pin=1"/></net>

<net id="1215"><net_src comp="1205" pin="2"/><net_sink comp="1211" pin=0"/></net>

<net id="1216"><net_src comp="212" pin="0"/><net_sink comp="1211" pin=1"/></net>

<net id="1222"><net_src comp="1211" pin="2"/><net_sink comp="1217" pin=0"/></net>

<net id="1223"><net_src comp="1177" pin="3"/><net_sink comp="1217" pin=1"/></net>

<net id="1224"><net_src comp="1197" pin="3"/><net_sink comp="1217" pin=2"/></net>

<net id="1228"><net_src comp="64" pin="0"/><net_sink comp="1225" pin=0"/></net>

<net id="1232"><net_src comp="66" pin="0"/><net_sink comp="1229" pin=0"/></net>

<net id="1236"><net_src comp="68" pin="0"/><net_sink comp="1233" pin=0"/></net>

<net id="1240"><net_src comp="70" pin="0"/><net_sink comp="1237" pin=0"/></net>

<net id="1245"><net_src comp="1225" pin="1"/><net_sink comp="1241" pin=0"/></net>

<net id="1246"><net_src comp="1229" pin="1"/><net_sink comp="1241" pin=1"/></net>

<net id="1251"><net_src comp="1241" pin="2"/><net_sink comp="1247" pin=0"/></net>

<net id="1252"><net_src comp="212" pin="0"/><net_sink comp="1247" pin=1"/></net>

<net id="1258"><net_src comp="1247" pin="2"/><net_sink comp="1253" pin=0"/></net>

<net id="1259"><net_src comp="1225" pin="1"/><net_sink comp="1253" pin=1"/></net>

<net id="1260"><net_src comp="1229" pin="1"/><net_sink comp="1253" pin=2"/></net>

<net id="1265"><net_src comp="1233" pin="1"/><net_sink comp="1261" pin=0"/></net>

<net id="1266"><net_src comp="1237" pin="1"/><net_sink comp="1261" pin=1"/></net>

<net id="1271"><net_src comp="1261" pin="2"/><net_sink comp="1267" pin=0"/></net>

<net id="1272"><net_src comp="212" pin="0"/><net_sink comp="1267" pin=1"/></net>

<net id="1278"><net_src comp="1267" pin="2"/><net_sink comp="1273" pin=0"/></net>

<net id="1279"><net_src comp="1233" pin="1"/><net_sink comp="1273" pin=1"/></net>

<net id="1280"><net_src comp="1237" pin="1"/><net_sink comp="1273" pin=2"/></net>

<net id="1285"><net_src comp="1253" pin="3"/><net_sink comp="1281" pin=0"/></net>

<net id="1286"><net_src comp="1273" pin="3"/><net_sink comp="1281" pin=1"/></net>

<net id="1291"><net_src comp="1281" pin="2"/><net_sink comp="1287" pin=0"/></net>

<net id="1292"><net_src comp="212" pin="0"/><net_sink comp="1287" pin=1"/></net>

<net id="1298"><net_src comp="1287" pin="2"/><net_sink comp="1293" pin=0"/></net>

<net id="1299"><net_src comp="1253" pin="3"/><net_sink comp="1293" pin=1"/></net>

<net id="1300"><net_src comp="1273" pin="3"/><net_sink comp="1293" pin=2"/></net>

<net id="1304"><net_src comp="72" pin="0"/><net_sink comp="1301" pin=0"/></net>

<net id="1308"><net_src comp="74" pin="0"/><net_sink comp="1305" pin=0"/></net>

<net id="1312"><net_src comp="76" pin="0"/><net_sink comp="1309" pin=0"/></net>

<net id="1316"><net_src comp="78" pin="0"/><net_sink comp="1313" pin=0"/></net>

<net id="1321"><net_src comp="1301" pin="1"/><net_sink comp="1317" pin=0"/></net>

<net id="1322"><net_src comp="1305" pin="1"/><net_sink comp="1317" pin=1"/></net>

<net id="1327"><net_src comp="1317" pin="2"/><net_sink comp="1323" pin=0"/></net>

<net id="1328"><net_src comp="212" pin="0"/><net_sink comp="1323" pin=1"/></net>

<net id="1334"><net_src comp="1323" pin="2"/><net_sink comp="1329" pin=0"/></net>

<net id="1335"><net_src comp="1301" pin="1"/><net_sink comp="1329" pin=1"/></net>

<net id="1336"><net_src comp="1305" pin="1"/><net_sink comp="1329" pin=2"/></net>

<net id="1341"><net_src comp="1309" pin="1"/><net_sink comp="1337" pin=0"/></net>

<net id="1342"><net_src comp="1313" pin="1"/><net_sink comp="1337" pin=1"/></net>

<net id="1347"><net_src comp="1337" pin="2"/><net_sink comp="1343" pin=0"/></net>

<net id="1348"><net_src comp="212" pin="0"/><net_sink comp="1343" pin=1"/></net>

<net id="1354"><net_src comp="1343" pin="2"/><net_sink comp="1349" pin=0"/></net>

<net id="1355"><net_src comp="1309" pin="1"/><net_sink comp="1349" pin=1"/></net>

<net id="1356"><net_src comp="1313" pin="1"/><net_sink comp="1349" pin=2"/></net>

<net id="1361"><net_src comp="1329" pin="3"/><net_sink comp="1357" pin=0"/></net>

<net id="1362"><net_src comp="1349" pin="3"/><net_sink comp="1357" pin=1"/></net>

<net id="1367"><net_src comp="1357" pin="2"/><net_sink comp="1363" pin=0"/></net>

<net id="1368"><net_src comp="212" pin="0"/><net_sink comp="1363" pin=1"/></net>

<net id="1374"><net_src comp="1363" pin="2"/><net_sink comp="1369" pin=0"/></net>

<net id="1375"><net_src comp="1329" pin="3"/><net_sink comp="1369" pin=1"/></net>

<net id="1376"><net_src comp="1349" pin="3"/><net_sink comp="1369" pin=2"/></net>

<net id="1380"><net_src comp="80" pin="0"/><net_sink comp="1377" pin=0"/></net>

<net id="1384"><net_src comp="82" pin="0"/><net_sink comp="1381" pin=0"/></net>

<net id="1388"><net_src comp="84" pin="0"/><net_sink comp="1385" pin=0"/></net>

<net id="1392"><net_src comp="86" pin="0"/><net_sink comp="1389" pin=0"/></net>

<net id="1397"><net_src comp="1377" pin="1"/><net_sink comp="1393" pin=0"/></net>

<net id="1398"><net_src comp="1381" pin="1"/><net_sink comp="1393" pin=1"/></net>

<net id="1403"><net_src comp="1393" pin="2"/><net_sink comp="1399" pin=0"/></net>

<net id="1404"><net_src comp="212" pin="0"/><net_sink comp="1399" pin=1"/></net>

<net id="1410"><net_src comp="1399" pin="2"/><net_sink comp="1405" pin=0"/></net>

<net id="1411"><net_src comp="1377" pin="1"/><net_sink comp="1405" pin=1"/></net>

<net id="1412"><net_src comp="1381" pin="1"/><net_sink comp="1405" pin=2"/></net>

<net id="1417"><net_src comp="1385" pin="1"/><net_sink comp="1413" pin=0"/></net>

<net id="1418"><net_src comp="1389" pin="1"/><net_sink comp="1413" pin=1"/></net>

<net id="1423"><net_src comp="1413" pin="2"/><net_sink comp="1419" pin=0"/></net>

<net id="1424"><net_src comp="212" pin="0"/><net_sink comp="1419" pin=1"/></net>

<net id="1430"><net_src comp="1419" pin="2"/><net_sink comp="1425" pin=0"/></net>

<net id="1431"><net_src comp="1385" pin="1"/><net_sink comp="1425" pin=1"/></net>

<net id="1432"><net_src comp="1389" pin="1"/><net_sink comp="1425" pin=2"/></net>

<net id="1437"><net_src comp="1405" pin="3"/><net_sink comp="1433" pin=0"/></net>

<net id="1438"><net_src comp="1425" pin="3"/><net_sink comp="1433" pin=1"/></net>

<net id="1443"><net_src comp="1433" pin="2"/><net_sink comp="1439" pin=0"/></net>

<net id="1444"><net_src comp="212" pin="0"/><net_sink comp="1439" pin=1"/></net>

<net id="1450"><net_src comp="1439" pin="2"/><net_sink comp="1445" pin=0"/></net>

<net id="1451"><net_src comp="1405" pin="3"/><net_sink comp="1445" pin=1"/></net>

<net id="1452"><net_src comp="1425" pin="3"/><net_sink comp="1445" pin=2"/></net>

<net id="1456"><net_src comp="88" pin="0"/><net_sink comp="1453" pin=0"/></net>

<net id="1460"><net_src comp="90" pin="0"/><net_sink comp="1457" pin=0"/></net>

<net id="1464"><net_src comp="92" pin="0"/><net_sink comp="1461" pin=0"/></net>

<net id="1468"><net_src comp="94" pin="0"/><net_sink comp="1465" pin=0"/></net>

<net id="1473"><net_src comp="1453" pin="1"/><net_sink comp="1469" pin=0"/></net>

<net id="1474"><net_src comp="1457" pin="1"/><net_sink comp="1469" pin=1"/></net>

<net id="1479"><net_src comp="1469" pin="2"/><net_sink comp="1475" pin=0"/></net>

<net id="1480"><net_src comp="212" pin="0"/><net_sink comp="1475" pin=1"/></net>

<net id="1486"><net_src comp="1475" pin="2"/><net_sink comp="1481" pin=0"/></net>

<net id="1487"><net_src comp="1453" pin="1"/><net_sink comp="1481" pin=1"/></net>

<net id="1488"><net_src comp="1457" pin="1"/><net_sink comp="1481" pin=2"/></net>

<net id="1493"><net_src comp="1461" pin="1"/><net_sink comp="1489" pin=0"/></net>

<net id="1494"><net_src comp="1465" pin="1"/><net_sink comp="1489" pin=1"/></net>

<net id="1499"><net_src comp="1489" pin="2"/><net_sink comp="1495" pin=0"/></net>

<net id="1500"><net_src comp="212" pin="0"/><net_sink comp="1495" pin=1"/></net>

<net id="1506"><net_src comp="1495" pin="2"/><net_sink comp="1501" pin=0"/></net>

<net id="1507"><net_src comp="1461" pin="1"/><net_sink comp="1501" pin=1"/></net>

<net id="1508"><net_src comp="1465" pin="1"/><net_sink comp="1501" pin=2"/></net>

<net id="1513"><net_src comp="1481" pin="3"/><net_sink comp="1509" pin=0"/></net>

<net id="1514"><net_src comp="1501" pin="3"/><net_sink comp="1509" pin=1"/></net>

<net id="1519"><net_src comp="1509" pin="2"/><net_sink comp="1515" pin=0"/></net>

<net id="1520"><net_src comp="212" pin="0"/><net_sink comp="1515" pin=1"/></net>

<net id="1526"><net_src comp="1515" pin="2"/><net_sink comp="1521" pin=0"/></net>

<net id="1527"><net_src comp="1481" pin="3"/><net_sink comp="1521" pin=1"/></net>

<net id="1528"><net_src comp="1501" pin="3"/><net_sink comp="1521" pin=2"/></net>

<net id="1532"><net_src comp="96" pin="0"/><net_sink comp="1529" pin=0"/></net>

<net id="1536"><net_src comp="98" pin="0"/><net_sink comp="1533" pin=0"/></net>

<net id="1540"><net_src comp="100" pin="0"/><net_sink comp="1537" pin=0"/></net>

<net id="1544"><net_src comp="102" pin="0"/><net_sink comp="1541" pin=0"/></net>

<net id="1549"><net_src comp="1529" pin="1"/><net_sink comp="1545" pin=0"/></net>

<net id="1550"><net_src comp="1533" pin="1"/><net_sink comp="1545" pin=1"/></net>

<net id="1555"><net_src comp="1545" pin="2"/><net_sink comp="1551" pin=0"/></net>

<net id="1556"><net_src comp="212" pin="0"/><net_sink comp="1551" pin=1"/></net>

<net id="1562"><net_src comp="1551" pin="2"/><net_sink comp="1557" pin=0"/></net>

<net id="1563"><net_src comp="1529" pin="1"/><net_sink comp="1557" pin=1"/></net>

<net id="1564"><net_src comp="1533" pin="1"/><net_sink comp="1557" pin=2"/></net>

<net id="1569"><net_src comp="1537" pin="1"/><net_sink comp="1565" pin=0"/></net>

<net id="1570"><net_src comp="1541" pin="1"/><net_sink comp="1565" pin=1"/></net>

<net id="1575"><net_src comp="1565" pin="2"/><net_sink comp="1571" pin=0"/></net>

<net id="1576"><net_src comp="212" pin="0"/><net_sink comp="1571" pin=1"/></net>

<net id="1582"><net_src comp="1571" pin="2"/><net_sink comp="1577" pin=0"/></net>

<net id="1583"><net_src comp="1537" pin="1"/><net_sink comp="1577" pin=1"/></net>

<net id="1584"><net_src comp="1541" pin="1"/><net_sink comp="1577" pin=2"/></net>

<net id="1589"><net_src comp="1557" pin="3"/><net_sink comp="1585" pin=0"/></net>

<net id="1590"><net_src comp="1577" pin="3"/><net_sink comp="1585" pin=1"/></net>

<net id="1595"><net_src comp="1585" pin="2"/><net_sink comp="1591" pin=0"/></net>

<net id="1596"><net_src comp="212" pin="0"/><net_sink comp="1591" pin=1"/></net>

<net id="1602"><net_src comp="1591" pin="2"/><net_sink comp="1597" pin=0"/></net>

<net id="1603"><net_src comp="1557" pin="3"/><net_sink comp="1597" pin=1"/></net>

<net id="1604"><net_src comp="1577" pin="3"/><net_sink comp="1597" pin=2"/></net>

<net id="1620"><net_src comp="214" pin="0"/><net_sink comp="1605" pin=0"/></net>

<net id="1621"><net_src comp="1597" pin="3"/><net_sink comp="1605" pin=1"/></net>

<net id="1622"><net_src comp="1521" pin="3"/><net_sink comp="1605" pin=2"/></net>

<net id="1623"><net_src comp="1445" pin="3"/><net_sink comp="1605" pin=3"/></net>

<net id="1624"><net_src comp="1369" pin="3"/><net_sink comp="1605" pin=4"/></net>

<net id="1625"><net_src comp="1293" pin="3"/><net_sink comp="1605" pin=5"/></net>

<net id="1626"><net_src comp="1217" pin="3"/><net_sink comp="1605" pin=6"/></net>

<net id="1627"><net_src comp="1141" pin="3"/><net_sink comp="1605" pin=7"/></net>

<net id="1628"><net_src comp="1065" pin="3"/><net_sink comp="1605" pin=8"/></net>

<net id="1629"><net_src comp="989" pin="3"/><net_sink comp="1605" pin=9"/></net>

<net id="1630"><net_src comp="913" pin="3"/><net_sink comp="1605" pin=10"/></net>

<net id="1631"><net_src comp="837" pin="3"/><net_sink comp="1605" pin=11"/></net>

<net id="1632"><net_src comp="761" pin="3"/><net_sink comp="1605" pin=12"/></net>

<net id="1633"><net_src comp="1605" pin="13"/><net_sink comp="228" pin=2"/></net>

<net id="1637"><net_src comp="218" pin="1"/><net_sink comp="1634" pin=0"/></net>

<net id="1638"><net_src comp="1634" pin="1"/><net_sink comp="382" pin=1"/></net>

<net id="1639"><net_src comp="1634" pin="1"/><net_sink comp="387" pin=0"/></net>

<net id="1640"><net_src comp="1634" pin="1"/><net_sink comp="556" pin=1"/></net>

<net id="1644"><net_src comp="394" pin="2"/><net_sink comp="1641" pin=0"/></net>

<net id="1648"><net_src comp="442" pin="2"/><net_sink comp="1645" pin=0"/></net>

<net id="1652"><net_src comp="454" pin="2"/><net_sink comp="1649" pin=0"/></net>

<net id="1656"><net_src comp="508" pin="2"/><net_sink comp="1653" pin=0"/></net>

<net id="1660"><net_src comp="536" pin="3"/><net_sink comp="1657" pin=0"/></net>

<net id="1661"><net_src comp="1657" pin="1"/><net_sink comp="239" pin=0"/></net>

<net id="1665"><net_src comp="550" pin="2"/><net_sink comp="1662" pin=0"/></net>

</net_list>

</model> 
---------------- Datapath Model END ------------------

* FSMD analyzer results:
  - Output states:
	Port: layer5_out | {3 }
	Port: sY_1 | {2 }
	Port: pY_1 | {1 }
	Port: void_compute_pool_buffer_2d_array_const_ap_shift_reg_n_filt_stream_kernel_19 | {2 }
	Port: p_ZZN4nnet22compute_pool_buffer_2dINS_5arrayI8ap_fixedILi20ELi10EL9ap_q_mode5EL9a_209 | {2 }
	Port: p_ZZN4nnet22compute_pool_buffer_2dINS_5arrayI8ap_fixedILi20ELi10EL9ap_q_mode5EL9a_221 | {2 }
	Port: p_ZZN4nnet22compute_pool_buffer_2dINS_5arrayI8ap_fixedILi20ELi10EL9ap_q_mode5EL9a_233 | {2 }
	Port: void_compute_pool_buffer_2d_array_const_ap_shift_reg_n_filt_stream_kernel_18 | {2 }
	Port: p_ZZN4nnet22compute_pool_buffer_2dINS_5arrayI8ap_fixedILi20ELi10EL9ap_q_mode5EL9a_210 | {2 }
	Port: p_ZZN4nnet22compute_pool_buffer_2dINS_5arrayI8ap_fixedILi20ELi10EL9ap_q_mode5EL9a_222 | {2 }
	Port: p_ZZN4nnet22compute_pool_buffer_2dINS_5arrayI8ap_fixedILi20ELi10EL9ap_q_mode5EL9a_234 | {2 }
	Port: void_compute_pool_buffer_2d_array_const_ap_shift_reg_n_filt_stream_kernel_17 | {2 }
	Port: p_ZZN4nnet22compute_pool_buffer_2dINS_5arrayI8ap_fixedILi20ELi10EL9ap_q_mode5EL9a_211 | {2 }
	Port: p_ZZN4nnet22compute_pool_buffer_2dINS_5arrayI8ap_fixedILi20ELi10EL9ap_q_mode5EL9a_223 | {2 }
	Port: p_ZZN4nnet22compute_pool_buffer_2dINS_5arrayI8ap_fixedILi20ELi10EL9ap_q_mode5EL9a_235 | {2 }
	Port: void_compute_pool_buffer_2d_array_const_ap_shift_reg_n_filt_stream_kernel_16 | {2 }
	Port: p_ZZN4nnet22compute_pool_buffer_2dINS_5arrayI8ap_fixedILi20ELi10EL9ap_q_mode5EL9a_212 | {2 }
	Port: p_ZZN4nnet22compute_pool_buffer_2dINS_5arrayI8ap_fixedILi20ELi10EL9ap_q_mode5EL9a_224 | {2 }
	Port: p_ZZN4nnet22compute_pool_buffer_2dINS_5arrayI8ap_fixedILi20ELi10EL9ap_q_mode5EL9a_236 | {2 }
	Port: void_compute_pool_buffer_2d_array_const_ap_shift_reg_n_filt_stream_kernel_15 | {2 }
	Port: p_ZZN4nnet22compute_pool_buffer_2dINS_5arrayI8ap_fixedILi20ELi10EL9ap_q_mode5EL9a_213 | {2 }
	Port: p_ZZN4nnet22compute_pool_buffer_2dINS_5arrayI8ap_fixedILi20ELi10EL9ap_q_mode5EL9a_225 | {2 }
	Port: p_ZZN4nnet22compute_pool_buffer_2dINS_5arrayI8ap_fixedILi20ELi10EL9ap_q_mode5EL9a_237 | {2 }
	Port: void_compute_pool_buffer_2d_array_const_ap_shift_reg_n_filt_stream_kernel_14 | {2 }
	Port: p_ZZN4nnet22compute_pool_buffer_2dINS_5arrayI8ap_fixedILi20ELi10EL9ap_q_mode5EL9a_214 | {2 }
	Port: p_ZZN4nnet22compute_pool_buffer_2dINS_5arrayI8ap_fixedILi20ELi10EL9ap_q_mode5EL9a_226 | {2 }
	Port: p_ZZN4nnet22compute_pool_buffer_2dINS_5arrayI8ap_fixedILi20ELi10EL9ap_q_mode5EL9a_238 | {2 }
	Port: void_compute_pool_buffer_2d_array_const_ap_shift_reg_n_filt_stream_kernel_13 | {2 }
	Port: p_ZZN4nnet22compute_pool_buffer_2dINS_5arrayI8ap_fixedILi20ELi10EL9ap_q_mode5EL9a_215 | {2 }
	Port: p_ZZN4nnet22compute_pool_buffer_2dINS_5arrayI8ap_fixedILi20ELi10EL9ap_q_mode5EL9a_227 | {2 }
	Port: p_ZZN4nnet22compute_pool_buffer_2dINS_5arrayI8ap_fixedILi20ELi10EL9ap_q_mode5EL9a_239 | {2 }
	Port: void_compute_pool_buffer_2d_array_const_ap_shift_reg_n_filt_stream_kernel_12 | {2 }
	Port: p_ZZN4nnet22compute_pool_buffer_2dINS_5arrayI8ap_fixedILi20ELi10EL9ap_q_mode5EL9a_216 | {2 }
	Port: p_ZZN4nnet22compute_pool_buffer_2dINS_5arrayI8ap_fixedILi20ELi10EL9ap_q_mode5EL9a_228 | {2 }
	Port: p_ZZN4nnet22compute_pool_buffer_2dINS_5arrayI8ap_fixedILi20ELi10EL9ap_q_mode5EL9a_240 | {2 }
	Port: void_compute_pool_buffer_2d_array_const_ap_shift_reg_n_filt_stream_kernel_11 | {2 }
	Port: p_ZZN4nnet22compute_pool_buffer_2dINS_5arrayI8ap_fixedILi20ELi10EL9ap_q_mode5EL9a_217 | {2 }
	Port: p_ZZN4nnet22compute_pool_buffer_2dINS_5arrayI8ap_fixedILi20ELi10EL9ap_q_mode5EL9a_229 | {2 }
	Port: p_ZZN4nnet22compute_pool_buffer_2dINS_5arrayI8ap_fixedILi20ELi10EL9ap_q_mode5EL9a_241 | {2 }
	Port: void_compute_pool_buffer_2d_array_const_ap_shift_reg_n_filt_stream_kernel_10 | {2 }
	Port: p_ZZN4nnet22compute_pool_buffer_2dINS_5arrayI8ap_fixedILi20ELi10EL9ap_q_mode5EL9a_218 | {2 }
	Port: p_ZZN4nnet22compute_pool_buffer_2dINS_5arrayI8ap_fixedILi20ELi10EL9ap_q_mode5EL9a_230 | {2 }
	Port: p_ZZN4nnet22compute_pool_buffer_2dINS_5arrayI8ap_fixedILi20ELi10EL9ap_q_mode5EL9a_242 | {2 }
	Port: p_ZZN4nnet22compute_pool_buffer_2dINS_5arrayI8ap_fixedILi20ELi10EL9ap_q_mode5EL9a_207 | {2 }
	Port: p_ZZN4nnet22compute_pool_buffer_2dINS_5arrayI8ap_fixedILi20ELi10EL9ap_q_mode5EL9a_219 | {2 }
	Port: p_ZZN4nnet22compute_pool_buffer_2dINS_5arrayI8ap_fixedILi20ELi10EL9ap_q_mode5EL9a_231 | {2 }
	Port: p_ZZN4nnet22compute_pool_buffer_2dINS_5arrayI8ap_fixedILi20ELi10EL9ap_q_mode5EL9a_243 | {2 }
	Port: p_ZZN4nnet22compute_pool_buffer_2dINS_5arrayI8ap_fixedILi20ELi10EL9ap_q_mode5EL9a_208 | {2 }
	Port: p_ZZN4nnet22compute_pool_buffer_2dINS_5arrayI8ap_fixedILi20ELi10EL9ap_q_mode5EL9a_220 | {2 }
	Port: p_ZZN4nnet22compute_pool_buffer_2dINS_5arrayI8ap_fixedILi20ELi10EL9ap_q_mode5EL9a_232 | {2 }
	Port: p_ZZN4nnet22compute_pool_buffer_2dINS_5arrayI8ap_fixedILi20ELi10EL9ap_q_mode5EL9a_244 | {2 }
	Port: pX_1 | {1 }
	Port: sX_1 | {1 }
	Port: void_pooling2d_cl_stream_stream_array_ap_fixed_12u_0_line_buffer_9 | {2 }
	Port: void_pooling2d_cl_stream_stream_array_ap_fixed_12u_0_line_buffer_8 | {2 }
	Port: void_pooling2d_cl_stream_stream_array_ap_fixed_12u_0_line_buffer_7 | {2 }
	Port: void_pooling2d_cl_stream_stream_array_ap_fixed_12u_0_line_buffer_6 | {2 }
	Port: void_pooling2d_cl_stream_stream_array_ap_fixed_12u_0_line_buffer_5 | {2 }
	Port: void_pooling2d_cl_stream_stream_array_ap_fixed_12u_0_line_buffer_4 | {2 }
	Port: void_pooling2d_cl_stream_stream_array_ap_fixed_12u_0_line_buffer_3 | {2 }
	Port: void_pooling2d_cl_stream_stream_array_ap_fixed_12u_0_line_buffer_2 | {2 }
	Port: void_pooling2d_cl_stream_stream_array_ap_fixed_12u_0_line_buffer_1 | {2 }
	Port: void_pooling2d_cl_stream_stream_array_ap_fixed_12u_0_line_buffer | {2 }
	Port: p_ZZN4nnet12pooling2d_clINS_5arrayI8ap_fixedILi20ELi10EL9ap_q_mode5EL9ap_o_mode3E_9 | {2 }
	Port: p_ZZN4nnet12pooling2d_clINS_5arrayI8ap_fixedILi20ELi10EL9ap_q_mode5EL9ap_o_mode3E_8 | {2 }
 - Input state : 
	Port: pooling2d_cl<array,array<ap_fixed<20,10,5,3,0>,12u>,config5> : layer4_out | {2 }
	Port: pooling2d_cl<array,array<ap_fixed<20,10,5,3,0>,12u>,config5> : sY_1 | {1 }
	Port: pooling2d_cl<array,array<ap_fixed<20,10,5,3,0>,12u>,config5> : pY_1 | {1 }
	Port: pooling2d_cl<array,array<ap_fixed<20,10,5,3,0>,12u>,config5> : void_compute_pool_buffer_2d_array_const_ap_shift_reg_n_filt_stream_kernel_19 | {3 }
	Port: pooling2d_cl<array,array<ap_fixed<20,10,5,3,0>,12u>,config5> : p_ZZN4nnet22compute_pool_buffer_2dINS_5arrayI8ap_fixedILi20ELi10EL9ap_q_mode5EL9a_209 | {2 3 }
	Port: pooling2d_cl<array,array<ap_fixed<20,10,5,3,0>,12u>,config5> : p_ZZN4nnet22compute_pool_buffer_2dINS_5arrayI8ap_fixedILi20ELi10EL9ap_q_mode5EL9a_221 | {3 }
	Port: pooling2d_cl<array,array<ap_fixed<20,10,5,3,0>,12u>,config5> : p_ZZN4nnet22compute_pool_buffer_2dINS_5arrayI8ap_fixedILi20ELi10EL9ap_q_mode5EL9a_233 | {2 3 }
	Port: pooling2d_cl<array,array<ap_fixed<20,10,5,3,0>,12u>,config5> : void_compute_pool_buffer_2d_array_const_ap_shift_reg_n_filt_stream_kernel_18 | {3 }
	Port: pooling2d_cl<array,array<ap_fixed<20,10,5,3,0>,12u>,config5> : p_ZZN4nnet22compute_pool_buffer_2dINS_5arrayI8ap_fixedILi20ELi10EL9ap_q_mode5EL9a_210 | {2 3 }
	Port: pooling2d_cl<array,array<ap_fixed<20,10,5,3,0>,12u>,config5> : p_ZZN4nnet22compute_pool_buffer_2dINS_5arrayI8ap_fixedILi20ELi10EL9ap_q_mode5EL9a_222 | {3 }
	Port: pooling2d_cl<array,array<ap_fixed<20,10,5,3,0>,12u>,config5> : p_ZZN4nnet22compute_pool_buffer_2dINS_5arrayI8ap_fixedILi20ELi10EL9ap_q_mode5EL9a_234 | {2 3 }
	Port: pooling2d_cl<array,array<ap_fixed<20,10,5,3,0>,12u>,config5> : void_compute_pool_buffer_2d_array_const_ap_shift_reg_n_filt_stream_kernel_17 | {3 }
	Port: pooling2d_cl<array,array<ap_fixed<20,10,5,3,0>,12u>,config5> : p_ZZN4nnet22compute_pool_buffer_2dINS_5arrayI8ap_fixedILi20ELi10EL9ap_q_mode5EL9a_211 | {2 3 }
	Port: pooling2d_cl<array,array<ap_fixed<20,10,5,3,0>,12u>,config5> : p_ZZN4nnet22compute_pool_buffer_2dINS_5arrayI8ap_fixedILi20ELi10EL9ap_q_mode5EL9a_223 | {3 }
	Port: pooling2d_cl<array,array<ap_fixed<20,10,5,3,0>,12u>,config5> : p_ZZN4nnet22compute_pool_buffer_2dINS_5arrayI8ap_fixedILi20ELi10EL9ap_q_mode5EL9a_235 | {2 3 }
	Port: pooling2d_cl<array,array<ap_fixed<20,10,5,3,0>,12u>,config5> : void_compute_pool_buffer_2d_array_const_ap_shift_reg_n_filt_stream_kernel_16 | {3 }
	Port: pooling2d_cl<array,array<ap_fixed<20,10,5,3,0>,12u>,config5> : p_ZZN4nnet22compute_pool_buffer_2dINS_5arrayI8ap_fixedILi20ELi10EL9ap_q_mode5EL9a_212 | {2 3 }
	Port: pooling2d_cl<array,array<ap_fixed<20,10,5,3,0>,12u>,config5> : p_ZZN4nnet22compute_pool_buffer_2dINS_5arrayI8ap_fixedILi20ELi10EL9ap_q_mode5EL9a_224 | {3 }
	Port: pooling2d_cl<array,array<ap_fixed<20,10,5,3,0>,12u>,config5> : p_ZZN4nnet22compute_pool_buffer_2dINS_5arrayI8ap_fixedILi20ELi10EL9ap_q_mode5EL9a_236 | {2 3 }
	Port: pooling2d_cl<array,array<ap_fixed<20,10,5,3,0>,12u>,config5> : void_compute_pool_buffer_2d_array_const_ap_shift_reg_n_filt_stream_kernel_15 | {3 }
	Port: pooling2d_cl<array,array<ap_fixed<20,10,5,3,0>,12u>,config5> : p_ZZN4nnet22compute_pool_buffer_2dINS_5arrayI8ap_fixedILi20ELi10EL9ap_q_mode5EL9a_213 | {2 3 }
	Port: pooling2d_cl<array,array<ap_fixed<20,10,5,3,0>,12u>,config5> : p_ZZN4nnet22compute_pool_buffer_2dINS_5arrayI8ap_fixedILi20ELi10EL9ap_q_mode5EL9a_225 | {3 }
	Port: pooling2d_cl<array,array<ap_fixed<20,10,5,3,0>,12u>,config5> : p_ZZN4nnet22compute_pool_buffer_2dINS_5arrayI8ap_fixedILi20ELi10EL9ap_q_mode5EL9a_237 | {2 3 }
	Port: pooling2d_cl<array,array<ap_fixed<20,10,5,3,0>,12u>,config5> : void_compute_pool_buffer_2d_array_const_ap_shift_reg_n_filt_stream_kernel_14 | {3 }
	Port: pooling2d_cl<array,array<ap_fixed<20,10,5,3,0>,12u>,config5> : p_ZZN4nnet22compute_pool_buffer_2dINS_5arrayI8ap_fixedILi20ELi10EL9ap_q_mode5EL9a_214 | {2 3 }
	Port: pooling2d_cl<array,array<ap_fixed<20,10,5,3,0>,12u>,config5> : p_ZZN4nnet22compute_pool_buffer_2dINS_5arrayI8ap_fixedILi20ELi10EL9ap_q_mode5EL9a_226 | {3 }
	Port: pooling2d_cl<array,array<ap_fixed<20,10,5,3,0>,12u>,config5> : p_ZZN4nnet22compute_pool_buffer_2dINS_5arrayI8ap_fixedILi20ELi10EL9ap_q_mode5EL9a_238 | {2 3 }
	Port: pooling2d_cl<array,array<ap_fixed<20,10,5,3,0>,12u>,config5> : void_compute_pool_buffer_2d_array_const_ap_shift_reg_n_filt_stream_kernel_13 | {3 }
	Port: pooling2d_cl<array,array<ap_fixed<20,10,5,3,0>,12u>,config5> : p_ZZN4nnet22compute_pool_buffer_2dINS_5arrayI8ap_fixedILi20ELi10EL9ap_q_mode5EL9a_215 | {2 3 }
	Port: pooling2d_cl<array,array<ap_fixed<20,10,5,3,0>,12u>,config5> : p_ZZN4nnet22compute_pool_buffer_2dINS_5arrayI8ap_fixedILi20ELi10EL9ap_q_mode5EL9a_227 | {3 }
	Port: pooling2d_cl<array,array<ap_fixed<20,10,5,3,0>,12u>,config5> : p_ZZN4nnet22compute_pool_buffer_2dINS_5arrayI8ap_fixedILi20ELi10EL9ap_q_mode5EL9a_239 | {2 3 }
	Port: pooling2d_cl<array,array<ap_fixed<20,10,5,3,0>,12u>,config5> : void_compute_pool_buffer_2d_array_const_ap_shift_reg_n_filt_stream_kernel_12 | {3 }
	Port: pooling2d_cl<array,array<ap_fixed<20,10,5,3,0>,12u>,config5> : p_ZZN4nnet22compute_pool_buffer_2dINS_5arrayI8ap_fixedILi20ELi10EL9ap_q_mode5EL9a_216 | {2 3 }
	Port: pooling2d_cl<array,array<ap_fixed<20,10,5,3,0>,12u>,config5> : p_ZZN4nnet22compute_pool_buffer_2dINS_5arrayI8ap_fixedILi20ELi10EL9ap_q_mode5EL9a_228 | {3 }
	Port: pooling2d_cl<array,array<ap_fixed<20,10,5,3,0>,12u>,config5> : p_ZZN4nnet22compute_pool_buffer_2dINS_5arrayI8ap_fixedILi20ELi10EL9ap_q_mode5EL9a_240 | {2 3 }
	Port: pooling2d_cl<array,array<ap_fixed<20,10,5,3,0>,12u>,config5> : void_compute_pool_buffer_2d_array_const_ap_shift_reg_n_filt_stream_kernel_11 | {3 }
	Port: pooling2d_cl<array,array<ap_fixed<20,10,5,3,0>,12u>,config5> : p_ZZN4nnet22compute_pool_buffer_2dINS_5arrayI8ap_fixedILi20ELi10EL9ap_q_mode5EL9a_217 | {2 3 }
	Port: pooling2d_cl<array,array<ap_fixed<20,10,5,3,0>,12u>,config5> : p_ZZN4nnet22compute_pool_buffer_2dINS_5arrayI8ap_fixedILi20ELi10EL9ap_q_mode5EL9a_229 | {3 }
	Port: pooling2d_cl<array,array<ap_fixed<20,10,5,3,0>,12u>,config5> : p_ZZN4nnet22compute_pool_buffer_2dINS_5arrayI8ap_fixedILi20ELi10EL9ap_q_mode5EL9a_241 | {2 3 }
	Port: pooling2d_cl<array,array<ap_fixed<20,10,5,3,0>,12u>,config5> : void_compute_pool_buffer_2d_array_const_ap_shift_reg_n_filt_stream_kernel_10 | {3 }
	Port: pooling2d_cl<array,array<ap_fixed<20,10,5,3,0>,12u>,config5> : p_ZZN4nnet22compute_pool_buffer_2dINS_5arrayI8ap_fixedILi20ELi10EL9ap_q_mode5EL9a_218 | {2 3 }
	Port: pooling2d_cl<array,array<ap_fixed<20,10,5,3,0>,12u>,config5> : p_ZZN4nnet22compute_pool_buffer_2dINS_5arrayI8ap_fixedILi20ELi10EL9ap_q_mode5EL9a_230 | {3 }
	Port: pooling2d_cl<array,array<ap_fixed<20,10,5,3,0>,12u>,config5> : p_ZZN4nnet22compute_pool_buffer_2dINS_5arrayI8ap_fixedILi20ELi10EL9ap_q_mode5EL9a_242 | {2 3 }
	Port: pooling2d_cl<array,array<ap_fixed<20,10,5,3,0>,12u>,config5> : p_ZZN4nnet22compute_pool_buffer_2dINS_5arrayI8ap_fixedILi20ELi10EL9ap_q_mode5EL9a_207 | {3 }
	Port: pooling2d_cl<array,array<ap_fixed<20,10,5,3,0>,12u>,config5> : p_ZZN4nnet22compute_pool_buffer_2dINS_5arrayI8ap_fixedILi20ELi10EL9ap_q_mode5EL9a_219 | {2 3 }
	Port: pooling2d_cl<array,array<ap_fixed<20,10,5,3,0>,12u>,config5> : p_ZZN4nnet22compute_pool_buffer_2dINS_5arrayI8ap_fixedILi20ELi10EL9ap_q_mode5EL9a_231 | {3 }
	Port: pooling2d_cl<array,array<ap_fixed<20,10,5,3,0>,12u>,config5> : p_ZZN4nnet22compute_pool_buffer_2dINS_5arrayI8ap_fixedILi20ELi10EL9ap_q_mode5EL9a_243 | {2 3 }
	Port: pooling2d_cl<array,array<ap_fixed<20,10,5,3,0>,12u>,config5> : p_ZZN4nnet22compute_pool_buffer_2dINS_5arrayI8ap_fixedILi20ELi10EL9ap_q_mode5EL9a_208 | {3 }
	Port: pooling2d_cl<array,array<ap_fixed<20,10,5,3,0>,12u>,config5> : p_ZZN4nnet22compute_pool_buffer_2dINS_5arrayI8ap_fixedILi20ELi10EL9ap_q_mode5EL9a_220 | {2 3 }
	Port: pooling2d_cl<array,array<ap_fixed<20,10,5,3,0>,12u>,config5> : p_ZZN4nnet22compute_pool_buffer_2dINS_5arrayI8ap_fixedILi20ELi10EL9ap_q_mode5EL9a_232 | {3 }
	Port: pooling2d_cl<array,array<ap_fixed<20,10,5,3,0>,12u>,config5> : p_ZZN4nnet22compute_pool_buffer_2dINS_5arrayI8ap_fixedILi20ELi10EL9ap_q_mode5EL9a_244 | {2 3 }
	Port: pooling2d_cl<array,array<ap_fixed<20,10,5,3,0>,12u>,config5> : pX_1 | {1 }
	Port: pooling2d_cl<array,array<ap_fixed<20,10,5,3,0>,12u>,config5> : sX_1 | {1 }
	Port: pooling2d_cl<array,array<ap_fixed<20,10,5,3,0>,12u>,config5> : void_pooling2d_cl_stream_stream_array_ap_fixed_12u_0_line_buffer_9 | {2 }
	Port: pooling2d_cl<array,array<ap_fixed<20,10,5,3,0>,12u>,config5> : void_pooling2d_cl_stream_stream_array_ap_fixed_12u_0_line_buffer_8 | {2 }
	Port: pooling2d_cl<array,array<ap_fixed<20,10,5,3,0>,12u>,config5> : void_pooling2d_cl_stream_stream_array_ap_fixed_12u_0_line_buffer_7 | {2 }
	Port: pooling2d_cl<array,array<ap_fixed<20,10,5,3,0>,12u>,config5> : void_pooling2d_cl_stream_stream_array_ap_fixed_12u_0_line_buffer_6 | {2 }
	Port: pooling2d_cl<array,array<ap_fixed<20,10,5,3,0>,12u>,config5> : void_pooling2d_cl_stream_stream_array_ap_fixed_12u_0_line_buffer_5 | {2 }
	Port: pooling2d_cl<array,array<ap_fixed<20,10,5,3,0>,12u>,config5> : void_pooling2d_cl_stream_stream_array_ap_fixed_12u_0_line_buffer_4 | {2 }
	Port: pooling2d_cl<array,array<ap_fixed<20,10,5,3,0>,12u>,config5> : void_pooling2d_cl_stream_stream_array_ap_fixed_12u_0_line_buffer_3 | {2 }
	Port: pooling2d_cl<array,array<ap_fixed<20,10,5,3,0>,12u>,config5> : void_pooling2d_cl_stream_stream_array_ap_fixed_12u_0_line_buffer_2 | {2 }
	Port: pooling2d_cl<array,array<ap_fixed<20,10,5,3,0>,12u>,config5> : void_pooling2d_cl_stream_stream_array_ap_fixed_12u_0_line_buffer_1 | {2 }
	Port: pooling2d_cl<array,array<ap_fixed<20,10,5,3,0>,12u>,config5> : void_pooling2d_cl_stream_stream_array_ap_fixed_12u_0_line_buffer | {2 }
	Port: pooling2d_cl<array,array<ap_fixed<20,10,5,3,0>,12u>,config5> : p_ZZN4nnet12pooling2d_clINS_5arrayI8ap_fixedILi20ELi10EL9ap_q_mode5EL9ap_o_mode3E_9 | {2 }
	Port: pooling2d_cl<array,array<ap_fixed<20,10,5,3,0>,12u>,config5> : p_ZZN4nnet12pooling2d_clINS_5arrayI8ap_fixedILi20ELi10EL9ap_q_mode5EL9ap_o_mode3E_8 | {2 }
  - Chain level:
	State 1
		store_ln0 : 1
		indvar_flatten2_load : 1
		icmp_ln55 : 1
		add_ln109 : 2
		br_ln55 : 2
		icmp_ln55_4 : 1
		icmp_ln55_5 : 1
		icmp_ln55_6 : 1
		and_ln55 : 2
		and_ln55_2 : 2
		br_ln55 : 2
		add_ln76 : 1
		icmp_ln76 : 2
		br_ln76 : 3
		store_ln89 : 2
		add_ln91 : 1
		select_ln91 : 2
		store_ln91 : 3
		add_ln80 : 1
		icmp_ln80 : 2
		br_ln80 : 3
		store_ln84 : 2
		icmp_ln86 : 1
		add_ln86 : 1
		select_ln86 : 2
		icmp_ln109 : 2
		store_ln109 : 3
		br_ln109 : 3
	State 2
		call_ln52 : 1
		store_ln82 : 1
	State 3
		icmp_ln66 : 1
		xor_ln66 : 2
		select_ln0 : 2
		icmp_ln66_162 : 1
		xor_ln66_162 : 2
		select_ln0_144 : 2
		icmp_ln66_163 : 3
		xor_ln66_163 : 4
		res_pack : 4
		icmp_ln66_164 : 1
		xor_ln66_164 : 2
		select_ln0_145 : 2
		icmp_ln66_165 : 1
		xor_ln66_165 : 2
		select_ln0_146 : 2
		icmp_ln66_166 : 3
		xor_ln66_166 : 4
		res_pack_18 : 4
		icmp_ln66_167 : 1
		xor_ln66_167 : 2
		select_ln0_147 : 2
		icmp_ln66_168 : 1
		xor_ln66_168 : 2
		select_ln0_148 : 2
		icmp_ln66_169 : 3
		xor_ln66_169 : 4
		res_pack_19 : 4
		icmp_ln66_170 : 1
		xor_ln66_170 : 2
		select_ln0_149 : 2
		icmp_ln66_171 : 1
		xor_ln66_171 : 2
		select_ln0_150 : 2
		icmp_ln66_172 : 3
		xor_ln66_172 : 4
		res_pack_20 : 4
		icmp_ln66_173 : 1
		xor_ln66_173 : 2
		select_ln0_151 : 2
		icmp_ln66_174 : 1
		xor_ln66_174 : 2
		select_ln0_152 : 2
		icmp_ln66_175 : 3
		xor_ln66_175 : 4
		res_pack_21 : 4
		icmp_ln66_176 : 1
		xor_ln66_176 : 2
		select_ln0_153 : 2
		icmp_ln66_177 : 1
		xor_ln66_177 : 2
		select_ln0_154 : 2
		icmp_ln66_178 : 3
		xor_ln66_178 : 4
		res_pack_22 : 4
		icmp_ln66_179 : 1
		xor_ln66_179 : 2
		select_ln0_155 : 2
		icmp_ln66_180 : 1
		xor_ln66_180 : 2
		select_ln0_156 : 2
		icmp_ln66_181 : 3
		xor_ln66_181 : 4
		res_pack_23 : 4
		icmp_ln66_182 : 1
		xor_ln66_182 : 2
		select_ln0_157 : 2
		icmp_ln66_183 : 1
		xor_ln66_183 : 2
		select_ln0_158 : 2
		icmp_ln66_184 : 3
		xor_ln66_184 : 4
		res_pack_24 : 4
		icmp_ln66_185 : 1
		xor_ln66_185 : 2
		select_ln0_159 : 2
		icmp_ln66_186 : 1
		xor_ln66_186 : 2
		select_ln0_160 : 2
		icmp_ln66_187 : 3
		xor_ln66_187 : 4
		res_pack_25 : 4
		icmp_ln66_188 : 1
		xor_ln66_188 : 2
		select_ln0_161 : 2
		icmp_ln66_189 : 1
		xor_ln66_189 : 2
		select_ln0_162 : 2
		icmp_ln66_190 : 3
		xor_ln66_190 : 4
		res_pack_26 : 4
		icmp_ln66_191 : 1
		xor_ln66_191 : 2
		select_ln0_163 : 2
		icmp_ln66_192 : 1
		xor_ln66_192 : 2
		select_ln0_164 : 2
		icmp_ln66_193 : 3
		xor_ln66_193 : 4
		res_pack_27 : 4
		icmp_ln66_194 : 1
		xor_ln66_194 : 2
		select_ln0_165 : 2
		icmp_ln66_195 : 1
		xor_ln66_195 : 2
		select_ln0_166 : 2
		icmp_ln66_196 : 3
		xor_ln66_196 : 4
		res_pack_28 : 4
		or_ln72_s : 5
		write_ln72 : 6


============================================================
+ Verbose Summary: Datapath Resource usage 
============================================================

* Functional unit list:
|----------|-----------------------------------------------------------------------------|---------|---------|
| Operation|                               Functional Unit                               |    FF   |   LUT   |
|----------|-----------------------------------------------------------------------------|---------|---------|
|          |                               icmp_ln55_fu_394                              |    0    |    39   |
|          |                              icmp_ln55_4_fu_414                             |    0    |    39   |
|          |                              icmp_ln55_5_fu_424                             |    0    |    39   |
|          |                              icmp_ln55_6_fu_430                             |    0    |    39   |
|          |                               icmp_ln76_fu_454                              |    0    |    39   |
|          |                               icmp_ln80_fu_508                              |    0    |    39   |
|          |                               icmp_ln86_fu_524                              |    0    |    39   |
|          |                              icmp_ln109_fu_550                              |    0    |    13   |
|          |                               icmp_ln66_fu_709                              |    0    |    27   |
|          |                             icmp_ln66_162_fu_729                            |    0    |    27   |
|          |                             icmp_ln66_163_fu_749                            |    0    |    27   |
|          |                             icmp_ln66_164_fu_785                            |    0    |    27   |
|          |                             icmp_ln66_165_fu_805                            |    0    |    27   |
|          |                             icmp_ln66_166_fu_825                            |    0    |    27   |
|          |                             icmp_ln66_167_fu_861                            |    0    |    27   |
|          |                             icmp_ln66_168_fu_881                            |    0    |    27   |
|          |                             icmp_ln66_169_fu_901                            |    0    |    27   |
|          |                             icmp_ln66_170_fu_937                            |    0    |    27   |
|          |                             icmp_ln66_171_fu_957                            |    0    |    27   |
|          |                             icmp_ln66_172_fu_977                            |    0    |    27   |
|          |                            icmp_ln66_173_fu_1013                            |    0    |    27   |
|   icmp   |                            icmp_ln66_174_fu_1033                            |    0    |    27   |
|          |                            icmp_ln66_175_fu_1053                            |    0    |    27   |
|          |                            icmp_ln66_176_fu_1089                            |    0    |    27   |
|          |                            icmp_ln66_177_fu_1109                            |    0    |    27   |
|          |                            icmp_ln66_178_fu_1129                            |    0    |    27   |
|          |                            icmp_ln66_179_fu_1165                            |    0    |    27   |
|          |                            icmp_ln66_180_fu_1185                            |    0    |    27   |
|          |                            icmp_ln66_181_fu_1205                            |    0    |    27   |
|          |                            icmp_ln66_182_fu_1241                            |    0    |    27   |
|          |                            icmp_ln66_183_fu_1261                            |    0    |    27   |
|          |                            icmp_ln66_184_fu_1281                            |    0    |    27   |
|          |                            icmp_ln66_185_fu_1317                            |    0    |    27   |
|          |                            icmp_ln66_186_fu_1337                            |    0    |    27   |
|          |                            icmp_ln66_187_fu_1357                            |    0    |    27   |
|          |                            icmp_ln66_188_fu_1393                            |    0    |    27   |
|          |                            icmp_ln66_189_fu_1413                            |    0    |    27   |
|          |                            icmp_ln66_190_fu_1433                            |    0    |    27   |
|          |                            icmp_ln66_191_fu_1469                            |    0    |    27   |
|          |                            icmp_ln66_192_fu_1489                            |    0    |    27   |
|          |                            icmp_ln66_193_fu_1509                            |    0    |    27   |
|          |                            icmp_ln66_194_fu_1545                            |    0    |    27   |
|          |                            icmp_ln66_195_fu_1565                            |    0    |    27   |
|          |                            icmp_ln66_196_fu_1585                            |    0    |    27   |
|----------|-----------------------------------------------------------------------------|---------|---------|
|          |                              select_ln91_fu_472                             |    0    |    32   |
|          |                              select_ln86_fu_536                             |    0    |    32   |
|          |                              select_ln0_fu_721                              |    0    |    20   |
|          |                            select_ln0_144_fu_741                            |    0    |    20   |
|          |                               res_pack_fu_761                               |    0    |    20   |
|          |                            select_ln0_145_fu_797                            |    0    |    20   |
|          |                            select_ln0_146_fu_817                            |    0    |    20   |
|          |                              res_pack_18_fu_837                             |    0    |    20   |
|          |                            select_ln0_147_fu_873                            |    0    |    20   |
|          |                            select_ln0_148_fu_893                            |    0    |    20   |
|          |                              res_pack_19_fu_913                             |    0    |    20   |
|          |                            select_ln0_149_fu_949                            |    0    |    20   |
|          |                            select_ln0_150_fu_969                            |    0    |    20   |
|          |                              res_pack_20_fu_989                             |    0    |    20   |
|          |                            select_ln0_151_fu_1025                           |    0    |    20   |
|          |                            select_ln0_152_fu_1045                           |    0    |    20   |
|          |                             res_pack_21_fu_1065                             |    0    |    20   |
|          |                            select_ln0_153_fu_1101                           |    0    |    20   |
|  select  |                            select_ln0_154_fu_1121                           |    0    |    20   |
|          |                             res_pack_22_fu_1141                             |    0    |    20   |
|          |                            select_ln0_155_fu_1177                           |    0    |    20   |
|          |                            select_ln0_156_fu_1197                           |    0    |    20   |
|          |                             res_pack_23_fu_1217                             |    0    |    20   |
|          |                            select_ln0_157_fu_1253                           |    0    |    20   |
|          |                            select_ln0_158_fu_1273                           |    0    |    20   |
|          |                             res_pack_24_fu_1293                             |    0    |    20   |
|          |                            select_ln0_159_fu_1329                           |    0    |    20   |
|          |                            select_ln0_160_fu_1349                           |    0    |    20   |
|          |                             res_pack_25_fu_1369                             |    0    |    20   |
|          |                            select_ln0_161_fu_1405                           |    0    |    20   |
|          |                            select_ln0_162_fu_1425                           |    0    |    20   |
|          |                             res_pack_26_fu_1445                             |    0    |    20   |
|          |                            select_ln0_163_fu_1481                           |    0    |    20   |
|          |                            select_ln0_164_fu_1501                           |    0    |    20   |
|          |                             res_pack_27_fu_1521                             |    0    |    20   |
|          |                            select_ln0_165_fu_1557                           |    0    |    20   |
|          |                            select_ln0_166_fu_1577                           |    0    |    20   |
|          |                             res_pack_28_fu_1597                             |    0    |    20   |
|----------|-----------------------------------------------------------------------------|---------|---------|
|          |                               add_ln109_fu_404                              |    0    |    13   |
|          |                               add_ln76_fu_448                               |    0    |    39   |
|    add   |                               add_ln91_fu_466                               |    0    |    39   |
|          |                               add_ln80_fu_502                               |    0    |    39   |
|          |                               add_ln86_fu_530                               |    0    |    39   |
|----------|-----------------------------------------------------------------------------|---------|---------|
|          |                               xor_ln66_fu_715                               |    0    |    2    |
|          |                             xor_ln66_162_fu_735                             |    0    |    2    |
|          |                             xor_ln66_163_fu_755                             |    0    |    2    |
|          |                             xor_ln66_164_fu_791                             |    0    |    2    |
|          |                             xor_ln66_165_fu_811                             |    0    |    2    |
|          |                             xor_ln66_166_fu_831                             |    0    |    2    |
|          |                             xor_ln66_167_fu_867                             |    0    |    2    |
|          |                             xor_ln66_168_fu_887                             |    0    |    2    |
|          |                             xor_ln66_169_fu_907                             |    0    |    2    |
|          |                             xor_ln66_170_fu_943                             |    0    |    2    |
|          |                             xor_ln66_171_fu_963                             |    0    |    2    |
|          |                             xor_ln66_172_fu_983                             |    0    |    2    |
|          |                             xor_ln66_173_fu_1019                            |    0    |    2    |
|          |                             xor_ln66_174_fu_1039                            |    0    |    2    |
|          |                             xor_ln66_175_fu_1059                            |    0    |    2    |
|          |                             xor_ln66_176_fu_1095                            |    0    |    2    |
|          |                             xor_ln66_177_fu_1115                            |    0    |    2    |
|    xor   |                             xor_ln66_178_fu_1135                            |    0    |    2    |
|          |                             xor_ln66_179_fu_1171                            |    0    |    2    |
|          |                             xor_ln66_180_fu_1191                            |    0    |    2    |
|          |                             xor_ln66_181_fu_1211                            |    0    |    2    |
|          |                             xor_ln66_182_fu_1247                            |    0    |    2    |
|          |                             xor_ln66_183_fu_1267                            |    0    |    2    |
|          |                             xor_ln66_184_fu_1287                            |    0    |    2    |
|          |                             xor_ln66_185_fu_1323                            |    0    |    2    |
|          |                             xor_ln66_186_fu_1343                            |    0    |    2    |
|          |                             xor_ln66_187_fu_1363                            |    0    |    2    |
|          |                             xor_ln66_188_fu_1399                            |    0    |    2    |
|          |                             xor_ln66_189_fu_1419                            |    0    |    2    |
|          |                             xor_ln66_190_fu_1439                            |    0    |    2    |
|          |                             xor_ln66_191_fu_1475                            |    0    |    2    |
|          |                             xor_ln66_192_fu_1495                            |    0    |    2    |
|          |                             xor_ln66_193_fu_1515                            |    0    |    2    |
|          |                             xor_ln66_194_fu_1551                            |    0    |    2    |
|          |                             xor_ln66_195_fu_1571                            |    0    |    2    |
|          |                             xor_ln66_196_fu_1591                            |    0    |    2    |
|----------|-----------------------------------------------------------------------------|---------|---------|
|    and   |                               and_ln55_fu_436                               |    0    |    2    |
|          |                              and_ln55_2_fu_442                              |    0    |    2    |
|----------|-----------------------------------------------------------------------------|---------|---------|
|   read   |                         layer4_out_read_read_fu_222                         |    0    |    0    |
|----------|-----------------------------------------------------------------------------|---------|---------|
|   write  |                           write_ln72_write_fu_228                           |    0    |    0    |
|----------|-----------------------------------------------------------------------------|---------|---------|
|   call   | call_ln52_shift_line_buffer_array_ap_fixed_20_10_5_3_0_12u_config5_s_fu_246 |    0    |    0    |
|----------|-----------------------------------------------------------------------------|---------|---------|
|   trunc  |                              trunc_ln115_fu_561                             |    0    |    0    |
|----------|-----------------------------------------------------------------------------|---------|---------|
|          |                             trunc_ln115_s_fu_566                            |    0    |    0    |
|          |                            trunc_ln115_17_fu_577                            |    0    |    0    |
|          |                            trunc_ln115_18_fu_588                            |    0    |    0    |
|          |                            trunc_ln115_19_fu_599                            |    0    |    0    |
|          |                            trunc_ln115_20_fu_610                            |    0    |    0    |
|partselect|                            trunc_ln115_21_fu_621                            |    0    |    0    |
|          |                            trunc_ln115_22_fu_632                            |    0    |    0    |
|          |                            trunc_ln115_23_fu_643                            |    0    |    0    |
|          |                            trunc_ln115_24_fu_654                            |    0    |    0    |
|          |                            trunc_ln115_25_fu_665                            |    0    |    0    |
|          |                            trunc_ln115_26_fu_676                            |    0    |    0    |
|----------|-----------------------------------------------------------------------------|---------|---------|
|bitconcatenate|                              or_ln72_s_fu_1605                              |    0    |    0    |
|----------|-----------------------------------------------------------------------------|---------|---------|
|   Total  |                                                                             |    0    |   2287  |
|----------|-----------------------------------------------------------------------------|---------|---------|

Memories:
N/A

* Register list:
+------------------------+--------+
|                        |   FF   |
+------------------------+--------+
|   and_ln55_2_reg_1645  |    1   |
|   icmp_ln109_reg_1662  |    1   |
|   icmp_ln55_reg_1641   |    1   |
|   icmp_ln76_reg_1649   |    1   |
|   icmp_ln80_reg_1653   |    1   |
|indvar_flatten2_reg_1634|   10   |
|  select_ln86_reg_1657  |   32   |
|   storemerge_reg_235   |   32   |
+------------------------+--------+
|          Total         |   79   |
+------------------------+--------+

* Multiplexer (MUX) list: 
|--------|------|------|------|--------|
|  Comp  |  Pin | Size |  BW  | S x BW |
|--------|------|------|------|--------|
|  Total |      |      |      |    0   |
|--------|------|------|------|--------|



* Summary:
+-----------+--------+--------+
|           |   FF   |   LUT  |
+-----------+--------+--------+
|  Function |    0   |  2287  |
|   Memory  |    -   |    -   |
|Multiplexer|    -   |    -   |
|  Register |   79   |    -   |
+-----------+--------+--------+
|   Total   |   79   |  2287  |
+-----------+--------+--------+
