

================================================================
== Vitis HLS Report for 'relu_array_ap_fixed_18u_array_ap_fixed_18_8_5_3_0_18u_relu_config8_s'
================================================================
* Date:           Sun Aug 30 07:27:15 2026

* Version:        2024.1 (Build 5069499 on May 21 2024)
* Project:        myproject_prj
* Solution:       solution1 (Vivado IP Flow Target)
* Product family: zynq
* Target device:  xc7z020-clg400-1


================================================================
== Performance Estimates
================================================================
+ Timing: 
    * Summary: 
    +--------+----------+-----------+------------+
    |  Clock |  Target  | Estimated | Uncertainty|
    +--------+----------+-----------+------------+
    |ap_clk  |  20.00 ns|  11.097 ns|     5.40 ns|
    +--------+----------+-----------+------------+

+ Latency: 
    * Summary: 
    +---------+---------+----------+----------+-----+-----+-----------------------------------------------+
    |  Latency (cycles) |  Latency (absolute) |  Interval |                    Pipeline                   |
    |   min   |   max   |    min   |    max   | min | max |                      Type                     |
    +---------+---------+----------+----------+-----+-----+-----------------------------------------------+
    |      251|      251|  5.020 us|  5.020 us|  250|  250|  loop auto-rewind stp(delay=0 clock cycles(s))|
    +---------+---------+----------+----------+-----+-----+-----------------------------------------------+

    + Detail: 
        * Instance: 
        N/A

        * Loop: 
        +---------------+---------+---------+----------+-----------+-----------+------+----------+
        |               |  Latency (cycles) | Iteration|  Initiation Interval  | Trip |          |
        |   Loop Name   |   min   |   max   |  Latency |  achieved |   target  | Count| Pipelined|
        +---------------+---------+---------+----------+-----------+-----------+------+----------+
        |- ReLUActLoop  |      249|      249|         1|          1|          1|   250|       yes|
        +---------------+---------+---------+----------+-----------+-----------+------+----------+

============================================================
+ Verbose Summary: Synthesis Manager
============================================================
InlineROM: 1
ExposeGlobal: 0
============================================================
+ Verbose Summary: CDFG Model
============================================================
IsTopModel: 0
ResetActiveHigh: 1
IsCombinational: 2
IsDatapathOnly: 0
HasWiredReturn: 1
HasMFsm: 2
HasVarLatency: 1
IsPipeline: 0
IsRtlPipelined: 0
IsInstanceOverlapped: 0
IsDontTouch: 0
HasImplIP: 0
IsGatedGlobalClock: 0

+ Individual pipeline summary: 
  * Pipeline-0: initiation interval (II) = 1, depth = 1


============================================================
+ Verbose Summary: Schedule
============================================================
* Number of FSM states : 1
* Pipeline : 1
  Pipeline-0 : II = 1, D = 1, States = { 1 }
* Dataflow Pipeline: 0

* FSM state transitions: 
1 --> 

* FSM state operations: 

State 1 <SV = 0> <Delay = 11.0>
ST_1 : Operation 4 [1/1] (0.00ns)   --->   "%i1 = alloca i32 1"   --->   Operation 4 'alloca' 'i1' <Predicate = true> <Delay = 0.00>
ST_1 : Operation 5 [1/1] (0.00ns)   --->   "%specinterface_ln0 = specinterface void @_ssdm_op_SpecInterface, i324 %layer8_out, void @empty_6, i32 0, i32 0, void @empty_5, i32 0, i32 0, void @empty_5, void @empty_5, void @empty_5, i32 0, i32 0, i32 0, i32 0, void @empty_5, void @empty_5, i32 4294967295, i32 0, i32 0"   --->   Operation 5 'specinterface' 'specinterface_ln0' <Predicate = true> <Delay = 0.00>
ST_1 : Operation 6 [1/1] (0.00ns)   --->   "%specinterface_ln0 = specinterface void @_ssdm_op_SpecInterface, i666 %layer7_out, void @empty_6, i32 0, i32 0, void @empty_5, i32 0, i32 0, void @empty_5, void @empty_5, void @empty_5, i32 0, i32 0, i32 0, i32 0, void @empty_5, void @empty_5, i32 4294967295, i32 0, i32 0"   --->   Operation 6 'specinterface' 'specinterface_ln0' <Predicate = true> <Delay = 0.00>
ST_1 : Operation 7 [1/1] (1.58ns)   --->   "%store_ln0 = store i8 0, i8 %i1"   --->   Operation 7 'store' 'store_ln0' <Predicate = true> <Delay = 1.58>
ST_1 : Operation 8 [1/1] (0.00ns)   --->   "%br_ln41 = br void %ReLUPackLoop.split_ifconv" [firmware/nnet_utils/nnet_activation_stream.h:41]   --->   Operation 8 'br' 'br_ln41' <Predicate = true> <Delay = 0.00>
ST_1 : Operation 9 [1/1] (0.00ns)   --->   "%i1_load = load i8 %i1" [firmware/nnet_utils/nnet_activation_stream.h:41]   --->   Operation 9 'load' 'i1_load' <Predicate = true> <Delay = 0.00>
ST_1 : Operation 10 [1/1] (0.00ns)   --->   "%specpipeline_ln42 = specpipeline void @_ssdm_op_SpecPipeline, i32 4294967295, i32 0, i32 0, i32 0, void @empty_5" [firmware/nnet_utils/nnet_activation_stream.h:42]   --->   Operation 10 'specpipeline' 'specpipeline_ln42' <Predicate = true> <Delay = 0.00>
ST_1 : Operation 11 [1/1] (0.00ns)   --->   "%speclooptripcount_ln41 = speclooptripcount void @_ssdm_op_SpecLoopTripCount, i64 250, i64 250, i64 250" [firmware/nnet_utils/nnet_activation_stream.h:41]   --->   Operation 11 'speclooptripcount' 'speclooptripcount_ln41' <Predicate = true> <Delay = 0.00>
ST_1 : Operation 12 [1/1] (0.00ns)   --->   "%specloopname_ln41 = specloopname void @_ssdm_op_SpecLoopName, void @empty_2" [firmware/nnet_utils/nnet_activation_stream.h:41]   --->   Operation 12 'specloopname' 'specloopname_ln41' <Predicate = true> <Delay = 0.00>
ST_1 : Operation 13 [1/1] (3.54ns)   --->   "%layer7_out_read = read i666 @_ssdm_op_Read.ap_fifo.volatile.i666P0A, i666 %layer7_out" [firmware/nnet_utils/nnet_activation_stream.h:44]   --->   Operation 13 'read' 'layer7_out_read' <Predicate = true> <Delay = 3.54> <CoreInst = "FIFO">   --->   Core 77 'FIFO' <Latency = 0> <II = 1> <Delay = 3.54> <Storage> <Opcode : 'read' 'write' 'nbread' 'nbwrite'> <Ports = 0> <Width = 666> <Depth = 250> <FIFO>
ST_1 : Operation 14 [1/1] (0.00ns)   --->   "%trunc_ln44 = trunc i666 %layer7_out_read" [firmware/nnet_utils/nnet_activation_stream.h:44]   --->   Operation 14 'trunc' 'trunc_ln44' <Predicate = true> <Delay = 0.00>
ST_1 : Operation 15 [1/1] (0.00ns)   --->   "%trunc_ln44_1 = partselect i37 @_ssdm_op_PartSelect.i37.i666.i32.i32, i666 %layer7_out_read, i32 37, i32 73" [firmware/nnet_utils/nnet_activation_stream.h:44]   --->   Operation 15 'partselect' 'trunc_ln44_1' <Predicate = true> <Delay = 0.00>
ST_1 : Operation 16 [1/1] (0.00ns)   --->   "%trunc_ln44_2 = partselect i37 @_ssdm_op_PartSelect.i37.i666.i32.i32, i666 %layer7_out_read, i32 74, i32 110" [firmware/nnet_utils/nnet_activation_stream.h:44]   --->   Operation 16 'partselect' 'trunc_ln44_2' <Predicate = true> <Delay = 0.00>
ST_1 : Operation 17 [1/1] (0.00ns)   --->   "%trunc_ln44_3 = partselect i37 @_ssdm_op_PartSelect.i37.i666.i32.i32, i666 %layer7_out_read, i32 111, i32 147" [firmware/nnet_utils/nnet_activation_stream.h:44]   --->   Operation 17 'partselect' 'trunc_ln44_3' <Predicate = true> <Delay = 0.00>
ST_1 : Operation 18 [1/1] (0.00ns)   --->   "%trunc_ln44_4 = partselect i37 @_ssdm_op_PartSelect.i37.i666.i32.i32, i666 %layer7_out_read, i32 148, i32 184" [firmware/nnet_utils/nnet_activation_stream.h:44]   --->   Operation 18 'partselect' 'trunc_ln44_4' <Predicate = true> <Delay = 0.00>
ST_1 : Operation 19 [1/1] (0.00ns)   --->   "%trunc_ln44_5 = partselect i37 @_ssdm_op_PartSelect.i37.i666.i32.i32, i666 %layer7_out_read, i32 185, i32 221" [firmware/nnet_utils/nnet_activation_stream.h:44]   --->   Operation 19 'partselect' 'trunc_ln44_5' <Predicate = true> <Delay = 0.00>
ST_1 : Operation 20 [1/1] (0.00ns)   --->   "%trunc_ln44_6 = partselect i37 @_ssdm_op_PartSelect.i37.i666.i32.i32, i666 %layer7_out_read, i32 222, i32 258" [firmware/nnet_utils/nnet_activation_stream.h:44]   --->   Operation 20 'partselect' 'trunc_ln44_6' <Predicate = true> <Delay = 0.00>
ST_1 : Operation 21 [1/1] (0.00ns)   --->   "%trunc_ln44_7 = partselect i37 @_ssdm_op_PartSelect.i37.i666.i32.i32, i666 %layer7_out_read, i32 259, i32 295" [firmware/nnet_utils/nnet_activation_stream.h:44]   --->   Operation 21 'partselect' 'trunc_ln44_7' <Predicate = true> <Delay = 0.00>
ST_1 : Operation 22 [1/1] (0.00ns)   --->   "%trunc_ln44_8 = partselect i37 @_ssdm_op_PartSelect.i37.i666.i32.i32, i666 %layer7_out_read, i32 296, i32 332" [firmware/nnet_utils/nnet_activation_stream.h:44]   --->   Operation 22 'partselect' 'trunc_ln44_8' <Predicate = true> <Delay = 0.00>
ST_1 : Operation 23 [1/1] (0.00ns)   --->   "%trunc_ln44_9 = partselect i37 @_ssdm_op_PartSelect.i37.i666.i32.i32, i666 %layer7_out_read, i32 333, i32 369" [firmware/nnet_utils/nnet_activation_stream.h:44]   --->   Operation 23 'partselect' 'trunc_ln44_9' <Predicate = true> <Delay = 0.00>
ST_1 : Operation 24 [1/1] (0.00ns)   --->   "%trunc_ln44_s = partselect i37 @_ssdm_op_PartSelect.i37.i666.i32.i32, i666 %layer7_out_read, i32 370, i32 406" [firmware/nnet_utils/nnet_activation_stream.h:44]   --->   Operation 24 'partselect' 'trunc_ln44_s' <Predicate = true> <Delay = 0.00>
ST_1 : Operation 25 [1/1] (0.00ns)   --->   "%trunc_ln44_10 = partselect i37 @_ssdm_op_PartSelect.i37.i666.i32.i32, i666 %layer7_out_read, i32 407, i32 443" [firmware/nnet_utils/nnet_activation_stream.h:44]   --->   Operation 25 'partselect' 'trunc_ln44_10' <Predicate = true> <Delay = 0.00>
ST_1 : Operation 26 [1/1] (0.00ns)   --->   "%trunc_ln44_11 = partselect i37 @_ssdm_op_PartSelect.i37.i666.i32.i32, i666 %layer7_out_read, i32 444, i32 480" [firmware/nnet_utils/nnet_activation_stream.h:44]   --->   Operation 26 'partselect' 'trunc_ln44_11' <Predicate = true> <Delay = 0.00>
ST_1 : Operation 27 [1/1] (0.00ns)   --->   "%trunc_ln44_12 = partselect i37 @_ssdm_op_PartSelect.i37.i666.i32.i32, i666 %layer7_out_read, i32 481, i32 517" [firmware/nnet_utils/nnet_activation_stream.h:44]   --->   Operation 27 'partselect' 'trunc_ln44_12' <Predicate = true> <Delay = 0.00>
ST_1 : Operation 28 [1/1] (0.00ns)   --->   "%trunc_ln44_13 = partselect i37 @_ssdm_op_PartSelect.i37.i666.i32.i32, i666 %layer7_out_read, i32 518, i32 554" [firmware/nnet_utils/nnet_activation_stream.h:44]   --->   Operation 28 'partselect' 'trunc_ln44_13' <Predicate = true> <Delay = 0.00>
ST_1 : Operation 29 [1/1] (0.00ns)   --->   "%trunc_ln44_14 = partselect i37 @_ssdm_op_PartSelect.i37.i666.i32.i32, i666 %layer7_out_read, i32 555, i32 591" [firmware/nnet_utils/nnet_activation_stream.h:44]   --->   Operation 29 'partselect' 'trunc_ln44_14' <Predicate = true> <Delay = 0.00>
ST_1 : Operation 30 [1/1] (0.00ns)   --->   "%trunc_ln44_15 = partselect i37 @_ssdm_op_PartSelect.i37.i666.i32.i32, i666 %layer7_out_read, i32 592, i32 628" [firmware/nnet_utils/nnet_activation_stream.h:44]   --->   Operation 30 'partselect' 'trunc_ln44_15' <Predicate = true> <Delay = 0.00>
ST_1 : Operation 31 [1/1] (0.00ns)   --->   "%trunc_ln44_16 = partselect i37 @_ssdm_op_PartSelect.i37.i666.i32.i32, i666 %layer7_out_read, i32 629, i32 665" [firmware/nnet_utils/nnet_activation_stream.h:44]   --->   Operation 31 'partselect' 'trunc_ln44_16' <Predicate = true> <Delay = 0.00>
ST_1 : Operation 32 [1/1] (2.75ns)   --->   "%icmp_ln51 = icmp_sgt  i37 %trunc_ln44, i37 0" [firmware/nnet_utils/nnet_activation_stream.h:51]   --->   Operation 32 'icmp' 'icmp_ln51' <Predicate = true> <Delay = 2.75> <CoreInst = "Cmp">   --->   Core 9 'Cmp' <Latency = 0> <II = 1> <Delay = 2.75> <FuncUnit> <Opcode : 'seteq' 'setne' 'setle' 'setge' 'setlt' 'setgt'> <InPorts = 2> <OutPorts = 1>
ST_1 : Operation 33 [1/1] (0.00ns)   --->   "%trunc_ln1 = partselect i8 @_ssdm_op_PartSelect.i8.i666.i32.i32, i666 %layer7_out_read, i32 10, i32 17" [firmware/nnet_utils/nnet_activation_stream.h:52]   --->   Operation 33 'partselect' 'trunc_ln1' <Predicate = true> <Delay = 0.00>
ST_1 : Operation 34 [1/1] (0.00ns)   --->   "%trunc_ln52_2 = partselect i2 @_ssdm_op_PartSelect.i2.i666.i32.i32, i666 %layer7_out_read, i32 26, i32 27" [firmware/nnet_utils/nnet_activation_stream.h:52]   --->   Operation 34 'partselect' 'trunc_ln52_2' <Predicate = true> <Delay = 0.00>
ST_1 : Operation 35 [1/1] (1.24ns)   --->   "%out_data_sroa_0_0_0 = select i1 %icmp_ln51, i8 %trunc_ln1, i8 0" [firmware/nnet_utils/nnet_activation_stream.h:51]   --->   Operation 35 'select' 'out_data_sroa_0_0_0' <Predicate = true> <Delay = 1.24> <CoreInst = "Sel">   --->   Core 73 'Sel' <Latency = 0> <II = 1> <Delay = 1.24> <FuncUnit> <Opcode : 'select'> <InPorts = 3> <OutPorts = 1>
ST_1 : Operation 36 [1/1] (0.99ns)   --->   "%empty = select i1 %icmp_ln51, i2 %trunc_ln52_2, i2 0" [firmware/nnet_utils/nnet_activation_stream.h:51]   --->   Operation 36 'select' 'empty' <Predicate = true> <Delay = 0.99> <CoreInst = "Sel">   --->   Core 73 'Sel' <Latency = 0> <II = 1> <Delay = 0.99> <FuncUnit> <Opcode : 'select'> <InPorts = 3> <OutPorts = 1>
ST_1 : Operation 37 [1/1] (2.75ns)   --->   "%icmp_ln51_1 = icmp_sgt  i37 %trunc_ln44_1, i37 0" [firmware/nnet_utils/nnet_activation_stream.h:51]   --->   Operation 37 'icmp' 'icmp_ln51_1' <Predicate = true> <Delay = 2.75> <CoreInst = "Cmp">   --->   Core 9 'Cmp' <Latency = 0> <II = 1> <Delay = 2.75> <FuncUnit> <Opcode : 'seteq' 'setne' 'setle' 'setge' 'setlt' 'setgt'> <InPorts = 2> <OutPorts = 1>
ST_1 : Operation 38 [1/1] (0.00ns)   --->   "%trunc_ln52_3 = partselect i8 @_ssdm_op_PartSelect.i8.i666.i32.i32, i666 %layer7_out_read, i32 47, i32 54" [firmware/nnet_utils/nnet_activation_stream.h:52]   --->   Operation 38 'partselect' 'trunc_ln52_3' <Predicate = true> <Delay = 0.00>
ST_1 : Operation 39 [1/1] (0.00ns)   --->   "%trunc_ln52_5 = partselect i2 @_ssdm_op_PartSelect.i2.i666.i32.i32, i666 %layer7_out_read, i32 63, i32 64" [firmware/nnet_utils/nnet_activation_stream.h:52]   --->   Operation 39 'partselect' 'trunc_ln52_5' <Predicate = true> <Delay = 0.00>
ST_1 : Operation 40 [1/1] (1.24ns)   --->   "%out_data_sroa_5130_0_0 = select i1 %icmp_ln51_1, i8 %trunc_ln52_3, i8 0" [firmware/nnet_utils/nnet_activation_stream.h:51]   --->   Operation 40 'select' 'out_data_sroa_5130_0_0' <Predicate = true> <Delay = 1.24> <CoreInst = "Sel">   --->   Core 73 'Sel' <Latency = 0> <II = 1> <Delay = 1.24> <FuncUnit> <Opcode : 'select'> <InPorts = 3> <OutPorts = 1>
ST_1 : Operation 41 [1/1] (0.99ns)   --->   "%empty_47 = select i1 %icmp_ln51_1, i2 %trunc_ln52_5, i2 0" [firmware/nnet_utils/nnet_activation_stream.h:51]   --->   Operation 41 'select' 'empty_47' <Predicate = true> <Delay = 0.99> <CoreInst = "Sel">   --->   Core 73 'Sel' <Latency = 0> <II = 1> <Delay = 0.99> <FuncUnit> <Opcode : 'select'> <InPorts = 3> <OutPorts = 1>
ST_1 : Operation 42 [1/1] (2.75ns)   --->   "%icmp_ln51_2 = icmp_sgt  i37 %trunc_ln44_2, i37 0" [firmware/nnet_utils/nnet_activation_stream.h:51]   --->   Operation 42 'icmp' 'icmp_ln51_2' <Predicate = true> <Delay = 2.75> <CoreInst = "Cmp">   --->   Core 9 'Cmp' <Latency = 0> <II = 1> <Delay = 2.75> <FuncUnit> <Opcode : 'seteq' 'setne' 'setle' 'setge' 'setlt' 'setgt'> <InPorts = 2> <OutPorts = 1>
ST_1 : Operation 43 [1/1] (0.00ns)   --->   "%trunc_ln52_6 = partselect i8 @_ssdm_op_PartSelect.i8.i666.i32.i32, i666 %layer7_out_read, i32 84, i32 91" [firmware/nnet_utils/nnet_activation_stream.h:52]   --->   Operation 43 'partselect' 'trunc_ln52_6' <Predicate = true> <Delay = 0.00>
ST_1 : Operation 44 [1/1] (0.00ns)   --->   "%trunc_ln52_8 = partselect i2 @_ssdm_op_PartSelect.i2.i666.i32.i32, i666 %layer7_out_read, i32 100, i32 101" [firmware/nnet_utils/nnet_activation_stream.h:52]   --->   Operation 44 'partselect' 'trunc_ln52_8' <Predicate = true> <Delay = 0.00>
ST_1 : Operation 45 [1/1] (1.24ns)   --->   "%out_data_sroa_8134_0_0 = select i1 %icmp_ln51_2, i8 %trunc_ln52_6, i8 0" [firmware/nnet_utils/nnet_activation_stream.h:51]   --->   Operation 45 'select' 'out_data_sroa_8134_0_0' <Predicate = true> <Delay = 1.24> <CoreInst = "Sel">   --->   Core 73 'Sel' <Latency = 0> <II = 1> <Delay = 1.24> <FuncUnit> <Opcode : 'select'> <InPorts = 3> <OutPorts = 1>
ST_1 : Operation 46 [1/1] (0.99ns)   --->   "%empty_48 = select i1 %icmp_ln51_2, i2 %trunc_ln52_8, i2 0" [firmware/nnet_utils/nnet_activation_stream.h:51]   --->   Operation 46 'select' 'empty_48' <Predicate = true> <Delay = 0.99> <CoreInst = "Sel">   --->   Core 73 'Sel' <Latency = 0> <II = 1> <Delay = 0.99> <FuncUnit> <Opcode : 'select'> <InPorts = 3> <OutPorts = 1>
ST_1 : Operation 47 [1/1] (2.75ns)   --->   "%icmp_ln51_3 = icmp_sgt  i37 %trunc_ln44_3, i37 0" [firmware/nnet_utils/nnet_activation_stream.h:51]   --->   Operation 47 'icmp' 'icmp_ln51_3' <Predicate = true> <Delay = 2.75> <CoreInst = "Cmp">   --->   Core 9 'Cmp' <Latency = 0> <II = 1> <Delay = 2.75> <FuncUnit> <Opcode : 'seteq' 'setne' 'setle' 'setge' 'setlt' 'setgt'> <InPorts = 2> <OutPorts = 1>
ST_1 : Operation 48 [1/1] (0.00ns)   --->   "%trunc_ln52_9 = partselect i8 @_ssdm_op_PartSelect.i8.i666.i32.i32, i666 %layer7_out_read, i32 121, i32 128" [firmware/nnet_utils/nnet_activation_stream.h:52]   --->   Operation 48 'partselect' 'trunc_ln52_9' <Predicate = true> <Delay = 0.00>
ST_1 : Operation 49 [1/1] (0.00ns)   --->   "%trunc_ln52_s = partselect i2 @_ssdm_op_PartSelect.i2.i666.i32.i32, i666 %layer7_out_read, i32 137, i32 138" [firmware/nnet_utils/nnet_activation_stream.h:52]   --->   Operation 49 'partselect' 'trunc_ln52_s' <Predicate = true> <Delay = 0.00>
ST_1 : Operation 50 [1/1] (1.24ns)   --->   "%out_data_sroa_11138_0_0 = select i1 %icmp_ln51_3, i8 %trunc_ln52_9, i8 0" [firmware/nnet_utils/nnet_activation_stream.h:51]   --->   Operation 50 'select' 'out_data_sroa_11138_0_0' <Predicate = true> <Delay = 1.24> <CoreInst = "Sel">   --->   Core 73 'Sel' <Latency = 0> <II = 1> <Delay = 1.24> <FuncUnit> <Opcode : 'select'> <InPorts = 3> <OutPorts = 1>
ST_1 : Operation 51 [1/1] (0.99ns)   --->   "%empty_49 = select i1 %icmp_ln51_3, i2 %trunc_ln52_s, i2 0" [firmware/nnet_utils/nnet_activation_stream.h:51]   --->   Operation 51 'select' 'empty_49' <Predicate = true> <Delay = 0.99> <CoreInst = "Sel">   --->   Core 73 'Sel' <Latency = 0> <II = 1> <Delay = 0.99> <FuncUnit> <Opcode : 'select'> <InPorts = 3> <OutPorts = 1>
ST_1 : Operation 52 [1/1] (2.75ns)   --->   "%icmp_ln51_4 = icmp_sgt  i37 %trunc_ln44_4, i37 0" [firmware/nnet_utils/nnet_activation_stream.h:51]   --->   Operation 52 'icmp' 'icmp_ln51_4' <Predicate = true> <Delay = 2.75> <CoreInst = "Cmp">   --->   Core 9 'Cmp' <Latency = 0> <II = 1> <Delay = 2.75> <FuncUnit> <Opcode : 'seteq' 'setne' 'setle' 'setge' 'setlt' 'setgt'> <InPorts = 2> <OutPorts = 1>
ST_1 : Operation 53 [1/1] (0.00ns)   --->   "%trunc_ln52_1 = partselect i8 @_ssdm_op_PartSelect.i8.i666.i32.i32, i666 %layer7_out_read, i32 158, i32 165" [firmware/nnet_utils/nnet_activation_stream.h:52]   --->   Operation 53 'partselect' 'trunc_ln52_1' <Predicate = true> <Delay = 0.00>
ST_1 : Operation 54 [1/1] (0.00ns)   --->   "%trunc_ln52_4 = partselect i2 @_ssdm_op_PartSelect.i2.i666.i32.i32, i666 %layer7_out_read, i32 174, i32 175" [firmware/nnet_utils/nnet_activation_stream.h:52]   --->   Operation 54 'partselect' 'trunc_ln52_4' <Predicate = true> <Delay = 0.00>
ST_1 : Operation 55 [1/1] (1.24ns)   --->   "%out_data_sroa_14142_0_0 = select i1 %icmp_ln51_4, i8 %trunc_ln52_1, i8 0" [firmware/nnet_utils/nnet_activation_stream.h:51]   --->   Operation 55 'select' 'out_data_sroa_14142_0_0' <Predicate = true> <Delay = 1.24> <CoreInst = "Sel">   --->   Core 73 'Sel' <Latency = 0> <II = 1> <Delay = 1.24> <FuncUnit> <Opcode : 'select'> <InPorts = 3> <OutPorts = 1>
ST_1 : Operation 56 [1/1] (0.99ns)   --->   "%empty_50 = select i1 %icmp_ln51_4, i2 %trunc_ln52_4, i2 0" [firmware/nnet_utils/nnet_activation_stream.h:51]   --->   Operation 56 'select' 'empty_50' <Predicate = true> <Delay = 0.99> <CoreInst = "Sel">   --->   Core 73 'Sel' <Latency = 0> <II = 1> <Delay = 0.99> <FuncUnit> <Opcode : 'select'> <InPorts = 3> <OutPorts = 1>
ST_1 : Operation 57 [1/1] (2.75ns)   --->   "%icmp_ln51_5 = icmp_sgt  i37 %trunc_ln44_5, i37 0" [firmware/nnet_utils/nnet_activation_stream.h:51]   --->   Operation 57 'icmp' 'icmp_ln51_5' <Predicate = true> <Delay = 2.75> <CoreInst = "Cmp">   --->   Core 9 'Cmp' <Latency = 0> <II = 1> <Delay = 2.75> <FuncUnit> <Opcode : 'seteq' 'setne' 'setle' 'setge' 'setlt' 'setgt'> <InPorts = 2> <OutPorts = 1>
ST_1 : Operation 58 [1/1] (0.00ns)   --->   "%trunc_ln52_7 = partselect i8 @_ssdm_op_PartSelect.i8.i666.i32.i32, i666 %layer7_out_read, i32 195, i32 202" [firmware/nnet_utils/nnet_activation_stream.h:52]   --->   Operation 58 'partselect' 'trunc_ln52_7' <Predicate = true> <Delay = 0.00>
ST_1 : Operation 59 [1/1] (0.00ns)   --->   "%trunc_ln52_10 = partselect i2 @_ssdm_op_PartSelect.i2.i666.i32.i32, i666 %layer7_out_read, i32 211, i32 212" [firmware/nnet_utils/nnet_activation_stream.h:52]   --->   Operation 59 'partselect' 'trunc_ln52_10' <Predicate = true> <Delay = 0.00>
ST_1 : Operation 60 [1/1] (1.24ns)   --->   "%out_data_sroa_17146_0_0 = select i1 %icmp_ln51_5, i8 %trunc_ln52_7, i8 0" [firmware/nnet_utils/nnet_activation_stream.h:51]   --->   Operation 60 'select' 'out_data_sroa_17146_0_0' <Predicate = true> <Delay = 1.24> <CoreInst = "Sel">   --->   Core 73 'Sel' <Latency = 0> <II = 1> <Delay = 1.24> <FuncUnit> <Opcode : 'select'> <InPorts = 3> <OutPorts = 1>
ST_1 : Operation 61 [1/1] (0.99ns)   --->   "%empty_51 = select i1 %icmp_ln51_5, i2 %trunc_ln52_10, i2 0" [firmware/nnet_utils/nnet_activation_stream.h:51]   --->   Operation 61 'select' 'empty_51' <Predicate = true> <Delay = 0.99> <CoreInst = "Sel">   --->   Core 73 'Sel' <Latency = 0> <II = 1> <Delay = 0.99> <FuncUnit> <Opcode : 'select'> <InPorts = 3> <OutPorts = 1>
ST_1 : Operation 62 [1/1] (2.75ns)   --->   "%icmp_ln51_6 = icmp_sgt  i37 %trunc_ln44_6, i37 0" [firmware/nnet_utils/nnet_activation_stream.h:51]   --->   Operation 62 'icmp' 'icmp_ln51_6' <Predicate = true> <Delay = 2.75> <CoreInst = "Cmp">   --->   Core 9 'Cmp' <Latency = 0> <II = 1> <Delay = 2.75> <FuncUnit> <Opcode : 'seteq' 'setne' 'setle' 'setge' 'setlt' 'setgt'> <InPorts = 2> <OutPorts = 1>
ST_1 : Operation 63 [1/1] (0.00ns)   --->   "%trunc_ln52_11 = partselect i8 @_ssdm_op_PartSelect.i8.i666.i32.i32, i666 %layer7_out_read, i32 232, i32 239" [firmware/nnet_utils/nnet_activation_stream.h:52]   --->   Operation 63 'partselect' 'trunc_ln52_11' <Predicate = true> <Delay = 0.00>
ST_1 : Operation 64 [1/1] (0.00ns)   --->   "%trunc_ln52_12 = partselect i2 @_ssdm_op_PartSelect.i2.i666.i32.i32, i666 %layer7_out_read, i32 248, i32 249" [firmware/nnet_utils/nnet_activation_stream.h:52]   --->   Operation 64 'partselect' 'trunc_ln52_12' <Predicate = true> <Delay = 0.00>
ST_1 : Operation 65 [1/1] (1.24ns)   --->   "%out_data_sroa_20150_0_0 = select i1 %icmp_ln51_6, i8 %trunc_ln52_11, i8 0" [firmware/nnet_utils/nnet_activation_stream.h:51]   --->   Operation 65 'select' 'out_data_sroa_20150_0_0' <Predicate = true> <Delay = 1.24> <CoreInst = "Sel">   --->   Core 73 'Sel' <Latency = 0> <II = 1> <Delay = 1.24> <FuncUnit> <Opcode : 'select'> <InPorts = 3> <OutPorts = 1>
ST_1 : Operation 66 [1/1] (0.99ns)   --->   "%empty_52 = select i1 %icmp_ln51_6, i2 %trunc_ln52_12, i2 0" [firmware/nnet_utils/nnet_activation_stream.h:51]   --->   Operation 66 'select' 'empty_52' <Predicate = true> <Delay = 0.99> <CoreInst = "Sel">   --->   Core 73 'Sel' <Latency = 0> <II = 1> <Delay = 0.99> <FuncUnit> <Opcode : 'select'> <InPorts = 3> <OutPorts = 1>
ST_1 : Operation 67 [1/1] (2.75ns)   --->   "%icmp_ln51_7 = icmp_sgt  i37 %trunc_ln44_7, i37 0" [firmware/nnet_utils/nnet_activation_stream.h:51]   --->   Operation 67 'icmp' 'icmp_ln51_7' <Predicate = true> <Delay = 2.75> <CoreInst = "Cmp">   --->   Core 9 'Cmp' <Latency = 0> <II = 1> <Delay = 2.75> <FuncUnit> <Opcode : 'seteq' 'setne' 'setle' 'setge' 'setlt' 'setgt'> <InPorts = 2> <OutPorts = 1>
ST_1 : Operation 68 [1/1] (0.00ns)   --->   "%trunc_ln52_13 = partselect i8 @_ssdm_op_PartSelect.i8.i666.i32.i32, i666 %layer7_out_read, i32 269, i32 276" [firmware/nnet_utils/nnet_activation_stream.h:52]   --->   Operation 68 'partselect' 'trunc_ln52_13' <Predicate = true> <Delay = 0.00>
ST_1 : Operation 69 [1/1] (0.00ns)   --->   "%trunc_ln52_14 = partselect i2 @_ssdm_op_PartSelect.i2.i666.i32.i32, i666 %layer7_out_read, i32 285, i32 286" [firmware/nnet_utils/nnet_activation_stream.h:52]   --->   Operation 69 'partselect' 'trunc_ln52_14' <Predicate = true> <Delay = 0.00>
ST_1 : Operation 70 [1/1] (1.24ns)   --->   "%out_data_sroa_23154_0_0 = select i1 %icmp_ln51_7, i8 %trunc_ln52_13, i8 0" [firmware/nnet_utils/nnet_activation_stream.h:51]   --->   Operation 70 'select' 'out_data_sroa_23154_0_0' <Predicate = true> <Delay = 1.24> <CoreInst = "Sel">   --->   Core 73 'Sel' <Latency = 0> <II = 1> <Delay = 1.24> <FuncUnit> <Opcode : 'select'> <InPorts = 3> <OutPorts = 1>
ST_1 : Operation 71 [1/1] (0.99ns)   --->   "%empty_53 = select i1 %icmp_ln51_7, i2 %trunc_ln52_14, i2 0" [firmware/nnet_utils/nnet_activation_stream.h:51]   --->   Operation 71 'select' 'empty_53' <Predicate = true> <Delay = 0.99> <CoreInst = "Sel">   --->   Core 73 'Sel' <Latency = 0> <II = 1> <Delay = 0.99> <FuncUnit> <Opcode : 'select'> <InPorts = 3> <OutPorts = 1>
ST_1 : Operation 72 [1/1] (2.75ns)   --->   "%icmp_ln51_8 = icmp_sgt  i37 %trunc_ln44_8, i37 0" [firmware/nnet_utils/nnet_activation_stream.h:51]   --->   Operation 72 'icmp' 'icmp_ln51_8' <Predicate = true> <Delay = 2.75> <CoreInst = "Cmp">   --->   Core 9 'Cmp' <Latency = 0> <II = 1> <Delay = 2.75> <FuncUnit> <Opcode : 'seteq' 'setne' 'setle' 'setge' 'setlt' 'setgt'> <InPorts = 2> <OutPorts = 1>
ST_1 : Operation 73 [1/1] (0.00ns)   --->   "%trunc_ln52_15 = partselect i8 @_ssdm_op_PartSelect.i8.i666.i32.i32, i666 %layer7_out_read, i32 306, i32 313" [firmware/nnet_utils/nnet_activation_stream.h:52]   --->   Operation 73 'partselect' 'trunc_ln52_15' <Predicate = true> <Delay = 0.00>
ST_1 : Operation 74 [1/1] (0.00ns)   --->   "%trunc_ln52_16 = partselect i2 @_ssdm_op_PartSelect.i2.i666.i32.i32, i666 %layer7_out_read, i32 322, i32 323" [firmware/nnet_utils/nnet_activation_stream.h:52]   --->   Operation 74 'partselect' 'trunc_ln52_16' <Predicate = true> <Delay = 0.00>
ST_1 : Operation 75 [1/1] (1.24ns)   --->   "%out_data_sroa_26158_0_0 = select i1 %icmp_ln51_8, i8 %trunc_ln52_15, i8 0" [firmware/nnet_utils/nnet_activation_stream.h:51]   --->   Operation 75 'select' 'out_data_sroa_26158_0_0' <Predicate = true> <Delay = 1.24> <CoreInst = "Sel">   --->   Core 73 'Sel' <Latency = 0> <II = 1> <Delay = 1.24> <FuncUnit> <Opcode : 'select'> <InPorts = 3> <OutPorts = 1>
ST_1 : Operation 76 [1/1] (0.99ns)   --->   "%empty_54 = select i1 %icmp_ln51_8, i2 %trunc_ln52_16, i2 0" [firmware/nnet_utils/nnet_activation_stream.h:51]   --->   Operation 76 'select' 'empty_54' <Predicate = true> <Delay = 0.99> <CoreInst = "Sel">   --->   Core 73 'Sel' <Latency = 0> <II = 1> <Delay = 0.99> <FuncUnit> <Opcode : 'select'> <InPorts = 3> <OutPorts = 1>
ST_1 : Operation 77 [1/1] (2.75ns)   --->   "%icmp_ln51_9 = icmp_sgt  i37 %trunc_ln44_9, i37 0" [firmware/nnet_utils/nnet_activation_stream.h:51]   --->   Operation 77 'icmp' 'icmp_ln51_9' <Predicate = true> <Delay = 2.75> <CoreInst = "Cmp">   --->   Core 9 'Cmp' <Latency = 0> <II = 1> <Delay = 2.75> <FuncUnit> <Opcode : 'seteq' 'setne' 'setle' 'setge' 'setlt' 'setgt'> <InPorts = 2> <OutPorts = 1>
ST_1 : Operation 78 [1/1] (0.00ns)   --->   "%trunc_ln52_17 = partselect i8 @_ssdm_op_PartSelect.i8.i666.i32.i32, i666 %layer7_out_read, i32 343, i32 350" [firmware/nnet_utils/nnet_activation_stream.h:52]   --->   Operation 78 'partselect' 'trunc_ln52_17' <Predicate = true> <Delay = 0.00>
ST_1 : Operation 79 [1/1] (0.00ns)   --->   "%trunc_ln52_18 = partselect i2 @_ssdm_op_PartSelect.i2.i666.i32.i32, i666 %layer7_out_read, i32 359, i32 360" [firmware/nnet_utils/nnet_activation_stream.h:52]   --->   Operation 79 'partselect' 'trunc_ln52_18' <Predicate = true> <Delay = 0.00>
ST_1 : Operation 80 [1/1] (1.24ns)   --->   "%out_data_sroa_29162_0_0 = select i1 %icmp_ln51_9, i8 %trunc_ln52_17, i8 0" [firmware/nnet_utils/nnet_activation_stream.h:51]   --->   Operation 80 'select' 'out_data_sroa_29162_0_0' <Predicate = true> <Delay = 1.24> <CoreInst = "Sel">   --->   Core 73 'Sel' <Latency = 0> <II = 1> <Delay = 1.24> <FuncUnit> <Opcode : 'select'> <InPorts = 3> <OutPorts = 1>
ST_1 : Operation 81 [1/1] (0.99ns)   --->   "%empty_55 = select i1 %icmp_ln51_9, i2 %trunc_ln52_18, i2 0" [firmware/nnet_utils/nnet_activation_stream.h:51]   --->   Operation 81 'select' 'empty_55' <Predicate = true> <Delay = 0.99> <CoreInst = "Sel">   --->   Core 73 'Sel' <Latency = 0> <II = 1> <Delay = 0.99> <FuncUnit> <Opcode : 'select'> <InPorts = 3> <OutPorts = 1>
ST_1 : Operation 82 [1/1] (2.75ns)   --->   "%icmp_ln51_10 = icmp_sgt  i37 %trunc_ln44_s, i37 0" [firmware/nnet_utils/nnet_activation_stream.h:51]   --->   Operation 82 'icmp' 'icmp_ln51_10' <Predicate = true> <Delay = 2.75> <CoreInst = "Cmp">   --->   Core 9 'Cmp' <Latency = 0> <II = 1> <Delay = 2.75> <FuncUnit> <Opcode : 'seteq' 'setne' 'setle' 'setge' 'setlt' 'setgt'> <InPorts = 2> <OutPorts = 1>
ST_1 : Operation 83 [1/1] (0.00ns)   --->   "%trunc_ln52_19 = partselect i8 @_ssdm_op_PartSelect.i8.i666.i32.i32, i666 %layer7_out_read, i32 380, i32 387" [firmware/nnet_utils/nnet_activation_stream.h:52]   --->   Operation 83 'partselect' 'trunc_ln52_19' <Predicate = true> <Delay = 0.00>
ST_1 : Operation 84 [1/1] (0.00ns)   --->   "%trunc_ln52_20 = partselect i2 @_ssdm_op_PartSelect.i2.i666.i32.i32, i666 %layer7_out_read, i32 396, i32 397" [firmware/nnet_utils/nnet_activation_stream.h:52]   --->   Operation 84 'partselect' 'trunc_ln52_20' <Predicate = true> <Delay = 0.00>
ST_1 : Operation 85 [1/1] (1.24ns)   --->   "%out_data_sroa_32166_0_0 = select i1 %icmp_ln51_10, i8 %trunc_ln52_19, i8 0" [firmware/nnet_utils/nnet_activation_stream.h:51]   --->   Operation 85 'select' 'out_data_sroa_32166_0_0' <Predicate = true> <Delay = 1.24> <CoreInst = "Sel">   --->   Core 73 'Sel' <Latency = 0> <II = 1> <Delay = 1.24> <FuncUnit> <Opcode : 'select'> <InPorts = 3> <OutPorts = 1>
ST_1 : Operation 86 [1/1] (0.99ns)   --->   "%empty_56 = select i1 %icmp_ln51_10, i2 %trunc_ln52_20, i2 0" [firmware/nnet_utils/nnet_activation_stream.h:51]   --->   Operation 86 'select' 'empty_56' <Predicate = true> <Delay = 0.99> <CoreInst = "Sel">   --->   Core 73 'Sel' <Latency = 0> <II = 1> <Delay = 0.99> <FuncUnit> <Opcode : 'select'> <InPorts = 3> <OutPorts = 1>
ST_1 : Operation 87 [1/1] (2.75ns)   --->   "%icmp_ln51_11 = icmp_sgt  i37 %trunc_ln44_10, i37 0" [firmware/nnet_utils/nnet_activation_stream.h:51]   --->   Operation 87 'icmp' 'icmp_ln51_11' <Predicate = true> <Delay = 2.75> <CoreInst = "Cmp">   --->   Core 9 'Cmp' <Latency = 0> <II = 1> <Delay = 2.75> <FuncUnit> <Opcode : 'seteq' 'setne' 'setle' 'setge' 'setlt' 'setgt'> <InPorts = 2> <OutPorts = 1>
ST_1 : Operation 88 [1/1] (0.00ns)   --->   "%trunc_ln52_21 = partselect i8 @_ssdm_op_PartSelect.i8.i666.i32.i32, i666 %layer7_out_read, i32 417, i32 424" [firmware/nnet_utils/nnet_activation_stream.h:52]   --->   Operation 88 'partselect' 'trunc_ln52_21' <Predicate = true> <Delay = 0.00>
ST_1 : Operation 89 [1/1] (0.00ns)   --->   "%trunc_ln52_22 = partselect i2 @_ssdm_op_PartSelect.i2.i666.i32.i32, i666 %layer7_out_read, i32 433, i32 434" [firmware/nnet_utils/nnet_activation_stream.h:52]   --->   Operation 89 'partselect' 'trunc_ln52_22' <Predicate = true> <Delay = 0.00>
ST_1 : Operation 90 [1/1] (1.24ns)   --->   "%out_data_sroa_35170_0_0 = select i1 %icmp_ln51_11, i8 %trunc_ln52_21, i8 0" [firmware/nnet_utils/nnet_activation_stream.h:51]   --->   Operation 90 'select' 'out_data_sroa_35170_0_0' <Predicate = true> <Delay = 1.24> <CoreInst = "Sel">   --->   Core 73 'Sel' <Latency = 0> <II = 1> <Delay = 1.24> <FuncUnit> <Opcode : 'select'> <InPorts = 3> <OutPorts = 1>
ST_1 : Operation 91 [1/1] (0.99ns)   --->   "%empty_57 = select i1 %icmp_ln51_11, i2 %trunc_ln52_22, i2 0" [firmware/nnet_utils/nnet_activation_stream.h:51]   --->   Operation 91 'select' 'empty_57' <Predicate = true> <Delay = 0.99> <CoreInst = "Sel">   --->   Core 73 'Sel' <Latency = 0> <II = 1> <Delay = 0.99> <FuncUnit> <Opcode : 'select'> <InPorts = 3> <OutPorts = 1>
ST_1 : Operation 92 [1/1] (2.75ns)   --->   "%icmp_ln51_12 = icmp_sgt  i37 %trunc_ln44_11, i37 0" [firmware/nnet_utils/nnet_activation_stream.h:51]   --->   Operation 92 'icmp' 'icmp_ln51_12' <Predicate = true> <Delay = 2.75> <CoreInst = "Cmp">   --->   Core 9 'Cmp' <Latency = 0> <II = 1> <Delay = 2.75> <FuncUnit> <Opcode : 'seteq' 'setne' 'setle' 'setge' 'setlt' 'setgt'> <InPorts = 2> <OutPorts = 1>
ST_1 : Operation 93 [1/1] (0.00ns)   --->   "%trunc_ln52_23 = partselect i8 @_ssdm_op_PartSelect.i8.i666.i32.i32, i666 %layer7_out_read, i32 454, i32 461" [firmware/nnet_utils/nnet_activation_stream.h:52]   --->   Operation 93 'partselect' 'trunc_ln52_23' <Predicate = true> <Delay = 0.00>
ST_1 : Operation 94 [1/1] (0.00ns)   --->   "%trunc_ln52_24 = partselect i2 @_ssdm_op_PartSelect.i2.i666.i32.i32, i666 %layer7_out_read, i32 470, i32 471" [firmware/nnet_utils/nnet_activation_stream.h:52]   --->   Operation 94 'partselect' 'trunc_ln52_24' <Predicate = true> <Delay = 0.00>
ST_1 : Operation 95 [1/1] (1.24ns)   --->   "%out_data_sroa_38174_0_0 = select i1 %icmp_ln51_12, i8 %trunc_ln52_23, i8 0" [firmware/nnet_utils/nnet_activation_stream.h:51]   --->   Operation 95 'select' 'out_data_sroa_38174_0_0' <Predicate = true> <Delay = 1.24> <CoreInst = "Sel">   --->   Core 73 'Sel' <Latency = 0> <II = 1> <Delay = 1.24> <FuncUnit> <Opcode : 'select'> <InPorts = 3> <OutPorts = 1>
ST_1 : Operation 96 [1/1] (0.99ns)   --->   "%empty_58 = select i1 %icmp_ln51_12, i2 %trunc_ln52_24, i2 0" [firmware/nnet_utils/nnet_activation_stream.h:51]   --->   Operation 96 'select' 'empty_58' <Predicate = true> <Delay = 0.99> <CoreInst = "Sel">   --->   Core 73 'Sel' <Latency = 0> <II = 1> <Delay = 0.99> <FuncUnit> <Opcode : 'select'> <InPorts = 3> <OutPorts = 1>
ST_1 : Operation 97 [1/1] (2.75ns)   --->   "%icmp_ln51_13 = icmp_sgt  i37 %trunc_ln44_12, i37 0" [firmware/nnet_utils/nnet_activation_stream.h:51]   --->   Operation 97 'icmp' 'icmp_ln51_13' <Predicate = true> <Delay = 2.75> <CoreInst = "Cmp">   --->   Core 9 'Cmp' <Latency = 0> <II = 1> <Delay = 2.75> <FuncUnit> <Opcode : 'seteq' 'setne' 'setle' 'setge' 'setlt' 'setgt'> <InPorts = 2> <OutPorts = 1>
ST_1 : Operation 98 [1/1] (0.00ns)   --->   "%trunc_ln52_25 = partselect i8 @_ssdm_op_PartSelect.i8.i666.i32.i32, i666 %layer7_out_read, i32 491, i32 498" [firmware/nnet_utils/nnet_activation_stream.h:52]   --->   Operation 98 'partselect' 'trunc_ln52_25' <Predicate = true> <Delay = 0.00>
ST_1 : Operation 99 [1/1] (0.00ns)   --->   "%trunc_ln52_26 = partselect i2 @_ssdm_op_PartSelect.i2.i666.i32.i32, i666 %layer7_out_read, i32 507, i32 508" [firmware/nnet_utils/nnet_activation_stream.h:52]   --->   Operation 99 'partselect' 'trunc_ln52_26' <Predicate = true> <Delay = 0.00>
ST_1 : Operation 100 [1/1] (1.24ns)   --->   "%out_data_sroa_41178_0_0 = select i1 %icmp_ln51_13, i8 %trunc_ln52_25, i8 0" [firmware/nnet_utils/nnet_activation_stream.h:51]   --->   Operation 100 'select' 'out_data_sroa_41178_0_0' <Predicate = true> <Delay = 1.24> <CoreInst = "Sel">   --->   Core 73 'Sel' <Latency = 0> <II = 1> <Delay = 1.24> <FuncUnit> <Opcode : 'select'> <InPorts = 3> <OutPorts = 1>
ST_1 : Operation 101 [1/1] (0.99ns)   --->   "%empty_59 = select i1 %icmp_ln51_13, i2 %trunc_ln52_26, i2 0" [firmware/nnet_utils/nnet_activation_stream.h:51]   --->   Operation 101 'select' 'empty_59' <Predicate = true> <Delay = 0.99> <CoreInst = "Sel">   --->   Core 73 'Sel' <Latency = 0> <II = 1> <Delay = 0.99> <FuncUnit> <Opcode : 'select'> <InPorts = 3> <OutPorts = 1>
ST_1 : Operation 102 [1/1] (2.75ns)   --->   "%icmp_ln51_14 = icmp_sgt  i37 %trunc_ln44_13, i37 0" [firmware/nnet_utils/nnet_activation_stream.h:51]   --->   Operation 102 'icmp' 'icmp_ln51_14' <Predicate = true> <Delay = 2.75> <CoreInst = "Cmp">   --->   Core 9 'Cmp' <Latency = 0> <II = 1> <Delay = 2.75> <FuncUnit> <Opcode : 'seteq' 'setne' 'setle' 'setge' 'setlt' 'setgt'> <InPorts = 2> <OutPorts = 1>
ST_1 : Operation 103 [1/1] (0.00ns)   --->   "%trunc_ln52_27 = partselect i8 @_ssdm_op_PartSelect.i8.i666.i32.i32, i666 %layer7_out_read, i32 528, i32 535" [firmware/nnet_utils/nnet_activation_stream.h:52]   --->   Operation 103 'partselect' 'trunc_ln52_27' <Predicate = true> <Delay = 0.00>
ST_1 : Operation 104 [1/1] (0.00ns)   --->   "%trunc_ln52_28 = partselect i2 @_ssdm_op_PartSelect.i2.i666.i32.i32, i666 %layer7_out_read, i32 544, i32 545" [firmware/nnet_utils/nnet_activation_stream.h:52]   --->   Operation 104 'partselect' 'trunc_ln52_28' <Predicate = true> <Delay = 0.00>
ST_1 : Operation 105 [1/1] (1.24ns)   --->   "%out_data_sroa_44182_0_0 = select i1 %icmp_ln51_14, i8 %trunc_ln52_27, i8 0" [firmware/nnet_utils/nnet_activation_stream.h:51]   --->   Operation 105 'select' 'out_data_sroa_44182_0_0' <Predicate = true> <Delay = 1.24> <CoreInst = "Sel">   --->   Core 73 'Sel' <Latency = 0> <II = 1> <Delay = 1.24> <FuncUnit> <Opcode : 'select'> <InPorts = 3> <OutPorts = 1>
ST_1 : Operation 106 [1/1] (0.99ns)   --->   "%empty_60 = select i1 %icmp_ln51_14, i2 %trunc_ln52_28, i2 0" [firmware/nnet_utils/nnet_activation_stream.h:51]   --->   Operation 106 'select' 'empty_60' <Predicate = true> <Delay = 0.99> <CoreInst = "Sel">   --->   Core 73 'Sel' <Latency = 0> <II = 1> <Delay = 0.99> <FuncUnit> <Opcode : 'select'> <InPorts = 3> <OutPorts = 1>
ST_1 : Operation 107 [1/1] (2.75ns)   --->   "%icmp_ln51_15 = icmp_sgt  i37 %trunc_ln44_14, i37 0" [firmware/nnet_utils/nnet_activation_stream.h:51]   --->   Operation 107 'icmp' 'icmp_ln51_15' <Predicate = true> <Delay = 2.75> <CoreInst = "Cmp">   --->   Core 9 'Cmp' <Latency = 0> <II = 1> <Delay = 2.75> <FuncUnit> <Opcode : 'seteq' 'setne' 'setle' 'setge' 'setlt' 'setgt'> <InPorts = 2> <OutPorts = 1>
ST_1 : Operation 108 [1/1] (0.00ns)   --->   "%trunc_ln52_29 = partselect i8 @_ssdm_op_PartSelect.i8.i666.i32.i32, i666 %layer7_out_read, i32 565, i32 572" [firmware/nnet_utils/nnet_activation_stream.h:52]   --->   Operation 108 'partselect' 'trunc_ln52_29' <Predicate = true> <Delay = 0.00>
ST_1 : Operation 109 [1/1] (0.00ns)   --->   "%trunc_ln52_30 = partselect i2 @_ssdm_op_PartSelect.i2.i666.i32.i32, i666 %layer7_out_read, i32 581, i32 582" [firmware/nnet_utils/nnet_activation_stream.h:52]   --->   Operation 109 'partselect' 'trunc_ln52_30' <Predicate = true> <Delay = 0.00>
ST_1 : Operation 110 [1/1] (1.24ns)   --->   "%out_data_sroa_47186_0_0 = select i1 %icmp_ln51_15, i8 %trunc_ln52_29, i8 0" [firmware/nnet_utils/nnet_activation_stream.h:51]   --->   Operation 110 'select' 'out_data_sroa_47186_0_0' <Predicate = true> <Delay = 1.24> <CoreInst = "Sel">   --->   Core 73 'Sel' <Latency = 0> <II = 1> <Delay = 1.24> <FuncUnit> <Opcode : 'select'> <InPorts = 3> <OutPorts = 1>
ST_1 : Operation 111 [1/1] (0.99ns)   --->   "%empty_61 = select i1 %icmp_ln51_15, i2 %trunc_ln52_30, i2 0" [firmware/nnet_utils/nnet_activation_stream.h:51]   --->   Operation 111 'select' 'empty_61' <Predicate = true> <Delay = 0.99> <CoreInst = "Sel">   --->   Core 73 'Sel' <Latency = 0> <II = 1> <Delay = 0.99> <FuncUnit> <Opcode : 'select'> <InPorts = 3> <OutPorts = 1>
ST_1 : Operation 112 [1/1] (2.75ns)   --->   "%icmp_ln51_16 = icmp_sgt  i37 %trunc_ln44_15, i37 0" [firmware/nnet_utils/nnet_activation_stream.h:51]   --->   Operation 112 'icmp' 'icmp_ln51_16' <Predicate = true> <Delay = 2.75> <CoreInst = "Cmp">   --->   Core 9 'Cmp' <Latency = 0> <II = 1> <Delay = 2.75> <FuncUnit> <Opcode : 'seteq' 'setne' 'setle' 'setge' 'setlt' 'setgt'> <InPorts = 2> <OutPorts = 1>
ST_1 : Operation 113 [1/1] (0.00ns)   --->   "%trunc_ln52_31 = partselect i8 @_ssdm_op_PartSelect.i8.i666.i32.i32, i666 %layer7_out_read, i32 602, i32 609" [firmware/nnet_utils/nnet_activation_stream.h:52]   --->   Operation 113 'partselect' 'trunc_ln52_31' <Predicate = true> <Delay = 0.00>
ST_1 : Operation 114 [1/1] (0.00ns)   --->   "%trunc_ln52_32 = partselect i2 @_ssdm_op_PartSelect.i2.i666.i32.i32, i666 %layer7_out_read, i32 618, i32 619" [firmware/nnet_utils/nnet_activation_stream.h:52]   --->   Operation 114 'partselect' 'trunc_ln52_32' <Predicate = true> <Delay = 0.00>
ST_1 : Operation 115 [1/1] (1.24ns)   --->   "%out_data_sroa_50190_0_0 = select i1 %icmp_ln51_16, i8 %trunc_ln52_31, i8 0" [firmware/nnet_utils/nnet_activation_stream.h:51]   --->   Operation 115 'select' 'out_data_sroa_50190_0_0' <Predicate = true> <Delay = 1.24> <CoreInst = "Sel">   --->   Core 73 'Sel' <Latency = 0> <II = 1> <Delay = 1.24> <FuncUnit> <Opcode : 'select'> <InPorts = 3> <OutPorts = 1>
ST_1 : Operation 116 [1/1] (0.99ns)   --->   "%empty_62 = select i1 %icmp_ln51_16, i2 %trunc_ln52_32, i2 0" [firmware/nnet_utils/nnet_activation_stream.h:51]   --->   Operation 116 'select' 'empty_62' <Predicate = true> <Delay = 0.99> <CoreInst = "Sel">   --->   Core 73 'Sel' <Latency = 0> <II = 1> <Delay = 0.99> <FuncUnit> <Opcode : 'select'> <InPorts = 3> <OutPorts = 1>
ST_1 : Operation 117 [1/1] (2.75ns)   --->   "%icmp_ln51_17 = icmp_sgt  i37 %trunc_ln44_16, i37 0" [firmware/nnet_utils/nnet_activation_stream.h:51]   --->   Operation 117 'icmp' 'icmp_ln51_17' <Predicate = true> <Delay = 2.75> <CoreInst = "Cmp">   --->   Core 9 'Cmp' <Latency = 0> <II = 1> <Delay = 2.75> <FuncUnit> <Opcode : 'seteq' 'setne' 'setle' 'setge' 'setlt' 'setgt'> <InPorts = 2> <OutPorts = 1>
ST_1 : Operation 118 [1/1] (0.00ns)   --->   "%trunc_ln52_33 = partselect i8 @_ssdm_op_PartSelect.i8.i666.i32.i32, i666 %layer7_out_read, i32 639, i32 646" [firmware/nnet_utils/nnet_activation_stream.h:52]   --->   Operation 118 'partselect' 'trunc_ln52_33' <Predicate = true> <Delay = 0.00>
ST_1 : Operation 119 [1/1] (0.00ns)   --->   "%trunc_ln52_34 = partselect i2 @_ssdm_op_PartSelect.i2.i666.i32.i32, i666 %layer7_out_read, i32 655, i32 656" [firmware/nnet_utils/nnet_activation_stream.h:52]   --->   Operation 119 'partselect' 'trunc_ln52_34' <Predicate = true> <Delay = 0.00>
ST_1 : Operation 120 [1/1] (1.24ns)   --->   "%out_data_sroa_53194_0_0 = select i1 %icmp_ln51_17, i8 %trunc_ln52_33, i8 0" [firmware/nnet_utils/nnet_activation_stream.h:51]   --->   Operation 120 'select' 'out_data_sroa_53194_0_0' <Predicate = true> <Delay = 1.24> <CoreInst = "Sel">   --->   Core 73 'Sel' <Latency = 0> <II = 1> <Delay = 1.24> <FuncUnit> <Opcode : 'select'> <InPorts = 3> <OutPorts = 1>
ST_1 : Operation 121 [1/1] (0.99ns)   --->   "%storemerge = select i1 %icmp_ln51_17, i2 %trunc_ln52_34, i2 0" [firmware/nnet_utils/nnet_activation_stream.h:51]   --->   Operation 121 'select' 'storemerge' <Predicate = true> <Delay = 0.99> <CoreInst = "Sel">   --->   Core 73 'Sel' <Latency = 0> <II = 1> <Delay = 0.99> <FuncUnit> <Opcode : 'select'> <InPorts = 3> <OutPorts = 1>
ST_1 : Operation 122 [1/1] (0.00ns)   --->   "%tmp = partselect i8 @_ssdm_op_PartSelect.i8.i666.i32.i32, i666 %layer7_out_read, i32 647, i32 654" [firmware/nnet_utils/nnet_activation_stream.h:57]   --->   Operation 122 'partselect' 'tmp' <Predicate = true> <Delay = 0.00>
ST_1 : Operation 123 [1/1] (1.24ns)   --->   "%empty_63 = select i1 %icmp_ln51_17, i8 %tmp, i8 0" [firmware/nnet_utils/nnet_activation_stream.h:51]   --->   Operation 123 'select' 'empty_63' <Predicate = true> <Delay = 1.24> <CoreInst = "Sel">   --->   Core 73 'Sel' <Latency = 0> <II = 1> <Delay = 1.24> <FuncUnit> <Opcode : 'select'> <InPorts = 3> <OutPorts = 1>
ST_1 : Operation 124 [1/1] (0.00ns)   --->   "%tmp_1 = partselect i8 @_ssdm_op_PartSelect.i8.i666.i32.i32, i666 %layer7_out_read, i32 610, i32 617" [firmware/nnet_utils/nnet_activation_stream.h:57]   --->   Operation 124 'partselect' 'tmp_1' <Predicate = true> <Delay = 0.00>
ST_1 : Operation 125 [1/1] (1.24ns)   --->   "%empty_64 = select i1 %icmp_ln51_16, i8 %tmp_1, i8 0" [firmware/nnet_utils/nnet_activation_stream.h:51]   --->   Operation 125 'select' 'empty_64' <Predicate = true> <Delay = 1.24> <CoreInst = "Sel">   --->   Core 73 'Sel' <Latency = 0> <II = 1> <Delay = 1.24> <FuncUnit> <Opcode : 'select'> <InPorts = 3> <OutPorts = 1>
ST_1 : Operation 126 [1/1] (0.00ns)   --->   "%tmp_2 = partselect i8 @_ssdm_op_PartSelect.i8.i666.i32.i32, i666 %layer7_out_read, i32 573, i32 580" [firmware/nnet_utils/nnet_activation_stream.h:57]   --->   Operation 126 'partselect' 'tmp_2' <Predicate = true> <Delay = 0.00>
ST_1 : Operation 127 [1/1] (1.24ns)   --->   "%empty_65 = select i1 %icmp_ln51_15, i8 %tmp_2, i8 0" [firmware/nnet_utils/nnet_activation_stream.h:51]   --->   Operation 127 'select' 'empty_65' <Predicate = true> <Delay = 1.24> <CoreInst = "Sel">   --->   Core 73 'Sel' <Latency = 0> <II = 1> <Delay = 1.24> <FuncUnit> <Opcode : 'select'> <InPorts = 3> <OutPorts = 1>
ST_1 : Operation 128 [1/1] (0.00ns)   --->   "%tmp_3 = partselect i8 @_ssdm_op_PartSelect.i8.i666.i32.i32, i666 %layer7_out_read, i32 536, i32 543" [firmware/nnet_utils/nnet_activation_stream.h:57]   --->   Operation 128 'partselect' 'tmp_3' <Predicate = true> <Delay = 0.00>
ST_1 : Operation 129 [1/1] (1.24ns)   --->   "%empty_66 = select i1 %icmp_ln51_14, i8 %tmp_3, i8 0" [firmware/nnet_utils/nnet_activation_stream.h:51]   --->   Operation 129 'select' 'empty_66' <Predicate = true> <Delay = 1.24> <CoreInst = "Sel">   --->   Core 73 'Sel' <Latency = 0> <II = 1> <Delay = 1.24> <FuncUnit> <Opcode : 'select'> <InPorts = 3> <OutPorts = 1>
ST_1 : Operation 130 [1/1] (0.00ns)   --->   "%tmp_4 = partselect i8 @_ssdm_op_PartSelect.i8.i666.i32.i32, i666 %layer7_out_read, i32 499, i32 506" [firmware/nnet_utils/nnet_activation_stream.h:57]   --->   Operation 130 'partselect' 'tmp_4' <Predicate = true> <Delay = 0.00>
ST_1 : Operation 131 [1/1] (1.24ns)   --->   "%empty_67 = select i1 %icmp_ln51_13, i8 %tmp_4, i8 0" [firmware/nnet_utils/nnet_activation_stream.h:51]   --->   Operation 131 'select' 'empty_67' <Predicate = true> <Delay = 1.24> <CoreInst = "Sel">   --->   Core 73 'Sel' <Latency = 0> <II = 1> <Delay = 1.24> <FuncUnit> <Opcode : 'select'> <InPorts = 3> <OutPorts = 1>
ST_1 : Operation 132 [1/1] (0.00ns)   --->   "%tmp_5 = partselect i8 @_ssdm_op_PartSelect.i8.i666.i32.i32, i666 %layer7_out_read, i32 462, i32 469" [firmware/nnet_utils/nnet_activation_stream.h:57]   --->   Operation 132 'partselect' 'tmp_5' <Predicate = true> <Delay = 0.00>
ST_1 : Operation 133 [1/1] (1.24ns)   --->   "%empty_68 = select i1 %icmp_ln51_12, i8 %tmp_5, i8 0" [firmware/nnet_utils/nnet_activation_stream.h:51]   --->   Operation 133 'select' 'empty_68' <Predicate = true> <Delay = 1.24> <CoreInst = "Sel">   --->   Core 73 'Sel' <Latency = 0> <II = 1> <Delay = 1.24> <FuncUnit> <Opcode : 'select'> <InPorts = 3> <OutPorts = 1>
ST_1 : Operation 134 [1/1] (0.00ns)   --->   "%tmp_6 = partselect i8 @_ssdm_op_PartSelect.i8.i666.i32.i32, i666 %layer7_out_read, i32 425, i32 432" [firmware/nnet_utils/nnet_activation_stream.h:57]   --->   Operation 134 'partselect' 'tmp_6' <Predicate = true> <Delay = 0.00>
ST_1 : Operation 135 [1/1] (1.24ns)   --->   "%empty_69 = select i1 %icmp_ln51_11, i8 %tmp_6, i8 0" [firmware/nnet_utils/nnet_activation_stream.h:51]   --->   Operation 135 'select' 'empty_69' <Predicate = true> <Delay = 1.24> <CoreInst = "Sel">   --->   Core 73 'Sel' <Latency = 0> <II = 1> <Delay = 1.24> <FuncUnit> <Opcode : 'select'> <InPorts = 3> <OutPorts = 1>
ST_1 : Operation 136 [1/1] (0.00ns)   --->   "%tmp_7 = partselect i8 @_ssdm_op_PartSelect.i8.i666.i32.i32, i666 %layer7_out_read, i32 388, i32 395" [firmware/nnet_utils/nnet_activation_stream.h:57]   --->   Operation 136 'partselect' 'tmp_7' <Predicate = true> <Delay = 0.00>
ST_1 : Operation 137 [1/1] (1.24ns)   --->   "%empty_70 = select i1 %icmp_ln51_10, i8 %tmp_7, i8 0" [firmware/nnet_utils/nnet_activation_stream.h:51]   --->   Operation 137 'select' 'empty_70' <Predicate = true> <Delay = 1.24> <CoreInst = "Sel">   --->   Core 73 'Sel' <Latency = 0> <II = 1> <Delay = 1.24> <FuncUnit> <Opcode : 'select'> <InPorts = 3> <OutPorts = 1>
ST_1 : Operation 138 [1/1] (0.00ns)   --->   "%tmp_8 = partselect i8 @_ssdm_op_PartSelect.i8.i666.i32.i32, i666 %layer7_out_read, i32 351, i32 358" [firmware/nnet_utils/nnet_activation_stream.h:57]   --->   Operation 138 'partselect' 'tmp_8' <Predicate = true> <Delay = 0.00>
ST_1 : Operation 139 [1/1] (1.24ns)   --->   "%empty_71 = select i1 %icmp_ln51_9, i8 %tmp_8, i8 0" [firmware/nnet_utils/nnet_activation_stream.h:51]   --->   Operation 139 'select' 'empty_71' <Predicate = true> <Delay = 1.24> <CoreInst = "Sel">   --->   Core 73 'Sel' <Latency = 0> <II = 1> <Delay = 1.24> <FuncUnit> <Opcode : 'select'> <InPorts = 3> <OutPorts = 1>
ST_1 : Operation 140 [1/1] (0.00ns)   --->   "%tmp_9 = partselect i8 @_ssdm_op_PartSelect.i8.i666.i32.i32, i666 %layer7_out_read, i32 314, i32 321" [firmware/nnet_utils/nnet_activation_stream.h:57]   --->   Operation 140 'partselect' 'tmp_9' <Predicate = true> <Delay = 0.00>
ST_1 : Operation 141 [1/1] (1.24ns)   --->   "%empty_72 = select i1 %icmp_ln51_8, i8 %tmp_9, i8 0" [firmware/nnet_utils/nnet_activation_stream.h:51]   --->   Operation 141 'select' 'empty_72' <Predicate = true> <Delay = 1.24> <CoreInst = "Sel">   --->   Core 73 'Sel' <Latency = 0> <II = 1> <Delay = 1.24> <FuncUnit> <Opcode : 'select'> <InPorts = 3> <OutPorts = 1>
ST_1 : Operation 142 [1/1] (0.00ns)   --->   "%tmp_s = partselect i8 @_ssdm_op_PartSelect.i8.i666.i32.i32, i666 %layer7_out_read, i32 277, i32 284" [firmware/nnet_utils/nnet_activation_stream.h:57]   --->   Operation 142 'partselect' 'tmp_s' <Predicate = true> <Delay = 0.00>
ST_1 : Operation 143 [1/1] (1.24ns)   --->   "%empty_73 = select i1 %icmp_ln51_7, i8 %tmp_s, i8 0" [firmware/nnet_utils/nnet_activation_stream.h:51]   --->   Operation 143 'select' 'empty_73' <Predicate = true> <Delay = 1.24> <CoreInst = "Sel">   --->   Core 73 'Sel' <Latency = 0> <II = 1> <Delay = 1.24> <FuncUnit> <Opcode : 'select'> <InPorts = 3> <OutPorts = 1>
ST_1 : Operation 144 [1/1] (0.00ns)   --->   "%tmp_10 = partselect i8 @_ssdm_op_PartSelect.i8.i666.i32.i32, i666 %layer7_out_read, i32 240, i32 247" [firmware/nnet_utils/nnet_activation_stream.h:57]   --->   Operation 144 'partselect' 'tmp_10' <Predicate = true> <Delay = 0.00>
ST_1 : Operation 145 [1/1] (1.24ns)   --->   "%empty_74 = select i1 %icmp_ln51_6, i8 %tmp_10, i8 0" [firmware/nnet_utils/nnet_activation_stream.h:51]   --->   Operation 145 'select' 'empty_74' <Predicate = true> <Delay = 1.24> <CoreInst = "Sel">   --->   Core 73 'Sel' <Latency = 0> <II = 1> <Delay = 1.24> <FuncUnit> <Opcode : 'select'> <InPorts = 3> <OutPorts = 1>
ST_1 : Operation 146 [1/1] (0.00ns)   --->   "%tmp_11 = partselect i8 @_ssdm_op_PartSelect.i8.i666.i32.i32, i666 %layer7_out_read, i32 203, i32 210" [firmware/nnet_utils/nnet_activation_stream.h:57]   --->   Operation 146 'partselect' 'tmp_11' <Predicate = true> <Delay = 0.00>
ST_1 : Operation 147 [1/1] (1.24ns)   --->   "%empty_75 = select i1 %icmp_ln51_5, i8 %tmp_11, i8 0" [firmware/nnet_utils/nnet_activation_stream.h:51]   --->   Operation 147 'select' 'empty_75' <Predicate = true> <Delay = 1.24> <CoreInst = "Sel">   --->   Core 73 'Sel' <Latency = 0> <II = 1> <Delay = 1.24> <FuncUnit> <Opcode : 'select'> <InPorts = 3> <OutPorts = 1>
ST_1 : Operation 148 [1/1] (0.00ns)   --->   "%tmp_12 = partselect i8 @_ssdm_op_PartSelect.i8.i666.i32.i32, i666 %layer7_out_read, i32 166, i32 173" [firmware/nnet_utils/nnet_activation_stream.h:57]   --->   Operation 148 'partselect' 'tmp_12' <Predicate = true> <Delay = 0.00>
ST_1 : Operation 149 [1/1] (1.24ns)   --->   "%empty_76 = select i1 %icmp_ln51_4, i8 %tmp_12, i8 0" [firmware/nnet_utils/nnet_activation_stream.h:51]   --->   Operation 149 'select' 'empty_76' <Predicate = true> <Delay = 1.24> <CoreInst = "Sel">   --->   Core 73 'Sel' <Latency = 0> <II = 1> <Delay = 1.24> <FuncUnit> <Opcode : 'select'> <InPorts = 3> <OutPorts = 1>
ST_1 : Operation 150 [1/1] (0.00ns)   --->   "%tmp_13 = partselect i8 @_ssdm_op_PartSelect.i8.i666.i32.i32, i666 %layer7_out_read, i32 129, i32 136" [firmware/nnet_utils/nnet_activation_stream.h:57]   --->   Operation 150 'partselect' 'tmp_13' <Predicate = true> <Delay = 0.00>
ST_1 : Operation 151 [1/1] (1.24ns)   --->   "%empty_77 = select i1 %icmp_ln51_3, i8 %tmp_13, i8 0" [firmware/nnet_utils/nnet_activation_stream.h:51]   --->   Operation 151 'select' 'empty_77' <Predicate = true> <Delay = 1.24> <CoreInst = "Sel">   --->   Core 73 'Sel' <Latency = 0> <II = 1> <Delay = 1.24> <FuncUnit> <Opcode : 'select'> <InPorts = 3> <OutPorts = 1>
ST_1 : Operation 152 [1/1] (0.00ns)   --->   "%tmp_14 = partselect i8 @_ssdm_op_PartSelect.i8.i666.i32.i32, i666 %layer7_out_read, i32 92, i32 99" [firmware/nnet_utils/nnet_activation_stream.h:57]   --->   Operation 152 'partselect' 'tmp_14' <Predicate = true> <Delay = 0.00>
ST_1 : Operation 153 [1/1] (1.24ns)   --->   "%empty_78 = select i1 %icmp_ln51_2, i8 %tmp_14, i8 0" [firmware/nnet_utils/nnet_activation_stream.h:51]   --->   Operation 153 'select' 'empty_78' <Predicate = true> <Delay = 1.24> <CoreInst = "Sel">   --->   Core 73 'Sel' <Latency = 0> <II = 1> <Delay = 1.24> <FuncUnit> <Opcode : 'select'> <InPorts = 3> <OutPorts = 1>
ST_1 : Operation 154 [1/1] (0.00ns)   --->   "%tmp_15 = partselect i8 @_ssdm_op_PartSelect.i8.i666.i32.i32, i666 %layer7_out_read, i32 55, i32 62" [firmware/nnet_utils/nnet_activation_stream.h:57]   --->   Operation 154 'partselect' 'tmp_15' <Predicate = true> <Delay = 0.00>
ST_1 : Operation 155 [1/1] (1.24ns)   --->   "%empty_79 = select i1 %icmp_ln51_1, i8 %tmp_15, i8 0" [firmware/nnet_utils/nnet_activation_stream.h:51]   --->   Operation 155 'select' 'empty_79' <Predicate = true> <Delay = 1.24> <CoreInst = "Sel">   --->   Core 73 'Sel' <Latency = 0> <II = 1> <Delay = 1.24> <FuncUnit> <Opcode : 'select'> <InPorts = 3> <OutPorts = 1>
ST_1 : Operation 156 [1/1] (0.00ns)   --->   "%tmp_16 = partselect i8 @_ssdm_op_PartSelect.i8.i666.i32.i32, i666 %layer7_out_read, i32 18, i32 25" [firmware/nnet_utils/nnet_activation_stream.h:57]   --->   Operation 156 'partselect' 'tmp_16' <Predicate = true> <Delay = 0.00>
ST_1 : Operation 157 [1/1] (1.24ns)   --->   "%empty_80 = select i1 %icmp_ln51, i8 %tmp_16, i8 0" [firmware/nnet_utils/nnet_activation_stream.h:51]   --->   Operation 157 'select' 'empty_80' <Predicate = true> <Delay = 1.24> <CoreInst = "Sel">   --->   Core 73 'Sel' <Latency = 0> <II = 1> <Delay = 1.24> <FuncUnit> <Opcode : 'select'> <InPorts = 3> <OutPorts = 1>
ST_1 : Operation 158 [1/1] (0.00ns)   --->   "%or_ln57_s = bitconcatenate i324 @_ssdm_op_BitConcatenate.i324.i2.i8.i8.i2.i8.i8.i2.i8.i8.i2.i8.i8.i2.i8.i8.i2.i8.i8.i2.i8.i8.i2.i8.i8.i2.i8.i8.i2.i8.i8.i2.i8.i8.i2.i8.i8.i2.i8.i8.i2.i8.i8.i2.i8.i8.i2.i8.i8.i2.i8.i8.i2.i8.i8, i2 %storemerge, i8 %empty_63, i8 %out_data_sroa_53194_0_0, i2 %empty_62, i8 %empty_64, i8 %out_data_sroa_50190_0_0, i2 %empty_61, i8 %empty_65, i8 %out_data_sroa_47186_0_0, i2 %empty_60, i8 %empty_66, i8 %out_data_sroa_44182_0_0, i2 %empty_59, i8 %empty_67, i8 %out_data_sroa_41178_0_0, i2 %empty_58, i8 %empty_68, i8 %out_data_sroa_38174_0_0, i2 %empty_57, i8 %empty_69, i8 %out_data_sroa_35170_0_0, i2 %empty_56, i8 %empty_70, i8 %out_data_sroa_32166_0_0, i2 %empty_55, i8 %empty_71, i8 %out_data_sroa_29162_0_0, i2 %empty_54, i8 %empty_72, i8 %out_data_sroa_26158_0_0, i2 %empty_53, i8 %empty_73, i8 %out_data_sroa_23154_0_0, i2 %empty_52, i8 %empty_74, i8 %out_data_sroa_20150_0_0, i2 %empty_51, i8 %empty_75, i8 %out_data_sroa_17146_0_0, i2 %empty_50, i8 %empty_76, i8 %out_data_sroa_14142_0_0, i2 %empty_49, i8 %empty_77, i8 %out_data_sroa_11138_0_0, i2 %empty_48, i8 %empty_78, i8 %out_data_sroa_8134_0_0, i2 %empty_47, i8 %empty_79, i8 %out_data_sroa_5130_0_0, i2 %empty, i8 %empty_80, i8 %out_data_sroa_0_0_0" [firmware/nnet_utils/nnet_activation_stream.h:57]   --->   Operation 158 'bitconcatenate' 'or_ln57_s' <Predicate = true> <Delay = 0.00>
ST_1 : Operation 159 [1/1] (3.54ns)   --->   "%write_ln57 = write void @_ssdm_op_Write.ap_fifo.volatile.i324P0A, i324 %layer8_out, i324 %or_ln57_s" [firmware/nnet_utils/nnet_activation_stream.h:57]   --->   Operation 159 'write' 'write_ln57' <Predicate = true> <Delay = 3.54> <CoreInst = "FIFO">   --->   Core 77 'FIFO' <Latency = 0> <II = 1> <Delay = 3.54> <Storage> <Opcode : 'read' 'write' 'nbread' 'nbwrite'> <Ports = 0> <Width = 324> <Depth = 250> <FIFO>
ST_1 : Operation 160 [1/1] (1.91ns)   --->   "%i = add i8 %i1_load, i8 1" [firmware/nnet_utils/nnet_activation_stream.h:41]   --->   Operation 160 'add' 'i' <Predicate = true> <Delay = 1.91> <CoreInst = "Adder">   --->   Core 1 'Adder' <Latency = 0> <II = 1> <Delay = 1.91> <FuncUnit> <Opcode : 'add' 'sub'> <InPorts = 2> <OutPorts = 1>
ST_1 : Operation 161 [1/1] (1.91ns)   --->   "%icmp_ln41 = icmp_eq  i8 %i1_load, i8 249" [firmware/nnet_utils/nnet_activation_stream.h:41]   --->   Operation 161 'icmp' 'icmp_ln41' <Predicate = true> <Delay = 1.91> <CoreInst = "Cmp">   --->   Core 9 'Cmp' <Latency = 0> <II = 1> <Delay = 1.91> <FuncUnit> <Opcode : 'seteq' 'setne' 'setle' 'setge' 'setlt' 'setgt'> <InPorts = 2> <OutPorts = 1>
ST_1 : Operation 162 [1/1] (1.58ns)   --->   "%store_ln41 = store i8 %i, i8 %i1" [firmware/nnet_utils/nnet_activation_stream.h:41]   --->   Operation 162 'store' 'store_ln41' <Predicate = true> <Delay = 1.58>
ST_1 : Operation 163 [1/1] (0.00ns)   --->   "%br_ln41 = br i1 %icmp_ln41, void %ReLUPackLoop.split_ifconv, void %for.end15" [firmware/nnet_utils/nnet_activation_stream.h:41]   --->   Operation 163 'br' 'br_ln41' <Predicate = true> <Delay = 0.00>
ST_1 : Operation 164 [1/1] (1.58ns)   --->   "%ret_ln59 = ret" [firmware/nnet_utils/nnet_activation_stream.h:59]   --->   Operation 164 'ret' 'ret_ln59' <Predicate = (icmp_ln41)> <Delay = 1.58>


============================================================
+ Verbose Summary: Binding
============================================================
STG Binding: 
---------------- STG Properties BEGIN ----------------
- Is combinational: 0
- Is one-state seq: 0
- Is datapath-only: 0
- Is pipelined: 0
- Is top level: 0
Port [ Return ] is wired: 1; IO mode=ap_ctrl_hs:ce=0
Port [ layer7_out]:  wired=1; compound=1; hidden=0; nouse=0; global=0; static=0; extern=0; dir=0; type=3; pingpong=0; private_global=0; IO mode=ap_fifo:ce=0
Port [ layer8_out]:  wired=1; compound=1; hidden=0; nouse=0; global=0; static=0; extern=0; dir=1; type=3; pingpong=0; private_global=0; IO mode=ap_fifo:ce=0
---------------- STG Properties END ------------------

---------------- Datapath Model BEGIN ----------------

<LifeTime>
<method=bitvector/>
i1                      (alloca           ) [ 01]
specinterface_ln0       (specinterface    ) [ 00]
specinterface_ln0       (specinterface    ) [ 00]
store_ln0               (store            ) [ 00]
br_ln41                 (br               ) [ 00]
i1_load                 (load             ) [ 00]
specpipeline_ln42       (specpipeline     ) [ 00]
speclooptripcount_ln41  (speclooptripcount) [ 00]
specloopname_ln41       (specloopname     ) [ 00]
layer7_out_read         (read             ) [ 00]
trunc_ln44              (trunc            ) [ 00]
trunc_ln44_1            (partselect       ) [ 00]
trunc_ln44_2            (partselect       ) [ 00]
trunc_ln44_3            (partselect       ) [ 00]
trunc_ln44_4            (partselect       ) [ 00]
trunc_ln44_5            (partselect       ) [ 00]
trunc_ln44_6            (partselect       ) [ 00]
trunc_ln44_7            (partselect       ) [ 00]
trunc_ln44_8            (partselect       ) [ 00]
trunc_ln44_9            (partselect       ) [ 00]
trunc_ln44_s            (partselect       ) [ 00]
trunc_ln44_10           (partselect       ) [ 00]
trunc_ln44_11           (partselect       ) [ 00]
trunc_ln44_12           (partselect       ) [ 00]
trunc_ln44_13           (partselect       ) [ 00]
trunc_ln44_14           (partselect       ) [ 00]
trunc_ln44_15           (partselect       ) [ 00]
trunc_ln44_16           (partselect       ) [ 00]
icmp_ln51               (icmp             ) [ 00]
trunc_ln1               (partselect       ) [ 00]
trunc_ln52_2            (partselect       ) [ 00]
out_data_sroa_0_0_0     (select           ) [ 00]
empty                   (select           ) [ 00]
icmp_ln51_1             (icmp             ) [ 00]
trunc_ln52_3            (partselect       ) [ 00]
trunc_ln52_5            (partselect       ) [ 00]
out_data_sroa_5130_0_0  (select           ) [ 00]
empty_47                (select           ) [ 00]
icmp_ln51_2             (icmp             ) [ 00]
trunc_ln52_6            (partselect       ) [ 00]
trunc_ln52_8            (partselect       ) [ 00]
out_data_sroa_8134_0_0  (select           ) [ 00]
empty_48                (select           ) [ 00]
icmp_ln51_3             (icmp             ) [ 00]
trunc_ln52_9            (partselect       ) [ 00]
trunc_ln52_s            (partselect       ) [ 00]
out_data_sroa_11138_0_0 (select           ) [ 00]
empty_49                (select           ) [ 00]
icmp_ln51_4             (icmp             ) [ 00]
trunc_ln52_1            (partselect       ) [ 00]
trunc_ln52_4            (partselect       ) [ 00]
out_data_sroa_14142_0_0 (select           ) [ 00]
empty_50                (select           ) [ 00]
icmp_ln51_5             (icmp             ) [ 00]
trunc_ln52_7            (partselect       ) [ 00]
trunc_ln52_10           (partselect       ) [ 00]
out_data_sroa_17146_0_0 (select           ) [ 00]
empty_51                (select           ) [ 00]
icmp_ln51_6             (icmp             ) [ 00]
trunc_ln52_11           (partselect       ) [ 00]
trunc_ln52_12           (partselect       ) [ 00]
out_data_sroa_20150_0_0 (select           ) [ 00]
empty_52                (select           ) [ 00]
icmp_ln51_7             (icmp             ) [ 00]
trunc_ln52_13           (partselect       ) [ 00]
trunc_ln52_14           (partselect       ) [ 00]
out_data_sroa_23154_0_0 (select           ) [ 00]
empty_53                (select           ) [ 00]
icmp_ln51_8             (icmp             ) [ 00]
trunc_ln52_15           (partselect       ) [ 00]
trunc_ln52_16           (partselect       ) [ 00]
out_data_sroa_26158_0_0 (select           ) [ 00]
empty_54                (select           ) [ 00]
icmp_ln51_9             (icmp             ) [ 00]
trunc_ln52_17           (partselect       ) [ 00]
trunc_ln52_18           (partselect       ) [ 00]
out_data_sroa_29162_0_0 (select           ) [ 00]
empty_55                (select           ) [ 00]
icmp_ln51_10            (icmp             ) [ 00]
trunc_ln52_19           (partselect       ) [ 00]
trunc_ln52_20           (partselect       ) [ 00]
out_data_sroa_32166_0_0 (select           ) [ 00]
empty_56                (select           ) [ 00]
icmp_ln51_11            (icmp             ) [ 00]
trunc_ln52_21           (partselect       ) [ 00]
trunc_ln52_22           (partselect       ) [ 00]
out_data_sroa_35170_0_0 (select           ) [ 00]
empty_57                (select           ) [ 00]
icmp_ln51_12            (icmp             ) [ 00]
trunc_ln52_23           (partselect       ) [ 00]
trunc_ln52_24           (partselect       ) [ 00]
out_data_sroa_38174_0_0 (select           ) [ 00]
empty_58                (select           ) [ 00]
icmp_ln51_13            (icmp             ) [ 00]
trunc_ln52_25           (partselect       ) [ 00]
trunc_ln52_26           (partselect       ) [ 00]
out_data_sroa_41178_0_0 (select           ) [ 00]
empty_59                (select           ) [ 00]
icmp_ln51_14            (icmp             ) [ 00]
trunc_ln52_27           (partselect       ) [ 00]
trunc_ln52_28           (partselect       ) [ 00]
out_data_sroa_44182_0_0 (select           ) [ 00]
empty_60                (select           ) [ 00]
icmp_ln51_15            (icmp             ) [ 00]
trunc_ln52_29           (partselect       ) [ 00]
trunc_ln52_30           (partselect       ) [ 00]
out_data_sroa_47186_0_0 (select           ) [ 00]
empty_61                (select           ) [ 00]
icmp_ln51_16            (icmp             ) [ 00]
trunc_ln52_31           (partselect       ) [ 00]
trunc_ln52_32           (partselect       ) [ 00]
out_data_sroa_50190_0_0 (select           ) [ 00]
empty_62                (select           ) [ 00]
icmp_ln51_17            (icmp             ) [ 00]
trunc_ln52_33           (partselect       ) [ 00]
trunc_ln52_34           (partselect       ) [ 00]
out_data_sroa_53194_0_0 (select           ) [ 00]
storemerge              (select           ) [ 00]
tmp                     (partselect       ) [ 00]
empty_63                (select           ) [ 00]
tmp_1                   (partselect       ) [ 00]
empty_64                (select           ) [ 00]
tmp_2                   (partselect       ) [ 00]
empty_65                (select           ) [ 00]
tmp_3                   (partselect       ) [ 00]
empty_66                (select           ) [ 00]
tmp_4                   (partselect       ) [ 00]
empty_67                (select           ) [ 00]
tmp_5                   (partselect       ) [ 00]
empty_68                (select           ) [ 00]
tmp_6                   (partselect       ) [ 00]
empty_69                (select           ) [ 00]
tmp_7                   (partselect       ) [ 00]
empty_70                (select           ) [ 00]
tmp_8                   (partselect       ) [ 00]
empty_71                (select           ) [ 00]
tmp_9                   (partselect       ) [ 00]
empty_72                (select           ) [ 00]
tmp_s                   (partselect       ) [ 00]
empty_73                (select           ) [ 00]
tmp_10                  (partselect       ) [ 00]
empty_74                (select           ) [ 00]
tmp_11                  (partselect       ) [ 00]
empty_75                (select           ) [ 00]
tmp_12                  (partselect       ) [ 00]
empty_76                (select           ) [ 00]
tmp_13                  (partselect       ) [ 00]
empty_77                (select           ) [ 00]
tmp_14                  (partselect       ) [ 00]
empty_78                (select           ) [ 00]
tmp_15                  (partselect       ) [ 00]
empty_79                (select           ) [ 00]
tmp_16                  (partselect       ) [ 00]
empty_80                (select           ) [ 00]
or_ln57_s               (bitconcatenate   ) [ 00]
write_ln57              (write            ) [ 00]
i                       (add              ) [ 00]
icmp_ln41               (icmp             ) [ 01]
store_ln41              (store            ) [ 00]
br_ln41                 (br               ) [ 00]
ret_ln59                (ret              ) [ 00]
</LifeTime>

<model>

<comp_list>
<comp id="0" class="1000" name="layer7_out">
<pin_list>
<pin id="1" dir="1" index="0" bw="1" slack="0"/>
</pin_list>
<bind>
<StgValue><ssdm name="layer7_out"/></StgValue>
</bind>
</comp>

<comp id="2" class="1000" name="layer8_out">
<pin_list>
<pin id="3" dir="1" index="0" bw="1" slack="0"/>
</pin_list>
<bind>
<StgValue><ssdm name="layer8_out"/></StgValue>
</bind>
</comp>

<comp id="4" class="1001" name="const_4">
<pin_list>
<pin id="5" dir="1" index="0" bw="1" slack="0"/>
</pin_list>
<bind>
<StgValue><ssdm name=""/></StgValue>
</bind>
</comp>

<comp id="6" class="1001" name="const_6">
<pin_list>
<pin id="7" dir="1" index="0" bw="1" slack="2147483647"/>
</pin_list>
<bind>
<StgValue><ssdm name="_ssdm_op_SpecInterface"/></StgValue>
</bind>
</comp>

<comp id="8" class="1001" name="const_8">
<pin_list>
<pin id="9" dir="1" index="0" bw="1" slack="2147483647"/>
</pin_list>
<bind>
<StgValue><ssdm name="empty_6"/></StgValue>
</bind>
</comp>

<comp id="10" class="1001" name="const_10">
<pin_list>
<pin id="11" dir="1" index="0" bw="1" slack="2147483647"/>
</pin_list>
<bind>
<StgValue><ssdm name=""/></StgValue>
</bind>
</comp>

<comp id="12" class="1001" name="const_12">
<pin_list>
<pin id="13" dir="1" index="0" bw="1" slack="2147483647"/>
</pin_list>
<bind>
<StgValue><ssdm name="empty_5"/></StgValue>
</bind>
</comp>

<comp id="14" class="1001" name="const_14">
<pin_list>
<pin id="15" dir="1" index="0" bw="1" slack="2147483647"/>
</pin_list>
<bind>
<StgValue><ssdm name=""/></StgValue>
</bind>
</comp>

<comp id="16" class="1001" name="const_16">
<pin_list>
<pin id="17" dir="1" index="0" bw="1" slack="0"/>
</pin_list>
<bind>
<StgValue><ssdm name=""/></StgValue>
</bind>
</comp>

<comp id="18" class="1001" name="const_18">
<pin_list>
<pin id="19" dir="1" index="0" bw="1" slack="2147483647"/>
</pin_list>
<bind>
<StgValue><ssdm name="_ssdm_op_SpecPipeline"/></StgValue>
</bind>
</comp>

<comp id="20" class="1001" name="const_20">
<pin_list>
<pin id="21" dir="1" index="0" bw="1" slack="2147483647"/>
</pin_list>
<bind>
<StgValue><ssdm name="_ssdm_op_SpecLoopTripCount"/></StgValue>
</bind>
</comp>

<comp id="22" class="1001" name="const_22">
<pin_list>
<pin id="23" dir="1" index="0" bw="1" slack="2147483647"/>
</pin_list>
<bind>
<StgValue><ssdm name=""/></StgValue>
</bind>
</comp>

<comp id="24" class="1001" name="const_24">
<pin_list>
<pin id="25" dir="1" index="0" bw="1" slack="2147483647"/>
</pin_list>
<bind>
<StgValue><ssdm name="_ssdm_op_SpecLoopName"/></StgValue>
</bind>
</comp>

<comp id="26" class="1001" name="const_26">
<pin_list>
<pin id="27" dir="1" index="0" bw="1" slack="2147483647"/>
</pin_list>
<bind>
<StgValue><ssdm name="empty_2"/></StgValue>
</bind>
</comp>

<comp id="28" class="1001" name="const_28">
<pin_list>
<pin id="29" dir="1" index="0" bw="1" slack="0"/>
</pin_list>
<bind>
<StgValue><ssdm name="_ssdm_op_Read.ap_fifo.volatile.i666P0A"/></StgValue>
</bind>
</comp>

<comp id="30" class="1001" name="const_30">
<pin_list>
<pin id="31" dir="1" index="0" bw="1" slack="0"/>
</pin_list>
<bind>
<StgValue><ssdm name="_ssdm_op_PartSelect.i37.i666.i32.i32"/></StgValue>
</bind>
</comp>

<comp id="32" class="1001" name="const_32">
<pin_list>
<pin id="33" dir="1" index="0" bw="1" slack="0"/>
</pin_list>
<bind>
<StgValue><ssdm name=""/></StgValue>
</bind>
</comp>

<comp id="34" class="1001" name="const_34">
<pin_list>
<pin id="35" dir="1" index="0" bw="1" slack="0"/>
</pin_list>
<bind>
<StgValue><ssdm name=""/></StgValue>
</bind>
</comp>

<comp id="36" class="1001" name="const_36">
<pin_list>
<pin id="37" dir="1" index="0" bw="1" slack="0"/>
</pin_list>
<bind>
<StgValue><ssdm name=""/></StgValue>
</bind>
</comp>

<comp id="38" class="1001" name="const_38">
<pin_list>
<pin id="39" dir="1" index="0" bw="1" slack="0"/>
</pin_list>
<bind>
<StgValue><ssdm name=""/></StgValue>
</bind>
</comp>

<comp id="40" class="1001" name="const_40">
<pin_list>
<pin id="41" dir="1" index="0" bw="1" slack="0"/>
</pin_list>
<bind>
<StgValue><ssdm name=""/></StgValue>
</bind>
</comp>

<comp id="42" class="1001" name="const_42">
<pin_list>
<pin id="43" dir="1" index="0" bw="1" slack="0"/>
</pin_list>
<bind>
<StgValue><ssdm name=""/></StgValue>
</bind>
</comp>

<comp id="44" class="1001" name="const_44">
<pin_list>
<pin id="45" dir="1" index="0" bw="1" slack="0"/>
</pin_list>
<bind>
<StgValue><ssdm name=""/></StgValue>
</bind>
</comp>

<comp id="46" class="1001" name="const_46">
<pin_list>
<pin id="47" dir="1" index="0" bw="1" slack="0"/>
</pin_list>
<bind>
<StgValue><ssdm name=""/></StgValue>
</bind>
</comp>

<comp id="48" class="1001" name="const_48">
<pin_list>
<pin id="49" dir="1" index="0" bw="1" slack="0"/>
</pin_list>
<bind>
<StgValue><ssdm name=""/></StgValue>
</bind>
</comp>

<comp id="50" class="1001" name="const_50">
<pin_list>
<pin id="51" dir="1" index="0" bw="1" slack="0"/>
</pin_list>
<bind>
<StgValue><ssdm name=""/></StgValue>
</bind>
</comp>

<comp id="52" class="1001" name="const_52">
<pin_list>
<pin id="53" dir="1" index="0" bw="1" slack="0"/>
</pin_list>
<bind>
<StgValue><ssdm name=""/></StgValue>
</bind>
</comp>

<comp id="54" class="1001" name="const_54">
<pin_list>
<pin id="55" dir="1" index="0" bw="1" slack="0"/>
</pin_list>
<bind>
<StgValue><ssdm name=""/></StgValue>
</bind>
</comp>

<comp id="56" class="1001" name="const_56">
<pin_list>
<pin id="57" dir="1" index="0" bw="1" slack="0"/>
</pin_list>
<bind>
<StgValue><ssdm name=""/></StgValue>
</bind>
</comp>

<comp id="58" class="1001" name="const_58">
<pin_list>
<pin id="59" dir="1" index="0" bw="1" slack="0"/>
</pin_list>
<bind>
<StgValue><ssdm name=""/></StgValue>
</bind>
</comp>

<comp id="60" class="1001" name="const_60">
<pin_list>
<pin id="61" dir="1" index="0" bw="1" slack="0"/>
</pin_list>
<bind>
<StgValue><ssdm name=""/></StgValue>
</bind>
</comp>

<comp id="62" class="1001" name="const_62">
<pin_list>
<pin id="63" dir="1" index="0" bw="1" slack="0"/>
</pin_list>
<bind>
<StgValue><ssdm name=""/></StgValue>
</bind>
</comp>

<comp id="64" class="1001" name="const_64">
<pin_list>
<pin id="65" dir="1" index="0" bw="1" slack="0"/>
</pin_list>
<bind>
<StgValue><ssdm name=""/></StgValue>
</bind>
</comp>

<comp id="66" class="1001" name="const_66">
<pin_list>
<pin id="67" dir="1" index="0" bw="1" slack="0"/>
</pin_list>
<bind>
<StgValue><ssdm name=""/></StgValue>
</bind>
</comp>

<comp id="68" class="1001" name="const_68">
<pin_list>
<pin id="69" dir="1" index="0" bw="1" slack="0"/>
</pin_list>
<bind>
<StgValue><ssdm name=""/></StgValue>
</bind>
</comp>

<comp id="70" class="1001" name="const_70">
<pin_list>
<pin id="71" dir="1" index="0" bw="1" slack="0"/>
</pin_list>
<bind>
<StgValue><ssdm name=""/></StgValue>
</bind>
</comp>

<comp id="72" class="1001" name="const_72">
<pin_list>
<pin id="73" dir="1" index="0" bw="1" slack="0"/>
</pin_list>
<bind>
<StgValue><ssdm name=""/></StgValue>
</bind>
</comp>

<comp id="74" class="1001" name="const_74">
<pin_list>
<pin id="75" dir="1" index="0" bw="1" slack="0"/>
</pin_list>
<bind>
<StgValue><ssdm name=""/></StgValue>
</bind>
</comp>

<comp id="76" class="1001" name="const_76">
<pin_list>
<pin id="77" dir="1" index="0" bw="1" slack="0"/>
</pin_list>
<bind>
<StgValue><ssdm name=""/></StgValue>
</bind>
</comp>

<comp id="78" class="1001" name="const_78">
<pin_list>
<pin id="79" dir="1" index="0" bw="1" slack="0"/>
</pin_list>
<bind>
<StgValue><ssdm name=""/></StgValue>
</bind>
</comp>

<comp id="80" class="1001" name="const_80">
<pin_list>
<pin id="81" dir="1" index="0" bw="1" slack="0"/>
</pin_list>
<bind>
<StgValue><ssdm name=""/></StgValue>
</bind>
</comp>

<comp id="82" class="1001" name="const_82">
<pin_list>
<pin id="83" dir="1" index="0" bw="1" slack="0"/>
</pin_list>
<bind>
<StgValue><ssdm name=""/></StgValue>
</bind>
</comp>

<comp id="84" class="1001" name="const_84">
<pin_list>
<pin id="85" dir="1" index="0" bw="1" slack="0"/>
</pin_list>
<bind>
<StgValue><ssdm name=""/></StgValue>
</bind>
</comp>

<comp id="86" class="1001" name="const_86">
<pin_list>
<pin id="87" dir="1" index="0" bw="1" slack="0"/>
</pin_list>
<bind>
<StgValue><ssdm name=""/></StgValue>
</bind>
</comp>

<comp id="88" class="1001" name="const_88">
<pin_list>
<pin id="89" dir="1" index="0" bw="1" slack="0"/>
</pin_list>
<bind>
<StgValue><ssdm name=""/></StgValue>
</bind>
</comp>

<comp id="90" class="1001" name="const_90">
<pin_list>
<pin id="91" dir="1" index="0" bw="1" slack="0"/>
</pin_list>
<bind>
<StgValue><ssdm name=""/></StgValue>
</bind>
</comp>

<comp id="92" class="1001" name="const_92">
<pin_list>
<pin id="93" dir="1" index="0" bw="1" slack="0"/>
</pin_list>
<bind>
<StgValue><ssdm name=""/></StgValue>
</bind>
</comp>

<comp id="94" class="1001" name="const_94">
<pin_list>
<pin id="95" dir="1" index="0" bw="1" slack="0"/>
</pin_list>
<bind>
<StgValue><ssdm name=""/></StgValue>
</bind>
</comp>

<comp id="96" class="1001" name="const_96">
<pin_list>
<pin id="97" dir="1" index="0" bw="1" slack="0"/>
</pin_list>
<bind>
<StgValue><ssdm name=""/></StgValue>
</bind>
</comp>

<comp id="98" class="1001" name="const_98">
<pin_list>
<pin id="99" dir="1" index="0" bw="1" slack="0"/>
</pin_list>
<bind>
<StgValue><ssdm name=""/></StgValue>
</bind>
</comp>

<comp id="100" class="1001" name="const_100">
<pin_list>
<pin id="101" dir="1" index="0" bw="1" slack="0"/>
</pin_list>
<bind>
<StgValue><ssdm name=""/></StgValue>
</bind>
</comp>

<comp id="102" class="1001" name="const_102">
<pin_list>
<pin id="103" dir="1" index="0" bw="1" slack="0"/>
</pin_list>
<bind>
<StgValue><ssdm name="_ssdm_op_PartSelect.i8.i666.i32.i32"/></StgValue>
</bind>
</comp>

<comp id="104" class="1001" name="const_104">
<pin_list>
<pin id="105" dir="1" index="0" bw="1" slack="0"/>
</pin_list>
<bind>
<StgValue><ssdm name=""/></StgValue>
</bind>
</comp>

<comp id="106" class="1001" name="const_106">
<pin_list>
<pin id="107" dir="1" index="0" bw="1" slack="0"/>
</pin_list>
<bind>
<StgValue><ssdm name=""/></StgValue>
</bind>
</comp>

<comp id="108" class="1001" name="const_108">
<pin_list>
<pin id="109" dir="1" index="0" bw="1" slack="0"/>
</pin_list>
<bind>
<StgValue><ssdm name="_ssdm_op_PartSelect.i2.i666.i32.i32"/></StgValue>
</bind>
</comp>

<comp id="110" class="1001" name="const_110">
<pin_list>
<pin id="111" dir="1" index="0" bw="1" slack="0"/>
</pin_list>
<bind>
<StgValue><ssdm name=""/></StgValue>
</bind>
</comp>

<comp id="112" class="1001" name="const_112">
<pin_list>
<pin id="113" dir="1" index="0" bw="1" slack="0"/>
</pin_list>
<bind>
<StgValue><ssdm name=""/></StgValue>
</bind>
</comp>

<comp id="114" class="1001" name="const_114">
<pin_list>
<pin id="115" dir="1" index="0" bw="1" slack="0"/>
</pin_list>
<bind>
<StgValue><ssdm name=""/></StgValue>
</bind>
</comp>

<comp id="116" class="1001" name="const_116">
<pin_list>
<pin id="117" dir="1" index="0" bw="1" slack="0"/>
</pin_list>
<bind>
<StgValue><ssdm name=""/></StgValue>
</bind>
</comp>

<comp id="118" class="1001" name="const_118">
<pin_list>
<pin id="119" dir="1" index="0" bw="1" slack="0"/>
</pin_list>
<bind>
<StgValue><ssdm name=""/></StgValue>
</bind>
</comp>

<comp id="120" class="1001" name="const_120">
<pin_list>
<pin id="121" dir="1" index="0" bw="1" slack="0"/>
</pin_list>
<bind>
<StgValue><ssdm name=""/></StgValue>
</bind>
</comp>

<comp id="122" class="1001" name="const_122">
<pin_list>
<pin id="123" dir="1" index="0" bw="1" slack="0"/>
</pin_list>
<bind>
<StgValue><ssdm name=""/></StgValue>
</bind>
</comp>

<comp id="124" class="1001" name="const_124">
<pin_list>
<pin id="125" dir="1" index="0" bw="1" slack="0"/>
</pin_list>
<bind>
<StgValue><ssdm name=""/></StgValue>
</bind>
</comp>

<comp id="126" class="1001" name="const_126">
<pin_list>
<pin id="127" dir="1" index="0" bw="1" slack="0"/>
</pin_list>
<bind>
<StgValue><ssdm name=""/></StgValue>
</bind>
</comp>

<comp id="128" class="1001" name="const_128">
<pin_list>
<pin id="129" dir="1" index="0" bw="1" slack="0"/>
</pin_list>
<bind>
<StgValue><ssdm name=""/></StgValue>
</bind>
</comp>

<comp id="130" class="1001" name="const_130">
<pin_list>
<pin id="131" dir="1" index="0" bw="1" slack="0"/>
</pin_list>
<bind>
<StgValue><ssdm name=""/></StgValue>
</bind>
</comp>

<comp id="132" class="1001" name="const_132">
<pin_list>
<pin id="133" dir="1" index="0" bw="1" slack="0"/>
</pin_list>
<bind>
<StgValue><ssdm name=""/></StgValue>
</bind>
</comp>

<comp id="134" class="1001" name="const_134">
<pin_list>
<pin id="135" dir="1" index="0" bw="1" slack="0"/>
</pin_list>
<bind>
<StgValue><ssdm name=""/></StgValue>
</bind>
</comp>

<comp id="136" class="1001" name="const_136">
<pin_list>
<pin id="137" dir="1" index="0" bw="1" slack="0"/>
</pin_list>
<bind>
<StgValue><ssdm name=""/></StgValue>
</bind>
</comp>

<comp id="138" class="1001" name="const_138">
<pin_list>
<pin id="139" dir="1" index="0" bw="1" slack="0"/>
</pin_list>
<bind>
<StgValue><ssdm name=""/></StgValue>
</bind>
</comp>

<comp id="140" class="1001" name="const_140">
<pin_list>
<pin id="141" dir="1" index="0" bw="1" slack="0"/>
</pin_list>
<bind>
<StgValue><ssdm name=""/></StgValue>
</bind>
</comp>

<comp id="142" class="1001" name="const_142">
<pin_list>
<pin id="143" dir="1" index="0" bw="1" slack="0"/>
</pin_list>
<bind>
<StgValue><ssdm name=""/></StgValue>
</bind>
</comp>

<comp id="144" class="1001" name="const_144">
<pin_list>
<pin id="145" dir="1" index="0" bw="1" slack="0"/>
</pin_list>
<bind>
<StgValue><ssdm name=""/></StgValue>
</bind>
</comp>

<comp id="146" class="1001" name="const_146">
<pin_list>
<pin id="147" dir="1" index="0" bw="1" slack="0"/>
</pin_list>
<bind>
<StgValue><ssdm name=""/></StgValue>
</bind>
</comp>

<comp id="148" class="1001" name="const_148">
<pin_list>
<pin id="149" dir="1" index="0" bw="1" slack="0"/>
</pin_list>
<bind>
<StgValue><ssdm name=""/></StgValue>
</bind>
</comp>

<comp id="150" class="1001" name="const_150">
<pin_list>
<pin id="151" dir="1" index="0" bw="1" slack="0"/>
</pin_list>
<bind>
<StgValue><ssdm name=""/></StgValue>
</bind>
</comp>

<comp id="152" class="1001" name="const_152">
<pin_list>
<pin id="153" dir="1" index="0" bw="1" slack="0"/>
</pin_list>
<bind>
<StgValue><ssdm name=""/></StgValue>
</bind>
</comp>

<comp id="154" class="1001" name="const_154">
<pin_list>
<pin id="155" dir="1" index="0" bw="1" slack="0"/>
</pin_list>
<bind>
<StgValue><ssdm name=""/></StgValue>
</bind>
</comp>

<comp id="156" class="1001" name="const_156">
<pin_list>
<pin id="157" dir="1" index="0" bw="1" slack="0"/>
</pin_list>
<bind>
<StgValue><ssdm name=""/></StgValue>
</bind>
</comp>

<comp id="158" class="1001" name="const_158">
<pin_list>
<pin id="159" dir="1" index="0" bw="1" slack="0"/>
</pin_list>
<bind>
<StgValue><ssdm name=""/></StgValue>
</bind>
</comp>

<comp id="160" class="1001" name="const_160">
<pin_list>
<pin id="161" dir="1" index="0" bw="1" slack="0"/>
</pin_list>
<bind>
<StgValue><ssdm name=""/></StgValue>
</bind>
</comp>

<comp id="162" class="1001" name="const_162">
<pin_list>
<pin id="163" dir="1" index="0" bw="1" slack="0"/>
</pin_list>
<bind>
<StgValue><ssdm name=""/></StgValue>
</bind>
</comp>

<comp id="164" class="1001" name="const_164">
<pin_list>
<pin id="165" dir="1" index="0" bw="1" slack="0"/>
</pin_list>
<bind>
<StgValue><ssdm name=""/></StgValue>
</bind>
</comp>

<comp id="166" class="1001" name="const_166">
<pin_list>
<pin id="167" dir="1" index="0" bw="1" slack="0"/>
</pin_list>
<bind>
<StgValue><ssdm name=""/></StgValue>
</bind>
</comp>

<comp id="168" class="1001" name="const_168">
<pin_list>
<pin id="169" dir="1" index="0" bw="1" slack="0"/>
</pin_list>
<bind>
<StgValue><ssdm name=""/></StgValue>
</bind>
</comp>

<comp id="170" class="1001" name="const_170">
<pin_list>
<pin id="171" dir="1" index="0" bw="1" slack="0"/>
</pin_list>
<bind>
<StgValue><ssdm name=""/></StgValue>
</bind>
</comp>

<comp id="172" class="1001" name="const_172">
<pin_list>
<pin id="173" dir="1" index="0" bw="1" slack="0"/>
</pin_list>
<bind>
<StgValue><ssdm name=""/></StgValue>
</bind>
</comp>

<comp id="174" class="1001" name="const_174">
<pin_list>
<pin id="175" dir="1" index="0" bw="1" slack="0"/>
</pin_list>
<bind>
<StgValue><ssdm name=""/></StgValue>
</bind>
</comp>

<comp id="176" class="1001" name="const_176">
<pin_list>
<pin id="177" dir="1" index="0" bw="1" slack="0"/>
</pin_list>
<bind>
<StgValue><ssdm name=""/></StgValue>
</bind>
</comp>

<comp id="178" class="1001" name="const_178">
<pin_list>
<pin id="179" dir="1" index="0" bw="1" slack="0"/>
</pin_list>
<bind>
<StgValue><ssdm name=""/></StgValue>
</bind>
</comp>

<comp id="180" class="1001" name="const_180">
<pin_list>
<pin id="181" dir="1" index="0" bw="1" slack="0"/>
</pin_list>
<bind>
<StgValue><ssdm name=""/></StgValue>
</bind>
</comp>

<comp id="182" class="1001" name="const_182">
<pin_list>
<pin id="183" dir="1" index="0" bw="1" slack="0"/>
</pin_list>
<bind>
<StgValue><ssdm name=""/></StgValue>
</bind>
</comp>

<comp id="184" class="1001" name="const_184">
<pin_list>
<pin id="185" dir="1" index="0" bw="1" slack="0"/>
</pin_list>
<bind>
<StgValue><ssdm name=""/></StgValue>
</bind>
</comp>

<comp id="186" class="1001" name="const_186">
<pin_list>
<pin id="187" dir="1" index="0" bw="1" slack="0"/>
</pin_list>
<bind>
<StgValue><ssdm name=""/></StgValue>
</bind>
</comp>

<comp id="188" class="1001" name="const_188">
<pin_list>
<pin id="189" dir="1" index="0" bw="1" slack="0"/>
</pin_list>
<bind>
<StgValue><ssdm name=""/></StgValue>
</bind>
</comp>

<comp id="190" class="1001" name="const_190">
<pin_list>
<pin id="191" dir="1" index="0" bw="1" slack="0"/>
</pin_list>
<bind>
<StgValue><ssdm name=""/></StgValue>
</bind>
</comp>

<comp id="192" class="1001" name="const_192">
<pin_list>
<pin id="193" dir="1" index="0" bw="1" slack="0"/>
</pin_list>
<bind>
<StgValue><ssdm name=""/></StgValue>
</bind>
</comp>

<comp id="194" class="1001" name="const_194">
<pin_list>
<pin id="195" dir="1" index="0" bw="1" slack="0"/>
</pin_list>
<bind>
<StgValue><ssdm name=""/></StgValue>
</bind>
</comp>

<comp id="196" class="1001" name="const_196">
<pin_list>
<pin id="197" dir="1" index="0" bw="1" slack="0"/>
</pin_list>
<bind>
<StgValue><ssdm name=""/></StgValue>
</bind>
</comp>

<comp id="198" class="1001" name="const_198">
<pin_list>
<pin id="199" dir="1" index="0" bw="1" slack="0"/>
</pin_list>
<bind>
<StgValue><ssdm name=""/></StgValue>
</bind>
</comp>

<comp id="200" class="1001" name="const_200">
<pin_list>
<pin id="201" dir="1" index="0" bw="1" slack="0"/>
</pin_list>
<bind>
<StgValue><ssdm name=""/></StgValue>
</bind>
</comp>

<comp id="202" class="1001" name="const_202">
<pin_list>
<pin id="203" dir="1" index="0" bw="1" slack="0"/>
</pin_list>
<bind>
<StgValue><ssdm name=""/></StgValue>
</bind>
</comp>

<comp id="204" class="1001" name="const_204">
<pin_list>
<pin id="205" dir="1" index="0" bw="1" slack="0"/>
</pin_list>
<bind>
<StgValue><ssdm name=""/></StgValue>
</bind>
</comp>

<comp id="206" class="1001" name="const_206">
<pin_list>
<pin id="207" dir="1" index="0" bw="1" slack="0"/>
</pin_list>
<bind>
<StgValue><ssdm name=""/></StgValue>
</bind>
</comp>

<comp id="208" class="1001" name="const_208">
<pin_list>
<pin id="209" dir="1" index="0" bw="1" slack="0"/>
</pin_list>
<bind>
<StgValue><ssdm name=""/></StgValue>
</bind>
</comp>

<comp id="210" class="1001" name="const_210">
<pin_list>
<pin id="211" dir="1" index="0" bw="1" slack="0"/>
</pin_list>
<bind>
<StgValue><ssdm name=""/></StgValue>
</bind>
</comp>

<comp id="212" class="1001" name="const_212">
<pin_list>
<pin id="213" dir="1" index="0" bw="1" slack="0"/>
</pin_list>
<bind>
<StgValue><ssdm name=""/></StgValue>
</bind>
</comp>

<comp id="214" class="1001" name="const_214">
<pin_list>
<pin id="215" dir="1" index="0" bw="1" slack="0"/>
</pin_list>
<bind>
<StgValue><ssdm name=""/></StgValue>
</bind>
</comp>

<comp id="216" class="1001" name="const_216">
<pin_list>
<pin id="217" dir="1" index="0" bw="1" slack="0"/>
</pin_list>
<bind>
<StgValue><ssdm name=""/></StgValue>
</bind>
</comp>

<comp id="218" class="1001" name="const_218">
<pin_list>
<pin id="219" dir="1" index="0" bw="1" slack="0"/>
</pin_list>
<bind>
<StgValue><ssdm name=""/></StgValue>
</bind>
</comp>

<comp id="220" class="1001" name="const_220">
<pin_list>
<pin id="221" dir="1" index="0" bw="1" slack="0"/>
</pin_list>
<bind>
<StgValue><ssdm name=""/></StgValue>
</bind>
</comp>

<comp id="222" class="1001" name="const_222">
<pin_list>
<pin id="223" dir="1" index="0" bw="1" slack="0"/>
</pin_list>
<bind>
<StgValue><ssdm name=""/></StgValue>
</bind>
</comp>

<comp id="224" class="1001" name="const_224">
<pin_list>
<pin id="225" dir="1" index="0" bw="1" slack="0"/>
</pin_list>
<bind>
<StgValue><ssdm name=""/></StgValue>
</bind>
</comp>

<comp id="226" class="1001" name="const_226">
<pin_list>
<pin id="227" dir="1" index="0" bw="1" slack="0"/>
</pin_list>
<bind>
<StgValue><ssdm name=""/></StgValue>
</bind>
</comp>

<comp id="228" class="1001" name="const_228">
<pin_list>
<pin id="229" dir="1" index="0" bw="1" slack="0"/>
</pin_list>
<bind>
<StgValue><ssdm name=""/></StgValue>
</bind>
</comp>

<comp id="230" class="1001" name="const_230">
<pin_list>
<pin id="231" dir="1" index="0" bw="1" slack="0"/>
</pin_list>
<bind>
<StgValue><ssdm name=""/></StgValue>
</bind>
</comp>

<comp id="232" class="1001" name="const_232">
<pin_list>
<pin id="233" dir="1" index="0" bw="1" slack="0"/>
</pin_list>
<bind>
<StgValue><ssdm name=""/></StgValue>
</bind>
</comp>

<comp id="234" class="1001" name="const_234">
<pin_list>
<pin id="235" dir="1" index="0" bw="1" slack="0"/>
</pin_list>
<bind>
<StgValue><ssdm name=""/></StgValue>
</bind>
</comp>

<comp id="236" class="1001" name="const_236">
<pin_list>
<pin id="237" dir="1" index="0" bw="1" slack="0"/>
</pin_list>
<bind>
<StgValue><ssdm name=""/></StgValue>
</bind>
</comp>

<comp id="238" class="1001" name="const_238">
<pin_list>
<pin id="239" dir="1" index="0" bw="1" slack="0"/>
</pin_list>
<bind>
<StgValue><ssdm name=""/></StgValue>
</bind>
</comp>

<comp id="240" class="1001" name="const_240">
<pin_list>
<pin id="241" dir="1" index="0" bw="1" slack="0"/>
</pin_list>
<bind>
<StgValue><ssdm name=""/></StgValue>
</bind>
</comp>

<comp id="242" class="1001" name="const_242">
<pin_list>
<pin id="243" dir="1" index="0" bw="1" slack="0"/>
</pin_list>
<bind>
<StgValue><ssdm name=""/></StgValue>
</bind>
</comp>

<comp id="244" class="1001" name="const_244">
<pin_list>
<pin id="245" dir="1" index="0" bw="1" slack="0"/>
</pin_list>
<bind>
<StgValue><ssdm name=""/></StgValue>
</bind>
</comp>

<comp id="246" class="1001" name="const_246">
<pin_list>
<pin id="247" dir="1" index="0" bw="1" slack="0"/>
</pin_list>
<bind>
<StgValue><ssdm name=""/></StgValue>
</bind>
</comp>

<comp id="248" class="1001" name="const_248">
<pin_list>
<pin id="249" dir="1" index="0" bw="1" slack="0"/>
</pin_list>
<bind>
<StgValue><ssdm name=""/></StgValue>
</bind>
</comp>

<comp id="250" class="1001" name="const_250">
<pin_list>
<pin id="251" dir="1" index="0" bw="1" slack="0"/>
</pin_list>
<bind>
<StgValue><ssdm name=""/></StgValue>
</bind>
</comp>

<comp id="252" class="1001" name="const_252">
<pin_list>
<pin id="253" dir="1" index="0" bw="1" slack="0"/>
</pin_list>
<bind>
<StgValue><ssdm name=""/></StgValue>
</bind>
</comp>

<comp id="254" class="1001" name="const_254">
<pin_list>
<pin id="255" dir="1" index="0" bw="1" slack="0"/>
</pin_list>
<bind>
<StgValue><ssdm name=""/></StgValue>
</bind>
</comp>

<comp id="256" class="1001" name="const_256">
<pin_list>
<pin id="257" dir="1" index="0" bw="1" slack="0"/>
</pin_list>
<bind>
<StgValue><ssdm name=""/></StgValue>
</bind>
</comp>

<comp id="258" class="1001" name="const_258">
<pin_list>
<pin id="259" dir="1" index="0" bw="1" slack="0"/>
</pin_list>
<bind>
<StgValue><ssdm name=""/></StgValue>
</bind>
</comp>

<comp id="260" class="1001" name="const_260">
<pin_list>
<pin id="261" dir="1" index="0" bw="1" slack="0"/>
</pin_list>
<bind>
<StgValue><ssdm name=""/></StgValue>
</bind>
</comp>

<comp id="262" class="1001" name="const_262">
<pin_list>
<pin id="263" dir="1" index="0" bw="1" slack="0"/>
</pin_list>
<bind>
<StgValue><ssdm name=""/></StgValue>
</bind>
</comp>

<comp id="264" class="1001" name="const_264">
<pin_list>
<pin id="265" dir="1" index="0" bw="1" slack="0"/>
</pin_list>
<bind>
<StgValue><ssdm name=""/></StgValue>
</bind>
</comp>

<comp id="266" class="1001" name="const_266">
<pin_list>
<pin id="267" dir="1" index="0" bw="1" slack="0"/>
</pin_list>
<bind>
<StgValue><ssdm name=""/></StgValue>
</bind>
</comp>

<comp id="268" class="1001" name="const_268">
<pin_list>
<pin id="269" dir="1" index="0" bw="1" slack="0"/>
</pin_list>
<bind>
<StgValue><ssdm name=""/></StgValue>
</bind>
</comp>

<comp id="270" class="1001" name="const_270">
<pin_list>
<pin id="271" dir="1" index="0" bw="1" slack="0"/>
</pin_list>
<bind>
<StgValue><ssdm name=""/></StgValue>
</bind>
</comp>

<comp id="272" class="1001" name="const_272">
<pin_list>
<pin id="273" dir="1" index="0" bw="1" slack="0"/>
</pin_list>
<bind>
<StgValue><ssdm name=""/></StgValue>
</bind>
</comp>

<comp id="274" class="1001" name="const_274">
<pin_list>
<pin id="275" dir="1" index="0" bw="1" slack="0"/>
</pin_list>
<bind>
<StgValue><ssdm name=""/></StgValue>
</bind>
</comp>

<comp id="276" class="1001" name="const_276">
<pin_list>
<pin id="277" dir="1" index="0" bw="1" slack="0"/>
</pin_list>
<bind>
<StgValue><ssdm name=""/></StgValue>
</bind>
</comp>

<comp id="278" class="1001" name="const_278">
<pin_list>
<pin id="279" dir="1" index="0" bw="1" slack="0"/>
</pin_list>
<bind>
<StgValue><ssdm name=""/></StgValue>
</bind>
</comp>

<comp id="280" class="1001" name="const_280">
<pin_list>
<pin id="281" dir="1" index="0" bw="1" slack="0"/>
</pin_list>
<bind>
<StgValue><ssdm name=""/></StgValue>
</bind>
</comp>

<comp id="282" class="1001" name="const_282">
<pin_list>
<pin id="283" dir="1" index="0" bw="1" slack="0"/>
</pin_list>
<bind>
<StgValue><ssdm name=""/></StgValue>
</bind>
</comp>

<comp id="284" class="1001" name="const_284">
<pin_list>
<pin id="285" dir="1" index="0" bw="1" slack="0"/>
</pin_list>
<bind>
<StgValue><ssdm name=""/></StgValue>
</bind>
</comp>

<comp id="286" class="1001" name="const_286">
<pin_list>
<pin id="287" dir="1" index="0" bw="1" slack="0"/>
</pin_list>
<bind>
<StgValue><ssdm name=""/></StgValue>
</bind>
</comp>

<comp id="288" class="1001" name="const_288">
<pin_list>
<pin id="289" dir="1" index="0" bw="1" slack="0"/>
</pin_list>
<bind>
<StgValue><ssdm name=""/></StgValue>
</bind>
</comp>

<comp id="290" class="1001" name="const_290">
<pin_list>
<pin id="291" dir="1" index="0" bw="1" slack="0"/>
</pin_list>
<bind>
<StgValue><ssdm name=""/></StgValue>
</bind>
</comp>

<comp id="292" class="1001" name="const_292">
<pin_list>
<pin id="293" dir="1" index="0" bw="1" slack="0"/>
</pin_list>
<bind>
<StgValue><ssdm name=""/></StgValue>
</bind>
</comp>

<comp id="294" class="1001" name="const_294">
<pin_list>
<pin id="295" dir="1" index="0" bw="1" slack="0"/>
</pin_list>
<bind>
<StgValue><ssdm name=""/></StgValue>
</bind>
</comp>

<comp id="296" class="1001" name="const_296">
<pin_list>
<pin id="297" dir="1" index="0" bw="1" slack="0"/>
</pin_list>
<bind>
<StgValue><ssdm name=""/></StgValue>
</bind>
</comp>

<comp id="298" class="1001" name="const_298">
<pin_list>
<pin id="299" dir="1" index="0" bw="1" slack="0"/>
</pin_list>
<bind>
<StgValue><ssdm name=""/></StgValue>
</bind>
</comp>

<comp id="300" class="1001" name="const_300">
<pin_list>
<pin id="301" dir="1" index="0" bw="1" slack="0"/>
</pin_list>
<bind>
<StgValue><ssdm name=""/></StgValue>
</bind>
</comp>

<comp id="302" class="1001" name="const_302">
<pin_list>
<pin id="303" dir="1" index="0" bw="1" slack="0"/>
</pin_list>
<bind>
<StgValue><ssdm name=""/></StgValue>
</bind>
</comp>

<comp id="304" class="1001" name="const_304">
<pin_list>
<pin id="305" dir="1" index="0" bw="1" slack="0"/>
</pin_list>
<bind>
<StgValue><ssdm name=""/></StgValue>
</bind>
</comp>

<comp id="306" class="1001" name="const_306">
<pin_list>
<pin id="307" dir="1" index="0" bw="1" slack="0"/>
</pin_list>
<bind>
<StgValue><ssdm name=""/></StgValue>
</bind>
</comp>

<comp id="308" class="1001" name="const_308">
<pin_list>
<pin id="309" dir="1" index="0" bw="1" slack="0"/>
</pin_list>
<bind>
<StgValue><ssdm name=""/></StgValue>
</bind>
</comp>

<comp id="310" class="1001" name="const_310">
<pin_list>
<pin id="311" dir="1" index="0" bw="1" slack="0"/>
</pin_list>
<bind>
<StgValue><ssdm name=""/></StgValue>
</bind>
</comp>

<comp id="312" class="1001" name="const_312">
<pin_list>
<pin id="313" dir="1" index="0" bw="1" slack="0"/>
</pin_list>
<bind>
<StgValue><ssdm name=""/></StgValue>
</bind>
</comp>

<comp id="314" class="1001" name="const_314">
<pin_list>
<pin id="315" dir="1" index="0" bw="1" slack="0"/>
</pin_list>
<bind>
<StgValue><ssdm name=""/></StgValue>
</bind>
</comp>

<comp id="316" class="1001" name="const_316">
<pin_list>
<pin id="317" dir="1" index="0" bw="1" slack="0"/>
</pin_list>
<bind>
<StgValue><ssdm name=""/></StgValue>
</bind>
</comp>

<comp id="318" class="1001" name="const_318">
<pin_list>
<pin id="319" dir="1" index="0" bw="1" slack="0"/>
</pin_list>
<bind>
<StgValue><ssdm name=""/></StgValue>
</bind>
</comp>

<comp id="320" class="1001" name="const_320">
<pin_list>
<pin id="321" dir="1" index="0" bw="1" slack="0"/>
</pin_list>
<bind>
<StgValue><ssdm name=""/></StgValue>
</bind>
</comp>

<comp id="322" class="1001" name="const_322">
<pin_list>
<pin id="323" dir="1" index="0" bw="1" slack="0"/>
</pin_list>
<bind>
<StgValue><ssdm name=""/></StgValue>
</bind>
</comp>

<comp id="324" class="1001" name="const_324">
<pin_list>
<pin id="325" dir="1" index="0" bw="1" slack="0"/>
</pin_list>
<bind>
<StgValue><ssdm name="_ssdm_op_BitConcatenate.i324.i2.i8.i8.i2.i8.i8.i2.i8.i8.i2.i8.i8.i2.i8.i8.i2.i8.i8.i2.i8.i8.i2.i8.i8.i2.i8.i8.i2.i8.i8.i2.i8.i8.i2.i8.i8.i2.i8.i8.i2.i8.i8.i2.i8.i8.i2.i8.i8.i2.i8.i8.i2.i8.i8"/></StgValue>
</bind>
</comp>

<comp id="326" class="1001" name="const_326">
<pin_list>
<pin id="327" dir="1" index="0" bw="1" slack="0"/>
</pin_list>
<bind>
<StgValue><ssdm name="_ssdm_op_Write.ap_fifo.volatile.i324P0A"/></StgValue>
</bind>
</comp>

<comp id="328" class="1001" name="const_328">
<pin_list>
<pin id="329" dir="1" index="0" bw="1" slack="0"/>
</pin_list>
<bind>
<StgValue><ssdm name=""/></StgValue>
</bind>
</comp>

<comp id="330" class="1001" name="const_330">
<pin_list>
<pin id="331" dir="1" index="0" bw="1" slack="0"/>
</pin_list>
<bind>
<StgValue><ssdm name=""/></StgValue>
</bind>
</comp>

<comp id="332" class="1004" name="i1_fu_332">
<pin_list>
<pin id="333" dir="0" index="0" bw="1" slack="0"/>
<pin id="334" dir="1" index="1" bw="8" slack="0"/>
</pin_list>
<bind>
<opcode="alloca(26) " fcode="alloca"/>
<opset="i1/1 "/>
</bind>
</comp>

<comp id="336" class="1004" name="layer7_out_read_read_fu_336">
<pin_list>
<pin id="337" dir="0" index="0" bw="666" slack="0"/>
<pin id="338" dir="0" index="1" bw="666" slack="0"/>
<pin id="339" dir="1" index="2" bw="666" slack="0"/>
</pin_list>
<bind>
<opcode="read(1150) " fcode="read"/>
<opset="layer7_out_read/1 "/>
</bind>
</comp>

<comp id="342" class="1004" name="write_ln57_write_fu_342">
<pin_list>
<pin id="343" dir="0" index="0" bw="0" slack="0"/>
<pin id="344" dir="0" index="1" bw="324" slack="0"/>
<pin id="345" dir="0" index="2" bw="324" slack="0"/>
<pin id="346" dir="1" index="3" bw="0" slack="2147483647"/>
</pin_list>
<bind>
<opcode="write(1151) " fcode="write"/>
<opset="write_ln57/1 "/>
</bind>
</comp>

<comp id="349" class="1004" name="store_ln0_store_fu_349">
<pin_list>
<pin id="350" dir="0" index="0" bw="1" slack="0"/>
<pin id="351" dir="0" index="1" bw="8" slack="0"/>
<pin id="352" dir="1" index="2" bw="0" slack="2147483647"/>
</pin_list>
<bind>
<opcode="store(28) " fcode="store"/>
<opset="store_ln0/1 "/>
</bind>
</comp>

<comp id="354" class="1004" name="i1_load_load_fu_354">
<pin_list>
<pin id="355" dir="0" index="0" bw="8" slack="0"/>
<pin id="356" dir="1" index="1" bw="8" slack="0"/>
</pin_list>
<bind>
<opcode="load(27) " fcode="load"/>
<opset="i1_load/1 "/>
</bind>
</comp>

<comp id="357" class="1004" name="trunc_ln44_fu_357">
<pin_list>
<pin id="358" dir="0" index="0" bw="666" slack="0"/>
<pin id="359" dir="1" index="1" bw="37" slack="0"/>
</pin_list>
<bind>
<opcode="trunc(33) " fcode="trunc"/>
<opset="trunc_ln44/1 "/>
</bind>
</comp>

<comp id="361" class="1004" name="trunc_ln44_1_fu_361">
<pin_list>
<pin id="362" dir="0" index="0" bw="37" slack="0"/>
<pin id="363" dir="0" index="1" bw="666" slack="0"/>
<pin id="364" dir="0" index="2" bw="7" slack="0"/>
<pin id="365" dir="0" index="3" bw="8" slack="0"/>
<pin id="366" dir="1" index="4" bw="37" slack="0"/>
</pin_list>
<bind>
<opcode="partselect(1002) " fcode="partselect"/>
<opset="trunc_ln44_1/1 "/>
</bind>
</comp>

<comp id="371" class="1004" name="trunc_ln44_2_fu_371">
<pin_list>
<pin id="372" dir="0" index="0" bw="37" slack="0"/>
<pin id="373" dir="0" index="1" bw="666" slack="0"/>
<pin id="374" dir="0" index="2" bw="8" slack="0"/>
<pin id="375" dir="0" index="3" bw="8" slack="0"/>
<pin id="376" dir="1" index="4" bw="37" slack="0"/>
</pin_list>
<bind>
<opcode="partselect(1002) " fcode="partselect"/>
<opset="trunc_ln44_2/1 "/>
</bind>
</comp>

<comp id="381" class="1004" name="trunc_ln44_3_fu_381">
<pin_list>
<pin id="382" dir="0" index="0" bw="37" slack="0"/>
<pin id="383" dir="0" index="1" bw="666" slack="0"/>
<pin id="384" dir="0" index="2" bw="8" slack="0"/>
<pin id="385" dir="0" index="3" bw="9" slack="0"/>
<pin id="386" dir="1" index="4" bw="37" slack="0"/>
</pin_list>
<bind>
<opcode="partselect(1002) " fcode="partselect"/>
<opset="trunc_ln44_3/1 "/>
</bind>
</comp>

<comp id="391" class="1004" name="trunc_ln44_4_fu_391">
<pin_list>
<pin id="392" dir="0" index="0" bw="37" slack="0"/>
<pin id="393" dir="0" index="1" bw="666" slack="0"/>
<pin id="394" dir="0" index="2" bw="9" slack="0"/>
<pin id="395" dir="0" index="3" bw="9" slack="0"/>
<pin id="396" dir="1" index="4" bw="37" slack="0"/>
</pin_list>
<bind>
<opcode="partselect(1002) " fcode="partselect"/>
<opset="trunc_ln44_4/1 "/>
</bind>
</comp>

<comp id="401" class="1004" name="trunc_ln44_5_fu_401">
<pin_list>
<pin id="402" dir="0" index="0" bw="37" slack="0"/>
<pin id="403" dir="0" index="1" bw="666" slack="0"/>
<pin id="404" dir="0" index="2" bw="9" slack="0"/>
<pin id="405" dir="0" index="3" bw="9" slack="0"/>
<pin id="406" dir="1" index="4" bw="37" slack="0"/>
</pin_list>
<bind>
<opcode="partselect(1002) " fcode="partselect"/>
<opset="trunc_ln44_5/1 "/>
</bind>
</comp>

<comp id="411" class="1004" name="trunc_ln44_6_fu_411">
<pin_list>
<pin id="412" dir="0" index="0" bw="37" slack="0"/>
<pin id="413" dir="0" index="1" bw="666" slack="0"/>
<pin id="414" dir="0" index="2" bw="9" slack="0"/>
<pin id="415" dir="0" index="3" bw="10" slack="0"/>
<pin id="416" dir="1" index="4" bw="37" slack="0"/>
</pin_list>
<bind>
<opcode="partselect(1002) " fcode="partselect"/>
<opset="trunc_ln44_6/1 "/>
</bind>
</comp>

<comp id="421" class="1004" name="trunc_ln44_7_fu_421">
<pin_list>
<pin id="422" dir="0" index="0" bw="37" slack="0"/>
<pin id="423" dir="0" index="1" bw="666" slack="0"/>
<pin id="424" dir="0" index="2" bw="10" slack="0"/>
<pin id="425" dir="0" index="3" bw="10" slack="0"/>
<pin id="426" dir="1" index="4" bw="37" slack="0"/>
</pin_list>
<bind>
<opcode="partselect(1002) " fcode="partselect"/>
<opset="trunc_ln44_7/1 "/>
</bind>
</comp>

<comp id="431" class="1004" name="trunc_ln44_8_fu_431">
<pin_list>
<pin id="432" dir="0" index="0" bw="37" slack="0"/>
<pin id="433" dir="0" index="1" bw="666" slack="0"/>
<pin id="434" dir="0" index="2" bw="10" slack="0"/>
<pin id="435" dir="0" index="3" bw="10" slack="0"/>
<pin id="436" dir="1" index="4" bw="37" slack="0"/>
</pin_list>
<bind>
<opcode="partselect(1002) " fcode="partselect"/>
<opset="trunc_ln44_8/1 "/>
</bind>
</comp>

<comp id="441" class="1004" name="trunc_ln44_9_fu_441">
<pin_list>
<pin id="442" dir="0" index="0" bw="37" slack="0"/>
<pin id="443" dir="0" index="1" bw="666" slack="0"/>
<pin id="444" dir="0" index="2" bw="10" slack="0"/>
<pin id="445" dir="0" index="3" bw="10" slack="0"/>
<pin id="446" dir="1" index="4" bw="37" slack="0"/>
</pin_list>
<bind>
<opcode="partselect(1002) " fcode="partselect"/>
<opset="trunc_ln44_9/1 "/>
</bind>
</comp>

<comp id="451" class="1004" name="trunc_ln44_s_fu_451">
<pin_list>
<pin id="452" dir="0" index="0" bw="37" slack="0"/>
<pin id="453" dir="0" index="1" bw="666" slack="0"/>
<pin id="454" dir="0" index="2" bw="10" slack="0"/>
<pin id="455" dir="0" index="3" bw="10" slack="0"/>
<pin id="456" dir="1" index="4" bw="37" slack="0"/>
</pin_list>
<bind>
<opcode="partselect(1002) " fcode="partselect"/>
<opset="trunc_ln44_s/1 "/>
</bind>
</comp>

<comp id="461" class="1004" name="trunc_ln44_10_fu_461">
<pin_list>
<pin id="462" dir="0" index="0" bw="37" slack="0"/>
<pin id="463" dir="0" index="1" bw="666" slack="0"/>
<pin id="464" dir="0" index="2" bw="10" slack="0"/>
<pin id="465" dir="0" index="3" bw="10" slack="0"/>
<pin id="466" dir="1" index="4" bw="37" slack="0"/>
</pin_list>
<bind>
<opcode="partselect(1002) " fcode="partselect"/>
<opset="trunc_ln44_10/1 "/>
</bind>
</comp>

<comp id="471" class="1004" name="trunc_ln44_11_fu_471">
<pin_list>
<pin id="472" dir="0" index="0" bw="37" slack="0"/>
<pin id="473" dir="0" index="1" bw="666" slack="0"/>
<pin id="474" dir="0" index="2" bw="10" slack="0"/>
<pin id="475" dir="0" index="3" bw="10" slack="0"/>
<pin id="476" dir="1" index="4" bw="37" slack="0"/>
</pin_list>
<bind>
<opcode="partselect(1002) " fcode="partselect"/>
<opset="trunc_ln44_11/1 "/>
</bind>
</comp>

<comp id="481" class="1004" name="trunc_ln44_12_fu_481">
<pin_list>
<pin id="482" dir="0" index="0" bw="37" slack="0"/>
<pin id="483" dir="0" index="1" bw="666" slack="0"/>
<pin id="484" dir="0" index="2" bw="10" slack="0"/>
<pin id="485" dir="0" index="3" bw="11" slack="0"/>
<pin id="486" dir="1" index="4" bw="37" slack="0"/>
</pin_list>
<bind>
<opcode="partselect(1002) " fcode="partselect"/>
<opset="trunc_ln44_12/1 "/>
</bind>
</comp>

<comp id="491" class="1004" name="trunc_ln44_13_fu_491">
<pin_list>
<pin id="492" dir="0" index="0" bw="37" slack="0"/>
<pin id="493" dir="0" index="1" bw="666" slack="0"/>
<pin id="494" dir="0" index="2" bw="11" slack="0"/>
<pin id="495" dir="0" index="3" bw="11" slack="0"/>
<pin id="496" dir="1" index="4" bw="37" slack="0"/>
</pin_list>
<bind>
<opcode="partselect(1002) " fcode="partselect"/>
<opset="trunc_ln44_13/1 "/>
</bind>
</comp>

<comp id="501" class="1004" name="trunc_ln44_14_fu_501">
<pin_list>
<pin id="502" dir="0" index="0" bw="37" slack="0"/>
<pin id="503" dir="0" index="1" bw="666" slack="0"/>
<pin id="504" dir="0" index="2" bw="11" slack="0"/>
<pin id="505" dir="0" index="3" bw="11" slack="0"/>
<pin id="506" dir="1" index="4" bw="37" slack="0"/>
</pin_list>
<bind>
<opcode="partselect(1002) " fcode="partselect"/>
<opset="trunc_ln44_14/1 "/>
</bind>
</comp>

<comp id="511" class="1004" name="trunc_ln44_15_fu_511">
<pin_list>
<pin id="512" dir="0" index="0" bw="37" slack="0"/>
<pin id="513" dir="0" index="1" bw="666" slack="0"/>
<pin id="514" dir="0" index="2" bw="11" slack="0"/>
<pin id="515" dir="0" index="3" bw="11" slack="0"/>
<pin id="516" dir="1" index="4" bw="37" slack="0"/>
</pin_list>
<bind>
<opcode="partselect(1002) " fcode="partselect"/>
<opset="trunc_ln44_15/1 "/>
</bind>
</comp>

<comp id="521" class="1004" name="trunc_ln44_16_fu_521">
<pin_list>
<pin id="522" dir="0" index="0" bw="37" slack="0"/>
<pin id="523" dir="0" index="1" bw="666" slack="0"/>
<pin id="524" dir="0" index="2" bw="11" slack="0"/>
<pin id="525" dir="0" index="3" bw="11" slack="0"/>
<pin id="526" dir="1" index="4" bw="37" slack="0"/>
</pin_list>
<bind>
<opcode="partselect(1002) " fcode="partselect"/>
<opset="trunc_ln44_16/1 "/>
</bind>
</comp>

<comp id="531" class="1004" name="icmp_ln51_fu_531">
<pin_list>
<pin id="532" dir="0" index="0" bw="37" slack="0"/>
<pin id="533" dir="0" index="1" bw="1" slack="0"/>
<pin id="534" dir="1" index="2" bw="1" slack="0"/>
</pin_list>
<bind>
<opcode="icmp(45) " fcode="icmp"/>
<opset="icmp_ln51/1 "/>
</bind>
</comp>

<comp id="537" class="1004" name="trunc_ln1_fu_537">
<pin_list>
<pin id="538" dir="0" index="0" bw="8" slack="0"/>
<pin id="539" dir="0" index="1" bw="666" slack="0"/>
<pin id="540" dir="0" index="2" bw="5" slack="0"/>
<pin id="541" dir="0" index="3" bw="6" slack="0"/>
<pin id="542" dir="1" index="4" bw="8" slack="0"/>
</pin_list>
<bind>
<opcode="partselect(1002) " fcode="partselect"/>
<opset="trunc_ln1/1 "/>
</bind>
</comp>

<comp id="547" class="1004" name="trunc_ln52_2_fu_547">
<pin_list>
<pin id="548" dir="0" index="0" bw="2" slack="0"/>
<pin id="549" dir="0" index="1" bw="666" slack="0"/>
<pin id="550" dir="0" index="2" bw="6" slack="0"/>
<pin id="551" dir="0" index="3" bw="6" slack="0"/>
<pin id="552" dir="1" index="4" bw="2" slack="0"/>
</pin_list>
<bind>
<opcode="partselect(1002) " fcode="partselect"/>
<opset="trunc_ln52_2/1 "/>
</bind>
</comp>

<comp id="557" class="1004" name="out_data_sroa_0_0_0_fu_557">
<pin_list>
<pin id="558" dir="0" index="0" bw="1" slack="0"/>
<pin id="559" dir="0" index="1" bw="8" slack="0"/>
<pin id="560" dir="0" index="2" bw="1" slack="0"/>
<pin id="561" dir="1" index="3" bw="8" slack="0"/>
</pin_list>
<bind>
<opcode="select(49) " fcode="select"/>
<opset="out_data_sroa_0_0_0/1 "/>
</bind>
</comp>

<comp id="565" class="1004" name="empty_fu_565">
<pin_list>
<pin id="566" dir="0" index="0" bw="1" slack="0"/>
<pin id="567" dir="0" index="1" bw="2" slack="0"/>
<pin id="568" dir="0" index="2" bw="1" slack="0"/>
<pin id="569" dir="1" index="3" bw="2" slack="0"/>
</pin_list>
<bind>
<opcode="select(49) " fcode="select"/>
<opset="empty/1 "/>
</bind>
</comp>

<comp id="573" class="1004" name="icmp_ln51_1_fu_573">
<pin_list>
<pin id="574" dir="0" index="0" bw="37" slack="0"/>
<pin id="575" dir="0" index="1" bw="1" slack="0"/>
<pin id="576" dir="1" index="2" bw="1" slack="0"/>
</pin_list>
<bind>
<opcode="icmp(45) " fcode="icmp"/>
<opset="icmp_ln51_1/1 "/>
</bind>
</comp>

<comp id="579" class="1004" name="trunc_ln52_3_fu_579">
<pin_list>
<pin id="580" dir="0" index="0" bw="8" slack="0"/>
<pin id="581" dir="0" index="1" bw="666" slack="0"/>
<pin id="582" dir="0" index="2" bw="7" slack="0"/>
<pin id="583" dir="0" index="3" bw="7" slack="0"/>
<pin id="584" dir="1" index="4" bw="8" slack="0"/>
</pin_list>
<bind>
<opcode="partselect(1002) " fcode="partselect"/>
<opset="trunc_ln52_3/1 "/>
</bind>
</comp>

<comp id="589" class="1004" name="trunc_ln52_5_fu_589">
<pin_list>
<pin id="590" dir="0" index="0" bw="2" slack="0"/>
<pin id="591" dir="0" index="1" bw="666" slack="0"/>
<pin id="592" dir="0" index="2" bw="7" slack="0"/>
<pin id="593" dir="0" index="3" bw="8" slack="0"/>
<pin id="594" dir="1" index="4" bw="2" slack="0"/>
</pin_list>
<bind>
<opcode="partselect(1002) " fcode="partselect"/>
<opset="trunc_ln52_5/1 "/>
</bind>
</comp>

<comp id="599" class="1004" name="out_data_sroa_5130_0_0_fu_599">
<pin_list>
<pin id="600" dir="0" index="0" bw="1" slack="0"/>
<pin id="601" dir="0" index="1" bw="8" slack="0"/>
<pin id="602" dir="0" index="2" bw="1" slack="0"/>
<pin id="603" dir="1" index="3" bw="8" slack="0"/>
</pin_list>
<bind>
<opcode="select(49) " fcode="select"/>
<opset="out_data_sroa_5130_0_0/1 "/>
</bind>
</comp>

<comp id="607" class="1004" name="empty_47_fu_607">
<pin_list>
<pin id="608" dir="0" index="0" bw="1" slack="0"/>
<pin id="609" dir="0" index="1" bw="2" slack="0"/>
<pin id="610" dir="0" index="2" bw="1" slack="0"/>
<pin id="611" dir="1" index="3" bw="2" slack="0"/>
</pin_list>
<bind>
<opcode="select(49) " fcode="select"/>
<opset="empty_47/1 "/>
</bind>
</comp>

<comp id="615" class="1004" name="icmp_ln51_2_fu_615">
<pin_list>
<pin id="616" dir="0" index="0" bw="37" slack="0"/>
<pin id="617" dir="0" index="1" bw="1" slack="0"/>
<pin id="618" dir="1" index="2" bw="1" slack="0"/>
</pin_list>
<bind>
<opcode="icmp(45) " fcode="icmp"/>
<opset="icmp_ln51_2/1 "/>
</bind>
</comp>

<comp id="621" class="1004" name="trunc_ln52_6_fu_621">
<pin_list>
<pin id="622" dir="0" index="0" bw="8" slack="0"/>
<pin id="623" dir="0" index="1" bw="666" slack="0"/>
<pin id="624" dir="0" index="2" bw="8" slack="0"/>
<pin id="625" dir="0" index="3" bw="8" slack="0"/>
<pin id="626" dir="1" index="4" bw="8" slack="0"/>
</pin_list>
<bind>
<opcode="partselect(1002) " fcode="partselect"/>
<opset="trunc_ln52_6/1 "/>
</bind>
</comp>

<comp id="631" class="1004" name="trunc_ln52_8_fu_631">
<pin_list>
<pin id="632" dir="0" index="0" bw="2" slack="0"/>
<pin id="633" dir="0" index="1" bw="666" slack="0"/>
<pin id="634" dir="0" index="2" bw="8" slack="0"/>
<pin id="635" dir="0" index="3" bw="8" slack="0"/>
<pin id="636" dir="1" index="4" bw="2" slack="0"/>
</pin_list>
<bind>
<opcode="partselect(1002) " fcode="partselect"/>
<opset="trunc_ln52_8/1 "/>
</bind>
</comp>

<comp id="641" class="1004" name="out_data_sroa_8134_0_0_fu_641">
<pin_list>
<pin id="642" dir="0" index="0" bw="1" slack="0"/>
<pin id="643" dir="0" index="1" bw="8" slack="0"/>
<pin id="644" dir="0" index="2" bw="1" slack="0"/>
<pin id="645" dir="1" index="3" bw="8" slack="0"/>
</pin_list>
<bind>
<opcode="select(49) " fcode="select"/>
<opset="out_data_sroa_8134_0_0/1 "/>
</bind>
</comp>

<comp id="649" class="1004" name="empty_48_fu_649">
<pin_list>
<pin id="650" dir="0" index="0" bw="1" slack="0"/>
<pin id="651" dir="0" index="1" bw="2" slack="0"/>
<pin id="652" dir="0" index="2" bw="1" slack="0"/>
<pin id="653" dir="1" index="3" bw="2" slack="0"/>
</pin_list>
<bind>
<opcode="select(49) " fcode="select"/>
<opset="empty_48/1 "/>
</bind>
</comp>

<comp id="657" class="1004" name="icmp_ln51_3_fu_657">
<pin_list>
<pin id="658" dir="0" index="0" bw="37" slack="0"/>
<pin id="659" dir="0" index="1" bw="1" slack="0"/>
<pin id="660" dir="1" index="2" bw="1" slack="0"/>
</pin_list>
<bind>
<opcode="icmp(45) " fcode="icmp"/>
<opset="icmp_ln51_3/1 "/>
</bind>
</comp>

<comp id="663" class="1004" name="trunc_ln52_9_fu_663">
<pin_list>
<pin id="664" dir="0" index="0" bw="8" slack="0"/>
<pin id="665" dir="0" index="1" bw="666" slack="0"/>
<pin id="666" dir="0" index="2" bw="8" slack="0"/>
<pin id="667" dir="0" index="3" bw="9" slack="0"/>
<pin id="668" dir="1" index="4" bw="8" slack="0"/>
</pin_list>
<bind>
<opcode="partselect(1002) " fcode="partselect"/>
<opset="trunc_ln52_9/1 "/>
</bind>
</comp>

<comp id="673" class="1004" name="trunc_ln52_s_fu_673">
<pin_list>
<pin id="674" dir="0" index="0" bw="2" slack="0"/>
<pin id="675" dir="0" index="1" bw="666" slack="0"/>
<pin id="676" dir="0" index="2" bw="9" slack="0"/>
<pin id="677" dir="0" index="3" bw="9" slack="0"/>
<pin id="678" dir="1" index="4" bw="2" slack="0"/>
</pin_list>
<bind>
<opcode="partselect(1002) " fcode="partselect"/>
<opset="trunc_ln52_s/1 "/>
</bind>
</comp>

<comp id="683" class="1004" name="out_data_sroa_11138_0_0_fu_683">
<pin_list>
<pin id="684" dir="0" index="0" bw="1" slack="0"/>
<pin id="685" dir="0" index="1" bw="8" slack="0"/>
<pin id="686" dir="0" index="2" bw="1" slack="0"/>
<pin id="687" dir="1" index="3" bw="8" slack="0"/>
</pin_list>
<bind>
<opcode="select(49) " fcode="select"/>
<opset="out_data_sroa_11138_0_0/1 "/>
</bind>
</comp>

<comp id="691" class="1004" name="empty_49_fu_691">
<pin_list>
<pin id="692" dir="0" index="0" bw="1" slack="0"/>
<pin id="693" dir="0" index="1" bw="2" slack="0"/>
<pin id="694" dir="0" index="2" bw="1" slack="0"/>
<pin id="695" dir="1" index="3" bw="2" slack="0"/>
</pin_list>
<bind>
<opcode="select(49) " fcode="select"/>
<opset="empty_49/1 "/>
</bind>
</comp>

<comp id="699" class="1004" name="icmp_ln51_4_fu_699">
<pin_list>
<pin id="700" dir="0" index="0" bw="37" slack="0"/>
<pin id="701" dir="0" index="1" bw="1" slack="0"/>
<pin id="702" dir="1" index="2" bw="1" slack="0"/>
</pin_list>
<bind>
<opcode="icmp(45) " fcode="icmp"/>
<opset="icmp_ln51_4/1 "/>
</bind>
</comp>

<comp id="705" class="1004" name="trunc_ln52_1_fu_705">
<pin_list>
<pin id="706" dir="0" index="0" bw="8" slack="0"/>
<pin id="707" dir="0" index="1" bw="666" slack="0"/>
<pin id="708" dir="0" index="2" bw="9" slack="0"/>
<pin id="709" dir="0" index="3" bw="9" slack="0"/>
<pin id="710" dir="1" index="4" bw="8" slack="0"/>
</pin_list>
<bind>
<opcode="partselect(1002) " fcode="partselect"/>
<opset="trunc_ln52_1/1 "/>
</bind>
</comp>

<comp id="715" class="1004" name="trunc_ln52_4_fu_715">
<pin_list>
<pin id="716" dir="0" index="0" bw="2" slack="0"/>
<pin id="717" dir="0" index="1" bw="666" slack="0"/>
<pin id="718" dir="0" index="2" bw="9" slack="0"/>
<pin id="719" dir="0" index="3" bw="9" slack="0"/>
<pin id="720" dir="1" index="4" bw="2" slack="0"/>
</pin_list>
<bind>
<opcode="partselect(1002) " fcode="partselect"/>
<opset="trunc_ln52_4/1 "/>
</bind>
</comp>

<comp id="725" class="1004" name="out_data_sroa_14142_0_0_fu_725">
<pin_list>
<pin id="726" dir="0" index="0" bw="1" slack="0"/>
<pin id="727" dir="0" index="1" bw="8" slack="0"/>
<pin id="728" dir="0" index="2" bw="1" slack="0"/>
<pin id="729" dir="1" index="3" bw="8" slack="0"/>
</pin_list>
<bind>
<opcode="select(49) " fcode="select"/>
<opset="out_data_sroa_14142_0_0/1 "/>
</bind>
</comp>

<comp id="733" class="1004" name="empty_50_fu_733">
<pin_list>
<pin id="734" dir="0" index="0" bw="1" slack="0"/>
<pin id="735" dir="0" index="1" bw="2" slack="0"/>
<pin id="736" dir="0" index="2" bw="1" slack="0"/>
<pin id="737" dir="1" index="3" bw="2" slack="0"/>
</pin_list>
<bind>
<opcode="select(49) " fcode="select"/>
<opset="empty_50/1 "/>
</bind>
</comp>

<comp id="741" class="1004" name="icmp_ln51_5_fu_741">
<pin_list>
<pin id="742" dir="0" index="0" bw="37" slack="0"/>
<pin id="743" dir="0" index="1" bw="1" slack="0"/>
<pin id="744" dir="1" index="2" bw="1" slack="0"/>
</pin_list>
<bind>
<opcode="icmp(45) " fcode="icmp"/>
<opset="icmp_ln51_5/1 "/>
</bind>
</comp>

<comp id="747" class="1004" name="trunc_ln52_7_fu_747">
<pin_list>
<pin id="748" dir="0" index="0" bw="8" slack="0"/>
<pin id="749" dir="0" index="1" bw="666" slack="0"/>
<pin id="750" dir="0" index="2" bw="9" slack="0"/>
<pin id="751" dir="0" index="3" bw="9" slack="0"/>
<pin id="752" dir="1" index="4" bw="8" slack="0"/>
</pin_list>
<bind>
<opcode="partselect(1002) " fcode="partselect"/>
<opset="trunc_ln52_7/1 "/>
</bind>
</comp>

<comp id="757" class="1004" name="trunc_ln52_10_fu_757">
<pin_list>
<pin id="758" dir="0" index="0" bw="2" slack="0"/>
<pin id="759" dir="0" index="1" bw="666" slack="0"/>
<pin id="760" dir="0" index="2" bw="9" slack="0"/>
<pin id="761" dir="0" index="3" bw="9" slack="0"/>
<pin id="762" dir="1" index="4" bw="2" slack="0"/>
</pin_list>
<bind>
<opcode="partselect(1002) " fcode="partselect"/>
<opset="trunc_ln52_10/1 "/>
</bind>
</comp>

<comp id="767" class="1004" name="out_data_sroa_17146_0_0_fu_767">
<pin_list>
<pin id="768" dir="0" index="0" bw="1" slack="0"/>
<pin id="769" dir="0" index="1" bw="8" slack="0"/>
<pin id="770" dir="0" index="2" bw="1" slack="0"/>
<pin id="771" dir="1" index="3" bw="8" slack="0"/>
</pin_list>
<bind>
<opcode="select(49) " fcode="select"/>
<opset="out_data_sroa_17146_0_0/1 "/>
</bind>
</comp>

<comp id="775" class="1004" name="empty_51_fu_775">
<pin_list>
<pin id="776" dir="0" index="0" bw="1" slack="0"/>
<pin id="777" dir="0" index="1" bw="2" slack="0"/>
<pin id="778" dir="0" index="2" bw="1" slack="0"/>
<pin id="779" dir="1" index="3" bw="2" slack="0"/>
</pin_list>
<bind>
<opcode="select(49) " fcode="select"/>
<opset="empty_51/1 "/>
</bind>
</comp>

<comp id="783" class="1004" name="icmp_ln51_6_fu_783">
<pin_list>
<pin id="784" dir="0" index="0" bw="37" slack="0"/>
<pin id="785" dir="0" index="1" bw="1" slack="0"/>
<pin id="786" dir="1" index="2" bw="1" slack="0"/>
</pin_list>
<bind>
<opcode="icmp(45) " fcode="icmp"/>
<opset="icmp_ln51_6/1 "/>
</bind>
</comp>

<comp id="789" class="1004" name="trunc_ln52_11_fu_789">
<pin_list>
<pin id="790" dir="0" index="0" bw="8" slack="0"/>
<pin id="791" dir="0" index="1" bw="666" slack="0"/>
<pin id="792" dir="0" index="2" bw="9" slack="0"/>
<pin id="793" dir="0" index="3" bw="9" slack="0"/>
<pin id="794" dir="1" index="4" bw="8" slack="0"/>
</pin_list>
<bind>
<opcode="partselect(1002) " fcode="partselect"/>
<opset="trunc_ln52_11/1 "/>
</bind>
</comp>

<comp id="799" class="1004" name="trunc_ln52_12_fu_799">
<pin_list>
<pin id="800" dir="0" index="0" bw="2" slack="0"/>
<pin id="801" dir="0" index="1" bw="666" slack="0"/>
<pin id="802" dir="0" index="2" bw="9" slack="0"/>
<pin id="803" dir="0" index="3" bw="9" slack="0"/>
<pin id="804" dir="1" index="4" bw="2" slack="0"/>
</pin_list>
<bind>
<opcode="partselect(1002) " fcode="partselect"/>
<opset="trunc_ln52_12/1 "/>
</bind>
</comp>

<comp id="809" class="1004" name="out_data_sroa_20150_0_0_fu_809">
<pin_list>
<pin id="810" dir="0" index="0" bw="1" slack="0"/>
<pin id="811" dir="0" index="1" bw="8" slack="0"/>
<pin id="812" dir="0" index="2" bw="1" slack="0"/>
<pin id="813" dir="1" index="3" bw="8" slack="0"/>
</pin_list>
<bind>
<opcode="select(49) " fcode="select"/>
<opset="out_data_sroa_20150_0_0/1 "/>
</bind>
</comp>

<comp id="817" class="1004" name="empty_52_fu_817">
<pin_list>
<pin id="818" dir="0" index="0" bw="1" slack="0"/>
<pin id="819" dir="0" index="1" bw="2" slack="0"/>
<pin id="820" dir="0" index="2" bw="1" slack="0"/>
<pin id="821" dir="1" index="3" bw="2" slack="0"/>
</pin_list>
<bind>
<opcode="select(49) " fcode="select"/>
<opset="empty_52/1 "/>
</bind>
</comp>

<comp id="825" class="1004" name="icmp_ln51_7_fu_825">
<pin_list>
<pin id="826" dir="0" index="0" bw="37" slack="0"/>
<pin id="827" dir="0" index="1" bw="1" slack="0"/>
<pin id="828" dir="1" index="2" bw="1" slack="0"/>
</pin_list>
<bind>
<opcode="icmp(45) " fcode="icmp"/>
<opset="icmp_ln51_7/1 "/>
</bind>
</comp>

<comp id="831" class="1004" name="trunc_ln52_13_fu_831">
<pin_list>
<pin id="832" dir="0" index="0" bw="8" slack="0"/>
<pin id="833" dir="0" index="1" bw="666" slack="0"/>
<pin id="834" dir="0" index="2" bw="10" slack="0"/>
<pin id="835" dir="0" index="3" bw="10" slack="0"/>
<pin id="836" dir="1" index="4" bw="8" slack="0"/>
</pin_list>
<bind>
<opcode="partselect(1002) " fcode="partselect"/>
<opset="trunc_ln52_13/1 "/>
</bind>
</comp>

<comp id="841" class="1004" name="trunc_ln52_14_fu_841">
<pin_list>
<pin id="842" dir="0" index="0" bw="2" slack="0"/>
<pin id="843" dir="0" index="1" bw="666" slack="0"/>
<pin id="844" dir="0" index="2" bw="10" slack="0"/>
<pin id="845" dir="0" index="3" bw="10" slack="0"/>
<pin id="846" dir="1" index="4" bw="2" slack="0"/>
</pin_list>
<bind>
<opcode="partselect(1002) " fcode="partselect"/>
<opset="trunc_ln52_14/1 "/>
</bind>
</comp>

<comp id="851" class="1004" name="out_data_sroa_23154_0_0_fu_851">
<pin_list>
<pin id="852" dir="0" index="0" bw="1" slack="0"/>
<pin id="853" dir="0" index="1" bw="8" slack="0"/>
<pin id="854" dir="0" index="2" bw="1" slack="0"/>
<pin id="855" dir="1" index="3" bw="8" slack="0"/>
</pin_list>
<bind>
<opcode="select(49) " fcode="select"/>
<opset="out_data_sroa_23154_0_0/1 "/>
</bind>
</comp>

<comp id="859" class="1004" name="empty_53_fu_859">
<pin_list>
<pin id="860" dir="0" index="0" bw="1" slack="0"/>
<pin id="861" dir="0" index="1" bw="2" slack="0"/>
<pin id="862" dir="0" index="2" bw="1" slack="0"/>
<pin id="863" dir="1" index="3" bw="2" slack="0"/>
</pin_list>
<bind>
<opcode="select(49) " fcode="select"/>
<opset="empty_53/1 "/>
</bind>
</comp>

<comp id="867" class="1004" name="icmp_ln51_8_fu_867">
<pin_list>
<pin id="868" dir="0" index="0" bw="37" slack="0"/>
<pin id="869" dir="0" index="1" bw="1" slack="0"/>
<pin id="870" dir="1" index="2" bw="1" slack="0"/>
</pin_list>
<bind>
<opcode="icmp(45) " fcode="icmp"/>
<opset="icmp_ln51_8/1 "/>
</bind>
</comp>

<comp id="873" class="1004" name="trunc_ln52_15_fu_873">
<pin_list>
<pin id="874" dir="0" index="0" bw="8" slack="0"/>
<pin id="875" dir="0" index="1" bw="666" slack="0"/>
<pin id="876" dir="0" index="2" bw="10" slack="0"/>
<pin id="877" dir="0" index="3" bw="10" slack="0"/>
<pin id="878" dir="1" index="4" bw="8" slack="0"/>
</pin_list>
<bind>
<opcode="partselect(1002) " fcode="partselect"/>
<opset="trunc_ln52_15/1 "/>
</bind>
</comp>

<comp id="883" class="1004" name="trunc_ln52_16_fu_883">
<pin_list>
<pin id="884" dir="0" index="0" bw="2" slack="0"/>
<pin id="885" dir="0" index="1" bw="666" slack="0"/>
<pin id="886" dir="0" index="2" bw="10" slack="0"/>
<pin id="887" dir="0" index="3" bw="10" slack="0"/>
<pin id="888" dir="1" index="4" bw="2" slack="0"/>
</pin_list>
<bind>
<opcode="partselect(1002) " fcode="partselect"/>
<opset="trunc_ln52_16/1 "/>
</bind>
</comp>

<comp id="893" class="1004" name="out_data_sroa_26158_0_0_fu_893">
<pin_list>
<pin id="894" dir="0" index="0" bw="1" slack="0"/>
<pin id="895" dir="0" index="1" bw="8" slack="0"/>
<pin id="896" dir="0" index="2" bw="1" slack="0"/>
<pin id="897" dir="1" index="3" bw="8" slack="0"/>
</pin_list>
<bind>
<opcode="select(49) " fcode="select"/>
<opset="out_data_sroa_26158_0_0/1 "/>
</bind>
</comp>

<comp id="901" class="1004" name="empty_54_fu_901">
<pin_list>
<pin id="902" dir="0" index="0" bw="1" slack="0"/>
<pin id="903" dir="0" index="1" bw="2" slack="0"/>
<pin id="904" dir="0" index="2" bw="1" slack="0"/>
<pin id="905" dir="1" index="3" bw="2" slack="0"/>
</pin_list>
<bind>
<opcode="select(49) " fcode="select"/>
<opset="empty_54/1 "/>
</bind>
</comp>

<comp id="909" class="1004" name="icmp_ln51_9_fu_909">
<pin_list>
<pin id="910" dir="0" index="0" bw="37" slack="0"/>
<pin id="911" dir="0" index="1" bw="1" slack="0"/>
<pin id="912" dir="1" index="2" bw="1" slack="0"/>
</pin_list>
<bind>
<opcode="icmp(45) " fcode="icmp"/>
<opset="icmp_ln51_9/1 "/>
</bind>
</comp>

<comp id="915" class="1004" name="trunc_ln52_17_fu_915">
<pin_list>
<pin id="916" dir="0" index="0" bw="8" slack="0"/>
<pin id="917" dir="0" index="1" bw="666" slack="0"/>
<pin id="918" dir="0" index="2" bw="10" slack="0"/>
<pin id="919" dir="0" index="3" bw="10" slack="0"/>
<pin id="920" dir="1" index="4" bw="8" slack="0"/>
</pin_list>
<bind>
<opcode="partselect(1002) " fcode="partselect"/>
<opset="trunc_ln52_17/1 "/>
</bind>
</comp>

<comp id="925" class="1004" name="trunc_ln52_18_fu_925">
<pin_list>
<pin id="926" dir="0" index="0" bw="2" slack="0"/>
<pin id="927" dir="0" index="1" bw="666" slack="0"/>
<pin id="928" dir="0" index="2" bw="10" slack="0"/>
<pin id="929" dir="0" index="3" bw="10" slack="0"/>
<pin id="930" dir="1" index="4" bw="2" slack="0"/>
</pin_list>
<bind>
<opcode="partselect(1002) " fcode="partselect"/>
<opset="trunc_ln52_18/1 "/>
</bind>
</comp>

<comp id="935" class="1004" name="out_data_sroa_29162_0_0_fu_935">
<pin_list>
<pin id="936" dir="0" index="0" bw="1" slack="0"/>
<pin id="937" dir="0" index="1" bw="8" slack="0"/>
<pin id="938" dir="0" index="2" bw="1" slack="0"/>
<pin id="939" dir="1" index="3" bw="8" slack="0"/>
</pin_list>
<bind>
<opcode="select(49) " fcode="select"/>
<opset="out_data_sroa_29162_0_0/1 "/>
</bind>
</comp>

<comp id="943" class="1004" name="empty_55_fu_943">
<pin_list>
<pin id="944" dir="0" index="0" bw="1" slack="0"/>
<pin id="945" dir="0" index="1" bw="2" slack="0"/>
<pin id="946" dir="0" index="2" bw="1" slack="0"/>
<pin id="947" dir="1" index="3" bw="2" slack="0"/>
</pin_list>
<bind>
<opcode="select(49) " fcode="select"/>
<opset="empty_55/1 "/>
</bind>
</comp>

<comp id="951" class="1004" name="icmp_ln51_10_fu_951">
<pin_list>
<pin id="952" dir="0" index="0" bw="37" slack="0"/>
<pin id="953" dir="0" index="1" bw="1" slack="0"/>
<pin id="954" dir="1" index="2" bw="1" slack="0"/>
</pin_list>
<bind>
<opcode="icmp(45) " fcode="icmp"/>
<opset="icmp_ln51_10/1 "/>
</bind>
</comp>

<comp id="957" class="1004" name="trunc_ln52_19_fu_957">
<pin_list>
<pin id="958" dir="0" index="0" bw="8" slack="0"/>
<pin id="959" dir="0" index="1" bw="666" slack="0"/>
<pin id="960" dir="0" index="2" bw="10" slack="0"/>
<pin id="961" dir="0" index="3" bw="10" slack="0"/>
<pin id="962" dir="1" index="4" bw="8" slack="0"/>
</pin_list>
<bind>
<opcode="partselect(1002) " fcode="partselect"/>
<opset="trunc_ln52_19/1 "/>
</bind>
</comp>

<comp id="967" class="1004" name="trunc_ln52_20_fu_967">
<pin_list>
<pin id="968" dir="0" index="0" bw="2" slack="0"/>
<pin id="969" dir="0" index="1" bw="666" slack="0"/>
<pin id="970" dir="0" index="2" bw="10" slack="0"/>
<pin id="971" dir="0" index="3" bw="10" slack="0"/>
<pin id="972" dir="1" index="4" bw="2" slack="0"/>
</pin_list>
<bind>
<opcode="partselect(1002) " fcode="partselect"/>
<opset="trunc_ln52_20/1 "/>
</bind>
</comp>

<comp id="977" class="1004" name="out_data_sroa_32166_0_0_fu_977">
<pin_list>
<pin id="978" dir="0" index="0" bw="1" slack="0"/>
<pin id="979" dir="0" index="1" bw="8" slack="0"/>
<pin id="980" dir="0" index="2" bw="1" slack="0"/>
<pin id="981" dir="1" index="3" bw="8" slack="0"/>
</pin_list>
<bind>
<opcode="select(49) " fcode="select"/>
<opset="out_data_sroa_32166_0_0/1 "/>
</bind>
</comp>

<comp id="985" class="1004" name="empty_56_fu_985">
<pin_list>
<pin id="986" dir="0" index="0" bw="1" slack="0"/>
<pin id="987" dir="0" index="1" bw="2" slack="0"/>
<pin id="988" dir="0" index="2" bw="1" slack="0"/>
<pin id="989" dir="1" index="3" bw="2" slack="0"/>
</pin_list>
<bind>
<opcode="select(49) " fcode="select"/>
<opset="empty_56/1 "/>
</bind>
</comp>

<comp id="993" class="1004" name="icmp_ln51_11_fu_993">
<pin_list>
<pin id="994" dir="0" index="0" bw="37" slack="0"/>
<pin id="995" dir="0" index="1" bw="1" slack="0"/>
<pin id="996" dir="1" index="2" bw="1" slack="0"/>
</pin_list>
<bind>
<opcode="icmp(45) " fcode="icmp"/>
<opset="icmp_ln51_11/1 "/>
</bind>
</comp>

<comp id="999" class="1004" name="trunc_ln52_21_fu_999">
<pin_list>
<pin id="1000" dir="0" index="0" bw="8" slack="0"/>
<pin id="1001" dir="0" index="1" bw="666" slack="0"/>
<pin id="1002" dir="0" index="2" bw="10" slack="0"/>
<pin id="1003" dir="0" index="3" bw="10" slack="0"/>
<pin id="1004" dir="1" index="4" bw="8" slack="0"/>
</pin_list>
<bind>
<opcode="partselect(1002) " fcode="partselect"/>
<opset="trunc_ln52_21/1 "/>
</bind>
</comp>

<comp id="1009" class="1004" name="trunc_ln52_22_fu_1009">
<pin_list>
<pin id="1010" dir="0" index="0" bw="2" slack="0"/>
<pin id="1011" dir="0" index="1" bw="666" slack="0"/>
<pin id="1012" dir="0" index="2" bw="10" slack="0"/>
<pin id="1013" dir="0" index="3" bw="10" slack="0"/>
<pin id="1014" dir="1" index="4" bw="2" slack="0"/>
</pin_list>
<bind>
<opcode="partselect(1002) " fcode="partselect"/>
<opset="trunc_ln52_22/1 "/>
</bind>
</comp>

<comp id="1019" class="1004" name="out_data_sroa_35170_0_0_fu_1019">
<pin_list>
<pin id="1020" dir="0" index="0" bw="1" slack="0"/>
<pin id="1021" dir="0" index="1" bw="8" slack="0"/>
<pin id="1022" dir="0" index="2" bw="1" slack="0"/>
<pin id="1023" dir="1" index="3" bw="8" slack="0"/>
</pin_list>
<bind>
<opcode="select(49) " fcode="select"/>
<opset="out_data_sroa_35170_0_0/1 "/>
</bind>
</comp>

<comp id="1027" class="1004" name="empty_57_fu_1027">
<pin_list>
<pin id="1028" dir="0" index="0" bw="1" slack="0"/>
<pin id="1029" dir="0" index="1" bw="2" slack="0"/>
<pin id="1030" dir="0" index="2" bw="1" slack="0"/>
<pin id="1031" dir="1" index="3" bw="2" slack="0"/>
</pin_list>
<bind>
<opcode="select(49) " fcode="select"/>
<opset="empty_57/1 "/>
</bind>
</comp>

<comp id="1035" class="1004" name="icmp_ln51_12_fu_1035">
<pin_list>
<pin id="1036" dir="0" index="0" bw="37" slack="0"/>
<pin id="1037" dir="0" index="1" bw="1" slack="0"/>
<pin id="1038" dir="1" index="2" bw="1" slack="0"/>
</pin_list>
<bind>
<opcode="icmp(45) " fcode="icmp"/>
<opset="icmp_ln51_12/1 "/>
</bind>
</comp>

<comp id="1041" class="1004" name="trunc_ln52_23_fu_1041">
<pin_list>
<pin id="1042" dir="0" index="0" bw="8" slack="0"/>
<pin id="1043" dir="0" index="1" bw="666" slack="0"/>
<pin id="1044" dir="0" index="2" bw="10" slack="0"/>
<pin id="1045" dir="0" index="3" bw="10" slack="0"/>
<pin id="1046" dir="1" index="4" bw="8" slack="0"/>
</pin_list>
<bind>
<opcode="partselect(1002) " fcode="partselect"/>
<opset="trunc_ln52_23/1 "/>
</bind>
</comp>

<comp id="1051" class="1004" name="trunc_ln52_24_fu_1051">
<pin_list>
<pin id="1052" dir="0" index="0" bw="2" slack="0"/>
<pin id="1053" dir="0" index="1" bw="666" slack="0"/>
<pin id="1054" dir="0" index="2" bw="10" slack="0"/>
<pin id="1055" dir="0" index="3" bw="10" slack="0"/>
<pin id="1056" dir="1" index="4" bw="2" slack="0"/>
</pin_list>
<bind>
<opcode="partselect(1002) " fcode="partselect"/>
<opset="trunc_ln52_24/1 "/>
</bind>
</comp>

<comp id="1061" class="1004" name="out_data_sroa_38174_0_0_fu_1061">
<pin_list>
<pin id="1062" dir="0" index="0" bw="1" slack="0"/>
<pin id="1063" dir="0" index="1" bw="8" slack="0"/>
<pin id="1064" dir="0" index="2" bw="1" slack="0"/>
<pin id="1065" dir="1" index="3" bw="8" slack="0"/>
</pin_list>
<bind>
<opcode="select(49) " fcode="select"/>
<opset="out_data_sroa_38174_0_0/1 "/>
</bind>
</comp>

<comp id="1069" class="1004" name="empty_58_fu_1069">
<pin_list>
<pin id="1070" dir="0" index="0" bw="1" slack="0"/>
<pin id="1071" dir="0" index="1" bw="2" slack="0"/>
<pin id="1072" dir="0" index="2" bw="1" slack="0"/>
<pin id="1073" dir="1" index="3" bw="2" slack="0"/>
</pin_list>
<bind>
<opcode="select(49) " fcode="select"/>
<opset="empty_58/1 "/>
</bind>
</comp>

<comp id="1077" class="1004" name="icmp_ln51_13_fu_1077">
<pin_list>
<pin id="1078" dir="0" index="0" bw="37" slack="0"/>
<pin id="1079" dir="0" index="1" bw="1" slack="0"/>
<pin id="1080" dir="1" index="2" bw="1" slack="0"/>
</pin_list>
<bind>
<opcode="icmp(45) " fcode="icmp"/>
<opset="icmp_ln51_13/1 "/>
</bind>
</comp>

<comp id="1083" class="1004" name="trunc_ln52_25_fu_1083">
<pin_list>
<pin id="1084" dir="0" index="0" bw="8" slack="0"/>
<pin id="1085" dir="0" index="1" bw="666" slack="0"/>
<pin id="1086" dir="0" index="2" bw="10" slack="0"/>
<pin id="1087" dir="0" index="3" bw="10" slack="0"/>
<pin id="1088" dir="1" index="4" bw="8" slack="0"/>
</pin_list>
<bind>
<opcode="partselect(1002) " fcode="partselect"/>
<opset="trunc_ln52_25/1 "/>
</bind>
</comp>

<comp id="1093" class="1004" name="trunc_ln52_26_fu_1093">
<pin_list>
<pin id="1094" dir="0" index="0" bw="2" slack="0"/>
<pin id="1095" dir="0" index="1" bw="666" slack="0"/>
<pin id="1096" dir="0" index="2" bw="10" slack="0"/>
<pin id="1097" dir="0" index="3" bw="10" slack="0"/>
<pin id="1098" dir="1" index="4" bw="2" slack="0"/>
</pin_list>
<bind>
<opcode="partselect(1002) " fcode="partselect"/>
<opset="trunc_ln52_26/1 "/>
</bind>
</comp>

<comp id="1103" class="1004" name="out_data_sroa_41178_0_0_fu_1103">
<pin_list>
<pin id="1104" dir="0" index="0" bw="1" slack="0"/>
<pin id="1105" dir="0" index="1" bw="8" slack="0"/>
<pin id="1106" dir="0" index="2" bw="1" slack="0"/>
<pin id="1107" dir="1" index="3" bw="8" slack="0"/>
</pin_list>
<bind>
<opcode="select(49) " fcode="select"/>
<opset="out_data_sroa_41178_0_0/1 "/>
</bind>
</comp>

<comp id="1111" class="1004" name="empty_59_fu_1111">
<pin_list>
<pin id="1112" dir="0" index="0" bw="1" slack="0"/>
<pin id="1113" dir="0" index="1" bw="2" slack="0"/>
<pin id="1114" dir="0" index="2" bw="1" slack="0"/>
<pin id="1115" dir="1" index="3" bw="2" slack="0"/>
</pin_list>
<bind>
<opcode="select(49) " fcode="select"/>
<opset="empty_59/1 "/>
</bind>
</comp>

<comp id="1119" class="1004" name="icmp_ln51_14_fu_1119">
<pin_list>
<pin id="1120" dir="0" index="0" bw="37" slack="0"/>
<pin id="1121" dir="0" index="1" bw="1" slack="0"/>
<pin id="1122" dir="1" index="2" bw="1" slack="0"/>
</pin_list>
<bind>
<opcode="icmp(45) " fcode="icmp"/>
<opset="icmp_ln51_14/1 "/>
</bind>
</comp>

<comp id="1125" class="1004" name="trunc_ln52_27_fu_1125">
<pin_list>
<pin id="1126" dir="0" index="0" bw="8" slack="0"/>
<pin id="1127" dir="0" index="1" bw="666" slack="0"/>
<pin id="1128" dir="0" index="2" bw="11" slack="0"/>
<pin id="1129" dir="0" index="3" bw="11" slack="0"/>
<pin id="1130" dir="1" index="4" bw="8" slack="0"/>
</pin_list>
<bind>
<opcode="partselect(1002) " fcode="partselect"/>
<opset="trunc_ln52_27/1 "/>
</bind>
</comp>

<comp id="1135" class="1004" name="trunc_ln52_28_fu_1135">
<pin_list>
<pin id="1136" dir="0" index="0" bw="2" slack="0"/>
<pin id="1137" dir="0" index="1" bw="666" slack="0"/>
<pin id="1138" dir="0" index="2" bw="11" slack="0"/>
<pin id="1139" dir="0" index="3" bw="11" slack="0"/>
<pin id="1140" dir="1" index="4" bw="2" slack="0"/>
</pin_list>
<bind>
<opcode="partselect(1002) " fcode="partselect"/>
<opset="trunc_ln52_28/1 "/>
</bind>
</comp>

<comp id="1145" class="1004" name="out_data_sroa_44182_0_0_fu_1145">
<pin_list>
<pin id="1146" dir="0" index="0" bw="1" slack="0"/>
<pin id="1147" dir="0" index="1" bw="8" slack="0"/>
<pin id="1148" dir="0" index="2" bw="1" slack="0"/>
<pin id="1149" dir="1" index="3" bw="8" slack="0"/>
</pin_list>
<bind>
<opcode="select(49) " fcode="select"/>
<opset="out_data_sroa_44182_0_0/1 "/>
</bind>
</comp>

<comp id="1153" class="1004" name="empty_60_fu_1153">
<pin_list>
<pin id="1154" dir="0" index="0" bw="1" slack="0"/>
<pin id="1155" dir="0" index="1" bw="2" slack="0"/>
<pin id="1156" dir="0" index="2" bw="1" slack="0"/>
<pin id="1157" dir="1" index="3" bw="2" slack="0"/>
</pin_list>
<bind>
<opcode="select(49) " fcode="select"/>
<opset="empty_60/1 "/>
</bind>
</comp>

<comp id="1161" class="1004" name="icmp_ln51_15_fu_1161">
<pin_list>
<pin id="1162" dir="0" index="0" bw="37" slack="0"/>
<pin id="1163" dir="0" index="1" bw="1" slack="0"/>
<pin id="1164" dir="1" index="2" bw="1" slack="0"/>
</pin_list>
<bind>
<opcode="icmp(45) " fcode="icmp"/>
<opset="icmp_ln51_15/1 "/>
</bind>
</comp>

<comp id="1167" class="1004" name="trunc_ln52_29_fu_1167">
<pin_list>
<pin id="1168" dir="0" index="0" bw="8" slack="0"/>
<pin id="1169" dir="0" index="1" bw="666" slack="0"/>
<pin id="1170" dir="0" index="2" bw="11" slack="0"/>
<pin id="1171" dir="0" index="3" bw="11" slack="0"/>
<pin id="1172" dir="1" index="4" bw="8" slack="0"/>
</pin_list>
<bind>
<opcode="partselect(1002) " fcode="partselect"/>
<opset="trunc_ln52_29/1 "/>
</bind>
</comp>

<comp id="1177" class="1004" name="trunc_ln52_30_fu_1177">
<pin_list>
<pin id="1178" dir="0" index="0" bw="2" slack="0"/>
<pin id="1179" dir="0" index="1" bw="666" slack="0"/>
<pin id="1180" dir="0" index="2" bw="11" slack="0"/>
<pin id="1181" dir="0" index="3" bw="11" slack="0"/>
<pin id="1182" dir="1" index="4" bw="2" slack="0"/>
</pin_list>
<bind>
<opcode="partselect(1002) " fcode="partselect"/>
<opset="trunc_ln52_30/1 "/>
</bind>
</comp>

<comp id="1187" class="1004" name="out_data_sroa_47186_0_0_fu_1187">
<pin_list>
<pin id="1188" dir="0" index="0" bw="1" slack="0"/>
<pin id="1189" dir="0" index="1" bw="8" slack="0"/>
<pin id="1190" dir="0" index="2" bw="1" slack="0"/>
<pin id="1191" dir="1" index="3" bw="8" slack="0"/>
</pin_list>
<bind>
<opcode="select(49) " fcode="select"/>
<opset="out_data_sroa_47186_0_0/1 "/>
</bind>
</comp>

<comp id="1195" class="1004" name="empty_61_fu_1195">
<pin_list>
<pin id="1196" dir="0" index="0" bw="1" slack="0"/>
<pin id="1197" dir="0" index="1" bw="2" slack="0"/>
<pin id="1198" dir="0" index="2" bw="1" slack="0"/>
<pin id="1199" dir="1" index="3" bw="2" slack="0"/>
</pin_list>
<bind>
<opcode="select(49) " fcode="select"/>
<opset="empty_61/1 "/>
</bind>
</comp>

<comp id="1203" class="1004" name="icmp_ln51_16_fu_1203">
<pin_list>
<pin id="1204" dir="0" index="0" bw="37" slack="0"/>
<pin id="1205" dir="0" index="1" bw="1" slack="0"/>
<pin id="1206" dir="1" index="2" bw="1" slack="0"/>
</pin_list>
<bind>
<opcode="icmp(45) " fcode="icmp"/>
<opset="icmp_ln51_16/1 "/>
</bind>
</comp>

<comp id="1209" class="1004" name="trunc_ln52_31_fu_1209">
<pin_list>
<pin id="1210" dir="0" index="0" bw="8" slack="0"/>
<pin id="1211" dir="0" index="1" bw="666" slack="0"/>
<pin id="1212" dir="0" index="2" bw="11" slack="0"/>
<pin id="1213" dir="0" index="3" bw="11" slack="0"/>
<pin id="1214" dir="1" index="4" bw="8" slack="0"/>
</pin_list>
<bind>
<opcode="partselect(1002) " fcode="partselect"/>
<opset="trunc_ln52_31/1 "/>
</bind>
</comp>

<comp id="1219" class="1004" name="trunc_ln52_32_fu_1219">
<pin_list>
<pin id="1220" dir="0" index="0" bw="2" slack="0"/>
<pin id="1221" dir="0" index="1" bw="666" slack="0"/>
<pin id="1222" dir="0" index="2" bw="11" slack="0"/>
<pin id="1223" dir="0" index="3" bw="11" slack="0"/>
<pin id="1224" dir="1" index="4" bw="2" slack="0"/>
</pin_list>
<bind>
<opcode="partselect(1002) " fcode="partselect"/>
<opset="trunc_ln52_32/1 "/>
</bind>
</comp>

<comp id="1229" class="1004" name="out_data_sroa_50190_0_0_fu_1229">
<pin_list>
<pin id="1230" dir="0" index="0" bw="1" slack="0"/>
<pin id="1231" dir="0" index="1" bw="8" slack="0"/>
<pin id="1232" dir="0" index="2" bw="1" slack="0"/>
<pin id="1233" dir="1" index="3" bw="8" slack="0"/>
</pin_list>
<bind>
<opcode="select(49) " fcode="select"/>
<opset="out_data_sroa_50190_0_0/1 "/>
</bind>
</comp>

<comp id="1237" class="1004" name="empty_62_fu_1237">
<pin_list>
<pin id="1238" dir="0" index="0" bw="1" slack="0"/>
<pin id="1239" dir="0" index="1" bw="2" slack="0"/>
<pin id="1240" dir="0" index="2" bw="1" slack="0"/>
<pin id="1241" dir="1" index="3" bw="2" slack="0"/>
</pin_list>
<bind>
<opcode="select(49) " fcode="select"/>
<opset="empty_62/1 "/>
</bind>
</comp>

<comp id="1245" class="1004" name="icmp_ln51_17_fu_1245">
<pin_list>
<pin id="1246" dir="0" index="0" bw="37" slack="0"/>
<pin id="1247" dir="0" index="1" bw="1" slack="0"/>
<pin id="1248" dir="1" index="2" bw="1" slack="0"/>
</pin_list>
<bind>
<opcode="icmp(45) " fcode="icmp"/>
<opset="icmp_ln51_17/1 "/>
</bind>
</comp>

<comp id="1251" class="1004" name="trunc_ln52_33_fu_1251">
<pin_list>
<pin id="1252" dir="0" index="0" bw="8" slack="0"/>
<pin id="1253" dir="0" index="1" bw="666" slack="0"/>
<pin id="1254" dir="0" index="2" bw="11" slack="0"/>
<pin id="1255" dir="0" index="3" bw="11" slack="0"/>
<pin id="1256" dir="1" index="4" bw="8" slack="0"/>
</pin_list>
<bind>
<opcode="partselect(1002) " fcode="partselect"/>
<opset="trunc_ln52_33/1 "/>
</bind>
</comp>

<comp id="1261" class="1004" name="trunc_ln52_34_fu_1261">
<pin_list>
<pin id="1262" dir="0" index="0" bw="2" slack="0"/>
<pin id="1263" dir="0" index="1" bw="666" slack="0"/>
<pin id="1264" dir="0" index="2" bw="11" slack="0"/>
<pin id="1265" dir="0" index="3" bw="11" slack="0"/>
<pin id="1266" dir="1" index="4" bw="2" slack="0"/>
</pin_list>
<bind>
<opcode="partselect(1002) " fcode="partselect"/>
<opset="trunc_ln52_34/1 "/>
</bind>
</comp>

<comp id="1271" class="1004" name="out_data_sroa_53194_0_0_fu_1271">
<pin_list>
<pin id="1272" dir="0" index="0" bw="1" slack="0"/>
<pin id="1273" dir="0" index="1" bw="8" slack="0"/>
<pin id="1274" dir="0" index="2" bw="1" slack="0"/>
<pin id="1275" dir="1" index="3" bw="8" slack="0"/>
</pin_list>
<bind>
<opcode="select(49) " fcode="select"/>
<opset="out_data_sroa_53194_0_0/1 "/>
</bind>
</comp>

<comp id="1279" class="1004" name="storemerge_fu_1279">
<pin_list>
<pin id="1280" dir="0" index="0" bw="1" slack="0"/>
<pin id="1281" dir="0" index="1" bw="2" slack="0"/>
<pin id="1282" dir="0" index="2" bw="1" slack="0"/>
<pin id="1283" dir="1" index="3" bw="2" slack="0"/>
</pin_list>
<bind>
<opcode="select(49) " fcode="select"/>
<opset="storemerge/1 "/>
</bind>
</comp>

<comp id="1287" class="1004" name="tmp_fu_1287">
<pin_list>
<pin id="1288" dir="0" index="0" bw="8" slack="0"/>
<pin id="1289" dir="0" index="1" bw="666" slack="0"/>
<pin id="1290" dir="0" index="2" bw="11" slack="0"/>
<pin id="1291" dir="0" index="3" bw="11" slack="0"/>
<pin id="1292" dir="1" index="4" bw="8" slack="0"/>
</pin_list>
<bind>
<opcode="partselect(1002) " fcode="partselect"/>
<opset="tmp/1 "/>
</bind>
</comp>

<comp id="1297" class="1004" name="empty_63_fu_1297">
<pin_list>
<pin id="1298" dir="0" index="0" bw="1" slack="0"/>
<pin id="1299" dir="0" index="1" bw="8" slack="0"/>
<pin id="1300" dir="0" index="2" bw="1" slack="0"/>
<pin id="1301" dir="1" index="3" bw="8" slack="0"/>
</pin_list>
<bind>
<opcode="select(49) " fcode="select"/>
<opset="empty_63/1 "/>
</bind>
</comp>

<comp id="1305" class="1004" name="tmp_1_fu_1305">
<pin_list>
<pin id="1306" dir="0" index="0" bw="8" slack="0"/>
<pin id="1307" dir="0" index="1" bw="666" slack="0"/>
<pin id="1308" dir="0" index="2" bw="11" slack="0"/>
<pin id="1309" dir="0" index="3" bw="11" slack="0"/>
<pin id="1310" dir="1" index="4" bw="8" slack="0"/>
</pin_list>
<bind>
<opcode="partselect(1002) " fcode="partselect"/>
<opset="tmp_1/1 "/>
</bind>
</comp>

<comp id="1315" class="1004" name="empty_64_fu_1315">
<pin_list>
<pin id="1316" dir="0" index="0" bw="1" slack="0"/>
<pin id="1317" dir="0" index="1" bw="8" slack="0"/>
<pin id="1318" dir="0" index="2" bw="1" slack="0"/>
<pin id="1319" dir="1" index="3" bw="8" slack="0"/>
</pin_list>
<bind>
<opcode="select(49) " fcode="select"/>
<opset="empty_64/1 "/>
</bind>
</comp>

<comp id="1323" class="1004" name="tmp_2_fu_1323">
<pin_list>
<pin id="1324" dir="0" index="0" bw="8" slack="0"/>
<pin id="1325" dir="0" index="1" bw="666" slack="0"/>
<pin id="1326" dir="0" index="2" bw="11" slack="0"/>
<pin id="1327" dir="0" index="3" bw="11" slack="0"/>
<pin id="1328" dir="1" index="4" bw="8" slack="0"/>
</pin_list>
<bind>
<opcode="partselect(1002) " fcode="partselect"/>
<opset="tmp_2/1 "/>
</bind>
</comp>

<comp id="1333" class="1004" name="empty_65_fu_1333">
<pin_list>
<pin id="1334" dir="0" index="0" bw="1" slack="0"/>
<pin id="1335" dir="0" index="1" bw="8" slack="0"/>
<pin id="1336" dir="0" index="2" bw="1" slack="0"/>
<pin id="1337" dir="1" index="3" bw="8" slack="0"/>
</pin_list>
<bind>
<opcode="select(49) " fcode="select"/>
<opset="empty_65/1 "/>
</bind>
</comp>

<comp id="1341" class="1004" name="tmp_3_fu_1341">
<pin_list>
<pin id="1342" dir="0" index="0" bw="8" slack="0"/>
<pin id="1343" dir="0" index="1" bw="666" slack="0"/>
<pin id="1344" dir="0" index="2" bw="11" slack="0"/>
<pin id="1345" dir="0" index="3" bw="11" slack="0"/>
<pin id="1346" dir="1" index="4" bw="8" slack="0"/>
</pin_list>
<bind>
<opcode="partselect(1002) " fcode="partselect"/>
<opset="tmp_3/1 "/>
</bind>
</comp>

<comp id="1351" class="1004" name="empty_66_fu_1351">
<pin_list>
<pin id="1352" dir="0" index="0" bw="1" slack="0"/>
<pin id="1353" dir="0" index="1" bw="8" slack="0"/>
<pin id="1354" dir="0" index="2" bw="1" slack="0"/>
<pin id="1355" dir="1" index="3" bw="8" slack="0"/>
</pin_list>
<bind>
<opcode="select(49) " fcode="select"/>
<opset="empty_66/1 "/>
</bind>
</comp>

<comp id="1359" class="1004" name="tmp_4_fu_1359">
<pin_list>
<pin id="1360" dir="0" index="0" bw="8" slack="0"/>
<pin id="1361" dir="0" index="1" bw="666" slack="0"/>
<pin id="1362" dir="0" index="2" bw="10" slack="0"/>
<pin id="1363" dir="0" index="3" bw="10" slack="0"/>
<pin id="1364" dir="1" index="4" bw="8" slack="0"/>
</pin_list>
<bind>
<opcode="partselect(1002) " fcode="partselect"/>
<opset="tmp_4/1 "/>
</bind>
</comp>

<comp id="1369" class="1004" name="empty_67_fu_1369">
<pin_list>
<pin id="1370" dir="0" index="0" bw="1" slack="0"/>
<pin id="1371" dir="0" index="1" bw="8" slack="0"/>
<pin id="1372" dir="0" index="2" bw="1" slack="0"/>
<pin id="1373" dir="1" index="3" bw="8" slack="0"/>
</pin_list>
<bind>
<opcode="select(49) " fcode="select"/>
<opset="empty_67/1 "/>
</bind>
</comp>

<comp id="1377" class="1004" name="tmp_5_fu_1377">
<pin_list>
<pin id="1378" dir="0" index="0" bw="8" slack="0"/>
<pin id="1379" dir="0" index="1" bw="666" slack="0"/>
<pin id="1380" dir="0" index="2" bw="10" slack="0"/>
<pin id="1381" dir="0" index="3" bw="10" slack="0"/>
<pin id="1382" dir="1" index="4" bw="8" slack="0"/>
</pin_list>
<bind>
<opcode="partselect(1002) " fcode="partselect"/>
<opset="tmp_5/1 "/>
</bind>
</comp>

<comp id="1387" class="1004" name="empty_68_fu_1387">
<pin_list>
<pin id="1388" dir="0" index="0" bw="1" slack="0"/>
<pin id="1389" dir="0" index="1" bw="8" slack="0"/>
<pin id="1390" dir="0" index="2" bw="1" slack="0"/>
<pin id="1391" dir="1" index="3" bw="8" slack="0"/>
</pin_list>
<bind>
<opcode="select(49) " fcode="select"/>
<opset="empty_68/1 "/>
</bind>
</comp>

<comp id="1395" class="1004" name="tmp_6_fu_1395">
<pin_list>
<pin id="1396" dir="0" index="0" bw="8" slack="0"/>
<pin id="1397" dir="0" index="1" bw="666" slack="0"/>
<pin id="1398" dir="0" index="2" bw="10" slack="0"/>
<pin id="1399" dir="0" index="3" bw="10" slack="0"/>
<pin id="1400" dir="1" index="4" bw="8" slack="0"/>
</pin_list>
<bind>
<opcode="partselect(1002) " fcode="partselect"/>
<opset="tmp_6/1 "/>
</bind>
</comp>

<comp id="1405" class="1004" name="empty_69_fu_1405">
<pin_list>
<pin id="1406" dir="0" index="0" bw="1" slack="0"/>
<pin id="1407" dir="0" index="1" bw="8" slack="0"/>
<pin id="1408" dir="0" index="2" bw="1" slack="0"/>
<pin id="1409" dir="1" index="3" bw="8" slack="0"/>
</pin_list>
<bind>
<opcode="select(49) " fcode="select"/>
<opset="empty_69/1 "/>
</bind>
</comp>

<comp id="1413" class="1004" name="tmp_7_fu_1413">
<pin_list>
<pin id="1414" dir="0" index="0" bw="8" slack="0"/>
<pin id="1415" dir="0" index="1" bw="666" slack="0"/>
<pin id="1416" dir="0" index="2" bw="10" slack="0"/>
<pin id="1417" dir="0" index="3" bw="10" slack="0"/>
<pin id="1418" dir="1" index="4" bw="8" slack="0"/>
</pin_list>
<bind>
<opcode="partselect(1002) " fcode="partselect"/>
<opset="tmp_7/1 "/>
</bind>
</comp>

<comp id="1423" class="1004" name="empty_70_fu_1423">
<pin_list>
<pin id="1424" dir="0" index="0" bw="1" slack="0"/>
<pin id="1425" dir="0" index="1" bw="8" slack="0"/>
<pin id="1426" dir="0" index="2" bw="1" slack="0"/>
<pin id="1427" dir="1" index="3" bw="8" slack="0"/>
</pin_list>
<bind>
<opcode="select(49) " fcode="select"/>
<opset="empty_70/1 "/>
</bind>
</comp>

<comp id="1431" class="1004" name="tmp_8_fu_1431">
<pin_list>
<pin id="1432" dir="0" index="0" bw="8" slack="0"/>
<pin id="1433" dir="0" index="1" bw="666" slack="0"/>
<pin id="1434" dir="0" index="2" bw="10" slack="0"/>
<pin id="1435" dir="0" index="3" bw="10" slack="0"/>
<pin id="1436" dir="1" index="4" bw="8" slack="0"/>
</pin_list>
<bind>
<opcode="partselect(1002) " fcode="partselect"/>
<opset="tmp_8/1 "/>
</bind>
</comp>

<comp id="1441" class="1004" name="empty_71_fu_1441">
<pin_list>
<pin id="1442" dir="0" index="0" bw="1" slack="0"/>
<pin id="1443" dir="0" index="1" bw="8" slack="0"/>
<pin id="1444" dir="0" index="2" bw="1" slack="0"/>
<pin id="1445" dir="1" index="3" bw="8" slack="0"/>
</pin_list>
<bind>
<opcode="select(49) " fcode="select"/>
<opset="empty_71/1 "/>
</bind>
</comp>

<comp id="1449" class="1004" name="tmp_9_fu_1449">
<pin_list>
<pin id="1450" dir="0" index="0" bw="8" slack="0"/>
<pin id="1451" dir="0" index="1" bw="666" slack="0"/>
<pin id="1452" dir="0" index="2" bw="10" slack="0"/>
<pin id="1453" dir="0" index="3" bw="10" slack="0"/>
<pin id="1454" dir="1" index="4" bw="8" slack="0"/>
</pin_list>
<bind>
<opcode="partselect(1002) " fcode="partselect"/>
<opset="tmp_9/1 "/>
</bind>
</comp>

<comp id="1459" class="1004" name="empty_72_fu_1459">
<pin_list>
<pin id="1460" dir="0" index="0" bw="1" slack="0"/>
<pin id="1461" dir="0" index="1" bw="8" slack="0"/>
<pin id="1462" dir="0" index="2" bw="1" slack="0"/>
<pin id="1463" dir="1" index="3" bw="8" slack="0"/>
</pin_list>
<bind>
<opcode="select(49) " fcode="select"/>
<opset="empty_72/1 "/>
</bind>
</comp>

<comp id="1467" class="1004" name="tmp_s_fu_1467">
<pin_list>
<pin id="1468" dir="0" index="0" bw="8" slack="0"/>
<pin id="1469" dir="0" index="1" bw="666" slack="0"/>
<pin id="1470" dir="0" index="2" bw="10" slack="0"/>
<pin id="1471" dir="0" index="3" bw="10" slack="0"/>
<pin id="1472" dir="1" index="4" bw="8" slack="0"/>
</pin_list>
<bind>
<opcode="partselect(1002) " fcode="partselect"/>
<opset="tmp_s/1 "/>
</bind>
</comp>

<comp id="1477" class="1004" name="empty_73_fu_1477">
<pin_list>
<pin id="1478" dir="0" index="0" bw="1" slack="0"/>
<pin id="1479" dir="0" index="1" bw="8" slack="0"/>
<pin id="1480" dir="0" index="2" bw="1" slack="0"/>
<pin id="1481" dir="1" index="3" bw="8" slack="0"/>
</pin_list>
<bind>
<opcode="select(49) " fcode="select"/>
<opset="empty_73/1 "/>
</bind>
</comp>

<comp id="1485" class="1004" name="tmp_10_fu_1485">
<pin_list>
<pin id="1486" dir="0" index="0" bw="8" slack="0"/>
<pin id="1487" dir="0" index="1" bw="666" slack="0"/>
<pin id="1488" dir="0" index="2" bw="9" slack="0"/>
<pin id="1489" dir="0" index="3" bw="9" slack="0"/>
<pin id="1490" dir="1" index="4" bw="8" slack="0"/>
</pin_list>
<bind>
<opcode="partselect(1002) " fcode="partselect"/>
<opset="tmp_10/1 "/>
</bind>
</comp>

<comp id="1495" class="1004" name="empty_74_fu_1495">
<pin_list>
<pin id="1496" dir="0" index="0" bw="1" slack="0"/>
<pin id="1497" dir="0" index="1" bw="8" slack="0"/>
<pin id="1498" dir="0" index="2" bw="1" slack="0"/>
<pin id="1499" dir="1" index="3" bw="8" slack="0"/>
</pin_list>
<bind>
<opcode="select(49) " fcode="select"/>
<opset="empty_74/1 "/>
</bind>
</comp>

<comp id="1503" class="1004" name="tmp_11_fu_1503">
<pin_list>
<pin id="1504" dir="0" index="0" bw="8" slack="0"/>
<pin id="1505" dir="0" index="1" bw="666" slack="0"/>
<pin id="1506" dir="0" index="2" bw="9" slack="0"/>
<pin id="1507" dir="0" index="3" bw="9" slack="0"/>
<pin id="1508" dir="1" index="4" bw="8" slack="0"/>
</pin_list>
<bind>
<opcode="partselect(1002) " fcode="partselect"/>
<opset="tmp_11/1 "/>
</bind>
</comp>

<comp id="1513" class="1004" name="empty_75_fu_1513">
<pin_list>
<pin id="1514" dir="0" index="0" bw="1" slack="0"/>
<pin id="1515" dir="0" index="1" bw="8" slack="0"/>
<pin id="1516" dir="0" index="2" bw="1" slack="0"/>
<pin id="1517" dir="1" index="3" bw="8" slack="0"/>
</pin_list>
<bind>
<opcode="select(49) " fcode="select"/>
<opset="empty_75/1 "/>
</bind>
</comp>

<comp id="1521" class="1004" name="tmp_12_fu_1521">
<pin_list>
<pin id="1522" dir="0" index="0" bw="8" slack="0"/>
<pin id="1523" dir="0" index="1" bw="666" slack="0"/>
<pin id="1524" dir="0" index="2" bw="9" slack="0"/>
<pin id="1525" dir="0" index="3" bw="9" slack="0"/>
<pin id="1526" dir="1" index="4" bw="8" slack="0"/>
</pin_list>
<bind>
<opcode="partselect(1002) " fcode="partselect"/>
<opset="tmp_12/1 "/>
</bind>
</comp>

<comp id="1531" class="1004" name="empty_76_fu_1531">
<pin_list>
<pin id="1532" dir="0" index="0" bw="1" slack="0"/>
<pin id="1533" dir="0" index="1" bw="8" slack="0"/>
<pin id="1534" dir="0" index="2" bw="1" slack="0"/>
<pin id="1535" dir="1" index="3" bw="8" slack="0"/>
</pin_list>
<bind>
<opcode="select(49) " fcode="select"/>
<opset="empty_76/1 "/>
</bind>
</comp>

<comp id="1539" class="1004" name="tmp_13_fu_1539">
<pin_list>
<pin id="1540" dir="0" index="0" bw="8" slack="0"/>
<pin id="1541" dir="0" index="1" bw="666" slack="0"/>
<pin id="1542" dir="0" index="2" bw="9" slack="0"/>
<pin id="1543" dir="0" index="3" bw="9" slack="0"/>
<pin id="1544" dir="1" index="4" bw="8" slack="0"/>
</pin_list>
<bind>
<opcode="partselect(1002) " fcode="partselect"/>
<opset="tmp_13/1 "/>
</bind>
</comp>

<comp id="1549" class="1004" name="empty_77_fu_1549">
<pin_list>
<pin id="1550" dir="0" index="0" bw="1" slack="0"/>
<pin id="1551" dir="0" index="1" bw="8" slack="0"/>
<pin id="1552" dir="0" index="2" bw="1" slack="0"/>
<pin id="1553" dir="1" index="3" bw="8" slack="0"/>
</pin_list>
<bind>
<opcode="select(49) " fcode="select"/>
<opset="empty_77/1 "/>
</bind>
</comp>

<comp id="1557" class="1004" name="tmp_14_fu_1557">
<pin_list>
<pin id="1558" dir="0" index="0" bw="8" slack="0"/>
<pin id="1559" dir="0" index="1" bw="666" slack="0"/>
<pin id="1560" dir="0" index="2" bw="8" slack="0"/>
<pin id="1561" dir="0" index="3" bw="8" slack="0"/>
<pin id="1562" dir="1" index="4" bw="8" slack="0"/>
</pin_list>
<bind>
<opcode="partselect(1002) " fcode="partselect"/>
<opset="tmp_14/1 "/>
</bind>
</comp>

<comp id="1567" class="1004" name="empty_78_fu_1567">
<pin_list>
<pin id="1568" dir="0" index="0" bw="1" slack="0"/>
<pin id="1569" dir="0" index="1" bw="8" slack="0"/>
<pin id="1570" dir="0" index="2" bw="1" slack="0"/>
<pin id="1571" dir="1" index="3" bw="8" slack="0"/>
</pin_list>
<bind>
<opcode="select(49) " fcode="select"/>
<opset="empty_78/1 "/>
</bind>
</comp>

<comp id="1575" class="1004" name="tmp_15_fu_1575">
<pin_list>
<pin id="1576" dir="0" index="0" bw="8" slack="0"/>
<pin id="1577" dir="0" index="1" bw="666" slack="0"/>
<pin id="1578" dir="0" index="2" bw="7" slack="0"/>
<pin id="1579" dir="0" index="3" bw="7" slack="0"/>
<pin id="1580" dir="1" index="4" bw="8" slack="0"/>
</pin_list>
<bind>
<opcode="partselect(1002) " fcode="partselect"/>
<opset="tmp_15/1 "/>
</bind>
</comp>

<comp id="1585" class="1004" name="empty_79_fu_1585">
<pin_list>
<pin id="1586" dir="0" index="0" bw="1" slack="0"/>
<pin id="1587" dir="0" index="1" bw="8" slack="0"/>
<pin id="1588" dir="0" index="2" bw="1" slack="0"/>
<pin id="1589" dir="1" index="3" bw="8" slack="0"/>
</pin_list>
<bind>
<opcode="select(49) " fcode="select"/>
<opset="empty_79/1 "/>
</bind>
</comp>

<comp id="1593" class="1004" name="tmp_16_fu_1593">
<pin_list>
<pin id="1594" dir="0" index="0" bw="8" slack="0"/>
<pin id="1595" dir="0" index="1" bw="666" slack="0"/>
<pin id="1596" dir="0" index="2" bw="6" slack="0"/>
<pin id="1597" dir="0" index="3" bw="6" slack="0"/>
<pin id="1598" dir="1" index="4" bw="8" slack="0"/>
</pin_list>
<bind>
<opcode="partselect(1002) " fcode="partselect"/>
<opset="tmp_16/1 "/>
</bind>
</comp>

<comp id="1603" class="1004" name="empty_80_fu_1603">
<pin_list>
<pin id="1604" dir="0" index="0" bw="1" slack="0"/>
<pin id="1605" dir="0" index="1" bw="8" slack="0"/>
<pin id="1606" dir="0" index="2" bw="1" slack="0"/>
<pin id="1607" dir="1" index="3" bw="8" slack="0"/>
</pin_list>
<bind>
<opcode="select(49) " fcode="select"/>
<opset="empty_80/1 "/>
</bind>
</comp>

<comp id="1611" class="1004" name="or_ln57_s_fu_1611">
<pin_list>
<pin id="1612" dir="0" index="0" bw="324" slack="0"/>
<pin id="1613" dir="0" index="1" bw="2" slack="0"/>
<pin id="1614" dir="0" index="2" bw="8" slack="0"/>
<pin id="1615" dir="0" index="3" bw="8" slack="0"/>
<pin id="1616" dir="0" index="4" bw="2" slack="0"/>
<pin id="1617" dir="0" index="5" bw="8" slack="0"/>
<pin id="1618" dir="0" index="6" bw="8" slack="0"/>
<pin id="1619" dir="0" index="7" bw="2" slack="0"/>
<pin id="1620" dir="0" index="8" bw="8" slack="0"/>
<pin id="1621" dir="0" index="9" bw="8" slack="0"/>
<pin id="1622" dir="0" index="10" bw="2" slack="0"/>
<pin id="1623" dir="0" index="11" bw="8" slack="0"/>
<pin id="1624" dir="0" index="12" bw="8" slack="0"/>
<pin id="1625" dir="0" index="13" bw="2" slack="0"/>
<pin id="1626" dir="0" index="14" bw="8" slack="0"/>
<pin id="1627" dir="0" index="15" bw="8" slack="0"/>
<pin id="1628" dir="0" index="16" bw="2" slack="0"/>
<pin id="1629" dir="0" index="17" bw="8" slack="0"/>
<pin id="1630" dir="0" index="18" bw="8" slack="0"/>
<pin id="1631" dir="0" index="19" bw="2" slack="0"/>
<pin id="1632" dir="0" index="20" bw="8" slack="0"/>
<pin id="1633" dir="0" index="21" bw="8" slack="0"/>
<pin id="1634" dir="0" index="22" bw="2" slack="0"/>
<pin id="1635" dir="0" index="23" bw="8" slack="0"/>
<pin id="1636" dir="0" index="24" bw="8" slack="0"/>
<pin id="1637" dir="0" index="25" bw="2" slack="0"/>
<pin id="1638" dir="0" index="26" bw="8" slack="0"/>
<pin id="1639" dir="0" index="27" bw="8" slack="0"/>
<pin id="1640" dir="0" index="28" bw="2" slack="0"/>
<pin id="1641" dir="0" index="29" bw="8" slack="0"/>
<pin id="1642" dir="0" index="30" bw="8" slack="0"/>
<pin id="1643" dir="0" index="31" bw="2" slack="0"/>
<pin id="1644" dir="0" index="32" bw="8" slack="0"/>
<pin id="1645" dir="0" index="33" bw="8" slack="0"/>
<pin id="1646" dir="0" index="34" bw="2" slack="0"/>
<pin id="1647" dir="0" index="35" bw="8" slack="0"/>
<pin id="1648" dir="0" index="36" bw="8" slack="0"/>
<pin id="1649" dir="0" index="37" bw="2" slack="0"/>
<pin id="1650" dir="0" index="38" bw="8" slack="0"/>
<pin id="1651" dir="0" index="39" bw="8" slack="0"/>
<pin id="1652" dir="0" index="40" bw="2" slack="0"/>
<pin id="1653" dir="0" index="41" bw="8" slack="0"/>
<pin id="1654" dir="0" index="42" bw="8" slack="0"/>
<pin id="1655" dir="0" index="43" bw="2" slack="0"/>
<pin id="1656" dir="0" index="44" bw="8" slack="0"/>
<pin id="1657" dir="0" index="45" bw="8" slack="0"/>
<pin id="1658" dir="0" index="46" bw="2" slack="0"/>
<pin id="1659" dir="0" index="47" bw="8" slack="0"/>
<pin id="1660" dir="0" index="48" bw="8" slack="0"/>
<pin id="1661" dir="0" index="49" bw="2" slack="0"/>
<pin id="1662" dir="0" index="50" bw="8" slack="0"/>
<pin id="1663" dir="0" index="51" bw="8" slack="0"/>
<pin id="1664" dir="0" index="52" bw="2" slack="0"/>
<pin id="1665" dir="0" index="53" bw="8" slack="0"/>
<pin id="1666" dir="0" index="54" bw="8" slack="0"/>
<pin id="1667" dir="1" index="55" bw="324" slack="0"/>
</pin_list>
<bind>
<opcode="bitconcatenate(1004) " fcode="bitconcatenate"/>
<opset="or_ln57_s/1 "/>
</bind>
</comp>

<comp id="1724" class="1004" name="i_fu_1724">
<pin_list>
<pin id="1725" dir="0" index="0" bw="8" slack="0"/>
<pin id="1726" dir="0" index="1" bw="1" slack="0"/>
<pin id="1727" dir="1" index="2" bw="8" slack="0"/>
</pin_list>
<bind>
<opcode="add(8) " fcode="add"/>
<opset="i/1 "/>
</bind>
</comp>

<comp id="1730" class="1004" name="icmp_ln41_fu_1730">
<pin_list>
<pin id="1731" dir="0" index="0" bw="8" slack="0"/>
<pin id="1732" dir="0" index="1" bw="4" slack="0"/>
<pin id="1733" dir="1" index="2" bw="1" slack="2147483647"/>
</pin_list>
<bind>
<opcode="icmp(45) " fcode="icmp"/>
<opset="icmp_ln41/1 "/>
</bind>
</comp>

<comp id="1736" class="1004" name="store_ln41_store_fu_1736">
<pin_list>
<pin id="1737" dir="0" index="0" bw="8" slack="0"/>
<pin id="1738" dir="0" index="1" bw="8" slack="0"/>
<pin id="1739" dir="1" index="2" bw="0" slack="2147483647"/>
</pin_list>
<bind>
<opcode="store(28) " fcode="store"/>
<opset="store_ln41/1 "/>
</bind>
</comp>

<comp id="1741" class="1005" name="i1_reg_1741">
<pin_list>
<pin id="1742" dir="0" index="0" bw="8" slack="0"/>
<pin id="1743" dir="1" index="1" bw="8" slack="0"/>
</pin_list>
<bind>
<opset="i1 "/>
</bind>
</comp>

</comp_list>

<net_list>
<net id="335"><net_src comp="4" pin="0"/><net_sink comp="332" pin=0"/></net>

<net id="340"><net_src comp="28" pin="0"/><net_sink comp="336" pin=0"/></net>

<net id="341"><net_src comp="0" pin="0"/><net_sink comp="336" pin=1"/></net>

<net id="347"><net_src comp="326" pin="0"/><net_sink comp="342" pin=0"/></net>

<net id="348"><net_src comp="2" pin="0"/><net_sink comp="342" pin=1"/></net>

<net id="353"><net_src comp="16" pin="0"/><net_sink comp="349" pin=0"/></net>

<net id="360"><net_src comp="336" pin="2"/><net_sink comp="357" pin=0"/></net>

<net id="367"><net_src comp="30" pin="0"/><net_sink comp="361" pin=0"/></net>

<net id="368"><net_src comp="336" pin="2"/><net_sink comp="361" pin=1"/></net>

<net id="369"><net_src comp="32" pin="0"/><net_sink comp="361" pin=2"/></net>

<net id="370"><net_src comp="34" pin="0"/><net_sink comp="361" pin=3"/></net>

<net id="377"><net_src comp="30" pin="0"/><net_sink comp="371" pin=0"/></net>

<net id="378"><net_src comp="336" pin="2"/><net_sink comp="371" pin=1"/></net>

<net id="379"><net_src comp="36" pin="0"/><net_sink comp="371" pin=2"/></net>

<net id="380"><net_src comp="38" pin="0"/><net_sink comp="371" pin=3"/></net>

<net id="387"><net_src comp="30" pin="0"/><net_sink comp="381" pin=0"/></net>

<net id="388"><net_src comp="336" pin="2"/><net_sink comp="381" pin=1"/></net>

<net id="389"><net_src comp="40" pin="0"/><net_sink comp="381" pin=2"/></net>

<net id="390"><net_src comp="42" pin="0"/><net_sink comp="381" pin=3"/></net>

<net id="397"><net_src comp="30" pin="0"/><net_sink comp="391" pin=0"/></net>

<net id="398"><net_src comp="336" pin="2"/><net_sink comp="391" pin=1"/></net>

<net id="399"><net_src comp="44" pin="0"/><net_sink comp="391" pin=2"/></net>

<net id="400"><net_src comp="46" pin="0"/><net_sink comp="391" pin=3"/></net>

<net id="407"><net_src comp="30" pin="0"/><net_sink comp="401" pin=0"/></net>

<net id="408"><net_src comp="336" pin="2"/><net_sink comp="401" pin=1"/></net>

<net id="409"><net_src comp="48" pin="0"/><net_sink comp="401" pin=2"/></net>

<net id="410"><net_src comp="50" pin="0"/><net_sink comp="401" pin=3"/></net>

<net id="417"><net_src comp="30" pin="0"/><net_sink comp="411" pin=0"/></net>

<net id="418"><net_src comp="336" pin="2"/><net_sink comp="411" pin=1"/></net>

<net id="419"><net_src comp="52" pin="0"/><net_sink comp="411" pin=2"/></net>

<net id="420"><net_src comp="54" pin="0"/><net_sink comp="411" pin=3"/></net>

<net id="427"><net_src comp="30" pin="0"/><net_sink comp="421" pin=0"/></net>

<net id="428"><net_src comp="336" pin="2"/><net_sink comp="421" pin=1"/></net>

<net id="429"><net_src comp="56" pin="0"/><net_sink comp="421" pin=2"/></net>

<net id="430"><net_src comp="58" pin="0"/><net_sink comp="421" pin=3"/></net>

<net id="437"><net_src comp="30" pin="0"/><net_sink comp="431" pin=0"/></net>

<net id="438"><net_src comp="336" pin="2"/><net_sink comp="431" pin=1"/></net>

<net id="439"><net_src comp="60" pin="0"/><net_sink comp="431" pin=2"/></net>

<net id="440"><net_src comp="62" pin="0"/><net_sink comp="431" pin=3"/></net>

<net id="447"><net_src comp="30" pin="0"/><net_sink comp="441" pin=0"/></net>

<net id="448"><net_src comp="336" pin="2"/><net_sink comp="441" pin=1"/></net>

<net id="449"><net_src comp="64" pin="0"/><net_sink comp="441" pin=2"/></net>

<net id="450"><net_src comp="66" pin="0"/><net_sink comp="441" pin=3"/></net>

<net id="457"><net_src comp="30" pin="0"/><net_sink comp="451" pin=0"/></net>

<net id="458"><net_src comp="336" pin="2"/><net_sink comp="451" pin=1"/></net>

<net id="459"><net_src comp="68" pin="0"/><net_sink comp="451" pin=2"/></net>

<net id="460"><net_src comp="70" pin="0"/><net_sink comp="451" pin=3"/></net>

<net id="467"><net_src comp="30" pin="0"/><net_sink comp="461" pin=0"/></net>

<net id="468"><net_src comp="336" pin="2"/><net_sink comp="461" pin=1"/></net>

<net id="469"><net_src comp="72" pin="0"/><net_sink comp="461" pin=2"/></net>

<net id="470"><net_src comp="74" pin="0"/><net_sink comp="461" pin=3"/></net>

<net id="477"><net_src comp="30" pin="0"/><net_sink comp="471" pin=0"/></net>

<net id="478"><net_src comp="336" pin="2"/><net_sink comp="471" pin=1"/></net>

<net id="479"><net_src comp="76" pin="0"/><net_sink comp="471" pin=2"/></net>

<net id="480"><net_src comp="78" pin="0"/><net_sink comp="471" pin=3"/></net>

<net id="487"><net_src comp="30" pin="0"/><net_sink comp="481" pin=0"/></net>

<net id="488"><net_src comp="336" pin="2"/><net_sink comp="481" pin=1"/></net>

<net id="489"><net_src comp="80" pin="0"/><net_sink comp="481" pin=2"/></net>

<net id="490"><net_src comp="82" pin="0"/><net_sink comp="481" pin=3"/></net>

<net id="497"><net_src comp="30" pin="0"/><net_sink comp="491" pin=0"/></net>

<net id="498"><net_src comp="336" pin="2"/><net_sink comp="491" pin=1"/></net>

<net id="499"><net_src comp="84" pin="0"/><net_sink comp="491" pin=2"/></net>

<net id="500"><net_src comp="86" pin="0"/><net_sink comp="491" pin=3"/></net>

<net id="507"><net_src comp="30" pin="0"/><net_sink comp="501" pin=0"/></net>

<net id="508"><net_src comp="336" pin="2"/><net_sink comp="501" pin=1"/></net>

<net id="509"><net_src comp="88" pin="0"/><net_sink comp="501" pin=2"/></net>

<net id="510"><net_src comp="90" pin="0"/><net_sink comp="501" pin=3"/></net>

<net id="517"><net_src comp="30" pin="0"/><net_sink comp="511" pin=0"/></net>

<net id="518"><net_src comp="336" pin="2"/><net_sink comp="511" pin=1"/></net>

<net id="519"><net_src comp="92" pin="0"/><net_sink comp="511" pin=2"/></net>

<net id="520"><net_src comp="94" pin="0"/><net_sink comp="511" pin=3"/></net>

<net id="527"><net_src comp="30" pin="0"/><net_sink comp="521" pin=0"/></net>

<net id="528"><net_src comp="336" pin="2"/><net_sink comp="521" pin=1"/></net>

<net id="529"><net_src comp="96" pin="0"/><net_sink comp="521" pin=2"/></net>

<net id="530"><net_src comp="98" pin="0"/><net_sink comp="521" pin=3"/></net>

<net id="535"><net_src comp="357" pin="1"/><net_sink comp="531" pin=0"/></net>

<net id="536"><net_src comp="100" pin="0"/><net_sink comp="531" pin=1"/></net>

<net id="543"><net_src comp="102" pin="0"/><net_sink comp="537" pin=0"/></net>

<net id="544"><net_src comp="336" pin="2"/><net_sink comp="537" pin=1"/></net>

<net id="545"><net_src comp="104" pin="0"/><net_sink comp="537" pin=2"/></net>

<net id="546"><net_src comp="106" pin="0"/><net_sink comp="537" pin=3"/></net>

<net id="553"><net_src comp="108" pin="0"/><net_sink comp="547" pin=0"/></net>

<net id="554"><net_src comp="336" pin="2"/><net_sink comp="547" pin=1"/></net>

<net id="555"><net_src comp="110" pin="0"/><net_sink comp="547" pin=2"/></net>

<net id="556"><net_src comp="112" pin="0"/><net_sink comp="547" pin=3"/></net>

<net id="562"><net_src comp="531" pin="2"/><net_sink comp="557" pin=0"/></net>

<net id="563"><net_src comp="537" pin="4"/><net_sink comp="557" pin=1"/></net>

<net id="564"><net_src comp="16" pin="0"/><net_sink comp="557" pin=2"/></net>

<net id="570"><net_src comp="531" pin="2"/><net_sink comp="565" pin=0"/></net>

<net id="571"><net_src comp="547" pin="4"/><net_sink comp="565" pin=1"/></net>

<net id="572"><net_src comp="114" pin="0"/><net_sink comp="565" pin=2"/></net>

<net id="577"><net_src comp="361" pin="4"/><net_sink comp="573" pin=0"/></net>

<net id="578"><net_src comp="100" pin="0"/><net_sink comp="573" pin=1"/></net>

<net id="585"><net_src comp="102" pin="0"/><net_sink comp="579" pin=0"/></net>

<net id="586"><net_src comp="336" pin="2"/><net_sink comp="579" pin=1"/></net>

<net id="587"><net_src comp="116" pin="0"/><net_sink comp="579" pin=2"/></net>

<net id="588"><net_src comp="118" pin="0"/><net_sink comp="579" pin=3"/></net>

<net id="595"><net_src comp="108" pin="0"/><net_sink comp="589" pin=0"/></net>

<net id="596"><net_src comp="336" pin="2"/><net_sink comp="589" pin=1"/></net>

<net id="597"><net_src comp="120" pin="0"/><net_sink comp="589" pin=2"/></net>

<net id="598"><net_src comp="122" pin="0"/><net_sink comp="589" pin=3"/></net>

<net id="604"><net_src comp="573" pin="2"/><net_sink comp="599" pin=0"/></net>

<net id="605"><net_src comp="579" pin="4"/><net_sink comp="599" pin=1"/></net>

<net id="606"><net_src comp="16" pin="0"/><net_sink comp="599" pin=2"/></net>

<net id="612"><net_src comp="573" pin="2"/><net_sink comp="607" pin=0"/></net>

<net id="613"><net_src comp="589" pin="4"/><net_sink comp="607" pin=1"/></net>

<net id="614"><net_src comp="114" pin="0"/><net_sink comp="607" pin=2"/></net>

<net id="619"><net_src comp="371" pin="4"/><net_sink comp="615" pin=0"/></net>

<net id="620"><net_src comp="100" pin="0"/><net_sink comp="615" pin=1"/></net>

<net id="627"><net_src comp="102" pin="0"/><net_sink comp="621" pin=0"/></net>

<net id="628"><net_src comp="336" pin="2"/><net_sink comp="621" pin=1"/></net>

<net id="629"><net_src comp="124" pin="0"/><net_sink comp="621" pin=2"/></net>

<net id="630"><net_src comp="126" pin="0"/><net_sink comp="621" pin=3"/></net>

<net id="637"><net_src comp="108" pin="0"/><net_sink comp="631" pin=0"/></net>

<net id="638"><net_src comp="336" pin="2"/><net_sink comp="631" pin=1"/></net>

<net id="639"><net_src comp="128" pin="0"/><net_sink comp="631" pin=2"/></net>

<net id="640"><net_src comp="130" pin="0"/><net_sink comp="631" pin=3"/></net>

<net id="646"><net_src comp="615" pin="2"/><net_sink comp="641" pin=0"/></net>

<net id="647"><net_src comp="621" pin="4"/><net_sink comp="641" pin=1"/></net>

<net id="648"><net_src comp="16" pin="0"/><net_sink comp="641" pin=2"/></net>

<net id="654"><net_src comp="615" pin="2"/><net_sink comp="649" pin=0"/></net>

<net id="655"><net_src comp="631" pin="4"/><net_sink comp="649" pin=1"/></net>

<net id="656"><net_src comp="114" pin="0"/><net_sink comp="649" pin=2"/></net>

<net id="661"><net_src comp="381" pin="4"/><net_sink comp="657" pin=0"/></net>

<net id="662"><net_src comp="100" pin="0"/><net_sink comp="657" pin=1"/></net>

<net id="669"><net_src comp="102" pin="0"/><net_sink comp="663" pin=0"/></net>

<net id="670"><net_src comp="336" pin="2"/><net_sink comp="663" pin=1"/></net>

<net id="671"><net_src comp="132" pin="0"/><net_sink comp="663" pin=2"/></net>

<net id="672"><net_src comp="134" pin="0"/><net_sink comp="663" pin=3"/></net>

<net id="679"><net_src comp="108" pin="0"/><net_sink comp="673" pin=0"/></net>

<net id="680"><net_src comp="336" pin="2"/><net_sink comp="673" pin=1"/></net>

<net id="681"><net_src comp="136" pin="0"/><net_sink comp="673" pin=2"/></net>

<net id="682"><net_src comp="138" pin="0"/><net_sink comp="673" pin=3"/></net>

<net id="688"><net_src comp="657" pin="2"/><net_sink comp="683" pin=0"/></net>

<net id="689"><net_src comp="663" pin="4"/><net_sink comp="683" pin=1"/></net>

<net id="690"><net_src comp="16" pin="0"/><net_sink comp="683" pin=2"/></net>

<net id="696"><net_src comp="657" pin="2"/><net_sink comp="691" pin=0"/></net>

<net id="697"><net_src comp="673" pin="4"/><net_sink comp="691" pin=1"/></net>

<net id="698"><net_src comp="114" pin="0"/><net_sink comp="691" pin=2"/></net>

<net id="703"><net_src comp="391" pin="4"/><net_sink comp="699" pin=0"/></net>

<net id="704"><net_src comp="100" pin="0"/><net_sink comp="699" pin=1"/></net>

<net id="711"><net_src comp="102" pin="0"/><net_sink comp="705" pin=0"/></net>

<net id="712"><net_src comp="336" pin="2"/><net_sink comp="705" pin=1"/></net>

<net id="713"><net_src comp="140" pin="0"/><net_sink comp="705" pin=2"/></net>

<net id="714"><net_src comp="142" pin="0"/><net_sink comp="705" pin=3"/></net>

<net id="721"><net_src comp="108" pin="0"/><net_sink comp="715" pin=0"/></net>

<net id="722"><net_src comp="336" pin="2"/><net_sink comp="715" pin=1"/></net>

<net id="723"><net_src comp="144" pin="0"/><net_sink comp="715" pin=2"/></net>

<net id="724"><net_src comp="146" pin="0"/><net_sink comp="715" pin=3"/></net>

<net id="730"><net_src comp="699" pin="2"/><net_sink comp="725" pin=0"/></net>

<net id="731"><net_src comp="705" pin="4"/><net_sink comp="725" pin=1"/></net>

<net id="732"><net_src comp="16" pin="0"/><net_sink comp="725" pin=2"/></net>

<net id="738"><net_src comp="699" pin="2"/><net_sink comp="733" pin=0"/></net>

<net id="739"><net_src comp="715" pin="4"/><net_sink comp="733" pin=1"/></net>

<net id="740"><net_src comp="114" pin="0"/><net_sink comp="733" pin=2"/></net>

<net id="745"><net_src comp="401" pin="4"/><net_sink comp="741" pin=0"/></net>

<net id="746"><net_src comp="100" pin="0"/><net_sink comp="741" pin=1"/></net>

<net id="753"><net_src comp="102" pin="0"/><net_sink comp="747" pin=0"/></net>

<net id="754"><net_src comp="336" pin="2"/><net_sink comp="747" pin=1"/></net>

<net id="755"><net_src comp="148" pin="0"/><net_sink comp="747" pin=2"/></net>

<net id="756"><net_src comp="150" pin="0"/><net_sink comp="747" pin=3"/></net>

<net id="763"><net_src comp="108" pin="0"/><net_sink comp="757" pin=0"/></net>

<net id="764"><net_src comp="336" pin="2"/><net_sink comp="757" pin=1"/></net>

<net id="765"><net_src comp="152" pin="0"/><net_sink comp="757" pin=2"/></net>

<net id="766"><net_src comp="154" pin="0"/><net_sink comp="757" pin=3"/></net>

<net id="772"><net_src comp="741" pin="2"/><net_sink comp="767" pin=0"/></net>

<net id="773"><net_src comp="747" pin="4"/><net_sink comp="767" pin=1"/></net>

<net id="774"><net_src comp="16" pin="0"/><net_sink comp="767" pin=2"/></net>

<net id="780"><net_src comp="741" pin="2"/><net_sink comp="775" pin=0"/></net>

<net id="781"><net_src comp="757" pin="4"/><net_sink comp="775" pin=1"/></net>

<net id="782"><net_src comp="114" pin="0"/><net_sink comp="775" pin=2"/></net>

<net id="787"><net_src comp="411" pin="4"/><net_sink comp="783" pin=0"/></net>

<net id="788"><net_src comp="100" pin="0"/><net_sink comp="783" pin=1"/></net>

<net id="795"><net_src comp="102" pin="0"/><net_sink comp="789" pin=0"/></net>

<net id="796"><net_src comp="336" pin="2"/><net_sink comp="789" pin=1"/></net>

<net id="797"><net_src comp="156" pin="0"/><net_sink comp="789" pin=2"/></net>

<net id="798"><net_src comp="158" pin="0"/><net_sink comp="789" pin=3"/></net>

<net id="805"><net_src comp="108" pin="0"/><net_sink comp="799" pin=0"/></net>

<net id="806"><net_src comp="336" pin="2"/><net_sink comp="799" pin=1"/></net>

<net id="807"><net_src comp="160" pin="0"/><net_sink comp="799" pin=2"/></net>

<net id="808"><net_src comp="162" pin="0"/><net_sink comp="799" pin=3"/></net>

<net id="814"><net_src comp="783" pin="2"/><net_sink comp="809" pin=0"/></net>

<net id="815"><net_src comp="789" pin="4"/><net_sink comp="809" pin=1"/></net>

<net id="816"><net_src comp="16" pin="0"/><net_sink comp="809" pin=2"/></net>

<net id="822"><net_src comp="783" pin="2"/><net_sink comp="817" pin=0"/></net>

<net id="823"><net_src comp="799" pin="4"/><net_sink comp="817" pin=1"/></net>

<net id="824"><net_src comp="114" pin="0"/><net_sink comp="817" pin=2"/></net>

<net id="829"><net_src comp="421" pin="4"/><net_sink comp="825" pin=0"/></net>

<net id="830"><net_src comp="100" pin="0"/><net_sink comp="825" pin=1"/></net>

<net id="837"><net_src comp="102" pin="0"/><net_sink comp="831" pin=0"/></net>

<net id="838"><net_src comp="336" pin="2"/><net_sink comp="831" pin=1"/></net>

<net id="839"><net_src comp="164" pin="0"/><net_sink comp="831" pin=2"/></net>

<net id="840"><net_src comp="166" pin="0"/><net_sink comp="831" pin=3"/></net>

<net id="847"><net_src comp="108" pin="0"/><net_sink comp="841" pin=0"/></net>

<net id="848"><net_src comp="336" pin="2"/><net_sink comp="841" pin=1"/></net>

<net id="849"><net_src comp="168" pin="0"/><net_sink comp="841" pin=2"/></net>

<net id="850"><net_src comp="170" pin="0"/><net_sink comp="841" pin=3"/></net>

<net id="856"><net_src comp="825" pin="2"/><net_sink comp="851" pin=0"/></net>

<net id="857"><net_src comp="831" pin="4"/><net_sink comp="851" pin=1"/></net>

<net id="858"><net_src comp="16" pin="0"/><net_sink comp="851" pin=2"/></net>

<net id="864"><net_src comp="825" pin="2"/><net_sink comp="859" pin=0"/></net>

<net id="865"><net_src comp="841" pin="4"/><net_sink comp="859" pin=1"/></net>

<net id="866"><net_src comp="114" pin="0"/><net_sink comp="859" pin=2"/></net>

<net id="871"><net_src comp="431" pin="4"/><net_sink comp="867" pin=0"/></net>

<net id="872"><net_src comp="100" pin="0"/><net_sink comp="867" pin=1"/></net>

<net id="879"><net_src comp="102" pin="0"/><net_sink comp="873" pin=0"/></net>

<net id="880"><net_src comp="336" pin="2"/><net_sink comp="873" pin=1"/></net>

<net id="881"><net_src comp="172" pin="0"/><net_sink comp="873" pin=2"/></net>

<net id="882"><net_src comp="174" pin="0"/><net_sink comp="873" pin=3"/></net>

<net id="889"><net_src comp="108" pin="0"/><net_sink comp="883" pin=0"/></net>

<net id="890"><net_src comp="336" pin="2"/><net_sink comp="883" pin=1"/></net>

<net id="891"><net_src comp="176" pin="0"/><net_sink comp="883" pin=2"/></net>

<net id="892"><net_src comp="178" pin="0"/><net_sink comp="883" pin=3"/></net>

<net id="898"><net_src comp="867" pin="2"/><net_sink comp="893" pin=0"/></net>

<net id="899"><net_src comp="873" pin="4"/><net_sink comp="893" pin=1"/></net>

<net id="900"><net_src comp="16" pin="0"/><net_sink comp="893" pin=2"/></net>

<net id="906"><net_src comp="867" pin="2"/><net_sink comp="901" pin=0"/></net>

<net id="907"><net_src comp="883" pin="4"/><net_sink comp="901" pin=1"/></net>

<net id="908"><net_src comp="114" pin="0"/><net_sink comp="901" pin=2"/></net>

<net id="913"><net_src comp="441" pin="4"/><net_sink comp="909" pin=0"/></net>

<net id="914"><net_src comp="100" pin="0"/><net_sink comp="909" pin=1"/></net>

<net id="921"><net_src comp="102" pin="0"/><net_sink comp="915" pin=0"/></net>

<net id="922"><net_src comp="336" pin="2"/><net_sink comp="915" pin=1"/></net>

<net id="923"><net_src comp="180" pin="0"/><net_sink comp="915" pin=2"/></net>

<net id="924"><net_src comp="182" pin="0"/><net_sink comp="915" pin=3"/></net>

<net id="931"><net_src comp="108" pin="0"/><net_sink comp="925" pin=0"/></net>

<net id="932"><net_src comp="336" pin="2"/><net_sink comp="925" pin=1"/></net>

<net id="933"><net_src comp="184" pin="0"/><net_sink comp="925" pin=2"/></net>

<net id="934"><net_src comp="186" pin="0"/><net_sink comp="925" pin=3"/></net>

<net id="940"><net_src comp="909" pin="2"/><net_sink comp="935" pin=0"/></net>

<net id="941"><net_src comp="915" pin="4"/><net_sink comp="935" pin=1"/></net>

<net id="942"><net_src comp="16" pin="0"/><net_sink comp="935" pin=2"/></net>

<net id="948"><net_src comp="909" pin="2"/><net_sink comp="943" pin=0"/></net>

<net id="949"><net_src comp="925" pin="4"/><net_sink comp="943" pin=1"/></net>

<net id="950"><net_src comp="114" pin="0"/><net_sink comp="943" pin=2"/></net>

<net id="955"><net_src comp="451" pin="4"/><net_sink comp="951" pin=0"/></net>

<net id="956"><net_src comp="100" pin="0"/><net_sink comp="951" pin=1"/></net>

<net id="963"><net_src comp="102" pin="0"/><net_sink comp="957" pin=0"/></net>

<net id="964"><net_src comp="336" pin="2"/><net_sink comp="957" pin=1"/></net>

<net id="965"><net_src comp="188" pin="0"/><net_sink comp="957" pin=2"/></net>

<net id="966"><net_src comp="190" pin="0"/><net_sink comp="957" pin=3"/></net>

<net id="973"><net_src comp="108" pin="0"/><net_sink comp="967" pin=0"/></net>

<net id="974"><net_src comp="336" pin="2"/><net_sink comp="967" pin=1"/></net>

<net id="975"><net_src comp="192" pin="0"/><net_sink comp="967" pin=2"/></net>

<net id="976"><net_src comp="194" pin="0"/><net_sink comp="967" pin=3"/></net>

<net id="982"><net_src comp="951" pin="2"/><net_sink comp="977" pin=0"/></net>

<net id="983"><net_src comp="957" pin="4"/><net_sink comp="977" pin=1"/></net>

<net id="984"><net_src comp="16" pin="0"/><net_sink comp="977" pin=2"/></net>

<net id="990"><net_src comp="951" pin="2"/><net_sink comp="985" pin=0"/></net>

<net id="991"><net_src comp="967" pin="4"/><net_sink comp="985" pin=1"/></net>

<net id="992"><net_src comp="114" pin="0"/><net_sink comp="985" pin=2"/></net>

<net id="997"><net_src comp="461" pin="4"/><net_sink comp="993" pin=0"/></net>

<net id="998"><net_src comp="100" pin="0"/><net_sink comp="993" pin=1"/></net>

<net id="1005"><net_src comp="102" pin="0"/><net_sink comp="999" pin=0"/></net>

<net id="1006"><net_src comp="336" pin="2"/><net_sink comp="999" pin=1"/></net>

<net id="1007"><net_src comp="196" pin="0"/><net_sink comp="999" pin=2"/></net>

<net id="1008"><net_src comp="198" pin="0"/><net_sink comp="999" pin=3"/></net>

<net id="1015"><net_src comp="108" pin="0"/><net_sink comp="1009" pin=0"/></net>

<net id="1016"><net_src comp="336" pin="2"/><net_sink comp="1009" pin=1"/></net>

<net id="1017"><net_src comp="200" pin="0"/><net_sink comp="1009" pin=2"/></net>

<net id="1018"><net_src comp="202" pin="0"/><net_sink comp="1009" pin=3"/></net>

<net id="1024"><net_src comp="993" pin="2"/><net_sink comp="1019" pin=0"/></net>

<net id="1025"><net_src comp="999" pin="4"/><net_sink comp="1019" pin=1"/></net>

<net id="1026"><net_src comp="16" pin="0"/><net_sink comp="1019" pin=2"/></net>

<net id="1032"><net_src comp="993" pin="2"/><net_sink comp="1027" pin=0"/></net>

<net id="1033"><net_src comp="1009" pin="4"/><net_sink comp="1027" pin=1"/></net>

<net id="1034"><net_src comp="114" pin="0"/><net_sink comp="1027" pin=2"/></net>

<net id="1039"><net_src comp="471" pin="4"/><net_sink comp="1035" pin=0"/></net>

<net id="1040"><net_src comp="100" pin="0"/><net_sink comp="1035" pin=1"/></net>

<net id="1047"><net_src comp="102" pin="0"/><net_sink comp="1041" pin=0"/></net>

<net id="1048"><net_src comp="336" pin="2"/><net_sink comp="1041" pin=1"/></net>

<net id="1049"><net_src comp="204" pin="0"/><net_sink comp="1041" pin=2"/></net>

<net id="1050"><net_src comp="206" pin="0"/><net_sink comp="1041" pin=3"/></net>

<net id="1057"><net_src comp="108" pin="0"/><net_sink comp="1051" pin=0"/></net>

<net id="1058"><net_src comp="336" pin="2"/><net_sink comp="1051" pin=1"/></net>

<net id="1059"><net_src comp="208" pin="0"/><net_sink comp="1051" pin=2"/></net>

<net id="1060"><net_src comp="210" pin="0"/><net_sink comp="1051" pin=3"/></net>

<net id="1066"><net_src comp="1035" pin="2"/><net_sink comp="1061" pin=0"/></net>

<net id="1067"><net_src comp="1041" pin="4"/><net_sink comp="1061" pin=1"/></net>

<net id="1068"><net_src comp="16" pin="0"/><net_sink comp="1061" pin=2"/></net>

<net id="1074"><net_src comp="1035" pin="2"/><net_sink comp="1069" pin=0"/></net>

<net id="1075"><net_src comp="1051" pin="4"/><net_sink comp="1069" pin=1"/></net>

<net id="1076"><net_src comp="114" pin="0"/><net_sink comp="1069" pin=2"/></net>

<net id="1081"><net_src comp="481" pin="4"/><net_sink comp="1077" pin=0"/></net>

<net id="1082"><net_src comp="100" pin="0"/><net_sink comp="1077" pin=1"/></net>

<net id="1089"><net_src comp="102" pin="0"/><net_sink comp="1083" pin=0"/></net>

<net id="1090"><net_src comp="336" pin="2"/><net_sink comp="1083" pin=1"/></net>

<net id="1091"><net_src comp="212" pin="0"/><net_sink comp="1083" pin=2"/></net>

<net id="1092"><net_src comp="214" pin="0"/><net_sink comp="1083" pin=3"/></net>

<net id="1099"><net_src comp="108" pin="0"/><net_sink comp="1093" pin=0"/></net>

<net id="1100"><net_src comp="336" pin="2"/><net_sink comp="1093" pin=1"/></net>

<net id="1101"><net_src comp="216" pin="0"/><net_sink comp="1093" pin=2"/></net>

<net id="1102"><net_src comp="218" pin="0"/><net_sink comp="1093" pin=3"/></net>

<net id="1108"><net_src comp="1077" pin="2"/><net_sink comp="1103" pin=0"/></net>

<net id="1109"><net_src comp="1083" pin="4"/><net_sink comp="1103" pin=1"/></net>

<net id="1110"><net_src comp="16" pin="0"/><net_sink comp="1103" pin=2"/></net>

<net id="1116"><net_src comp="1077" pin="2"/><net_sink comp="1111" pin=0"/></net>

<net id="1117"><net_src comp="1093" pin="4"/><net_sink comp="1111" pin=1"/></net>

<net id="1118"><net_src comp="114" pin="0"/><net_sink comp="1111" pin=2"/></net>

<net id="1123"><net_src comp="491" pin="4"/><net_sink comp="1119" pin=0"/></net>

<net id="1124"><net_src comp="100" pin="0"/><net_sink comp="1119" pin=1"/></net>

<net id="1131"><net_src comp="102" pin="0"/><net_sink comp="1125" pin=0"/></net>

<net id="1132"><net_src comp="336" pin="2"/><net_sink comp="1125" pin=1"/></net>

<net id="1133"><net_src comp="220" pin="0"/><net_sink comp="1125" pin=2"/></net>

<net id="1134"><net_src comp="222" pin="0"/><net_sink comp="1125" pin=3"/></net>

<net id="1141"><net_src comp="108" pin="0"/><net_sink comp="1135" pin=0"/></net>

<net id="1142"><net_src comp="336" pin="2"/><net_sink comp="1135" pin=1"/></net>

<net id="1143"><net_src comp="224" pin="0"/><net_sink comp="1135" pin=2"/></net>

<net id="1144"><net_src comp="226" pin="0"/><net_sink comp="1135" pin=3"/></net>

<net id="1150"><net_src comp="1119" pin="2"/><net_sink comp="1145" pin=0"/></net>

<net id="1151"><net_src comp="1125" pin="4"/><net_sink comp="1145" pin=1"/></net>

<net id="1152"><net_src comp="16" pin="0"/><net_sink comp="1145" pin=2"/></net>

<net id="1158"><net_src comp="1119" pin="2"/><net_sink comp="1153" pin=0"/></net>

<net id="1159"><net_src comp="1135" pin="4"/><net_sink comp="1153" pin=1"/></net>

<net id="1160"><net_src comp="114" pin="0"/><net_sink comp="1153" pin=2"/></net>

<net id="1165"><net_src comp="501" pin="4"/><net_sink comp="1161" pin=0"/></net>

<net id="1166"><net_src comp="100" pin="0"/><net_sink comp="1161" pin=1"/></net>

<net id="1173"><net_src comp="102" pin="0"/><net_sink comp="1167" pin=0"/></net>

<net id="1174"><net_src comp="336" pin="2"/><net_sink comp="1167" pin=1"/></net>

<net id="1175"><net_src comp="228" pin="0"/><net_sink comp="1167" pin=2"/></net>

<net id="1176"><net_src comp="230" pin="0"/><net_sink comp="1167" pin=3"/></net>

<net id="1183"><net_src comp="108" pin="0"/><net_sink comp="1177" pin=0"/></net>

<net id="1184"><net_src comp="336" pin="2"/><net_sink comp="1177" pin=1"/></net>

<net id="1185"><net_src comp="232" pin="0"/><net_sink comp="1177" pin=2"/></net>

<net id="1186"><net_src comp="234" pin="0"/><net_sink comp="1177" pin=3"/></net>

<net id="1192"><net_src comp="1161" pin="2"/><net_sink comp="1187" pin=0"/></net>

<net id="1193"><net_src comp="1167" pin="4"/><net_sink comp="1187" pin=1"/></net>

<net id="1194"><net_src comp="16" pin="0"/><net_sink comp="1187" pin=2"/></net>

<net id="1200"><net_src comp="1161" pin="2"/><net_sink comp="1195" pin=0"/></net>

<net id="1201"><net_src comp="1177" pin="4"/><net_sink comp="1195" pin=1"/></net>

<net id="1202"><net_src comp="114" pin="0"/><net_sink comp="1195" pin=2"/></net>

<net id="1207"><net_src comp="511" pin="4"/><net_sink comp="1203" pin=0"/></net>

<net id="1208"><net_src comp="100" pin="0"/><net_sink comp="1203" pin=1"/></net>

<net id="1215"><net_src comp="102" pin="0"/><net_sink comp="1209" pin=0"/></net>

<net id="1216"><net_src comp="336" pin="2"/><net_sink comp="1209" pin=1"/></net>

<net id="1217"><net_src comp="236" pin="0"/><net_sink comp="1209" pin=2"/></net>

<net id="1218"><net_src comp="238" pin="0"/><net_sink comp="1209" pin=3"/></net>

<net id="1225"><net_src comp="108" pin="0"/><net_sink comp="1219" pin=0"/></net>

<net id="1226"><net_src comp="336" pin="2"/><net_sink comp="1219" pin=1"/></net>

<net id="1227"><net_src comp="240" pin="0"/><net_sink comp="1219" pin=2"/></net>

<net id="1228"><net_src comp="242" pin="0"/><net_sink comp="1219" pin=3"/></net>

<net id="1234"><net_src comp="1203" pin="2"/><net_sink comp="1229" pin=0"/></net>

<net id="1235"><net_src comp="1209" pin="4"/><net_sink comp="1229" pin=1"/></net>

<net id="1236"><net_src comp="16" pin="0"/><net_sink comp="1229" pin=2"/></net>

<net id="1242"><net_src comp="1203" pin="2"/><net_sink comp="1237" pin=0"/></net>

<net id="1243"><net_src comp="1219" pin="4"/><net_sink comp="1237" pin=1"/></net>

<net id="1244"><net_src comp="114" pin="0"/><net_sink comp="1237" pin=2"/></net>

<net id="1249"><net_src comp="521" pin="4"/><net_sink comp="1245" pin=0"/></net>

<net id="1250"><net_src comp="100" pin="0"/><net_sink comp="1245" pin=1"/></net>

<net id="1257"><net_src comp="102" pin="0"/><net_sink comp="1251" pin=0"/></net>

<net id="1258"><net_src comp="336" pin="2"/><net_sink comp="1251" pin=1"/></net>

<net id="1259"><net_src comp="244" pin="0"/><net_sink comp="1251" pin=2"/></net>

<net id="1260"><net_src comp="246" pin="0"/><net_sink comp="1251" pin=3"/></net>

<net id="1267"><net_src comp="108" pin="0"/><net_sink comp="1261" pin=0"/></net>

<net id="1268"><net_src comp="336" pin="2"/><net_sink comp="1261" pin=1"/></net>

<net id="1269"><net_src comp="248" pin="0"/><net_sink comp="1261" pin=2"/></net>

<net id="1270"><net_src comp="250" pin="0"/><net_sink comp="1261" pin=3"/></net>

<net id="1276"><net_src comp="1245" pin="2"/><net_sink comp="1271" pin=0"/></net>

<net id="1277"><net_src comp="1251" pin="4"/><net_sink comp="1271" pin=1"/></net>

<net id="1278"><net_src comp="16" pin="0"/><net_sink comp="1271" pin=2"/></net>

<net id="1284"><net_src comp="1245" pin="2"/><net_sink comp="1279" pin=0"/></net>

<net id="1285"><net_src comp="1261" pin="4"/><net_sink comp="1279" pin=1"/></net>

<net id="1286"><net_src comp="114" pin="0"/><net_sink comp="1279" pin=2"/></net>

<net id="1293"><net_src comp="102" pin="0"/><net_sink comp="1287" pin=0"/></net>

<net id="1294"><net_src comp="336" pin="2"/><net_sink comp="1287" pin=1"/></net>

<net id="1295"><net_src comp="252" pin="0"/><net_sink comp="1287" pin=2"/></net>

<net id="1296"><net_src comp="254" pin="0"/><net_sink comp="1287" pin=3"/></net>

<net id="1302"><net_src comp="1245" pin="2"/><net_sink comp="1297" pin=0"/></net>

<net id="1303"><net_src comp="1287" pin="4"/><net_sink comp="1297" pin=1"/></net>

<net id="1304"><net_src comp="16" pin="0"/><net_sink comp="1297" pin=2"/></net>

<net id="1311"><net_src comp="102" pin="0"/><net_sink comp="1305" pin=0"/></net>

<net id="1312"><net_src comp="336" pin="2"/><net_sink comp="1305" pin=1"/></net>

<net id="1313"><net_src comp="256" pin="0"/><net_sink comp="1305" pin=2"/></net>

<net id="1314"><net_src comp="258" pin="0"/><net_sink comp="1305" pin=3"/></net>

<net id="1320"><net_src comp="1203" pin="2"/><net_sink comp="1315" pin=0"/></net>

<net id="1321"><net_src comp="1305" pin="4"/><net_sink comp="1315" pin=1"/></net>

<net id="1322"><net_src comp="16" pin="0"/><net_sink comp="1315" pin=2"/></net>

<net id="1329"><net_src comp="102" pin="0"/><net_sink comp="1323" pin=0"/></net>

<net id="1330"><net_src comp="336" pin="2"/><net_sink comp="1323" pin=1"/></net>

<net id="1331"><net_src comp="260" pin="0"/><net_sink comp="1323" pin=2"/></net>

<net id="1332"><net_src comp="262" pin="0"/><net_sink comp="1323" pin=3"/></net>

<net id="1338"><net_src comp="1161" pin="2"/><net_sink comp="1333" pin=0"/></net>

<net id="1339"><net_src comp="1323" pin="4"/><net_sink comp="1333" pin=1"/></net>

<net id="1340"><net_src comp="16" pin="0"/><net_sink comp="1333" pin=2"/></net>

<net id="1347"><net_src comp="102" pin="0"/><net_sink comp="1341" pin=0"/></net>

<net id="1348"><net_src comp="336" pin="2"/><net_sink comp="1341" pin=1"/></net>

<net id="1349"><net_src comp="264" pin="0"/><net_sink comp="1341" pin=2"/></net>

<net id="1350"><net_src comp="266" pin="0"/><net_sink comp="1341" pin=3"/></net>

<net id="1356"><net_src comp="1119" pin="2"/><net_sink comp="1351" pin=0"/></net>

<net id="1357"><net_src comp="1341" pin="4"/><net_sink comp="1351" pin=1"/></net>

<net id="1358"><net_src comp="16" pin="0"/><net_sink comp="1351" pin=2"/></net>

<net id="1365"><net_src comp="102" pin="0"/><net_sink comp="1359" pin=0"/></net>

<net id="1366"><net_src comp="336" pin="2"/><net_sink comp="1359" pin=1"/></net>

<net id="1367"><net_src comp="268" pin="0"/><net_sink comp="1359" pin=2"/></net>

<net id="1368"><net_src comp="270" pin="0"/><net_sink comp="1359" pin=3"/></net>

<net id="1374"><net_src comp="1077" pin="2"/><net_sink comp="1369" pin=0"/></net>

<net id="1375"><net_src comp="1359" pin="4"/><net_sink comp="1369" pin=1"/></net>

<net id="1376"><net_src comp="16" pin="0"/><net_sink comp="1369" pin=2"/></net>

<net id="1383"><net_src comp="102" pin="0"/><net_sink comp="1377" pin=0"/></net>

<net id="1384"><net_src comp="336" pin="2"/><net_sink comp="1377" pin=1"/></net>

<net id="1385"><net_src comp="272" pin="0"/><net_sink comp="1377" pin=2"/></net>

<net id="1386"><net_src comp="274" pin="0"/><net_sink comp="1377" pin=3"/></net>

<net id="1392"><net_src comp="1035" pin="2"/><net_sink comp="1387" pin=0"/></net>

<net id="1393"><net_src comp="1377" pin="4"/><net_sink comp="1387" pin=1"/></net>

<net id="1394"><net_src comp="16" pin="0"/><net_sink comp="1387" pin=2"/></net>

<net id="1401"><net_src comp="102" pin="0"/><net_sink comp="1395" pin=0"/></net>

<net id="1402"><net_src comp="336" pin="2"/><net_sink comp="1395" pin=1"/></net>

<net id="1403"><net_src comp="276" pin="0"/><net_sink comp="1395" pin=2"/></net>

<net id="1404"><net_src comp="278" pin="0"/><net_sink comp="1395" pin=3"/></net>

<net id="1410"><net_src comp="993" pin="2"/><net_sink comp="1405" pin=0"/></net>

<net id="1411"><net_src comp="1395" pin="4"/><net_sink comp="1405" pin=1"/></net>

<net id="1412"><net_src comp="16" pin="0"/><net_sink comp="1405" pin=2"/></net>

<net id="1419"><net_src comp="102" pin="0"/><net_sink comp="1413" pin=0"/></net>

<net id="1420"><net_src comp="336" pin="2"/><net_sink comp="1413" pin=1"/></net>

<net id="1421"><net_src comp="280" pin="0"/><net_sink comp="1413" pin=2"/></net>

<net id="1422"><net_src comp="282" pin="0"/><net_sink comp="1413" pin=3"/></net>

<net id="1428"><net_src comp="951" pin="2"/><net_sink comp="1423" pin=0"/></net>

<net id="1429"><net_src comp="1413" pin="4"/><net_sink comp="1423" pin=1"/></net>

<net id="1430"><net_src comp="16" pin="0"/><net_sink comp="1423" pin=2"/></net>

<net id="1437"><net_src comp="102" pin="0"/><net_sink comp="1431" pin=0"/></net>

<net id="1438"><net_src comp="336" pin="2"/><net_sink comp="1431" pin=1"/></net>

<net id="1439"><net_src comp="284" pin="0"/><net_sink comp="1431" pin=2"/></net>

<net id="1440"><net_src comp="286" pin="0"/><net_sink comp="1431" pin=3"/></net>

<net id="1446"><net_src comp="909" pin="2"/><net_sink comp="1441" pin=0"/></net>

<net id="1447"><net_src comp="1431" pin="4"/><net_sink comp="1441" pin=1"/></net>

<net id="1448"><net_src comp="16" pin="0"/><net_sink comp="1441" pin=2"/></net>

<net id="1455"><net_src comp="102" pin="0"/><net_sink comp="1449" pin=0"/></net>

<net id="1456"><net_src comp="336" pin="2"/><net_sink comp="1449" pin=1"/></net>

<net id="1457"><net_src comp="288" pin="0"/><net_sink comp="1449" pin=2"/></net>

<net id="1458"><net_src comp="290" pin="0"/><net_sink comp="1449" pin=3"/></net>

<net id="1464"><net_src comp="867" pin="2"/><net_sink comp="1459" pin=0"/></net>

<net id="1465"><net_src comp="1449" pin="4"/><net_sink comp="1459" pin=1"/></net>

<net id="1466"><net_src comp="16" pin="0"/><net_sink comp="1459" pin=2"/></net>

<net id="1473"><net_src comp="102" pin="0"/><net_sink comp="1467" pin=0"/></net>

<net id="1474"><net_src comp="336" pin="2"/><net_sink comp="1467" pin=1"/></net>

<net id="1475"><net_src comp="292" pin="0"/><net_sink comp="1467" pin=2"/></net>

<net id="1476"><net_src comp="294" pin="0"/><net_sink comp="1467" pin=3"/></net>

<net id="1482"><net_src comp="825" pin="2"/><net_sink comp="1477" pin=0"/></net>

<net id="1483"><net_src comp="1467" pin="4"/><net_sink comp="1477" pin=1"/></net>

<net id="1484"><net_src comp="16" pin="0"/><net_sink comp="1477" pin=2"/></net>

<net id="1491"><net_src comp="102" pin="0"/><net_sink comp="1485" pin=0"/></net>

<net id="1492"><net_src comp="336" pin="2"/><net_sink comp="1485" pin=1"/></net>

<net id="1493"><net_src comp="296" pin="0"/><net_sink comp="1485" pin=2"/></net>

<net id="1494"><net_src comp="298" pin="0"/><net_sink comp="1485" pin=3"/></net>

<net id="1500"><net_src comp="783" pin="2"/><net_sink comp="1495" pin=0"/></net>

<net id="1501"><net_src comp="1485" pin="4"/><net_sink comp="1495" pin=1"/></net>

<net id="1502"><net_src comp="16" pin="0"/><net_sink comp="1495" pin=2"/></net>

<net id="1509"><net_src comp="102" pin="0"/><net_sink comp="1503" pin=0"/></net>

<net id="1510"><net_src comp="336" pin="2"/><net_sink comp="1503" pin=1"/></net>

<net id="1511"><net_src comp="300" pin="0"/><net_sink comp="1503" pin=2"/></net>

<net id="1512"><net_src comp="302" pin="0"/><net_sink comp="1503" pin=3"/></net>

<net id="1518"><net_src comp="741" pin="2"/><net_sink comp="1513" pin=0"/></net>

<net id="1519"><net_src comp="1503" pin="4"/><net_sink comp="1513" pin=1"/></net>

<net id="1520"><net_src comp="16" pin="0"/><net_sink comp="1513" pin=2"/></net>

<net id="1527"><net_src comp="102" pin="0"/><net_sink comp="1521" pin=0"/></net>

<net id="1528"><net_src comp="336" pin="2"/><net_sink comp="1521" pin=1"/></net>

<net id="1529"><net_src comp="304" pin="0"/><net_sink comp="1521" pin=2"/></net>

<net id="1530"><net_src comp="306" pin="0"/><net_sink comp="1521" pin=3"/></net>

<net id="1536"><net_src comp="699" pin="2"/><net_sink comp="1531" pin=0"/></net>

<net id="1537"><net_src comp="1521" pin="4"/><net_sink comp="1531" pin=1"/></net>

<net id="1538"><net_src comp="16" pin="0"/><net_sink comp="1531" pin=2"/></net>

<net id="1545"><net_src comp="102" pin="0"/><net_sink comp="1539" pin=0"/></net>

<net id="1546"><net_src comp="336" pin="2"/><net_sink comp="1539" pin=1"/></net>

<net id="1547"><net_src comp="308" pin="0"/><net_sink comp="1539" pin=2"/></net>

<net id="1548"><net_src comp="310" pin="0"/><net_sink comp="1539" pin=3"/></net>

<net id="1554"><net_src comp="657" pin="2"/><net_sink comp="1549" pin=0"/></net>

<net id="1555"><net_src comp="1539" pin="4"/><net_sink comp="1549" pin=1"/></net>

<net id="1556"><net_src comp="16" pin="0"/><net_sink comp="1549" pin=2"/></net>

<net id="1563"><net_src comp="102" pin="0"/><net_sink comp="1557" pin=0"/></net>

<net id="1564"><net_src comp="336" pin="2"/><net_sink comp="1557" pin=1"/></net>

<net id="1565"><net_src comp="312" pin="0"/><net_sink comp="1557" pin=2"/></net>

<net id="1566"><net_src comp="314" pin="0"/><net_sink comp="1557" pin=3"/></net>

<net id="1572"><net_src comp="615" pin="2"/><net_sink comp="1567" pin=0"/></net>

<net id="1573"><net_src comp="1557" pin="4"/><net_sink comp="1567" pin=1"/></net>

<net id="1574"><net_src comp="16" pin="0"/><net_sink comp="1567" pin=2"/></net>

<net id="1581"><net_src comp="102" pin="0"/><net_sink comp="1575" pin=0"/></net>

<net id="1582"><net_src comp="336" pin="2"/><net_sink comp="1575" pin=1"/></net>

<net id="1583"><net_src comp="316" pin="0"/><net_sink comp="1575" pin=2"/></net>

<net id="1584"><net_src comp="318" pin="0"/><net_sink comp="1575" pin=3"/></net>

<net id="1590"><net_src comp="573" pin="2"/><net_sink comp="1585" pin=0"/></net>

<net id="1591"><net_src comp="1575" pin="4"/><net_sink comp="1585" pin=1"/></net>

<net id="1592"><net_src comp="16" pin="0"/><net_sink comp="1585" pin=2"/></net>

<net id="1599"><net_src comp="102" pin="0"/><net_sink comp="1593" pin=0"/></net>

<net id="1600"><net_src comp="336" pin="2"/><net_sink comp="1593" pin=1"/></net>

<net id="1601"><net_src comp="320" pin="0"/><net_sink comp="1593" pin=2"/></net>

<net id="1602"><net_src comp="322" pin="0"/><net_sink comp="1593" pin=3"/></net>

<net id="1608"><net_src comp="531" pin="2"/><net_sink comp="1603" pin=0"/></net>

<net id="1609"><net_src comp="1593" pin="4"/><net_sink comp="1603" pin=1"/></net>

<net id="1610"><net_src comp="16" pin="0"/><net_sink comp="1603" pin=2"/></net>

<net id="1668"><net_src comp="324" pin="0"/><net_sink comp="1611" pin=0"/></net>

<net id="1669"><net_src comp="1279" pin="3"/><net_sink comp="1611" pin=1"/></net>

<net id="1670"><net_src comp="1297" pin="3"/><net_sink comp="1611" pin=2"/></net>

<net id="1671"><net_src comp="1271" pin="3"/><net_sink comp="1611" pin=3"/></net>

<net id="1672"><net_src comp="1237" pin="3"/><net_sink comp="1611" pin=4"/></net>

<net id="1673"><net_src comp="1315" pin="3"/><net_sink comp="1611" pin=5"/></net>

<net id="1674"><net_src comp="1229" pin="3"/><net_sink comp="1611" pin=6"/></net>

<net id="1675"><net_src comp="1195" pin="3"/><net_sink comp="1611" pin=7"/></net>

<net id="1676"><net_src comp="1333" pin="3"/><net_sink comp="1611" pin=8"/></net>

<net id="1677"><net_src comp="1187" pin="3"/><net_sink comp="1611" pin=9"/></net>

<net id="1678"><net_src comp="1153" pin="3"/><net_sink comp="1611" pin=10"/></net>

<net id="1679"><net_src comp="1351" pin="3"/><net_sink comp="1611" pin=11"/></net>

<net id="1680"><net_src comp="1145" pin="3"/><net_sink comp="1611" pin=12"/></net>

<net id="1681"><net_src comp="1111" pin="3"/><net_sink comp="1611" pin=13"/></net>

<net id="1682"><net_src comp="1369" pin="3"/><net_sink comp="1611" pin=14"/></net>

<net id="1683"><net_src comp="1103" pin="3"/><net_sink comp="1611" pin=15"/></net>

<net id="1684"><net_src comp="1069" pin="3"/><net_sink comp="1611" pin=16"/></net>

<net id="1685"><net_src comp="1387" pin="3"/><net_sink comp="1611" pin=17"/></net>

<net id="1686"><net_src comp="1061" pin="3"/><net_sink comp="1611" pin=18"/></net>

<net id="1687"><net_src comp="1027" pin="3"/><net_sink comp="1611" pin=19"/></net>

<net id="1688"><net_src comp="1405" pin="3"/><net_sink comp="1611" pin=20"/></net>

<net id="1689"><net_src comp="1019" pin="3"/><net_sink comp="1611" pin=21"/></net>

<net id="1690"><net_src comp="985" pin="3"/><net_sink comp="1611" pin=22"/></net>

<net id="1691"><net_src comp="1423" pin="3"/><net_sink comp="1611" pin=23"/></net>

<net id="1692"><net_src comp="977" pin="3"/><net_sink comp="1611" pin=24"/></net>

<net id="1693"><net_src comp="943" pin="3"/><net_sink comp="1611" pin=25"/></net>

<net id="1694"><net_src comp="1441" pin="3"/><net_sink comp="1611" pin=26"/></net>

<net id="1695"><net_src comp="935" pin="3"/><net_sink comp="1611" pin=27"/></net>

<net id="1696"><net_src comp="901" pin="3"/><net_sink comp="1611" pin=28"/></net>

<net id="1697"><net_src comp="1459" pin="3"/><net_sink comp="1611" pin=29"/></net>

<net id="1698"><net_src comp="893" pin="3"/><net_sink comp="1611" pin=30"/></net>

<net id="1699"><net_src comp="859" pin="3"/><net_sink comp="1611" pin=31"/></net>

<net id="1700"><net_src comp="1477" pin="3"/><net_sink comp="1611" pin=32"/></net>

<net id="1701"><net_src comp="851" pin="3"/><net_sink comp="1611" pin=33"/></net>

<net id="1702"><net_src comp="817" pin="3"/><net_sink comp="1611" pin=34"/></net>

<net id="1703"><net_src comp="1495" pin="3"/><net_sink comp="1611" pin=35"/></net>

<net id="1704"><net_src comp="809" pin="3"/><net_sink comp="1611" pin=36"/></net>

<net id="1705"><net_src comp="775" pin="3"/><net_sink comp="1611" pin=37"/></net>

<net id="1706"><net_src comp="1513" pin="3"/><net_sink comp="1611" pin=38"/></net>

<net id="1707"><net_src comp="767" pin="3"/><net_sink comp="1611" pin=39"/></net>

<net id="1708"><net_src comp="733" pin="3"/><net_sink comp="1611" pin=40"/></net>

<net id="1709"><net_src comp="1531" pin="3"/><net_sink comp="1611" pin=41"/></net>

<net id="1710"><net_src comp="725" pin="3"/><net_sink comp="1611" pin=42"/></net>

<net id="1711"><net_src comp="691" pin="3"/><net_sink comp="1611" pin=43"/></net>

<net id="1712"><net_src comp="1549" pin="3"/><net_sink comp="1611" pin=44"/></net>

<net id="1713"><net_src comp="683" pin="3"/><net_sink comp="1611" pin=45"/></net>

<net id="1714"><net_src comp="649" pin="3"/><net_sink comp="1611" pin=46"/></net>

<net id="1715"><net_src comp="1567" pin="3"/><net_sink comp="1611" pin=47"/></net>

<net id="1716"><net_src comp="641" pin="3"/><net_sink comp="1611" pin=48"/></net>

<net id="1717"><net_src comp="607" pin="3"/><net_sink comp="1611" pin=49"/></net>

<net id="1718"><net_src comp="1585" pin="3"/><net_sink comp="1611" pin=50"/></net>

<net id="1719"><net_src comp="599" pin="3"/><net_sink comp="1611" pin=51"/></net>

<net id="1720"><net_src comp="565" pin="3"/><net_sink comp="1611" pin=52"/></net>

<net id="1721"><net_src comp="1603" pin="3"/><net_sink comp="1611" pin=53"/></net>

<net id="1722"><net_src comp="557" pin="3"/><net_sink comp="1611" pin=54"/></net>

<net id="1723"><net_src comp="1611" pin="55"/><net_sink comp="342" pin=2"/></net>

<net id="1728"><net_src comp="354" pin="1"/><net_sink comp="1724" pin=0"/></net>

<net id="1729"><net_src comp="328" pin="0"/><net_sink comp="1724" pin=1"/></net>

<net id="1734"><net_src comp="354" pin="1"/><net_sink comp="1730" pin=0"/></net>

<net id="1735"><net_src comp="330" pin="0"/><net_sink comp="1730" pin=1"/></net>

<net id="1740"><net_src comp="1724" pin="2"/><net_sink comp="1736" pin=0"/></net>

<net id="1744"><net_src comp="332" pin="1"/><net_sink comp="1741" pin=0"/></net>

<net id="1745"><net_src comp="1741" pin="1"/><net_sink comp="349" pin=1"/></net>

<net id="1746"><net_src comp="1741" pin="1"/><net_sink comp="354" pin=0"/></net>

<net id="1747"><net_src comp="1741" pin="1"/><net_sink comp="1736" pin=1"/></net>

</net_list>

</model> 
---------------- Datapath Model END ------------------

* FSMD analyzer results:
  - Output states:
	Port: layer8_out | {1 }
 - Input state : 
	Port: relu<array<ap_fixed,18u>,array<ap_fixed<18,8,5,3,0>,18u>,relu_config8> : layer7_out | {1 }
  - Chain level:
	State 1
		store_ln0 : 1
		i1_load : 1
		icmp_ln51 : 1
		out_data_sroa_0_0_0 : 2
		empty : 2
		icmp_ln51_1 : 1
		out_data_sroa_5130_0_0 : 2
		empty_47 : 2
		icmp_ln51_2 : 1
		out_data_sroa_8134_0_0 : 2
		empty_48 : 2
		icmp_ln51_3 : 1
		out_data_sroa_11138_0_0 : 2
		empty_49 : 2
		icmp_ln51_4 : 1
		out_data_sroa_14142_0_0 : 2
		empty_50 : 2
		icmp_ln51_5 : 1
		out_data_sroa_17146_0_0 : 2
		empty_51 : 2
		icmp_ln51_6 : 1
		out_data_sroa_20150_0_0 : 2
		empty_52 : 2
		icmp_ln51_7 : 1
		out_data_sroa_23154_0_0 : 2
		empty_53 : 2
		icmp_ln51_8 : 1
		out_data_sroa_26158_0_0 : 2
		empty_54 : 2
		icmp_ln51_9 : 1
		out_data_sroa_29162_0_0 : 2
		empty_55 : 2
		icmp_ln51_10 : 1
		out_data_sroa_32166_0_0 : 2
		empty_56 : 2
		icmp_ln51_11 : 1
		out_data_sroa_35170_0_0 : 2
		empty_57 : 2
		icmp_ln51_12 : 1
		out_data_sroa_38174_0_0 : 2
		empty_58 : 2
		icmp_ln51_13 : 1
		out_data_sroa_41178_0_0 : 2
		empty_59 : 2
		icmp_ln51_14 : 1
		out_data_sroa_44182_0_0 : 2
		empty_60 : 2
		icmp_ln51_15 : 1
		out_data_sroa_47186_0_0 : 2
		empty_61 : 2
		icmp_ln51_16 : 1
		out_data_sroa_50190_0_0 : 2
		empty_62 : 2
		icmp_ln51_17 : 1
		out_data_sroa_53194_0_0 : 2
		storemerge : 2
		empty_63 : 2
		empty_64 : 2
		empty_65 : 2
		empty_66 : 2
		empty_67 : 2
		empty_68 : 2
		empty_69 : 2
		empty_70 : 2
		empty_71 : 2
		empty_72 : 2
		empty_73 : 2
		empty_74 : 2
		empty_75 : 2
		empty_76 : 2
		empty_77 : 2
		empty_78 : 2
		empty_79 : 2
		empty_80 : 2
		or_ln57_s : 3
		write_ln57 : 4
		i : 2
		icmp_ln41 : 2
		store_ln41 : 3
		br_ln41 : 3


============================================================
+ Verbose Summary: Datapath Resource usage 
============================================================

* Functional unit list:
|----------|---------------------------------|---------|---------|
| Operation|         Functional Unit         |    FF   |   LUT   |
|----------|---------------------------------|---------|---------|
|          |         icmp_ln51_fu_531        |    0    |    44   |
|          |        icmp_ln51_1_fu_573       |    0    |    44   |
|          |        icmp_ln51_2_fu_615       |    0    |    44   |
|          |        icmp_ln51_3_fu_657       |    0    |    44   |
|          |        icmp_ln51_4_fu_699       |    0    |    44   |
|          |        icmp_ln51_5_fu_741       |    0    |    44   |
|          |        icmp_ln51_6_fu_783       |    0    |    44   |
|          |        icmp_ln51_7_fu_825       |    0    |    44   |
|          |        icmp_ln51_8_fu_867       |    0    |    44   |
|   icmp   |        icmp_ln51_9_fu_909       |    0    |    44   |
|          |       icmp_ln51_10_fu_951       |    0    |    44   |
|          |       icmp_ln51_11_fu_993       |    0    |    44   |
|          |       icmp_ln51_12_fu_1035      |    0    |    44   |
|          |       icmp_ln51_13_fu_1077      |    0    |    44   |
|          |       icmp_ln51_14_fu_1119      |    0    |    44   |
|          |       icmp_ln51_15_fu_1161      |    0    |    44   |
|          |       icmp_ln51_16_fu_1203      |    0    |    44   |
|          |       icmp_ln51_17_fu_1245      |    0    |    44   |
|          |        icmp_ln41_fu_1730        |    0    |    15   |
|----------|---------------------------------|---------|---------|
|          |    out_data_sroa_0_0_0_fu_557   |    0    |    8    |
|          |           empty_fu_565          |    0    |    2    |
|          |  out_data_sroa_5130_0_0_fu_599  |    0    |    8    |
|          |         empty_47_fu_607         |    0    |    2    |
|          |  out_data_sroa_8134_0_0_fu_641  |    0    |    8    |
|          |         empty_48_fu_649         |    0    |    2    |
|          |  out_data_sroa_11138_0_0_fu_683 |    0    |    8    |
|          |         empty_49_fu_691         |    0    |    2    |
|          |  out_data_sroa_14142_0_0_fu_725 |    0    |    8    |
|          |         empty_50_fu_733         |    0    |    2    |
|          |  out_data_sroa_17146_0_0_fu_767 |    0    |    8    |
|          |         empty_51_fu_775         |    0    |    2    |
|          |  out_data_sroa_20150_0_0_fu_809 |    0    |    8    |
|          |         empty_52_fu_817         |    0    |    2    |
|          |  out_data_sroa_23154_0_0_fu_851 |    0    |    8    |
|          |         empty_53_fu_859         |    0    |    2    |
|          |  out_data_sroa_26158_0_0_fu_893 |    0    |    8    |
|          |         empty_54_fu_901         |    0    |    2    |
|          |  out_data_sroa_29162_0_0_fu_935 |    0    |    8    |
|          |         empty_55_fu_943         |    0    |    2    |
|          |  out_data_sroa_32166_0_0_fu_977 |    0    |    8    |
|          |         empty_56_fu_985         |    0    |    2    |
|          | out_data_sroa_35170_0_0_fu_1019 |    0    |    8    |
|          |         empty_57_fu_1027        |    0    |    2    |
|          | out_data_sroa_38174_0_0_fu_1061 |    0    |    8    |
|          |         empty_58_fu_1069        |    0    |    2    |
|  select  | out_data_sroa_41178_0_0_fu_1103 |    0    |    8    |
|          |         empty_59_fu_1111        |    0    |    2    |
|          | out_data_sroa_44182_0_0_fu_1145 |    0    |    8    |
|          |         empty_60_fu_1153        |    0    |    2    |
|          | out_data_sroa_47186_0_0_fu_1187 |    0    |    8    |
|          |         empty_61_fu_1195        |    0    |    2    |
|          | out_data_sroa_50190_0_0_fu_1229 |    0    |    8    |
|          |         empty_62_fu_1237        |    0    |    2    |
|          | out_data_sroa_53194_0_0_fu_1271 |    0    |    8    |
|          |        storemerge_fu_1279       |    0    |    2    |
|          |         empty_63_fu_1297        |    0    |    8    |
|          |         empty_64_fu_1315        |    0    |    8    |
|          |         empty_65_fu_1333        |    0    |    8    |
|          |         empty_66_fu_1351        |    0    |    8    |
|          |         empty_67_fu_1369        |    0    |    8    |
|          |         empty_68_fu_1387        |    0    |    8    |
|          |         empty_69_fu_1405        |    0    |    8    |
|          |         empty_70_fu_1423        |    0    |    8    |
|          |         empty_71_fu_1441        |    0    |    8    |
|          |         empty_72_fu_1459        |    0    |    8    |
|          |         empty_73_fu_1477        |    0    |    8    |
|          |         empty_74_fu_1495        |    0    |    8    |
|          |         empty_75_fu_1513        |    0    |    8    |
|          |         empty_76_fu_1531        |    0    |    8    |
|          |         empty_77_fu_1549        |    0    |    8    |
|          |         empty_78_fu_1567        |    0    |    8    |
|          |         empty_79_fu_1585        |    0    |    8    |
|          |         empty_80_fu_1603        |    0    |    8    |
|----------|---------------------------------|---------|---------|
|    add   |            i_fu_1724            |    0    |    15   |
|----------|---------------------------------|---------|---------|
|   read   |   layer7_out_read_read_fu_336   |    0    |    0    |
|----------|---------------------------------|---------|---------|
|   write  |     write_ln57_write_fu_342     |    0    |    0    |
|----------|---------------------------------|---------|---------|
|   trunc  |        trunc_ln44_fu_357        |    0    |    0    |
|----------|---------------------------------|---------|---------|
|          |       trunc_ln44_1_fu_361       |    0    |    0    |
|          |       trunc_ln44_2_fu_371       |    0    |    0    |
|          |       trunc_ln44_3_fu_381       |    0    |    0    |
|          |       trunc_ln44_4_fu_391       |    0    |    0    |
|          |       trunc_ln44_5_fu_401       |    0    |    0    |
|          |       trunc_ln44_6_fu_411       |    0    |    0    |
|          |       trunc_ln44_7_fu_421       |    0    |    0    |
|          |       trunc_ln44_8_fu_431       |    0    |    0    |
|          |       trunc_ln44_9_fu_441       |    0    |    0    |
|          |       trunc_ln44_s_fu_451       |    0    |    0    |
|          |       trunc_ln44_10_fu_461      |    0    |    0    |
|          |       trunc_ln44_11_fu_471      |    0    |    0    |
|          |       trunc_ln44_12_fu_481      |    0    |    0    |
|          |       trunc_ln44_13_fu_491      |    0    |    0    |
|          |       trunc_ln44_14_fu_501      |    0    |    0    |
|          |       trunc_ln44_15_fu_511      |    0    |    0    |
|          |       trunc_ln44_16_fu_521      |    0    |    0    |
|          |         trunc_ln1_fu_537        |    0    |    0    |
|          |       trunc_ln52_2_fu_547       |    0    |    0    |
|          |       trunc_ln52_3_fu_579       |    0    |    0    |
|          |       trunc_ln52_5_fu_589       |    0    |    0    |
|          |       trunc_ln52_6_fu_621       |    0    |    0    |
|          |       trunc_ln52_8_fu_631       |    0    |    0    |
|          |       trunc_ln52_9_fu_663       |    0    |    0    |
|          |       trunc_ln52_s_fu_673       |    0    |    0    |
|          |       trunc_ln52_1_fu_705       |    0    |    0    |
|          |       trunc_ln52_4_fu_715       |    0    |    0    |
|          |       trunc_ln52_7_fu_747       |    0    |    0    |
|          |       trunc_ln52_10_fu_757      |    0    |    0    |
|          |       trunc_ln52_11_fu_789      |    0    |    0    |
|          |       trunc_ln52_12_fu_799      |    0    |    0    |
|          |       trunc_ln52_13_fu_831      |    0    |    0    |
|          |       trunc_ln52_14_fu_841      |    0    |    0    |
|          |       trunc_ln52_15_fu_873      |    0    |    0    |
|          |       trunc_ln52_16_fu_883      |    0    |    0    |
|partselect|       trunc_ln52_17_fu_915      |    0    |    0    |
|          |       trunc_ln52_18_fu_925      |    0    |    0    |
|          |       trunc_ln52_19_fu_957      |    0    |    0    |
|          |       trunc_ln52_20_fu_967      |    0    |    0    |
|          |       trunc_ln52_21_fu_999      |    0    |    0    |
|          |      trunc_ln52_22_fu_1009      |    0    |    0    |
|          |      trunc_ln52_23_fu_1041      |    0    |    0    |
|          |      trunc_ln52_24_fu_1051      |    0    |    0    |
|          |      trunc_ln52_25_fu_1083      |    0    |    0    |
|          |      trunc_ln52_26_fu_1093      |    0    |    0    |
|          |      trunc_ln52_27_fu_1125      |    0    |    0    |
|          |      trunc_ln52_28_fu_1135      |    0    |    0    |
|          |      trunc_ln52_29_fu_1167      |    0    |    0    |
|          |      trunc_ln52_30_fu_1177      |    0    |    0    |
|          |      trunc_ln52_31_fu_1209      |    0    |    0    |
|          |      trunc_ln52_32_fu_1219      |    0    |    0    |
|          |      trunc_ln52_33_fu_1251      |    0    |    0    |
|          |      trunc_ln52_34_fu_1261      |    0    |    0    |
|          |           tmp_fu_1287           |    0    |    0    |
|          |          tmp_1_fu_1305          |    0    |    0    |
|          |          tmp_2_fu_1323          |    0    |    0    |
|          |          tmp_3_fu_1341          |    0    |    0    |
|          |          tmp_4_fu_1359          |    0    |    0    |
|          |          tmp_5_fu_1377          |    0    |    0    |
|          |          tmp_6_fu_1395          |    0    |    0    |
|          |          tmp_7_fu_1413          |    0    |    0    |
|          |          tmp_8_fu_1431          |    0    |    0    |
|          |          tmp_9_fu_1449          |    0    |    0    |
|          |          tmp_s_fu_1467          |    0    |    0    |
|          |          tmp_10_fu_1485         |    0    |    0    |
|          |          tmp_11_fu_1503         |    0    |    0    |
|          |          tmp_12_fu_1521         |    0    |    0    |
|          |          tmp_13_fu_1539         |    0    |    0    |
|          |          tmp_14_fu_1557         |    0    |    0    |
|          |          tmp_15_fu_1575         |    0    |    0    |
|          |          tmp_16_fu_1593         |    0    |    0    |
|----------|---------------------------------|---------|---------|
|bitconcatenate|        or_ln57_s_fu_1611        |    0    |    0    |
|----------|---------------------------------|---------|---------|
|   Total  |                                 |    0    |   1146  |
|----------|---------------------------------|---------|---------|

Memories:
N/A

* Register list:
+-----------+--------+
|           |   FF   |
+-----------+--------+
|i1_reg_1741|    8   |
+-----------+--------+
|   Total   |    8   |
+-----------+--------+

* Multiplexer (MUX) list: 
|--------|------|------|------|--------|
|  Comp  |  Pin | Size |  BW  | S x BW |
|--------|------|------|------|--------|
|  Total |      |      |      |    0   |
|--------|------|------|------|--------|



* Summary:
+-----------+--------+--------+
|           |   FF   |   LUT  |
+-----------+--------+--------+
|  Function |    0   |  1146  |
|   Memory  |    -   |    -   |
|Multiplexer|    -   |    -   |
|  Register |    8   |    -   |
+-----------+--------+--------+
|   Total   |    8   |  1146  |
+-----------+--------+--------+
