

================================================================
== Vitis HLS Report for 'relu_array_ap_fixed_12u_array_ap_fixed_20_10_5_3_0_12u_relu_config4_s'
================================================================
* Date:           Sun Aug 30 16:00:08 2026

* Version:        2024.1 (Build 5069499 on May 21 2024)
* Project:        myproject_prj
* Solution:       solution1 (Vivado IP Flow Target)
* Product family: zynq
* Target device:  xc7z020-clg400-1


================================================================
== Performance Estimates
================================================================
+ Timing: 
    * Summary: 
    +--------+----------+-----------+------------+
    |  Clock |  Target  | Estimated | Uncertainty|
    +--------+----------+-----------+------------+
    |ap_clk  |  20.00 ns|  11.125 ns|     5.40 ns|
    +--------+----------+-----------+------------+

+ Latency: 
    * Summary: 
    +---------+---------+-----------+-----------+------+------+-----------------------------------------------+
    |  Latency (cycles) |   Latency (absolute)  |   Interval  |                    Pipeline                   |
    |   min   |   max   |    min    |    max    |  min |  max |                      Type                     |
    +---------+---------+-----------+-----------+------+------+-----------------------------------------------+
    |     1021|     1021|  20.420 us|  20.420 us|  1020|  1020|  loop auto-rewind stp(delay=0 clock cycles(s))|
    +---------+---------+-----------+-----------+------+------+-----------------------------------------------+

    + Detail: 
        * Instance: 
        N/A

        * Loop: 
        +---------------+---------+---------+----------+-----------+-----------+------+----------+
        |               |  Latency (cycles) | Iteration|  Initiation Interval  | Trip |          |
        |   Loop Name   |   min   |   max   |  Latency |  achieved |   target  | Count| Pipelined|
        +---------------+---------+---------+----------+-----------+-----------+------+----------+
        |- ReLUActLoop  |     1019|     1019|         1|          1|          1|  1020|       yes|
        +---------------+---------+---------+----------+-----------+-----------+------+----------+

============================================================
+ Verbose Summary: Synthesis Manager
============================================================
InlineROM: 1
ExposeGlobal: 0
============================================================
+ Verbose Summary: CDFG Model
============================================================
IsTopModel: 0
ResetActiveHigh: 1
IsCombinational: 2
IsDatapathOnly: 0
HasWiredReturn: 1
HasMFsm: 2
HasVarLatency: 1
IsPipeline: 0
IsRtlPipelined: 0
IsInstanceOverlapped: 0
IsDontTouch: 0
HasImplIP: 0
IsGatedGlobalClock: 0

+ Individual pipeline summary: 
  * Pipeline-0: initiation interval (II) = 1, depth = 1


============================================================
+ Verbose Summary: Schedule
============================================================
* Number of FSM states : 1
* Pipeline : 1
  Pipeline-0 : II = 1, D = 1, States = { 1 }
* Dataflow Pipeline: 0

* FSM state transitions: 
1 --> 

* FSM state operations: 

State 1 <SV = 0> <Delay = 11.1>
ST_1 : Operation 4 [1/1] (0.00ns)   --->   "%i1 = alloca i32 1"   --->   Operation 4 'alloca' 'i1' <Predicate = true> <Delay = 0.00>
ST_1 : Operation 5 [1/1] (0.00ns)   --->   "%specinterface_ln0 = specinterface void @_ssdm_op_SpecInterface, i240 %layer4_out, void @empty_6, i32 0, i32 0, void @empty_5, i32 0, i32 0, void @empty_5, void @empty_5, void @empty_5, i32 0, i32 0, i32 0, i32 0, void @empty_5, void @empty_5, i32 4294967295, i32 0, i32 0"   --->   Operation 5 'specinterface' 'specinterface_ln0' <Predicate = true> <Delay = 0.00>
ST_1 : Operation 6 [1/1] (0.00ns)   --->   "%specinterface_ln0 = specinterface void @_ssdm_op_SpecInterface, i468 %layer3_out, void @empty_6, i32 0, i32 0, void @empty_5, i32 0, i32 0, void @empty_5, void @empty_5, void @empty_5, i32 0, i32 0, i32 0, i32 0, void @empty_5, void @empty_5, i32 4294967295, i32 0, i32 0"   --->   Operation 6 'specinterface' 'specinterface_ln0' <Predicate = true> <Delay = 0.00>
ST_1 : Operation 7 [1/1] (1.58ns)   --->   "%store_ln0 = store i10 0, i10 %i1"   --->   Operation 7 'store' 'store_ln0' <Predicate = true> <Delay = 1.58>
ST_1 : Operation 8 [1/1] (0.00ns)   --->   "%br_ln41 = br void %ReLUPackLoop.split_ifconv" [firmware/nnet_utils/nnet_activation_stream.h:41]   --->   Operation 8 'br' 'br_ln41' <Predicate = true> <Delay = 0.00>
ST_1 : Operation 9 [1/1] (0.00ns)   --->   "%i1_load = load i10 %i1" [firmware/nnet_utils/nnet_activation_stream.h:41]   --->   Operation 9 'load' 'i1_load' <Predicate = true> <Delay = 0.00>
ST_1 : Operation 10 [1/1] (0.00ns)   --->   "%specpipeline_ln42 = specpipeline void @_ssdm_op_SpecPipeline, i32 4294967295, i32 0, i32 0, i32 0, void @empty_5" [firmware/nnet_utils/nnet_activation_stream.h:42]   --->   Operation 10 'specpipeline' 'specpipeline_ln42' <Predicate = true> <Delay = 0.00>
ST_1 : Operation 11 [1/1] (0.00ns)   --->   "%speclooptripcount_ln41 = speclooptripcount void @_ssdm_op_SpecLoopTripCount, i64 1020, i64 1020, i64 1020" [firmware/nnet_utils/nnet_activation_stream.h:41]   --->   Operation 11 'speclooptripcount' 'speclooptripcount_ln41' <Predicate = true> <Delay = 0.00>
ST_1 : Operation 12 [1/1] (0.00ns)   --->   "%specloopname_ln41 = specloopname void @_ssdm_op_SpecLoopName, void @empty_2" [firmware/nnet_utils/nnet_activation_stream.h:41]   --->   Operation 12 'specloopname' 'specloopname_ln41' <Predicate = true> <Delay = 0.00>
ST_1 : Operation 13 [1/1] (3.52ns)   --->   "%layer3_out_read = read i468 @_ssdm_op_Read.ap_fifo.volatile.i468P0A, i468 %layer3_out" [firmware/nnet_utils/nnet_activation_stream.h:44]   --->   Operation 13 'read' 'layer3_out_read' <Predicate = true> <Delay = 3.52> <CoreInst = "FIFO">   --->   Core 77 'FIFO' <Latency = 0> <II = 1> <Delay = 3.52> <Storage> <Opcode : 'read' 'write' 'nbread' 'nbwrite'> <Ports = 0> <Width = 468> <Depth = 1020> <FIFO>
ST_1 : Operation 14 [1/1] (0.00ns)   --->   "%trunc_ln44 = trunc i468 %layer3_out_read" [firmware/nnet_utils/nnet_activation_stream.h:44]   --->   Operation 14 'trunc' 'trunc_ln44' <Predicate = true> <Delay = 0.00>
ST_1 : Operation 15 [1/1] (0.00ns)   --->   "%trunc_ln44_s = partselect i39 @_ssdm_op_PartSelect.i39.i468.i32.i32, i468 %layer3_out_read, i32 39, i32 77" [firmware/nnet_utils/nnet_activation_stream.h:44]   --->   Operation 15 'partselect' 'trunc_ln44_s' <Predicate = true> <Delay = 0.00>
ST_1 : Operation 16 [1/1] (0.00ns)   --->   "%trunc_ln44_17 = partselect i39 @_ssdm_op_PartSelect.i39.i468.i32.i32, i468 %layer3_out_read, i32 78, i32 116" [firmware/nnet_utils/nnet_activation_stream.h:44]   --->   Operation 16 'partselect' 'trunc_ln44_17' <Predicate = true> <Delay = 0.00>
ST_1 : Operation 17 [1/1] (0.00ns)   --->   "%trunc_ln44_18 = partselect i39 @_ssdm_op_PartSelect.i39.i468.i32.i32, i468 %layer3_out_read, i32 117, i32 155" [firmware/nnet_utils/nnet_activation_stream.h:44]   --->   Operation 17 'partselect' 'trunc_ln44_18' <Predicate = true> <Delay = 0.00>
ST_1 : Operation 18 [1/1] (0.00ns)   --->   "%trunc_ln44_19 = partselect i39 @_ssdm_op_PartSelect.i39.i468.i32.i32, i468 %layer3_out_read, i32 156, i32 194" [firmware/nnet_utils/nnet_activation_stream.h:44]   --->   Operation 18 'partselect' 'trunc_ln44_19' <Predicate = true> <Delay = 0.00>
ST_1 : Operation 19 [1/1] (0.00ns)   --->   "%trunc_ln44_20 = partselect i39 @_ssdm_op_PartSelect.i39.i468.i32.i32, i468 %layer3_out_read, i32 195, i32 233" [firmware/nnet_utils/nnet_activation_stream.h:44]   --->   Operation 19 'partselect' 'trunc_ln44_20' <Predicate = true> <Delay = 0.00>
ST_1 : Operation 20 [1/1] (0.00ns)   --->   "%trunc_ln44_21 = partselect i39 @_ssdm_op_PartSelect.i39.i468.i32.i32, i468 %layer3_out_read, i32 234, i32 272" [firmware/nnet_utils/nnet_activation_stream.h:44]   --->   Operation 20 'partselect' 'trunc_ln44_21' <Predicate = true> <Delay = 0.00>
ST_1 : Operation 21 [1/1] (0.00ns)   --->   "%trunc_ln44_22 = partselect i39 @_ssdm_op_PartSelect.i39.i468.i32.i32, i468 %layer3_out_read, i32 273, i32 311" [firmware/nnet_utils/nnet_activation_stream.h:44]   --->   Operation 21 'partselect' 'trunc_ln44_22' <Predicate = true> <Delay = 0.00>
ST_1 : Operation 22 [1/1] (0.00ns)   --->   "%trunc_ln44_23 = partselect i39 @_ssdm_op_PartSelect.i39.i468.i32.i32, i468 %layer3_out_read, i32 312, i32 350" [firmware/nnet_utils/nnet_activation_stream.h:44]   --->   Operation 22 'partselect' 'trunc_ln44_23' <Predicate = true> <Delay = 0.00>
ST_1 : Operation 23 [1/1] (0.00ns)   --->   "%trunc_ln44_24 = partselect i39 @_ssdm_op_PartSelect.i39.i468.i32.i32, i468 %layer3_out_read, i32 351, i32 389" [firmware/nnet_utils/nnet_activation_stream.h:44]   --->   Operation 23 'partselect' 'trunc_ln44_24' <Predicate = true> <Delay = 0.00>
ST_1 : Operation 24 [1/1] (0.00ns)   --->   "%trunc_ln44_25 = partselect i39 @_ssdm_op_PartSelect.i39.i468.i32.i32, i468 %layer3_out_read, i32 390, i32 428" [firmware/nnet_utils/nnet_activation_stream.h:44]   --->   Operation 24 'partselect' 'trunc_ln44_25' <Predicate = true> <Delay = 0.00>
ST_1 : Operation 25 [1/1] (0.00ns)   --->   "%trunc_ln44_26 = partselect i39 @_ssdm_op_PartSelect.i39.i468.i32.i32, i468 %layer3_out_read, i32 429, i32 467" [firmware/nnet_utils/nnet_activation_stream.h:44]   --->   Operation 25 'partselect' 'trunc_ln44_26' <Predicate = true> <Delay = 0.00>
ST_1 : Operation 26 [1/1] (2.83ns)   --->   "%icmp_ln51 = icmp_sgt  i39 %trunc_ln44, i39 0" [firmware/nnet_utils/nnet_activation_stream.h:51]   --->   Operation 26 'icmp' 'icmp_ln51' <Predicate = true> <Delay = 2.83> <CoreInst = "Cmp">   --->   Core 9 'Cmp' <Latency = 0> <II = 1> <Delay = 2.83> <FuncUnit> <Opcode : 'seteq' 'setne' 'setle' 'setge' 'setlt' 'setgt'> <InPorts = 2> <OutPorts = 1>
ST_1 : Operation 27 [1/1] (0.00ns)   --->   "%trunc_ln2 = partselect i8 @_ssdm_op_PartSelect.i8.i468.i32.i32, i468 %layer3_out_read, i32 10, i32 17" [firmware/nnet_utils/nnet_activation_stream.h:52]   --->   Operation 27 'partselect' 'trunc_ln2' <Predicate = true> <Delay = 0.00>
ST_1 : Operation 28 [1/1] (0.00ns)   --->   "%trunc_ln52_s = partselect i4 @_ssdm_op_PartSelect.i4.i468.i32.i32, i468 %layer3_out_read, i32 26, i32 29" [firmware/nnet_utils/nnet_activation_stream.h:52]   --->   Operation 28 'partselect' 'trunc_ln52_s' <Predicate = true> <Delay = 0.00>
ST_1 : Operation 29 [1/1] (1.24ns)   --->   "%out_data_sroa_0_0_0 = select i1 %icmp_ln51, i8 %trunc_ln2, i8 0" [firmware/nnet_utils/nnet_activation_stream.h:51]   --->   Operation 29 'select' 'out_data_sroa_0_0_0' <Predicate = true> <Delay = 1.24> <CoreInst = "Sel">   --->   Core 73 'Sel' <Latency = 0> <II = 1> <Delay = 1.24> <FuncUnit> <Opcode : 'select'> <InPorts = 3> <OutPorts = 1>
ST_1 : Operation 30 [1/1] (1.02ns)   --->   "%empty = select i1 %icmp_ln51, i4 %trunc_ln52_s, i4 0" [firmware/nnet_utils/nnet_activation_stream.h:51]   --->   Operation 30 'select' 'empty' <Predicate = true> <Delay = 1.02> <CoreInst = "Sel">   --->   Core 73 'Sel' <Latency = 0> <II = 1> <Delay = 1.02> <FuncUnit> <Opcode : 'select'> <InPorts = 3> <OutPorts = 1>
ST_1 : Operation 31 [1/1] (2.83ns)   --->   "%icmp_ln51_18 = icmp_sgt  i39 %trunc_ln44_s, i39 0" [firmware/nnet_utils/nnet_activation_stream.h:51]   --->   Operation 31 'icmp' 'icmp_ln51_18' <Predicate = true> <Delay = 2.83> <CoreInst = "Cmp">   --->   Core 9 'Cmp' <Latency = 0> <II = 1> <Delay = 2.83> <FuncUnit> <Opcode : 'seteq' 'setne' 'setle' 'setge' 'setlt' 'setgt'> <InPorts = 2> <OutPorts = 1>
ST_1 : Operation 32 [1/1] (0.00ns)   --->   "%trunc_ln52_35 = partselect i8 @_ssdm_op_PartSelect.i8.i468.i32.i32, i468 %layer3_out_read, i32 49, i32 56" [firmware/nnet_utils/nnet_activation_stream.h:52]   --->   Operation 32 'partselect' 'trunc_ln52_35' <Predicate = true> <Delay = 0.00>
ST_1 : Operation 33 [1/1] (0.00ns)   --->   "%trunc_ln52_36 = partselect i4 @_ssdm_op_PartSelect.i4.i468.i32.i32, i468 %layer3_out_read, i32 65, i32 68" [firmware/nnet_utils/nnet_activation_stream.h:52]   --->   Operation 33 'partselect' 'trunc_ln52_36' <Predicate = true> <Delay = 0.00>
ST_1 : Operation 34 [1/1] (1.24ns)   --->   "%out_data_sroa_5100_0_0 = select i1 %icmp_ln51_18, i8 %trunc_ln52_35, i8 0" [firmware/nnet_utils/nnet_activation_stream.h:51]   --->   Operation 34 'select' 'out_data_sroa_5100_0_0' <Predicate = true> <Delay = 1.24> <CoreInst = "Sel">   --->   Core 73 'Sel' <Latency = 0> <II = 1> <Delay = 1.24> <FuncUnit> <Opcode : 'select'> <InPorts = 3> <OutPorts = 1>
ST_1 : Operation 35 [1/1] (1.02ns)   --->   "%empty_85 = select i1 %icmp_ln51_18, i4 %trunc_ln52_36, i4 0" [firmware/nnet_utils/nnet_activation_stream.h:51]   --->   Operation 35 'select' 'empty_85' <Predicate = true> <Delay = 1.02> <CoreInst = "Sel">   --->   Core 73 'Sel' <Latency = 0> <II = 1> <Delay = 1.02> <FuncUnit> <Opcode : 'select'> <InPorts = 3> <OutPorts = 1>
ST_1 : Operation 36 [1/1] (2.83ns)   --->   "%icmp_ln51_19 = icmp_sgt  i39 %trunc_ln44_17, i39 0" [firmware/nnet_utils/nnet_activation_stream.h:51]   --->   Operation 36 'icmp' 'icmp_ln51_19' <Predicate = true> <Delay = 2.83> <CoreInst = "Cmp">   --->   Core 9 'Cmp' <Latency = 0> <II = 1> <Delay = 2.83> <FuncUnit> <Opcode : 'seteq' 'setne' 'setle' 'setge' 'setlt' 'setgt'> <InPorts = 2> <OutPorts = 1>
ST_1 : Operation 37 [1/1] (0.00ns)   --->   "%trunc_ln52_37 = partselect i8 @_ssdm_op_PartSelect.i8.i468.i32.i32, i468 %layer3_out_read, i32 88, i32 95" [firmware/nnet_utils/nnet_activation_stream.h:52]   --->   Operation 37 'partselect' 'trunc_ln52_37' <Predicate = true> <Delay = 0.00>
ST_1 : Operation 38 [1/1] (0.00ns)   --->   "%trunc_ln52_38 = partselect i4 @_ssdm_op_PartSelect.i4.i468.i32.i32, i468 %layer3_out_read, i32 104, i32 107" [firmware/nnet_utils/nnet_activation_stream.h:52]   --->   Operation 38 'partselect' 'trunc_ln52_38' <Predicate = true> <Delay = 0.00>
ST_1 : Operation 39 [1/1] (1.24ns)   --->   "%out_data_sroa_8104_0_0 = select i1 %icmp_ln51_19, i8 %trunc_ln52_37, i8 0" [firmware/nnet_utils/nnet_activation_stream.h:51]   --->   Operation 39 'select' 'out_data_sroa_8104_0_0' <Predicate = true> <Delay = 1.24> <CoreInst = "Sel">   --->   Core 73 'Sel' <Latency = 0> <II = 1> <Delay = 1.24> <FuncUnit> <Opcode : 'select'> <InPorts = 3> <OutPorts = 1>
ST_1 : Operation 40 [1/1] (1.02ns)   --->   "%empty_86 = select i1 %icmp_ln51_19, i4 %trunc_ln52_38, i4 0" [firmware/nnet_utils/nnet_activation_stream.h:51]   --->   Operation 40 'select' 'empty_86' <Predicate = true> <Delay = 1.02> <CoreInst = "Sel">   --->   Core 73 'Sel' <Latency = 0> <II = 1> <Delay = 1.02> <FuncUnit> <Opcode : 'select'> <InPorts = 3> <OutPorts = 1>
ST_1 : Operation 41 [1/1] (2.83ns)   --->   "%icmp_ln51_20 = icmp_sgt  i39 %trunc_ln44_18, i39 0" [firmware/nnet_utils/nnet_activation_stream.h:51]   --->   Operation 41 'icmp' 'icmp_ln51_20' <Predicate = true> <Delay = 2.83> <CoreInst = "Cmp">   --->   Core 9 'Cmp' <Latency = 0> <II = 1> <Delay = 2.83> <FuncUnit> <Opcode : 'seteq' 'setne' 'setle' 'setge' 'setlt' 'setgt'> <InPorts = 2> <OutPorts = 1>
ST_1 : Operation 42 [1/1] (0.00ns)   --->   "%trunc_ln52_39 = partselect i8 @_ssdm_op_PartSelect.i8.i468.i32.i32, i468 %layer3_out_read, i32 127, i32 134" [firmware/nnet_utils/nnet_activation_stream.h:52]   --->   Operation 42 'partselect' 'trunc_ln52_39' <Predicate = true> <Delay = 0.00>
ST_1 : Operation 43 [1/1] (0.00ns)   --->   "%trunc_ln52_40 = partselect i4 @_ssdm_op_PartSelect.i4.i468.i32.i32, i468 %layer3_out_read, i32 143, i32 146" [firmware/nnet_utils/nnet_activation_stream.h:52]   --->   Operation 43 'partselect' 'trunc_ln52_40' <Predicate = true> <Delay = 0.00>
ST_1 : Operation 44 [1/1] (1.24ns)   --->   "%out_data_sroa_11108_0_0 = select i1 %icmp_ln51_20, i8 %trunc_ln52_39, i8 0" [firmware/nnet_utils/nnet_activation_stream.h:51]   --->   Operation 44 'select' 'out_data_sroa_11108_0_0' <Predicate = true> <Delay = 1.24> <CoreInst = "Sel">   --->   Core 73 'Sel' <Latency = 0> <II = 1> <Delay = 1.24> <FuncUnit> <Opcode : 'select'> <InPorts = 3> <OutPorts = 1>
ST_1 : Operation 45 [1/1] (1.02ns)   --->   "%empty_87 = select i1 %icmp_ln51_20, i4 %trunc_ln52_40, i4 0" [firmware/nnet_utils/nnet_activation_stream.h:51]   --->   Operation 45 'select' 'empty_87' <Predicate = true> <Delay = 1.02> <CoreInst = "Sel">   --->   Core 73 'Sel' <Latency = 0> <II = 1> <Delay = 1.02> <FuncUnit> <Opcode : 'select'> <InPorts = 3> <OutPorts = 1>
ST_1 : Operation 46 [1/1] (2.83ns)   --->   "%icmp_ln51_21 = icmp_sgt  i39 %trunc_ln44_19, i39 0" [firmware/nnet_utils/nnet_activation_stream.h:51]   --->   Operation 46 'icmp' 'icmp_ln51_21' <Predicate = true> <Delay = 2.83> <CoreInst = "Cmp">   --->   Core 9 'Cmp' <Latency = 0> <II = 1> <Delay = 2.83> <FuncUnit> <Opcode : 'seteq' 'setne' 'setle' 'setge' 'setlt' 'setgt'> <InPorts = 2> <OutPorts = 1>
ST_1 : Operation 47 [1/1] (0.00ns)   --->   "%trunc_ln52_41 = partselect i8 @_ssdm_op_PartSelect.i8.i468.i32.i32, i468 %layer3_out_read, i32 166, i32 173" [firmware/nnet_utils/nnet_activation_stream.h:52]   --->   Operation 47 'partselect' 'trunc_ln52_41' <Predicate = true> <Delay = 0.00>
ST_1 : Operation 48 [1/1] (0.00ns)   --->   "%trunc_ln52_42 = partselect i4 @_ssdm_op_PartSelect.i4.i468.i32.i32, i468 %layer3_out_read, i32 182, i32 185" [firmware/nnet_utils/nnet_activation_stream.h:52]   --->   Operation 48 'partselect' 'trunc_ln52_42' <Predicate = true> <Delay = 0.00>
ST_1 : Operation 49 [1/1] (1.24ns)   --->   "%out_data_sroa_14112_0_0 = select i1 %icmp_ln51_21, i8 %trunc_ln52_41, i8 0" [firmware/nnet_utils/nnet_activation_stream.h:51]   --->   Operation 49 'select' 'out_data_sroa_14112_0_0' <Predicate = true> <Delay = 1.24> <CoreInst = "Sel">   --->   Core 73 'Sel' <Latency = 0> <II = 1> <Delay = 1.24> <FuncUnit> <Opcode : 'select'> <InPorts = 3> <OutPorts = 1>
ST_1 : Operation 50 [1/1] (1.02ns)   --->   "%empty_88 = select i1 %icmp_ln51_21, i4 %trunc_ln52_42, i4 0" [firmware/nnet_utils/nnet_activation_stream.h:51]   --->   Operation 50 'select' 'empty_88' <Predicate = true> <Delay = 1.02> <CoreInst = "Sel">   --->   Core 73 'Sel' <Latency = 0> <II = 1> <Delay = 1.02> <FuncUnit> <Opcode : 'select'> <InPorts = 3> <OutPorts = 1>
ST_1 : Operation 51 [1/1] (2.83ns)   --->   "%icmp_ln51_22 = icmp_sgt  i39 %trunc_ln44_20, i39 0" [firmware/nnet_utils/nnet_activation_stream.h:51]   --->   Operation 51 'icmp' 'icmp_ln51_22' <Predicate = true> <Delay = 2.83> <CoreInst = "Cmp">   --->   Core 9 'Cmp' <Latency = 0> <II = 1> <Delay = 2.83> <FuncUnit> <Opcode : 'seteq' 'setne' 'setle' 'setge' 'setlt' 'setgt'> <InPorts = 2> <OutPorts = 1>
ST_1 : Operation 52 [1/1] (0.00ns)   --->   "%trunc_ln52_43 = partselect i8 @_ssdm_op_PartSelect.i8.i468.i32.i32, i468 %layer3_out_read, i32 205, i32 212" [firmware/nnet_utils/nnet_activation_stream.h:52]   --->   Operation 52 'partselect' 'trunc_ln52_43' <Predicate = true> <Delay = 0.00>
ST_1 : Operation 53 [1/1] (0.00ns)   --->   "%trunc_ln52_44 = partselect i4 @_ssdm_op_PartSelect.i4.i468.i32.i32, i468 %layer3_out_read, i32 221, i32 224" [firmware/nnet_utils/nnet_activation_stream.h:52]   --->   Operation 53 'partselect' 'trunc_ln52_44' <Predicate = true> <Delay = 0.00>
ST_1 : Operation 54 [1/1] (1.24ns)   --->   "%out_data_sroa_17116_0_0 = select i1 %icmp_ln51_22, i8 %trunc_ln52_43, i8 0" [firmware/nnet_utils/nnet_activation_stream.h:51]   --->   Operation 54 'select' 'out_data_sroa_17116_0_0' <Predicate = true> <Delay = 1.24> <CoreInst = "Sel">   --->   Core 73 'Sel' <Latency = 0> <II = 1> <Delay = 1.24> <FuncUnit> <Opcode : 'select'> <InPorts = 3> <OutPorts = 1>
ST_1 : Operation 55 [1/1] (1.02ns)   --->   "%empty_89 = select i1 %icmp_ln51_22, i4 %trunc_ln52_44, i4 0" [firmware/nnet_utils/nnet_activation_stream.h:51]   --->   Operation 55 'select' 'empty_89' <Predicate = true> <Delay = 1.02> <CoreInst = "Sel">   --->   Core 73 'Sel' <Latency = 0> <II = 1> <Delay = 1.02> <FuncUnit> <Opcode : 'select'> <InPorts = 3> <OutPorts = 1>
ST_1 : Operation 56 [1/1] (2.83ns)   --->   "%icmp_ln51_23 = icmp_sgt  i39 %trunc_ln44_21, i39 0" [firmware/nnet_utils/nnet_activation_stream.h:51]   --->   Operation 56 'icmp' 'icmp_ln51_23' <Predicate = true> <Delay = 2.83> <CoreInst = "Cmp">   --->   Core 9 'Cmp' <Latency = 0> <II = 1> <Delay = 2.83> <FuncUnit> <Opcode : 'seteq' 'setne' 'setle' 'setge' 'setlt' 'setgt'> <InPorts = 2> <OutPorts = 1>
ST_1 : Operation 57 [1/1] (0.00ns)   --->   "%trunc_ln52_45 = partselect i8 @_ssdm_op_PartSelect.i8.i468.i32.i32, i468 %layer3_out_read, i32 244, i32 251" [firmware/nnet_utils/nnet_activation_stream.h:52]   --->   Operation 57 'partselect' 'trunc_ln52_45' <Predicate = true> <Delay = 0.00>
ST_1 : Operation 58 [1/1] (0.00ns)   --->   "%trunc_ln52_46 = partselect i4 @_ssdm_op_PartSelect.i4.i468.i32.i32, i468 %layer3_out_read, i32 260, i32 263" [firmware/nnet_utils/nnet_activation_stream.h:52]   --->   Operation 58 'partselect' 'trunc_ln52_46' <Predicate = true> <Delay = 0.00>
ST_1 : Operation 59 [1/1] (1.24ns)   --->   "%out_data_sroa_20120_0_0 = select i1 %icmp_ln51_23, i8 %trunc_ln52_45, i8 0" [firmware/nnet_utils/nnet_activation_stream.h:51]   --->   Operation 59 'select' 'out_data_sroa_20120_0_0' <Predicate = true> <Delay = 1.24> <CoreInst = "Sel">   --->   Core 73 'Sel' <Latency = 0> <II = 1> <Delay = 1.24> <FuncUnit> <Opcode : 'select'> <InPorts = 3> <OutPorts = 1>
ST_1 : Operation 60 [1/1] (1.02ns)   --->   "%empty_90 = select i1 %icmp_ln51_23, i4 %trunc_ln52_46, i4 0" [firmware/nnet_utils/nnet_activation_stream.h:51]   --->   Operation 60 'select' 'empty_90' <Predicate = true> <Delay = 1.02> <CoreInst = "Sel">   --->   Core 73 'Sel' <Latency = 0> <II = 1> <Delay = 1.02> <FuncUnit> <Opcode : 'select'> <InPorts = 3> <OutPorts = 1>
ST_1 : Operation 61 [1/1] (2.83ns)   --->   "%icmp_ln51_24 = icmp_sgt  i39 %trunc_ln44_22, i39 0" [firmware/nnet_utils/nnet_activation_stream.h:51]   --->   Operation 61 'icmp' 'icmp_ln51_24' <Predicate = true> <Delay = 2.83> <CoreInst = "Cmp">   --->   Core 9 'Cmp' <Latency = 0> <II = 1> <Delay = 2.83> <FuncUnit> <Opcode : 'seteq' 'setne' 'setle' 'setge' 'setlt' 'setgt'> <InPorts = 2> <OutPorts = 1>
ST_1 : Operation 62 [1/1] (0.00ns)   --->   "%trunc_ln52_47 = partselect i8 @_ssdm_op_PartSelect.i8.i468.i32.i32, i468 %layer3_out_read, i32 283, i32 290" [firmware/nnet_utils/nnet_activation_stream.h:52]   --->   Operation 62 'partselect' 'trunc_ln52_47' <Predicate = true> <Delay = 0.00>
ST_1 : Operation 63 [1/1] (0.00ns)   --->   "%trunc_ln52_48 = partselect i4 @_ssdm_op_PartSelect.i4.i468.i32.i32, i468 %layer3_out_read, i32 299, i32 302" [firmware/nnet_utils/nnet_activation_stream.h:52]   --->   Operation 63 'partselect' 'trunc_ln52_48' <Predicate = true> <Delay = 0.00>
ST_1 : Operation 64 [1/1] (1.24ns)   --->   "%out_data_sroa_23124_0_0 = select i1 %icmp_ln51_24, i8 %trunc_ln52_47, i8 0" [firmware/nnet_utils/nnet_activation_stream.h:51]   --->   Operation 64 'select' 'out_data_sroa_23124_0_0' <Predicate = true> <Delay = 1.24> <CoreInst = "Sel">   --->   Core 73 'Sel' <Latency = 0> <II = 1> <Delay = 1.24> <FuncUnit> <Opcode : 'select'> <InPorts = 3> <OutPorts = 1>
ST_1 : Operation 65 [1/1] (1.02ns)   --->   "%empty_91 = select i1 %icmp_ln51_24, i4 %trunc_ln52_48, i4 0" [firmware/nnet_utils/nnet_activation_stream.h:51]   --->   Operation 65 'select' 'empty_91' <Predicate = true> <Delay = 1.02> <CoreInst = "Sel">   --->   Core 73 'Sel' <Latency = 0> <II = 1> <Delay = 1.02> <FuncUnit> <Opcode : 'select'> <InPorts = 3> <OutPorts = 1>
ST_1 : Operation 66 [1/1] (2.83ns)   --->   "%icmp_ln51_25 = icmp_sgt  i39 %trunc_ln44_23, i39 0" [firmware/nnet_utils/nnet_activation_stream.h:51]   --->   Operation 66 'icmp' 'icmp_ln51_25' <Predicate = true> <Delay = 2.83> <CoreInst = "Cmp">   --->   Core 9 'Cmp' <Latency = 0> <II = 1> <Delay = 2.83> <FuncUnit> <Opcode : 'seteq' 'setne' 'setle' 'setge' 'setlt' 'setgt'> <InPorts = 2> <OutPorts = 1>
ST_1 : Operation 67 [1/1] (0.00ns)   --->   "%trunc_ln52_49 = partselect i8 @_ssdm_op_PartSelect.i8.i468.i32.i32, i468 %layer3_out_read, i32 322, i32 329" [firmware/nnet_utils/nnet_activation_stream.h:52]   --->   Operation 67 'partselect' 'trunc_ln52_49' <Predicate = true> <Delay = 0.00>
ST_1 : Operation 68 [1/1] (0.00ns)   --->   "%trunc_ln52_50 = partselect i4 @_ssdm_op_PartSelect.i4.i468.i32.i32, i468 %layer3_out_read, i32 338, i32 341" [firmware/nnet_utils/nnet_activation_stream.h:52]   --->   Operation 68 'partselect' 'trunc_ln52_50' <Predicate = true> <Delay = 0.00>
ST_1 : Operation 69 [1/1] (1.24ns)   --->   "%out_data_sroa_26128_0_0 = select i1 %icmp_ln51_25, i8 %trunc_ln52_49, i8 0" [firmware/nnet_utils/nnet_activation_stream.h:51]   --->   Operation 69 'select' 'out_data_sroa_26128_0_0' <Predicate = true> <Delay = 1.24> <CoreInst = "Sel">   --->   Core 73 'Sel' <Latency = 0> <II = 1> <Delay = 1.24> <FuncUnit> <Opcode : 'select'> <InPorts = 3> <OutPorts = 1>
ST_1 : Operation 70 [1/1] (1.02ns)   --->   "%empty_92 = select i1 %icmp_ln51_25, i4 %trunc_ln52_50, i4 0" [firmware/nnet_utils/nnet_activation_stream.h:51]   --->   Operation 70 'select' 'empty_92' <Predicate = true> <Delay = 1.02> <CoreInst = "Sel">   --->   Core 73 'Sel' <Latency = 0> <II = 1> <Delay = 1.02> <FuncUnit> <Opcode : 'select'> <InPorts = 3> <OutPorts = 1>
ST_1 : Operation 71 [1/1] (2.83ns)   --->   "%icmp_ln51_26 = icmp_sgt  i39 %trunc_ln44_24, i39 0" [firmware/nnet_utils/nnet_activation_stream.h:51]   --->   Operation 71 'icmp' 'icmp_ln51_26' <Predicate = true> <Delay = 2.83> <CoreInst = "Cmp">   --->   Core 9 'Cmp' <Latency = 0> <II = 1> <Delay = 2.83> <FuncUnit> <Opcode : 'seteq' 'setne' 'setle' 'setge' 'setlt' 'setgt'> <InPorts = 2> <OutPorts = 1>
ST_1 : Operation 72 [1/1] (0.00ns)   --->   "%trunc_ln52_51 = partselect i8 @_ssdm_op_PartSelect.i8.i468.i32.i32, i468 %layer3_out_read, i32 361, i32 368" [firmware/nnet_utils/nnet_activation_stream.h:52]   --->   Operation 72 'partselect' 'trunc_ln52_51' <Predicate = true> <Delay = 0.00>
ST_1 : Operation 73 [1/1] (0.00ns)   --->   "%trunc_ln52_52 = partselect i4 @_ssdm_op_PartSelect.i4.i468.i32.i32, i468 %layer3_out_read, i32 377, i32 380" [firmware/nnet_utils/nnet_activation_stream.h:52]   --->   Operation 73 'partselect' 'trunc_ln52_52' <Predicate = true> <Delay = 0.00>
ST_1 : Operation 74 [1/1] (1.24ns)   --->   "%out_data_sroa_29132_0_0 = select i1 %icmp_ln51_26, i8 %trunc_ln52_51, i8 0" [firmware/nnet_utils/nnet_activation_stream.h:51]   --->   Operation 74 'select' 'out_data_sroa_29132_0_0' <Predicate = true> <Delay = 1.24> <CoreInst = "Sel">   --->   Core 73 'Sel' <Latency = 0> <II = 1> <Delay = 1.24> <FuncUnit> <Opcode : 'select'> <InPorts = 3> <OutPorts = 1>
ST_1 : Operation 75 [1/1] (1.02ns)   --->   "%empty_93 = select i1 %icmp_ln51_26, i4 %trunc_ln52_52, i4 0" [firmware/nnet_utils/nnet_activation_stream.h:51]   --->   Operation 75 'select' 'empty_93' <Predicate = true> <Delay = 1.02> <CoreInst = "Sel">   --->   Core 73 'Sel' <Latency = 0> <II = 1> <Delay = 1.02> <FuncUnit> <Opcode : 'select'> <InPorts = 3> <OutPorts = 1>
ST_1 : Operation 76 [1/1] (2.83ns)   --->   "%icmp_ln51_27 = icmp_sgt  i39 %trunc_ln44_25, i39 0" [firmware/nnet_utils/nnet_activation_stream.h:51]   --->   Operation 76 'icmp' 'icmp_ln51_27' <Predicate = true> <Delay = 2.83> <CoreInst = "Cmp">   --->   Core 9 'Cmp' <Latency = 0> <II = 1> <Delay = 2.83> <FuncUnit> <Opcode : 'seteq' 'setne' 'setle' 'setge' 'setlt' 'setgt'> <InPorts = 2> <OutPorts = 1>
ST_1 : Operation 77 [1/1] (0.00ns)   --->   "%trunc_ln52_53 = partselect i8 @_ssdm_op_PartSelect.i8.i468.i32.i32, i468 %layer3_out_read, i32 400, i32 407" [firmware/nnet_utils/nnet_activation_stream.h:52]   --->   Operation 77 'partselect' 'trunc_ln52_53' <Predicate = true> <Delay = 0.00>
ST_1 : Operation 78 [1/1] (0.00ns)   --->   "%trunc_ln52_54 = partselect i4 @_ssdm_op_PartSelect.i4.i468.i32.i32, i468 %layer3_out_read, i32 416, i32 419" [firmware/nnet_utils/nnet_activation_stream.h:52]   --->   Operation 78 'partselect' 'trunc_ln52_54' <Predicate = true> <Delay = 0.00>
ST_1 : Operation 79 [1/1] (1.24ns)   --->   "%out_data_sroa_32136_0_0 = select i1 %icmp_ln51_27, i8 %trunc_ln52_53, i8 0" [firmware/nnet_utils/nnet_activation_stream.h:51]   --->   Operation 79 'select' 'out_data_sroa_32136_0_0' <Predicate = true> <Delay = 1.24> <CoreInst = "Sel">   --->   Core 73 'Sel' <Latency = 0> <II = 1> <Delay = 1.24> <FuncUnit> <Opcode : 'select'> <InPorts = 3> <OutPorts = 1>
ST_1 : Operation 80 [1/1] (1.02ns)   --->   "%empty_94 = select i1 %icmp_ln51_27, i4 %trunc_ln52_54, i4 0" [firmware/nnet_utils/nnet_activation_stream.h:51]   --->   Operation 80 'select' 'empty_94' <Predicate = true> <Delay = 1.02> <CoreInst = "Sel">   --->   Core 73 'Sel' <Latency = 0> <II = 1> <Delay = 1.02> <FuncUnit> <Opcode : 'select'> <InPorts = 3> <OutPorts = 1>
ST_1 : Operation 81 [1/1] (2.83ns)   --->   "%icmp_ln51_28 = icmp_sgt  i39 %trunc_ln44_26, i39 0" [firmware/nnet_utils/nnet_activation_stream.h:51]   --->   Operation 81 'icmp' 'icmp_ln51_28' <Predicate = true> <Delay = 2.83> <CoreInst = "Cmp">   --->   Core 9 'Cmp' <Latency = 0> <II = 1> <Delay = 2.83> <FuncUnit> <Opcode : 'seteq' 'setne' 'setle' 'setge' 'setlt' 'setgt'> <InPorts = 2> <OutPorts = 1>
ST_1 : Operation 82 [1/1] (0.00ns)   --->   "%trunc_ln52_55 = partselect i8 @_ssdm_op_PartSelect.i8.i468.i32.i32, i468 %layer3_out_read, i32 439, i32 446" [firmware/nnet_utils/nnet_activation_stream.h:52]   --->   Operation 82 'partselect' 'trunc_ln52_55' <Predicate = true> <Delay = 0.00>
ST_1 : Operation 83 [1/1] (0.00ns)   --->   "%trunc_ln52_56 = partselect i4 @_ssdm_op_PartSelect.i4.i468.i32.i32, i468 %layer3_out_read, i32 455, i32 458" [firmware/nnet_utils/nnet_activation_stream.h:52]   --->   Operation 83 'partselect' 'trunc_ln52_56' <Predicate = true> <Delay = 0.00>
ST_1 : Operation 84 [1/1] (1.24ns)   --->   "%out_data_sroa_35140_0_0 = select i1 %icmp_ln51_28, i8 %trunc_ln52_55, i8 0" [firmware/nnet_utils/nnet_activation_stream.h:51]   --->   Operation 84 'select' 'out_data_sroa_35140_0_0' <Predicate = true> <Delay = 1.24> <CoreInst = "Sel">   --->   Core 73 'Sel' <Latency = 0> <II = 1> <Delay = 1.24> <FuncUnit> <Opcode : 'select'> <InPorts = 3> <OutPorts = 1>
ST_1 : Operation 85 [1/1] (1.02ns)   --->   "%storemerge = select i1 %icmp_ln51_28, i4 %trunc_ln52_56, i4 0" [firmware/nnet_utils/nnet_activation_stream.h:51]   --->   Operation 85 'select' 'storemerge' <Predicate = true> <Delay = 1.02> <CoreInst = "Sel">   --->   Core 73 'Sel' <Latency = 0> <II = 1> <Delay = 1.02> <FuncUnit> <Opcode : 'select'> <InPorts = 3> <OutPorts = 1>
ST_1 : Operation 86 [1/1] (0.00ns)   --->   "%tmp = partselect i8 @_ssdm_op_PartSelect.i8.i468.i32.i32, i468 %layer3_out_read, i32 447, i32 454" [firmware/nnet_utils/nnet_activation_stream.h:57]   --->   Operation 86 'partselect' 'tmp' <Predicate = true> <Delay = 0.00>
ST_1 : Operation 87 [1/1] (1.24ns)   --->   "%empty_95 = select i1 %icmp_ln51_28, i8 %tmp, i8 0" [firmware/nnet_utils/nnet_activation_stream.h:51]   --->   Operation 87 'select' 'empty_95' <Predicate = true> <Delay = 1.24> <CoreInst = "Sel">   --->   Core 73 'Sel' <Latency = 0> <II = 1> <Delay = 1.24> <FuncUnit> <Opcode : 'select'> <InPorts = 3> <OutPorts = 1>
ST_1 : Operation 88 [1/1] (0.00ns)   --->   "%tmp_s = partselect i8 @_ssdm_op_PartSelect.i8.i468.i32.i32, i468 %layer3_out_read, i32 408, i32 415" [firmware/nnet_utils/nnet_activation_stream.h:57]   --->   Operation 88 'partselect' 'tmp_s' <Predicate = true> <Delay = 0.00>
ST_1 : Operation 89 [1/1] (1.24ns)   --->   "%empty_96 = select i1 %icmp_ln51_27, i8 %tmp_s, i8 0" [firmware/nnet_utils/nnet_activation_stream.h:51]   --->   Operation 89 'select' 'empty_96' <Predicate = true> <Delay = 1.24> <CoreInst = "Sel">   --->   Core 73 'Sel' <Latency = 0> <II = 1> <Delay = 1.24> <FuncUnit> <Opcode : 'select'> <InPorts = 3> <OutPorts = 1>
ST_1 : Operation 90 [1/1] (0.00ns)   --->   "%tmp_17 = partselect i8 @_ssdm_op_PartSelect.i8.i468.i32.i32, i468 %layer3_out_read, i32 369, i32 376" [firmware/nnet_utils/nnet_activation_stream.h:57]   --->   Operation 90 'partselect' 'tmp_17' <Predicate = true> <Delay = 0.00>
ST_1 : Operation 91 [1/1] (1.24ns)   --->   "%empty_97 = select i1 %icmp_ln51_26, i8 %tmp_17, i8 0" [firmware/nnet_utils/nnet_activation_stream.h:51]   --->   Operation 91 'select' 'empty_97' <Predicate = true> <Delay = 1.24> <CoreInst = "Sel">   --->   Core 73 'Sel' <Latency = 0> <II = 1> <Delay = 1.24> <FuncUnit> <Opcode : 'select'> <InPorts = 3> <OutPorts = 1>
ST_1 : Operation 92 [1/1] (0.00ns)   --->   "%tmp_18 = partselect i8 @_ssdm_op_PartSelect.i8.i468.i32.i32, i468 %layer3_out_read, i32 330, i32 337" [firmware/nnet_utils/nnet_activation_stream.h:57]   --->   Operation 92 'partselect' 'tmp_18' <Predicate = true> <Delay = 0.00>
ST_1 : Operation 93 [1/1] (1.24ns)   --->   "%empty_98 = select i1 %icmp_ln51_25, i8 %tmp_18, i8 0" [firmware/nnet_utils/nnet_activation_stream.h:51]   --->   Operation 93 'select' 'empty_98' <Predicate = true> <Delay = 1.24> <CoreInst = "Sel">   --->   Core 73 'Sel' <Latency = 0> <II = 1> <Delay = 1.24> <FuncUnit> <Opcode : 'select'> <InPorts = 3> <OutPorts = 1>
ST_1 : Operation 94 [1/1] (0.00ns)   --->   "%tmp_19 = partselect i8 @_ssdm_op_PartSelect.i8.i468.i32.i32, i468 %layer3_out_read, i32 291, i32 298" [firmware/nnet_utils/nnet_activation_stream.h:57]   --->   Operation 94 'partselect' 'tmp_19' <Predicate = true> <Delay = 0.00>
ST_1 : Operation 95 [1/1] (1.24ns)   --->   "%empty_99 = select i1 %icmp_ln51_24, i8 %tmp_19, i8 0" [firmware/nnet_utils/nnet_activation_stream.h:51]   --->   Operation 95 'select' 'empty_99' <Predicate = true> <Delay = 1.24> <CoreInst = "Sel">   --->   Core 73 'Sel' <Latency = 0> <II = 1> <Delay = 1.24> <FuncUnit> <Opcode : 'select'> <InPorts = 3> <OutPorts = 1>
ST_1 : Operation 96 [1/1] (0.00ns)   --->   "%tmp_20 = partselect i8 @_ssdm_op_PartSelect.i8.i468.i32.i32, i468 %layer3_out_read, i32 252, i32 259" [firmware/nnet_utils/nnet_activation_stream.h:57]   --->   Operation 96 'partselect' 'tmp_20' <Predicate = true> <Delay = 0.00>
ST_1 : Operation 97 [1/1] (1.24ns)   --->   "%empty_100 = select i1 %icmp_ln51_23, i8 %tmp_20, i8 0" [firmware/nnet_utils/nnet_activation_stream.h:51]   --->   Operation 97 'select' 'empty_100' <Predicate = true> <Delay = 1.24> <CoreInst = "Sel">   --->   Core 73 'Sel' <Latency = 0> <II = 1> <Delay = 1.24> <FuncUnit> <Opcode : 'select'> <InPorts = 3> <OutPorts = 1>
ST_1 : Operation 98 [1/1] (0.00ns)   --->   "%tmp_21 = partselect i8 @_ssdm_op_PartSelect.i8.i468.i32.i32, i468 %layer3_out_read, i32 213, i32 220" [firmware/nnet_utils/nnet_activation_stream.h:57]   --->   Operation 98 'partselect' 'tmp_21' <Predicate = true> <Delay = 0.00>
ST_1 : Operation 99 [1/1] (1.24ns)   --->   "%empty_101 = select i1 %icmp_ln51_22, i8 %tmp_21, i8 0" [firmware/nnet_utils/nnet_activation_stream.h:51]   --->   Operation 99 'select' 'empty_101' <Predicate = true> <Delay = 1.24> <CoreInst = "Sel">   --->   Core 73 'Sel' <Latency = 0> <II = 1> <Delay = 1.24> <FuncUnit> <Opcode : 'select'> <InPorts = 3> <OutPorts = 1>
ST_1 : Operation 100 [1/1] (0.00ns)   --->   "%tmp_22 = partselect i8 @_ssdm_op_PartSelect.i8.i468.i32.i32, i468 %layer3_out_read, i32 174, i32 181" [firmware/nnet_utils/nnet_activation_stream.h:57]   --->   Operation 100 'partselect' 'tmp_22' <Predicate = true> <Delay = 0.00>
ST_1 : Operation 101 [1/1] (1.24ns)   --->   "%empty_102 = select i1 %icmp_ln51_21, i8 %tmp_22, i8 0" [firmware/nnet_utils/nnet_activation_stream.h:51]   --->   Operation 101 'select' 'empty_102' <Predicate = true> <Delay = 1.24> <CoreInst = "Sel">   --->   Core 73 'Sel' <Latency = 0> <II = 1> <Delay = 1.24> <FuncUnit> <Opcode : 'select'> <InPorts = 3> <OutPorts = 1>
ST_1 : Operation 102 [1/1] (0.00ns)   --->   "%tmp_23 = partselect i8 @_ssdm_op_PartSelect.i8.i468.i32.i32, i468 %layer3_out_read, i32 135, i32 142" [firmware/nnet_utils/nnet_activation_stream.h:57]   --->   Operation 102 'partselect' 'tmp_23' <Predicate = true> <Delay = 0.00>
ST_1 : Operation 103 [1/1] (1.24ns)   --->   "%empty_103 = select i1 %icmp_ln51_20, i8 %tmp_23, i8 0" [firmware/nnet_utils/nnet_activation_stream.h:51]   --->   Operation 103 'select' 'empty_103' <Predicate = true> <Delay = 1.24> <CoreInst = "Sel">   --->   Core 73 'Sel' <Latency = 0> <II = 1> <Delay = 1.24> <FuncUnit> <Opcode : 'select'> <InPorts = 3> <OutPorts = 1>
ST_1 : Operation 104 [1/1] (0.00ns)   --->   "%tmp_24 = partselect i8 @_ssdm_op_PartSelect.i8.i468.i32.i32, i468 %layer3_out_read, i32 96, i32 103" [firmware/nnet_utils/nnet_activation_stream.h:57]   --->   Operation 104 'partselect' 'tmp_24' <Predicate = true> <Delay = 0.00>
ST_1 : Operation 105 [1/1] (1.24ns)   --->   "%empty_104 = select i1 %icmp_ln51_19, i8 %tmp_24, i8 0" [firmware/nnet_utils/nnet_activation_stream.h:51]   --->   Operation 105 'select' 'empty_104' <Predicate = true> <Delay = 1.24> <CoreInst = "Sel">   --->   Core 73 'Sel' <Latency = 0> <II = 1> <Delay = 1.24> <FuncUnit> <Opcode : 'select'> <InPorts = 3> <OutPorts = 1>
ST_1 : Operation 106 [1/1] (0.00ns)   --->   "%tmp_25 = partselect i8 @_ssdm_op_PartSelect.i8.i468.i32.i32, i468 %layer3_out_read, i32 57, i32 64" [firmware/nnet_utils/nnet_activation_stream.h:57]   --->   Operation 106 'partselect' 'tmp_25' <Predicate = true> <Delay = 0.00>
ST_1 : Operation 107 [1/1] (1.24ns)   --->   "%empty_105 = select i1 %icmp_ln51_18, i8 %tmp_25, i8 0" [firmware/nnet_utils/nnet_activation_stream.h:51]   --->   Operation 107 'select' 'empty_105' <Predicate = true> <Delay = 1.24> <CoreInst = "Sel">   --->   Core 73 'Sel' <Latency = 0> <II = 1> <Delay = 1.24> <FuncUnit> <Opcode : 'select'> <InPorts = 3> <OutPorts = 1>
ST_1 : Operation 108 [1/1] (0.00ns)   --->   "%tmp_26 = partselect i8 @_ssdm_op_PartSelect.i8.i468.i32.i32, i468 %layer3_out_read, i32 18, i32 25" [firmware/nnet_utils/nnet_activation_stream.h:57]   --->   Operation 108 'partselect' 'tmp_26' <Predicate = true> <Delay = 0.00>
ST_1 : Operation 109 [1/1] (1.24ns)   --->   "%empty_106 = select i1 %icmp_ln51, i8 %tmp_26, i8 0" [firmware/nnet_utils/nnet_activation_stream.h:51]   --->   Operation 109 'select' 'empty_106' <Predicate = true> <Delay = 1.24> <CoreInst = "Sel">   --->   Core 73 'Sel' <Latency = 0> <II = 1> <Delay = 1.24> <FuncUnit> <Opcode : 'select'> <InPorts = 3> <OutPorts = 1>
ST_1 : Operation 110 [1/1] (0.00ns)   --->   "%or_ln57_s = bitconcatenate i240 @_ssdm_op_BitConcatenate.i240.i4.i8.i8.i4.i8.i8.i4.i8.i8.i4.i8.i8.i4.i8.i8.i4.i8.i8.i4.i8.i8.i4.i8.i8.i4.i8.i8.i4.i8.i8.i4.i8.i8.i4.i8.i8, i4 %storemerge, i8 %empty_95, i8 %out_data_sroa_35140_0_0, i4 %empty_94, i8 %empty_96, i8 %out_data_sroa_32136_0_0, i4 %empty_93, i8 %empty_97, i8 %out_data_sroa_29132_0_0, i4 %empty_92, i8 %empty_98, i8 %out_data_sroa_26128_0_0, i4 %empty_91, i8 %empty_99, i8 %out_data_sroa_23124_0_0, i4 %empty_90, i8 %empty_100, i8 %out_data_sroa_20120_0_0, i4 %empty_89, i8 %empty_101, i8 %out_data_sroa_17116_0_0, i4 %empty_88, i8 %empty_102, i8 %out_data_sroa_14112_0_0, i4 %empty_87, i8 %empty_103, i8 %out_data_sroa_11108_0_0, i4 %empty_86, i8 %empty_104, i8 %out_data_sroa_8104_0_0, i4 %empty_85, i8 %empty_105, i8 %out_data_sroa_5100_0_0, i4 %empty, i8 %empty_106, i8 %out_data_sroa_0_0_0" [firmware/nnet_utils/nnet_activation_stream.h:57]   --->   Operation 110 'bitconcatenate' 'or_ln57_s' <Predicate = true> <Delay = 0.00>
ST_1 : Operation 111 [1/1] (3.52ns)   --->   "%write_ln57 = write void @_ssdm_op_Write.ap_fifo.volatile.i240P0A, i240 %layer4_out, i240 %or_ln57_s" [firmware/nnet_utils/nnet_activation_stream.h:57]   --->   Operation 111 'write' 'write_ln57' <Predicate = true> <Delay = 3.52> <CoreInst = "FIFO">   --->   Core 77 'FIFO' <Latency = 0> <II = 1> <Delay = 3.52> <Storage> <Opcode : 'read' 'write' 'nbread' 'nbwrite'> <Ports = 0> <Width = 240> <Depth = 1020> <FIFO>
ST_1 : Operation 112 [1/1] (1.73ns)   --->   "%i = add i10 %i1_load, i10 1" [firmware/nnet_utils/nnet_activation_stream.h:41]   --->   Operation 112 'add' 'i' <Predicate = true> <Delay = 1.73> <CoreInst = "Adder">   --->   Core 1 'Adder' <Latency = 0> <II = 1> <Delay = 1.73> <FuncUnit> <Opcode : 'add' 'sub'> <InPorts = 2> <OutPorts = 1>
ST_1 : Operation 113 [1/1] (1.73ns)   --->   "%icmp_ln41 = icmp_eq  i10 %i1_load, i10 1019" [firmware/nnet_utils/nnet_activation_stream.h:41]   --->   Operation 113 'icmp' 'icmp_ln41' <Predicate = true> <Delay = 1.73> <CoreInst = "Cmp">   --->   Core 9 'Cmp' <Latency = 0> <II = 1> <Delay = 1.73> <FuncUnit> <Opcode : 'seteq' 'setne' 'setle' 'setge' 'setlt' 'setgt'> <InPorts = 2> <OutPorts = 1>
ST_1 : Operation 114 [1/1] (1.58ns)   --->   "%store_ln41 = store i10 %i, i10 %i1" [firmware/nnet_utils/nnet_activation_stream.h:41]   --->   Operation 114 'store' 'store_ln41' <Predicate = true> <Delay = 1.58>
ST_1 : Operation 115 [1/1] (0.00ns)   --->   "%br_ln41 = br i1 %icmp_ln41, void %ReLUPackLoop.split_ifconv, void %for.end15" [firmware/nnet_utils/nnet_activation_stream.h:41]   --->   Operation 115 'br' 'br_ln41' <Predicate = true> <Delay = 0.00>
ST_1 : Operation 116 [1/1] (1.58ns)   --->   "%ret_ln59 = ret" [firmware/nnet_utils/nnet_activation_stream.h:59]   --->   Operation 116 'ret' 'ret_ln59' <Predicate = (icmp_ln41)> <Delay = 1.58>


============================================================
+ Verbose Summary: Binding
============================================================
STG Binding: 
---------------- STG Properties BEGIN ----------------
- Is combinational: 0
- Is one-state seq: 0
- Is datapath-only: 0
- Is pipelined: 0
- Is top level: 0
Port [ Return ] is wired: 1; IO mode=ap_ctrl_hs:ce=0
Port [ layer3_out]:  wired=1; compound=1; hidden=0; nouse=0; global=0; static=0; extern=0; dir=0; type=3; pingpong=0; private_global=0; IO mode=ap_fifo:ce=0
Port [ layer4_out]:  wired=1; compound=1; hidden=0; nouse=0; global=0; static=0; extern=0; dir=1; type=3; pingpong=0; private_global=0; IO mode=ap_fifo:ce=0
---------------- STG Properties END ------------------

---------------- Datapath Model BEGIN ----------------

<LifeTime>
<method=bitvector/>
i1                      (alloca           ) [ 01]
specinterface_ln0       (specinterface    ) [ 00]
specinterface_ln0       (specinterface    ) [ 00]
store_ln0               (store            ) [ 00]
br_ln41                 (br               ) [ 00]
i1_load                 (load             ) [ 00]
specpipeline_ln42       (specpipeline     ) [ 00]
speclooptripcount_ln41  (speclooptripcount) [ 00]
specloopname_ln41       (specloopname     ) [ 00]
layer3_out_read         (read             ) [ 00]
trunc_ln44              (trunc            ) [ 00]
trunc_ln44_s            (partselect       ) [ 00]
trunc_ln44_17           (partselect       ) [ 00]
trunc_ln44_18           (partselect       ) [ 00]
trunc_ln44_19           (partselect       ) [ 00]
trunc_ln44_20           (partselect       ) [ 00]
trunc_ln44_21           (partselect       ) [ 00]
trunc_ln44_22           (partselect       ) [ 00]
trunc_ln44_23           (partselect       ) [ 00]
trunc_ln44_24           (partselect       ) [ 00]
trunc_ln44_25           (partselect       ) [ 00]
trunc_ln44_26           (partselect       ) [ 00]
icmp_ln51               (icmp             ) [ 00]
trunc_ln2               (partselect       ) [ 00]
trunc_ln52_s            (partselect       ) [ 00]
out_data_sroa_0_0_0     (select           ) [ 00]
empty                   (select           ) [ 00]
icmp_ln51_18            (icmp             ) [ 00]
trunc_ln52_35           (partselect       ) [ 00]
trunc_ln52_36           (partselect       ) [ 00]
out_data_sroa_5100_0_0  (select           ) [ 00]
empty_85                (select           ) [ 00]
icmp_ln51_19            (icmp             ) [ 00]
trunc_ln52_37           (partselect       ) [ 00]
trunc_ln52_38           (partselect       ) [ 00]
out_data_sroa_8104_0_0  (select           ) [ 00]
empty_86                (select           ) [ 00]
icmp_ln51_20            (icmp             ) [ 00]
trunc_ln52_39           (partselect       ) [ 00]
trunc_ln52_40           (partselect       ) [ 00]
out_data_sroa_11108_0_0 (select           ) [ 00]
empty_87                (select           ) [ 00]
icmp_ln51_21            (icmp             ) [ 00]
trunc_ln52_41           (partselect       ) [ 00]
trunc_ln52_42           (partselect       ) [ 00]
out_data_sroa_14112_0_0 (select           ) [ 00]
empty_88                (select           ) [ 00]
icmp_ln51_22            (icmp             ) [ 00]
trunc_ln52_43           (partselect       ) [ 00]
trunc_ln52_44           (partselect       ) [ 00]
out_data_sroa_17116_0_0 (select           ) [ 00]
empty_89                (select           ) [ 00]
icmp_ln51_23            (icmp             ) [ 00]
trunc_ln52_45           (partselect       ) [ 00]
trunc_ln52_46           (partselect       ) [ 00]
out_data_sroa_20120_0_0 (select           ) [ 00]
empty_90                (select           ) [ 00]
icmp_ln51_24            (icmp             ) [ 00]
trunc_ln52_47           (partselect       ) [ 00]
trunc_ln52_48           (partselect       ) [ 00]
out_data_sroa_23124_0_0 (select           ) [ 00]
empty_91                (select           ) [ 00]
icmp_ln51_25            (icmp             ) [ 00]
trunc_ln52_49           (partselect       ) [ 00]
trunc_ln52_50           (partselect       ) [ 00]
out_data_sroa_26128_0_0 (select           ) [ 00]
empty_92                (select           ) [ 00]
icmp_ln51_26            (icmp             ) [ 00]
trunc_ln52_51           (partselect       ) [ 00]
trunc_ln52_52           (partselect       ) [ 00]
out_data_sroa_29132_0_0 (select           ) [ 00]
empty_93                (select           ) [ 00]
icmp_ln51_27            (icmp             ) [ 00]
trunc_ln52_53           (partselect       ) [ 00]
trunc_ln52_54           (partselect       ) [ 00]
out_data_sroa_32136_0_0 (select           ) [ 00]
empty_94                (select           ) [ 00]
icmp_ln51_28            (icmp             ) [ 00]
trunc_ln52_55           (partselect       ) [ 00]
trunc_ln52_56           (partselect       ) [ 00]
out_data_sroa_35140_0_0 (select           ) [ 00]
storemerge              (select           ) [ 00]
tmp                     (partselect       ) [ 00]
empty_95                (select           ) [ 00]
tmp_s                   (partselect       ) [ 00]
empty_96                (select           ) [ 00]
tmp_17                  (partselect       ) [ 00]
empty_97                (select           ) [ 00]
tmp_18                  (partselect       ) [ 00]
empty_98                (select           ) [ 00]
tmp_19                  (partselect       ) [ 00]
empty_99                (select           ) [ 00]
tmp_20                  (partselect       ) [ 00]
empty_100               (select           ) [ 00]
tmp_21                  (partselect       ) [ 00]
empty_101               (select           ) [ 00]
tmp_22                  (partselect       ) [ 00]
empty_102               (select           ) [ 00]
tmp_23                  (partselect       ) [ 00]
empty_103               (select           ) [ 00]
tmp_24                  (partselect       ) [ 00]
empty_104               (select           ) [ 00]
tmp_25                  (partselect       ) [ 00]
empty_105               (select           ) [ 00]
tmp_26                  (partselect       ) [ 00]
empty_106               (select           ) [ 00]
or_ln57_s               (bitconcatenate   ) [ 00]
write_ln57              (write            ) [ 00]
i                       (add              ) [ 00]
icmp_ln41               (icmp             ) [ 01]
store_ln41              (store            ) [ 00]
br_ln41                 (br               ) [ 00]
ret_ln59                (ret              ) [ 00]
</LifeTime>

<model>

<comp_list>
<comp id="0" class="1000" name="layer3_out">
<pin_list>
<pin id="1" dir="1" index="0" bw="1" slack="0"/>
</pin_list>
<bind>
<StgValue><ssdm name="layer3_out"/></StgValue>
</bind>
</comp>

<comp id="2" class="1000" name="layer4_out">
<pin_list>
<pin id="3" dir="1" index="0" bw="1" slack="0"/>
</pin_list>
<bind>
<StgValue><ssdm name="layer4_out"/></StgValue>
</bind>
</comp>

<comp id="4" class="1001" name="const_4">
<pin_list>
<pin id="5" dir="1" index="0" bw="1" slack="0"/>
</pin_list>
<bind>
<StgValue><ssdm name=""/></StgValue>
</bind>
</comp>

<comp id="6" class="1001" name="const_6">
<pin_list>
<pin id="7" dir="1" index="0" bw="1" slack="2147483647"/>
</pin_list>
<bind>
<StgValue><ssdm name="_ssdm_op_SpecInterface"/></StgValue>
</bind>
</comp>

<comp id="8" class="1001" name="const_8">
<pin_list>
<pin id="9" dir="1" index="0" bw="1" slack="2147483647"/>
</pin_list>
<bind>
<StgValue><ssdm name="empty_6"/></StgValue>
</bind>
</comp>

<comp id="10" class="1001" name="const_10">
<pin_list>
<pin id="11" dir="1" index="0" bw="1" slack="2147483647"/>
</pin_list>
<bind>
<StgValue><ssdm name=""/></StgValue>
</bind>
</comp>

<comp id="12" class="1001" name="const_12">
<pin_list>
<pin id="13" dir="1" index="0" bw="1" slack="2147483647"/>
</pin_list>
<bind>
<StgValue><ssdm name="empty_5"/></StgValue>
</bind>
</comp>

<comp id="14" class="1001" name="const_14">
<pin_list>
<pin id="15" dir="1" index="0" bw="1" slack="2147483647"/>
</pin_list>
<bind>
<StgValue><ssdm name=""/></StgValue>
</bind>
</comp>

<comp id="16" class="1001" name="const_16">
<pin_list>
<pin id="17" dir="1" index="0" bw="1" slack="0"/>
</pin_list>
<bind>
<StgValue><ssdm name=""/></StgValue>
</bind>
</comp>

<comp id="18" class="1001" name="const_18">
<pin_list>
<pin id="19" dir="1" index="0" bw="1" slack="2147483647"/>
</pin_list>
<bind>
<StgValue><ssdm name="_ssdm_op_SpecPipeline"/></StgValue>
</bind>
</comp>

<comp id="20" class="1001" name="const_20">
<pin_list>
<pin id="21" dir="1" index="0" bw="1" slack="2147483647"/>
</pin_list>
<bind>
<StgValue><ssdm name="_ssdm_op_SpecLoopTripCount"/></StgValue>
</bind>
</comp>

<comp id="22" class="1001" name="const_22">
<pin_list>
<pin id="23" dir="1" index="0" bw="1" slack="2147483647"/>
</pin_list>
<bind>
<StgValue><ssdm name=""/></StgValue>
</bind>
</comp>

<comp id="24" class="1001" name="const_24">
<pin_list>
<pin id="25" dir="1" index="0" bw="1" slack="2147483647"/>
</pin_list>
<bind>
<StgValue><ssdm name="_ssdm_op_SpecLoopName"/></StgValue>
</bind>
</comp>

<comp id="26" class="1001" name="const_26">
<pin_list>
<pin id="27" dir="1" index="0" bw="1" slack="2147483647"/>
</pin_list>
<bind>
<StgValue><ssdm name="empty_2"/></StgValue>
</bind>
</comp>

<comp id="28" class="1001" name="const_28">
<pin_list>
<pin id="29" dir="1" index="0" bw="1" slack="0"/>
</pin_list>
<bind>
<StgValue><ssdm name="_ssdm_op_Read.ap_fifo.volatile.i468P0A"/></StgValue>
</bind>
</comp>

<comp id="30" class="1001" name="const_30">
<pin_list>
<pin id="31" dir="1" index="0" bw="1" slack="0"/>
</pin_list>
<bind>
<StgValue><ssdm name="_ssdm_op_PartSelect.i39.i468.i32.i32"/></StgValue>
</bind>
</comp>

<comp id="32" class="1001" name="const_32">
<pin_list>
<pin id="33" dir="1" index="0" bw="1" slack="0"/>
</pin_list>
<bind>
<StgValue><ssdm name=""/></StgValue>
</bind>
</comp>

<comp id="34" class="1001" name="const_34">
<pin_list>
<pin id="35" dir="1" index="0" bw="1" slack="0"/>
</pin_list>
<bind>
<StgValue><ssdm name=""/></StgValue>
</bind>
</comp>

<comp id="36" class="1001" name="const_36">
<pin_list>
<pin id="37" dir="1" index="0" bw="1" slack="0"/>
</pin_list>
<bind>
<StgValue><ssdm name=""/></StgValue>
</bind>
</comp>

<comp id="38" class="1001" name="const_38">
<pin_list>
<pin id="39" dir="1" index="0" bw="1" slack="0"/>
</pin_list>
<bind>
<StgValue><ssdm name=""/></StgValue>
</bind>
</comp>

<comp id="40" class="1001" name="const_40">
<pin_list>
<pin id="41" dir="1" index="0" bw="1" slack="0"/>
</pin_list>
<bind>
<StgValue><ssdm name=""/></StgValue>
</bind>
</comp>

<comp id="42" class="1001" name="const_42">
<pin_list>
<pin id="43" dir="1" index="0" bw="1" slack="0"/>
</pin_list>
<bind>
<StgValue><ssdm name=""/></StgValue>
</bind>
</comp>

<comp id="44" class="1001" name="const_44">
<pin_list>
<pin id="45" dir="1" index="0" bw="1" slack="0"/>
</pin_list>
<bind>
<StgValue><ssdm name=""/></StgValue>
</bind>
</comp>

<comp id="46" class="1001" name="const_46">
<pin_list>
<pin id="47" dir="1" index="0" bw="1" slack="0"/>
</pin_list>
<bind>
<StgValue><ssdm name=""/></StgValue>
</bind>
</comp>

<comp id="48" class="1001" name="const_48">
<pin_list>
<pin id="49" dir="1" index="0" bw="1" slack="0"/>
</pin_list>
<bind>
<StgValue><ssdm name=""/></StgValue>
</bind>
</comp>

<comp id="50" class="1001" name="const_50">
<pin_list>
<pin id="51" dir="1" index="0" bw="1" slack="0"/>
</pin_list>
<bind>
<StgValue><ssdm name=""/></StgValue>
</bind>
</comp>

<comp id="52" class="1001" name="const_52">
<pin_list>
<pin id="53" dir="1" index="0" bw="1" slack="0"/>
</pin_list>
<bind>
<StgValue><ssdm name=""/></StgValue>
</bind>
</comp>

<comp id="54" class="1001" name="const_54">
<pin_list>
<pin id="55" dir="1" index="0" bw="1" slack="0"/>
</pin_list>
<bind>
<StgValue><ssdm name=""/></StgValue>
</bind>
</comp>

<comp id="56" class="1001" name="const_56">
<pin_list>
<pin id="57" dir="1" index="0" bw="1" slack="0"/>
</pin_list>
<bind>
<StgValue><ssdm name=""/></StgValue>
</bind>
</comp>

<comp id="58" class="1001" name="const_58">
<pin_list>
<pin id="59" dir="1" index="0" bw="1" slack="0"/>
</pin_list>
<bind>
<StgValue><ssdm name=""/></StgValue>
</bind>
</comp>

<comp id="60" class="1001" name="const_60">
<pin_list>
<pin id="61" dir="1" index="0" bw="1" slack="0"/>
</pin_list>
<bind>
<StgValue><ssdm name=""/></StgValue>
</bind>
</comp>

<comp id="62" class="1001" name="const_62">
<pin_list>
<pin id="63" dir="1" index="0" bw="1" slack="0"/>
</pin_list>
<bind>
<StgValue><ssdm name=""/></StgValue>
</bind>
</comp>

<comp id="64" class="1001" name="const_64">
<pin_list>
<pin id="65" dir="1" index="0" bw="1" slack="0"/>
</pin_list>
<bind>
<StgValue><ssdm name=""/></StgValue>
</bind>
</comp>

<comp id="66" class="1001" name="const_66">
<pin_list>
<pin id="67" dir="1" index="0" bw="1" slack="0"/>
</pin_list>
<bind>
<StgValue><ssdm name=""/></StgValue>
</bind>
</comp>

<comp id="68" class="1001" name="const_68">
<pin_list>
<pin id="69" dir="1" index="0" bw="1" slack="0"/>
</pin_list>
<bind>
<StgValue><ssdm name=""/></StgValue>
</bind>
</comp>

<comp id="70" class="1001" name="const_70">
<pin_list>
<pin id="71" dir="1" index="0" bw="1" slack="0"/>
</pin_list>
<bind>
<StgValue><ssdm name=""/></StgValue>
</bind>
</comp>

<comp id="72" class="1001" name="const_72">
<pin_list>
<pin id="73" dir="1" index="0" bw="1" slack="0"/>
</pin_list>
<bind>
<StgValue><ssdm name=""/></StgValue>
</bind>
</comp>

<comp id="74" class="1001" name="const_74">
<pin_list>
<pin id="75" dir="1" index="0" bw="1" slack="0"/>
</pin_list>
<bind>
<StgValue><ssdm name=""/></StgValue>
</bind>
</comp>

<comp id="76" class="1001" name="const_76">
<pin_list>
<pin id="77" dir="1" index="0" bw="1" slack="0"/>
</pin_list>
<bind>
<StgValue><ssdm name=""/></StgValue>
</bind>
</comp>

<comp id="78" class="1001" name="const_78">
<pin_list>
<pin id="79" dir="1" index="0" bw="1" slack="0"/>
</pin_list>
<bind>
<StgValue><ssdm name="_ssdm_op_PartSelect.i8.i468.i32.i32"/></StgValue>
</bind>
</comp>

<comp id="80" class="1001" name="const_80">
<pin_list>
<pin id="81" dir="1" index="0" bw="1" slack="0"/>
</pin_list>
<bind>
<StgValue><ssdm name=""/></StgValue>
</bind>
</comp>

<comp id="82" class="1001" name="const_82">
<pin_list>
<pin id="83" dir="1" index="0" bw="1" slack="0"/>
</pin_list>
<bind>
<StgValue><ssdm name=""/></StgValue>
</bind>
</comp>

<comp id="84" class="1001" name="const_84">
<pin_list>
<pin id="85" dir="1" index="0" bw="1" slack="0"/>
</pin_list>
<bind>
<StgValue><ssdm name="_ssdm_op_PartSelect.i4.i468.i32.i32"/></StgValue>
</bind>
</comp>

<comp id="86" class="1001" name="const_86">
<pin_list>
<pin id="87" dir="1" index="0" bw="1" slack="0"/>
</pin_list>
<bind>
<StgValue><ssdm name=""/></StgValue>
</bind>
</comp>

<comp id="88" class="1001" name="const_88">
<pin_list>
<pin id="89" dir="1" index="0" bw="1" slack="0"/>
</pin_list>
<bind>
<StgValue><ssdm name=""/></StgValue>
</bind>
</comp>

<comp id="90" class="1001" name="const_90">
<pin_list>
<pin id="91" dir="1" index="0" bw="1" slack="0"/>
</pin_list>
<bind>
<StgValue><ssdm name=""/></StgValue>
</bind>
</comp>

<comp id="92" class="1001" name="const_92">
<pin_list>
<pin id="93" dir="1" index="0" bw="1" slack="0"/>
</pin_list>
<bind>
<StgValue><ssdm name=""/></StgValue>
</bind>
</comp>

<comp id="94" class="1001" name="const_94">
<pin_list>
<pin id="95" dir="1" index="0" bw="1" slack="0"/>
</pin_list>
<bind>
<StgValue><ssdm name=""/></StgValue>
</bind>
</comp>

<comp id="96" class="1001" name="const_96">
<pin_list>
<pin id="97" dir="1" index="0" bw="1" slack="0"/>
</pin_list>
<bind>
<StgValue><ssdm name=""/></StgValue>
</bind>
</comp>

<comp id="98" class="1001" name="const_98">
<pin_list>
<pin id="99" dir="1" index="0" bw="1" slack="0"/>
</pin_list>
<bind>
<StgValue><ssdm name=""/></StgValue>
</bind>
</comp>

<comp id="100" class="1001" name="const_100">
<pin_list>
<pin id="101" dir="1" index="0" bw="1" slack="0"/>
</pin_list>
<bind>
<StgValue><ssdm name=""/></StgValue>
</bind>
</comp>

<comp id="102" class="1001" name="const_102">
<pin_list>
<pin id="103" dir="1" index="0" bw="1" slack="0"/>
</pin_list>
<bind>
<StgValue><ssdm name=""/></StgValue>
</bind>
</comp>

<comp id="104" class="1001" name="const_104">
<pin_list>
<pin id="105" dir="1" index="0" bw="1" slack="0"/>
</pin_list>
<bind>
<StgValue><ssdm name=""/></StgValue>
</bind>
</comp>

<comp id="106" class="1001" name="const_106">
<pin_list>
<pin id="107" dir="1" index="0" bw="1" slack="0"/>
</pin_list>
<bind>
<StgValue><ssdm name=""/></StgValue>
</bind>
</comp>

<comp id="108" class="1001" name="const_108">
<pin_list>
<pin id="109" dir="1" index="0" bw="1" slack="0"/>
</pin_list>
<bind>
<StgValue><ssdm name=""/></StgValue>
</bind>
</comp>

<comp id="110" class="1001" name="const_110">
<pin_list>
<pin id="111" dir="1" index="0" bw="1" slack="0"/>
</pin_list>
<bind>
<StgValue><ssdm name=""/></StgValue>
</bind>
</comp>

<comp id="112" class="1001" name="const_112">
<pin_list>
<pin id="113" dir="1" index="0" bw="1" slack="0"/>
</pin_list>
<bind>
<StgValue><ssdm name=""/></StgValue>
</bind>
</comp>

<comp id="114" class="1001" name="const_114">
<pin_list>
<pin id="115" dir="1" index="0" bw="1" slack="0"/>
</pin_list>
<bind>
<StgValue><ssdm name=""/></StgValue>
</bind>
</comp>

<comp id="116" class="1001" name="const_116">
<pin_list>
<pin id="117" dir="1" index="0" bw="1" slack="0"/>
</pin_list>
<bind>
<StgValue><ssdm name=""/></StgValue>
</bind>
</comp>

<comp id="118" class="1001" name="const_118">
<pin_list>
<pin id="119" dir="1" index="0" bw="1" slack="0"/>
</pin_list>
<bind>
<StgValue><ssdm name=""/></StgValue>
</bind>
</comp>

<comp id="120" class="1001" name="const_120">
<pin_list>
<pin id="121" dir="1" index="0" bw="1" slack="0"/>
</pin_list>
<bind>
<StgValue><ssdm name=""/></StgValue>
</bind>
</comp>

<comp id="122" class="1001" name="const_122">
<pin_list>
<pin id="123" dir="1" index="0" bw="1" slack="0"/>
</pin_list>
<bind>
<StgValue><ssdm name=""/></StgValue>
</bind>
</comp>

<comp id="124" class="1001" name="const_124">
<pin_list>
<pin id="125" dir="1" index="0" bw="1" slack="0"/>
</pin_list>
<bind>
<StgValue><ssdm name=""/></StgValue>
</bind>
</comp>

<comp id="126" class="1001" name="const_126">
<pin_list>
<pin id="127" dir="1" index="0" bw="1" slack="0"/>
</pin_list>
<bind>
<StgValue><ssdm name=""/></StgValue>
</bind>
</comp>

<comp id="128" class="1001" name="const_128">
<pin_list>
<pin id="129" dir="1" index="0" bw="1" slack="0"/>
</pin_list>
<bind>
<StgValue><ssdm name=""/></StgValue>
</bind>
</comp>

<comp id="130" class="1001" name="const_130">
<pin_list>
<pin id="131" dir="1" index="0" bw="1" slack="0"/>
</pin_list>
<bind>
<StgValue><ssdm name=""/></StgValue>
</bind>
</comp>

<comp id="132" class="1001" name="const_132">
<pin_list>
<pin id="133" dir="1" index="0" bw="1" slack="0"/>
</pin_list>
<bind>
<StgValue><ssdm name=""/></StgValue>
</bind>
</comp>

<comp id="134" class="1001" name="const_134">
<pin_list>
<pin id="135" dir="1" index="0" bw="1" slack="0"/>
</pin_list>
<bind>
<StgValue><ssdm name=""/></StgValue>
</bind>
</comp>

<comp id="136" class="1001" name="const_136">
<pin_list>
<pin id="137" dir="1" index="0" bw="1" slack="0"/>
</pin_list>
<bind>
<StgValue><ssdm name=""/></StgValue>
</bind>
</comp>

<comp id="138" class="1001" name="const_138">
<pin_list>
<pin id="139" dir="1" index="0" bw="1" slack="0"/>
</pin_list>
<bind>
<StgValue><ssdm name=""/></StgValue>
</bind>
</comp>

<comp id="140" class="1001" name="const_140">
<pin_list>
<pin id="141" dir="1" index="0" bw="1" slack="0"/>
</pin_list>
<bind>
<StgValue><ssdm name=""/></StgValue>
</bind>
</comp>

<comp id="142" class="1001" name="const_142">
<pin_list>
<pin id="143" dir="1" index="0" bw="1" slack="0"/>
</pin_list>
<bind>
<StgValue><ssdm name=""/></StgValue>
</bind>
</comp>

<comp id="144" class="1001" name="const_144">
<pin_list>
<pin id="145" dir="1" index="0" bw="1" slack="0"/>
</pin_list>
<bind>
<StgValue><ssdm name=""/></StgValue>
</bind>
</comp>

<comp id="146" class="1001" name="const_146">
<pin_list>
<pin id="147" dir="1" index="0" bw="1" slack="0"/>
</pin_list>
<bind>
<StgValue><ssdm name=""/></StgValue>
</bind>
</comp>

<comp id="148" class="1001" name="const_148">
<pin_list>
<pin id="149" dir="1" index="0" bw="1" slack="0"/>
</pin_list>
<bind>
<StgValue><ssdm name=""/></StgValue>
</bind>
</comp>

<comp id="150" class="1001" name="const_150">
<pin_list>
<pin id="151" dir="1" index="0" bw="1" slack="0"/>
</pin_list>
<bind>
<StgValue><ssdm name=""/></StgValue>
</bind>
</comp>

<comp id="152" class="1001" name="const_152">
<pin_list>
<pin id="153" dir="1" index="0" bw="1" slack="0"/>
</pin_list>
<bind>
<StgValue><ssdm name=""/></StgValue>
</bind>
</comp>

<comp id="154" class="1001" name="const_154">
<pin_list>
<pin id="155" dir="1" index="0" bw="1" slack="0"/>
</pin_list>
<bind>
<StgValue><ssdm name=""/></StgValue>
</bind>
</comp>

<comp id="156" class="1001" name="const_156">
<pin_list>
<pin id="157" dir="1" index="0" bw="1" slack="0"/>
</pin_list>
<bind>
<StgValue><ssdm name=""/></StgValue>
</bind>
</comp>

<comp id="158" class="1001" name="const_158">
<pin_list>
<pin id="159" dir="1" index="0" bw="1" slack="0"/>
</pin_list>
<bind>
<StgValue><ssdm name=""/></StgValue>
</bind>
</comp>

<comp id="160" class="1001" name="const_160">
<pin_list>
<pin id="161" dir="1" index="0" bw="1" slack="0"/>
</pin_list>
<bind>
<StgValue><ssdm name=""/></StgValue>
</bind>
</comp>

<comp id="162" class="1001" name="const_162">
<pin_list>
<pin id="163" dir="1" index="0" bw="1" slack="0"/>
</pin_list>
<bind>
<StgValue><ssdm name=""/></StgValue>
</bind>
</comp>

<comp id="164" class="1001" name="const_164">
<pin_list>
<pin id="165" dir="1" index="0" bw="1" slack="0"/>
</pin_list>
<bind>
<StgValue><ssdm name=""/></StgValue>
</bind>
</comp>

<comp id="166" class="1001" name="const_166">
<pin_list>
<pin id="167" dir="1" index="0" bw="1" slack="0"/>
</pin_list>
<bind>
<StgValue><ssdm name=""/></StgValue>
</bind>
</comp>

<comp id="168" class="1001" name="const_168">
<pin_list>
<pin id="169" dir="1" index="0" bw="1" slack="0"/>
</pin_list>
<bind>
<StgValue><ssdm name=""/></StgValue>
</bind>
</comp>

<comp id="170" class="1001" name="const_170">
<pin_list>
<pin id="171" dir="1" index="0" bw="1" slack="0"/>
</pin_list>
<bind>
<StgValue><ssdm name=""/></StgValue>
</bind>
</comp>

<comp id="172" class="1001" name="const_172">
<pin_list>
<pin id="173" dir="1" index="0" bw="1" slack="0"/>
</pin_list>
<bind>
<StgValue><ssdm name=""/></StgValue>
</bind>
</comp>

<comp id="174" class="1001" name="const_174">
<pin_list>
<pin id="175" dir="1" index="0" bw="1" slack="0"/>
</pin_list>
<bind>
<StgValue><ssdm name=""/></StgValue>
</bind>
</comp>

<comp id="176" class="1001" name="const_176">
<pin_list>
<pin id="177" dir="1" index="0" bw="1" slack="0"/>
</pin_list>
<bind>
<StgValue><ssdm name=""/></StgValue>
</bind>
</comp>

<comp id="178" class="1001" name="const_178">
<pin_list>
<pin id="179" dir="1" index="0" bw="1" slack="0"/>
</pin_list>
<bind>
<StgValue><ssdm name=""/></StgValue>
</bind>
</comp>

<comp id="180" class="1001" name="const_180">
<pin_list>
<pin id="181" dir="1" index="0" bw="1" slack="0"/>
</pin_list>
<bind>
<StgValue><ssdm name=""/></StgValue>
</bind>
</comp>

<comp id="182" class="1001" name="const_182">
<pin_list>
<pin id="183" dir="1" index="0" bw="1" slack="0"/>
</pin_list>
<bind>
<StgValue><ssdm name=""/></StgValue>
</bind>
</comp>

<comp id="184" class="1001" name="const_184">
<pin_list>
<pin id="185" dir="1" index="0" bw="1" slack="0"/>
</pin_list>
<bind>
<StgValue><ssdm name=""/></StgValue>
</bind>
</comp>

<comp id="186" class="1001" name="const_186">
<pin_list>
<pin id="187" dir="1" index="0" bw="1" slack="0"/>
</pin_list>
<bind>
<StgValue><ssdm name=""/></StgValue>
</bind>
</comp>

<comp id="188" class="1001" name="const_188">
<pin_list>
<pin id="189" dir="1" index="0" bw="1" slack="0"/>
</pin_list>
<bind>
<StgValue><ssdm name=""/></StgValue>
</bind>
</comp>

<comp id="190" class="1001" name="const_190">
<pin_list>
<pin id="191" dir="1" index="0" bw="1" slack="0"/>
</pin_list>
<bind>
<StgValue><ssdm name=""/></StgValue>
</bind>
</comp>

<comp id="192" class="1001" name="const_192">
<pin_list>
<pin id="193" dir="1" index="0" bw="1" slack="0"/>
</pin_list>
<bind>
<StgValue><ssdm name=""/></StgValue>
</bind>
</comp>

<comp id="194" class="1001" name="const_194">
<pin_list>
<pin id="195" dir="1" index="0" bw="1" slack="0"/>
</pin_list>
<bind>
<StgValue><ssdm name=""/></StgValue>
</bind>
</comp>

<comp id="196" class="1001" name="const_196">
<pin_list>
<pin id="197" dir="1" index="0" bw="1" slack="0"/>
</pin_list>
<bind>
<StgValue><ssdm name=""/></StgValue>
</bind>
</comp>

<comp id="198" class="1001" name="const_198">
<pin_list>
<pin id="199" dir="1" index="0" bw="1" slack="0"/>
</pin_list>
<bind>
<StgValue><ssdm name=""/></StgValue>
</bind>
</comp>

<comp id="200" class="1001" name="const_200">
<pin_list>
<pin id="201" dir="1" index="0" bw="1" slack="0"/>
</pin_list>
<bind>
<StgValue><ssdm name=""/></StgValue>
</bind>
</comp>

<comp id="202" class="1001" name="const_202">
<pin_list>
<pin id="203" dir="1" index="0" bw="1" slack="0"/>
</pin_list>
<bind>
<StgValue><ssdm name=""/></StgValue>
</bind>
</comp>

<comp id="204" class="1001" name="const_204">
<pin_list>
<pin id="205" dir="1" index="0" bw="1" slack="0"/>
</pin_list>
<bind>
<StgValue><ssdm name=""/></StgValue>
</bind>
</comp>

<comp id="206" class="1001" name="const_206">
<pin_list>
<pin id="207" dir="1" index="0" bw="1" slack="0"/>
</pin_list>
<bind>
<StgValue><ssdm name=""/></StgValue>
</bind>
</comp>

<comp id="208" class="1001" name="const_208">
<pin_list>
<pin id="209" dir="1" index="0" bw="1" slack="0"/>
</pin_list>
<bind>
<StgValue><ssdm name=""/></StgValue>
</bind>
</comp>

<comp id="210" class="1001" name="const_210">
<pin_list>
<pin id="211" dir="1" index="0" bw="1" slack="0"/>
</pin_list>
<bind>
<StgValue><ssdm name=""/></StgValue>
</bind>
</comp>

<comp id="212" class="1001" name="const_212">
<pin_list>
<pin id="213" dir="1" index="0" bw="1" slack="0"/>
</pin_list>
<bind>
<StgValue><ssdm name=""/></StgValue>
</bind>
</comp>

<comp id="214" class="1001" name="const_214">
<pin_list>
<pin id="215" dir="1" index="0" bw="1" slack="0"/>
</pin_list>
<bind>
<StgValue><ssdm name=""/></StgValue>
</bind>
</comp>

<comp id="216" class="1001" name="const_216">
<pin_list>
<pin id="217" dir="1" index="0" bw="1" slack="0"/>
</pin_list>
<bind>
<StgValue><ssdm name=""/></StgValue>
</bind>
</comp>

<comp id="218" class="1001" name="const_218">
<pin_list>
<pin id="219" dir="1" index="0" bw="1" slack="0"/>
</pin_list>
<bind>
<StgValue><ssdm name=""/></StgValue>
</bind>
</comp>

<comp id="220" class="1001" name="const_220">
<pin_list>
<pin id="221" dir="1" index="0" bw="1" slack="0"/>
</pin_list>
<bind>
<StgValue><ssdm name=""/></StgValue>
</bind>
</comp>

<comp id="222" class="1001" name="const_222">
<pin_list>
<pin id="223" dir="1" index="0" bw="1" slack="0"/>
</pin_list>
<bind>
<StgValue><ssdm name=""/></StgValue>
</bind>
</comp>

<comp id="224" class="1001" name="const_224">
<pin_list>
<pin id="225" dir="1" index="0" bw="1" slack="0"/>
</pin_list>
<bind>
<StgValue><ssdm name=""/></StgValue>
</bind>
</comp>

<comp id="226" class="1001" name="const_226">
<pin_list>
<pin id="227" dir="1" index="0" bw="1" slack="0"/>
</pin_list>
<bind>
<StgValue><ssdm name=""/></StgValue>
</bind>
</comp>

<comp id="228" class="1001" name="const_228">
<pin_list>
<pin id="229" dir="1" index="0" bw="1" slack="0"/>
</pin_list>
<bind>
<StgValue><ssdm name=""/></StgValue>
</bind>
</comp>

<comp id="230" class="1001" name="const_230">
<pin_list>
<pin id="231" dir="1" index="0" bw="1" slack="0"/>
</pin_list>
<bind>
<StgValue><ssdm name="_ssdm_op_BitConcatenate.i240.i4.i8.i8.i4.i8.i8.i4.i8.i8.i4.i8.i8.i4.i8.i8.i4.i8.i8.i4.i8.i8.i4.i8.i8.i4.i8.i8.i4.i8.i8.i4.i8.i8.i4.i8.i8"/></StgValue>
</bind>
</comp>

<comp id="232" class="1001" name="const_232">
<pin_list>
<pin id="233" dir="1" index="0" bw="1" slack="0"/>
</pin_list>
<bind>
<StgValue><ssdm name="_ssdm_op_Write.ap_fifo.volatile.i240P0A"/></StgValue>
</bind>
</comp>

<comp id="234" class="1001" name="const_234">
<pin_list>
<pin id="235" dir="1" index="0" bw="1" slack="0"/>
</pin_list>
<bind>
<StgValue><ssdm name=""/></StgValue>
</bind>
</comp>

<comp id="236" class="1001" name="const_236">
<pin_list>
<pin id="237" dir="1" index="0" bw="1" slack="0"/>
</pin_list>
<bind>
<StgValue><ssdm name=""/></StgValue>
</bind>
</comp>

<comp id="238" class="1004" name="i1_fu_238">
<pin_list>
<pin id="239" dir="0" index="0" bw="1" slack="0"/>
<pin id="240" dir="1" index="1" bw="10" slack="0"/>
</pin_list>
<bind>
<opcode="alloca(26) " fcode="alloca"/>
<opset="i1/1 "/>
</bind>
</comp>

<comp id="242" class="1004" name="layer3_out_read_read_fu_242">
<pin_list>
<pin id="243" dir="0" index="0" bw="468" slack="0"/>
<pin id="244" dir="0" index="1" bw="468" slack="0"/>
<pin id="245" dir="1" index="2" bw="468" slack="0"/>
</pin_list>
<bind>
<opcode="read(1150) " fcode="read"/>
<opset="layer3_out_read/1 "/>
</bind>
</comp>

<comp id="248" class="1004" name="write_ln57_write_fu_248">
<pin_list>
<pin id="249" dir="0" index="0" bw="0" slack="0"/>
<pin id="250" dir="0" index="1" bw="240" slack="0"/>
<pin id="251" dir="0" index="2" bw="240" slack="0"/>
<pin id="252" dir="1" index="3" bw="0" slack="2147483647"/>
</pin_list>
<bind>
<opcode="write(1151) " fcode="write"/>
<opset="write_ln57/1 "/>
</bind>
</comp>

<comp id="255" class="1004" name="store_ln0_store_fu_255">
<pin_list>
<pin id="256" dir="0" index="0" bw="1" slack="0"/>
<pin id="257" dir="0" index="1" bw="10" slack="0"/>
<pin id="258" dir="1" index="2" bw="0" slack="2147483647"/>
</pin_list>
<bind>
<opcode="store(28) " fcode="store"/>
<opset="store_ln0/1 "/>
</bind>
</comp>

<comp id="260" class="1004" name="i1_load_load_fu_260">
<pin_list>
<pin id="261" dir="0" index="0" bw="10" slack="0"/>
<pin id="262" dir="1" index="1" bw="10" slack="0"/>
</pin_list>
<bind>
<opcode="load(27) " fcode="load"/>
<opset="i1_load/1 "/>
</bind>
</comp>

<comp id="263" class="1004" name="trunc_ln44_fu_263">
<pin_list>
<pin id="264" dir="0" index="0" bw="468" slack="0"/>
<pin id="265" dir="1" index="1" bw="39" slack="0"/>
</pin_list>
<bind>
<opcode="trunc(33) " fcode="trunc"/>
<opset="trunc_ln44/1 "/>
</bind>
</comp>

<comp id="267" class="1004" name="trunc_ln44_s_fu_267">
<pin_list>
<pin id="268" dir="0" index="0" bw="39" slack="0"/>
<pin id="269" dir="0" index="1" bw="468" slack="0"/>
<pin id="270" dir="0" index="2" bw="7" slack="0"/>
<pin id="271" dir="0" index="3" bw="8" slack="0"/>
<pin id="272" dir="1" index="4" bw="39" slack="0"/>
</pin_list>
<bind>
<opcode="partselect(1002) " fcode="partselect"/>
<opset="trunc_ln44_s/1 "/>
</bind>
</comp>

<comp id="277" class="1004" name="trunc_ln44_17_fu_277">
<pin_list>
<pin id="278" dir="0" index="0" bw="39" slack="0"/>
<pin id="279" dir="0" index="1" bw="468" slack="0"/>
<pin id="280" dir="0" index="2" bw="8" slack="0"/>
<pin id="281" dir="0" index="3" bw="8" slack="0"/>
<pin id="282" dir="1" index="4" bw="39" slack="0"/>
</pin_list>
<bind>
<opcode="partselect(1002) " fcode="partselect"/>
<opset="trunc_ln44_17/1 "/>
</bind>
</comp>

<comp id="287" class="1004" name="trunc_ln44_18_fu_287">
<pin_list>
<pin id="288" dir="0" index="0" bw="39" slack="0"/>
<pin id="289" dir="0" index="1" bw="468" slack="0"/>
<pin id="290" dir="0" index="2" bw="8" slack="0"/>
<pin id="291" dir="0" index="3" bw="9" slack="0"/>
<pin id="292" dir="1" index="4" bw="39" slack="0"/>
</pin_list>
<bind>
<opcode="partselect(1002) " fcode="partselect"/>
<opset="trunc_ln44_18/1 "/>
</bind>
</comp>

<comp id="297" class="1004" name="trunc_ln44_19_fu_297">
<pin_list>
<pin id="298" dir="0" index="0" bw="39" slack="0"/>
<pin id="299" dir="0" index="1" bw="468" slack="0"/>
<pin id="300" dir="0" index="2" bw="9" slack="0"/>
<pin id="301" dir="0" index="3" bw="9" slack="0"/>
<pin id="302" dir="1" index="4" bw="39" slack="0"/>
</pin_list>
<bind>
<opcode="partselect(1002) " fcode="partselect"/>
<opset="trunc_ln44_19/1 "/>
</bind>
</comp>

<comp id="307" class="1004" name="trunc_ln44_20_fu_307">
<pin_list>
<pin id="308" dir="0" index="0" bw="39" slack="0"/>
<pin id="309" dir="0" index="1" bw="468" slack="0"/>
<pin id="310" dir="0" index="2" bw="9" slack="0"/>
<pin id="311" dir="0" index="3" bw="9" slack="0"/>
<pin id="312" dir="1" index="4" bw="39" slack="0"/>
</pin_list>
<bind>
<opcode="partselect(1002) " fcode="partselect"/>
<opset="trunc_ln44_20/1 "/>
</bind>
</comp>

<comp id="317" class="1004" name="trunc_ln44_21_fu_317">
<pin_list>
<pin id="318" dir="0" index="0" bw="39" slack="0"/>
<pin id="319" dir="0" index="1" bw="468" slack="0"/>
<pin id="320" dir="0" index="2" bw="9" slack="0"/>
<pin id="321" dir="0" index="3" bw="10" slack="0"/>
<pin id="322" dir="1" index="4" bw="39" slack="0"/>
</pin_list>
<bind>
<opcode="partselect(1002) " fcode="partselect"/>
<opset="trunc_ln44_21/1 "/>
</bind>
</comp>

<comp id="327" class="1004" name="trunc_ln44_22_fu_327">
<pin_list>
<pin id="328" dir="0" index="0" bw="39" slack="0"/>
<pin id="329" dir="0" index="1" bw="468" slack="0"/>
<pin id="330" dir="0" index="2" bw="10" slack="0"/>
<pin id="331" dir="0" index="3" bw="10" slack="0"/>
<pin id="332" dir="1" index="4" bw="39" slack="0"/>
</pin_list>
<bind>
<opcode="partselect(1002) " fcode="partselect"/>
<opset="trunc_ln44_22/1 "/>
</bind>
</comp>

<comp id="337" class="1004" name="trunc_ln44_23_fu_337">
<pin_list>
<pin id="338" dir="0" index="0" bw="39" slack="0"/>
<pin id="339" dir="0" index="1" bw="468" slack="0"/>
<pin id="340" dir="0" index="2" bw="10" slack="0"/>
<pin id="341" dir="0" index="3" bw="10" slack="0"/>
<pin id="342" dir="1" index="4" bw="39" slack="0"/>
</pin_list>
<bind>
<opcode="partselect(1002) " fcode="partselect"/>
<opset="trunc_ln44_23/1 "/>
</bind>
</comp>

<comp id="347" class="1004" name="trunc_ln44_24_fu_347">
<pin_list>
<pin id="348" dir="0" index="0" bw="39" slack="0"/>
<pin id="349" dir="0" index="1" bw="468" slack="0"/>
<pin id="350" dir="0" index="2" bw="10" slack="0"/>
<pin id="351" dir="0" index="3" bw="10" slack="0"/>
<pin id="352" dir="1" index="4" bw="39" slack="0"/>
</pin_list>
<bind>
<opcode="partselect(1002) " fcode="partselect"/>
<opset="trunc_ln44_24/1 "/>
</bind>
</comp>

<comp id="357" class="1004" name="trunc_ln44_25_fu_357">
<pin_list>
<pin id="358" dir="0" index="0" bw="39" slack="0"/>
<pin id="359" dir="0" index="1" bw="468" slack="0"/>
<pin id="360" dir="0" index="2" bw="10" slack="0"/>
<pin id="361" dir="0" index="3" bw="10" slack="0"/>
<pin id="362" dir="1" index="4" bw="39" slack="0"/>
</pin_list>
<bind>
<opcode="partselect(1002) " fcode="partselect"/>
<opset="trunc_ln44_25/1 "/>
</bind>
</comp>

<comp id="367" class="1004" name="trunc_ln44_26_fu_367">
<pin_list>
<pin id="368" dir="0" index="0" bw="39" slack="0"/>
<pin id="369" dir="0" index="1" bw="468" slack="0"/>
<pin id="370" dir="0" index="2" bw="10" slack="0"/>
<pin id="371" dir="0" index="3" bw="10" slack="0"/>
<pin id="372" dir="1" index="4" bw="39" slack="0"/>
</pin_list>
<bind>
<opcode="partselect(1002) " fcode="partselect"/>
<opset="trunc_ln44_26/1 "/>
</bind>
</comp>

<comp id="377" class="1004" name="icmp_ln51_fu_377">
<pin_list>
<pin id="378" dir="0" index="0" bw="39" slack="0"/>
<pin id="379" dir="0" index="1" bw="1" slack="0"/>
<pin id="380" dir="1" index="2" bw="1" slack="0"/>
</pin_list>
<bind>
<opcode="icmp(45) " fcode="icmp"/>
<opset="icmp_ln51/1 "/>
</bind>
</comp>

<comp id="383" class="1004" name="trunc_ln2_fu_383">
<pin_list>
<pin id="384" dir="0" index="0" bw="8" slack="0"/>
<pin id="385" dir="0" index="1" bw="468" slack="0"/>
<pin id="386" dir="0" index="2" bw="5" slack="0"/>
<pin id="387" dir="0" index="3" bw="6" slack="0"/>
<pin id="388" dir="1" index="4" bw="8" slack="0"/>
</pin_list>
<bind>
<opcode="partselect(1002) " fcode="partselect"/>
<opset="trunc_ln2/1 "/>
</bind>
</comp>

<comp id="393" class="1004" name="trunc_ln52_s_fu_393">
<pin_list>
<pin id="394" dir="0" index="0" bw="4" slack="0"/>
<pin id="395" dir="0" index="1" bw="468" slack="0"/>
<pin id="396" dir="0" index="2" bw="6" slack="0"/>
<pin id="397" dir="0" index="3" bw="6" slack="0"/>
<pin id="398" dir="1" index="4" bw="4" slack="0"/>
</pin_list>
<bind>
<opcode="partselect(1002) " fcode="partselect"/>
<opset="trunc_ln52_s/1 "/>
</bind>
</comp>

<comp id="403" class="1004" name="out_data_sroa_0_0_0_fu_403">
<pin_list>
<pin id="404" dir="0" index="0" bw="1" slack="0"/>
<pin id="405" dir="0" index="1" bw="8" slack="0"/>
<pin id="406" dir="0" index="2" bw="1" slack="0"/>
<pin id="407" dir="1" index="3" bw="8" slack="0"/>
</pin_list>
<bind>
<opcode="select(49) " fcode="select"/>
<opset="out_data_sroa_0_0_0/1 "/>
</bind>
</comp>

<comp id="411" class="1004" name="empty_fu_411">
<pin_list>
<pin id="412" dir="0" index="0" bw="1" slack="0"/>
<pin id="413" dir="0" index="1" bw="4" slack="0"/>
<pin id="414" dir="0" index="2" bw="1" slack="0"/>
<pin id="415" dir="1" index="3" bw="4" slack="0"/>
</pin_list>
<bind>
<opcode="select(49) " fcode="select"/>
<opset="empty/1 "/>
</bind>
</comp>

<comp id="419" class="1004" name="icmp_ln51_18_fu_419">
<pin_list>
<pin id="420" dir="0" index="0" bw="39" slack="0"/>
<pin id="421" dir="0" index="1" bw="1" slack="0"/>
<pin id="422" dir="1" index="2" bw="1" slack="0"/>
</pin_list>
<bind>
<opcode="icmp(45) " fcode="icmp"/>
<opset="icmp_ln51_18/1 "/>
</bind>
</comp>

<comp id="425" class="1004" name="trunc_ln52_35_fu_425">
<pin_list>
<pin id="426" dir="0" index="0" bw="8" slack="0"/>
<pin id="427" dir="0" index="1" bw="468" slack="0"/>
<pin id="428" dir="0" index="2" bw="7" slack="0"/>
<pin id="429" dir="0" index="3" bw="7" slack="0"/>
<pin id="430" dir="1" index="4" bw="8" slack="0"/>
</pin_list>
<bind>
<opcode="partselect(1002) " fcode="partselect"/>
<opset="trunc_ln52_35/1 "/>
</bind>
</comp>

<comp id="435" class="1004" name="trunc_ln52_36_fu_435">
<pin_list>
<pin id="436" dir="0" index="0" bw="4" slack="0"/>
<pin id="437" dir="0" index="1" bw="468" slack="0"/>
<pin id="438" dir="0" index="2" bw="8" slack="0"/>
<pin id="439" dir="0" index="3" bw="8" slack="0"/>
<pin id="440" dir="1" index="4" bw="4" slack="0"/>
</pin_list>
<bind>
<opcode="partselect(1002) " fcode="partselect"/>
<opset="trunc_ln52_36/1 "/>
</bind>
</comp>

<comp id="445" class="1004" name="out_data_sroa_5100_0_0_fu_445">
<pin_list>
<pin id="446" dir="0" index="0" bw="1" slack="0"/>
<pin id="447" dir="0" index="1" bw="8" slack="0"/>
<pin id="448" dir="0" index="2" bw="1" slack="0"/>
<pin id="449" dir="1" index="3" bw="8" slack="0"/>
</pin_list>
<bind>
<opcode="select(49) " fcode="select"/>
<opset="out_data_sroa_5100_0_0/1 "/>
</bind>
</comp>

<comp id="453" class="1004" name="empty_85_fu_453">
<pin_list>
<pin id="454" dir="0" index="0" bw="1" slack="0"/>
<pin id="455" dir="0" index="1" bw="4" slack="0"/>
<pin id="456" dir="0" index="2" bw="1" slack="0"/>
<pin id="457" dir="1" index="3" bw="4" slack="0"/>
</pin_list>
<bind>
<opcode="select(49) " fcode="select"/>
<opset="empty_85/1 "/>
</bind>
</comp>

<comp id="461" class="1004" name="icmp_ln51_19_fu_461">
<pin_list>
<pin id="462" dir="0" index="0" bw="39" slack="0"/>
<pin id="463" dir="0" index="1" bw="1" slack="0"/>
<pin id="464" dir="1" index="2" bw="1" slack="0"/>
</pin_list>
<bind>
<opcode="icmp(45) " fcode="icmp"/>
<opset="icmp_ln51_19/1 "/>
</bind>
</comp>

<comp id="467" class="1004" name="trunc_ln52_37_fu_467">
<pin_list>
<pin id="468" dir="0" index="0" bw="8" slack="0"/>
<pin id="469" dir="0" index="1" bw="468" slack="0"/>
<pin id="470" dir="0" index="2" bw="8" slack="0"/>
<pin id="471" dir="0" index="3" bw="8" slack="0"/>
<pin id="472" dir="1" index="4" bw="8" slack="0"/>
</pin_list>
<bind>
<opcode="partselect(1002) " fcode="partselect"/>
<opset="trunc_ln52_37/1 "/>
</bind>
</comp>

<comp id="477" class="1004" name="trunc_ln52_38_fu_477">
<pin_list>
<pin id="478" dir="0" index="0" bw="4" slack="0"/>
<pin id="479" dir="0" index="1" bw="468" slack="0"/>
<pin id="480" dir="0" index="2" bw="8" slack="0"/>
<pin id="481" dir="0" index="3" bw="8" slack="0"/>
<pin id="482" dir="1" index="4" bw="4" slack="0"/>
</pin_list>
<bind>
<opcode="partselect(1002) " fcode="partselect"/>
<opset="trunc_ln52_38/1 "/>
</bind>
</comp>

<comp id="487" class="1004" name="out_data_sroa_8104_0_0_fu_487">
<pin_list>
<pin id="488" dir="0" index="0" bw="1" slack="0"/>
<pin id="489" dir="0" index="1" bw="8" slack="0"/>
<pin id="490" dir="0" index="2" bw="1" slack="0"/>
<pin id="491" dir="1" index="3" bw="8" slack="0"/>
</pin_list>
<bind>
<opcode="select(49) " fcode="select"/>
<opset="out_data_sroa_8104_0_0/1 "/>
</bind>
</comp>

<comp id="495" class="1004" name="empty_86_fu_495">
<pin_list>
<pin id="496" dir="0" index="0" bw="1" slack="0"/>
<pin id="497" dir="0" index="1" bw="4" slack="0"/>
<pin id="498" dir="0" index="2" bw="1" slack="0"/>
<pin id="499" dir="1" index="3" bw="4" slack="0"/>
</pin_list>
<bind>
<opcode="select(49) " fcode="select"/>
<opset="empty_86/1 "/>
</bind>
</comp>

<comp id="503" class="1004" name="icmp_ln51_20_fu_503">
<pin_list>
<pin id="504" dir="0" index="0" bw="39" slack="0"/>
<pin id="505" dir="0" index="1" bw="1" slack="0"/>
<pin id="506" dir="1" index="2" bw="1" slack="0"/>
</pin_list>
<bind>
<opcode="icmp(45) " fcode="icmp"/>
<opset="icmp_ln51_20/1 "/>
</bind>
</comp>

<comp id="509" class="1004" name="trunc_ln52_39_fu_509">
<pin_list>
<pin id="510" dir="0" index="0" bw="8" slack="0"/>
<pin id="511" dir="0" index="1" bw="468" slack="0"/>
<pin id="512" dir="0" index="2" bw="8" slack="0"/>
<pin id="513" dir="0" index="3" bw="9" slack="0"/>
<pin id="514" dir="1" index="4" bw="8" slack="0"/>
</pin_list>
<bind>
<opcode="partselect(1002) " fcode="partselect"/>
<opset="trunc_ln52_39/1 "/>
</bind>
</comp>

<comp id="519" class="1004" name="trunc_ln52_40_fu_519">
<pin_list>
<pin id="520" dir="0" index="0" bw="4" slack="0"/>
<pin id="521" dir="0" index="1" bw="468" slack="0"/>
<pin id="522" dir="0" index="2" bw="9" slack="0"/>
<pin id="523" dir="0" index="3" bw="9" slack="0"/>
<pin id="524" dir="1" index="4" bw="4" slack="0"/>
</pin_list>
<bind>
<opcode="partselect(1002) " fcode="partselect"/>
<opset="trunc_ln52_40/1 "/>
</bind>
</comp>

<comp id="529" class="1004" name="out_data_sroa_11108_0_0_fu_529">
<pin_list>
<pin id="530" dir="0" index="0" bw="1" slack="0"/>
<pin id="531" dir="0" index="1" bw="8" slack="0"/>
<pin id="532" dir="0" index="2" bw="1" slack="0"/>
<pin id="533" dir="1" index="3" bw="8" slack="0"/>
</pin_list>
<bind>
<opcode="select(49) " fcode="select"/>
<opset="out_data_sroa_11108_0_0/1 "/>
</bind>
</comp>

<comp id="537" class="1004" name="empty_87_fu_537">
<pin_list>
<pin id="538" dir="0" index="0" bw="1" slack="0"/>
<pin id="539" dir="0" index="1" bw="4" slack="0"/>
<pin id="540" dir="0" index="2" bw="1" slack="0"/>
<pin id="541" dir="1" index="3" bw="4" slack="0"/>
</pin_list>
<bind>
<opcode="select(49) " fcode="select"/>
<opset="empty_87/1 "/>
</bind>
</comp>

<comp id="545" class="1004" name="icmp_ln51_21_fu_545">
<pin_list>
<pin id="546" dir="0" index="0" bw="39" slack="0"/>
<pin id="547" dir="0" index="1" bw="1" slack="0"/>
<pin id="548" dir="1" index="2" bw="1" slack="0"/>
</pin_list>
<bind>
<opcode="icmp(45) " fcode="icmp"/>
<opset="icmp_ln51_21/1 "/>
</bind>
</comp>

<comp id="551" class="1004" name="trunc_ln52_41_fu_551">
<pin_list>
<pin id="552" dir="0" index="0" bw="8" slack="0"/>
<pin id="553" dir="0" index="1" bw="468" slack="0"/>
<pin id="554" dir="0" index="2" bw="9" slack="0"/>
<pin id="555" dir="0" index="3" bw="9" slack="0"/>
<pin id="556" dir="1" index="4" bw="8" slack="0"/>
</pin_list>
<bind>
<opcode="partselect(1002) " fcode="partselect"/>
<opset="trunc_ln52_41/1 "/>
</bind>
</comp>

<comp id="561" class="1004" name="trunc_ln52_42_fu_561">
<pin_list>
<pin id="562" dir="0" index="0" bw="4" slack="0"/>
<pin id="563" dir="0" index="1" bw="468" slack="0"/>
<pin id="564" dir="0" index="2" bw="9" slack="0"/>
<pin id="565" dir="0" index="3" bw="9" slack="0"/>
<pin id="566" dir="1" index="4" bw="4" slack="0"/>
</pin_list>
<bind>
<opcode="partselect(1002) " fcode="partselect"/>
<opset="trunc_ln52_42/1 "/>
</bind>
</comp>

<comp id="571" class="1004" name="out_data_sroa_14112_0_0_fu_571">
<pin_list>
<pin id="572" dir="0" index="0" bw="1" slack="0"/>
<pin id="573" dir="0" index="1" bw="8" slack="0"/>
<pin id="574" dir="0" index="2" bw="1" slack="0"/>
<pin id="575" dir="1" index="3" bw="8" slack="0"/>
</pin_list>
<bind>
<opcode="select(49) " fcode="select"/>
<opset="out_data_sroa_14112_0_0/1 "/>
</bind>
</comp>

<comp id="579" class="1004" name="empty_88_fu_579">
<pin_list>
<pin id="580" dir="0" index="0" bw="1" slack="0"/>
<pin id="581" dir="0" index="1" bw="4" slack="0"/>
<pin id="582" dir="0" index="2" bw="1" slack="0"/>
<pin id="583" dir="1" index="3" bw="4" slack="0"/>
</pin_list>
<bind>
<opcode="select(49) " fcode="select"/>
<opset="empty_88/1 "/>
</bind>
</comp>

<comp id="587" class="1004" name="icmp_ln51_22_fu_587">
<pin_list>
<pin id="588" dir="0" index="0" bw="39" slack="0"/>
<pin id="589" dir="0" index="1" bw="1" slack="0"/>
<pin id="590" dir="1" index="2" bw="1" slack="0"/>
</pin_list>
<bind>
<opcode="icmp(45) " fcode="icmp"/>
<opset="icmp_ln51_22/1 "/>
</bind>
</comp>

<comp id="593" class="1004" name="trunc_ln52_43_fu_593">
<pin_list>
<pin id="594" dir="0" index="0" bw="8" slack="0"/>
<pin id="595" dir="0" index="1" bw="468" slack="0"/>
<pin id="596" dir="0" index="2" bw="9" slack="0"/>
<pin id="597" dir="0" index="3" bw="9" slack="0"/>
<pin id="598" dir="1" index="4" bw="8" slack="0"/>
</pin_list>
<bind>
<opcode="partselect(1002) " fcode="partselect"/>
<opset="trunc_ln52_43/1 "/>
</bind>
</comp>

<comp id="603" class="1004" name="trunc_ln52_44_fu_603">
<pin_list>
<pin id="604" dir="0" index="0" bw="4" slack="0"/>
<pin id="605" dir="0" index="1" bw="468" slack="0"/>
<pin id="606" dir="0" index="2" bw="9" slack="0"/>
<pin id="607" dir="0" index="3" bw="9" slack="0"/>
<pin id="608" dir="1" index="4" bw="4" slack="0"/>
</pin_list>
<bind>
<opcode="partselect(1002) " fcode="partselect"/>
<opset="trunc_ln52_44/1 "/>
</bind>
</comp>

<comp id="613" class="1004" name="out_data_sroa_17116_0_0_fu_613">
<pin_list>
<pin id="614" dir="0" index="0" bw="1" slack="0"/>
<pin id="615" dir="0" index="1" bw="8" slack="0"/>
<pin id="616" dir="0" index="2" bw="1" slack="0"/>
<pin id="617" dir="1" index="3" bw="8" slack="0"/>
</pin_list>
<bind>
<opcode="select(49) " fcode="select"/>
<opset="out_data_sroa_17116_0_0/1 "/>
</bind>
</comp>

<comp id="621" class="1004" name="empty_89_fu_621">
<pin_list>
<pin id="622" dir="0" index="0" bw="1" slack="0"/>
<pin id="623" dir="0" index="1" bw="4" slack="0"/>
<pin id="624" dir="0" index="2" bw="1" slack="0"/>
<pin id="625" dir="1" index="3" bw="4" slack="0"/>
</pin_list>
<bind>
<opcode="select(49) " fcode="select"/>
<opset="empty_89/1 "/>
</bind>
</comp>

<comp id="629" class="1004" name="icmp_ln51_23_fu_629">
<pin_list>
<pin id="630" dir="0" index="0" bw="39" slack="0"/>
<pin id="631" dir="0" index="1" bw="1" slack="0"/>
<pin id="632" dir="1" index="2" bw="1" slack="0"/>
</pin_list>
<bind>
<opcode="icmp(45) " fcode="icmp"/>
<opset="icmp_ln51_23/1 "/>
</bind>
</comp>

<comp id="635" class="1004" name="trunc_ln52_45_fu_635">
<pin_list>
<pin id="636" dir="0" index="0" bw="8" slack="0"/>
<pin id="637" dir="0" index="1" bw="468" slack="0"/>
<pin id="638" dir="0" index="2" bw="9" slack="0"/>
<pin id="639" dir="0" index="3" bw="9" slack="0"/>
<pin id="640" dir="1" index="4" bw="8" slack="0"/>
</pin_list>
<bind>
<opcode="partselect(1002) " fcode="partselect"/>
<opset="trunc_ln52_45/1 "/>
</bind>
</comp>

<comp id="645" class="1004" name="trunc_ln52_46_fu_645">
<pin_list>
<pin id="646" dir="0" index="0" bw="4" slack="0"/>
<pin id="647" dir="0" index="1" bw="468" slack="0"/>
<pin id="648" dir="0" index="2" bw="10" slack="0"/>
<pin id="649" dir="0" index="3" bw="10" slack="0"/>
<pin id="650" dir="1" index="4" bw="4" slack="0"/>
</pin_list>
<bind>
<opcode="partselect(1002) " fcode="partselect"/>
<opset="trunc_ln52_46/1 "/>
</bind>
</comp>

<comp id="655" class="1004" name="out_data_sroa_20120_0_0_fu_655">
<pin_list>
<pin id="656" dir="0" index="0" bw="1" slack="0"/>
<pin id="657" dir="0" index="1" bw="8" slack="0"/>
<pin id="658" dir="0" index="2" bw="1" slack="0"/>
<pin id="659" dir="1" index="3" bw="8" slack="0"/>
</pin_list>
<bind>
<opcode="select(49) " fcode="select"/>
<opset="out_data_sroa_20120_0_0/1 "/>
</bind>
</comp>

<comp id="663" class="1004" name="empty_90_fu_663">
<pin_list>
<pin id="664" dir="0" index="0" bw="1" slack="0"/>
<pin id="665" dir="0" index="1" bw="4" slack="0"/>
<pin id="666" dir="0" index="2" bw="1" slack="0"/>
<pin id="667" dir="1" index="3" bw="4" slack="0"/>
</pin_list>
<bind>
<opcode="select(49) " fcode="select"/>
<opset="empty_90/1 "/>
</bind>
</comp>

<comp id="671" class="1004" name="icmp_ln51_24_fu_671">
<pin_list>
<pin id="672" dir="0" index="0" bw="39" slack="0"/>
<pin id="673" dir="0" index="1" bw="1" slack="0"/>
<pin id="674" dir="1" index="2" bw="1" slack="0"/>
</pin_list>
<bind>
<opcode="icmp(45) " fcode="icmp"/>
<opset="icmp_ln51_24/1 "/>
</bind>
</comp>

<comp id="677" class="1004" name="trunc_ln52_47_fu_677">
<pin_list>
<pin id="678" dir="0" index="0" bw="8" slack="0"/>
<pin id="679" dir="0" index="1" bw="468" slack="0"/>
<pin id="680" dir="0" index="2" bw="10" slack="0"/>
<pin id="681" dir="0" index="3" bw="10" slack="0"/>
<pin id="682" dir="1" index="4" bw="8" slack="0"/>
</pin_list>
<bind>
<opcode="partselect(1002) " fcode="partselect"/>
<opset="trunc_ln52_47/1 "/>
</bind>
</comp>

<comp id="687" class="1004" name="trunc_ln52_48_fu_687">
<pin_list>
<pin id="688" dir="0" index="0" bw="4" slack="0"/>
<pin id="689" dir="0" index="1" bw="468" slack="0"/>
<pin id="690" dir="0" index="2" bw="10" slack="0"/>
<pin id="691" dir="0" index="3" bw="10" slack="0"/>
<pin id="692" dir="1" index="4" bw="4" slack="0"/>
</pin_list>
<bind>
<opcode="partselect(1002) " fcode="partselect"/>
<opset="trunc_ln52_48/1 "/>
</bind>
</comp>

<comp id="697" class="1004" name="out_data_sroa_23124_0_0_fu_697">
<pin_list>
<pin id="698" dir="0" index="0" bw="1" slack="0"/>
<pin id="699" dir="0" index="1" bw="8" slack="0"/>
<pin id="700" dir="0" index="2" bw="1" slack="0"/>
<pin id="701" dir="1" index="3" bw="8" slack="0"/>
</pin_list>
<bind>
<opcode="select(49) " fcode="select"/>
<opset="out_data_sroa_23124_0_0/1 "/>
</bind>
</comp>

<comp id="705" class="1004" name="empty_91_fu_705">
<pin_list>
<pin id="706" dir="0" index="0" bw="1" slack="0"/>
<pin id="707" dir="0" index="1" bw="4" slack="0"/>
<pin id="708" dir="0" index="2" bw="1" slack="0"/>
<pin id="709" dir="1" index="3" bw="4" slack="0"/>
</pin_list>
<bind>
<opcode="select(49) " fcode="select"/>
<opset="empty_91/1 "/>
</bind>
</comp>

<comp id="713" class="1004" name="icmp_ln51_25_fu_713">
<pin_list>
<pin id="714" dir="0" index="0" bw="39" slack="0"/>
<pin id="715" dir="0" index="1" bw="1" slack="0"/>
<pin id="716" dir="1" index="2" bw="1" slack="0"/>
</pin_list>
<bind>
<opcode="icmp(45) " fcode="icmp"/>
<opset="icmp_ln51_25/1 "/>
</bind>
</comp>

<comp id="719" class="1004" name="trunc_ln52_49_fu_719">
<pin_list>
<pin id="720" dir="0" index="0" bw="8" slack="0"/>
<pin id="721" dir="0" index="1" bw="468" slack="0"/>
<pin id="722" dir="0" index="2" bw="10" slack="0"/>
<pin id="723" dir="0" index="3" bw="10" slack="0"/>
<pin id="724" dir="1" index="4" bw="8" slack="0"/>
</pin_list>
<bind>
<opcode="partselect(1002) " fcode="partselect"/>
<opset="trunc_ln52_49/1 "/>
</bind>
</comp>

<comp id="729" class="1004" name="trunc_ln52_50_fu_729">
<pin_list>
<pin id="730" dir="0" index="0" bw="4" slack="0"/>
<pin id="731" dir="0" index="1" bw="468" slack="0"/>
<pin id="732" dir="0" index="2" bw="10" slack="0"/>
<pin id="733" dir="0" index="3" bw="10" slack="0"/>
<pin id="734" dir="1" index="4" bw="4" slack="0"/>
</pin_list>
<bind>
<opcode="partselect(1002) " fcode="partselect"/>
<opset="trunc_ln52_50/1 "/>
</bind>
</comp>

<comp id="739" class="1004" name="out_data_sroa_26128_0_0_fu_739">
<pin_list>
<pin id="740" dir="0" index="0" bw="1" slack="0"/>
<pin id="741" dir="0" index="1" bw="8" slack="0"/>
<pin id="742" dir="0" index="2" bw="1" slack="0"/>
<pin id="743" dir="1" index="3" bw="8" slack="0"/>
</pin_list>
<bind>
<opcode="select(49) " fcode="select"/>
<opset="out_data_sroa_26128_0_0/1 "/>
</bind>
</comp>

<comp id="747" class="1004" name="empty_92_fu_747">
<pin_list>
<pin id="748" dir="0" index="0" bw="1" slack="0"/>
<pin id="749" dir="0" index="1" bw="4" slack="0"/>
<pin id="750" dir="0" index="2" bw="1" slack="0"/>
<pin id="751" dir="1" index="3" bw="4" slack="0"/>
</pin_list>
<bind>
<opcode="select(49) " fcode="select"/>
<opset="empty_92/1 "/>
</bind>
</comp>

<comp id="755" class="1004" name="icmp_ln51_26_fu_755">
<pin_list>
<pin id="756" dir="0" index="0" bw="39" slack="0"/>
<pin id="757" dir="0" index="1" bw="1" slack="0"/>
<pin id="758" dir="1" index="2" bw="1" slack="0"/>
</pin_list>
<bind>
<opcode="icmp(45) " fcode="icmp"/>
<opset="icmp_ln51_26/1 "/>
</bind>
</comp>

<comp id="761" class="1004" name="trunc_ln52_51_fu_761">
<pin_list>
<pin id="762" dir="0" index="0" bw="8" slack="0"/>
<pin id="763" dir="0" index="1" bw="468" slack="0"/>
<pin id="764" dir="0" index="2" bw="10" slack="0"/>
<pin id="765" dir="0" index="3" bw="10" slack="0"/>
<pin id="766" dir="1" index="4" bw="8" slack="0"/>
</pin_list>
<bind>
<opcode="partselect(1002) " fcode="partselect"/>
<opset="trunc_ln52_51/1 "/>
</bind>
</comp>

<comp id="771" class="1004" name="trunc_ln52_52_fu_771">
<pin_list>
<pin id="772" dir="0" index="0" bw="4" slack="0"/>
<pin id="773" dir="0" index="1" bw="468" slack="0"/>
<pin id="774" dir="0" index="2" bw="10" slack="0"/>
<pin id="775" dir="0" index="3" bw="10" slack="0"/>
<pin id="776" dir="1" index="4" bw="4" slack="0"/>
</pin_list>
<bind>
<opcode="partselect(1002) " fcode="partselect"/>
<opset="trunc_ln52_52/1 "/>
</bind>
</comp>

<comp id="781" class="1004" name="out_data_sroa_29132_0_0_fu_781">
<pin_list>
<pin id="782" dir="0" index="0" bw="1" slack="0"/>
<pin id="783" dir="0" index="1" bw="8" slack="0"/>
<pin id="784" dir="0" index="2" bw="1" slack="0"/>
<pin id="785" dir="1" index="3" bw="8" slack="0"/>
</pin_list>
<bind>
<opcode="select(49) " fcode="select"/>
<opset="out_data_sroa_29132_0_0/1 "/>
</bind>
</comp>

<comp id="789" class="1004" name="empty_93_fu_789">
<pin_list>
<pin id="790" dir="0" index="0" bw="1" slack="0"/>
<pin id="791" dir="0" index="1" bw="4" slack="0"/>
<pin id="792" dir="0" index="2" bw="1" slack="0"/>
<pin id="793" dir="1" index="3" bw="4" slack="0"/>
</pin_list>
<bind>
<opcode="select(49) " fcode="select"/>
<opset="empty_93/1 "/>
</bind>
</comp>

<comp id="797" class="1004" name="icmp_ln51_27_fu_797">
<pin_list>
<pin id="798" dir="0" index="0" bw="39" slack="0"/>
<pin id="799" dir="0" index="1" bw="1" slack="0"/>
<pin id="800" dir="1" index="2" bw="1" slack="0"/>
</pin_list>
<bind>
<opcode="icmp(45) " fcode="icmp"/>
<opset="icmp_ln51_27/1 "/>
</bind>
</comp>

<comp id="803" class="1004" name="trunc_ln52_53_fu_803">
<pin_list>
<pin id="804" dir="0" index="0" bw="8" slack="0"/>
<pin id="805" dir="0" index="1" bw="468" slack="0"/>
<pin id="806" dir="0" index="2" bw="10" slack="0"/>
<pin id="807" dir="0" index="3" bw="10" slack="0"/>
<pin id="808" dir="1" index="4" bw="8" slack="0"/>
</pin_list>
<bind>
<opcode="partselect(1002) " fcode="partselect"/>
<opset="trunc_ln52_53/1 "/>
</bind>
</comp>

<comp id="813" class="1004" name="trunc_ln52_54_fu_813">
<pin_list>
<pin id="814" dir="0" index="0" bw="4" slack="0"/>
<pin id="815" dir="0" index="1" bw="468" slack="0"/>
<pin id="816" dir="0" index="2" bw="10" slack="0"/>
<pin id="817" dir="0" index="3" bw="10" slack="0"/>
<pin id="818" dir="1" index="4" bw="4" slack="0"/>
</pin_list>
<bind>
<opcode="partselect(1002) " fcode="partselect"/>
<opset="trunc_ln52_54/1 "/>
</bind>
</comp>

<comp id="823" class="1004" name="out_data_sroa_32136_0_0_fu_823">
<pin_list>
<pin id="824" dir="0" index="0" bw="1" slack="0"/>
<pin id="825" dir="0" index="1" bw="8" slack="0"/>
<pin id="826" dir="0" index="2" bw="1" slack="0"/>
<pin id="827" dir="1" index="3" bw="8" slack="0"/>
</pin_list>
<bind>
<opcode="select(49) " fcode="select"/>
<opset="out_data_sroa_32136_0_0/1 "/>
</bind>
</comp>

<comp id="831" class="1004" name="empty_94_fu_831">
<pin_list>
<pin id="832" dir="0" index="0" bw="1" slack="0"/>
<pin id="833" dir="0" index="1" bw="4" slack="0"/>
<pin id="834" dir="0" index="2" bw="1" slack="0"/>
<pin id="835" dir="1" index="3" bw="4" slack="0"/>
</pin_list>
<bind>
<opcode="select(49) " fcode="select"/>
<opset="empty_94/1 "/>
</bind>
</comp>

<comp id="839" class="1004" name="icmp_ln51_28_fu_839">
<pin_list>
<pin id="840" dir="0" index="0" bw="39" slack="0"/>
<pin id="841" dir="0" index="1" bw="1" slack="0"/>
<pin id="842" dir="1" index="2" bw="1" slack="0"/>
</pin_list>
<bind>
<opcode="icmp(45) " fcode="icmp"/>
<opset="icmp_ln51_28/1 "/>
</bind>
</comp>

<comp id="845" class="1004" name="trunc_ln52_55_fu_845">
<pin_list>
<pin id="846" dir="0" index="0" bw="8" slack="0"/>
<pin id="847" dir="0" index="1" bw="468" slack="0"/>
<pin id="848" dir="0" index="2" bw="10" slack="0"/>
<pin id="849" dir="0" index="3" bw="10" slack="0"/>
<pin id="850" dir="1" index="4" bw="8" slack="0"/>
</pin_list>
<bind>
<opcode="partselect(1002) " fcode="partselect"/>
<opset="trunc_ln52_55/1 "/>
</bind>
</comp>

<comp id="855" class="1004" name="trunc_ln52_56_fu_855">
<pin_list>
<pin id="856" dir="0" index="0" bw="4" slack="0"/>
<pin id="857" dir="0" index="1" bw="468" slack="0"/>
<pin id="858" dir="0" index="2" bw="10" slack="0"/>
<pin id="859" dir="0" index="3" bw="10" slack="0"/>
<pin id="860" dir="1" index="4" bw="4" slack="0"/>
</pin_list>
<bind>
<opcode="partselect(1002) " fcode="partselect"/>
<opset="trunc_ln52_56/1 "/>
</bind>
</comp>

<comp id="865" class="1004" name="out_data_sroa_35140_0_0_fu_865">
<pin_list>
<pin id="866" dir="0" index="0" bw="1" slack="0"/>
<pin id="867" dir="0" index="1" bw="8" slack="0"/>
<pin id="868" dir="0" index="2" bw="1" slack="0"/>
<pin id="869" dir="1" index="3" bw="8" slack="0"/>
</pin_list>
<bind>
<opcode="select(49) " fcode="select"/>
<opset="out_data_sroa_35140_0_0/1 "/>
</bind>
</comp>

<comp id="873" class="1004" name="storemerge_fu_873">
<pin_list>
<pin id="874" dir="0" index="0" bw="1" slack="0"/>
<pin id="875" dir="0" index="1" bw="4" slack="0"/>
<pin id="876" dir="0" index="2" bw="1" slack="0"/>
<pin id="877" dir="1" index="3" bw="4" slack="0"/>
</pin_list>
<bind>
<opcode="select(49) " fcode="select"/>
<opset="storemerge/1 "/>
</bind>
</comp>

<comp id="881" class="1004" name="tmp_fu_881">
<pin_list>
<pin id="882" dir="0" index="0" bw="8" slack="0"/>
<pin id="883" dir="0" index="1" bw="468" slack="0"/>
<pin id="884" dir="0" index="2" bw="10" slack="0"/>
<pin id="885" dir="0" index="3" bw="10" slack="0"/>
<pin id="886" dir="1" index="4" bw="8" slack="0"/>
</pin_list>
<bind>
<opcode="partselect(1002) " fcode="partselect"/>
<opset="tmp/1 "/>
</bind>
</comp>

<comp id="891" class="1004" name="empty_95_fu_891">
<pin_list>
<pin id="892" dir="0" index="0" bw="1" slack="0"/>
<pin id="893" dir="0" index="1" bw="8" slack="0"/>
<pin id="894" dir="0" index="2" bw="1" slack="0"/>
<pin id="895" dir="1" index="3" bw="8" slack="0"/>
</pin_list>
<bind>
<opcode="select(49) " fcode="select"/>
<opset="empty_95/1 "/>
</bind>
</comp>

<comp id="899" class="1004" name="tmp_s_fu_899">
<pin_list>
<pin id="900" dir="0" index="0" bw="8" slack="0"/>
<pin id="901" dir="0" index="1" bw="468" slack="0"/>
<pin id="902" dir="0" index="2" bw="10" slack="0"/>
<pin id="903" dir="0" index="3" bw="10" slack="0"/>
<pin id="904" dir="1" index="4" bw="8" slack="0"/>
</pin_list>
<bind>
<opcode="partselect(1002) " fcode="partselect"/>
<opset="tmp_s/1 "/>
</bind>
</comp>

<comp id="909" class="1004" name="empty_96_fu_909">
<pin_list>
<pin id="910" dir="0" index="0" bw="1" slack="0"/>
<pin id="911" dir="0" index="1" bw="8" slack="0"/>
<pin id="912" dir="0" index="2" bw="1" slack="0"/>
<pin id="913" dir="1" index="3" bw="8" slack="0"/>
</pin_list>
<bind>
<opcode="select(49) " fcode="select"/>
<opset="empty_96/1 "/>
</bind>
</comp>

<comp id="917" class="1004" name="tmp_17_fu_917">
<pin_list>
<pin id="918" dir="0" index="0" bw="8" slack="0"/>
<pin id="919" dir="0" index="1" bw="468" slack="0"/>
<pin id="920" dir="0" index="2" bw="10" slack="0"/>
<pin id="921" dir="0" index="3" bw="10" slack="0"/>
<pin id="922" dir="1" index="4" bw="8" slack="0"/>
</pin_list>
<bind>
<opcode="partselect(1002) " fcode="partselect"/>
<opset="tmp_17/1 "/>
</bind>
</comp>

<comp id="927" class="1004" name="empty_97_fu_927">
<pin_list>
<pin id="928" dir="0" index="0" bw="1" slack="0"/>
<pin id="929" dir="0" index="1" bw="8" slack="0"/>
<pin id="930" dir="0" index="2" bw="1" slack="0"/>
<pin id="931" dir="1" index="3" bw="8" slack="0"/>
</pin_list>
<bind>
<opcode="select(49) " fcode="select"/>
<opset="empty_97/1 "/>
</bind>
</comp>

<comp id="935" class="1004" name="tmp_18_fu_935">
<pin_list>
<pin id="936" dir="0" index="0" bw="8" slack="0"/>
<pin id="937" dir="0" index="1" bw="468" slack="0"/>
<pin id="938" dir="0" index="2" bw="10" slack="0"/>
<pin id="939" dir="0" index="3" bw="10" slack="0"/>
<pin id="940" dir="1" index="4" bw="8" slack="0"/>
</pin_list>
<bind>
<opcode="partselect(1002) " fcode="partselect"/>
<opset="tmp_18/1 "/>
</bind>
</comp>

<comp id="945" class="1004" name="empty_98_fu_945">
<pin_list>
<pin id="946" dir="0" index="0" bw="1" slack="0"/>
<pin id="947" dir="0" index="1" bw="8" slack="0"/>
<pin id="948" dir="0" index="2" bw="1" slack="0"/>
<pin id="949" dir="1" index="3" bw="8" slack="0"/>
</pin_list>
<bind>
<opcode="select(49) " fcode="select"/>
<opset="empty_98/1 "/>
</bind>
</comp>

<comp id="953" class="1004" name="tmp_19_fu_953">
<pin_list>
<pin id="954" dir="0" index="0" bw="8" slack="0"/>
<pin id="955" dir="0" index="1" bw="468" slack="0"/>
<pin id="956" dir="0" index="2" bw="10" slack="0"/>
<pin id="957" dir="0" index="3" bw="10" slack="0"/>
<pin id="958" dir="1" index="4" bw="8" slack="0"/>
</pin_list>
<bind>
<opcode="partselect(1002) " fcode="partselect"/>
<opset="tmp_19/1 "/>
</bind>
</comp>

<comp id="963" class="1004" name="empty_99_fu_963">
<pin_list>
<pin id="964" dir="0" index="0" bw="1" slack="0"/>
<pin id="965" dir="0" index="1" bw="8" slack="0"/>
<pin id="966" dir="0" index="2" bw="1" slack="0"/>
<pin id="967" dir="1" index="3" bw="8" slack="0"/>
</pin_list>
<bind>
<opcode="select(49) " fcode="select"/>
<opset="empty_99/1 "/>
</bind>
</comp>

<comp id="971" class="1004" name="tmp_20_fu_971">
<pin_list>
<pin id="972" dir="0" index="0" bw="8" slack="0"/>
<pin id="973" dir="0" index="1" bw="468" slack="0"/>
<pin id="974" dir="0" index="2" bw="9" slack="0"/>
<pin id="975" dir="0" index="3" bw="10" slack="0"/>
<pin id="976" dir="1" index="4" bw="8" slack="0"/>
</pin_list>
<bind>
<opcode="partselect(1002) " fcode="partselect"/>
<opset="tmp_20/1 "/>
</bind>
</comp>

<comp id="981" class="1004" name="empty_100_fu_981">
<pin_list>
<pin id="982" dir="0" index="0" bw="1" slack="0"/>
<pin id="983" dir="0" index="1" bw="8" slack="0"/>
<pin id="984" dir="0" index="2" bw="1" slack="0"/>
<pin id="985" dir="1" index="3" bw="8" slack="0"/>
</pin_list>
<bind>
<opcode="select(49) " fcode="select"/>
<opset="empty_100/1 "/>
</bind>
</comp>

<comp id="989" class="1004" name="tmp_21_fu_989">
<pin_list>
<pin id="990" dir="0" index="0" bw="8" slack="0"/>
<pin id="991" dir="0" index="1" bw="468" slack="0"/>
<pin id="992" dir="0" index="2" bw="9" slack="0"/>
<pin id="993" dir="0" index="3" bw="9" slack="0"/>
<pin id="994" dir="1" index="4" bw="8" slack="0"/>
</pin_list>
<bind>
<opcode="partselect(1002) " fcode="partselect"/>
<opset="tmp_21/1 "/>
</bind>
</comp>

<comp id="999" class="1004" name="empty_101_fu_999">
<pin_list>
<pin id="1000" dir="0" index="0" bw="1" slack="0"/>
<pin id="1001" dir="0" index="1" bw="8" slack="0"/>
<pin id="1002" dir="0" index="2" bw="1" slack="0"/>
<pin id="1003" dir="1" index="3" bw="8" slack="0"/>
</pin_list>
<bind>
<opcode="select(49) " fcode="select"/>
<opset="empty_101/1 "/>
</bind>
</comp>

<comp id="1007" class="1004" name="tmp_22_fu_1007">
<pin_list>
<pin id="1008" dir="0" index="0" bw="8" slack="0"/>
<pin id="1009" dir="0" index="1" bw="468" slack="0"/>
<pin id="1010" dir="0" index="2" bw="9" slack="0"/>
<pin id="1011" dir="0" index="3" bw="9" slack="0"/>
<pin id="1012" dir="1" index="4" bw="8" slack="0"/>
</pin_list>
<bind>
<opcode="partselect(1002) " fcode="partselect"/>
<opset="tmp_22/1 "/>
</bind>
</comp>

<comp id="1017" class="1004" name="empty_102_fu_1017">
<pin_list>
<pin id="1018" dir="0" index="0" bw="1" slack="0"/>
<pin id="1019" dir="0" index="1" bw="8" slack="0"/>
<pin id="1020" dir="0" index="2" bw="1" slack="0"/>
<pin id="1021" dir="1" index="3" bw="8" slack="0"/>
</pin_list>
<bind>
<opcode="select(49) " fcode="select"/>
<opset="empty_102/1 "/>
</bind>
</comp>

<comp id="1025" class="1004" name="tmp_23_fu_1025">
<pin_list>
<pin id="1026" dir="0" index="0" bw="8" slack="0"/>
<pin id="1027" dir="0" index="1" bw="468" slack="0"/>
<pin id="1028" dir="0" index="2" bw="9" slack="0"/>
<pin id="1029" dir="0" index="3" bw="9" slack="0"/>
<pin id="1030" dir="1" index="4" bw="8" slack="0"/>
</pin_list>
<bind>
<opcode="partselect(1002) " fcode="partselect"/>
<opset="tmp_23/1 "/>
</bind>
</comp>

<comp id="1035" class="1004" name="empty_103_fu_1035">
<pin_list>
<pin id="1036" dir="0" index="0" bw="1" slack="0"/>
<pin id="1037" dir="0" index="1" bw="8" slack="0"/>
<pin id="1038" dir="0" index="2" bw="1" slack="0"/>
<pin id="1039" dir="1" index="3" bw="8" slack="0"/>
</pin_list>
<bind>
<opcode="select(49) " fcode="select"/>
<opset="empty_103/1 "/>
</bind>
</comp>

<comp id="1043" class="1004" name="tmp_24_fu_1043">
<pin_list>
<pin id="1044" dir="0" index="0" bw="8" slack="0"/>
<pin id="1045" dir="0" index="1" bw="468" slack="0"/>
<pin id="1046" dir="0" index="2" bw="8" slack="0"/>
<pin id="1047" dir="0" index="3" bw="8" slack="0"/>
<pin id="1048" dir="1" index="4" bw="8" slack="0"/>
</pin_list>
<bind>
<opcode="partselect(1002) " fcode="partselect"/>
<opset="tmp_24/1 "/>
</bind>
</comp>

<comp id="1053" class="1004" name="empty_104_fu_1053">
<pin_list>
<pin id="1054" dir="0" index="0" bw="1" slack="0"/>
<pin id="1055" dir="0" index="1" bw="8" slack="0"/>
<pin id="1056" dir="0" index="2" bw="1" slack="0"/>
<pin id="1057" dir="1" index="3" bw="8" slack="0"/>
</pin_list>
<bind>
<opcode="select(49) " fcode="select"/>
<opset="empty_104/1 "/>
</bind>
</comp>

<comp id="1061" class="1004" name="tmp_25_fu_1061">
<pin_list>
<pin id="1062" dir="0" index="0" bw="8" slack="0"/>
<pin id="1063" dir="0" index="1" bw="468" slack="0"/>
<pin id="1064" dir="0" index="2" bw="7" slack="0"/>
<pin id="1065" dir="0" index="3" bw="8" slack="0"/>
<pin id="1066" dir="1" index="4" bw="8" slack="0"/>
</pin_list>
<bind>
<opcode="partselect(1002) " fcode="partselect"/>
<opset="tmp_25/1 "/>
</bind>
</comp>

<comp id="1071" class="1004" name="empty_105_fu_1071">
<pin_list>
<pin id="1072" dir="0" index="0" bw="1" slack="0"/>
<pin id="1073" dir="0" index="1" bw="8" slack="0"/>
<pin id="1074" dir="0" index="2" bw="1" slack="0"/>
<pin id="1075" dir="1" index="3" bw="8" slack="0"/>
</pin_list>
<bind>
<opcode="select(49) " fcode="select"/>
<opset="empty_105/1 "/>
</bind>
</comp>

<comp id="1079" class="1004" name="tmp_26_fu_1079">
<pin_list>
<pin id="1080" dir="0" index="0" bw="8" slack="0"/>
<pin id="1081" dir="0" index="1" bw="468" slack="0"/>
<pin id="1082" dir="0" index="2" bw="6" slack="0"/>
<pin id="1083" dir="0" index="3" bw="6" slack="0"/>
<pin id="1084" dir="1" index="4" bw="8" slack="0"/>
</pin_list>
<bind>
<opcode="partselect(1002) " fcode="partselect"/>
<opset="tmp_26/1 "/>
</bind>
</comp>

<comp id="1089" class="1004" name="empty_106_fu_1089">
<pin_list>
<pin id="1090" dir="0" index="0" bw="1" slack="0"/>
<pin id="1091" dir="0" index="1" bw="8" slack="0"/>
<pin id="1092" dir="0" index="2" bw="1" slack="0"/>
<pin id="1093" dir="1" index="3" bw="8" slack="0"/>
</pin_list>
<bind>
<opcode="select(49) " fcode="select"/>
<opset="empty_106/1 "/>
</bind>
</comp>

<comp id="1097" class="1004" name="or_ln57_s_fu_1097">
<pin_list>
<pin id="1098" dir="0" index="0" bw="240" slack="0"/>
<pin id="1099" dir="0" index="1" bw="4" slack="0"/>
<pin id="1100" dir="0" index="2" bw="8" slack="0"/>
<pin id="1101" dir="0" index="3" bw="8" slack="0"/>
<pin id="1102" dir="0" index="4" bw="4" slack="0"/>
<pin id="1103" dir="0" index="5" bw="8" slack="0"/>
<pin id="1104" dir="0" index="6" bw="8" slack="0"/>
<pin id="1105" dir="0" index="7" bw="4" slack="0"/>
<pin id="1106" dir="0" index="8" bw="8" slack="0"/>
<pin id="1107" dir="0" index="9" bw="8" slack="0"/>
<pin id="1108" dir="0" index="10" bw="4" slack="0"/>
<pin id="1109" dir="0" index="11" bw="8" slack="0"/>
<pin id="1110" dir="0" index="12" bw="8" slack="0"/>
<pin id="1111" dir="0" index="13" bw="4" slack="0"/>
<pin id="1112" dir="0" index="14" bw="8" slack="0"/>
<pin id="1113" dir="0" index="15" bw="8" slack="0"/>
<pin id="1114" dir="0" index="16" bw="4" slack="0"/>
<pin id="1115" dir="0" index="17" bw="8" slack="0"/>
<pin id="1116" dir="0" index="18" bw="8" slack="0"/>
<pin id="1117" dir="0" index="19" bw="4" slack="0"/>
<pin id="1118" dir="0" index="20" bw="8" slack="0"/>
<pin id="1119" dir="0" index="21" bw="8" slack="0"/>
<pin id="1120" dir="0" index="22" bw="4" slack="0"/>
<pin id="1121" dir="0" index="23" bw="8" slack="0"/>
<pin id="1122" dir="0" index="24" bw="8" slack="0"/>
<pin id="1123" dir="0" index="25" bw="4" slack="0"/>
<pin id="1124" dir="0" index="26" bw="8" slack="0"/>
<pin id="1125" dir="0" index="27" bw="8" slack="0"/>
<pin id="1126" dir="0" index="28" bw="4" slack="0"/>
<pin id="1127" dir="0" index="29" bw="8" slack="0"/>
<pin id="1128" dir="0" index="30" bw="8" slack="0"/>
<pin id="1129" dir="0" index="31" bw="4" slack="0"/>
<pin id="1130" dir="0" index="32" bw="8" slack="0"/>
<pin id="1131" dir="0" index="33" bw="8" slack="0"/>
<pin id="1132" dir="0" index="34" bw="4" slack="0"/>
<pin id="1133" dir="0" index="35" bw="8" slack="0"/>
<pin id="1134" dir="0" index="36" bw="8" slack="0"/>
<pin id="1135" dir="1" index="37" bw="240" slack="0"/>
</pin_list>
<bind>
<opcode="bitconcatenate(1004) " fcode="bitconcatenate"/>
<opset="or_ln57_s/1 "/>
</bind>
</comp>

<comp id="1174" class="1004" name="i_fu_1174">
<pin_list>
<pin id="1175" dir="0" index="0" bw="10" slack="0"/>
<pin id="1176" dir="0" index="1" bw="1" slack="0"/>
<pin id="1177" dir="1" index="2" bw="10" slack="0"/>
</pin_list>
<bind>
<opcode="add(8) " fcode="add"/>
<opset="i/1 "/>
</bind>
</comp>

<comp id="1180" class="1004" name="icmp_ln41_fu_1180">
<pin_list>
<pin id="1181" dir="0" index="0" bw="10" slack="0"/>
<pin id="1182" dir="0" index="1" bw="4" slack="0"/>
<pin id="1183" dir="1" index="2" bw="1" slack="2147483647"/>
</pin_list>
<bind>
<opcode="icmp(45) " fcode="icmp"/>
<opset="icmp_ln41/1 "/>
</bind>
</comp>

<comp id="1186" class="1004" name="store_ln41_store_fu_1186">
<pin_list>
<pin id="1187" dir="0" index="0" bw="10" slack="0"/>
<pin id="1188" dir="0" index="1" bw="10" slack="0"/>
<pin id="1189" dir="1" index="2" bw="0" slack="2147483647"/>
</pin_list>
<bind>
<opcode="store(28) " fcode="store"/>
<opset="store_ln41/1 "/>
</bind>
</comp>

<comp id="1191" class="1005" name="i1_reg_1191">
<pin_list>
<pin id="1192" dir="0" index="0" bw="10" slack="0"/>
<pin id="1193" dir="1" index="1" bw="10" slack="0"/>
</pin_list>
<bind>
<opset="i1 "/>
</bind>
</comp>

</comp_list>

<net_list>
<net id="241"><net_src comp="4" pin="0"/><net_sink comp="238" pin=0"/></net>

<net id="246"><net_src comp="28" pin="0"/><net_sink comp="242" pin=0"/></net>

<net id="247"><net_src comp="0" pin="0"/><net_sink comp="242" pin=1"/></net>

<net id="253"><net_src comp="232" pin="0"/><net_sink comp="248" pin=0"/></net>

<net id="254"><net_src comp="2" pin="0"/><net_sink comp="248" pin=1"/></net>

<net id="259"><net_src comp="16" pin="0"/><net_sink comp="255" pin=0"/></net>

<net id="266"><net_src comp="242" pin="2"/><net_sink comp="263" pin=0"/></net>

<net id="273"><net_src comp="30" pin="0"/><net_sink comp="267" pin=0"/></net>

<net id="274"><net_src comp="242" pin="2"/><net_sink comp="267" pin=1"/></net>

<net id="275"><net_src comp="32" pin="0"/><net_sink comp="267" pin=2"/></net>

<net id="276"><net_src comp="34" pin="0"/><net_sink comp="267" pin=3"/></net>

<net id="283"><net_src comp="30" pin="0"/><net_sink comp="277" pin=0"/></net>

<net id="284"><net_src comp="242" pin="2"/><net_sink comp="277" pin=1"/></net>

<net id="285"><net_src comp="36" pin="0"/><net_sink comp="277" pin=2"/></net>

<net id="286"><net_src comp="38" pin="0"/><net_sink comp="277" pin=3"/></net>

<net id="293"><net_src comp="30" pin="0"/><net_sink comp="287" pin=0"/></net>

<net id="294"><net_src comp="242" pin="2"/><net_sink comp="287" pin=1"/></net>

<net id="295"><net_src comp="40" pin="0"/><net_sink comp="287" pin=2"/></net>

<net id="296"><net_src comp="42" pin="0"/><net_sink comp="287" pin=3"/></net>

<net id="303"><net_src comp="30" pin="0"/><net_sink comp="297" pin=0"/></net>

<net id="304"><net_src comp="242" pin="2"/><net_sink comp="297" pin=1"/></net>

<net id="305"><net_src comp="44" pin="0"/><net_sink comp="297" pin=2"/></net>

<net id="306"><net_src comp="46" pin="0"/><net_sink comp="297" pin=3"/></net>

<net id="313"><net_src comp="30" pin="0"/><net_sink comp="307" pin=0"/></net>

<net id="314"><net_src comp="242" pin="2"/><net_sink comp="307" pin=1"/></net>

<net id="315"><net_src comp="48" pin="0"/><net_sink comp="307" pin=2"/></net>

<net id="316"><net_src comp="50" pin="0"/><net_sink comp="307" pin=3"/></net>

<net id="323"><net_src comp="30" pin="0"/><net_sink comp="317" pin=0"/></net>

<net id="324"><net_src comp="242" pin="2"/><net_sink comp="317" pin=1"/></net>

<net id="325"><net_src comp="52" pin="0"/><net_sink comp="317" pin=2"/></net>

<net id="326"><net_src comp="54" pin="0"/><net_sink comp="317" pin=3"/></net>

<net id="333"><net_src comp="30" pin="0"/><net_sink comp="327" pin=0"/></net>

<net id="334"><net_src comp="242" pin="2"/><net_sink comp="327" pin=1"/></net>

<net id="335"><net_src comp="56" pin="0"/><net_sink comp="327" pin=2"/></net>

<net id="336"><net_src comp="58" pin="0"/><net_sink comp="327" pin=3"/></net>

<net id="343"><net_src comp="30" pin="0"/><net_sink comp="337" pin=0"/></net>

<net id="344"><net_src comp="242" pin="2"/><net_sink comp="337" pin=1"/></net>

<net id="345"><net_src comp="60" pin="0"/><net_sink comp="337" pin=2"/></net>

<net id="346"><net_src comp="62" pin="0"/><net_sink comp="337" pin=3"/></net>

<net id="353"><net_src comp="30" pin="0"/><net_sink comp="347" pin=0"/></net>

<net id="354"><net_src comp="242" pin="2"/><net_sink comp="347" pin=1"/></net>

<net id="355"><net_src comp="64" pin="0"/><net_sink comp="347" pin=2"/></net>

<net id="356"><net_src comp="66" pin="0"/><net_sink comp="347" pin=3"/></net>

<net id="363"><net_src comp="30" pin="0"/><net_sink comp="357" pin=0"/></net>

<net id="364"><net_src comp="242" pin="2"/><net_sink comp="357" pin=1"/></net>

<net id="365"><net_src comp="68" pin="0"/><net_sink comp="357" pin=2"/></net>

<net id="366"><net_src comp="70" pin="0"/><net_sink comp="357" pin=3"/></net>

<net id="373"><net_src comp="30" pin="0"/><net_sink comp="367" pin=0"/></net>

<net id="374"><net_src comp="242" pin="2"/><net_sink comp="367" pin=1"/></net>

<net id="375"><net_src comp="72" pin="0"/><net_sink comp="367" pin=2"/></net>

<net id="376"><net_src comp="74" pin="0"/><net_sink comp="367" pin=3"/></net>

<net id="381"><net_src comp="263" pin="1"/><net_sink comp="377" pin=0"/></net>

<net id="382"><net_src comp="76" pin="0"/><net_sink comp="377" pin=1"/></net>

<net id="389"><net_src comp="78" pin="0"/><net_sink comp="383" pin=0"/></net>

<net id="390"><net_src comp="242" pin="2"/><net_sink comp="383" pin=1"/></net>

<net id="391"><net_src comp="80" pin="0"/><net_sink comp="383" pin=2"/></net>

<net id="392"><net_src comp="82" pin="0"/><net_sink comp="383" pin=3"/></net>

<net id="399"><net_src comp="84" pin="0"/><net_sink comp="393" pin=0"/></net>

<net id="400"><net_src comp="242" pin="2"/><net_sink comp="393" pin=1"/></net>

<net id="401"><net_src comp="86" pin="0"/><net_sink comp="393" pin=2"/></net>

<net id="402"><net_src comp="88" pin="0"/><net_sink comp="393" pin=3"/></net>

<net id="408"><net_src comp="377" pin="2"/><net_sink comp="403" pin=0"/></net>

<net id="409"><net_src comp="383" pin="4"/><net_sink comp="403" pin=1"/></net>

<net id="410"><net_src comp="90" pin="0"/><net_sink comp="403" pin=2"/></net>

<net id="416"><net_src comp="377" pin="2"/><net_sink comp="411" pin=0"/></net>

<net id="417"><net_src comp="393" pin="4"/><net_sink comp="411" pin=1"/></net>

<net id="418"><net_src comp="92" pin="0"/><net_sink comp="411" pin=2"/></net>

<net id="423"><net_src comp="267" pin="4"/><net_sink comp="419" pin=0"/></net>

<net id="424"><net_src comp="76" pin="0"/><net_sink comp="419" pin=1"/></net>

<net id="431"><net_src comp="78" pin="0"/><net_sink comp="425" pin=0"/></net>

<net id="432"><net_src comp="242" pin="2"/><net_sink comp="425" pin=1"/></net>

<net id="433"><net_src comp="94" pin="0"/><net_sink comp="425" pin=2"/></net>

<net id="434"><net_src comp="96" pin="0"/><net_sink comp="425" pin=3"/></net>

<net id="441"><net_src comp="84" pin="0"/><net_sink comp="435" pin=0"/></net>

<net id="442"><net_src comp="242" pin="2"/><net_sink comp="435" pin=1"/></net>

<net id="443"><net_src comp="98" pin="0"/><net_sink comp="435" pin=2"/></net>

<net id="444"><net_src comp="100" pin="0"/><net_sink comp="435" pin=3"/></net>

<net id="450"><net_src comp="419" pin="2"/><net_sink comp="445" pin=0"/></net>

<net id="451"><net_src comp="425" pin="4"/><net_sink comp="445" pin=1"/></net>

<net id="452"><net_src comp="90" pin="0"/><net_sink comp="445" pin=2"/></net>

<net id="458"><net_src comp="419" pin="2"/><net_sink comp="453" pin=0"/></net>

<net id="459"><net_src comp="435" pin="4"/><net_sink comp="453" pin=1"/></net>

<net id="460"><net_src comp="92" pin="0"/><net_sink comp="453" pin=2"/></net>

<net id="465"><net_src comp="277" pin="4"/><net_sink comp="461" pin=0"/></net>

<net id="466"><net_src comp="76" pin="0"/><net_sink comp="461" pin=1"/></net>

<net id="473"><net_src comp="78" pin="0"/><net_sink comp="467" pin=0"/></net>

<net id="474"><net_src comp="242" pin="2"/><net_sink comp="467" pin=1"/></net>

<net id="475"><net_src comp="102" pin="0"/><net_sink comp="467" pin=2"/></net>

<net id="476"><net_src comp="104" pin="0"/><net_sink comp="467" pin=3"/></net>

<net id="483"><net_src comp="84" pin="0"/><net_sink comp="477" pin=0"/></net>

<net id="484"><net_src comp="242" pin="2"/><net_sink comp="477" pin=1"/></net>

<net id="485"><net_src comp="106" pin="0"/><net_sink comp="477" pin=2"/></net>

<net id="486"><net_src comp="108" pin="0"/><net_sink comp="477" pin=3"/></net>

<net id="492"><net_src comp="461" pin="2"/><net_sink comp="487" pin=0"/></net>

<net id="493"><net_src comp="467" pin="4"/><net_sink comp="487" pin=1"/></net>

<net id="494"><net_src comp="90" pin="0"/><net_sink comp="487" pin=2"/></net>

<net id="500"><net_src comp="461" pin="2"/><net_sink comp="495" pin=0"/></net>

<net id="501"><net_src comp="477" pin="4"/><net_sink comp="495" pin=1"/></net>

<net id="502"><net_src comp="92" pin="0"/><net_sink comp="495" pin=2"/></net>

<net id="507"><net_src comp="287" pin="4"/><net_sink comp="503" pin=0"/></net>

<net id="508"><net_src comp="76" pin="0"/><net_sink comp="503" pin=1"/></net>

<net id="515"><net_src comp="78" pin="0"/><net_sink comp="509" pin=0"/></net>

<net id="516"><net_src comp="242" pin="2"/><net_sink comp="509" pin=1"/></net>

<net id="517"><net_src comp="110" pin="0"/><net_sink comp="509" pin=2"/></net>

<net id="518"><net_src comp="112" pin="0"/><net_sink comp="509" pin=3"/></net>

<net id="525"><net_src comp="84" pin="0"/><net_sink comp="519" pin=0"/></net>

<net id="526"><net_src comp="242" pin="2"/><net_sink comp="519" pin=1"/></net>

<net id="527"><net_src comp="114" pin="0"/><net_sink comp="519" pin=2"/></net>

<net id="528"><net_src comp="116" pin="0"/><net_sink comp="519" pin=3"/></net>

<net id="534"><net_src comp="503" pin="2"/><net_sink comp="529" pin=0"/></net>

<net id="535"><net_src comp="509" pin="4"/><net_sink comp="529" pin=1"/></net>

<net id="536"><net_src comp="90" pin="0"/><net_sink comp="529" pin=2"/></net>

<net id="542"><net_src comp="503" pin="2"/><net_sink comp="537" pin=0"/></net>

<net id="543"><net_src comp="519" pin="4"/><net_sink comp="537" pin=1"/></net>

<net id="544"><net_src comp="92" pin="0"/><net_sink comp="537" pin=2"/></net>

<net id="549"><net_src comp="297" pin="4"/><net_sink comp="545" pin=0"/></net>

<net id="550"><net_src comp="76" pin="0"/><net_sink comp="545" pin=1"/></net>

<net id="557"><net_src comp="78" pin="0"/><net_sink comp="551" pin=0"/></net>

<net id="558"><net_src comp="242" pin="2"/><net_sink comp="551" pin=1"/></net>

<net id="559"><net_src comp="118" pin="0"/><net_sink comp="551" pin=2"/></net>

<net id="560"><net_src comp="120" pin="0"/><net_sink comp="551" pin=3"/></net>

<net id="567"><net_src comp="84" pin="0"/><net_sink comp="561" pin=0"/></net>

<net id="568"><net_src comp="242" pin="2"/><net_sink comp="561" pin=1"/></net>

<net id="569"><net_src comp="122" pin="0"/><net_sink comp="561" pin=2"/></net>

<net id="570"><net_src comp="124" pin="0"/><net_sink comp="561" pin=3"/></net>

<net id="576"><net_src comp="545" pin="2"/><net_sink comp="571" pin=0"/></net>

<net id="577"><net_src comp="551" pin="4"/><net_sink comp="571" pin=1"/></net>

<net id="578"><net_src comp="90" pin="0"/><net_sink comp="571" pin=2"/></net>

<net id="584"><net_src comp="545" pin="2"/><net_sink comp="579" pin=0"/></net>

<net id="585"><net_src comp="561" pin="4"/><net_sink comp="579" pin=1"/></net>

<net id="586"><net_src comp="92" pin="0"/><net_sink comp="579" pin=2"/></net>

<net id="591"><net_src comp="307" pin="4"/><net_sink comp="587" pin=0"/></net>

<net id="592"><net_src comp="76" pin="0"/><net_sink comp="587" pin=1"/></net>

<net id="599"><net_src comp="78" pin="0"/><net_sink comp="593" pin=0"/></net>

<net id="600"><net_src comp="242" pin="2"/><net_sink comp="593" pin=1"/></net>

<net id="601"><net_src comp="126" pin="0"/><net_sink comp="593" pin=2"/></net>

<net id="602"><net_src comp="128" pin="0"/><net_sink comp="593" pin=3"/></net>

<net id="609"><net_src comp="84" pin="0"/><net_sink comp="603" pin=0"/></net>

<net id="610"><net_src comp="242" pin="2"/><net_sink comp="603" pin=1"/></net>

<net id="611"><net_src comp="130" pin="0"/><net_sink comp="603" pin=2"/></net>

<net id="612"><net_src comp="132" pin="0"/><net_sink comp="603" pin=3"/></net>

<net id="618"><net_src comp="587" pin="2"/><net_sink comp="613" pin=0"/></net>

<net id="619"><net_src comp="593" pin="4"/><net_sink comp="613" pin=1"/></net>

<net id="620"><net_src comp="90" pin="0"/><net_sink comp="613" pin=2"/></net>

<net id="626"><net_src comp="587" pin="2"/><net_sink comp="621" pin=0"/></net>

<net id="627"><net_src comp="603" pin="4"/><net_sink comp="621" pin=1"/></net>

<net id="628"><net_src comp="92" pin="0"/><net_sink comp="621" pin=2"/></net>

<net id="633"><net_src comp="317" pin="4"/><net_sink comp="629" pin=0"/></net>

<net id="634"><net_src comp="76" pin="0"/><net_sink comp="629" pin=1"/></net>

<net id="641"><net_src comp="78" pin="0"/><net_sink comp="635" pin=0"/></net>

<net id="642"><net_src comp="242" pin="2"/><net_sink comp="635" pin=1"/></net>

<net id="643"><net_src comp="134" pin="0"/><net_sink comp="635" pin=2"/></net>

<net id="644"><net_src comp="136" pin="0"/><net_sink comp="635" pin=3"/></net>

<net id="651"><net_src comp="84" pin="0"/><net_sink comp="645" pin=0"/></net>

<net id="652"><net_src comp="242" pin="2"/><net_sink comp="645" pin=1"/></net>

<net id="653"><net_src comp="138" pin="0"/><net_sink comp="645" pin=2"/></net>

<net id="654"><net_src comp="140" pin="0"/><net_sink comp="645" pin=3"/></net>

<net id="660"><net_src comp="629" pin="2"/><net_sink comp="655" pin=0"/></net>

<net id="661"><net_src comp="635" pin="4"/><net_sink comp="655" pin=1"/></net>

<net id="662"><net_src comp="90" pin="0"/><net_sink comp="655" pin=2"/></net>

<net id="668"><net_src comp="629" pin="2"/><net_sink comp="663" pin=0"/></net>

<net id="669"><net_src comp="645" pin="4"/><net_sink comp="663" pin=1"/></net>

<net id="670"><net_src comp="92" pin="0"/><net_sink comp="663" pin=2"/></net>

<net id="675"><net_src comp="327" pin="4"/><net_sink comp="671" pin=0"/></net>

<net id="676"><net_src comp="76" pin="0"/><net_sink comp="671" pin=1"/></net>

<net id="683"><net_src comp="78" pin="0"/><net_sink comp="677" pin=0"/></net>

<net id="684"><net_src comp="242" pin="2"/><net_sink comp="677" pin=1"/></net>

<net id="685"><net_src comp="142" pin="0"/><net_sink comp="677" pin=2"/></net>

<net id="686"><net_src comp="144" pin="0"/><net_sink comp="677" pin=3"/></net>

<net id="693"><net_src comp="84" pin="0"/><net_sink comp="687" pin=0"/></net>

<net id="694"><net_src comp="242" pin="2"/><net_sink comp="687" pin=1"/></net>

<net id="695"><net_src comp="146" pin="0"/><net_sink comp="687" pin=2"/></net>

<net id="696"><net_src comp="148" pin="0"/><net_sink comp="687" pin=3"/></net>

<net id="702"><net_src comp="671" pin="2"/><net_sink comp="697" pin=0"/></net>

<net id="703"><net_src comp="677" pin="4"/><net_sink comp="697" pin=1"/></net>

<net id="704"><net_src comp="90" pin="0"/><net_sink comp="697" pin=2"/></net>

<net id="710"><net_src comp="671" pin="2"/><net_sink comp="705" pin=0"/></net>

<net id="711"><net_src comp="687" pin="4"/><net_sink comp="705" pin=1"/></net>

<net id="712"><net_src comp="92" pin="0"/><net_sink comp="705" pin=2"/></net>

<net id="717"><net_src comp="337" pin="4"/><net_sink comp="713" pin=0"/></net>

<net id="718"><net_src comp="76" pin="0"/><net_sink comp="713" pin=1"/></net>

<net id="725"><net_src comp="78" pin="0"/><net_sink comp="719" pin=0"/></net>

<net id="726"><net_src comp="242" pin="2"/><net_sink comp="719" pin=1"/></net>

<net id="727"><net_src comp="150" pin="0"/><net_sink comp="719" pin=2"/></net>

<net id="728"><net_src comp="152" pin="0"/><net_sink comp="719" pin=3"/></net>

<net id="735"><net_src comp="84" pin="0"/><net_sink comp="729" pin=0"/></net>

<net id="736"><net_src comp="242" pin="2"/><net_sink comp="729" pin=1"/></net>

<net id="737"><net_src comp="154" pin="0"/><net_sink comp="729" pin=2"/></net>

<net id="738"><net_src comp="156" pin="0"/><net_sink comp="729" pin=3"/></net>

<net id="744"><net_src comp="713" pin="2"/><net_sink comp="739" pin=0"/></net>

<net id="745"><net_src comp="719" pin="4"/><net_sink comp="739" pin=1"/></net>

<net id="746"><net_src comp="90" pin="0"/><net_sink comp="739" pin=2"/></net>

<net id="752"><net_src comp="713" pin="2"/><net_sink comp="747" pin=0"/></net>

<net id="753"><net_src comp="729" pin="4"/><net_sink comp="747" pin=1"/></net>

<net id="754"><net_src comp="92" pin="0"/><net_sink comp="747" pin=2"/></net>

<net id="759"><net_src comp="347" pin="4"/><net_sink comp="755" pin=0"/></net>

<net id="760"><net_src comp="76" pin="0"/><net_sink comp="755" pin=1"/></net>

<net id="767"><net_src comp="78" pin="0"/><net_sink comp="761" pin=0"/></net>

<net id="768"><net_src comp="242" pin="2"/><net_sink comp="761" pin=1"/></net>

<net id="769"><net_src comp="158" pin="0"/><net_sink comp="761" pin=2"/></net>

<net id="770"><net_src comp="160" pin="0"/><net_sink comp="761" pin=3"/></net>

<net id="777"><net_src comp="84" pin="0"/><net_sink comp="771" pin=0"/></net>

<net id="778"><net_src comp="242" pin="2"/><net_sink comp="771" pin=1"/></net>

<net id="779"><net_src comp="162" pin="0"/><net_sink comp="771" pin=2"/></net>

<net id="780"><net_src comp="164" pin="0"/><net_sink comp="771" pin=3"/></net>

<net id="786"><net_src comp="755" pin="2"/><net_sink comp="781" pin=0"/></net>

<net id="787"><net_src comp="761" pin="4"/><net_sink comp="781" pin=1"/></net>

<net id="788"><net_src comp="90" pin="0"/><net_sink comp="781" pin=2"/></net>

<net id="794"><net_src comp="755" pin="2"/><net_sink comp="789" pin=0"/></net>

<net id="795"><net_src comp="771" pin="4"/><net_sink comp="789" pin=1"/></net>

<net id="796"><net_src comp="92" pin="0"/><net_sink comp="789" pin=2"/></net>

<net id="801"><net_src comp="357" pin="4"/><net_sink comp="797" pin=0"/></net>

<net id="802"><net_src comp="76" pin="0"/><net_sink comp="797" pin=1"/></net>

<net id="809"><net_src comp="78" pin="0"/><net_sink comp="803" pin=0"/></net>

<net id="810"><net_src comp="242" pin="2"/><net_sink comp="803" pin=1"/></net>

<net id="811"><net_src comp="166" pin="0"/><net_sink comp="803" pin=2"/></net>

<net id="812"><net_src comp="168" pin="0"/><net_sink comp="803" pin=3"/></net>

<net id="819"><net_src comp="84" pin="0"/><net_sink comp="813" pin=0"/></net>

<net id="820"><net_src comp="242" pin="2"/><net_sink comp="813" pin=1"/></net>

<net id="821"><net_src comp="170" pin="0"/><net_sink comp="813" pin=2"/></net>

<net id="822"><net_src comp="172" pin="0"/><net_sink comp="813" pin=3"/></net>

<net id="828"><net_src comp="797" pin="2"/><net_sink comp="823" pin=0"/></net>

<net id="829"><net_src comp="803" pin="4"/><net_sink comp="823" pin=1"/></net>

<net id="830"><net_src comp="90" pin="0"/><net_sink comp="823" pin=2"/></net>

<net id="836"><net_src comp="797" pin="2"/><net_sink comp="831" pin=0"/></net>

<net id="837"><net_src comp="813" pin="4"/><net_sink comp="831" pin=1"/></net>

<net id="838"><net_src comp="92" pin="0"/><net_sink comp="831" pin=2"/></net>

<net id="843"><net_src comp="367" pin="4"/><net_sink comp="839" pin=0"/></net>

<net id="844"><net_src comp="76" pin="0"/><net_sink comp="839" pin=1"/></net>

<net id="851"><net_src comp="78" pin="0"/><net_sink comp="845" pin=0"/></net>

<net id="852"><net_src comp="242" pin="2"/><net_sink comp="845" pin=1"/></net>

<net id="853"><net_src comp="174" pin="0"/><net_sink comp="845" pin=2"/></net>

<net id="854"><net_src comp="176" pin="0"/><net_sink comp="845" pin=3"/></net>

<net id="861"><net_src comp="84" pin="0"/><net_sink comp="855" pin=0"/></net>

<net id="862"><net_src comp="242" pin="2"/><net_sink comp="855" pin=1"/></net>

<net id="863"><net_src comp="178" pin="0"/><net_sink comp="855" pin=2"/></net>

<net id="864"><net_src comp="180" pin="0"/><net_sink comp="855" pin=3"/></net>

<net id="870"><net_src comp="839" pin="2"/><net_sink comp="865" pin=0"/></net>

<net id="871"><net_src comp="845" pin="4"/><net_sink comp="865" pin=1"/></net>

<net id="872"><net_src comp="90" pin="0"/><net_sink comp="865" pin=2"/></net>

<net id="878"><net_src comp="839" pin="2"/><net_sink comp="873" pin=0"/></net>

<net id="879"><net_src comp="855" pin="4"/><net_sink comp="873" pin=1"/></net>

<net id="880"><net_src comp="92" pin="0"/><net_sink comp="873" pin=2"/></net>

<net id="887"><net_src comp="78" pin="0"/><net_sink comp="881" pin=0"/></net>

<net id="888"><net_src comp="242" pin="2"/><net_sink comp="881" pin=1"/></net>

<net id="889"><net_src comp="182" pin="0"/><net_sink comp="881" pin=2"/></net>

<net id="890"><net_src comp="184" pin="0"/><net_sink comp="881" pin=3"/></net>

<net id="896"><net_src comp="839" pin="2"/><net_sink comp="891" pin=0"/></net>

<net id="897"><net_src comp="881" pin="4"/><net_sink comp="891" pin=1"/></net>

<net id="898"><net_src comp="90" pin="0"/><net_sink comp="891" pin=2"/></net>

<net id="905"><net_src comp="78" pin="0"/><net_sink comp="899" pin=0"/></net>

<net id="906"><net_src comp="242" pin="2"/><net_sink comp="899" pin=1"/></net>

<net id="907"><net_src comp="186" pin="0"/><net_sink comp="899" pin=2"/></net>

<net id="908"><net_src comp="188" pin="0"/><net_sink comp="899" pin=3"/></net>

<net id="914"><net_src comp="797" pin="2"/><net_sink comp="909" pin=0"/></net>

<net id="915"><net_src comp="899" pin="4"/><net_sink comp="909" pin=1"/></net>

<net id="916"><net_src comp="90" pin="0"/><net_sink comp="909" pin=2"/></net>

<net id="923"><net_src comp="78" pin="0"/><net_sink comp="917" pin=0"/></net>

<net id="924"><net_src comp="242" pin="2"/><net_sink comp="917" pin=1"/></net>

<net id="925"><net_src comp="190" pin="0"/><net_sink comp="917" pin=2"/></net>

<net id="926"><net_src comp="192" pin="0"/><net_sink comp="917" pin=3"/></net>

<net id="932"><net_src comp="755" pin="2"/><net_sink comp="927" pin=0"/></net>

<net id="933"><net_src comp="917" pin="4"/><net_sink comp="927" pin=1"/></net>

<net id="934"><net_src comp="90" pin="0"/><net_sink comp="927" pin=2"/></net>

<net id="941"><net_src comp="78" pin="0"/><net_sink comp="935" pin=0"/></net>

<net id="942"><net_src comp="242" pin="2"/><net_sink comp="935" pin=1"/></net>

<net id="943"><net_src comp="194" pin="0"/><net_sink comp="935" pin=2"/></net>

<net id="944"><net_src comp="196" pin="0"/><net_sink comp="935" pin=3"/></net>

<net id="950"><net_src comp="713" pin="2"/><net_sink comp="945" pin=0"/></net>

<net id="951"><net_src comp="935" pin="4"/><net_sink comp="945" pin=1"/></net>

<net id="952"><net_src comp="90" pin="0"/><net_sink comp="945" pin=2"/></net>

<net id="959"><net_src comp="78" pin="0"/><net_sink comp="953" pin=0"/></net>

<net id="960"><net_src comp="242" pin="2"/><net_sink comp="953" pin=1"/></net>

<net id="961"><net_src comp="198" pin="0"/><net_sink comp="953" pin=2"/></net>

<net id="962"><net_src comp="200" pin="0"/><net_sink comp="953" pin=3"/></net>

<net id="968"><net_src comp="671" pin="2"/><net_sink comp="963" pin=0"/></net>

<net id="969"><net_src comp="953" pin="4"/><net_sink comp="963" pin=1"/></net>

<net id="970"><net_src comp="90" pin="0"/><net_sink comp="963" pin=2"/></net>

<net id="977"><net_src comp="78" pin="0"/><net_sink comp="971" pin=0"/></net>

<net id="978"><net_src comp="242" pin="2"/><net_sink comp="971" pin=1"/></net>

<net id="979"><net_src comp="202" pin="0"/><net_sink comp="971" pin=2"/></net>

<net id="980"><net_src comp="204" pin="0"/><net_sink comp="971" pin=3"/></net>

<net id="986"><net_src comp="629" pin="2"/><net_sink comp="981" pin=0"/></net>

<net id="987"><net_src comp="971" pin="4"/><net_sink comp="981" pin=1"/></net>

<net id="988"><net_src comp="90" pin="0"/><net_sink comp="981" pin=2"/></net>

<net id="995"><net_src comp="78" pin="0"/><net_sink comp="989" pin=0"/></net>

<net id="996"><net_src comp="242" pin="2"/><net_sink comp="989" pin=1"/></net>

<net id="997"><net_src comp="206" pin="0"/><net_sink comp="989" pin=2"/></net>

<net id="998"><net_src comp="208" pin="0"/><net_sink comp="989" pin=3"/></net>

<net id="1004"><net_src comp="587" pin="2"/><net_sink comp="999" pin=0"/></net>

<net id="1005"><net_src comp="989" pin="4"/><net_sink comp="999" pin=1"/></net>

<net id="1006"><net_src comp="90" pin="0"/><net_sink comp="999" pin=2"/></net>

<net id="1013"><net_src comp="78" pin="0"/><net_sink comp="1007" pin=0"/></net>

<net id="1014"><net_src comp="242" pin="2"/><net_sink comp="1007" pin=1"/></net>

<net id="1015"><net_src comp="210" pin="0"/><net_sink comp="1007" pin=2"/></net>

<net id="1016"><net_src comp="212" pin="0"/><net_sink comp="1007" pin=3"/></net>

<net id="1022"><net_src comp="545" pin="2"/><net_sink comp="1017" pin=0"/></net>

<net id="1023"><net_src comp="1007" pin="4"/><net_sink comp="1017" pin=1"/></net>

<net id="1024"><net_src comp="90" pin="0"/><net_sink comp="1017" pin=2"/></net>

<net id="1031"><net_src comp="78" pin="0"/><net_sink comp="1025" pin=0"/></net>

<net id="1032"><net_src comp="242" pin="2"/><net_sink comp="1025" pin=1"/></net>

<net id="1033"><net_src comp="214" pin="0"/><net_sink comp="1025" pin=2"/></net>

<net id="1034"><net_src comp="216" pin="0"/><net_sink comp="1025" pin=3"/></net>

<net id="1040"><net_src comp="503" pin="2"/><net_sink comp="1035" pin=0"/></net>

<net id="1041"><net_src comp="1025" pin="4"/><net_sink comp="1035" pin=1"/></net>

<net id="1042"><net_src comp="90" pin="0"/><net_sink comp="1035" pin=2"/></net>

<net id="1049"><net_src comp="78" pin="0"/><net_sink comp="1043" pin=0"/></net>

<net id="1050"><net_src comp="242" pin="2"/><net_sink comp="1043" pin=1"/></net>

<net id="1051"><net_src comp="218" pin="0"/><net_sink comp="1043" pin=2"/></net>

<net id="1052"><net_src comp="220" pin="0"/><net_sink comp="1043" pin=3"/></net>

<net id="1058"><net_src comp="461" pin="2"/><net_sink comp="1053" pin=0"/></net>

<net id="1059"><net_src comp="1043" pin="4"/><net_sink comp="1053" pin=1"/></net>

<net id="1060"><net_src comp="90" pin="0"/><net_sink comp="1053" pin=2"/></net>

<net id="1067"><net_src comp="78" pin="0"/><net_sink comp="1061" pin=0"/></net>

<net id="1068"><net_src comp="242" pin="2"/><net_sink comp="1061" pin=1"/></net>

<net id="1069"><net_src comp="222" pin="0"/><net_sink comp="1061" pin=2"/></net>

<net id="1070"><net_src comp="224" pin="0"/><net_sink comp="1061" pin=3"/></net>

<net id="1076"><net_src comp="419" pin="2"/><net_sink comp="1071" pin=0"/></net>

<net id="1077"><net_src comp="1061" pin="4"/><net_sink comp="1071" pin=1"/></net>

<net id="1078"><net_src comp="90" pin="0"/><net_sink comp="1071" pin=2"/></net>

<net id="1085"><net_src comp="78" pin="0"/><net_sink comp="1079" pin=0"/></net>

<net id="1086"><net_src comp="242" pin="2"/><net_sink comp="1079" pin=1"/></net>

<net id="1087"><net_src comp="226" pin="0"/><net_sink comp="1079" pin=2"/></net>

<net id="1088"><net_src comp="228" pin="0"/><net_sink comp="1079" pin=3"/></net>

<net id="1094"><net_src comp="377" pin="2"/><net_sink comp="1089" pin=0"/></net>

<net id="1095"><net_src comp="1079" pin="4"/><net_sink comp="1089" pin=1"/></net>

<net id="1096"><net_src comp="90" pin="0"/><net_sink comp="1089" pin=2"/></net>

<net id="1136"><net_src comp="230" pin="0"/><net_sink comp="1097" pin=0"/></net>

<net id="1137"><net_src comp="873" pin="3"/><net_sink comp="1097" pin=1"/></net>

<net id="1138"><net_src comp="891" pin="3"/><net_sink comp="1097" pin=2"/></net>

<net id="1139"><net_src comp="865" pin="3"/><net_sink comp="1097" pin=3"/></net>

<net id="1140"><net_src comp="831" pin="3"/><net_sink comp="1097" pin=4"/></net>

<net id="1141"><net_src comp="909" pin="3"/><net_sink comp="1097" pin=5"/></net>

<net id="1142"><net_src comp="823" pin="3"/><net_sink comp="1097" pin=6"/></net>

<net id="1143"><net_src comp="789" pin="3"/><net_sink comp="1097" pin=7"/></net>

<net id="1144"><net_src comp="927" pin="3"/><net_sink comp="1097" pin=8"/></net>

<net id="1145"><net_src comp="781" pin="3"/><net_sink comp="1097" pin=9"/></net>

<net id="1146"><net_src comp="747" pin="3"/><net_sink comp="1097" pin=10"/></net>

<net id="1147"><net_src comp="945" pin="3"/><net_sink comp="1097" pin=11"/></net>

<net id="1148"><net_src comp="739" pin="3"/><net_sink comp="1097" pin=12"/></net>

<net id="1149"><net_src comp="705" pin="3"/><net_sink comp="1097" pin=13"/></net>

<net id="1150"><net_src comp="963" pin="3"/><net_sink comp="1097" pin=14"/></net>

<net id="1151"><net_src comp="697" pin="3"/><net_sink comp="1097" pin=15"/></net>

<net id="1152"><net_src comp="663" pin="3"/><net_sink comp="1097" pin=16"/></net>

<net id="1153"><net_src comp="981" pin="3"/><net_sink comp="1097" pin=17"/></net>

<net id="1154"><net_src comp="655" pin="3"/><net_sink comp="1097" pin=18"/></net>

<net id="1155"><net_src comp="621" pin="3"/><net_sink comp="1097" pin=19"/></net>

<net id="1156"><net_src comp="999" pin="3"/><net_sink comp="1097" pin=20"/></net>

<net id="1157"><net_src comp="613" pin="3"/><net_sink comp="1097" pin=21"/></net>

<net id="1158"><net_src comp="579" pin="3"/><net_sink comp="1097" pin=22"/></net>

<net id="1159"><net_src comp="1017" pin="3"/><net_sink comp="1097" pin=23"/></net>

<net id="1160"><net_src comp="571" pin="3"/><net_sink comp="1097" pin=24"/></net>

<net id="1161"><net_src comp="537" pin="3"/><net_sink comp="1097" pin=25"/></net>

<net id="1162"><net_src comp="1035" pin="3"/><net_sink comp="1097" pin=26"/></net>

<net id="1163"><net_src comp="529" pin="3"/><net_sink comp="1097" pin=27"/></net>

<net id="1164"><net_src comp="495" pin="3"/><net_sink comp="1097" pin=28"/></net>

<net id="1165"><net_src comp="1053" pin="3"/><net_sink comp="1097" pin=29"/></net>

<net id="1166"><net_src comp="487" pin="3"/><net_sink comp="1097" pin=30"/></net>

<net id="1167"><net_src comp="453" pin="3"/><net_sink comp="1097" pin=31"/></net>

<net id="1168"><net_src comp="1071" pin="3"/><net_sink comp="1097" pin=32"/></net>

<net id="1169"><net_src comp="445" pin="3"/><net_sink comp="1097" pin=33"/></net>

<net id="1170"><net_src comp="411" pin="3"/><net_sink comp="1097" pin=34"/></net>

<net id="1171"><net_src comp="1089" pin="3"/><net_sink comp="1097" pin=35"/></net>

<net id="1172"><net_src comp="403" pin="3"/><net_sink comp="1097" pin=36"/></net>

<net id="1173"><net_src comp="1097" pin="37"/><net_sink comp="248" pin=2"/></net>

<net id="1178"><net_src comp="260" pin="1"/><net_sink comp="1174" pin=0"/></net>

<net id="1179"><net_src comp="234" pin="0"/><net_sink comp="1174" pin=1"/></net>

<net id="1184"><net_src comp="260" pin="1"/><net_sink comp="1180" pin=0"/></net>

<net id="1185"><net_src comp="236" pin="0"/><net_sink comp="1180" pin=1"/></net>

<net id="1190"><net_src comp="1174" pin="2"/><net_sink comp="1186" pin=0"/></net>

<net id="1194"><net_src comp="238" pin="1"/><net_sink comp="1191" pin=0"/></net>

<net id="1195"><net_src comp="1191" pin="1"/><net_sink comp="255" pin=1"/></net>

<net id="1196"><net_src comp="1191" pin="1"/><net_sink comp="260" pin=0"/></net>

<net id="1197"><net_src comp="1191" pin="1"/><net_sink comp="1186" pin=1"/></net>

</net_list>

</model> 
---------------- Datapath Model END ------------------

* FSMD analyzer results:
  - Output states:
	Port: layer4_out | {1 }
 - Input state : 
	Port: relu<array<ap_fixed,12u>,array<ap_fixed<20,10,5,3,0>,12u>,relu_config4> : layer3_out | {1 }
  - Chain level:
	State 1
		store_ln0 : 1
		i1_load : 1
		icmp_ln51 : 1
		out_data_sroa_0_0_0 : 2
		empty : 2
		icmp_ln51_18 : 1
		out_data_sroa_5100_0_0 : 2
		empty_85 : 2
		icmp_ln51_19 : 1
		out_data_sroa_8104_0_0 : 2
		empty_86 : 2
		icmp_ln51_20 : 1
		out_data_sroa_11108_0_0 : 2
		empty_87 : 2
		icmp_ln51_21 : 1
		out_data_sroa_14112_0_0 : 2
		empty_88 : 2
		icmp_ln51_22 : 1
		out_data_sroa_17116_0_0 : 2
		empty_89 : 2
		icmp_ln51_23 : 1
		out_data_sroa_20120_0_0 : 2
		empty_90 : 2
		icmp_ln51_24 : 1
		out_data_sroa_23124_0_0 : 2
		empty_91 : 2
		icmp_ln51_25 : 1
		out_data_sroa_26128_0_0 : 2
		empty_92 : 2
		icmp_ln51_26 : 1
		out_data_sroa_29132_0_0 : 2
		empty_93 : 2
		icmp_ln51_27 : 1
		out_data_sroa_32136_0_0 : 2
		empty_94 : 2
		icmp_ln51_28 : 1
		out_data_sroa_35140_0_0 : 2
		storemerge : 2
		empty_95 : 2
		empty_96 : 2
		empty_97 : 2
		empty_98 : 2
		empty_99 : 2
		empty_100 : 2
		empty_101 : 2
		empty_102 : 2
		empty_103 : 2
		empty_104 : 2
		empty_105 : 2
		empty_106 : 2
		or_ln57_s : 3
		write_ln57 : 4
		i : 2
		icmp_ln41 : 2
		store_ln41 : 3
		br_ln41 : 3


============================================================
+ Verbose Summary: Datapath Resource usage 
============================================================

* Functional unit list:
|----------|--------------------------------|---------|---------|
| Operation|         Functional Unit        |    FF   |   LUT   |
|----------|--------------------------------|---------|---------|
|          |        icmp_ln51_fu_377        |    0    |    46   |
|          |       icmp_ln51_18_fu_419      |    0    |    46   |
|          |       icmp_ln51_19_fu_461      |    0    |    46   |
|          |       icmp_ln51_20_fu_503      |    0    |    46   |
|          |       icmp_ln51_21_fu_545      |    0    |    46   |
|          |       icmp_ln51_22_fu_587      |    0    |    46   |
|   icmp   |       icmp_ln51_23_fu_629      |    0    |    46   |
|          |       icmp_ln51_24_fu_671      |    0    |    46   |
|          |       icmp_ln51_25_fu_713      |    0    |    46   |
|          |       icmp_ln51_26_fu_755      |    0    |    46   |
|          |       icmp_ln51_27_fu_797      |    0    |    46   |
|          |       icmp_ln51_28_fu_839      |    0    |    46   |
|          |        icmp_ln41_fu_1180       |    0    |    13   |
|----------|--------------------------------|---------|---------|
|          |   out_data_sroa_0_0_0_fu_403   |    0    |    8    |
|          |          empty_fu_411          |    0    |    4    |
|          |  out_data_sroa_5100_0_0_fu_445 |    0    |    8    |
|          |         empty_85_fu_453        |    0    |    4    |
|          |  out_data_sroa_8104_0_0_fu_487 |    0    |    8    |
|          |         empty_86_fu_495        |    0    |    4    |
|          | out_data_sroa_11108_0_0_fu_529 |    0    |    8    |
|          |         empty_87_fu_537        |    0    |    4    |
|          | out_data_sroa_14112_0_0_fu_571 |    0    |    8    |
|          |         empty_88_fu_579        |    0    |    4    |
|          | out_data_sroa_17116_0_0_fu_613 |    0    |    8    |
|          |         empty_89_fu_621        |    0    |    4    |
|          | out_data_sroa_20120_0_0_fu_655 |    0    |    8    |
|          |         empty_90_fu_663        |    0    |    4    |
|          | out_data_sroa_23124_0_0_fu_697 |    0    |    8    |
|          |         empty_91_fu_705        |    0    |    4    |
|          | out_data_sroa_26128_0_0_fu_739 |    0    |    8    |
|  select  |         empty_92_fu_747        |    0    |    4    |
|          | out_data_sroa_29132_0_0_fu_781 |    0    |    8    |
|          |         empty_93_fu_789        |    0    |    4    |
|          | out_data_sroa_32136_0_0_fu_823 |    0    |    8    |
|          |         empty_94_fu_831        |    0    |    4    |
|          | out_data_sroa_35140_0_0_fu_865 |    0    |    8    |
|          |        storemerge_fu_873       |    0    |    4    |
|          |         empty_95_fu_891        |    0    |    8    |
|          |         empty_96_fu_909        |    0    |    8    |
|          |         empty_97_fu_927        |    0    |    8    |
|          |         empty_98_fu_945        |    0    |    8    |
|          |         empty_99_fu_963        |    0    |    8    |
|          |        empty_100_fu_981        |    0    |    8    |
|          |        empty_101_fu_999        |    0    |    8    |
|          |        empty_102_fu_1017       |    0    |    8    |
|          |        empty_103_fu_1035       |    0    |    8    |
|          |        empty_104_fu_1053       |    0    |    8    |
|          |        empty_105_fu_1071       |    0    |    8    |
|          |        empty_106_fu_1089       |    0    |    8    |
|----------|--------------------------------|---------|---------|
|    add   |            i_fu_1174           |    0    |    13   |
|----------|--------------------------------|---------|---------|
|   read   |   layer3_out_read_read_fu_242  |    0    |    0    |
|----------|--------------------------------|---------|---------|
|   write  |     write_ln57_write_fu_248    |    0    |    0    |
|----------|--------------------------------|---------|---------|
|   trunc  |        trunc_ln44_fu_263       |    0    |    0    |
|----------|--------------------------------|---------|---------|
|          |       trunc_ln44_s_fu_267      |    0    |    0    |
|          |      trunc_ln44_17_fu_277      |    0    |    0    |
|          |      trunc_ln44_18_fu_287      |    0    |    0    |
|          |      trunc_ln44_19_fu_297      |    0    |    0    |
|          |      trunc_ln44_20_fu_307      |    0    |    0    |
|          |      trunc_ln44_21_fu_317      |    0    |    0    |
|          |      trunc_ln44_22_fu_327      |    0    |    0    |
|          |      trunc_ln44_23_fu_337      |    0    |    0    |
|          |      trunc_ln44_24_fu_347      |    0    |    0    |
|          |      trunc_ln44_25_fu_357      |    0    |    0    |
|          |      trunc_ln44_26_fu_367      |    0    |    0    |
|          |        trunc_ln2_fu_383        |    0    |    0    |
|          |       trunc_ln52_s_fu_393      |    0    |    0    |
|          |      trunc_ln52_35_fu_425      |    0    |    0    |
|          |      trunc_ln52_36_fu_435      |    0    |    0    |
|          |      trunc_ln52_37_fu_467      |    0    |    0    |
|          |      trunc_ln52_38_fu_477      |    0    |    0    |
|          |      trunc_ln52_39_fu_509      |    0    |    0    |
|          |      trunc_ln52_40_fu_519      |    0    |    0    |
|          |      trunc_ln52_41_fu_551      |    0    |    0    |
|          |      trunc_ln52_42_fu_561      |    0    |    0    |
|          |      trunc_ln52_43_fu_593      |    0    |    0    |
|          |      trunc_ln52_44_fu_603      |    0    |    0    |
|partselect|      trunc_ln52_45_fu_635      |    0    |    0    |
|          |      trunc_ln52_46_fu_645      |    0    |    0    |
|          |      trunc_ln52_47_fu_677      |    0    |    0    |
|          |      trunc_ln52_48_fu_687      |    0    |    0    |
|          |      trunc_ln52_49_fu_719      |    0    |    0    |
|          |      trunc_ln52_50_fu_729      |    0    |    0    |
|          |      trunc_ln52_51_fu_761      |    0    |    0    |
|          |      trunc_ln52_52_fu_771      |    0    |    0    |
|          |      trunc_ln52_53_fu_803      |    0    |    0    |
|          |      trunc_ln52_54_fu_813      |    0    |    0    |
|          |      trunc_ln52_55_fu_845      |    0    |    0    |
|          |      trunc_ln52_56_fu_855      |    0    |    0    |
|          |           tmp_fu_881           |    0    |    0    |
|          |          tmp_s_fu_899          |    0    |    0    |
|          |          tmp_17_fu_917         |    0    |    0    |
|          |          tmp_18_fu_935         |    0    |    0    |
|          |          tmp_19_fu_953         |    0    |    0    |
|          |          tmp_20_fu_971         |    0    |    0    |
|          |          tmp_21_fu_989         |    0    |    0    |
|          |         tmp_22_fu_1007         |    0    |    0    |
|          |         tmp_23_fu_1025         |    0    |    0    |
|          |         tmp_24_fu_1043         |    0    |    0    |
|          |         tmp_25_fu_1061         |    0    |    0    |
|          |         tmp_26_fu_1079         |    0    |    0    |
|----------|--------------------------------|---------|---------|
|bitconcatenate|        or_ln57_s_fu_1097       |    0    |    0    |
|----------|--------------------------------|---------|---------|
|   Total  |                                |    0    |   818   |
|----------|--------------------------------|---------|---------|

Memories:
N/A

* Register list:
+-----------+--------+
|           |   FF   |
+-----------+--------+
|i1_reg_1191|   10   |
+-----------+--------+
|   Total   |   10   |
+-----------+--------+

* Multiplexer (MUX) list: 
|--------|------|------|------|--------|
|  Comp  |  Pin | Size |  BW  | S x BW |
|--------|------|------|------|--------|
|  Total |      |      |      |    0   |
|--------|------|------|------|--------|



* Summary:
+-----------+--------+--------+
|           |   FF   |   LUT  |
+-----------+--------+--------+
|  Function |    0   |   818  |
|   Memory  |    -   |    -   |
|Multiplexer|    -   |    -   |
|  Register |   10   |    -   |
+-----------+--------+--------+
|   Total   |   10   |   818  |
+-----------+--------+--------+
