

================================================================
== Vitis HLS Report for 'shift_line_buffer_array_ap_fixed_20_10_5_3_0_12u_config6_s'
================================================================
* Date:           Sun Aug 30 16:00:12 2026

* Version:        2024.1 (Build 5069499 on May 21 2024)
* Project:        myproject_prj
* Solution:       solution1 (Vivado IP Flow Target)
* Product family: zynq
* Target device:  xc7z020-clg400-1


================================================================
== Performance Estimates
================================================================
+ Timing: 
    * Summary: 
    +--------+----------+----------+------------+
    |  Clock |  Target  | Estimated| Uncertainty|
    +--------+----------+----------+------------+
    |ap_clk  |  20.00 ns|  3.234 ns|     5.40 ns|
    +--------+----------+----------+------------+

+ Latency: 
    * Summary: 
    +---------+---------+----------+----------+-----+-----+---------+
    |  Latency (cycles) |  Latency (absolute) |  Interval | Pipeline|
    |   min   |   max   |    min   |    max   | min | max |   Type  |
    +---------+---------+----------+----------+-----+-----+---------+
    |        0|        0|      0 ns|      0 ns|    1|    1|      yes|
    +---------+---------+----------+----------+-----+-----+---------+

    + Detail: 
        * Instance: 
        N/A

        * Loop: 
        N/A

============================================================
+ Verbose Summary: Synthesis Manager
============================================================
InlineROM: 1
ExposeGlobal: 0
============================================================
+ Verbose Summary: CDFG Model
============================================================
IsTopModel: 0
ResetActiveHigh: 1
IsCombinational: 0
IsDatapathOnly: 0
HasWiredReturn: 1
HasMFsm: 2
HasVarLatency: 0
IsPipeline: 1
IsRtlPipelined: 0
IsInstanceOverlapped: 0
IsDontTouch: 0
HasImplIP: 0
IsGatedGlobalClock: 0

+ Individual pipeline summary: 
  * Pipeline-0: initiation interval (II) = 1, depth = 1


============================================================
+ Verbose Summary: Schedule
============================================================
* Number of FSM states : 1
* Pipeline : 1
  Pipeline-0 : II = 1, D = 1, States = { 1 }
* Dataflow Pipeline: 0

* FSM state transitions: 
1 --> 

* FSM state operations: 

State 1 <SV = 0> <Delay = 3.23>
ST_1 : Operation 2 [1/1] (0.00ns)   --->   "%specpipeline_ln232 = specpipeline void @_ssdm_op_SpecPipeline, i32 4294967295, i32 0, i32 0, i32 0, void @empty_5" [firmware/nnet_utils/nnet_conv_stream.h:232]   --->   Operation 2 'specpipeline' 'specpipeline_ln232' <Predicate = true> <Delay = 0.00>
ST_1 : Operation 3 [1/1] (0.00ns)   --->   "%p_read_19 = read i20 @_ssdm_op_Read.ap_auto.i20, i20 %p_read11" [firmware/nnet_utils/nnet_conv_stream.h:241]   --->   Operation 3 'read' 'p_read_19' <Predicate = true> <Delay = 0.00>
ST_1 : Operation 4 [1/1] (0.00ns)   --->   "%p_read_20 = read i20 @_ssdm_op_Read.ap_auto.i20, i20 %p_read10" [firmware/nnet_utils/nnet_conv_stream.h:241]   --->   Operation 4 'read' 'p_read_20' <Predicate = true> <Delay = 0.00>
ST_1 : Operation 5 [1/1] (0.00ns)   --->   "%p_read_21 = read i20 @_ssdm_op_Read.ap_auto.i20, i20 %p_read9" [firmware/nnet_utils/nnet_conv_stream.h:241]   --->   Operation 5 'read' 'p_read_21' <Predicate = true> <Delay = 0.00>
ST_1 : Operation 6 [1/1] (0.00ns)   --->   "%p_read_22 = read i20 @_ssdm_op_Read.ap_auto.i20, i20 %p_read8" [firmware/nnet_utils/nnet_conv_stream.h:241]   --->   Operation 6 'read' 'p_read_22' <Predicate = true> <Delay = 0.00>
ST_1 : Operation 7 [1/1] (0.00ns)   --->   "%p_read_23 = read i20 @_ssdm_op_Read.ap_auto.i20, i20 %p_read7" [firmware/nnet_utils/nnet_conv_stream.h:241]   --->   Operation 7 'read' 'p_read_23' <Predicate = true> <Delay = 0.00>
ST_1 : Operation 8 [1/1] (0.00ns)   --->   "%p_read_24 = read i20 @_ssdm_op_Read.ap_auto.i20, i20 %p_read6" [firmware/nnet_utils/nnet_conv_stream.h:241]   --->   Operation 8 'read' 'p_read_24' <Predicate = true> <Delay = 0.00>
ST_1 : Operation 9 [1/1] (0.00ns)   --->   "%p_read_25 = read i20 @_ssdm_op_Read.ap_auto.i20, i20 %p_read5" [firmware/nnet_utils/nnet_conv_stream.h:241]   --->   Operation 9 'read' 'p_read_25' <Predicate = true> <Delay = 0.00>
ST_1 : Operation 10 [1/1] (0.00ns)   --->   "%p_read_26 = read i20 @_ssdm_op_Read.ap_auto.i20, i20 %p_read4" [firmware/nnet_utils/nnet_conv_stream.h:241]   --->   Operation 10 'read' 'p_read_26' <Predicate = true> <Delay = 0.00>
ST_1 : Operation 11 [1/1] (0.00ns)   --->   "%p_read_27 = read i20 @_ssdm_op_Read.ap_auto.i20, i20 %p_read3" [firmware/nnet_utils/nnet_conv_stream.h:241]   --->   Operation 11 'read' 'p_read_27' <Predicate = true> <Delay = 0.00>
ST_1 : Operation 12 [1/1] (0.00ns)   --->   "%p_read_28 = read i20 @_ssdm_op_Read.ap_auto.i20, i20 %p_read2" [firmware/nnet_utils/nnet_conv_stream.h:241]   --->   Operation 12 'read' 'p_read_28' <Predicate = true> <Delay = 0.00>
ST_1 : Operation 13 [1/1] (0.00ns)   --->   "%p_read_29 = read i20 @_ssdm_op_Read.ap_auto.i20, i20 %p_read1" [firmware/nnet_utils/nnet_conv_stream.h:241]   --->   Operation 13 'read' 'p_read_29' <Predicate = true> <Delay = 0.00>
ST_1 : Operation 14 [1/1] (0.00ns)   --->   "%p_read_30 = read i20 @_ssdm_op_Read.ap_auto.i20, i20 %p_read" [firmware/nnet_utils/nnet_conv_stream.h:241]   --->   Operation 14 'read' 'p_read_30' <Predicate = true> <Delay = 0.00>
ST_1 : Operation 15 [1/1] (1.61ns)   --->   "%p_i = memshiftread i20 @_ssdm_op_MemShiftRead.[27 x i20]P0A, i20 26, i20 %p_read_30, i1 1" [firmware/nnet_utils/nnet_conv_stream.h:241]   --->   Operation 15 'memshiftread' 'p_i' <Predicate = true> <Delay = 1.61> <CoreInst = "ShiftReg">   --->   Core 76 'ShiftReg' <Latency = 0> <II = 1> <Delay = 1.61> <Storage> <Opcode : 'load' 'memshiftread'> <Ports = 1> <Width = 20> <Depth = 27> <ShiftMem>
ST_1 : Operation 16 [1/1] (1.61ns)   --->   "%p_17_i = memshiftread i20 @_ssdm_op_MemShiftRead.[27 x i20]P0A, i20 26, i20 %p_i, i1 1" [firmware/nnet_utils/nnet_conv_stream.h:241]   --->   Operation 16 'memshiftread' 'p_17_i' <Predicate = true> <Delay = 1.61> <CoreInst = "ShiftReg">   --->   Core 76 'ShiftReg' <Latency = 0> <II = 1> <Delay = 1.61> <Storage> <Opcode : 'load' 'memshiftread'> <Ports = 1> <Width = 20> <Depth = 27> <ShiftMem>
ST_1 : Operation 17 [1/1] (1.61ns)   --->   "%p_18_i = memshiftread i20 @_ssdm_op_MemShiftRead.[27 x i20]P0A, i20 26, i20 %p_read_29, i1 1" [firmware/nnet_utils/nnet_conv_stream.h:241]   --->   Operation 17 'memshiftread' 'p_18_i' <Predicate = true> <Delay = 1.61> <CoreInst = "ShiftReg">   --->   Core 76 'ShiftReg' <Latency = 0> <II = 1> <Delay = 1.61> <Storage> <Opcode : 'load' 'memshiftread'> <Ports = 1> <Width = 20> <Depth = 27> <ShiftMem>
ST_1 : Operation 18 [1/1] (1.61ns)   --->   "%p_19_i = memshiftread i20 @_ssdm_op_MemShiftRead.[27 x i20]P0A, i20 26, i20 %p_18_i, i1 1" [firmware/nnet_utils/nnet_conv_stream.h:241]   --->   Operation 18 'memshiftread' 'p_19_i' <Predicate = true> <Delay = 1.61> <CoreInst = "ShiftReg">   --->   Core 76 'ShiftReg' <Latency = 0> <II = 1> <Delay = 1.61> <Storage> <Opcode : 'load' 'memshiftread'> <Ports = 1> <Width = 20> <Depth = 27> <ShiftMem>
ST_1 : Operation 19 [1/1] (1.61ns)   --->   "%p_20_i = memshiftread i20 @_ssdm_op_MemShiftRead.[27 x i20]P0A, i20 26, i20 %p_read_28, i1 1" [firmware/nnet_utils/nnet_conv_stream.h:241]   --->   Operation 19 'memshiftread' 'p_20_i' <Predicate = true> <Delay = 1.61> <CoreInst = "ShiftReg">   --->   Core 76 'ShiftReg' <Latency = 0> <II = 1> <Delay = 1.61> <Storage> <Opcode : 'load' 'memshiftread'> <Ports = 1> <Width = 20> <Depth = 27> <ShiftMem>
ST_1 : Operation 20 [1/1] (1.61ns)   --->   "%p_21_i = memshiftread i20 @_ssdm_op_MemShiftRead.[27 x i20]P0A, i20 26, i20 %p_20_i, i1 1" [firmware/nnet_utils/nnet_conv_stream.h:241]   --->   Operation 20 'memshiftread' 'p_21_i' <Predicate = true> <Delay = 1.61> <CoreInst = "ShiftReg">   --->   Core 76 'ShiftReg' <Latency = 0> <II = 1> <Delay = 1.61> <Storage> <Opcode : 'load' 'memshiftread'> <Ports = 1> <Width = 20> <Depth = 27> <ShiftMem>
ST_1 : Operation 21 [1/1] (1.61ns)   --->   "%p_22_i = memshiftread i20 @_ssdm_op_MemShiftRead.[27 x i20]P0A, i20 26, i20 %p_read_27, i1 1" [firmware/nnet_utils/nnet_conv_stream.h:241]   --->   Operation 21 'memshiftread' 'p_22_i' <Predicate = true> <Delay = 1.61> <CoreInst = "ShiftReg">   --->   Core 76 'ShiftReg' <Latency = 0> <II = 1> <Delay = 1.61> <Storage> <Opcode : 'load' 'memshiftread'> <Ports = 1> <Width = 20> <Depth = 27> <ShiftMem>
ST_1 : Operation 22 [1/1] (1.61ns)   --->   "%p_23_i = memshiftread i20 @_ssdm_op_MemShiftRead.[27 x i20]P0A, i20 26, i20 %p_22_i, i1 1" [firmware/nnet_utils/nnet_conv_stream.h:241]   --->   Operation 22 'memshiftread' 'p_23_i' <Predicate = true> <Delay = 1.61> <CoreInst = "ShiftReg">   --->   Core 76 'ShiftReg' <Latency = 0> <II = 1> <Delay = 1.61> <Storage> <Opcode : 'load' 'memshiftread'> <Ports = 1> <Width = 20> <Depth = 27> <ShiftMem>
ST_1 : Operation 23 [1/1] (1.61ns)   --->   "%p_24_i = memshiftread i20 @_ssdm_op_MemShiftRead.[27 x i20]P0A, i20 26, i20 %p_read_26, i1 1" [firmware/nnet_utils/nnet_conv_stream.h:241]   --->   Operation 23 'memshiftread' 'p_24_i' <Predicate = true> <Delay = 1.61> <CoreInst = "ShiftReg">   --->   Core 76 'ShiftReg' <Latency = 0> <II = 1> <Delay = 1.61> <Storage> <Opcode : 'load' 'memshiftread'> <Ports = 1> <Width = 20> <Depth = 27> <ShiftMem>
ST_1 : Operation 24 [1/1] (1.61ns)   --->   "%p_25_i = memshiftread i20 @_ssdm_op_MemShiftRead.[27 x i20]P0A, i20 26, i20 %p_24_i, i1 1" [firmware/nnet_utils/nnet_conv_stream.h:241]   --->   Operation 24 'memshiftread' 'p_25_i' <Predicate = true> <Delay = 1.61> <CoreInst = "ShiftReg">   --->   Core 76 'ShiftReg' <Latency = 0> <II = 1> <Delay = 1.61> <Storage> <Opcode : 'load' 'memshiftread'> <Ports = 1> <Width = 20> <Depth = 27> <ShiftMem>
ST_1 : Operation 25 [1/1] (1.61ns)   --->   "%p_26_i = memshiftread i20 @_ssdm_op_MemShiftRead.[27 x i20]P0A, i20 26, i20 %p_read_25, i1 1" [firmware/nnet_utils/nnet_conv_stream.h:241]   --->   Operation 25 'memshiftread' 'p_26_i' <Predicate = true> <Delay = 1.61> <CoreInst = "ShiftReg">   --->   Core 76 'ShiftReg' <Latency = 0> <II = 1> <Delay = 1.61> <Storage> <Opcode : 'load' 'memshiftread'> <Ports = 1> <Width = 20> <Depth = 27> <ShiftMem>
ST_1 : Operation 26 [1/1] (1.61ns)   --->   "%p_27_i = memshiftread i20 @_ssdm_op_MemShiftRead.[27 x i20]P0A, i20 26, i20 %p_26_i, i1 1" [firmware/nnet_utils/nnet_conv_stream.h:241]   --->   Operation 26 'memshiftread' 'p_27_i' <Predicate = true> <Delay = 1.61> <CoreInst = "ShiftReg">   --->   Core 76 'ShiftReg' <Latency = 0> <II = 1> <Delay = 1.61> <Storage> <Opcode : 'load' 'memshiftread'> <Ports = 1> <Width = 20> <Depth = 27> <ShiftMem>
ST_1 : Operation 27 [1/1] (1.61ns)   --->   "%p_28_i = memshiftread i20 @_ssdm_op_MemShiftRead.[27 x i20]P0A, i20 26, i20 %p_read_24, i1 1" [firmware/nnet_utils/nnet_conv_stream.h:241]   --->   Operation 27 'memshiftread' 'p_28_i' <Predicate = true> <Delay = 1.61> <CoreInst = "ShiftReg">   --->   Core 76 'ShiftReg' <Latency = 0> <II = 1> <Delay = 1.61> <Storage> <Opcode : 'load' 'memshiftread'> <Ports = 1> <Width = 20> <Depth = 27> <ShiftMem>
ST_1 : Operation 28 [1/1] (1.61ns)   --->   "%p_29_i = memshiftread i20 @_ssdm_op_MemShiftRead.[27 x i20]P0A, i20 26, i20 %p_28_i, i1 1" [firmware/nnet_utils/nnet_conv_stream.h:241]   --->   Operation 28 'memshiftread' 'p_29_i' <Predicate = true> <Delay = 1.61> <CoreInst = "ShiftReg">   --->   Core 76 'ShiftReg' <Latency = 0> <II = 1> <Delay = 1.61> <Storage> <Opcode : 'load' 'memshiftread'> <Ports = 1> <Width = 20> <Depth = 27> <ShiftMem>
ST_1 : Operation 29 [1/1] (1.61ns)   --->   "%p_30_i = memshiftread i20 @_ssdm_op_MemShiftRead.[27 x i20]P0A, i20 26, i20 %p_read_23, i1 1" [firmware/nnet_utils/nnet_conv_stream.h:241]   --->   Operation 29 'memshiftread' 'p_30_i' <Predicate = true> <Delay = 1.61> <CoreInst = "ShiftReg">   --->   Core 76 'ShiftReg' <Latency = 0> <II = 1> <Delay = 1.61> <Storage> <Opcode : 'load' 'memshiftread'> <Ports = 1> <Width = 20> <Depth = 27> <ShiftMem>
ST_1 : Operation 30 [1/1] (1.61ns)   --->   "%p_31_i = memshiftread i20 @_ssdm_op_MemShiftRead.[27 x i20]P0A, i20 26, i20 %p_30_i, i1 1" [firmware/nnet_utils/nnet_conv_stream.h:241]   --->   Operation 30 'memshiftread' 'p_31_i' <Predicate = true> <Delay = 1.61> <CoreInst = "ShiftReg">   --->   Core 76 'ShiftReg' <Latency = 0> <II = 1> <Delay = 1.61> <Storage> <Opcode : 'load' 'memshiftread'> <Ports = 1> <Width = 20> <Depth = 27> <ShiftMem>
ST_1 : Operation 31 [1/1] (1.61ns)   --->   "%p_32_i = memshiftread i20 @_ssdm_op_MemShiftRead.[27 x i20]P0A, i20 26, i20 %p_read_22, i1 1" [firmware/nnet_utils/nnet_conv_stream.h:241]   --->   Operation 31 'memshiftread' 'p_32_i' <Predicate = true> <Delay = 1.61> <CoreInst = "ShiftReg">   --->   Core 76 'ShiftReg' <Latency = 0> <II = 1> <Delay = 1.61> <Storage> <Opcode : 'load' 'memshiftread'> <Ports = 1> <Width = 20> <Depth = 27> <ShiftMem>
ST_1 : Operation 32 [1/1] (1.61ns)   --->   "%p_33_i = memshiftread i20 @_ssdm_op_MemShiftRead.[27 x i20]P0A, i20 26, i20 %p_32_i, i1 1" [firmware/nnet_utils/nnet_conv_stream.h:241]   --->   Operation 32 'memshiftread' 'p_33_i' <Predicate = true> <Delay = 1.61> <CoreInst = "ShiftReg">   --->   Core 76 'ShiftReg' <Latency = 0> <II = 1> <Delay = 1.61> <Storage> <Opcode : 'load' 'memshiftread'> <Ports = 1> <Width = 20> <Depth = 27> <ShiftMem>
ST_1 : Operation 33 [1/1] (1.61ns)   --->   "%p_34_i = memshiftread i20 @_ssdm_op_MemShiftRead.[27 x i20]P0A, i20 26, i20 %p_read_21, i1 1" [firmware/nnet_utils/nnet_conv_stream.h:241]   --->   Operation 33 'memshiftread' 'p_34_i' <Predicate = true> <Delay = 1.61> <CoreInst = "ShiftReg">   --->   Core 76 'ShiftReg' <Latency = 0> <II = 1> <Delay = 1.61> <Storage> <Opcode : 'load' 'memshiftread'> <Ports = 1> <Width = 20> <Depth = 27> <ShiftMem>
ST_1 : Operation 34 [1/1] (1.61ns)   --->   "%p_35_i = memshiftread i20 @_ssdm_op_MemShiftRead.[27 x i20]P0A, i20 26, i20 %p_34_i, i1 1" [firmware/nnet_utils/nnet_conv_stream.h:241]   --->   Operation 34 'memshiftread' 'p_35_i' <Predicate = true> <Delay = 1.61> <CoreInst = "ShiftReg">   --->   Core 76 'ShiftReg' <Latency = 0> <II = 1> <Delay = 1.61> <Storage> <Opcode : 'load' 'memshiftread'> <Ports = 1> <Width = 20> <Depth = 27> <ShiftMem>
ST_1 : Operation 35 [1/1] (1.61ns)   --->   "%p_36_i = memshiftread i20 @_ssdm_op_MemShiftRead.[27 x i20]P0A, i20 26, i20 %p_read_20, i1 1" [firmware/nnet_utils/nnet_conv_stream.h:241]   --->   Operation 35 'memshiftread' 'p_36_i' <Predicate = true> <Delay = 1.61> <CoreInst = "ShiftReg">   --->   Core 76 'ShiftReg' <Latency = 0> <II = 1> <Delay = 1.61> <Storage> <Opcode : 'load' 'memshiftread'> <Ports = 1> <Width = 20> <Depth = 27> <ShiftMem>
ST_1 : Operation 36 [1/1] (1.61ns)   --->   "%p_37_i = memshiftread i20 @_ssdm_op_MemShiftRead.[27 x i20]P0A, i20 26, i20 %p_36_i, i1 1" [firmware/nnet_utils/nnet_conv_stream.h:241]   --->   Operation 36 'memshiftread' 'p_37_i' <Predicate = true> <Delay = 1.61> <CoreInst = "ShiftReg">   --->   Core 76 'ShiftReg' <Latency = 0> <II = 1> <Delay = 1.61> <Storage> <Opcode : 'load' 'memshiftread'> <Ports = 1> <Width = 20> <Depth = 27> <ShiftMem>
ST_1 : Operation 37 [1/1] (1.61ns)   --->   "%p_38_i = memshiftread i20 @_ssdm_op_MemShiftRead.[27 x i20]P0A, i20 26, i20 %p_read_19, i1 1" [firmware/nnet_utils/nnet_conv_stream.h:241]   --->   Operation 37 'memshiftread' 'p_38_i' <Predicate = true> <Delay = 1.61> <CoreInst = "ShiftReg">   --->   Core 76 'ShiftReg' <Latency = 0> <II = 1> <Delay = 1.61> <Storage> <Opcode : 'load' 'memshiftread'> <Ports = 1> <Width = 20> <Depth = 27> <ShiftMem>
ST_1 : Operation 38 [1/1] (1.61ns)   --->   "%p_0_i = memshiftread i20 @_ssdm_op_MemShiftRead.[27 x i20]P0A, i20 26, i20 %p_38_i, i1 1" [firmware/nnet_utils/nnet_conv_stream.h:241]   --->   Operation 38 'memshiftread' 'p_0_i' <Predicate = true> <Delay = 1.61> <CoreInst = "ShiftReg">   --->   Core 76 'ShiftReg' <Latency = 0> <II = 1> <Delay = 1.61> <Storage> <Opcode : 'load' 'memshiftread'> <Ports = 1> <Width = 20> <Depth = 27> <ShiftMem>
ST_1 : Operation 39 [1/1] (0.00ns)   --->   "%p_ZZN4nnet24compute_output_buffer_2dINS_5arrayI8ap_fixedILi20ELi10EL9ap_q_mode5EL_98 = load i20 %p_ZZN4nnet24compute_output_buffer_2dINS_5arrayI8ap_fixedILi20ELi10EL9ap_q_mode5EL_87" [firmware/nnet_utils/nnet_conv_stream.h:196->firmware/nnet_utils/nnet_conv_stream.h:247]   --->   Operation 39 'load' 'p_ZZN4nnet24compute_output_buffer_2dINS_5arrayI8ap_fixedILi20ELi10EL9ap_q_mode5EL_98' <Predicate = true> <Delay = 0.00>
ST_1 : Operation 40 [1/1] (0.00ns)   --->   "%store_ln196 = store i20 %p_ZZN4nnet24compute_output_buffer_2dINS_5arrayI8ap_fixedILi20ELi10EL9ap_q_mode5EL_98, i20 %void_compute_output_buffer_2d_array_const_ap_shift_reg_n_chan_stream_weig_18" [firmware/nnet_utils/nnet_conv_stream.h:196->firmware/nnet_utils/nnet_conv_stream.h:247]   --->   Operation 40 'store' 'store_ln196' <Predicate = true> <Delay = 0.00>
ST_1 : Operation 41 [1/1] (0.00ns)   --->   "%p_ZZN4nnet24compute_output_buffer_2dINS_5arrayI8ap_fixedILi20ELi10EL9ap_q_mode5EL_99 = load i20 %p_ZZN4nnet24compute_output_buffer_2dINS_5arrayI8ap_fixedILi20ELi10EL9ap_q_mode5EL_86" [firmware/nnet_utils/nnet_conv_stream.h:196->firmware/nnet_utils/nnet_conv_stream.h:247]   --->   Operation 41 'load' 'p_ZZN4nnet24compute_output_buffer_2dINS_5arrayI8ap_fixedILi20ELi10EL9ap_q_mode5EL_99' <Predicate = true> <Delay = 0.00>
ST_1 : Operation 42 [1/1] (0.00ns)   --->   "%store_ln196 = store i20 %p_ZZN4nnet24compute_output_buffer_2dINS_5arrayI8ap_fixedILi20ELi10EL9ap_q_mode5EL_99, i20 %void_compute_output_buffer_2d_array_const_ap_shift_reg_n_chan_stream_weig_17" [firmware/nnet_utils/nnet_conv_stream.h:196->firmware/nnet_utils/nnet_conv_stream.h:247]   --->   Operation 42 'store' 'store_ln196' <Predicate = true> <Delay = 0.00>
ST_1 : Operation 43 [1/1] (0.00ns)   --->   "%p_ZZN4nnet24compute_output_buffer_2dINS_5arrayI8ap_fixedILi20ELi10EL9ap_q_mode5EL_100 = load i20 %p_ZZN4nnet24compute_output_buffer_2dINS_5arrayI8ap_fixedILi20ELi10EL9ap_q_mode5EL_85" [firmware/nnet_utils/nnet_conv_stream.h:196->firmware/nnet_utils/nnet_conv_stream.h:247]   --->   Operation 43 'load' 'p_ZZN4nnet24compute_output_buffer_2dINS_5arrayI8ap_fixedILi20ELi10EL9ap_q_mode5EL_100' <Predicate = true> <Delay = 0.00>
ST_1 : Operation 44 [1/1] (0.00ns)   --->   "%store_ln196 = store i20 %p_ZZN4nnet24compute_output_buffer_2dINS_5arrayI8ap_fixedILi20ELi10EL9ap_q_mode5EL_100, i20 %void_compute_output_buffer_2d_array_const_ap_shift_reg_n_chan_stream_weig_16" [firmware/nnet_utils/nnet_conv_stream.h:196->firmware/nnet_utils/nnet_conv_stream.h:247]   --->   Operation 44 'store' 'store_ln196' <Predicate = true> <Delay = 0.00>
ST_1 : Operation 45 [1/1] (0.00ns)   --->   "%p_ZZN4nnet24compute_output_buffer_2dINS_5arrayI8ap_fixedILi20ELi10EL9ap_q_mode5EL_101 = load i20 %p_ZZN4nnet24compute_output_buffer_2dINS_5arrayI8ap_fixedILi20ELi10EL9ap_q_mode5EL_84" [firmware/nnet_utils/nnet_conv_stream.h:196->firmware/nnet_utils/nnet_conv_stream.h:247]   --->   Operation 45 'load' 'p_ZZN4nnet24compute_output_buffer_2dINS_5arrayI8ap_fixedILi20ELi10EL9ap_q_mode5EL_101' <Predicate = true> <Delay = 0.00>
ST_1 : Operation 46 [1/1] (0.00ns)   --->   "%store_ln196 = store i20 %p_ZZN4nnet24compute_output_buffer_2dINS_5arrayI8ap_fixedILi20ELi10EL9ap_q_mode5EL_101, i20 %void_compute_output_buffer_2d_array_const_ap_shift_reg_n_chan_stream_weig_15" [firmware/nnet_utils/nnet_conv_stream.h:196->firmware/nnet_utils/nnet_conv_stream.h:247]   --->   Operation 46 'store' 'store_ln196' <Predicate = true> <Delay = 0.00>
ST_1 : Operation 47 [1/1] (0.00ns)   --->   "%p_ZZN4nnet24compute_output_buffer_2dINS_5arrayI8ap_fixedILi20ELi10EL9ap_q_mode5EL_102 = load i20 %p_ZZN4nnet24compute_output_buffer_2dINS_5arrayI8ap_fixedILi20ELi10EL9ap_q_mode5EL_83" [firmware/nnet_utils/nnet_conv_stream.h:196->firmware/nnet_utils/nnet_conv_stream.h:247]   --->   Operation 47 'load' 'p_ZZN4nnet24compute_output_buffer_2dINS_5arrayI8ap_fixedILi20ELi10EL9ap_q_mode5EL_102' <Predicate = true> <Delay = 0.00>
ST_1 : Operation 48 [1/1] (0.00ns)   --->   "%store_ln196 = store i20 %p_ZZN4nnet24compute_output_buffer_2dINS_5arrayI8ap_fixedILi20ELi10EL9ap_q_mode5EL_102, i20 %void_compute_output_buffer_2d_array_const_ap_shift_reg_n_chan_stream_weig_14" [firmware/nnet_utils/nnet_conv_stream.h:196->firmware/nnet_utils/nnet_conv_stream.h:247]   --->   Operation 48 'store' 'store_ln196' <Predicate = true> <Delay = 0.00>
ST_1 : Operation 49 [1/1] (0.00ns)   --->   "%p_ZZN4nnet24compute_output_buffer_2dINS_5arrayI8ap_fixedILi20ELi10EL9ap_q_mode5EL_103 = load i20 %p_ZZN4nnet24compute_output_buffer_2dINS_5arrayI8ap_fixedILi20ELi10EL9ap_q_mode5EL_82" [firmware/nnet_utils/nnet_conv_stream.h:196->firmware/nnet_utils/nnet_conv_stream.h:247]   --->   Operation 49 'load' 'p_ZZN4nnet24compute_output_buffer_2dINS_5arrayI8ap_fixedILi20ELi10EL9ap_q_mode5EL_103' <Predicate = true> <Delay = 0.00>
ST_1 : Operation 50 [1/1] (0.00ns)   --->   "%store_ln196 = store i20 %p_ZZN4nnet24compute_output_buffer_2dINS_5arrayI8ap_fixedILi20ELi10EL9ap_q_mode5EL_103, i20 %void_compute_output_buffer_2d_array_const_ap_shift_reg_n_chan_stream_weig_13" [firmware/nnet_utils/nnet_conv_stream.h:196->firmware/nnet_utils/nnet_conv_stream.h:247]   --->   Operation 50 'store' 'store_ln196' <Predicate = true> <Delay = 0.00>
ST_1 : Operation 51 [1/1] (0.00ns)   --->   "%p_ZZN4nnet24compute_output_buffer_2dINS_5arrayI8ap_fixedILi20ELi10EL9ap_q_mode5EL_104 = load i20 %p_ZZN4nnet24compute_output_buffer_2dINS_5arrayI8ap_fixedILi20ELi10EL9ap_q_mode5EL_81" [firmware/nnet_utils/nnet_conv_stream.h:196->firmware/nnet_utils/nnet_conv_stream.h:247]   --->   Operation 51 'load' 'p_ZZN4nnet24compute_output_buffer_2dINS_5arrayI8ap_fixedILi20ELi10EL9ap_q_mode5EL_104' <Predicate = true> <Delay = 0.00>
ST_1 : Operation 52 [1/1] (0.00ns)   --->   "%store_ln196 = store i20 %p_ZZN4nnet24compute_output_buffer_2dINS_5arrayI8ap_fixedILi20ELi10EL9ap_q_mode5EL_104, i20 %void_compute_output_buffer_2d_array_const_ap_shift_reg_n_chan_stream_weig_12" [firmware/nnet_utils/nnet_conv_stream.h:196->firmware/nnet_utils/nnet_conv_stream.h:247]   --->   Operation 52 'store' 'store_ln196' <Predicate = true> <Delay = 0.00>
ST_1 : Operation 53 [1/1] (0.00ns)   --->   "%p_ZZN4nnet24compute_output_buffer_2dINS_5arrayI8ap_fixedILi20ELi10EL9ap_q_mode5EL_105 = load i20 %p_ZZN4nnet24compute_output_buffer_2dINS_5arrayI8ap_fixedILi20ELi10EL9ap_q_mode5EL_80" [firmware/nnet_utils/nnet_conv_stream.h:196->firmware/nnet_utils/nnet_conv_stream.h:247]   --->   Operation 53 'load' 'p_ZZN4nnet24compute_output_buffer_2dINS_5arrayI8ap_fixedILi20ELi10EL9ap_q_mode5EL_105' <Predicate = true> <Delay = 0.00>
ST_1 : Operation 54 [1/1] (0.00ns)   --->   "%store_ln196 = store i20 %p_ZZN4nnet24compute_output_buffer_2dINS_5arrayI8ap_fixedILi20ELi10EL9ap_q_mode5EL_105, i20 %void_compute_output_buffer_2d_array_const_ap_shift_reg_n_chan_stream_weig_11" [firmware/nnet_utils/nnet_conv_stream.h:196->firmware/nnet_utils/nnet_conv_stream.h:247]   --->   Operation 54 'store' 'store_ln196' <Predicate = true> <Delay = 0.00>
ST_1 : Operation 55 [1/1] (0.00ns)   --->   "%p_ZZN4nnet24compute_output_buffer_2dINS_5arrayI8ap_fixedILi20ELi10EL9ap_q_mode5EL_106 = load i20 %p_ZZN4nnet24compute_output_buffer_2dINS_5arrayI8ap_fixedILi20ELi10EL9ap_q_mode5EL_79" [firmware/nnet_utils/nnet_conv_stream.h:196->firmware/nnet_utils/nnet_conv_stream.h:247]   --->   Operation 55 'load' 'p_ZZN4nnet24compute_output_buffer_2dINS_5arrayI8ap_fixedILi20ELi10EL9ap_q_mode5EL_106' <Predicate = true> <Delay = 0.00>
ST_1 : Operation 56 [1/1] (0.00ns)   --->   "%store_ln196 = store i20 %p_ZZN4nnet24compute_output_buffer_2dINS_5arrayI8ap_fixedILi20ELi10EL9ap_q_mode5EL_106, i20 %void_compute_output_buffer_2d_array_const_ap_shift_reg_n_chan_stream_weig_10" [firmware/nnet_utils/nnet_conv_stream.h:196->firmware/nnet_utils/nnet_conv_stream.h:247]   --->   Operation 56 'store' 'store_ln196' <Predicate = true> <Delay = 0.00>
ST_1 : Operation 57 [1/1] (0.00ns)   --->   "%p_ZZN4nnet24compute_output_buffer_2dINS_5arrayI8ap_fixedILi20ELi10EL9ap_q_mode5EL_107 = load i20 %p_ZZN4nnet24compute_output_buffer_2dINS_5arrayI8ap_fixedILi20ELi10EL9ap_q_mode5EL_78" [firmware/nnet_utils/nnet_conv_stream.h:196->firmware/nnet_utils/nnet_conv_stream.h:247]   --->   Operation 57 'load' 'p_ZZN4nnet24compute_output_buffer_2dINS_5arrayI8ap_fixedILi20ELi10EL9ap_q_mode5EL_107' <Predicate = true> <Delay = 0.00>
ST_1 : Operation 58 [1/1] (0.00ns)   --->   "%store_ln196 = store i20 %p_ZZN4nnet24compute_output_buffer_2dINS_5arrayI8ap_fixedILi20ELi10EL9ap_q_mode5EL_107, i20 %void_compute_output_buffer_2d_array_const_ap_shift_reg_n_chan_stream_weig_9" [firmware/nnet_utils/nnet_conv_stream.h:196->firmware/nnet_utils/nnet_conv_stream.h:247]   --->   Operation 58 'store' 'store_ln196' <Predicate = true> <Delay = 0.00>
ST_1 : Operation 59 [1/1] (0.00ns)   --->   "%p_ZZN4nnet24compute_output_buffer_2dINS_5arrayI8ap_fixedILi20ELi10EL9ap_q_mode5EL_108 = load i20 %p_ZZN4nnet24compute_output_buffer_2dINS_5arrayI8ap_fixedILi20ELi10EL9ap_q_mode5EL_77" [firmware/nnet_utils/nnet_conv_stream.h:196->firmware/nnet_utils/nnet_conv_stream.h:247]   --->   Operation 59 'load' 'p_ZZN4nnet24compute_output_buffer_2dINS_5arrayI8ap_fixedILi20ELi10EL9ap_q_mode5EL_108' <Predicate = true> <Delay = 0.00>
ST_1 : Operation 60 [1/1] (0.00ns)   --->   "%store_ln196 = store i20 %p_ZZN4nnet24compute_output_buffer_2dINS_5arrayI8ap_fixedILi20ELi10EL9ap_q_mode5EL_108, i20 %p_ZZN4nnet24compute_output_buffer_2dINS_5arrayI8ap_fixedILi20ELi10EL9ap_q_mode5EL_97" [firmware/nnet_utils/nnet_conv_stream.h:196->firmware/nnet_utils/nnet_conv_stream.h:247]   --->   Operation 60 'store' 'store_ln196' <Predicate = true> <Delay = 0.00>
ST_1 : Operation 61 [1/1] (0.00ns)   --->   "%p_ZZN4nnet24compute_output_buffer_2dINS_5arrayI8ap_fixedILi20ELi10EL9ap_q_mode5EL_109 = load i20 %p_ZZN4nnet24compute_output_buffer_2dINS_5arrayI8ap_fixedILi20ELi10EL9ap_q_mode5EL_76" [firmware/nnet_utils/nnet_conv_stream.h:196->firmware/nnet_utils/nnet_conv_stream.h:247]   --->   Operation 61 'load' 'p_ZZN4nnet24compute_output_buffer_2dINS_5arrayI8ap_fixedILi20ELi10EL9ap_q_mode5EL_109' <Predicate = true> <Delay = 0.00>
ST_1 : Operation 62 [1/1] (0.00ns)   --->   "%store_ln196 = store i20 %p_ZZN4nnet24compute_output_buffer_2dINS_5arrayI8ap_fixedILi20ELi10EL9ap_q_mode5EL_109, i20 %p_ZZN4nnet24compute_output_buffer_2dINS_5arrayI8ap_fixedILi20ELi10EL9ap_q_mode5EL_88" [firmware/nnet_utils/nnet_conv_stream.h:196->firmware/nnet_utils/nnet_conv_stream.h:247]   --->   Operation 62 'store' 'store_ln196' <Predicate = true> <Delay = 0.00>
ST_1 : Operation 63 [1/1] (0.00ns)   --->   "%p_ZZN4nnet24compute_output_buffer_2dINS_5arrayI8ap_fixedILi20ELi10EL9ap_q_mode5EL_110 = load i20 %p_ZZN4nnet24compute_output_buffer_2dINS_5arrayI8ap_fixedILi20ELi10EL9ap_q_mode5EL_51" [firmware/nnet_utils/nnet_conv_stream.h:196->firmware/nnet_utils/nnet_conv_stream.h:247]   --->   Operation 63 'load' 'p_ZZN4nnet24compute_output_buffer_2dINS_5arrayI8ap_fixedILi20ELi10EL9ap_q_mode5EL_110' <Predicate = true> <Delay = 0.00>
ST_1 : Operation 64 [1/1] (0.00ns)   --->   "%store_ln196 = store i20 %p_ZZN4nnet24compute_output_buffer_2dINS_5arrayI8ap_fixedILi20ELi10EL9ap_q_mode5EL_110, i20 %p_ZZN4nnet24compute_output_buffer_2dINS_5arrayI8ap_fixedILi20ELi10EL9ap_q_mode5EL_63" [firmware/nnet_utils/nnet_conv_stream.h:196->firmware/nnet_utils/nnet_conv_stream.h:247]   --->   Operation 64 'store' 'store_ln196' <Predicate = true> <Delay = 0.00>
ST_1 : Operation 65 [1/1] (0.00ns)   --->   "%p_ZZN4nnet24compute_output_buffer_2dINS_5arrayI8ap_fixedILi20ELi10EL9ap_q_mode5EL_111 = load i20 %p_ZZN4nnet24compute_output_buffer_2dINS_5arrayI8ap_fixedILi20ELi10EL9ap_q_mode5EL_50" [firmware/nnet_utils/nnet_conv_stream.h:196->firmware/nnet_utils/nnet_conv_stream.h:247]   --->   Operation 65 'load' 'p_ZZN4nnet24compute_output_buffer_2dINS_5arrayI8ap_fixedILi20ELi10EL9ap_q_mode5EL_111' <Predicate = true> <Delay = 0.00>
ST_1 : Operation 66 [1/1] (0.00ns)   --->   "%store_ln196 = store i20 %p_ZZN4nnet24compute_output_buffer_2dINS_5arrayI8ap_fixedILi20ELi10EL9ap_q_mode5EL_111, i20 %p_ZZN4nnet24compute_output_buffer_2dINS_5arrayI8ap_fixedILi20ELi10EL9ap_q_mode5EL_62" [firmware/nnet_utils/nnet_conv_stream.h:196->firmware/nnet_utils/nnet_conv_stream.h:247]   --->   Operation 66 'store' 'store_ln196' <Predicate = true> <Delay = 0.00>
ST_1 : Operation 67 [1/1] (0.00ns)   --->   "%p_ZZN4nnet24compute_output_buffer_2dINS_5arrayI8ap_fixedILi20ELi10EL9ap_q_mode5EL_112 = load i20 %p_ZZN4nnet24compute_output_buffer_2dINS_5arrayI8ap_fixedILi20ELi10EL9ap_q_mode5EL_49" [firmware/nnet_utils/nnet_conv_stream.h:196->firmware/nnet_utils/nnet_conv_stream.h:247]   --->   Operation 67 'load' 'p_ZZN4nnet24compute_output_buffer_2dINS_5arrayI8ap_fixedILi20ELi10EL9ap_q_mode5EL_112' <Predicate = true> <Delay = 0.00>
ST_1 : Operation 68 [1/1] (0.00ns)   --->   "%store_ln196 = store i20 %p_ZZN4nnet24compute_output_buffer_2dINS_5arrayI8ap_fixedILi20ELi10EL9ap_q_mode5EL_112, i20 %p_ZZN4nnet24compute_output_buffer_2dINS_5arrayI8ap_fixedILi20ELi10EL9ap_q_mode5EL_61" [firmware/nnet_utils/nnet_conv_stream.h:196->firmware/nnet_utils/nnet_conv_stream.h:247]   --->   Operation 68 'store' 'store_ln196' <Predicate = true> <Delay = 0.00>
ST_1 : Operation 69 [1/1] (0.00ns)   --->   "%p_ZZN4nnet24compute_output_buffer_2dINS_5arrayI8ap_fixedILi20ELi10EL9ap_q_mode5EL_113 = load i20 %p_ZZN4nnet24compute_output_buffer_2dINS_5arrayI8ap_fixedILi20ELi10EL9ap_q_mode5EL_48" [firmware/nnet_utils/nnet_conv_stream.h:196->firmware/nnet_utils/nnet_conv_stream.h:247]   --->   Operation 69 'load' 'p_ZZN4nnet24compute_output_buffer_2dINS_5arrayI8ap_fixedILi20ELi10EL9ap_q_mode5EL_113' <Predicate = true> <Delay = 0.00>
ST_1 : Operation 70 [1/1] (0.00ns)   --->   "%store_ln196 = store i20 %p_ZZN4nnet24compute_output_buffer_2dINS_5arrayI8ap_fixedILi20ELi10EL9ap_q_mode5EL_113, i20 %p_ZZN4nnet24compute_output_buffer_2dINS_5arrayI8ap_fixedILi20ELi10EL9ap_q_mode5EL_60" [firmware/nnet_utils/nnet_conv_stream.h:196->firmware/nnet_utils/nnet_conv_stream.h:247]   --->   Operation 70 'store' 'store_ln196' <Predicate = true> <Delay = 0.00>
ST_1 : Operation 71 [1/1] (0.00ns)   --->   "%p_ZZN4nnet24compute_output_buffer_2dINS_5arrayI8ap_fixedILi20ELi10EL9ap_q_mode5EL_114 = load i20 %p_ZZN4nnet24compute_output_buffer_2dINS_5arrayI8ap_fixedILi20ELi10EL9ap_q_mode5EL_47" [firmware/nnet_utils/nnet_conv_stream.h:196->firmware/nnet_utils/nnet_conv_stream.h:247]   --->   Operation 71 'load' 'p_ZZN4nnet24compute_output_buffer_2dINS_5arrayI8ap_fixedILi20ELi10EL9ap_q_mode5EL_114' <Predicate = true> <Delay = 0.00>
ST_1 : Operation 72 [1/1] (0.00ns)   --->   "%store_ln196 = store i20 %p_ZZN4nnet24compute_output_buffer_2dINS_5arrayI8ap_fixedILi20ELi10EL9ap_q_mode5EL_114, i20 %p_ZZN4nnet24compute_output_buffer_2dINS_5arrayI8ap_fixedILi20ELi10EL9ap_q_mode5EL_59" [firmware/nnet_utils/nnet_conv_stream.h:196->firmware/nnet_utils/nnet_conv_stream.h:247]   --->   Operation 72 'store' 'store_ln196' <Predicate = true> <Delay = 0.00>
ST_1 : Operation 73 [1/1] (0.00ns)   --->   "%p_ZZN4nnet24compute_output_buffer_2dINS_5arrayI8ap_fixedILi20ELi10EL9ap_q_mode5EL_115 = load i20 %p_ZZN4nnet24compute_output_buffer_2dINS_5arrayI8ap_fixedILi20ELi10EL9ap_q_mode5EL_46" [firmware/nnet_utils/nnet_conv_stream.h:196->firmware/nnet_utils/nnet_conv_stream.h:247]   --->   Operation 73 'load' 'p_ZZN4nnet24compute_output_buffer_2dINS_5arrayI8ap_fixedILi20ELi10EL9ap_q_mode5EL_115' <Predicate = true> <Delay = 0.00>
ST_1 : Operation 74 [1/1] (0.00ns)   --->   "%store_ln196 = store i20 %p_ZZN4nnet24compute_output_buffer_2dINS_5arrayI8ap_fixedILi20ELi10EL9ap_q_mode5EL_115, i20 %p_ZZN4nnet24compute_output_buffer_2dINS_5arrayI8ap_fixedILi20ELi10EL9ap_q_mode5EL_58" [firmware/nnet_utils/nnet_conv_stream.h:196->firmware/nnet_utils/nnet_conv_stream.h:247]   --->   Operation 74 'store' 'store_ln196' <Predicate = true> <Delay = 0.00>
ST_1 : Operation 75 [1/1] (0.00ns)   --->   "%p_ZZN4nnet24compute_output_buffer_2dINS_5arrayI8ap_fixedILi20ELi10EL9ap_q_mode5EL_116 = load i20 %p_ZZN4nnet24compute_output_buffer_2dINS_5arrayI8ap_fixedILi20ELi10EL9ap_q_mode5EL_45" [firmware/nnet_utils/nnet_conv_stream.h:196->firmware/nnet_utils/nnet_conv_stream.h:247]   --->   Operation 75 'load' 'p_ZZN4nnet24compute_output_buffer_2dINS_5arrayI8ap_fixedILi20ELi10EL9ap_q_mode5EL_116' <Predicate = true> <Delay = 0.00>
ST_1 : Operation 76 [1/1] (0.00ns)   --->   "%store_ln196 = store i20 %p_ZZN4nnet24compute_output_buffer_2dINS_5arrayI8ap_fixedILi20ELi10EL9ap_q_mode5EL_116, i20 %p_ZZN4nnet24compute_output_buffer_2dINS_5arrayI8ap_fixedILi20ELi10EL9ap_q_mode5EL_57" [firmware/nnet_utils/nnet_conv_stream.h:196->firmware/nnet_utils/nnet_conv_stream.h:247]   --->   Operation 76 'store' 'store_ln196' <Predicate = true> <Delay = 0.00>
ST_1 : Operation 77 [1/1] (0.00ns)   --->   "%p_ZZN4nnet24compute_output_buffer_2dINS_5arrayI8ap_fixedILi20ELi10EL9ap_q_mode5EL_117 = load i20 %p_ZZN4nnet24compute_output_buffer_2dINS_5arrayI8ap_fixedILi20ELi10EL9ap_q_mode5EL_44" [firmware/nnet_utils/nnet_conv_stream.h:196->firmware/nnet_utils/nnet_conv_stream.h:247]   --->   Operation 77 'load' 'p_ZZN4nnet24compute_output_buffer_2dINS_5arrayI8ap_fixedILi20ELi10EL9ap_q_mode5EL_117' <Predicate = true> <Delay = 0.00>
ST_1 : Operation 78 [1/1] (0.00ns)   --->   "%store_ln196 = store i20 %p_ZZN4nnet24compute_output_buffer_2dINS_5arrayI8ap_fixedILi20ELi10EL9ap_q_mode5EL_117, i20 %p_ZZN4nnet24compute_output_buffer_2dINS_5arrayI8ap_fixedILi20ELi10EL9ap_q_mode5EL_56" [firmware/nnet_utils/nnet_conv_stream.h:196->firmware/nnet_utils/nnet_conv_stream.h:247]   --->   Operation 78 'store' 'store_ln196' <Predicate = true> <Delay = 0.00>
ST_1 : Operation 79 [1/1] (0.00ns)   --->   "%p_ZZN4nnet24compute_output_buffer_2dINS_5arrayI8ap_fixedILi20ELi10EL9ap_q_mode5EL_118 = load i20 %p_ZZN4nnet24compute_output_buffer_2dINS_5arrayI8ap_fixedILi20ELi10EL9ap_q_mode5EL_43" [firmware/nnet_utils/nnet_conv_stream.h:196->firmware/nnet_utils/nnet_conv_stream.h:247]   --->   Operation 79 'load' 'p_ZZN4nnet24compute_output_buffer_2dINS_5arrayI8ap_fixedILi20ELi10EL9ap_q_mode5EL_118' <Predicate = true> <Delay = 0.00>
ST_1 : Operation 80 [1/1] (0.00ns)   --->   "%store_ln196 = store i20 %p_ZZN4nnet24compute_output_buffer_2dINS_5arrayI8ap_fixedILi20ELi10EL9ap_q_mode5EL_118, i20 %p_ZZN4nnet24compute_output_buffer_2dINS_5arrayI8ap_fixedILi20ELi10EL9ap_q_mode5EL_55" [firmware/nnet_utils/nnet_conv_stream.h:196->firmware/nnet_utils/nnet_conv_stream.h:247]   --->   Operation 80 'store' 'store_ln196' <Predicate = true> <Delay = 0.00>
ST_1 : Operation 81 [1/1] (0.00ns)   --->   "%p_ZZN4nnet24compute_output_buffer_2dINS_5arrayI8ap_fixedILi20ELi10EL9ap_q_mode5EL_119 = load i20 %p_ZZN4nnet24compute_output_buffer_2dINS_5arrayI8ap_fixedILi20ELi10EL9ap_q_mode5EL_42" [firmware/nnet_utils/nnet_conv_stream.h:196->firmware/nnet_utils/nnet_conv_stream.h:247]   --->   Operation 81 'load' 'p_ZZN4nnet24compute_output_buffer_2dINS_5arrayI8ap_fixedILi20ELi10EL9ap_q_mode5EL_119' <Predicate = true> <Delay = 0.00>
ST_1 : Operation 82 [1/1] (0.00ns)   --->   "%store_ln196 = store i20 %p_ZZN4nnet24compute_output_buffer_2dINS_5arrayI8ap_fixedILi20ELi10EL9ap_q_mode5EL_119, i20 %p_ZZN4nnet24compute_output_buffer_2dINS_5arrayI8ap_fixedILi20ELi10EL9ap_q_mode5EL_54" [firmware/nnet_utils/nnet_conv_stream.h:196->firmware/nnet_utils/nnet_conv_stream.h:247]   --->   Operation 82 'store' 'store_ln196' <Predicate = true> <Delay = 0.00>
ST_1 : Operation 83 [1/1] (0.00ns)   --->   "%p_ZZN4nnet24compute_output_buffer_2dINS_5arrayI8ap_fixedILi20ELi10EL9ap_q_mode5EL_120 = load i20 %p_ZZN4nnet24compute_output_buffer_2dINS_5arrayI8ap_fixedILi20ELi10EL9ap_q_mode5EL_41" [firmware/nnet_utils/nnet_conv_stream.h:196->firmware/nnet_utils/nnet_conv_stream.h:247]   --->   Operation 83 'load' 'p_ZZN4nnet24compute_output_buffer_2dINS_5arrayI8ap_fixedILi20ELi10EL9ap_q_mode5EL_120' <Predicate = true> <Delay = 0.00>
ST_1 : Operation 84 [1/1] (0.00ns)   --->   "%store_ln196 = store i20 %p_ZZN4nnet24compute_output_buffer_2dINS_5arrayI8ap_fixedILi20ELi10EL9ap_q_mode5EL_120, i20 %p_ZZN4nnet24compute_output_buffer_2dINS_5arrayI8ap_fixedILi20ELi10EL9ap_q_mode5EL_53" [firmware/nnet_utils/nnet_conv_stream.h:196->firmware/nnet_utils/nnet_conv_stream.h:247]   --->   Operation 84 'store' 'store_ln196' <Predicate = true> <Delay = 0.00>
ST_1 : Operation 85 [1/1] (0.00ns)   --->   "%p_ZZN4nnet24compute_output_buffer_2dINS_5arrayI8ap_fixedILi20ELi10EL9ap_q_mode5EL_121 = load i20 %p_ZZN4nnet24compute_output_buffer_2dINS_5arrayI8ap_fixedILi20ELi10EL9ap_q_mode5EL_40" [firmware/nnet_utils/nnet_conv_stream.h:196->firmware/nnet_utils/nnet_conv_stream.h:247]   --->   Operation 85 'load' 'p_ZZN4nnet24compute_output_buffer_2dINS_5arrayI8ap_fixedILi20ELi10EL9ap_q_mode5EL_121' <Predicate = true> <Delay = 0.00>
ST_1 : Operation 86 [1/1] (0.00ns)   --->   "%store_ln196 = store i20 %p_ZZN4nnet24compute_output_buffer_2dINS_5arrayI8ap_fixedILi20ELi10EL9ap_q_mode5EL_121, i20 %p_ZZN4nnet24compute_output_buffer_2dINS_5arrayI8ap_fixedILi20ELi10EL9ap_q_mode5EL_52" [firmware/nnet_utils/nnet_conv_stream.h:196->firmware/nnet_utils/nnet_conv_stream.h:247]   --->   Operation 86 'store' 'store_ln196' <Predicate = true> <Delay = 0.00>
ST_1 : Operation 87 [1/1] (0.00ns)   --->   "%p_ZZN4nnet24compute_output_buffer_2dINS_5arrayI8ap_fixedILi20ELi10EL9ap_q_mode5EL_122 = load i20 %p_ZZN4nnet24compute_output_buffer_2dINS_5arrayI8ap_fixedILi20ELi10EL9ap_q_mode5EL_15" [firmware/nnet_utils/nnet_conv_stream.h:196->firmware/nnet_utils/nnet_conv_stream.h:247]   --->   Operation 87 'load' 'p_ZZN4nnet24compute_output_buffer_2dINS_5arrayI8ap_fixedILi20ELi10EL9ap_q_mode5EL_122' <Predicate = true> <Delay = 0.00>
ST_1 : Operation 88 [1/1] (0.00ns)   --->   "%store_ln196 = store i20 %p_ZZN4nnet24compute_output_buffer_2dINS_5arrayI8ap_fixedILi20ELi10EL9ap_q_mode5EL_122, i20 %p_ZZN4nnet24compute_output_buffer_2dINS_5arrayI8ap_fixedILi20ELi10EL9ap_q_mode5EL_27" [firmware/nnet_utils/nnet_conv_stream.h:196->firmware/nnet_utils/nnet_conv_stream.h:247]   --->   Operation 88 'store' 'store_ln196' <Predicate = true> <Delay = 0.00>
ST_1 : Operation 89 [1/1] (0.00ns)   --->   "%p_ZZN4nnet24compute_output_buffer_2dINS_5arrayI8ap_fixedILi20ELi10EL9ap_q_mode5EL_123 = load i20 %p_ZZN4nnet24compute_output_buffer_2dINS_5arrayI8ap_fixedILi20ELi10EL9ap_q_mode5EL_14" [firmware/nnet_utils/nnet_conv_stream.h:196->firmware/nnet_utils/nnet_conv_stream.h:247]   --->   Operation 89 'load' 'p_ZZN4nnet24compute_output_buffer_2dINS_5arrayI8ap_fixedILi20ELi10EL9ap_q_mode5EL_123' <Predicate = true> <Delay = 0.00>
ST_1 : Operation 90 [1/1] (0.00ns)   --->   "%store_ln196 = store i20 %p_ZZN4nnet24compute_output_buffer_2dINS_5arrayI8ap_fixedILi20ELi10EL9ap_q_mode5EL_123, i20 %p_ZZN4nnet24compute_output_buffer_2dINS_5arrayI8ap_fixedILi20ELi10EL9ap_q_mode5EL_26" [firmware/nnet_utils/nnet_conv_stream.h:196->firmware/nnet_utils/nnet_conv_stream.h:247]   --->   Operation 90 'store' 'store_ln196' <Predicate = true> <Delay = 0.00>
ST_1 : Operation 91 [1/1] (0.00ns)   --->   "%p_ZZN4nnet24compute_output_buffer_2dINS_5arrayI8ap_fixedILi20ELi10EL9ap_q_mode5EL_124 = load i20 %p_ZZN4nnet24compute_output_buffer_2dINS_5arrayI8ap_fixedILi20ELi10EL9ap_q_mode5EL_13" [firmware/nnet_utils/nnet_conv_stream.h:196->firmware/nnet_utils/nnet_conv_stream.h:247]   --->   Operation 91 'load' 'p_ZZN4nnet24compute_output_buffer_2dINS_5arrayI8ap_fixedILi20ELi10EL9ap_q_mode5EL_124' <Predicate = true> <Delay = 0.00>
ST_1 : Operation 92 [1/1] (0.00ns)   --->   "%store_ln196 = store i20 %p_ZZN4nnet24compute_output_buffer_2dINS_5arrayI8ap_fixedILi20ELi10EL9ap_q_mode5EL_124, i20 %p_ZZN4nnet24compute_output_buffer_2dINS_5arrayI8ap_fixedILi20ELi10EL9ap_q_mode5EL_25" [firmware/nnet_utils/nnet_conv_stream.h:196->firmware/nnet_utils/nnet_conv_stream.h:247]   --->   Operation 92 'store' 'store_ln196' <Predicate = true> <Delay = 0.00>
ST_1 : Operation 93 [1/1] (0.00ns)   --->   "%p_ZZN4nnet24compute_output_buffer_2dINS_5arrayI8ap_fixedILi20ELi10EL9ap_q_mode5EL_125 = load i20 %p_ZZN4nnet24compute_output_buffer_2dINS_5arrayI8ap_fixedILi20ELi10EL9ap_q_mode5EL_12" [firmware/nnet_utils/nnet_conv_stream.h:196->firmware/nnet_utils/nnet_conv_stream.h:247]   --->   Operation 93 'load' 'p_ZZN4nnet24compute_output_buffer_2dINS_5arrayI8ap_fixedILi20ELi10EL9ap_q_mode5EL_125' <Predicate = true> <Delay = 0.00>
ST_1 : Operation 94 [1/1] (0.00ns)   --->   "%store_ln196 = store i20 %p_ZZN4nnet24compute_output_buffer_2dINS_5arrayI8ap_fixedILi20ELi10EL9ap_q_mode5EL_125, i20 %p_ZZN4nnet24compute_output_buffer_2dINS_5arrayI8ap_fixedILi20ELi10EL9ap_q_mode5EL_24" [firmware/nnet_utils/nnet_conv_stream.h:196->firmware/nnet_utils/nnet_conv_stream.h:247]   --->   Operation 94 'store' 'store_ln196' <Predicate = true> <Delay = 0.00>
ST_1 : Operation 95 [1/1] (0.00ns)   --->   "%p_ZZN4nnet24compute_output_buffer_2dINS_5arrayI8ap_fixedILi20ELi10EL9ap_q_mode5EL_126 = load i20 %p_ZZN4nnet24compute_output_buffer_2dINS_5arrayI8ap_fixedILi20ELi10EL9ap_q_mode5EL_11" [firmware/nnet_utils/nnet_conv_stream.h:196->firmware/nnet_utils/nnet_conv_stream.h:247]   --->   Operation 95 'load' 'p_ZZN4nnet24compute_output_buffer_2dINS_5arrayI8ap_fixedILi20ELi10EL9ap_q_mode5EL_126' <Predicate = true> <Delay = 0.00>
ST_1 : Operation 96 [1/1] (0.00ns)   --->   "%store_ln196 = store i20 %p_ZZN4nnet24compute_output_buffer_2dINS_5arrayI8ap_fixedILi20ELi10EL9ap_q_mode5EL_126, i20 %p_ZZN4nnet24compute_output_buffer_2dINS_5arrayI8ap_fixedILi20ELi10EL9ap_q_mode5EL_23" [firmware/nnet_utils/nnet_conv_stream.h:196->firmware/nnet_utils/nnet_conv_stream.h:247]   --->   Operation 96 'store' 'store_ln196' <Predicate = true> <Delay = 0.00>
ST_1 : Operation 97 [1/1] (0.00ns)   --->   "%p_ZZN4nnet24compute_output_buffer_2dINS_5arrayI8ap_fixedILi20ELi10EL9ap_q_mode5EL_127 = load i20 %p_ZZN4nnet24compute_output_buffer_2dINS_5arrayI8ap_fixedILi20ELi10EL9ap_q_mode5EL_10" [firmware/nnet_utils/nnet_conv_stream.h:196->firmware/nnet_utils/nnet_conv_stream.h:247]   --->   Operation 97 'load' 'p_ZZN4nnet24compute_output_buffer_2dINS_5arrayI8ap_fixedILi20ELi10EL9ap_q_mode5EL_127' <Predicate = true> <Delay = 0.00>
ST_1 : Operation 98 [1/1] (0.00ns)   --->   "%store_ln196 = store i20 %p_ZZN4nnet24compute_output_buffer_2dINS_5arrayI8ap_fixedILi20ELi10EL9ap_q_mode5EL_127, i20 %p_ZZN4nnet24compute_output_buffer_2dINS_5arrayI8ap_fixedILi20ELi10EL9ap_q_mode5EL_22" [firmware/nnet_utils/nnet_conv_stream.h:196->firmware/nnet_utils/nnet_conv_stream.h:247]   --->   Operation 98 'store' 'store_ln196' <Predicate = true> <Delay = 0.00>
ST_1 : Operation 99 [1/1] (0.00ns)   --->   "%p_ZZN4nnet24compute_output_buffer_2dINS_5arrayI8ap_fixedILi20ELi10EL9ap_q_mode5EL_128 = load i20 %p_ZZN4nnet24compute_output_buffer_2dINS_5arrayI8ap_fixedILi20ELi10EL9ap_q_mode5EL_9" [firmware/nnet_utils/nnet_conv_stream.h:196->firmware/nnet_utils/nnet_conv_stream.h:247]   --->   Operation 99 'load' 'p_ZZN4nnet24compute_output_buffer_2dINS_5arrayI8ap_fixedILi20ELi10EL9ap_q_mode5EL_128' <Predicate = true> <Delay = 0.00>
ST_1 : Operation 100 [1/1] (0.00ns)   --->   "%store_ln196 = store i20 %p_ZZN4nnet24compute_output_buffer_2dINS_5arrayI8ap_fixedILi20ELi10EL9ap_q_mode5EL_128, i20 %p_ZZN4nnet24compute_output_buffer_2dINS_5arrayI8ap_fixedILi20ELi10EL9ap_q_mode5EL_21" [firmware/nnet_utils/nnet_conv_stream.h:196->firmware/nnet_utils/nnet_conv_stream.h:247]   --->   Operation 100 'store' 'store_ln196' <Predicate = true> <Delay = 0.00>
ST_1 : Operation 101 [1/1] (0.00ns)   --->   "%p_ZZN4nnet24compute_output_buffer_2dINS_5arrayI8ap_fixedILi20ELi10EL9ap_q_mode5EL_129 = load i20 %p_ZZN4nnet24compute_output_buffer_2dINS_5arrayI8ap_fixedILi20ELi10EL9ap_q_mode5EL_8" [firmware/nnet_utils/nnet_conv_stream.h:196->firmware/nnet_utils/nnet_conv_stream.h:247]   --->   Operation 101 'load' 'p_ZZN4nnet24compute_output_buffer_2dINS_5arrayI8ap_fixedILi20ELi10EL9ap_q_mode5EL_129' <Predicate = true> <Delay = 0.00>
ST_1 : Operation 102 [1/1] (0.00ns)   --->   "%store_ln196 = store i20 %p_ZZN4nnet24compute_output_buffer_2dINS_5arrayI8ap_fixedILi20ELi10EL9ap_q_mode5EL_129, i20 %p_ZZN4nnet24compute_output_buffer_2dINS_5arrayI8ap_fixedILi20ELi10EL9ap_q_mode5EL_20" [firmware/nnet_utils/nnet_conv_stream.h:196->firmware/nnet_utils/nnet_conv_stream.h:247]   --->   Operation 102 'store' 'store_ln196' <Predicate = true> <Delay = 0.00>
ST_1 : Operation 103 [1/1] (0.00ns)   --->   "%p_ZZN4nnet24compute_output_buffer_2dINS_5arrayI8ap_fixedILi20ELi10EL9ap_q_mode5EL_130 = load i20 %p_ZZN4nnet24compute_output_buffer_2dINS_5arrayI8ap_fixedILi20ELi10EL9ap_q_mode5EL_7" [firmware/nnet_utils/nnet_conv_stream.h:196->firmware/nnet_utils/nnet_conv_stream.h:247]   --->   Operation 103 'load' 'p_ZZN4nnet24compute_output_buffer_2dINS_5arrayI8ap_fixedILi20ELi10EL9ap_q_mode5EL_130' <Predicate = true> <Delay = 0.00>
ST_1 : Operation 104 [1/1] (0.00ns)   --->   "%store_ln196 = store i20 %p_ZZN4nnet24compute_output_buffer_2dINS_5arrayI8ap_fixedILi20ELi10EL9ap_q_mode5EL_130, i20 %p_ZZN4nnet24compute_output_buffer_2dINS_5arrayI8ap_fixedILi20ELi10EL9ap_q_mode5EL_19" [firmware/nnet_utils/nnet_conv_stream.h:196->firmware/nnet_utils/nnet_conv_stream.h:247]   --->   Operation 104 'store' 'store_ln196' <Predicate = true> <Delay = 0.00>
ST_1 : Operation 105 [1/1] (0.00ns)   --->   "%p_ZZN4nnet24compute_output_buffer_2dINS_5arrayI8ap_fixedILi20ELi10EL9ap_q_mode5EL_131 = load i20 %p_ZZN4nnet24compute_output_buffer_2dINS_5arrayI8ap_fixedILi20ELi10EL9ap_q_mode5EL_6" [firmware/nnet_utils/nnet_conv_stream.h:196->firmware/nnet_utils/nnet_conv_stream.h:247]   --->   Operation 105 'load' 'p_ZZN4nnet24compute_output_buffer_2dINS_5arrayI8ap_fixedILi20ELi10EL9ap_q_mode5EL_131' <Predicate = true> <Delay = 0.00>
ST_1 : Operation 106 [1/1] (0.00ns)   --->   "%store_ln196 = store i20 %p_ZZN4nnet24compute_output_buffer_2dINS_5arrayI8ap_fixedILi20ELi10EL9ap_q_mode5EL_131, i20 %p_ZZN4nnet24compute_output_buffer_2dINS_5arrayI8ap_fixedILi20ELi10EL9ap_q_mode5EL_18" [firmware/nnet_utils/nnet_conv_stream.h:196->firmware/nnet_utils/nnet_conv_stream.h:247]   --->   Operation 106 'store' 'store_ln196' <Predicate = true> <Delay = 0.00>
ST_1 : Operation 107 [1/1] (0.00ns)   --->   "%p_ZZN4nnet24compute_output_buffer_2dINS_5arrayI8ap_fixedILi20ELi10EL9ap_q_mode5EL_132 = load i20 %p_ZZN4nnet24compute_output_buffer_2dINS_5arrayI8ap_fixedILi20ELi10EL9ap_q_mode5EL_5" [firmware/nnet_utils/nnet_conv_stream.h:196->firmware/nnet_utils/nnet_conv_stream.h:247]   --->   Operation 107 'load' 'p_ZZN4nnet24compute_output_buffer_2dINS_5arrayI8ap_fixedILi20ELi10EL9ap_q_mode5EL_132' <Predicate = true> <Delay = 0.00>
ST_1 : Operation 108 [1/1] (0.00ns)   --->   "%store_ln196 = store i20 %p_ZZN4nnet24compute_output_buffer_2dINS_5arrayI8ap_fixedILi20ELi10EL9ap_q_mode5EL_132, i20 %p_ZZN4nnet24compute_output_buffer_2dINS_5arrayI8ap_fixedILi20ELi10EL9ap_q_mode5EL_17" [firmware/nnet_utils/nnet_conv_stream.h:196->firmware/nnet_utils/nnet_conv_stream.h:247]   --->   Operation 108 'store' 'store_ln196' <Predicate = true> <Delay = 0.00>
ST_1 : Operation 109 [1/1] (0.00ns)   --->   "%p_ZZN4nnet24compute_output_buffer_2dINS_5arrayI8ap_fixedILi20ELi10EL9ap_q_mode5EL_133 = load i20 %p_ZZN4nnet24compute_output_buffer_2dINS_5arrayI8ap_fixedILi20ELi10EL9ap_q_mode5EL_4" [firmware/nnet_utils/nnet_conv_stream.h:196->firmware/nnet_utils/nnet_conv_stream.h:247]   --->   Operation 109 'load' 'p_ZZN4nnet24compute_output_buffer_2dINS_5arrayI8ap_fixedILi20ELi10EL9ap_q_mode5EL_133' <Predicate = true> <Delay = 0.00>
ST_1 : Operation 110 [1/1] (0.00ns)   --->   "%store_ln196 = store i20 %p_ZZN4nnet24compute_output_buffer_2dINS_5arrayI8ap_fixedILi20ELi10EL9ap_q_mode5EL_133, i20 %p_ZZN4nnet24compute_output_buffer_2dINS_5arrayI8ap_fixedILi20ELi10EL9ap_q_mode5EL_16" [firmware/nnet_utils/nnet_conv_stream.h:196->firmware/nnet_utils/nnet_conv_stream.h:247]   --->   Operation 110 'store' 'store_ln196' <Predicate = true> <Delay = 0.00>
ST_1 : Operation 111 [1/1] (0.00ns)   --->   "%p_ZZN4nnet24compute_output_buffer_2dINS_5arrayI8ap_fixedILi20ELi10EL9ap_q_mode5EL_134 = load i20 %p_ZZN4nnet24compute_output_buffer_2dINS_5arrayI8ap_fixedILi20ELi10EL9ap_q_mode5EL_75" [firmware/nnet_utils/nnet_conv_stream.h:196->firmware/nnet_utils/nnet_conv_stream.h:247]   --->   Operation 111 'load' 'p_ZZN4nnet24compute_output_buffer_2dINS_5arrayI8ap_fixedILi20ELi10EL9ap_q_mode5EL_134' <Predicate = true> <Delay = 0.00>
ST_1 : Operation 112 [1/1] (0.00ns)   --->   "%store_ln196 = store i20 %p_ZZN4nnet24compute_output_buffer_2dINS_5arrayI8ap_fixedILi20ELi10EL9ap_q_mode5EL_134, i20 %p_ZZN4nnet24compute_output_buffer_2dINS_5arrayI8ap_fixedILi20ELi10EL9ap_q_mode5EL_87" [firmware/nnet_utils/nnet_conv_stream.h:196->firmware/nnet_utils/nnet_conv_stream.h:247]   --->   Operation 112 'store' 'store_ln196' <Predicate = true> <Delay = 0.00>
ST_1 : Operation 113 [1/1] (0.00ns)   --->   "%p_ZZN4nnet24compute_output_buffer_2dINS_5arrayI8ap_fixedILi20ELi10EL9ap_q_mode5EL_135 = load i20 %p_ZZN4nnet24compute_output_buffer_2dINS_5arrayI8ap_fixedILi20ELi10EL9ap_q_mode5EL_74" [firmware/nnet_utils/nnet_conv_stream.h:196->firmware/nnet_utils/nnet_conv_stream.h:247]   --->   Operation 113 'load' 'p_ZZN4nnet24compute_output_buffer_2dINS_5arrayI8ap_fixedILi20ELi10EL9ap_q_mode5EL_135' <Predicate = true> <Delay = 0.00>
ST_1 : Operation 114 [1/1] (0.00ns)   --->   "%store_ln196 = store i20 %p_ZZN4nnet24compute_output_buffer_2dINS_5arrayI8ap_fixedILi20ELi10EL9ap_q_mode5EL_135, i20 %p_ZZN4nnet24compute_output_buffer_2dINS_5arrayI8ap_fixedILi20ELi10EL9ap_q_mode5EL_86" [firmware/nnet_utils/nnet_conv_stream.h:196->firmware/nnet_utils/nnet_conv_stream.h:247]   --->   Operation 114 'store' 'store_ln196' <Predicate = true> <Delay = 0.00>
ST_1 : Operation 115 [1/1] (0.00ns)   --->   "%p_ZZN4nnet24compute_output_buffer_2dINS_5arrayI8ap_fixedILi20ELi10EL9ap_q_mode5EL_136 = load i20 %p_ZZN4nnet24compute_output_buffer_2dINS_5arrayI8ap_fixedILi20ELi10EL9ap_q_mode5EL_73" [firmware/nnet_utils/nnet_conv_stream.h:196->firmware/nnet_utils/nnet_conv_stream.h:247]   --->   Operation 115 'load' 'p_ZZN4nnet24compute_output_buffer_2dINS_5arrayI8ap_fixedILi20ELi10EL9ap_q_mode5EL_136' <Predicate = true> <Delay = 0.00>
ST_1 : Operation 116 [1/1] (0.00ns)   --->   "%store_ln196 = store i20 %p_ZZN4nnet24compute_output_buffer_2dINS_5arrayI8ap_fixedILi20ELi10EL9ap_q_mode5EL_136, i20 %p_ZZN4nnet24compute_output_buffer_2dINS_5arrayI8ap_fixedILi20ELi10EL9ap_q_mode5EL_85" [firmware/nnet_utils/nnet_conv_stream.h:196->firmware/nnet_utils/nnet_conv_stream.h:247]   --->   Operation 116 'store' 'store_ln196' <Predicate = true> <Delay = 0.00>
ST_1 : Operation 117 [1/1] (0.00ns)   --->   "%p_ZZN4nnet24compute_output_buffer_2dINS_5arrayI8ap_fixedILi20ELi10EL9ap_q_mode5EL_137 = load i20 %p_ZZN4nnet24compute_output_buffer_2dINS_5arrayI8ap_fixedILi20ELi10EL9ap_q_mode5EL_72" [firmware/nnet_utils/nnet_conv_stream.h:196->firmware/nnet_utils/nnet_conv_stream.h:247]   --->   Operation 117 'load' 'p_ZZN4nnet24compute_output_buffer_2dINS_5arrayI8ap_fixedILi20ELi10EL9ap_q_mode5EL_137' <Predicate = true> <Delay = 0.00>
ST_1 : Operation 118 [1/1] (0.00ns)   --->   "%store_ln196 = store i20 %p_ZZN4nnet24compute_output_buffer_2dINS_5arrayI8ap_fixedILi20ELi10EL9ap_q_mode5EL_137, i20 %p_ZZN4nnet24compute_output_buffer_2dINS_5arrayI8ap_fixedILi20ELi10EL9ap_q_mode5EL_84" [firmware/nnet_utils/nnet_conv_stream.h:196->firmware/nnet_utils/nnet_conv_stream.h:247]   --->   Operation 118 'store' 'store_ln196' <Predicate = true> <Delay = 0.00>
ST_1 : Operation 119 [1/1] (0.00ns)   --->   "%p_ZZN4nnet24compute_output_buffer_2dINS_5arrayI8ap_fixedILi20ELi10EL9ap_q_mode5EL_138 = load i20 %p_ZZN4nnet24compute_output_buffer_2dINS_5arrayI8ap_fixedILi20ELi10EL9ap_q_mode5EL_71" [firmware/nnet_utils/nnet_conv_stream.h:196->firmware/nnet_utils/nnet_conv_stream.h:247]   --->   Operation 119 'load' 'p_ZZN4nnet24compute_output_buffer_2dINS_5arrayI8ap_fixedILi20ELi10EL9ap_q_mode5EL_138' <Predicate = true> <Delay = 0.00>
ST_1 : Operation 120 [1/1] (0.00ns)   --->   "%store_ln196 = store i20 %p_ZZN4nnet24compute_output_buffer_2dINS_5arrayI8ap_fixedILi20ELi10EL9ap_q_mode5EL_138, i20 %p_ZZN4nnet24compute_output_buffer_2dINS_5arrayI8ap_fixedILi20ELi10EL9ap_q_mode5EL_83" [firmware/nnet_utils/nnet_conv_stream.h:196->firmware/nnet_utils/nnet_conv_stream.h:247]   --->   Operation 120 'store' 'store_ln196' <Predicate = true> <Delay = 0.00>
ST_1 : Operation 121 [1/1] (0.00ns)   --->   "%p_ZZN4nnet24compute_output_buffer_2dINS_5arrayI8ap_fixedILi20ELi10EL9ap_q_mode5EL_139 = load i20 %p_ZZN4nnet24compute_output_buffer_2dINS_5arrayI8ap_fixedILi20ELi10EL9ap_q_mode5EL_70" [firmware/nnet_utils/nnet_conv_stream.h:196->firmware/nnet_utils/nnet_conv_stream.h:247]   --->   Operation 121 'load' 'p_ZZN4nnet24compute_output_buffer_2dINS_5arrayI8ap_fixedILi20ELi10EL9ap_q_mode5EL_139' <Predicate = true> <Delay = 0.00>
ST_1 : Operation 122 [1/1] (0.00ns)   --->   "%store_ln196 = store i20 %p_ZZN4nnet24compute_output_buffer_2dINS_5arrayI8ap_fixedILi20ELi10EL9ap_q_mode5EL_139, i20 %p_ZZN4nnet24compute_output_buffer_2dINS_5arrayI8ap_fixedILi20ELi10EL9ap_q_mode5EL_82" [firmware/nnet_utils/nnet_conv_stream.h:196->firmware/nnet_utils/nnet_conv_stream.h:247]   --->   Operation 122 'store' 'store_ln196' <Predicate = true> <Delay = 0.00>
ST_1 : Operation 123 [1/1] (0.00ns)   --->   "%p_ZZN4nnet24compute_output_buffer_2dINS_5arrayI8ap_fixedILi20ELi10EL9ap_q_mode5EL_140 = load i20 %p_ZZN4nnet24compute_output_buffer_2dINS_5arrayI8ap_fixedILi20ELi10EL9ap_q_mode5EL_69" [firmware/nnet_utils/nnet_conv_stream.h:196->firmware/nnet_utils/nnet_conv_stream.h:247]   --->   Operation 123 'load' 'p_ZZN4nnet24compute_output_buffer_2dINS_5arrayI8ap_fixedILi20ELi10EL9ap_q_mode5EL_140' <Predicate = true> <Delay = 0.00>
ST_1 : Operation 124 [1/1] (0.00ns)   --->   "%store_ln196 = store i20 %p_ZZN4nnet24compute_output_buffer_2dINS_5arrayI8ap_fixedILi20ELi10EL9ap_q_mode5EL_140, i20 %p_ZZN4nnet24compute_output_buffer_2dINS_5arrayI8ap_fixedILi20ELi10EL9ap_q_mode5EL_81" [firmware/nnet_utils/nnet_conv_stream.h:196->firmware/nnet_utils/nnet_conv_stream.h:247]   --->   Operation 124 'store' 'store_ln196' <Predicate = true> <Delay = 0.00>
ST_1 : Operation 125 [1/1] (0.00ns)   --->   "%p_ZZN4nnet24compute_output_buffer_2dINS_5arrayI8ap_fixedILi20ELi10EL9ap_q_mode5EL_141 = load i20 %p_ZZN4nnet24compute_output_buffer_2dINS_5arrayI8ap_fixedILi20ELi10EL9ap_q_mode5EL_68" [firmware/nnet_utils/nnet_conv_stream.h:196->firmware/nnet_utils/nnet_conv_stream.h:247]   --->   Operation 125 'load' 'p_ZZN4nnet24compute_output_buffer_2dINS_5arrayI8ap_fixedILi20ELi10EL9ap_q_mode5EL_141' <Predicate = true> <Delay = 0.00>
ST_1 : Operation 126 [1/1] (0.00ns)   --->   "%store_ln196 = store i20 %p_ZZN4nnet24compute_output_buffer_2dINS_5arrayI8ap_fixedILi20ELi10EL9ap_q_mode5EL_141, i20 %p_ZZN4nnet24compute_output_buffer_2dINS_5arrayI8ap_fixedILi20ELi10EL9ap_q_mode5EL_80" [firmware/nnet_utils/nnet_conv_stream.h:196->firmware/nnet_utils/nnet_conv_stream.h:247]   --->   Operation 126 'store' 'store_ln196' <Predicate = true> <Delay = 0.00>
ST_1 : Operation 127 [1/1] (0.00ns)   --->   "%p_ZZN4nnet24compute_output_buffer_2dINS_5arrayI8ap_fixedILi20ELi10EL9ap_q_mode5EL_142 = load i20 %p_ZZN4nnet24compute_output_buffer_2dINS_5arrayI8ap_fixedILi20ELi10EL9ap_q_mode5EL_67" [firmware/nnet_utils/nnet_conv_stream.h:196->firmware/nnet_utils/nnet_conv_stream.h:247]   --->   Operation 127 'load' 'p_ZZN4nnet24compute_output_buffer_2dINS_5arrayI8ap_fixedILi20ELi10EL9ap_q_mode5EL_142' <Predicate = true> <Delay = 0.00>
ST_1 : Operation 128 [1/1] (0.00ns)   --->   "%store_ln196 = store i20 %p_ZZN4nnet24compute_output_buffer_2dINS_5arrayI8ap_fixedILi20ELi10EL9ap_q_mode5EL_142, i20 %p_ZZN4nnet24compute_output_buffer_2dINS_5arrayI8ap_fixedILi20ELi10EL9ap_q_mode5EL_79" [firmware/nnet_utils/nnet_conv_stream.h:196->firmware/nnet_utils/nnet_conv_stream.h:247]   --->   Operation 128 'store' 'store_ln196' <Predicate = true> <Delay = 0.00>
ST_1 : Operation 129 [1/1] (0.00ns)   --->   "%p_ZZN4nnet24compute_output_buffer_2dINS_5arrayI8ap_fixedILi20ELi10EL9ap_q_mode5EL_143 = load i20 %p_ZZN4nnet24compute_output_buffer_2dINS_5arrayI8ap_fixedILi20ELi10EL9ap_q_mode5EL_66" [firmware/nnet_utils/nnet_conv_stream.h:196->firmware/nnet_utils/nnet_conv_stream.h:247]   --->   Operation 129 'load' 'p_ZZN4nnet24compute_output_buffer_2dINS_5arrayI8ap_fixedILi20ELi10EL9ap_q_mode5EL_143' <Predicate = true> <Delay = 0.00>
ST_1 : Operation 130 [1/1] (0.00ns)   --->   "%store_ln196 = store i20 %p_ZZN4nnet24compute_output_buffer_2dINS_5arrayI8ap_fixedILi20ELi10EL9ap_q_mode5EL_143, i20 %p_ZZN4nnet24compute_output_buffer_2dINS_5arrayI8ap_fixedILi20ELi10EL9ap_q_mode5EL_78" [firmware/nnet_utils/nnet_conv_stream.h:196->firmware/nnet_utils/nnet_conv_stream.h:247]   --->   Operation 130 'store' 'store_ln196' <Predicate = true> <Delay = 0.00>
ST_1 : Operation 131 [1/1] (0.00ns)   --->   "%p_ZZN4nnet24compute_output_buffer_2dINS_5arrayI8ap_fixedILi20ELi10EL9ap_q_mode5EL_144 = load i20 %p_ZZN4nnet24compute_output_buffer_2dINS_5arrayI8ap_fixedILi20ELi10EL9ap_q_mode5EL_65" [firmware/nnet_utils/nnet_conv_stream.h:196->firmware/nnet_utils/nnet_conv_stream.h:247]   --->   Operation 131 'load' 'p_ZZN4nnet24compute_output_buffer_2dINS_5arrayI8ap_fixedILi20ELi10EL9ap_q_mode5EL_144' <Predicate = true> <Delay = 0.00>
ST_1 : Operation 132 [1/1] (0.00ns)   --->   "%store_ln196 = store i20 %p_ZZN4nnet24compute_output_buffer_2dINS_5arrayI8ap_fixedILi20ELi10EL9ap_q_mode5EL_144, i20 %p_ZZN4nnet24compute_output_buffer_2dINS_5arrayI8ap_fixedILi20ELi10EL9ap_q_mode5EL_77" [firmware/nnet_utils/nnet_conv_stream.h:196->firmware/nnet_utils/nnet_conv_stream.h:247]   --->   Operation 132 'store' 'store_ln196' <Predicate = true> <Delay = 0.00>
ST_1 : Operation 133 [1/1] (0.00ns)   --->   "%p_ZZN4nnet24compute_output_buffer_2dINS_5arrayI8ap_fixedILi20ELi10EL9ap_q_mode5EL_145 = load i20 %p_ZZN4nnet24compute_output_buffer_2dINS_5arrayI8ap_fixedILi20ELi10EL9ap_q_mode5EL_64" [firmware/nnet_utils/nnet_conv_stream.h:196->firmware/nnet_utils/nnet_conv_stream.h:247]   --->   Operation 133 'load' 'p_ZZN4nnet24compute_output_buffer_2dINS_5arrayI8ap_fixedILi20ELi10EL9ap_q_mode5EL_145' <Predicate = true> <Delay = 0.00>
ST_1 : Operation 134 [1/1] (0.00ns)   --->   "%store_ln196 = store i20 %p_ZZN4nnet24compute_output_buffer_2dINS_5arrayI8ap_fixedILi20ELi10EL9ap_q_mode5EL_145, i20 %p_ZZN4nnet24compute_output_buffer_2dINS_5arrayI8ap_fixedILi20ELi10EL9ap_q_mode5EL_76" [firmware/nnet_utils/nnet_conv_stream.h:196->firmware/nnet_utils/nnet_conv_stream.h:247]   --->   Operation 134 'store' 'store_ln196' <Predicate = true> <Delay = 0.00>
ST_1 : Operation 135 [1/1] (0.00ns)   --->   "%p_ZZN4nnet24compute_output_buffer_2dINS_5arrayI8ap_fixedILi20ELi10EL9ap_q_mode5EL_146 = load i20 %p_ZZN4nnet24compute_output_buffer_2dINS_5arrayI8ap_fixedILi20ELi10EL9ap_q_mode5EL_39" [firmware/nnet_utils/nnet_conv_stream.h:196->firmware/nnet_utils/nnet_conv_stream.h:247]   --->   Operation 135 'load' 'p_ZZN4nnet24compute_output_buffer_2dINS_5arrayI8ap_fixedILi20ELi10EL9ap_q_mode5EL_146' <Predicate = true> <Delay = 0.00>
ST_1 : Operation 136 [1/1] (0.00ns)   --->   "%store_ln196 = store i20 %p_ZZN4nnet24compute_output_buffer_2dINS_5arrayI8ap_fixedILi20ELi10EL9ap_q_mode5EL_146, i20 %p_ZZN4nnet24compute_output_buffer_2dINS_5arrayI8ap_fixedILi20ELi10EL9ap_q_mode5EL_51" [firmware/nnet_utils/nnet_conv_stream.h:196->firmware/nnet_utils/nnet_conv_stream.h:247]   --->   Operation 136 'store' 'store_ln196' <Predicate = true> <Delay = 0.00>
ST_1 : Operation 137 [1/1] (0.00ns)   --->   "%p_ZZN4nnet24compute_output_buffer_2dINS_5arrayI8ap_fixedILi20ELi10EL9ap_q_mode5EL_147 = load i20 %p_ZZN4nnet24compute_output_buffer_2dINS_5arrayI8ap_fixedILi20ELi10EL9ap_q_mode5EL_38" [firmware/nnet_utils/nnet_conv_stream.h:196->firmware/nnet_utils/nnet_conv_stream.h:247]   --->   Operation 137 'load' 'p_ZZN4nnet24compute_output_buffer_2dINS_5arrayI8ap_fixedILi20ELi10EL9ap_q_mode5EL_147' <Predicate = true> <Delay = 0.00>
ST_1 : Operation 138 [1/1] (0.00ns)   --->   "%store_ln196 = store i20 %p_ZZN4nnet24compute_output_buffer_2dINS_5arrayI8ap_fixedILi20ELi10EL9ap_q_mode5EL_147, i20 %p_ZZN4nnet24compute_output_buffer_2dINS_5arrayI8ap_fixedILi20ELi10EL9ap_q_mode5EL_50" [firmware/nnet_utils/nnet_conv_stream.h:196->firmware/nnet_utils/nnet_conv_stream.h:247]   --->   Operation 138 'store' 'store_ln196' <Predicate = true> <Delay = 0.00>
ST_1 : Operation 139 [1/1] (0.00ns)   --->   "%p_ZZN4nnet24compute_output_buffer_2dINS_5arrayI8ap_fixedILi20ELi10EL9ap_q_mode5EL_148 = load i20 %p_ZZN4nnet24compute_output_buffer_2dINS_5arrayI8ap_fixedILi20ELi10EL9ap_q_mode5EL_37" [firmware/nnet_utils/nnet_conv_stream.h:196->firmware/nnet_utils/nnet_conv_stream.h:247]   --->   Operation 139 'load' 'p_ZZN4nnet24compute_output_buffer_2dINS_5arrayI8ap_fixedILi20ELi10EL9ap_q_mode5EL_148' <Predicate = true> <Delay = 0.00>
ST_1 : Operation 140 [1/1] (0.00ns)   --->   "%store_ln196 = store i20 %p_ZZN4nnet24compute_output_buffer_2dINS_5arrayI8ap_fixedILi20ELi10EL9ap_q_mode5EL_148, i20 %p_ZZN4nnet24compute_output_buffer_2dINS_5arrayI8ap_fixedILi20ELi10EL9ap_q_mode5EL_49" [firmware/nnet_utils/nnet_conv_stream.h:196->firmware/nnet_utils/nnet_conv_stream.h:247]   --->   Operation 140 'store' 'store_ln196' <Predicate = true> <Delay = 0.00>
ST_1 : Operation 141 [1/1] (0.00ns)   --->   "%p_ZZN4nnet24compute_output_buffer_2dINS_5arrayI8ap_fixedILi20ELi10EL9ap_q_mode5EL_149 = load i20 %p_ZZN4nnet24compute_output_buffer_2dINS_5arrayI8ap_fixedILi20ELi10EL9ap_q_mode5EL_36" [firmware/nnet_utils/nnet_conv_stream.h:196->firmware/nnet_utils/nnet_conv_stream.h:247]   --->   Operation 141 'load' 'p_ZZN4nnet24compute_output_buffer_2dINS_5arrayI8ap_fixedILi20ELi10EL9ap_q_mode5EL_149' <Predicate = true> <Delay = 0.00>
ST_1 : Operation 142 [1/1] (0.00ns)   --->   "%store_ln196 = store i20 %p_ZZN4nnet24compute_output_buffer_2dINS_5arrayI8ap_fixedILi20ELi10EL9ap_q_mode5EL_149, i20 %p_ZZN4nnet24compute_output_buffer_2dINS_5arrayI8ap_fixedILi20ELi10EL9ap_q_mode5EL_48" [firmware/nnet_utils/nnet_conv_stream.h:196->firmware/nnet_utils/nnet_conv_stream.h:247]   --->   Operation 142 'store' 'store_ln196' <Predicate = true> <Delay = 0.00>
ST_1 : Operation 143 [1/1] (0.00ns)   --->   "%p_ZZN4nnet24compute_output_buffer_2dINS_5arrayI8ap_fixedILi20ELi10EL9ap_q_mode5EL_150 = load i20 %p_ZZN4nnet24compute_output_buffer_2dINS_5arrayI8ap_fixedILi20ELi10EL9ap_q_mode5EL_35" [firmware/nnet_utils/nnet_conv_stream.h:196->firmware/nnet_utils/nnet_conv_stream.h:247]   --->   Operation 143 'load' 'p_ZZN4nnet24compute_output_buffer_2dINS_5arrayI8ap_fixedILi20ELi10EL9ap_q_mode5EL_150' <Predicate = true> <Delay = 0.00>
ST_1 : Operation 144 [1/1] (0.00ns)   --->   "%store_ln196 = store i20 %p_ZZN4nnet24compute_output_buffer_2dINS_5arrayI8ap_fixedILi20ELi10EL9ap_q_mode5EL_150, i20 %p_ZZN4nnet24compute_output_buffer_2dINS_5arrayI8ap_fixedILi20ELi10EL9ap_q_mode5EL_47" [firmware/nnet_utils/nnet_conv_stream.h:196->firmware/nnet_utils/nnet_conv_stream.h:247]   --->   Operation 144 'store' 'store_ln196' <Predicate = true> <Delay = 0.00>
ST_1 : Operation 145 [1/1] (0.00ns)   --->   "%p_ZZN4nnet24compute_output_buffer_2dINS_5arrayI8ap_fixedILi20ELi10EL9ap_q_mode5EL_151 = load i20 %p_ZZN4nnet24compute_output_buffer_2dINS_5arrayI8ap_fixedILi20ELi10EL9ap_q_mode5EL_34" [firmware/nnet_utils/nnet_conv_stream.h:196->firmware/nnet_utils/nnet_conv_stream.h:247]   --->   Operation 145 'load' 'p_ZZN4nnet24compute_output_buffer_2dINS_5arrayI8ap_fixedILi20ELi10EL9ap_q_mode5EL_151' <Predicate = true> <Delay = 0.00>
ST_1 : Operation 146 [1/1] (0.00ns)   --->   "%store_ln196 = store i20 %p_ZZN4nnet24compute_output_buffer_2dINS_5arrayI8ap_fixedILi20ELi10EL9ap_q_mode5EL_151, i20 %p_ZZN4nnet24compute_output_buffer_2dINS_5arrayI8ap_fixedILi20ELi10EL9ap_q_mode5EL_46" [firmware/nnet_utils/nnet_conv_stream.h:196->firmware/nnet_utils/nnet_conv_stream.h:247]   --->   Operation 146 'store' 'store_ln196' <Predicate = true> <Delay = 0.00>
ST_1 : Operation 147 [1/1] (0.00ns)   --->   "%p_ZZN4nnet24compute_output_buffer_2dINS_5arrayI8ap_fixedILi20ELi10EL9ap_q_mode5EL_152 = load i20 %p_ZZN4nnet24compute_output_buffer_2dINS_5arrayI8ap_fixedILi20ELi10EL9ap_q_mode5EL_33" [firmware/nnet_utils/nnet_conv_stream.h:196->firmware/nnet_utils/nnet_conv_stream.h:247]   --->   Operation 147 'load' 'p_ZZN4nnet24compute_output_buffer_2dINS_5arrayI8ap_fixedILi20ELi10EL9ap_q_mode5EL_152' <Predicate = true> <Delay = 0.00>
ST_1 : Operation 148 [1/1] (0.00ns)   --->   "%store_ln196 = store i20 %p_ZZN4nnet24compute_output_buffer_2dINS_5arrayI8ap_fixedILi20ELi10EL9ap_q_mode5EL_152, i20 %p_ZZN4nnet24compute_output_buffer_2dINS_5arrayI8ap_fixedILi20ELi10EL9ap_q_mode5EL_45" [firmware/nnet_utils/nnet_conv_stream.h:196->firmware/nnet_utils/nnet_conv_stream.h:247]   --->   Operation 148 'store' 'store_ln196' <Predicate = true> <Delay = 0.00>
ST_1 : Operation 149 [1/1] (0.00ns)   --->   "%p_ZZN4nnet24compute_output_buffer_2dINS_5arrayI8ap_fixedILi20ELi10EL9ap_q_mode5EL_153 = load i20 %p_ZZN4nnet24compute_output_buffer_2dINS_5arrayI8ap_fixedILi20ELi10EL9ap_q_mode5EL_32" [firmware/nnet_utils/nnet_conv_stream.h:196->firmware/nnet_utils/nnet_conv_stream.h:247]   --->   Operation 149 'load' 'p_ZZN4nnet24compute_output_buffer_2dINS_5arrayI8ap_fixedILi20ELi10EL9ap_q_mode5EL_153' <Predicate = true> <Delay = 0.00>
ST_1 : Operation 150 [1/1] (0.00ns)   --->   "%store_ln196 = store i20 %p_ZZN4nnet24compute_output_buffer_2dINS_5arrayI8ap_fixedILi20ELi10EL9ap_q_mode5EL_153, i20 %p_ZZN4nnet24compute_output_buffer_2dINS_5arrayI8ap_fixedILi20ELi10EL9ap_q_mode5EL_44" [firmware/nnet_utils/nnet_conv_stream.h:196->firmware/nnet_utils/nnet_conv_stream.h:247]   --->   Operation 150 'store' 'store_ln196' <Predicate = true> <Delay = 0.00>
ST_1 : Operation 151 [1/1] (0.00ns)   --->   "%p_ZZN4nnet24compute_output_buffer_2dINS_5arrayI8ap_fixedILi20ELi10EL9ap_q_mode5EL_154 = load i20 %p_ZZN4nnet24compute_output_buffer_2dINS_5arrayI8ap_fixedILi20ELi10EL9ap_q_mode5EL_31" [firmware/nnet_utils/nnet_conv_stream.h:196->firmware/nnet_utils/nnet_conv_stream.h:247]   --->   Operation 151 'load' 'p_ZZN4nnet24compute_output_buffer_2dINS_5arrayI8ap_fixedILi20ELi10EL9ap_q_mode5EL_154' <Predicate = true> <Delay = 0.00>
ST_1 : Operation 152 [1/1] (0.00ns)   --->   "%store_ln196 = store i20 %p_ZZN4nnet24compute_output_buffer_2dINS_5arrayI8ap_fixedILi20ELi10EL9ap_q_mode5EL_154, i20 %p_ZZN4nnet24compute_output_buffer_2dINS_5arrayI8ap_fixedILi20ELi10EL9ap_q_mode5EL_43" [firmware/nnet_utils/nnet_conv_stream.h:196->firmware/nnet_utils/nnet_conv_stream.h:247]   --->   Operation 152 'store' 'store_ln196' <Predicate = true> <Delay = 0.00>
ST_1 : Operation 153 [1/1] (0.00ns)   --->   "%p_ZZN4nnet24compute_output_buffer_2dINS_5arrayI8ap_fixedILi20ELi10EL9ap_q_mode5EL_155 = load i20 %p_ZZN4nnet24compute_output_buffer_2dINS_5arrayI8ap_fixedILi20ELi10EL9ap_q_mode5EL_30" [firmware/nnet_utils/nnet_conv_stream.h:196->firmware/nnet_utils/nnet_conv_stream.h:247]   --->   Operation 153 'load' 'p_ZZN4nnet24compute_output_buffer_2dINS_5arrayI8ap_fixedILi20ELi10EL9ap_q_mode5EL_155' <Predicate = true> <Delay = 0.00>
ST_1 : Operation 154 [1/1] (0.00ns)   --->   "%store_ln196 = store i20 %p_ZZN4nnet24compute_output_buffer_2dINS_5arrayI8ap_fixedILi20ELi10EL9ap_q_mode5EL_155, i20 %p_ZZN4nnet24compute_output_buffer_2dINS_5arrayI8ap_fixedILi20ELi10EL9ap_q_mode5EL_42" [firmware/nnet_utils/nnet_conv_stream.h:196->firmware/nnet_utils/nnet_conv_stream.h:247]   --->   Operation 154 'store' 'store_ln196' <Predicate = true> <Delay = 0.00>
ST_1 : Operation 155 [1/1] (0.00ns)   --->   "%p_ZZN4nnet24compute_output_buffer_2dINS_5arrayI8ap_fixedILi20ELi10EL9ap_q_mode5EL_156 = load i20 %p_ZZN4nnet24compute_output_buffer_2dINS_5arrayI8ap_fixedILi20ELi10EL9ap_q_mode5EL_29" [firmware/nnet_utils/nnet_conv_stream.h:196->firmware/nnet_utils/nnet_conv_stream.h:247]   --->   Operation 155 'load' 'p_ZZN4nnet24compute_output_buffer_2dINS_5arrayI8ap_fixedILi20ELi10EL9ap_q_mode5EL_156' <Predicate = true> <Delay = 0.00>
ST_1 : Operation 156 [1/1] (0.00ns)   --->   "%store_ln196 = store i20 %p_ZZN4nnet24compute_output_buffer_2dINS_5arrayI8ap_fixedILi20ELi10EL9ap_q_mode5EL_156, i20 %p_ZZN4nnet24compute_output_buffer_2dINS_5arrayI8ap_fixedILi20ELi10EL9ap_q_mode5EL_41" [firmware/nnet_utils/nnet_conv_stream.h:196->firmware/nnet_utils/nnet_conv_stream.h:247]   --->   Operation 156 'store' 'store_ln196' <Predicate = true> <Delay = 0.00>
ST_1 : Operation 157 [1/1] (0.00ns)   --->   "%p_ZZN4nnet24compute_output_buffer_2dINS_5arrayI8ap_fixedILi20ELi10EL9ap_q_mode5EL_157 = load i20 %p_ZZN4nnet24compute_output_buffer_2dINS_5arrayI8ap_fixedILi20ELi10EL9ap_q_mode5EL_28" [firmware/nnet_utils/nnet_conv_stream.h:196->firmware/nnet_utils/nnet_conv_stream.h:247]   --->   Operation 157 'load' 'p_ZZN4nnet24compute_output_buffer_2dINS_5arrayI8ap_fixedILi20ELi10EL9ap_q_mode5EL_157' <Predicate = true> <Delay = 0.00>
ST_1 : Operation 158 [1/1] (0.00ns)   --->   "%store_ln196 = store i20 %p_ZZN4nnet24compute_output_buffer_2dINS_5arrayI8ap_fixedILi20ELi10EL9ap_q_mode5EL_157, i20 %p_ZZN4nnet24compute_output_buffer_2dINS_5arrayI8ap_fixedILi20ELi10EL9ap_q_mode5EL_40" [firmware/nnet_utils/nnet_conv_stream.h:196->firmware/nnet_utils/nnet_conv_stream.h:247]   --->   Operation 158 'store' 'store_ln196' <Predicate = true> <Delay = 0.00>
ST_1 : Operation 159 [1/1] (0.00ns)   --->   "%p_ZZN4nnet24compute_output_buffer_2dINS_5arrayI8ap_fixedILi20ELi10EL9ap_q_mode5EL_158 = load i20 %p_ZZN4nnet24compute_output_buffer_2dINS_5arrayI8ap_fixedILi20ELi10EL9ap_q_mode5EL_3" [firmware/nnet_utils/nnet_conv_stream.h:196->firmware/nnet_utils/nnet_conv_stream.h:247]   --->   Operation 159 'load' 'p_ZZN4nnet24compute_output_buffer_2dINS_5arrayI8ap_fixedILi20ELi10EL9ap_q_mode5EL_158' <Predicate = true> <Delay = 0.00>
ST_1 : Operation 160 [1/1] (0.00ns)   --->   "%store_ln196 = store i20 %p_ZZN4nnet24compute_output_buffer_2dINS_5arrayI8ap_fixedILi20ELi10EL9ap_q_mode5EL_158, i20 %p_ZZN4nnet24compute_output_buffer_2dINS_5arrayI8ap_fixedILi20ELi10EL9ap_q_mode5EL_15" [firmware/nnet_utils/nnet_conv_stream.h:196->firmware/nnet_utils/nnet_conv_stream.h:247]   --->   Operation 160 'store' 'store_ln196' <Predicate = true> <Delay = 0.00>
ST_1 : Operation 161 [1/1] (0.00ns)   --->   "%p_ZZN4nnet24compute_output_buffer_2dINS_5arrayI8ap_fixedILi20ELi10EL9ap_q_mode5EL_159 = load i20 %p_ZZN4nnet24compute_output_buffer_2dINS_5arrayI8ap_fixedILi20ELi10EL9ap_q_mode5EL_2" [firmware/nnet_utils/nnet_conv_stream.h:196->firmware/nnet_utils/nnet_conv_stream.h:247]   --->   Operation 161 'load' 'p_ZZN4nnet24compute_output_buffer_2dINS_5arrayI8ap_fixedILi20ELi10EL9ap_q_mode5EL_159' <Predicate = true> <Delay = 0.00>
ST_1 : Operation 162 [1/1] (0.00ns)   --->   "%store_ln196 = store i20 %p_ZZN4nnet24compute_output_buffer_2dINS_5arrayI8ap_fixedILi20ELi10EL9ap_q_mode5EL_159, i20 %p_ZZN4nnet24compute_output_buffer_2dINS_5arrayI8ap_fixedILi20ELi10EL9ap_q_mode5EL_14" [firmware/nnet_utils/nnet_conv_stream.h:196->firmware/nnet_utils/nnet_conv_stream.h:247]   --->   Operation 162 'store' 'store_ln196' <Predicate = true> <Delay = 0.00>
ST_1 : Operation 163 [1/1] (0.00ns)   --->   "%p_ZZN4nnet24compute_output_buffer_2dINS_5arrayI8ap_fixedILi20ELi10EL9ap_q_mode5EL_160 = load i20 %p_ZZN4nnet24compute_output_buffer_2dINS_5arrayI8ap_fixedILi20ELi10EL9ap_q_mode5EL_1" [firmware/nnet_utils/nnet_conv_stream.h:196->firmware/nnet_utils/nnet_conv_stream.h:247]   --->   Operation 163 'load' 'p_ZZN4nnet24compute_output_buffer_2dINS_5arrayI8ap_fixedILi20ELi10EL9ap_q_mode5EL_160' <Predicate = true> <Delay = 0.00>
ST_1 : Operation 164 [1/1] (0.00ns)   --->   "%store_ln196 = store i20 %p_ZZN4nnet24compute_output_buffer_2dINS_5arrayI8ap_fixedILi20ELi10EL9ap_q_mode5EL_160, i20 %p_ZZN4nnet24compute_output_buffer_2dINS_5arrayI8ap_fixedILi20ELi10EL9ap_q_mode5EL_13" [firmware/nnet_utils/nnet_conv_stream.h:196->firmware/nnet_utils/nnet_conv_stream.h:247]   --->   Operation 164 'store' 'store_ln196' <Predicate = true> <Delay = 0.00>
ST_1 : Operation 165 [1/1] (0.00ns)   --->   "%p_ZZN4nnet24compute_output_buffer_2dINS_5arrayI8ap_fixedILi20ELi10EL9ap_q_mode5EL_161 = load i20 %p_ZZN4nnet24compute_output_buffer_2dINS_5arrayI8ap_fixedILi20ELi10EL9ap_q_mode5EL" [firmware/nnet_utils/nnet_conv_stream.h:196->firmware/nnet_utils/nnet_conv_stream.h:247]   --->   Operation 165 'load' 'p_ZZN4nnet24compute_output_buffer_2dINS_5arrayI8ap_fixedILi20ELi10EL9ap_q_mode5EL_161' <Predicate = true> <Delay = 0.00>
ST_1 : Operation 166 [1/1] (0.00ns)   --->   "%store_ln196 = store i20 %p_ZZN4nnet24compute_output_buffer_2dINS_5arrayI8ap_fixedILi20ELi10EL9ap_q_mode5EL_161, i20 %p_ZZN4nnet24compute_output_buffer_2dINS_5arrayI8ap_fixedILi20ELi10EL9ap_q_mode5EL_12" [firmware/nnet_utils/nnet_conv_stream.h:196->firmware/nnet_utils/nnet_conv_stream.h:247]   --->   Operation 166 'store' 'store_ln196' <Predicate = true> <Delay = 0.00>
ST_1 : Operation 167 [1/1] (0.00ns)   --->   "%p_ZZN4nnet24compute_output_buffer_2dINS_5arrayI8ap_fixedILi20ELi10EL9ap_q_mode5EL_162 = load i20 %p_ZZN4nnet24compute_output_buffer_2dINS_5arrayI8ap_fixedILi20ELi10EL9ap_q_mode5EL_96" [firmware/nnet_utils/nnet_conv_stream.h:196->firmware/nnet_utils/nnet_conv_stream.h:247]   --->   Operation 167 'load' 'p_ZZN4nnet24compute_output_buffer_2dINS_5arrayI8ap_fixedILi20ELi10EL9ap_q_mode5EL_162' <Predicate = true> <Delay = 0.00>
ST_1 : Operation 168 [1/1] (0.00ns)   --->   "%store_ln196 = store i20 %p_ZZN4nnet24compute_output_buffer_2dINS_5arrayI8ap_fixedILi20ELi10EL9ap_q_mode5EL_162, i20 %p_ZZN4nnet24compute_output_buffer_2dINS_5arrayI8ap_fixedILi20ELi10EL9ap_q_mode5EL_11" [firmware/nnet_utils/nnet_conv_stream.h:196->firmware/nnet_utils/nnet_conv_stream.h:247]   --->   Operation 168 'store' 'store_ln196' <Predicate = true> <Delay = 0.00>
ST_1 : Operation 169 [1/1] (0.00ns)   --->   "%p_ZZN4nnet24compute_output_buffer_2dINS_5arrayI8ap_fixedILi20ELi10EL9ap_q_mode5EL_163 = load i20 %p_ZZN4nnet24compute_output_buffer_2dINS_5arrayI8ap_fixedILi20ELi10EL9ap_q_mode5EL_95" [firmware/nnet_utils/nnet_conv_stream.h:196->firmware/nnet_utils/nnet_conv_stream.h:247]   --->   Operation 169 'load' 'p_ZZN4nnet24compute_output_buffer_2dINS_5arrayI8ap_fixedILi20ELi10EL9ap_q_mode5EL_163' <Predicate = true> <Delay = 0.00>
ST_1 : Operation 170 [1/1] (0.00ns)   --->   "%store_ln196 = store i20 %p_ZZN4nnet24compute_output_buffer_2dINS_5arrayI8ap_fixedILi20ELi10EL9ap_q_mode5EL_163, i20 %p_ZZN4nnet24compute_output_buffer_2dINS_5arrayI8ap_fixedILi20ELi10EL9ap_q_mode5EL_10" [firmware/nnet_utils/nnet_conv_stream.h:196->firmware/nnet_utils/nnet_conv_stream.h:247]   --->   Operation 170 'store' 'store_ln196' <Predicate = true> <Delay = 0.00>
ST_1 : Operation 171 [1/1] (0.00ns)   --->   "%p_ZZN4nnet24compute_output_buffer_2dINS_5arrayI8ap_fixedILi20ELi10EL9ap_q_mode5EL_164 = load i20 %p_ZZN4nnet24compute_output_buffer_2dINS_5arrayI8ap_fixedILi20ELi10EL9ap_q_mode5EL_94" [firmware/nnet_utils/nnet_conv_stream.h:196->firmware/nnet_utils/nnet_conv_stream.h:247]   --->   Operation 171 'load' 'p_ZZN4nnet24compute_output_buffer_2dINS_5arrayI8ap_fixedILi20ELi10EL9ap_q_mode5EL_164' <Predicate = true> <Delay = 0.00>
ST_1 : Operation 172 [1/1] (0.00ns)   --->   "%store_ln196 = store i20 %p_ZZN4nnet24compute_output_buffer_2dINS_5arrayI8ap_fixedILi20ELi10EL9ap_q_mode5EL_164, i20 %p_ZZN4nnet24compute_output_buffer_2dINS_5arrayI8ap_fixedILi20ELi10EL9ap_q_mode5EL_9" [firmware/nnet_utils/nnet_conv_stream.h:196->firmware/nnet_utils/nnet_conv_stream.h:247]   --->   Operation 172 'store' 'store_ln196' <Predicate = true> <Delay = 0.00>
ST_1 : Operation 173 [1/1] (0.00ns)   --->   "%p_ZZN4nnet24compute_output_buffer_2dINS_5arrayI8ap_fixedILi20ELi10EL9ap_q_mode5EL_165 = load i20 %p_ZZN4nnet24compute_output_buffer_2dINS_5arrayI8ap_fixedILi20ELi10EL9ap_q_mode5EL_93" [firmware/nnet_utils/nnet_conv_stream.h:196->firmware/nnet_utils/nnet_conv_stream.h:247]   --->   Operation 173 'load' 'p_ZZN4nnet24compute_output_buffer_2dINS_5arrayI8ap_fixedILi20ELi10EL9ap_q_mode5EL_165' <Predicate = true> <Delay = 0.00>
ST_1 : Operation 174 [1/1] (0.00ns)   --->   "%store_ln196 = store i20 %p_ZZN4nnet24compute_output_buffer_2dINS_5arrayI8ap_fixedILi20ELi10EL9ap_q_mode5EL_165, i20 %p_ZZN4nnet24compute_output_buffer_2dINS_5arrayI8ap_fixedILi20ELi10EL9ap_q_mode5EL_8" [firmware/nnet_utils/nnet_conv_stream.h:196->firmware/nnet_utils/nnet_conv_stream.h:247]   --->   Operation 174 'store' 'store_ln196' <Predicate = true> <Delay = 0.00>
ST_1 : Operation 175 [1/1] (0.00ns)   --->   "%p_ZZN4nnet24compute_output_buffer_2dINS_5arrayI8ap_fixedILi20ELi10EL9ap_q_mode5EL_166 = load i20 %p_ZZN4nnet24compute_output_buffer_2dINS_5arrayI8ap_fixedILi20ELi10EL9ap_q_mode5EL_92" [firmware/nnet_utils/nnet_conv_stream.h:196->firmware/nnet_utils/nnet_conv_stream.h:247]   --->   Operation 175 'load' 'p_ZZN4nnet24compute_output_buffer_2dINS_5arrayI8ap_fixedILi20ELi10EL9ap_q_mode5EL_166' <Predicate = true> <Delay = 0.00>
ST_1 : Operation 176 [1/1] (0.00ns)   --->   "%store_ln196 = store i20 %p_ZZN4nnet24compute_output_buffer_2dINS_5arrayI8ap_fixedILi20ELi10EL9ap_q_mode5EL_166, i20 %p_ZZN4nnet24compute_output_buffer_2dINS_5arrayI8ap_fixedILi20ELi10EL9ap_q_mode5EL_7" [firmware/nnet_utils/nnet_conv_stream.h:196->firmware/nnet_utils/nnet_conv_stream.h:247]   --->   Operation 176 'store' 'store_ln196' <Predicate = true> <Delay = 0.00>
ST_1 : Operation 177 [1/1] (0.00ns)   --->   "%p_ZZN4nnet24compute_output_buffer_2dINS_5arrayI8ap_fixedILi20ELi10EL9ap_q_mode5EL_167 = load i20 %p_ZZN4nnet24compute_output_buffer_2dINS_5arrayI8ap_fixedILi20ELi10EL9ap_q_mode5EL_91" [firmware/nnet_utils/nnet_conv_stream.h:196->firmware/nnet_utils/nnet_conv_stream.h:247]   --->   Operation 177 'load' 'p_ZZN4nnet24compute_output_buffer_2dINS_5arrayI8ap_fixedILi20ELi10EL9ap_q_mode5EL_167' <Predicate = true> <Delay = 0.00>
ST_1 : Operation 178 [1/1] (0.00ns)   --->   "%store_ln196 = store i20 %p_ZZN4nnet24compute_output_buffer_2dINS_5arrayI8ap_fixedILi20ELi10EL9ap_q_mode5EL_167, i20 %p_ZZN4nnet24compute_output_buffer_2dINS_5arrayI8ap_fixedILi20ELi10EL9ap_q_mode5EL_6" [firmware/nnet_utils/nnet_conv_stream.h:196->firmware/nnet_utils/nnet_conv_stream.h:247]   --->   Operation 178 'store' 'store_ln196' <Predicate = true> <Delay = 0.00>
ST_1 : Operation 179 [1/1] (0.00ns)   --->   "%p_ZZN4nnet24compute_output_buffer_2dINS_5arrayI8ap_fixedILi20ELi10EL9ap_q_mode5EL_168 = load i20 %p_ZZN4nnet24compute_output_buffer_2dINS_5arrayI8ap_fixedILi20ELi10EL9ap_q_mode5EL_90" [firmware/nnet_utils/nnet_conv_stream.h:196->firmware/nnet_utils/nnet_conv_stream.h:247]   --->   Operation 179 'load' 'p_ZZN4nnet24compute_output_buffer_2dINS_5arrayI8ap_fixedILi20ELi10EL9ap_q_mode5EL_168' <Predicate = true> <Delay = 0.00>
ST_1 : Operation 180 [1/1] (0.00ns)   --->   "%store_ln196 = store i20 %p_ZZN4nnet24compute_output_buffer_2dINS_5arrayI8ap_fixedILi20ELi10EL9ap_q_mode5EL_168, i20 %p_ZZN4nnet24compute_output_buffer_2dINS_5arrayI8ap_fixedILi20ELi10EL9ap_q_mode5EL_5" [firmware/nnet_utils/nnet_conv_stream.h:196->firmware/nnet_utils/nnet_conv_stream.h:247]   --->   Operation 180 'store' 'store_ln196' <Predicate = true> <Delay = 0.00>
ST_1 : Operation 181 [1/1] (0.00ns)   --->   "%p_ZZN4nnet24compute_output_buffer_2dINS_5arrayI8ap_fixedILi20ELi10EL9ap_q_mode5EL_169 = load i20 %p_ZZN4nnet24compute_output_buffer_2dINS_5arrayI8ap_fixedILi20ELi10EL9ap_q_mode5EL_89" [firmware/nnet_utils/nnet_conv_stream.h:196->firmware/nnet_utils/nnet_conv_stream.h:247]   --->   Operation 181 'load' 'p_ZZN4nnet24compute_output_buffer_2dINS_5arrayI8ap_fixedILi20ELi10EL9ap_q_mode5EL_169' <Predicate = true> <Delay = 0.00>
ST_1 : Operation 182 [1/1] (0.00ns)   --->   "%store_ln196 = store i20 %p_ZZN4nnet24compute_output_buffer_2dINS_5arrayI8ap_fixedILi20ELi10EL9ap_q_mode5EL_169, i20 %p_ZZN4nnet24compute_output_buffer_2dINS_5arrayI8ap_fixedILi20ELi10EL9ap_q_mode5EL_4" [firmware/nnet_utils/nnet_conv_stream.h:196->firmware/nnet_utils/nnet_conv_stream.h:247]   --->   Operation 182 'store' 'store_ln196' <Predicate = true> <Delay = 0.00>
ST_1 : Operation 183 [1/1] (0.00ns)   --->   "%store_ln209 = store i20 %p_17_i, i20 %p_ZZN4nnet24compute_output_buffer_2dINS_5arrayI8ap_fixedILi20ELi10EL9ap_q_mode5EL_75" [firmware/nnet_utils/nnet_conv_stream.h:209->firmware/nnet_utils/nnet_conv_stream.h:247]   --->   Operation 183 'store' 'store_ln209' <Predicate = true> <Delay = 0.00>
ST_1 : Operation 184 [1/1] (0.00ns)   --->   "%store_ln209 = store i20 %p_19_i, i20 %p_ZZN4nnet24compute_output_buffer_2dINS_5arrayI8ap_fixedILi20ELi10EL9ap_q_mode5EL_74" [firmware/nnet_utils/nnet_conv_stream.h:209->firmware/nnet_utils/nnet_conv_stream.h:247]   --->   Operation 184 'store' 'store_ln209' <Predicate = true> <Delay = 0.00>
ST_1 : Operation 185 [1/1] (0.00ns)   --->   "%store_ln209 = store i20 %p_21_i, i20 %p_ZZN4nnet24compute_output_buffer_2dINS_5arrayI8ap_fixedILi20ELi10EL9ap_q_mode5EL_73" [firmware/nnet_utils/nnet_conv_stream.h:209->firmware/nnet_utils/nnet_conv_stream.h:247]   --->   Operation 185 'store' 'store_ln209' <Predicate = true> <Delay = 0.00>
ST_1 : Operation 186 [1/1] (0.00ns)   --->   "%store_ln209 = store i20 %p_23_i, i20 %p_ZZN4nnet24compute_output_buffer_2dINS_5arrayI8ap_fixedILi20ELi10EL9ap_q_mode5EL_72" [firmware/nnet_utils/nnet_conv_stream.h:209->firmware/nnet_utils/nnet_conv_stream.h:247]   --->   Operation 186 'store' 'store_ln209' <Predicate = true> <Delay = 0.00>
ST_1 : Operation 187 [1/1] (0.00ns)   --->   "%store_ln209 = store i20 %p_25_i, i20 %p_ZZN4nnet24compute_output_buffer_2dINS_5arrayI8ap_fixedILi20ELi10EL9ap_q_mode5EL_71" [firmware/nnet_utils/nnet_conv_stream.h:209->firmware/nnet_utils/nnet_conv_stream.h:247]   --->   Operation 187 'store' 'store_ln209' <Predicate = true> <Delay = 0.00>
ST_1 : Operation 188 [1/1] (0.00ns)   --->   "%store_ln209 = store i20 %p_27_i, i20 %p_ZZN4nnet24compute_output_buffer_2dINS_5arrayI8ap_fixedILi20ELi10EL9ap_q_mode5EL_70" [firmware/nnet_utils/nnet_conv_stream.h:209->firmware/nnet_utils/nnet_conv_stream.h:247]   --->   Operation 188 'store' 'store_ln209' <Predicate = true> <Delay = 0.00>
ST_1 : Operation 189 [1/1] (0.00ns)   --->   "%store_ln209 = store i20 %p_29_i, i20 %p_ZZN4nnet24compute_output_buffer_2dINS_5arrayI8ap_fixedILi20ELi10EL9ap_q_mode5EL_69" [firmware/nnet_utils/nnet_conv_stream.h:209->firmware/nnet_utils/nnet_conv_stream.h:247]   --->   Operation 189 'store' 'store_ln209' <Predicate = true> <Delay = 0.00>
ST_1 : Operation 190 [1/1] (0.00ns)   --->   "%store_ln209 = store i20 %p_31_i, i20 %p_ZZN4nnet24compute_output_buffer_2dINS_5arrayI8ap_fixedILi20ELi10EL9ap_q_mode5EL_68" [firmware/nnet_utils/nnet_conv_stream.h:209->firmware/nnet_utils/nnet_conv_stream.h:247]   --->   Operation 190 'store' 'store_ln209' <Predicate = true> <Delay = 0.00>
ST_1 : Operation 191 [1/1] (0.00ns)   --->   "%store_ln209 = store i20 %p_33_i, i20 %p_ZZN4nnet24compute_output_buffer_2dINS_5arrayI8ap_fixedILi20ELi10EL9ap_q_mode5EL_67" [firmware/nnet_utils/nnet_conv_stream.h:209->firmware/nnet_utils/nnet_conv_stream.h:247]   --->   Operation 191 'store' 'store_ln209' <Predicate = true> <Delay = 0.00>
ST_1 : Operation 192 [1/1] (0.00ns)   --->   "%store_ln209 = store i20 %p_35_i, i20 %p_ZZN4nnet24compute_output_buffer_2dINS_5arrayI8ap_fixedILi20ELi10EL9ap_q_mode5EL_66" [firmware/nnet_utils/nnet_conv_stream.h:209->firmware/nnet_utils/nnet_conv_stream.h:247]   --->   Operation 192 'store' 'store_ln209' <Predicate = true> <Delay = 0.00>
ST_1 : Operation 193 [1/1] (0.00ns)   --->   "%store_ln209 = store i20 %p_37_i, i20 %p_ZZN4nnet24compute_output_buffer_2dINS_5arrayI8ap_fixedILi20ELi10EL9ap_q_mode5EL_65" [firmware/nnet_utils/nnet_conv_stream.h:209->firmware/nnet_utils/nnet_conv_stream.h:247]   --->   Operation 193 'store' 'store_ln209' <Predicate = true> <Delay = 0.00>
ST_1 : Operation 194 [1/1] (0.00ns)   --->   "%store_ln209 = store i20 %p_0_i, i20 %p_ZZN4nnet24compute_output_buffer_2dINS_5arrayI8ap_fixedILi20ELi10EL9ap_q_mode5EL_64" [firmware/nnet_utils/nnet_conv_stream.h:209->firmware/nnet_utils/nnet_conv_stream.h:247]   --->   Operation 194 'store' 'store_ln209' <Predicate = true> <Delay = 0.00>
ST_1 : Operation 195 [1/1] (0.00ns)   --->   "%store_ln209 = store i20 %p_i, i20 %p_ZZN4nnet24compute_output_buffer_2dINS_5arrayI8ap_fixedILi20ELi10EL9ap_q_mode5EL_39" [firmware/nnet_utils/nnet_conv_stream.h:209->firmware/nnet_utils/nnet_conv_stream.h:247]   --->   Operation 195 'store' 'store_ln209' <Predicate = true> <Delay = 0.00>
ST_1 : Operation 196 [1/1] (0.00ns)   --->   "%store_ln209 = store i20 %p_18_i, i20 %p_ZZN4nnet24compute_output_buffer_2dINS_5arrayI8ap_fixedILi20ELi10EL9ap_q_mode5EL_38" [firmware/nnet_utils/nnet_conv_stream.h:209->firmware/nnet_utils/nnet_conv_stream.h:247]   --->   Operation 196 'store' 'store_ln209' <Predicate = true> <Delay = 0.00>
ST_1 : Operation 197 [1/1] (0.00ns)   --->   "%store_ln209 = store i20 %p_20_i, i20 %p_ZZN4nnet24compute_output_buffer_2dINS_5arrayI8ap_fixedILi20ELi10EL9ap_q_mode5EL_37" [firmware/nnet_utils/nnet_conv_stream.h:209->firmware/nnet_utils/nnet_conv_stream.h:247]   --->   Operation 197 'store' 'store_ln209' <Predicate = true> <Delay = 0.00>
ST_1 : Operation 198 [1/1] (0.00ns)   --->   "%store_ln209 = store i20 %p_22_i, i20 %p_ZZN4nnet24compute_output_buffer_2dINS_5arrayI8ap_fixedILi20ELi10EL9ap_q_mode5EL_36" [firmware/nnet_utils/nnet_conv_stream.h:209->firmware/nnet_utils/nnet_conv_stream.h:247]   --->   Operation 198 'store' 'store_ln209' <Predicate = true> <Delay = 0.00>
ST_1 : Operation 199 [1/1] (0.00ns)   --->   "%store_ln209 = store i20 %p_24_i, i20 %p_ZZN4nnet24compute_output_buffer_2dINS_5arrayI8ap_fixedILi20ELi10EL9ap_q_mode5EL_35" [firmware/nnet_utils/nnet_conv_stream.h:209->firmware/nnet_utils/nnet_conv_stream.h:247]   --->   Operation 199 'store' 'store_ln209' <Predicate = true> <Delay = 0.00>
ST_1 : Operation 200 [1/1] (0.00ns)   --->   "%store_ln209 = store i20 %p_26_i, i20 %p_ZZN4nnet24compute_output_buffer_2dINS_5arrayI8ap_fixedILi20ELi10EL9ap_q_mode5EL_34" [firmware/nnet_utils/nnet_conv_stream.h:209->firmware/nnet_utils/nnet_conv_stream.h:247]   --->   Operation 200 'store' 'store_ln209' <Predicate = true> <Delay = 0.00>
ST_1 : Operation 201 [1/1] (0.00ns)   --->   "%store_ln209 = store i20 %p_28_i, i20 %p_ZZN4nnet24compute_output_buffer_2dINS_5arrayI8ap_fixedILi20ELi10EL9ap_q_mode5EL_33" [firmware/nnet_utils/nnet_conv_stream.h:209->firmware/nnet_utils/nnet_conv_stream.h:247]   --->   Operation 201 'store' 'store_ln209' <Predicate = true> <Delay = 0.00>
ST_1 : Operation 202 [1/1] (0.00ns)   --->   "%store_ln209 = store i20 %p_30_i, i20 %p_ZZN4nnet24compute_output_buffer_2dINS_5arrayI8ap_fixedILi20ELi10EL9ap_q_mode5EL_32" [firmware/nnet_utils/nnet_conv_stream.h:209->firmware/nnet_utils/nnet_conv_stream.h:247]   --->   Operation 202 'store' 'store_ln209' <Predicate = true> <Delay = 0.00>
ST_1 : Operation 203 [1/1] (0.00ns)   --->   "%store_ln209 = store i20 %p_32_i, i20 %p_ZZN4nnet24compute_output_buffer_2dINS_5arrayI8ap_fixedILi20ELi10EL9ap_q_mode5EL_31" [firmware/nnet_utils/nnet_conv_stream.h:209->firmware/nnet_utils/nnet_conv_stream.h:247]   --->   Operation 203 'store' 'store_ln209' <Predicate = true> <Delay = 0.00>
ST_1 : Operation 204 [1/1] (0.00ns)   --->   "%store_ln209 = store i20 %p_34_i, i20 %p_ZZN4nnet24compute_output_buffer_2dINS_5arrayI8ap_fixedILi20ELi10EL9ap_q_mode5EL_30" [firmware/nnet_utils/nnet_conv_stream.h:209->firmware/nnet_utils/nnet_conv_stream.h:247]   --->   Operation 204 'store' 'store_ln209' <Predicate = true> <Delay = 0.00>
ST_1 : Operation 205 [1/1] (0.00ns)   --->   "%store_ln209 = store i20 %p_36_i, i20 %p_ZZN4nnet24compute_output_buffer_2dINS_5arrayI8ap_fixedILi20ELi10EL9ap_q_mode5EL_29" [firmware/nnet_utils/nnet_conv_stream.h:209->firmware/nnet_utils/nnet_conv_stream.h:247]   --->   Operation 205 'store' 'store_ln209' <Predicate = true> <Delay = 0.00>
ST_1 : Operation 206 [1/1] (0.00ns)   --->   "%store_ln209 = store i20 %p_38_i, i20 %p_ZZN4nnet24compute_output_buffer_2dINS_5arrayI8ap_fixedILi20ELi10EL9ap_q_mode5EL_28" [firmware/nnet_utils/nnet_conv_stream.h:209->firmware/nnet_utils/nnet_conv_stream.h:247]   --->   Operation 206 'store' 'store_ln209' <Predicate = true> <Delay = 0.00>
ST_1 : Operation 207 [1/1] (0.00ns)   --->   "%store_ln209 = store i20 %p_read_30, i20 %p_ZZN4nnet24compute_output_buffer_2dINS_5arrayI8ap_fixedILi20ELi10EL9ap_q_mode5EL_3" [firmware/nnet_utils/nnet_conv_stream.h:209->firmware/nnet_utils/nnet_conv_stream.h:247]   --->   Operation 207 'store' 'store_ln209' <Predicate = true> <Delay = 0.00>
ST_1 : Operation 208 [1/1] (0.00ns)   --->   "%store_ln209 = store i20 %p_read_29, i20 %p_ZZN4nnet24compute_output_buffer_2dINS_5arrayI8ap_fixedILi20ELi10EL9ap_q_mode5EL_2" [firmware/nnet_utils/nnet_conv_stream.h:209->firmware/nnet_utils/nnet_conv_stream.h:247]   --->   Operation 208 'store' 'store_ln209' <Predicate = true> <Delay = 0.00>
ST_1 : Operation 209 [1/1] (0.00ns)   --->   "%store_ln209 = store i20 %p_read_28, i20 %p_ZZN4nnet24compute_output_buffer_2dINS_5arrayI8ap_fixedILi20ELi10EL9ap_q_mode5EL_1" [firmware/nnet_utils/nnet_conv_stream.h:209->firmware/nnet_utils/nnet_conv_stream.h:247]   --->   Operation 209 'store' 'store_ln209' <Predicate = true> <Delay = 0.00>
ST_1 : Operation 210 [1/1] (0.00ns)   --->   "%store_ln209 = store i20 %p_read_27, i20 %p_ZZN4nnet24compute_output_buffer_2dINS_5arrayI8ap_fixedILi20ELi10EL9ap_q_mode5EL" [firmware/nnet_utils/nnet_conv_stream.h:209->firmware/nnet_utils/nnet_conv_stream.h:247]   --->   Operation 210 'store' 'store_ln209' <Predicate = true> <Delay = 0.00>
ST_1 : Operation 211 [1/1] (0.00ns)   --->   "%store_ln209 = store i20 %p_read_26, i20 %p_ZZN4nnet24compute_output_buffer_2dINS_5arrayI8ap_fixedILi20ELi10EL9ap_q_mode5EL_96" [firmware/nnet_utils/nnet_conv_stream.h:209->firmware/nnet_utils/nnet_conv_stream.h:247]   --->   Operation 211 'store' 'store_ln209' <Predicate = true> <Delay = 0.00>
ST_1 : Operation 212 [1/1] (0.00ns)   --->   "%store_ln209 = store i20 %p_read_25, i20 %p_ZZN4nnet24compute_output_buffer_2dINS_5arrayI8ap_fixedILi20ELi10EL9ap_q_mode5EL_95" [firmware/nnet_utils/nnet_conv_stream.h:209->firmware/nnet_utils/nnet_conv_stream.h:247]   --->   Operation 212 'store' 'store_ln209' <Predicate = true> <Delay = 0.00>
ST_1 : Operation 213 [1/1] (0.00ns)   --->   "%store_ln209 = store i20 %p_read_24, i20 %p_ZZN4nnet24compute_output_buffer_2dINS_5arrayI8ap_fixedILi20ELi10EL9ap_q_mode5EL_94" [firmware/nnet_utils/nnet_conv_stream.h:209->firmware/nnet_utils/nnet_conv_stream.h:247]   --->   Operation 213 'store' 'store_ln209' <Predicate = true> <Delay = 0.00>
ST_1 : Operation 214 [1/1] (0.00ns)   --->   "%store_ln209 = store i20 %p_read_23, i20 %p_ZZN4nnet24compute_output_buffer_2dINS_5arrayI8ap_fixedILi20ELi10EL9ap_q_mode5EL_93" [firmware/nnet_utils/nnet_conv_stream.h:209->firmware/nnet_utils/nnet_conv_stream.h:247]   --->   Operation 214 'store' 'store_ln209' <Predicate = true> <Delay = 0.00>
ST_1 : Operation 215 [1/1] (0.00ns)   --->   "%store_ln209 = store i20 %p_read_22, i20 %p_ZZN4nnet24compute_output_buffer_2dINS_5arrayI8ap_fixedILi20ELi10EL9ap_q_mode5EL_92" [firmware/nnet_utils/nnet_conv_stream.h:209->firmware/nnet_utils/nnet_conv_stream.h:247]   --->   Operation 215 'store' 'store_ln209' <Predicate = true> <Delay = 0.00>
ST_1 : Operation 216 [1/1] (0.00ns)   --->   "%store_ln209 = store i20 %p_read_21, i20 %p_ZZN4nnet24compute_output_buffer_2dINS_5arrayI8ap_fixedILi20ELi10EL9ap_q_mode5EL_91" [firmware/nnet_utils/nnet_conv_stream.h:209->firmware/nnet_utils/nnet_conv_stream.h:247]   --->   Operation 216 'store' 'store_ln209' <Predicate = true> <Delay = 0.00>
ST_1 : Operation 217 [1/1] (0.00ns)   --->   "%store_ln209 = store i20 %p_read_20, i20 %p_ZZN4nnet24compute_output_buffer_2dINS_5arrayI8ap_fixedILi20ELi10EL9ap_q_mode5EL_90" [firmware/nnet_utils/nnet_conv_stream.h:209->firmware/nnet_utils/nnet_conv_stream.h:247]   --->   Operation 217 'store' 'store_ln209' <Predicate = true> <Delay = 0.00>
ST_1 : Operation 218 [1/1] (0.00ns)   --->   "%store_ln209 = store i20 %p_read_19, i20 %p_ZZN4nnet24compute_output_buffer_2dINS_5arrayI8ap_fixedILi20ELi10EL9ap_q_mode5EL_89" [firmware/nnet_utils/nnet_conv_stream.h:209->firmware/nnet_utils/nnet_conv_stream.h:247]   --->   Operation 218 'store' 'store_ln209' <Predicate = true> <Delay = 0.00>
ST_1 : Operation 219 [1/1] (0.00ns)   --->   "%ret_ln232 = ret" [firmware/nnet_utils/nnet_conv_stream.h:232]   --->   Operation 219 'ret' 'ret_ln232' <Predicate = true> <Delay = 0.00>


============================================================
+ Verbose Summary: Binding
============================================================
STG Binding: 
---------------- STG Properties BEGIN ----------------
- Is combinational: 0
- Is one-state seq: 1
- Is datapath-only: 0
- Is pipelined: 1
- Is top level: 0
Port [ Return ] is wired: 1; IO mode=ap_ctrl_hs:ce=0
Port [ p_read]:  wired=1; compound=0; hidden=0; nouse=0; global=0; static=0; extern=0; dir=0; type=0; pingpong=0; private_global=0; IO mode=ap_none:ce=0
Port [ p_read1]:  wired=1; compound=0; hidden=0; nouse=0; global=0; static=0; extern=0; dir=0; type=0; pingpong=0; private_global=0; IO mode=ap_none:ce=0
Port [ p_read2]:  wired=1; compound=0; hidden=0; nouse=0; global=0; static=0; extern=0; dir=0; type=0; pingpong=0; private_global=0; IO mode=ap_none:ce=0
Port [ p_read3]:  wired=1; compound=0; hidden=0; nouse=0; global=0; static=0; extern=0; dir=0; type=0; pingpong=0; private_global=0; IO mode=ap_none:ce=0
Port [ p_read4]:  wired=1; compound=0; hidden=0; nouse=0; global=0; static=0; extern=0; dir=0; type=0; pingpong=0; private_global=0; IO mode=ap_none:ce=0
Port [ p_read5]:  wired=1; compound=0; hidden=0; nouse=0; global=0; static=0; extern=0; dir=0; type=0; pingpong=0; private_global=0; IO mode=ap_none:ce=0
Port [ p_read6]:  wired=1; compound=0; hidden=0; nouse=0; global=0; static=0; extern=0; dir=0; type=0; pingpong=0; private_global=0; IO mode=ap_none:ce=0
Port [ p_read7]:  wired=1; compound=0; hidden=0; nouse=0; global=0; static=0; extern=0; dir=0; type=0; pingpong=0; private_global=0; IO mode=ap_none:ce=0
Port [ p_read8]:  wired=1; compound=0; hidden=0; nouse=0; global=0; static=0; extern=0; dir=0; type=0; pingpong=0; private_global=0; IO mode=ap_none:ce=0
Port [ p_read9]:  wired=1; compound=0; hidden=0; nouse=0; global=0; static=0; extern=0; dir=0; type=0; pingpong=0; private_global=0; IO mode=ap_none:ce=0
Port [ p_read10]:  wired=1; compound=0; hidden=0; nouse=0; global=0; static=0; extern=0; dir=0; type=0; pingpong=0; private_global=0; IO mode=ap_none:ce=0
Port [ p_read11]:  wired=1; compound=0; hidden=0; nouse=0; global=0; static=0; extern=0; dir=0; type=0; pingpong=0; private_global=0; IO mode=ap_none:ce=0
Port [ p_ZZN4nnet24compute_output_buffer_2dINS_5arrayI8ap_fixedILi20ELi10EL9ap_q_mode5EL_87]:  wired=1; compound=0; hidden=0; nouse=0; global=1; static=1; extern=0; dir=2; type=0; pingpong=0; private_global=0; IO mode=ap_ovld:ce=0
Port [ void_compute_output_buffer_2d_array_const_ap_shift_reg_n_chan_stream_weig_18]:  wired=1; compound=0; hidden=0; nouse=0; global=1; static=1; extern=0; dir=1; type=0; pingpong=0; private_global=0; IO mode=ap_vld:ce=0
Port [ p_ZZN4nnet24compute_output_buffer_2dINS_5arrayI8ap_fixedILi20ELi10EL9ap_q_mode5EL_86]:  wired=1; compound=0; hidden=0; nouse=0; global=1; static=1; extern=0; dir=2; type=0; pingpong=0; private_global=0; IO mode=ap_ovld:ce=0
Port [ void_compute_output_buffer_2d_array_const_ap_shift_reg_n_chan_stream_weig_17]:  wired=1; compound=0; hidden=0; nouse=0; global=1; static=1; extern=0; dir=1; type=0; pingpong=0; private_global=0; IO mode=ap_vld:ce=0
Port [ p_ZZN4nnet24compute_output_buffer_2dINS_5arrayI8ap_fixedILi20ELi10EL9ap_q_mode5EL_85]:  wired=1; compound=0; hidden=0; nouse=0; global=1; static=1; extern=0; dir=2; type=0; pingpong=0; private_global=0; IO mode=ap_ovld:ce=0
Port [ void_compute_output_buffer_2d_array_const_ap_shift_reg_n_chan_stream_weig_16]:  wired=1; compound=0; hidden=0; nouse=0; global=1; static=1; extern=0; dir=1; type=0; pingpong=0; private_global=0; IO mode=ap_vld:ce=0
Port [ p_ZZN4nnet24compute_output_buffer_2dINS_5arrayI8ap_fixedILi20ELi10EL9ap_q_mode5EL_84]:  wired=1; compound=0; hidden=0; nouse=0; global=1; static=1; extern=0; dir=2; type=0; pingpong=0; private_global=0; IO mode=ap_ovld:ce=0
Port [ void_compute_output_buffer_2d_array_const_ap_shift_reg_n_chan_stream_weig_15]:  wired=1; compound=0; hidden=0; nouse=0; global=1; static=1; extern=0; dir=1; type=0; pingpong=0; private_global=0; IO mode=ap_vld:ce=0
Port [ p_ZZN4nnet24compute_output_buffer_2dINS_5arrayI8ap_fixedILi20ELi10EL9ap_q_mode5EL_83]:  wired=1; compound=0; hidden=0; nouse=0; global=1; static=1; extern=0; dir=2; type=0; pingpong=0; private_global=0; IO mode=ap_ovld:ce=0
Port [ void_compute_output_buffer_2d_array_const_ap_shift_reg_n_chan_stream_weig_14]:  wired=1; compound=0; hidden=0; nouse=0; global=1; static=1; extern=0; dir=1; type=0; pingpong=0; private_global=0; IO mode=ap_vld:ce=0
Port [ p_ZZN4nnet24compute_output_buffer_2dINS_5arrayI8ap_fixedILi20ELi10EL9ap_q_mode5EL_82]:  wired=1; compound=0; hidden=0; nouse=0; global=1; static=1; extern=0; dir=2; type=0; pingpong=0; private_global=0; IO mode=ap_ovld:ce=0
Port [ void_compute_output_buffer_2d_array_const_ap_shift_reg_n_chan_stream_weig_13]:  wired=1; compound=0; hidden=0; nouse=0; global=1; static=1; extern=0; dir=1; type=0; pingpong=0; private_global=0; IO mode=ap_vld:ce=0
Port [ p_ZZN4nnet24compute_output_buffer_2dINS_5arrayI8ap_fixedILi20ELi10EL9ap_q_mode5EL_81]:  wired=1; compound=0; hidden=0; nouse=0; global=1; static=1; extern=0; dir=2; type=0; pingpong=0; private_global=0; IO mode=ap_ovld:ce=0
Port [ void_compute_output_buffer_2d_array_const_ap_shift_reg_n_chan_stream_weig_12]:  wired=1; compound=0; hidden=0; nouse=0; global=1; static=1; extern=0; dir=1; type=0; pingpong=0; private_global=0; IO mode=ap_vld:ce=0
Port [ p_ZZN4nnet24compute_output_buffer_2dINS_5arrayI8ap_fixedILi20ELi10EL9ap_q_mode5EL_80]:  wired=1; compound=0; hidden=0; nouse=0; global=1; static=1; extern=0; dir=2; type=0; pingpong=0; private_global=0; IO mode=ap_ovld:ce=0
Port [ void_compute_output_buffer_2d_array_const_ap_shift_reg_n_chan_stream_weig_11]:  wired=1; compound=0; hidden=0; nouse=0; global=1; static=1; extern=0; dir=1; type=0; pingpong=0; private_global=0; IO mode=ap_vld:ce=0
Port [ p_ZZN4nnet24compute_output_buffer_2dINS_5arrayI8ap_fixedILi20ELi10EL9ap_q_mode5EL_79]:  wired=1; compound=0; hidden=0; nouse=0; global=1; static=1; extern=0; dir=2; type=0; pingpong=0; private_global=0; IO mode=ap_ovld:ce=0
Port [ void_compute_output_buffer_2d_array_const_ap_shift_reg_n_chan_stream_weig_10]:  wired=1; compound=0; hidden=0; nouse=0; global=1; static=1; extern=0; dir=1; type=0; pingpong=0; private_global=0; IO mode=ap_vld:ce=0
Port [ p_ZZN4nnet24compute_output_buffer_2dINS_5arrayI8ap_fixedILi20ELi10EL9ap_q_mode5EL_78]:  wired=1; compound=0; hidden=0; nouse=0; global=1; static=1; extern=0; dir=2; type=0; pingpong=0; private_global=0; IO mode=ap_ovld:ce=0
Port [ void_compute_output_buffer_2d_array_const_ap_shift_reg_n_chan_stream_weig_9]:  wired=1; compound=0; hidden=0; nouse=0; global=1; static=1; extern=0; dir=1; type=0; pingpong=0; private_global=0; IO mode=ap_vld:ce=0
Port [ p_ZZN4nnet24compute_output_buffer_2dINS_5arrayI8ap_fixedILi20ELi10EL9ap_q_mode5EL_77]:  wired=1; compound=0; hidden=0; nouse=0; global=1; static=1; extern=0; dir=2; type=0; pingpong=0; private_global=0; IO mode=ap_ovld:ce=0
Port [ p_ZZN4nnet24compute_output_buffer_2dINS_5arrayI8ap_fixedILi20ELi10EL9ap_q_mode5EL_97]:  wired=1; compound=0; hidden=0; nouse=0; global=1; static=1; extern=0; dir=1; type=0; pingpong=0; private_global=0; IO mode=ap_vld:ce=0
Port [ p_ZZN4nnet24compute_output_buffer_2dINS_5arrayI8ap_fixedILi20ELi10EL9ap_q_mode5EL_76]:  wired=1; compound=0; hidden=0; nouse=0; global=1; static=1; extern=0; dir=2; type=0; pingpong=0; private_global=0; IO mode=ap_ovld:ce=0
Port [ p_ZZN4nnet24compute_output_buffer_2dINS_5arrayI8ap_fixedILi20ELi10EL9ap_q_mode5EL_88]:  wired=1; compound=0; hidden=0; nouse=0; global=1; static=1; extern=0; dir=1; type=0; pingpong=0; private_global=0; IO mode=ap_vld:ce=0
Port [ p_ZZN4nnet24compute_output_buffer_2dINS_5arrayI8ap_fixedILi20ELi10EL9ap_q_mode5EL_51]:  wired=1; compound=0; hidden=0; nouse=0; global=1; static=1; extern=0; dir=2; type=0; pingpong=0; private_global=0; IO mode=ap_ovld:ce=0
Port [ p_ZZN4nnet24compute_output_buffer_2dINS_5arrayI8ap_fixedILi20ELi10EL9ap_q_mode5EL_63]:  wired=1; compound=0; hidden=0; nouse=0; global=1; static=1; extern=0; dir=1; type=0; pingpong=0; private_global=0; IO mode=ap_vld:ce=0
Port [ p_ZZN4nnet24compute_output_buffer_2dINS_5arrayI8ap_fixedILi20ELi10EL9ap_q_mode5EL_50]:  wired=1; compound=0; hidden=0; nouse=0; global=1; static=1; extern=0; dir=2; type=0; pingpong=0; private_global=0; IO mode=ap_ovld:ce=0
Port [ p_ZZN4nnet24compute_output_buffer_2dINS_5arrayI8ap_fixedILi20ELi10EL9ap_q_mode5EL_62]:  wired=1; compound=0; hidden=0; nouse=0; global=1; static=1; extern=0; dir=1; type=0; pingpong=0; private_global=0; IO mode=ap_vld:ce=0
Port [ p_ZZN4nnet24compute_output_buffer_2dINS_5arrayI8ap_fixedILi20ELi10EL9ap_q_mode5EL_49]:  wired=1; compound=0; hidden=0; nouse=0; global=1; static=1; extern=0; dir=2; type=0; pingpong=0; private_global=0; IO mode=ap_ovld:ce=0
Port [ p_ZZN4nnet24compute_output_buffer_2dINS_5arrayI8ap_fixedILi20ELi10EL9ap_q_mode5EL_61]:  wired=1; compound=0; hidden=0; nouse=0; global=1; static=1; extern=0; dir=1; type=0; pingpong=0; private_global=0; IO mode=ap_vld:ce=0
Port [ p_ZZN4nnet24compute_output_buffer_2dINS_5arrayI8ap_fixedILi20ELi10EL9ap_q_mode5EL_48]:  wired=1; compound=0; hidden=0; nouse=0; global=1; static=1; extern=0; dir=2; type=0; pingpong=0; private_global=0; IO mode=ap_ovld:ce=0
Port [ p_ZZN4nnet24compute_output_buffer_2dINS_5arrayI8ap_fixedILi20ELi10EL9ap_q_mode5EL_60]:  wired=1; compound=0; hidden=0; nouse=0; global=1; static=1; extern=0; dir=1; type=0; pingpong=0; private_global=0; IO mode=ap_vld:ce=0
Port [ p_ZZN4nnet24compute_output_buffer_2dINS_5arrayI8ap_fixedILi20ELi10EL9ap_q_mode5EL_47]:  wired=1; compound=0; hidden=0; nouse=0; global=1; static=1; extern=0; dir=2; type=0; pingpong=0; private_global=0; IO mode=ap_ovld:ce=0
Port [ p_ZZN4nnet24compute_output_buffer_2dINS_5arrayI8ap_fixedILi20ELi10EL9ap_q_mode5EL_59]:  wired=1; compound=0; hidden=0; nouse=0; global=1; static=1; extern=0; dir=1; type=0; pingpong=0; private_global=0; IO mode=ap_vld:ce=0
Port [ p_ZZN4nnet24compute_output_buffer_2dINS_5arrayI8ap_fixedILi20ELi10EL9ap_q_mode5EL_46]:  wired=1; compound=0; hidden=0; nouse=0; global=1; static=1; extern=0; dir=2; type=0; pingpong=0; private_global=0; IO mode=ap_ovld:ce=0
Port [ p_ZZN4nnet24compute_output_buffer_2dINS_5arrayI8ap_fixedILi20ELi10EL9ap_q_mode5EL_58]:  wired=1; compound=0; hidden=0; nouse=0; global=1; static=1; extern=0; dir=1; type=0; pingpong=0; private_global=0; IO mode=ap_vld:ce=0
Port [ p_ZZN4nnet24compute_output_buffer_2dINS_5arrayI8ap_fixedILi20ELi10EL9ap_q_mode5EL_45]:  wired=1; compound=0; hidden=0; nouse=0; global=1; static=1; extern=0; dir=2; type=0; pingpong=0; private_global=0; IO mode=ap_ovld:ce=0
Port [ p_ZZN4nnet24compute_output_buffer_2dINS_5arrayI8ap_fixedILi20ELi10EL9ap_q_mode5EL_57]:  wired=1; compound=0; hidden=0; nouse=0; global=1; static=1; extern=0; dir=1; type=0; pingpong=0; private_global=0; IO mode=ap_vld:ce=0
Port [ p_ZZN4nnet24compute_output_buffer_2dINS_5arrayI8ap_fixedILi20ELi10EL9ap_q_mode5EL_44]:  wired=1; compound=0; hidden=0; nouse=0; global=1; static=1; extern=0; dir=2; type=0; pingpong=0; private_global=0; IO mode=ap_ovld:ce=0
Port [ p_ZZN4nnet24compute_output_buffer_2dINS_5arrayI8ap_fixedILi20ELi10EL9ap_q_mode5EL_56]:  wired=1; compound=0; hidden=0; nouse=0; global=1; static=1; extern=0; dir=1; type=0; pingpong=0; private_global=0; IO mode=ap_vld:ce=0
Port [ p_ZZN4nnet24compute_output_buffer_2dINS_5arrayI8ap_fixedILi20ELi10EL9ap_q_mode5EL_43]:  wired=1; compound=0; hidden=0; nouse=0; global=1; static=1; extern=0; dir=2; type=0; pingpong=0; private_global=0; IO mode=ap_ovld:ce=0
Port [ p_ZZN4nnet24compute_output_buffer_2dINS_5arrayI8ap_fixedILi20ELi10EL9ap_q_mode5EL_55]:  wired=1; compound=0; hidden=0; nouse=0; global=1; static=1; extern=0; dir=1; type=0; pingpong=0; private_global=0; IO mode=ap_vld:ce=0
Port [ p_ZZN4nnet24compute_output_buffer_2dINS_5arrayI8ap_fixedILi20ELi10EL9ap_q_mode5EL_42]:  wired=1; compound=0; hidden=0; nouse=0; global=1; static=1; extern=0; dir=2; type=0; pingpong=0; private_global=0; IO mode=ap_ovld:ce=0
Port [ p_ZZN4nnet24compute_output_buffer_2dINS_5arrayI8ap_fixedILi20ELi10EL9ap_q_mode5EL_54]:  wired=1; compound=0; hidden=0; nouse=0; global=1; static=1; extern=0; dir=1; type=0; pingpong=0; private_global=0; IO mode=ap_vld:ce=0
Port [ p_ZZN4nnet24compute_output_buffer_2dINS_5arrayI8ap_fixedILi20ELi10EL9ap_q_mode5EL_41]:  wired=1; compound=0; hidden=0; nouse=0; global=1; static=1; extern=0; dir=2; type=0; pingpong=0; private_global=0; IO mode=ap_ovld:ce=0
Port [ p_ZZN4nnet24compute_output_buffer_2dINS_5arrayI8ap_fixedILi20ELi10EL9ap_q_mode5EL_53]:  wired=1; compound=0; hidden=0; nouse=0; global=1; static=1; extern=0; dir=1; type=0; pingpong=0; private_global=0; IO mode=ap_vld:ce=0
Port [ p_ZZN4nnet24compute_output_buffer_2dINS_5arrayI8ap_fixedILi20ELi10EL9ap_q_mode5EL_40]:  wired=1; compound=0; hidden=0; nouse=0; global=1; static=1; extern=0; dir=2; type=0; pingpong=0; private_global=0; IO mode=ap_ovld:ce=0
Port [ p_ZZN4nnet24compute_output_buffer_2dINS_5arrayI8ap_fixedILi20ELi10EL9ap_q_mode5EL_52]:  wired=1; compound=0; hidden=0; nouse=0; global=1; static=1; extern=0; dir=1; type=0; pingpong=0; private_global=0; IO mode=ap_vld:ce=0
Port [ p_ZZN4nnet24compute_output_buffer_2dINS_5arrayI8ap_fixedILi20ELi10EL9ap_q_mode5EL_15]:  wired=1; compound=0; hidden=0; nouse=0; global=1; static=1; extern=0; dir=2; type=0; pingpong=0; private_global=0; IO mode=ap_ovld:ce=0
Port [ p_ZZN4nnet24compute_output_buffer_2dINS_5arrayI8ap_fixedILi20ELi10EL9ap_q_mode5EL_27]:  wired=1; compound=0; hidden=0; nouse=0; global=1; static=1; extern=0; dir=1; type=0; pingpong=0; private_global=0; IO mode=ap_vld:ce=0
Port [ p_ZZN4nnet24compute_output_buffer_2dINS_5arrayI8ap_fixedILi20ELi10EL9ap_q_mode5EL_14]:  wired=1; compound=0; hidden=0; nouse=0; global=1; static=1; extern=0; dir=2; type=0; pingpong=0; private_global=0; IO mode=ap_ovld:ce=0
Port [ p_ZZN4nnet24compute_output_buffer_2dINS_5arrayI8ap_fixedILi20ELi10EL9ap_q_mode5EL_26]:  wired=1; compound=0; hidden=0; nouse=0; global=1; static=1; extern=0; dir=1; type=0; pingpong=0; private_global=0; IO mode=ap_vld:ce=0
Port [ p_ZZN4nnet24compute_output_buffer_2dINS_5arrayI8ap_fixedILi20ELi10EL9ap_q_mode5EL_13]:  wired=1; compound=0; hidden=0; nouse=0; global=1; static=1; extern=0; dir=2; type=0; pingpong=0; private_global=0; IO mode=ap_ovld:ce=0
Port [ p_ZZN4nnet24compute_output_buffer_2dINS_5arrayI8ap_fixedILi20ELi10EL9ap_q_mode5EL_25]:  wired=1; compound=0; hidden=0; nouse=0; global=1; static=1; extern=0; dir=1; type=0; pingpong=0; private_global=0; IO mode=ap_vld:ce=0
Port [ p_ZZN4nnet24compute_output_buffer_2dINS_5arrayI8ap_fixedILi20ELi10EL9ap_q_mode5EL_12]:  wired=1; compound=0; hidden=0; nouse=0; global=1; static=1; extern=0; dir=2; type=0; pingpong=0; private_global=0; IO mode=ap_ovld:ce=0
Port [ p_ZZN4nnet24compute_output_buffer_2dINS_5arrayI8ap_fixedILi20ELi10EL9ap_q_mode5EL_24]:  wired=1; compound=0; hidden=0; nouse=0; global=1; static=1; extern=0; dir=1; type=0; pingpong=0; private_global=0; IO mode=ap_vld:ce=0
Port [ p_ZZN4nnet24compute_output_buffer_2dINS_5arrayI8ap_fixedILi20ELi10EL9ap_q_mode5EL_11]:  wired=1; compound=0; hidden=0; nouse=0; global=1; static=1; extern=0; dir=2; type=0; pingpong=0; private_global=0; IO mode=ap_ovld:ce=0
Port [ p_ZZN4nnet24compute_output_buffer_2dINS_5arrayI8ap_fixedILi20ELi10EL9ap_q_mode5EL_23]:  wired=1; compound=0; hidden=0; nouse=0; global=1; static=1; extern=0; dir=1; type=0; pingpong=0; private_global=0; IO mode=ap_vld:ce=0
Port [ p_ZZN4nnet24compute_output_buffer_2dINS_5arrayI8ap_fixedILi20ELi10EL9ap_q_mode5EL_10]:  wired=1; compound=0; hidden=0; nouse=0; global=1; static=1; extern=0; dir=2; type=0; pingpong=0; private_global=0; IO mode=ap_ovld:ce=0
Port [ p_ZZN4nnet24compute_output_buffer_2dINS_5arrayI8ap_fixedILi20ELi10EL9ap_q_mode5EL_22]:  wired=1; compound=0; hidden=0; nouse=0; global=1; static=1; extern=0; dir=1; type=0; pingpong=0; private_global=0; IO mode=ap_vld:ce=0
Port [ p_ZZN4nnet24compute_output_buffer_2dINS_5arrayI8ap_fixedILi20ELi10EL9ap_q_mode5EL_9]:  wired=1; compound=0; hidden=0; nouse=0; global=1; static=1; extern=0; dir=2; type=0; pingpong=0; private_global=0; IO mode=ap_ovld:ce=0
Port [ p_ZZN4nnet24compute_output_buffer_2dINS_5arrayI8ap_fixedILi20ELi10EL9ap_q_mode5EL_21]:  wired=1; compound=0; hidden=0; nouse=0; global=1; static=1; extern=0; dir=1; type=0; pingpong=0; private_global=0; IO mode=ap_vld:ce=0
Port [ p_ZZN4nnet24compute_output_buffer_2dINS_5arrayI8ap_fixedILi20ELi10EL9ap_q_mode5EL_8]:  wired=1; compound=0; hidden=0; nouse=0; global=1; static=1; extern=0; dir=2; type=0; pingpong=0; private_global=0; IO mode=ap_ovld:ce=0
Port [ p_ZZN4nnet24compute_output_buffer_2dINS_5arrayI8ap_fixedILi20ELi10EL9ap_q_mode5EL_20]:  wired=1; compound=0; hidden=0; nouse=0; global=1; static=1; extern=0; dir=1; type=0; pingpong=0; private_global=0; IO mode=ap_vld:ce=0
Port [ p_ZZN4nnet24compute_output_buffer_2dINS_5arrayI8ap_fixedILi20ELi10EL9ap_q_mode5EL_7]:  wired=1; compound=0; hidden=0; nouse=0; global=1; static=1; extern=0; dir=2; type=0; pingpong=0; private_global=0; IO mode=ap_ovld:ce=0
Port [ p_ZZN4nnet24compute_output_buffer_2dINS_5arrayI8ap_fixedILi20ELi10EL9ap_q_mode5EL_19]:  wired=1; compound=0; hidden=0; nouse=0; global=1; static=1; extern=0; dir=1; type=0; pingpong=0; private_global=0; IO mode=ap_vld:ce=0
Port [ p_ZZN4nnet24compute_output_buffer_2dINS_5arrayI8ap_fixedILi20ELi10EL9ap_q_mode5EL_6]:  wired=1; compound=0; hidden=0; nouse=0; global=1; static=1; extern=0; dir=2; type=0; pingpong=0; private_global=0; IO mode=ap_ovld:ce=0
Port [ p_ZZN4nnet24compute_output_buffer_2dINS_5arrayI8ap_fixedILi20ELi10EL9ap_q_mode5EL_18]:  wired=1; compound=0; hidden=0; nouse=0; global=1; static=1; extern=0; dir=1; type=0; pingpong=0; private_global=0; IO mode=ap_vld:ce=0
Port [ p_ZZN4nnet24compute_output_buffer_2dINS_5arrayI8ap_fixedILi20ELi10EL9ap_q_mode5EL_5]:  wired=1; compound=0; hidden=0; nouse=0; global=1; static=1; extern=0; dir=2; type=0; pingpong=0; private_global=0; IO mode=ap_ovld:ce=0
Port [ p_ZZN4nnet24compute_output_buffer_2dINS_5arrayI8ap_fixedILi20ELi10EL9ap_q_mode5EL_17]:  wired=1; compound=0; hidden=0; nouse=0; global=1; static=1; extern=0; dir=1; type=0; pingpong=0; private_global=0; IO mode=ap_vld:ce=0
Port [ p_ZZN4nnet24compute_output_buffer_2dINS_5arrayI8ap_fixedILi20ELi10EL9ap_q_mode5EL_4]:  wired=1; compound=0; hidden=0; nouse=0; global=1; static=1; extern=0; dir=2; type=0; pingpong=0; private_global=0; IO mode=ap_ovld:ce=0
Port [ p_ZZN4nnet24compute_output_buffer_2dINS_5arrayI8ap_fixedILi20ELi10EL9ap_q_mode5EL_16]:  wired=1; compound=0; hidden=0; nouse=0; global=1; static=1; extern=0; dir=1; type=0; pingpong=0; private_global=0; IO mode=ap_vld:ce=0
Port [ p_ZZN4nnet24compute_output_buffer_2dINS_5arrayI8ap_fixedILi20ELi10EL9ap_q_mode5EL_75]:  wired=1; compound=0; hidden=0; nouse=0; global=1; static=1; extern=0; dir=2; type=0; pingpong=0; private_global=0; IO mode=ap_ovld:ce=0
Port [ p_ZZN4nnet24compute_output_buffer_2dINS_5arrayI8ap_fixedILi20ELi10EL9ap_q_mode5EL_74]:  wired=1; compound=0; hidden=0; nouse=0; global=1; static=1; extern=0; dir=2; type=0; pingpong=0; private_global=0; IO mode=ap_ovld:ce=0
Port [ p_ZZN4nnet24compute_output_buffer_2dINS_5arrayI8ap_fixedILi20ELi10EL9ap_q_mode5EL_73]:  wired=1; compound=0; hidden=0; nouse=0; global=1; static=1; extern=0; dir=2; type=0; pingpong=0; private_global=0; IO mode=ap_ovld:ce=0
Port [ p_ZZN4nnet24compute_output_buffer_2dINS_5arrayI8ap_fixedILi20ELi10EL9ap_q_mode5EL_72]:  wired=1; compound=0; hidden=0; nouse=0; global=1; static=1; extern=0; dir=2; type=0; pingpong=0; private_global=0; IO mode=ap_ovld:ce=0
Port [ p_ZZN4nnet24compute_output_buffer_2dINS_5arrayI8ap_fixedILi20ELi10EL9ap_q_mode5EL_71]:  wired=1; compound=0; hidden=0; nouse=0; global=1; static=1; extern=0; dir=2; type=0; pingpong=0; private_global=0; IO mode=ap_ovld:ce=0
Port [ p_ZZN4nnet24compute_output_buffer_2dINS_5arrayI8ap_fixedILi20ELi10EL9ap_q_mode5EL_70]:  wired=1; compound=0; hidden=0; nouse=0; global=1; static=1; extern=0; dir=2; type=0; pingpong=0; private_global=0; IO mode=ap_ovld:ce=0
Port [ p_ZZN4nnet24compute_output_buffer_2dINS_5arrayI8ap_fixedILi20ELi10EL9ap_q_mode5EL_69]:  wired=1; compound=0; hidden=0; nouse=0; global=1; static=1; extern=0; dir=2; type=0; pingpong=0; private_global=0; IO mode=ap_ovld:ce=0
Port [ p_ZZN4nnet24compute_output_buffer_2dINS_5arrayI8ap_fixedILi20ELi10EL9ap_q_mode5EL_68]:  wired=1; compound=0; hidden=0; nouse=0; global=1; static=1; extern=0; dir=2; type=0; pingpong=0; private_global=0; IO mode=ap_ovld:ce=0
Port [ p_ZZN4nnet24compute_output_buffer_2dINS_5arrayI8ap_fixedILi20ELi10EL9ap_q_mode5EL_67]:  wired=1; compound=0; hidden=0; nouse=0; global=1; static=1; extern=0; dir=2; type=0; pingpong=0; private_global=0; IO mode=ap_ovld:ce=0
Port [ p_ZZN4nnet24compute_output_buffer_2dINS_5arrayI8ap_fixedILi20ELi10EL9ap_q_mode5EL_66]:  wired=1; compound=0; hidden=0; nouse=0; global=1; static=1; extern=0; dir=2; type=0; pingpong=0; private_global=0; IO mode=ap_ovld:ce=0
Port [ p_ZZN4nnet24compute_output_buffer_2dINS_5arrayI8ap_fixedILi20ELi10EL9ap_q_mode5EL_65]:  wired=1; compound=0; hidden=0; nouse=0; global=1; static=1; extern=0; dir=2; type=0; pingpong=0; private_global=0; IO mode=ap_ovld:ce=0
Port [ p_ZZN4nnet24compute_output_buffer_2dINS_5arrayI8ap_fixedILi20ELi10EL9ap_q_mode5EL_64]:  wired=1; compound=0; hidden=0; nouse=0; global=1; static=1; extern=0; dir=2; type=0; pingpong=0; private_global=0; IO mode=ap_ovld:ce=0
Port [ p_ZZN4nnet24compute_output_buffer_2dINS_5arrayI8ap_fixedILi20ELi10EL9ap_q_mode5EL_39]:  wired=1; compound=0; hidden=0; nouse=0; global=1; static=1; extern=0; dir=2; type=0; pingpong=0; private_global=0; IO mode=ap_ovld:ce=0
Port [ p_ZZN4nnet24compute_output_buffer_2dINS_5arrayI8ap_fixedILi20ELi10EL9ap_q_mode5EL_38]:  wired=1; compound=0; hidden=0; nouse=0; global=1; static=1; extern=0; dir=2; type=0; pingpong=0; private_global=0; IO mode=ap_ovld:ce=0
Port [ p_ZZN4nnet24compute_output_buffer_2dINS_5arrayI8ap_fixedILi20ELi10EL9ap_q_mode5EL_37]:  wired=1; compound=0; hidden=0; nouse=0; global=1; static=1; extern=0; dir=2; type=0; pingpong=0; private_global=0; IO mode=ap_ovld:ce=0
Port [ p_ZZN4nnet24compute_output_buffer_2dINS_5arrayI8ap_fixedILi20ELi10EL9ap_q_mode5EL_36]:  wired=1; compound=0; hidden=0; nouse=0; global=1; static=1; extern=0; dir=2; type=0; pingpong=0; private_global=0; IO mode=ap_ovld:ce=0
Port [ p_ZZN4nnet24compute_output_buffer_2dINS_5arrayI8ap_fixedILi20ELi10EL9ap_q_mode5EL_35]:  wired=1; compound=0; hidden=0; nouse=0; global=1; static=1; extern=0; dir=2; type=0; pingpong=0; private_global=0; IO mode=ap_ovld:ce=0
Port [ p_ZZN4nnet24compute_output_buffer_2dINS_5arrayI8ap_fixedILi20ELi10EL9ap_q_mode5EL_34]:  wired=1; compound=0; hidden=0; nouse=0; global=1; static=1; extern=0; dir=2; type=0; pingpong=0; private_global=0; IO mode=ap_ovld:ce=0
Port [ p_ZZN4nnet24compute_output_buffer_2dINS_5arrayI8ap_fixedILi20ELi10EL9ap_q_mode5EL_33]:  wired=1; compound=0; hidden=0; nouse=0; global=1; static=1; extern=0; dir=2; type=0; pingpong=0; private_global=0; IO mode=ap_ovld:ce=0
Port [ p_ZZN4nnet24compute_output_buffer_2dINS_5arrayI8ap_fixedILi20ELi10EL9ap_q_mode5EL_32]:  wired=1; compound=0; hidden=0; nouse=0; global=1; static=1; extern=0; dir=2; type=0; pingpong=0; private_global=0; IO mode=ap_ovld:ce=0
Port [ p_ZZN4nnet24compute_output_buffer_2dINS_5arrayI8ap_fixedILi20ELi10EL9ap_q_mode5EL_31]:  wired=1; compound=0; hidden=0; nouse=0; global=1; static=1; extern=0; dir=2; type=0; pingpong=0; private_global=0; IO mode=ap_ovld:ce=0
Port [ p_ZZN4nnet24compute_output_buffer_2dINS_5arrayI8ap_fixedILi20ELi10EL9ap_q_mode5EL_30]:  wired=1; compound=0; hidden=0; nouse=0; global=1; static=1; extern=0; dir=2; type=0; pingpong=0; private_global=0; IO mode=ap_ovld:ce=0
Port [ p_ZZN4nnet24compute_output_buffer_2dINS_5arrayI8ap_fixedILi20ELi10EL9ap_q_mode5EL_29]:  wired=1; compound=0; hidden=0; nouse=0; global=1; static=1; extern=0; dir=2; type=0; pingpong=0; private_global=0; IO mode=ap_ovld:ce=0
Port [ p_ZZN4nnet24compute_output_buffer_2dINS_5arrayI8ap_fixedILi20ELi10EL9ap_q_mode5EL_28]:  wired=1; compound=0; hidden=0; nouse=0; global=1; static=1; extern=0; dir=2; type=0; pingpong=0; private_global=0; IO mode=ap_ovld:ce=0
Port [ p_ZZN4nnet24compute_output_buffer_2dINS_5arrayI8ap_fixedILi20ELi10EL9ap_q_mode5EL_3]:  wired=1; compound=0; hidden=0; nouse=0; global=1; static=1; extern=0; dir=2; type=0; pingpong=0; private_global=0; IO mode=ap_ovld:ce=0
Port [ p_ZZN4nnet24compute_output_buffer_2dINS_5arrayI8ap_fixedILi20ELi10EL9ap_q_mode5EL_2]:  wired=1; compound=0; hidden=0; nouse=0; global=1; static=1; extern=0; dir=2; type=0; pingpong=0; private_global=0; IO mode=ap_ovld:ce=0
Port [ p_ZZN4nnet24compute_output_buffer_2dINS_5arrayI8ap_fixedILi20ELi10EL9ap_q_mode5EL_1]:  wired=1; compound=0; hidden=0; nouse=0; global=1; static=1; extern=0; dir=2; type=0; pingpong=0; private_global=0; IO mode=ap_ovld:ce=0
Port [ p_ZZN4nnet24compute_output_buffer_2dINS_5arrayI8ap_fixedILi20ELi10EL9ap_q_mode5EL]:  wired=1; compound=0; hidden=0; nouse=0; global=1; static=1; extern=0; dir=2; type=0; pingpong=0; private_global=0; IO mode=ap_ovld:ce=0
Port [ p_ZZN4nnet24compute_output_buffer_2dINS_5arrayI8ap_fixedILi20ELi10EL9ap_q_mode5EL_96]:  wired=1; compound=0; hidden=0; nouse=0; global=1; static=1; extern=0; dir=2; type=0; pingpong=0; private_global=0; IO mode=ap_ovld:ce=0
Port [ p_ZZN4nnet24compute_output_buffer_2dINS_5arrayI8ap_fixedILi20ELi10EL9ap_q_mode5EL_95]:  wired=1; compound=0; hidden=0; nouse=0; global=1; static=1; extern=0; dir=2; type=0; pingpong=0; private_global=0; IO mode=ap_ovld:ce=0
Port [ p_ZZN4nnet24compute_output_buffer_2dINS_5arrayI8ap_fixedILi20ELi10EL9ap_q_mode5EL_94]:  wired=1; compound=0; hidden=0; nouse=0; global=1; static=1; extern=0; dir=2; type=0; pingpong=0; private_global=0; IO mode=ap_ovld:ce=0
Port [ p_ZZN4nnet24compute_output_buffer_2dINS_5arrayI8ap_fixedILi20ELi10EL9ap_q_mode5EL_93]:  wired=1; compound=0; hidden=0; nouse=0; global=1; static=1; extern=0; dir=2; type=0; pingpong=0; private_global=0; IO mode=ap_ovld:ce=0
Port [ p_ZZN4nnet24compute_output_buffer_2dINS_5arrayI8ap_fixedILi20ELi10EL9ap_q_mode5EL_92]:  wired=1; compound=0; hidden=0; nouse=0; global=1; static=1; extern=0; dir=2; type=0; pingpong=0; private_global=0; IO mode=ap_ovld:ce=0
Port [ p_ZZN4nnet24compute_output_buffer_2dINS_5arrayI8ap_fixedILi20ELi10EL9ap_q_mode5EL_91]:  wired=1; compound=0; hidden=0; nouse=0; global=1; static=1; extern=0; dir=2; type=0; pingpong=0; private_global=0; IO mode=ap_ovld:ce=0
Port [ p_ZZN4nnet24compute_output_buffer_2dINS_5arrayI8ap_fixedILi20ELi10EL9ap_q_mode5EL_90]:  wired=1; compound=0; hidden=0; nouse=0; global=1; static=1; extern=0; dir=2; type=0; pingpong=0; private_global=0; IO mode=ap_ovld:ce=0
Port [ p_ZZN4nnet24compute_output_buffer_2dINS_5arrayI8ap_fixedILi20ELi10EL9ap_q_mode5EL_89]:  wired=1; compound=0; hidden=0; nouse=0; global=1; static=1; extern=0; dir=2; type=0; pingpong=0; private_global=0; IO mode=ap_ovld:ce=0
Port [ p_ZZN4nnet26conv_2d_buffer_resource_clINS_5arrayI8ap_fixedILi20ELi10EL9ap_q_mode5_23]:  wired=0; compound=1; hidden=1; nouse=0; global=1; static=1; extern=0; dir=3; type=1; pingpong=0; private_global=1; MemPort=[2]; IO mode=ap_memory:ce=0
Port [ p_ZZN4nnet26conv_2d_buffer_resource_clINS_5arrayI8ap_fixedILi20ELi10EL9ap_q_mode5_11]:  wired=0; compound=1; hidden=1; nouse=0; global=1; static=1; extern=0; dir=3; type=1; pingpong=0; private_global=1; MemPort=[2]; IO mode=ap_memory:ce=0
Port [ p_ZZN4nnet26conv_2d_buffer_resource_clINS_5arrayI8ap_fixedILi20ELi10EL9ap_q_mode5_22]:  wired=0; compound=1; hidden=1; nouse=0; global=1; static=1; extern=0; dir=3; type=1; pingpong=0; private_global=1; MemPort=[2]; IO mode=ap_memory:ce=0
Port [ p_ZZN4nnet26conv_2d_buffer_resource_clINS_5arrayI8ap_fixedILi20ELi10EL9ap_q_mode5_10]:  wired=0; compound=1; hidden=1; nouse=0; global=1; static=1; extern=0; dir=3; type=1; pingpong=0; private_global=1; MemPort=[2]; IO mode=ap_memory:ce=0
Port [ p_ZZN4nnet26conv_2d_buffer_resource_clINS_5arrayI8ap_fixedILi20ELi10EL9ap_q_mode5_19]:  wired=0; compound=1; hidden=1; nouse=0; global=1; static=1; extern=0; dir=3; type=1; pingpong=0; private_global=1; MemPort=[2]; IO mode=ap_memory:ce=0
Port [ p_ZZN4nnet26conv_2d_buffer_resource_clINS_5arrayI8ap_fixedILi20ELi10EL9ap_q_mode5_7]:  wired=0; compound=1; hidden=1; nouse=0; global=1; static=1; extern=0; dir=3; type=1; pingpong=0; private_global=1; MemPort=[2]; IO mode=ap_memory:ce=0
Port [ p_ZZN4nnet26conv_2d_buffer_resource_clINS_5arrayI8ap_fixedILi20ELi10EL9ap_q_mode5_18]:  wired=0; compound=1; hidden=1; nouse=0; global=1; static=1; extern=0; dir=3; type=1; pingpong=0; private_global=1; MemPort=[2]; IO mode=ap_memory:ce=0
Port [ p_ZZN4nnet26conv_2d_buffer_resource_clINS_5arrayI8ap_fixedILi20ELi10EL9ap_q_mode5_6]:  wired=0; compound=1; hidden=1; nouse=0; global=1; static=1; extern=0; dir=3; type=1; pingpong=0; private_global=1; MemPort=[2]; IO mode=ap_memory:ce=0
Port [ p_ZZN4nnet26conv_2d_buffer_resource_clINS_5arrayI8ap_fixedILi20ELi10EL9ap_q_mode5_17]:  wired=0; compound=1; hidden=1; nouse=0; global=1; static=1; extern=0; dir=3; type=1; pingpong=0; private_global=1; MemPort=[2]; IO mode=ap_memory:ce=0
Port [ p_ZZN4nnet26conv_2d_buffer_resource_clINS_5arrayI8ap_fixedILi20ELi10EL9ap_q_mode5_5]:  wired=0; compound=1; hidden=1; nouse=0; global=1; static=1; extern=0; dir=3; type=1; pingpong=0; private_global=1; MemPort=[2]; IO mode=ap_memory:ce=0
Port [ p_ZZN4nnet26conv_2d_buffer_resource_clINS_5arrayI8ap_fixedILi20ELi10EL9ap_q_mode5_16]:  wired=0; compound=1; hidden=1; nouse=0; global=1; static=1; extern=0; dir=3; type=1; pingpong=0; private_global=1; MemPort=[2]; IO mode=ap_memory:ce=0
Port [ p_ZZN4nnet26conv_2d_buffer_resource_clINS_5arrayI8ap_fixedILi20ELi10EL9ap_q_mode5_4]:  wired=0; compound=1; hidden=1; nouse=0; global=1; static=1; extern=0; dir=3; type=1; pingpong=0; private_global=1; MemPort=[2]; IO mode=ap_memory:ce=0
Port [ p_ZZN4nnet26conv_2d_buffer_resource_clINS_5arrayI8ap_fixedILi20ELi10EL9ap_q_mode5_15]:  wired=0; compound=1; hidden=1; nouse=0; global=1; static=1; extern=0; dir=3; type=1; pingpong=0; private_global=1; MemPort=[2]; IO mode=ap_memory:ce=0
Port [ p_ZZN4nnet26conv_2d_buffer_resource_clINS_5arrayI8ap_fixedILi20ELi10EL9ap_q_mode5_3]:  wired=0; compound=1; hidden=1; nouse=0; global=1; static=1; extern=0; dir=3; type=1; pingpong=0; private_global=1; MemPort=[2]; IO mode=ap_memory:ce=0
Port [ p_ZZN4nnet26conv_2d_buffer_resource_clINS_5arrayI8ap_fixedILi20ELi10EL9ap_q_mode5_14]:  wired=0; compound=1; hidden=1; nouse=0; global=1; static=1; extern=0; dir=3; type=1; pingpong=0; private_global=1; MemPort=[2]; IO mode=ap_memory:ce=0
Port [ p_ZZN4nnet26conv_2d_buffer_resource_clINS_5arrayI8ap_fixedILi20ELi10EL9ap_q_mode5_2]:  wired=0; compound=1; hidden=1; nouse=0; global=1; static=1; extern=0; dir=3; type=1; pingpong=0; private_global=1; MemPort=[2]; IO mode=ap_memory:ce=0
Port [ p_ZZN4nnet26conv_2d_buffer_resource_clINS_5arrayI8ap_fixedILi20ELi10EL9ap_q_mode5_13]:  wired=0; compound=1; hidden=1; nouse=0; global=1; static=1; extern=0; dir=3; type=1; pingpong=0; private_global=1; MemPort=[2]; IO mode=ap_memory:ce=0
Port [ p_ZZN4nnet26conv_2d_buffer_resource_clINS_5arrayI8ap_fixedILi20ELi10EL9ap_q_mode5_1]:  wired=0; compound=1; hidden=1; nouse=0; global=1; static=1; extern=0; dir=3; type=1; pingpong=0; private_global=1; MemPort=[2]; IO mode=ap_memory:ce=0
Port [ p_ZZN4nnet26conv_2d_buffer_resource_clINS_5arrayI8ap_fixedILi20ELi10EL9ap_q_mode5_12]:  wired=0; compound=1; hidden=1; nouse=0; global=1; static=1; extern=0; dir=3; type=1; pingpong=0; private_global=1; MemPort=[2]; IO mode=ap_memory:ce=0
Port [ p_ZZN4nnet26conv_2d_buffer_resource_clINS_5arrayI8ap_fixedILi20ELi10EL9ap_q_mode5]:  wired=0; compound=1; hidden=1; nouse=0; global=1; static=1; extern=0; dir=3; type=1; pingpong=0; private_global=1; MemPort=[2]; IO mode=ap_memory:ce=0
Port [ p_ZZN4nnet26conv_2d_buffer_resource_clINS_5arrayI8ap_fixedILi20ELi10EL9ap_q_mode5_21]:  wired=0; compound=1; hidden=1; nouse=0; global=1; static=1; extern=0; dir=3; type=1; pingpong=0; private_global=1; MemPort=[2]; IO mode=ap_memory:ce=0
Port [ p_ZZN4nnet26conv_2d_buffer_resource_clINS_5arrayI8ap_fixedILi20ELi10EL9ap_q_mode5_9]:  wired=0; compound=1; hidden=1; nouse=0; global=1; static=1; extern=0; dir=3; type=1; pingpong=0; private_global=1; MemPort=[2]; IO mode=ap_memory:ce=0
Port [ p_ZZN4nnet26conv_2d_buffer_resource_clINS_5arrayI8ap_fixedILi20ELi10EL9ap_q_mode5_20]:  wired=0; compound=1; hidden=1; nouse=0; global=1; static=1; extern=0; dir=3; type=1; pingpong=0; private_global=1; MemPort=[2]; IO mode=ap_memory:ce=0
Port [ p_ZZN4nnet26conv_2d_buffer_resource_clINS_5arrayI8ap_fixedILi20ELi10EL9ap_q_mode5_8]:  wired=0; compound=1; hidden=1; nouse=0; global=1; static=1; extern=0; dir=3; type=1; pingpong=0; private_global=1; MemPort=[2]; IO mode=ap_memory:ce=0
---------------- STG Properties END ------------------

---------------- Datapath Model BEGIN ----------------

<LifeTime>
<method=bitvector/>
specpipeline_ln232                                                                    (specpipeline) [ 00]
p_read_19                                                                             (read        ) [ 00]
p_read_20                                                                             (read        ) [ 00]
p_read_21                                                                             (read        ) [ 00]
p_read_22                                                                             (read        ) [ 00]
p_read_23                                                                             (read        ) [ 00]
p_read_24                                                                             (read        ) [ 00]
p_read_25                                                                             (read        ) [ 00]
p_read_26                                                                             (read        ) [ 00]
p_read_27                                                                             (read        ) [ 00]
p_read_28                                                                             (read        ) [ 00]
p_read_29                                                                             (read        ) [ 00]
p_read_30                                                                             (read        ) [ 00]
p_i                                                                                   (memshiftread) [ 00]
p_17_i                                                                                (memshiftread) [ 00]
p_18_i                                                                                (memshiftread) [ 00]
p_19_i                                                                                (memshiftread) [ 00]
p_20_i                                                                                (memshiftread) [ 00]
p_21_i                                                                                (memshiftread) [ 00]
p_22_i                                                                                (memshiftread) [ 00]
p_23_i                                                                                (memshiftread) [ 00]
p_24_i                                                                                (memshiftread) [ 00]
p_25_i                                                                                (memshiftread) [ 00]
p_26_i                                                                                (memshiftread) [ 00]
p_27_i                                                                                (memshiftread) [ 00]
p_28_i                                                                                (memshiftread) [ 00]
p_29_i                                                                                (memshiftread) [ 00]
p_30_i                                                                                (memshiftread) [ 00]
p_31_i                                                                                (memshiftread) [ 00]
p_32_i                                                                                (memshiftread) [ 00]
p_33_i                                                                                (memshiftread) [ 00]
p_34_i                                                                                (memshiftread) [ 00]
p_35_i                                                                                (memshiftread) [ 00]
p_36_i                                                                                (memshiftread) [ 00]
p_37_i                                                                                (memshiftread) [ 00]
p_38_i                                                                                (memshiftread) [ 00]
p_0_i                                                                                 (memshiftread) [ 00]
p_ZZN4nnet24compute_output_buffer_2dINS_5arrayI8ap_fixedILi20ELi10EL9ap_q_mode5EL_98  (load        ) [ 00]
store_ln196                                                                           (store       ) [ 00]
p_ZZN4nnet24compute_output_buffer_2dINS_5arrayI8ap_fixedILi20ELi10EL9ap_q_mode5EL_99  (load        ) [ 00]
store_ln196                                                                           (store       ) [ 00]
p_ZZN4nnet24compute_output_buffer_2dINS_5arrayI8ap_fixedILi20ELi10EL9ap_q_mode5EL_100 (load        ) [ 00]
store_ln196                                                                           (store       ) [ 00]
p_ZZN4nnet24compute_output_buffer_2dINS_5arrayI8ap_fixedILi20ELi10EL9ap_q_mode5EL_101 (load        ) [ 00]
store_ln196                                                                           (store       ) [ 00]
p_ZZN4nnet24compute_output_buffer_2dINS_5arrayI8ap_fixedILi20ELi10EL9ap_q_mode5EL_102 (load        ) [ 00]
store_ln196                                                                           (store       ) [ 00]
p_ZZN4nnet24compute_output_buffer_2dINS_5arrayI8ap_fixedILi20ELi10EL9ap_q_mode5EL_103 (load        ) [ 00]
store_ln196                                                                           (store       ) [ 00]
p_ZZN4nnet24compute_output_buffer_2dINS_5arrayI8ap_fixedILi20ELi10EL9ap_q_mode5EL_104 (load        ) [ 00]
store_ln196                                                                           (store       ) [ 00]
p_ZZN4nnet24compute_output_buffer_2dINS_5arrayI8ap_fixedILi20ELi10EL9ap_q_mode5EL_105 (load        ) [ 00]
store_ln196                                                                           (store       ) [ 00]
p_ZZN4nnet24compute_output_buffer_2dINS_5arrayI8ap_fixedILi20ELi10EL9ap_q_mode5EL_106 (load        ) [ 00]
store_ln196                                                                           (store       ) [ 00]
p_ZZN4nnet24compute_output_buffer_2dINS_5arrayI8ap_fixedILi20ELi10EL9ap_q_mode5EL_107 (load        ) [ 00]
store_ln196                                                                           (store       ) [ 00]
p_ZZN4nnet24compute_output_buffer_2dINS_5arrayI8ap_fixedILi20ELi10EL9ap_q_mode5EL_108 (load        ) [ 00]
store_ln196                                                                           (store       ) [ 00]
p_ZZN4nnet24compute_output_buffer_2dINS_5arrayI8ap_fixedILi20ELi10EL9ap_q_mode5EL_109 (load        ) [ 00]
store_ln196                                                                           (store       ) [ 00]
p_ZZN4nnet24compute_output_buffer_2dINS_5arrayI8ap_fixedILi20ELi10EL9ap_q_mode5EL_110 (load        ) [ 00]
store_ln196                                                                           (store       ) [ 00]
p_ZZN4nnet24compute_output_buffer_2dINS_5arrayI8ap_fixedILi20ELi10EL9ap_q_mode5EL_111 (load        ) [ 00]
store_ln196                                                                           (store       ) [ 00]
p_ZZN4nnet24compute_output_buffer_2dINS_5arrayI8ap_fixedILi20ELi10EL9ap_q_mode5EL_112 (load        ) [ 00]
store_ln196                                                                           (store       ) [ 00]
p_ZZN4nnet24compute_output_buffer_2dINS_5arrayI8ap_fixedILi20ELi10EL9ap_q_mode5EL_113 (load        ) [ 00]
store_ln196                                                                           (store       ) [ 00]
p_ZZN4nnet24compute_output_buffer_2dINS_5arrayI8ap_fixedILi20ELi10EL9ap_q_mode5EL_114 (load        ) [ 00]
store_ln196                                                                           (store       ) [ 00]
p_ZZN4nnet24compute_output_buffer_2dINS_5arrayI8ap_fixedILi20ELi10EL9ap_q_mode5EL_115 (load        ) [ 00]
store_ln196                                                                           (store       ) [ 00]
p_ZZN4nnet24compute_output_buffer_2dINS_5arrayI8ap_fixedILi20ELi10EL9ap_q_mode5EL_116 (load        ) [ 00]
store_ln196                                                                           (store       ) [ 00]
p_ZZN4nnet24compute_output_buffer_2dINS_5arrayI8ap_fixedILi20ELi10EL9ap_q_mode5EL_117 (load        ) [ 00]
store_ln196                                                                           (store       ) [ 00]
p_ZZN4nnet24compute_output_buffer_2dINS_5arrayI8ap_fixedILi20ELi10EL9ap_q_mode5EL_118 (load        ) [ 00]
store_ln196                                                                           (store       ) [ 00]
p_ZZN4nnet24compute_output_buffer_2dINS_5arrayI8ap_fixedILi20ELi10EL9ap_q_mode5EL_119 (load        ) [ 00]
store_ln196                                                                           (store       ) [ 00]
p_ZZN4nnet24compute_output_buffer_2dINS_5arrayI8ap_fixedILi20ELi10EL9ap_q_mode5EL_120 (load        ) [ 00]
store_ln196                                                                           (store       ) [ 00]
p_ZZN4nnet24compute_output_buffer_2dINS_5arrayI8ap_fixedILi20ELi10EL9ap_q_mode5EL_121 (load        ) [ 00]
store_ln196                                                                           (store       ) [ 00]
p_ZZN4nnet24compute_output_buffer_2dINS_5arrayI8ap_fixedILi20ELi10EL9ap_q_mode5EL_122 (load        ) [ 00]
store_ln196                                                                           (store       ) [ 00]
p_ZZN4nnet24compute_output_buffer_2dINS_5arrayI8ap_fixedILi20ELi10EL9ap_q_mode5EL_123 (load        ) [ 00]
store_ln196                                                                           (store       ) [ 00]
p_ZZN4nnet24compute_output_buffer_2dINS_5arrayI8ap_fixedILi20ELi10EL9ap_q_mode5EL_124 (load        ) [ 00]
store_ln196                                                                           (store       ) [ 00]
p_ZZN4nnet24compute_output_buffer_2dINS_5arrayI8ap_fixedILi20ELi10EL9ap_q_mode5EL_125 (load        ) [ 00]
store_ln196                                                                           (store       ) [ 00]
p_ZZN4nnet24compute_output_buffer_2dINS_5arrayI8ap_fixedILi20ELi10EL9ap_q_mode5EL_126 (load        ) [ 00]
store_ln196                                                                           (store       ) [ 00]
p_ZZN4nnet24compute_output_buffer_2dINS_5arrayI8ap_fixedILi20ELi10EL9ap_q_mode5EL_127 (load        ) [ 00]
store_ln196                                                                           (store       ) [ 00]
p_ZZN4nnet24compute_output_buffer_2dINS_5arrayI8ap_fixedILi20ELi10EL9ap_q_mode5EL_128 (load        ) [ 00]
store_ln196                                                                           (store       ) [ 00]
p_ZZN4nnet24compute_output_buffer_2dINS_5arrayI8ap_fixedILi20ELi10EL9ap_q_mode5EL_129 (load        ) [ 00]
store_ln196                                                                           (store       ) [ 00]
p_ZZN4nnet24compute_output_buffer_2dINS_5arrayI8ap_fixedILi20ELi10EL9ap_q_mode5EL_130 (load        ) [ 00]
store_ln196                                                                           (store       ) [ 00]
p_ZZN4nnet24compute_output_buffer_2dINS_5arrayI8ap_fixedILi20ELi10EL9ap_q_mode5EL_131 (load        ) [ 00]
store_ln196                                                                           (store       ) [ 00]
p_ZZN4nnet24compute_output_buffer_2dINS_5arrayI8ap_fixedILi20ELi10EL9ap_q_mode5EL_132 (load        ) [ 00]
store_ln196                                                                           (store       ) [ 00]
p_ZZN4nnet24compute_output_buffer_2dINS_5arrayI8ap_fixedILi20ELi10EL9ap_q_mode5EL_133 (load        ) [ 00]
store_ln196                                                                           (store       ) [ 00]
p_ZZN4nnet24compute_output_buffer_2dINS_5arrayI8ap_fixedILi20ELi10EL9ap_q_mode5EL_134 (load        ) [ 00]
store_ln196                                                                           (store       ) [ 00]
p_ZZN4nnet24compute_output_buffer_2dINS_5arrayI8ap_fixedILi20ELi10EL9ap_q_mode5EL_135 (load        ) [ 00]
store_ln196                                                                           (store       ) [ 00]
p_ZZN4nnet24compute_output_buffer_2dINS_5arrayI8ap_fixedILi20ELi10EL9ap_q_mode5EL_136 (load        ) [ 00]
store_ln196                                                                           (store       ) [ 00]
p_ZZN4nnet24compute_output_buffer_2dINS_5arrayI8ap_fixedILi20ELi10EL9ap_q_mode5EL_137 (load        ) [ 00]
store_ln196                                                                           (store       ) [ 00]
p_ZZN4nnet24compute_output_buffer_2dINS_5arrayI8ap_fixedILi20ELi10EL9ap_q_mode5EL_138 (load        ) [ 00]
store_ln196                                                                           (store       ) [ 00]
p_ZZN4nnet24compute_output_buffer_2dINS_5arrayI8ap_fixedILi20ELi10EL9ap_q_mode5EL_139 (load        ) [ 00]
store_ln196                                                                           (store       ) [ 00]
p_ZZN4nnet24compute_output_buffer_2dINS_5arrayI8ap_fixedILi20ELi10EL9ap_q_mode5EL_140 (load        ) [ 00]
store_ln196                                                                           (store       ) [ 00]
p_ZZN4nnet24compute_output_buffer_2dINS_5arrayI8ap_fixedILi20ELi10EL9ap_q_mode5EL_141 (load        ) [ 00]
store_ln196                                                                           (store       ) [ 00]
p_ZZN4nnet24compute_output_buffer_2dINS_5arrayI8ap_fixedILi20ELi10EL9ap_q_mode5EL_142 (load        ) [ 00]
store_ln196                                                                           (store       ) [ 00]
p_ZZN4nnet24compute_output_buffer_2dINS_5arrayI8ap_fixedILi20ELi10EL9ap_q_mode5EL_143 (load        ) [ 00]
store_ln196                                                                           (store       ) [ 00]
p_ZZN4nnet24compute_output_buffer_2dINS_5arrayI8ap_fixedILi20ELi10EL9ap_q_mode5EL_144 (load        ) [ 00]
store_ln196                                                                           (store       ) [ 00]
p_ZZN4nnet24compute_output_buffer_2dINS_5arrayI8ap_fixedILi20ELi10EL9ap_q_mode5EL_145 (load        ) [ 00]
store_ln196                                                                           (store       ) [ 00]
p_ZZN4nnet24compute_output_buffer_2dINS_5arrayI8ap_fixedILi20ELi10EL9ap_q_mode5EL_146 (load        ) [ 00]
store_ln196                                                                           (store       ) [ 00]
p_ZZN4nnet24compute_output_buffer_2dINS_5arrayI8ap_fixedILi20ELi10EL9ap_q_mode5EL_147 (load        ) [ 00]
store_ln196                                                                           (store       ) [ 00]
p_ZZN4nnet24compute_output_buffer_2dINS_5arrayI8ap_fixedILi20ELi10EL9ap_q_mode5EL_148 (load        ) [ 00]
store_ln196                                                                           (store       ) [ 00]
p_ZZN4nnet24compute_output_buffer_2dINS_5arrayI8ap_fixedILi20ELi10EL9ap_q_mode5EL_149 (load        ) [ 00]
store_ln196                                                                           (store       ) [ 00]
p_ZZN4nnet24compute_output_buffer_2dINS_5arrayI8ap_fixedILi20ELi10EL9ap_q_mode5EL_150 (load        ) [ 00]
store_ln196                                                                           (store       ) [ 00]
p_ZZN4nnet24compute_output_buffer_2dINS_5arrayI8ap_fixedILi20ELi10EL9ap_q_mode5EL_151 (load        ) [ 00]
store_ln196                                                                           (store       ) [ 00]
p_ZZN4nnet24compute_output_buffer_2dINS_5arrayI8ap_fixedILi20ELi10EL9ap_q_mode5EL_152 (load        ) [ 00]
store_ln196                                                                           (store       ) [ 00]
p_ZZN4nnet24compute_output_buffer_2dINS_5arrayI8ap_fixedILi20ELi10EL9ap_q_mode5EL_153 (load        ) [ 00]
store_ln196                                                                           (store       ) [ 00]
p_ZZN4nnet24compute_output_buffer_2dINS_5arrayI8ap_fixedILi20ELi10EL9ap_q_mode5EL_154 (load        ) [ 00]
store_ln196                                                                           (store       ) [ 00]
p_ZZN4nnet24compute_output_buffer_2dINS_5arrayI8ap_fixedILi20ELi10EL9ap_q_mode5EL_155 (load        ) [ 00]
store_ln196                                                                           (store       ) [ 00]
p_ZZN4nnet24compute_output_buffer_2dINS_5arrayI8ap_fixedILi20ELi10EL9ap_q_mode5EL_156 (load        ) [ 00]
store_ln196                                                                           (store       ) [ 00]
p_ZZN4nnet24compute_output_buffer_2dINS_5arrayI8ap_fixedILi20ELi10EL9ap_q_mode5EL_157 (load        ) [ 00]
store_ln196                                                                           (store       ) [ 00]
p_ZZN4nnet24compute_output_buffer_2dINS_5arrayI8ap_fixedILi20ELi10EL9ap_q_mode5EL_158 (load        ) [ 00]
store_ln196                                                                           (store       ) [ 00]
p_ZZN4nnet24compute_output_buffer_2dINS_5arrayI8ap_fixedILi20ELi10EL9ap_q_mode5EL_159 (load        ) [ 00]
store_ln196                                                                           (store       ) [ 00]
p_ZZN4nnet24compute_output_buffer_2dINS_5arrayI8ap_fixedILi20ELi10EL9ap_q_mode5EL_160 (load        ) [ 00]
store_ln196                                                                           (store       ) [ 00]
p_ZZN4nnet24compute_output_buffer_2dINS_5arrayI8ap_fixedILi20ELi10EL9ap_q_mode5EL_161 (load        ) [ 00]
store_ln196                                                                           (store       ) [ 00]
p_ZZN4nnet24compute_output_buffer_2dINS_5arrayI8ap_fixedILi20ELi10EL9ap_q_mode5EL_162 (load        ) [ 00]
store_ln196                                                                           (store       ) [ 00]
p_ZZN4nnet24compute_output_buffer_2dINS_5arrayI8ap_fixedILi20ELi10EL9ap_q_mode5EL_163 (load        ) [ 00]
store_ln196                                                                           (store       ) [ 00]
p_ZZN4nnet24compute_output_buffer_2dINS_5arrayI8ap_fixedILi20ELi10EL9ap_q_mode5EL_164 (load        ) [ 00]
store_ln196                                                                           (store       ) [ 00]
p_ZZN4nnet24compute_output_buffer_2dINS_5arrayI8ap_fixedILi20ELi10EL9ap_q_mode5EL_165 (load        ) [ 00]
store_ln196                                                                           (store       ) [ 00]
p_ZZN4nnet24compute_output_buffer_2dINS_5arrayI8ap_fixedILi20ELi10EL9ap_q_mode5EL_166 (load        ) [ 00]
store_ln196                                                                           (store       ) [ 00]
p_ZZN4nnet24compute_output_buffer_2dINS_5arrayI8ap_fixedILi20ELi10EL9ap_q_mode5EL_167 (load        ) [ 00]
store_ln196                                                                           (store       ) [ 00]
p_ZZN4nnet24compute_output_buffer_2dINS_5arrayI8ap_fixedILi20ELi10EL9ap_q_mode5EL_168 (load        ) [ 00]
store_ln196                                                                           (store       ) [ 00]
p_ZZN4nnet24compute_output_buffer_2dINS_5arrayI8ap_fixedILi20ELi10EL9ap_q_mode5EL_169 (load        ) [ 00]
store_ln196                                                                           (store       ) [ 00]
store_ln209                                                                           (store       ) [ 00]
store_ln209                                                                           (store       ) [ 00]
store_ln209                                                                           (store       ) [ 00]
store_ln209                                                                           (store       ) [ 00]
store_ln209                                                                           (store       ) [ 00]
store_ln209                                                                           (store       ) [ 00]
store_ln209                                                                           (store       ) [ 00]
store_ln209                                                                           (store       ) [ 00]
store_ln209                                                                           (store       ) [ 00]
store_ln209                                                                           (store       ) [ 00]
store_ln209                                                                           (store       ) [ 00]
store_ln209                                                                           (store       ) [ 00]
store_ln209                                                                           (store       ) [ 00]
store_ln209                                                                           (store       ) [ 00]
store_ln209                                                                           (store       ) [ 00]
store_ln209                                                                           (store       ) [ 00]
store_ln209                                                                           (store       ) [ 00]
store_ln209                                                                           (store       ) [ 00]
store_ln209                                                                           (store       ) [ 00]
store_ln209                                                                           (store       ) [ 00]
store_ln209                                                                           (store       ) [ 00]
store_ln209                                                                           (store       ) [ 00]
store_ln209                                                                           (store       ) [ 00]
store_ln209                                                                           (store       ) [ 00]
store_ln209                                                                           (store       ) [ 00]
store_ln209                                                                           (store       ) [ 00]
store_ln209                                                                           (store       ) [ 00]
store_ln209                                                                           (store       ) [ 00]
store_ln209                                                                           (store       ) [ 00]
store_ln209                                                                           (store       ) [ 00]
store_ln209                                                                           (store       ) [ 00]
store_ln209                                                                           (store       ) [ 00]
store_ln209                                                                           (store       ) [ 00]
store_ln209                                                                           (store       ) [ 00]
store_ln209                                                                           (store       ) [ 00]
store_ln209                                                                           (store       ) [ 00]
ret_ln232                                                                             (ret         ) [ 00]
</LifeTime>

<model>

<comp_list>
<comp id="0" class="1000" name="p_read">
<pin_list>
<pin id="1" dir="1" index="0" bw="1" slack="0"/>
</pin_list>
<bind>
<StgValue><ssdm name="p_read"/></StgValue>
</bind>
</comp>

<comp id="2" class="1000" name="p_read1">
<pin_list>
<pin id="3" dir="1" index="0" bw="1" slack="0"/>
</pin_list>
<bind>
<StgValue><ssdm name="p_read1"/></StgValue>
</bind>
</comp>

<comp id="4" class="1000" name="p_read2">
<pin_list>
<pin id="5" dir="1" index="0" bw="1" slack="0"/>
</pin_list>
<bind>
<StgValue><ssdm name="p_read2"/></StgValue>
</bind>
</comp>

<comp id="6" class="1000" name="p_read3">
<pin_list>
<pin id="7" dir="1" index="0" bw="1" slack="0"/>
</pin_list>
<bind>
<StgValue><ssdm name="p_read3"/></StgValue>
</bind>
</comp>

<comp id="8" class="1000" name="p_read4">
<pin_list>
<pin id="9" dir="1" index="0" bw="1" slack="0"/>
</pin_list>
<bind>
<StgValue><ssdm name="p_read4"/></StgValue>
</bind>
</comp>

<comp id="10" class="1000" name="p_read5">
<pin_list>
<pin id="11" dir="1" index="0" bw="1" slack="0"/>
</pin_list>
<bind>
<StgValue><ssdm name="p_read5"/></StgValue>
</bind>
</comp>

<comp id="12" class="1000" name="p_read6">
<pin_list>
<pin id="13" dir="1" index="0" bw="1" slack="0"/>
</pin_list>
<bind>
<StgValue><ssdm name="p_read6"/></StgValue>
</bind>
</comp>

<comp id="14" class="1000" name="p_read7">
<pin_list>
<pin id="15" dir="1" index="0" bw="1" slack="0"/>
</pin_list>
<bind>
<StgValue><ssdm name="p_read7"/></StgValue>
</bind>
</comp>

<comp id="16" class="1000" name="p_read8">
<pin_list>
<pin id="17" dir="1" index="0" bw="1" slack="0"/>
</pin_list>
<bind>
<StgValue><ssdm name="p_read8"/></StgValue>
</bind>
</comp>

<comp id="18" class="1000" name="p_read9">
<pin_list>
<pin id="19" dir="1" index="0" bw="1" slack="0"/>
</pin_list>
<bind>
<StgValue><ssdm name="p_read9"/></StgValue>
</bind>
</comp>

<comp id="20" class="1000" name="p_read10">
<pin_list>
<pin id="21" dir="1" index="0" bw="1" slack="0"/>
</pin_list>
<bind>
<StgValue><ssdm name="p_read10"/></StgValue>
</bind>
</comp>

<comp id="22" class="1000" name="p_read11">
<pin_list>
<pin id="23" dir="1" index="0" bw="1" slack="0"/>
</pin_list>
<bind>
<StgValue><ssdm name="p_read11"/></StgValue>
</bind>
</comp>

<comp id="24" class="1000" name="p_ZZN4nnet24compute_output_buffer_2dINS_5arrayI8ap_fixedILi20ELi10EL9ap_q_mode5EL_87">
<pin_list>
<pin id="25" dir="1" index="0" bw="1" slack="0"/>
</pin_list>
<bind>
<StgValue><ssdm name="p_ZZN4nnet24compute_output_buffer_2dINS_5arrayI8ap_fixedILi20ELi10EL9ap_q_mode5EL_87"/></StgValue>
</bind>
</comp>

<comp id="26" class="1000" name="void_compute_output_buffer_2d_array_const_ap_shift_reg_n_chan_stream_weig_18">
<pin_list>
<pin id="27" dir="1" index="0" bw="1" slack="0"/>
</pin_list>
<bind>
<StgValue><ssdm name="void_compute_output_buffer_2d_array_const_ap_shift_reg_n_chan_stream_weig_18"/></StgValue>
</bind>
</comp>

<comp id="28" class="1000" name="p_ZZN4nnet24compute_output_buffer_2dINS_5arrayI8ap_fixedILi20ELi10EL9ap_q_mode5EL_86">
<pin_list>
<pin id="29" dir="1" index="0" bw="1" slack="0"/>
</pin_list>
<bind>
<StgValue><ssdm name="p_ZZN4nnet24compute_output_buffer_2dINS_5arrayI8ap_fixedILi20ELi10EL9ap_q_mode5EL_86"/></StgValue>
</bind>
</comp>

<comp id="30" class="1000" name="void_compute_output_buffer_2d_array_const_ap_shift_reg_n_chan_stream_weig_17">
<pin_list>
<pin id="31" dir="1" index="0" bw="1" slack="0"/>
</pin_list>
<bind>
<StgValue><ssdm name="void_compute_output_buffer_2d_array_const_ap_shift_reg_n_chan_stream_weig_17"/></StgValue>
</bind>
</comp>

<comp id="32" class="1000" name="p_ZZN4nnet24compute_output_buffer_2dINS_5arrayI8ap_fixedILi20ELi10EL9ap_q_mode5EL_85">
<pin_list>
<pin id="33" dir="1" index="0" bw="1" slack="0"/>
</pin_list>
<bind>
<StgValue><ssdm name="p_ZZN4nnet24compute_output_buffer_2dINS_5arrayI8ap_fixedILi20ELi10EL9ap_q_mode5EL_85"/></StgValue>
</bind>
</comp>

<comp id="34" class="1000" name="void_compute_output_buffer_2d_array_const_ap_shift_reg_n_chan_stream_weig_16">
<pin_list>
<pin id="35" dir="1" index="0" bw="1" slack="0"/>
</pin_list>
<bind>
<StgValue><ssdm name="void_compute_output_buffer_2d_array_const_ap_shift_reg_n_chan_stream_weig_16"/></StgValue>
</bind>
</comp>

<comp id="36" class="1000" name="p_ZZN4nnet24compute_output_buffer_2dINS_5arrayI8ap_fixedILi20ELi10EL9ap_q_mode5EL_84">
<pin_list>
<pin id="37" dir="1" index="0" bw="1" slack="0"/>
</pin_list>
<bind>
<StgValue><ssdm name="p_ZZN4nnet24compute_output_buffer_2dINS_5arrayI8ap_fixedILi20ELi10EL9ap_q_mode5EL_84"/></StgValue>
</bind>
</comp>

<comp id="38" class="1000" name="void_compute_output_buffer_2d_array_const_ap_shift_reg_n_chan_stream_weig_15">
<pin_list>
<pin id="39" dir="1" index="0" bw="1" slack="0"/>
</pin_list>
<bind>
<StgValue><ssdm name="void_compute_output_buffer_2d_array_const_ap_shift_reg_n_chan_stream_weig_15"/></StgValue>
</bind>
</comp>

<comp id="40" class="1000" name="p_ZZN4nnet24compute_output_buffer_2dINS_5arrayI8ap_fixedILi20ELi10EL9ap_q_mode5EL_83">
<pin_list>
<pin id="41" dir="1" index="0" bw="1" slack="0"/>
</pin_list>
<bind>
<StgValue><ssdm name="p_ZZN4nnet24compute_output_buffer_2dINS_5arrayI8ap_fixedILi20ELi10EL9ap_q_mode5EL_83"/></StgValue>
</bind>
</comp>

<comp id="42" class="1000" name="void_compute_output_buffer_2d_array_const_ap_shift_reg_n_chan_stream_weig_14">
<pin_list>
<pin id="43" dir="1" index="0" bw="1" slack="0"/>
</pin_list>
<bind>
<StgValue><ssdm name="void_compute_output_buffer_2d_array_const_ap_shift_reg_n_chan_stream_weig_14"/></StgValue>
</bind>
</comp>

<comp id="44" class="1000" name="p_ZZN4nnet24compute_output_buffer_2dINS_5arrayI8ap_fixedILi20ELi10EL9ap_q_mode5EL_82">
<pin_list>
<pin id="45" dir="1" index="0" bw="1" slack="0"/>
</pin_list>
<bind>
<StgValue><ssdm name="p_ZZN4nnet24compute_output_buffer_2dINS_5arrayI8ap_fixedILi20ELi10EL9ap_q_mode5EL_82"/></StgValue>
</bind>
</comp>

<comp id="46" class="1000" name="void_compute_output_buffer_2d_array_const_ap_shift_reg_n_chan_stream_weig_13">
<pin_list>
<pin id="47" dir="1" index="0" bw="1" slack="0"/>
</pin_list>
<bind>
<StgValue><ssdm name="void_compute_output_buffer_2d_array_const_ap_shift_reg_n_chan_stream_weig_13"/></StgValue>
</bind>
</comp>

<comp id="48" class="1000" name="p_ZZN4nnet24compute_output_buffer_2dINS_5arrayI8ap_fixedILi20ELi10EL9ap_q_mode5EL_81">
<pin_list>
<pin id="49" dir="1" index="0" bw="1" slack="0"/>
</pin_list>
<bind>
<StgValue><ssdm name="p_ZZN4nnet24compute_output_buffer_2dINS_5arrayI8ap_fixedILi20ELi10EL9ap_q_mode5EL_81"/></StgValue>
</bind>
</comp>

<comp id="50" class="1000" name="void_compute_output_buffer_2d_array_const_ap_shift_reg_n_chan_stream_weig_12">
<pin_list>
<pin id="51" dir="1" index="0" bw="1" slack="0"/>
</pin_list>
<bind>
<StgValue><ssdm name="void_compute_output_buffer_2d_array_const_ap_shift_reg_n_chan_stream_weig_12"/></StgValue>
</bind>
</comp>

<comp id="52" class="1000" name="p_ZZN4nnet24compute_output_buffer_2dINS_5arrayI8ap_fixedILi20ELi10EL9ap_q_mode5EL_80">
<pin_list>
<pin id="53" dir="1" index="0" bw="1" slack="0"/>
</pin_list>
<bind>
<StgValue><ssdm name="p_ZZN4nnet24compute_output_buffer_2dINS_5arrayI8ap_fixedILi20ELi10EL9ap_q_mode5EL_80"/></StgValue>
</bind>
</comp>

<comp id="54" class="1000" name="void_compute_output_buffer_2d_array_const_ap_shift_reg_n_chan_stream_weig_11">
<pin_list>
<pin id="55" dir="1" index="0" bw="1" slack="0"/>
</pin_list>
<bind>
<StgValue><ssdm name="void_compute_output_buffer_2d_array_const_ap_shift_reg_n_chan_stream_weig_11"/></StgValue>
</bind>
</comp>

<comp id="56" class="1000" name="p_ZZN4nnet24compute_output_buffer_2dINS_5arrayI8ap_fixedILi20ELi10EL9ap_q_mode5EL_79">
<pin_list>
<pin id="57" dir="1" index="0" bw="1" slack="0"/>
</pin_list>
<bind>
<StgValue><ssdm name="p_ZZN4nnet24compute_output_buffer_2dINS_5arrayI8ap_fixedILi20ELi10EL9ap_q_mode5EL_79"/></StgValue>
</bind>
</comp>

<comp id="58" class="1000" name="void_compute_output_buffer_2d_array_const_ap_shift_reg_n_chan_stream_weig_10">
<pin_list>
<pin id="59" dir="1" index="0" bw="1" slack="0"/>
</pin_list>
<bind>
<StgValue><ssdm name="void_compute_output_buffer_2d_array_const_ap_shift_reg_n_chan_stream_weig_10"/></StgValue>
</bind>
</comp>

<comp id="60" class="1000" name="p_ZZN4nnet24compute_output_buffer_2dINS_5arrayI8ap_fixedILi20ELi10EL9ap_q_mode5EL_78">
<pin_list>
<pin id="61" dir="1" index="0" bw="1" slack="0"/>
</pin_list>
<bind>
<StgValue><ssdm name="p_ZZN4nnet24compute_output_buffer_2dINS_5arrayI8ap_fixedILi20ELi10EL9ap_q_mode5EL_78"/></StgValue>
</bind>
</comp>

<comp id="62" class="1000" name="void_compute_output_buffer_2d_array_const_ap_shift_reg_n_chan_stream_weig_9">
<pin_list>
<pin id="63" dir="1" index="0" bw="1" slack="0"/>
</pin_list>
<bind>
<StgValue><ssdm name="void_compute_output_buffer_2d_array_const_ap_shift_reg_n_chan_stream_weig_9"/></StgValue>
</bind>
</comp>

<comp id="64" class="1000" name="p_ZZN4nnet24compute_output_buffer_2dINS_5arrayI8ap_fixedILi20ELi10EL9ap_q_mode5EL_77">
<pin_list>
<pin id="65" dir="1" index="0" bw="1" slack="0"/>
</pin_list>
<bind>
<StgValue><ssdm name="p_ZZN4nnet24compute_output_buffer_2dINS_5arrayI8ap_fixedILi20ELi10EL9ap_q_mode5EL_77"/></StgValue>
</bind>
</comp>

<comp id="66" class="1000" name="p_ZZN4nnet24compute_output_buffer_2dINS_5arrayI8ap_fixedILi20ELi10EL9ap_q_mode5EL_97">
<pin_list>
<pin id="67" dir="1" index="0" bw="1" slack="0"/>
</pin_list>
<bind>
<StgValue><ssdm name="p_ZZN4nnet24compute_output_buffer_2dINS_5arrayI8ap_fixedILi20ELi10EL9ap_q_mode5EL_97"/></StgValue>
</bind>
</comp>

<comp id="68" class="1000" name="p_ZZN4nnet24compute_output_buffer_2dINS_5arrayI8ap_fixedILi20ELi10EL9ap_q_mode5EL_76">
<pin_list>
<pin id="69" dir="1" index="0" bw="1" slack="0"/>
</pin_list>
<bind>
<StgValue><ssdm name="p_ZZN4nnet24compute_output_buffer_2dINS_5arrayI8ap_fixedILi20ELi10EL9ap_q_mode5EL_76"/></StgValue>
</bind>
</comp>

<comp id="70" class="1000" name="p_ZZN4nnet24compute_output_buffer_2dINS_5arrayI8ap_fixedILi20ELi10EL9ap_q_mode5EL_88">
<pin_list>
<pin id="71" dir="1" index="0" bw="1" slack="0"/>
</pin_list>
<bind>
<StgValue><ssdm name="p_ZZN4nnet24compute_output_buffer_2dINS_5arrayI8ap_fixedILi20ELi10EL9ap_q_mode5EL_88"/></StgValue>
</bind>
</comp>

<comp id="72" class="1000" name="p_ZZN4nnet24compute_output_buffer_2dINS_5arrayI8ap_fixedILi20ELi10EL9ap_q_mode5EL_51">
<pin_list>
<pin id="73" dir="1" index="0" bw="1" slack="0"/>
</pin_list>
<bind>
<StgValue><ssdm name="p_ZZN4nnet24compute_output_buffer_2dINS_5arrayI8ap_fixedILi20ELi10EL9ap_q_mode5EL_51"/></StgValue>
</bind>
</comp>

<comp id="74" class="1000" name="p_ZZN4nnet24compute_output_buffer_2dINS_5arrayI8ap_fixedILi20ELi10EL9ap_q_mode5EL_63">
<pin_list>
<pin id="75" dir="1" index="0" bw="1" slack="0"/>
</pin_list>
<bind>
<StgValue><ssdm name="p_ZZN4nnet24compute_output_buffer_2dINS_5arrayI8ap_fixedILi20ELi10EL9ap_q_mode5EL_63"/></StgValue>
</bind>
</comp>

<comp id="76" class="1000" name="p_ZZN4nnet24compute_output_buffer_2dINS_5arrayI8ap_fixedILi20ELi10EL9ap_q_mode5EL_50">
<pin_list>
<pin id="77" dir="1" index="0" bw="1" slack="0"/>
</pin_list>
<bind>
<StgValue><ssdm name="p_ZZN4nnet24compute_output_buffer_2dINS_5arrayI8ap_fixedILi20ELi10EL9ap_q_mode5EL_50"/></StgValue>
</bind>
</comp>

<comp id="78" class="1000" name="p_ZZN4nnet24compute_output_buffer_2dINS_5arrayI8ap_fixedILi20ELi10EL9ap_q_mode5EL_62">
<pin_list>
<pin id="79" dir="1" index="0" bw="1" slack="0"/>
</pin_list>
<bind>
<StgValue><ssdm name="p_ZZN4nnet24compute_output_buffer_2dINS_5arrayI8ap_fixedILi20ELi10EL9ap_q_mode5EL_62"/></StgValue>
</bind>
</comp>

<comp id="80" class="1000" name="p_ZZN4nnet24compute_output_buffer_2dINS_5arrayI8ap_fixedILi20ELi10EL9ap_q_mode5EL_49">
<pin_list>
<pin id="81" dir="1" index="0" bw="1" slack="0"/>
</pin_list>
<bind>
<StgValue><ssdm name="p_ZZN4nnet24compute_output_buffer_2dINS_5arrayI8ap_fixedILi20ELi10EL9ap_q_mode5EL_49"/></StgValue>
</bind>
</comp>

<comp id="82" class="1000" name="p_ZZN4nnet24compute_output_buffer_2dINS_5arrayI8ap_fixedILi20ELi10EL9ap_q_mode5EL_61">
<pin_list>
<pin id="83" dir="1" index="0" bw="1" slack="0"/>
</pin_list>
<bind>
<StgValue><ssdm name="p_ZZN4nnet24compute_output_buffer_2dINS_5arrayI8ap_fixedILi20ELi10EL9ap_q_mode5EL_61"/></StgValue>
</bind>
</comp>

<comp id="84" class="1000" name="p_ZZN4nnet24compute_output_buffer_2dINS_5arrayI8ap_fixedILi20ELi10EL9ap_q_mode5EL_48">
<pin_list>
<pin id="85" dir="1" index="0" bw="1" slack="0"/>
</pin_list>
<bind>
<StgValue><ssdm name="p_ZZN4nnet24compute_output_buffer_2dINS_5arrayI8ap_fixedILi20ELi10EL9ap_q_mode5EL_48"/></StgValue>
</bind>
</comp>

<comp id="86" class="1000" name="p_ZZN4nnet24compute_output_buffer_2dINS_5arrayI8ap_fixedILi20ELi10EL9ap_q_mode5EL_60">
<pin_list>
<pin id="87" dir="1" index="0" bw="1" slack="0"/>
</pin_list>
<bind>
<StgValue><ssdm name="p_ZZN4nnet24compute_output_buffer_2dINS_5arrayI8ap_fixedILi20ELi10EL9ap_q_mode5EL_60"/></StgValue>
</bind>
</comp>

<comp id="88" class="1000" name="p_ZZN4nnet24compute_output_buffer_2dINS_5arrayI8ap_fixedILi20ELi10EL9ap_q_mode5EL_47">
<pin_list>
<pin id="89" dir="1" index="0" bw="1" slack="0"/>
</pin_list>
<bind>
<StgValue><ssdm name="p_ZZN4nnet24compute_output_buffer_2dINS_5arrayI8ap_fixedILi20ELi10EL9ap_q_mode5EL_47"/></StgValue>
</bind>
</comp>

<comp id="90" class="1000" name="p_ZZN4nnet24compute_output_buffer_2dINS_5arrayI8ap_fixedILi20ELi10EL9ap_q_mode5EL_59">
<pin_list>
<pin id="91" dir="1" index="0" bw="1" slack="0"/>
</pin_list>
<bind>
<StgValue><ssdm name="p_ZZN4nnet24compute_output_buffer_2dINS_5arrayI8ap_fixedILi20ELi10EL9ap_q_mode5EL_59"/></StgValue>
</bind>
</comp>

<comp id="92" class="1000" name="p_ZZN4nnet24compute_output_buffer_2dINS_5arrayI8ap_fixedILi20ELi10EL9ap_q_mode5EL_46">
<pin_list>
<pin id="93" dir="1" index="0" bw="1" slack="0"/>
</pin_list>
<bind>
<StgValue><ssdm name="p_ZZN4nnet24compute_output_buffer_2dINS_5arrayI8ap_fixedILi20ELi10EL9ap_q_mode5EL_46"/></StgValue>
</bind>
</comp>

<comp id="94" class="1000" name="p_ZZN4nnet24compute_output_buffer_2dINS_5arrayI8ap_fixedILi20ELi10EL9ap_q_mode5EL_58">
<pin_list>
<pin id="95" dir="1" index="0" bw="1" slack="0"/>
</pin_list>
<bind>
<StgValue><ssdm name="p_ZZN4nnet24compute_output_buffer_2dINS_5arrayI8ap_fixedILi20ELi10EL9ap_q_mode5EL_58"/></StgValue>
</bind>
</comp>

<comp id="96" class="1000" name="p_ZZN4nnet24compute_output_buffer_2dINS_5arrayI8ap_fixedILi20ELi10EL9ap_q_mode5EL_45">
<pin_list>
<pin id="97" dir="1" index="0" bw="1" slack="0"/>
</pin_list>
<bind>
<StgValue><ssdm name="p_ZZN4nnet24compute_output_buffer_2dINS_5arrayI8ap_fixedILi20ELi10EL9ap_q_mode5EL_45"/></StgValue>
</bind>
</comp>

<comp id="98" class="1000" name="p_ZZN4nnet24compute_output_buffer_2dINS_5arrayI8ap_fixedILi20ELi10EL9ap_q_mode5EL_57">
<pin_list>
<pin id="99" dir="1" index="0" bw="1" slack="0"/>
</pin_list>
<bind>
<StgValue><ssdm name="p_ZZN4nnet24compute_output_buffer_2dINS_5arrayI8ap_fixedILi20ELi10EL9ap_q_mode5EL_57"/></StgValue>
</bind>
</comp>

<comp id="100" class="1000" name="p_ZZN4nnet24compute_output_buffer_2dINS_5arrayI8ap_fixedILi20ELi10EL9ap_q_mode5EL_44">
<pin_list>
<pin id="101" dir="1" index="0" bw="1" slack="0"/>
</pin_list>
<bind>
<StgValue><ssdm name="p_ZZN4nnet24compute_output_buffer_2dINS_5arrayI8ap_fixedILi20ELi10EL9ap_q_mode5EL_44"/></StgValue>
</bind>
</comp>

<comp id="102" class="1000" name="p_ZZN4nnet24compute_output_buffer_2dINS_5arrayI8ap_fixedILi20ELi10EL9ap_q_mode5EL_56">
<pin_list>
<pin id="103" dir="1" index="0" bw="1" slack="0"/>
</pin_list>
<bind>
<StgValue><ssdm name="p_ZZN4nnet24compute_output_buffer_2dINS_5arrayI8ap_fixedILi20ELi10EL9ap_q_mode5EL_56"/></StgValue>
</bind>
</comp>

<comp id="104" class="1000" name="p_ZZN4nnet24compute_output_buffer_2dINS_5arrayI8ap_fixedILi20ELi10EL9ap_q_mode5EL_43">
<pin_list>
<pin id="105" dir="1" index="0" bw="1" slack="0"/>
</pin_list>
<bind>
<StgValue><ssdm name="p_ZZN4nnet24compute_output_buffer_2dINS_5arrayI8ap_fixedILi20ELi10EL9ap_q_mode5EL_43"/></StgValue>
</bind>
</comp>

<comp id="106" class="1000" name="p_ZZN4nnet24compute_output_buffer_2dINS_5arrayI8ap_fixedILi20ELi10EL9ap_q_mode5EL_55">
<pin_list>
<pin id="107" dir="1" index="0" bw="1" slack="0"/>
</pin_list>
<bind>
<StgValue><ssdm name="p_ZZN4nnet24compute_output_buffer_2dINS_5arrayI8ap_fixedILi20ELi10EL9ap_q_mode5EL_55"/></StgValue>
</bind>
</comp>

<comp id="108" class="1000" name="p_ZZN4nnet24compute_output_buffer_2dINS_5arrayI8ap_fixedILi20ELi10EL9ap_q_mode5EL_42">
<pin_list>
<pin id="109" dir="1" index="0" bw="1" slack="0"/>
</pin_list>
<bind>
<StgValue><ssdm name="p_ZZN4nnet24compute_output_buffer_2dINS_5arrayI8ap_fixedILi20ELi10EL9ap_q_mode5EL_42"/></StgValue>
</bind>
</comp>

<comp id="110" class="1000" name="p_ZZN4nnet24compute_output_buffer_2dINS_5arrayI8ap_fixedILi20ELi10EL9ap_q_mode5EL_54">
<pin_list>
<pin id="111" dir="1" index="0" bw="1" slack="0"/>
</pin_list>
<bind>
<StgValue><ssdm name="p_ZZN4nnet24compute_output_buffer_2dINS_5arrayI8ap_fixedILi20ELi10EL9ap_q_mode5EL_54"/></StgValue>
</bind>
</comp>

<comp id="112" class="1000" name="p_ZZN4nnet24compute_output_buffer_2dINS_5arrayI8ap_fixedILi20ELi10EL9ap_q_mode5EL_41">
<pin_list>
<pin id="113" dir="1" index="0" bw="1" slack="0"/>
</pin_list>
<bind>
<StgValue><ssdm name="p_ZZN4nnet24compute_output_buffer_2dINS_5arrayI8ap_fixedILi20ELi10EL9ap_q_mode5EL_41"/></StgValue>
</bind>
</comp>

<comp id="114" class="1000" name="p_ZZN4nnet24compute_output_buffer_2dINS_5arrayI8ap_fixedILi20ELi10EL9ap_q_mode5EL_53">
<pin_list>
<pin id="115" dir="1" index="0" bw="1" slack="0"/>
</pin_list>
<bind>
<StgValue><ssdm name="p_ZZN4nnet24compute_output_buffer_2dINS_5arrayI8ap_fixedILi20ELi10EL9ap_q_mode5EL_53"/></StgValue>
</bind>
</comp>

<comp id="116" class="1000" name="p_ZZN4nnet24compute_output_buffer_2dINS_5arrayI8ap_fixedILi20ELi10EL9ap_q_mode5EL_40">
<pin_list>
<pin id="117" dir="1" index="0" bw="1" slack="0"/>
</pin_list>
<bind>
<StgValue><ssdm name="p_ZZN4nnet24compute_output_buffer_2dINS_5arrayI8ap_fixedILi20ELi10EL9ap_q_mode5EL_40"/></StgValue>
</bind>
</comp>

<comp id="118" class="1000" name="p_ZZN4nnet24compute_output_buffer_2dINS_5arrayI8ap_fixedILi20ELi10EL9ap_q_mode5EL_52">
<pin_list>
<pin id="119" dir="1" index="0" bw="1" slack="0"/>
</pin_list>
<bind>
<StgValue><ssdm name="p_ZZN4nnet24compute_output_buffer_2dINS_5arrayI8ap_fixedILi20ELi10EL9ap_q_mode5EL_52"/></StgValue>
</bind>
</comp>

<comp id="120" class="1000" name="p_ZZN4nnet24compute_output_buffer_2dINS_5arrayI8ap_fixedILi20ELi10EL9ap_q_mode5EL_15">
<pin_list>
<pin id="121" dir="1" index="0" bw="1" slack="0"/>
</pin_list>
<bind>
<StgValue><ssdm name="p_ZZN4nnet24compute_output_buffer_2dINS_5arrayI8ap_fixedILi20ELi10EL9ap_q_mode5EL_15"/></StgValue>
</bind>
</comp>

<comp id="122" class="1000" name="p_ZZN4nnet24compute_output_buffer_2dINS_5arrayI8ap_fixedILi20ELi10EL9ap_q_mode5EL_27">
<pin_list>
<pin id="123" dir="1" index="0" bw="1" slack="0"/>
</pin_list>
<bind>
<StgValue><ssdm name="p_ZZN4nnet24compute_output_buffer_2dINS_5arrayI8ap_fixedILi20ELi10EL9ap_q_mode5EL_27"/></StgValue>
</bind>
</comp>

<comp id="124" class="1000" name="p_ZZN4nnet24compute_output_buffer_2dINS_5arrayI8ap_fixedILi20ELi10EL9ap_q_mode5EL_14">
<pin_list>
<pin id="125" dir="1" index="0" bw="1" slack="0"/>
</pin_list>
<bind>
<StgValue><ssdm name="p_ZZN4nnet24compute_output_buffer_2dINS_5arrayI8ap_fixedILi20ELi10EL9ap_q_mode5EL_14"/></StgValue>
</bind>
</comp>

<comp id="126" class="1000" name="p_ZZN4nnet24compute_output_buffer_2dINS_5arrayI8ap_fixedILi20ELi10EL9ap_q_mode5EL_26">
<pin_list>
<pin id="127" dir="1" index="0" bw="1" slack="0"/>
</pin_list>
<bind>
<StgValue><ssdm name="p_ZZN4nnet24compute_output_buffer_2dINS_5arrayI8ap_fixedILi20ELi10EL9ap_q_mode5EL_26"/></StgValue>
</bind>
</comp>

<comp id="128" class="1000" name="p_ZZN4nnet24compute_output_buffer_2dINS_5arrayI8ap_fixedILi20ELi10EL9ap_q_mode5EL_13">
<pin_list>
<pin id="129" dir="1" index="0" bw="1" slack="0"/>
</pin_list>
<bind>
<StgValue><ssdm name="p_ZZN4nnet24compute_output_buffer_2dINS_5arrayI8ap_fixedILi20ELi10EL9ap_q_mode5EL_13"/></StgValue>
</bind>
</comp>

<comp id="130" class="1000" name="p_ZZN4nnet24compute_output_buffer_2dINS_5arrayI8ap_fixedILi20ELi10EL9ap_q_mode5EL_25">
<pin_list>
<pin id="131" dir="1" index="0" bw="1" slack="0"/>
</pin_list>
<bind>
<StgValue><ssdm name="p_ZZN4nnet24compute_output_buffer_2dINS_5arrayI8ap_fixedILi20ELi10EL9ap_q_mode5EL_25"/></StgValue>
</bind>
</comp>

<comp id="132" class="1000" name="p_ZZN4nnet24compute_output_buffer_2dINS_5arrayI8ap_fixedILi20ELi10EL9ap_q_mode5EL_12">
<pin_list>
<pin id="133" dir="1" index="0" bw="1" slack="0"/>
</pin_list>
<bind>
<StgValue><ssdm name="p_ZZN4nnet24compute_output_buffer_2dINS_5arrayI8ap_fixedILi20ELi10EL9ap_q_mode5EL_12"/></StgValue>
</bind>
</comp>

<comp id="134" class="1000" name="p_ZZN4nnet24compute_output_buffer_2dINS_5arrayI8ap_fixedILi20ELi10EL9ap_q_mode5EL_24">
<pin_list>
<pin id="135" dir="1" index="0" bw="1" slack="0"/>
</pin_list>
<bind>
<StgValue><ssdm name="p_ZZN4nnet24compute_output_buffer_2dINS_5arrayI8ap_fixedILi20ELi10EL9ap_q_mode5EL_24"/></StgValue>
</bind>
</comp>

<comp id="136" class="1000" name="p_ZZN4nnet24compute_output_buffer_2dINS_5arrayI8ap_fixedILi20ELi10EL9ap_q_mode5EL_11">
<pin_list>
<pin id="137" dir="1" index="0" bw="1" slack="0"/>
</pin_list>
<bind>
<StgValue><ssdm name="p_ZZN4nnet24compute_output_buffer_2dINS_5arrayI8ap_fixedILi20ELi10EL9ap_q_mode5EL_11"/></StgValue>
</bind>
</comp>

<comp id="138" class="1000" name="p_ZZN4nnet24compute_output_buffer_2dINS_5arrayI8ap_fixedILi20ELi10EL9ap_q_mode5EL_23">
<pin_list>
<pin id="139" dir="1" index="0" bw="1" slack="0"/>
</pin_list>
<bind>
<StgValue><ssdm name="p_ZZN4nnet24compute_output_buffer_2dINS_5arrayI8ap_fixedILi20ELi10EL9ap_q_mode5EL_23"/></StgValue>
</bind>
</comp>

<comp id="140" class="1000" name="p_ZZN4nnet24compute_output_buffer_2dINS_5arrayI8ap_fixedILi20ELi10EL9ap_q_mode5EL_10">
<pin_list>
<pin id="141" dir="1" index="0" bw="1" slack="0"/>
</pin_list>
<bind>
<StgValue><ssdm name="p_ZZN4nnet24compute_output_buffer_2dINS_5arrayI8ap_fixedILi20ELi10EL9ap_q_mode5EL_10"/></StgValue>
</bind>
</comp>

<comp id="142" class="1000" name="p_ZZN4nnet24compute_output_buffer_2dINS_5arrayI8ap_fixedILi20ELi10EL9ap_q_mode5EL_22">
<pin_list>
<pin id="143" dir="1" index="0" bw="1" slack="0"/>
</pin_list>
<bind>
<StgValue><ssdm name="p_ZZN4nnet24compute_output_buffer_2dINS_5arrayI8ap_fixedILi20ELi10EL9ap_q_mode5EL_22"/></StgValue>
</bind>
</comp>

<comp id="144" class="1000" name="p_ZZN4nnet24compute_output_buffer_2dINS_5arrayI8ap_fixedILi20ELi10EL9ap_q_mode5EL_9">
<pin_list>
<pin id="145" dir="1" index="0" bw="1" slack="0"/>
</pin_list>
<bind>
<StgValue><ssdm name="p_ZZN4nnet24compute_output_buffer_2dINS_5arrayI8ap_fixedILi20ELi10EL9ap_q_mode5EL_9"/></StgValue>
</bind>
</comp>

<comp id="146" class="1000" name="p_ZZN4nnet24compute_output_buffer_2dINS_5arrayI8ap_fixedILi20ELi10EL9ap_q_mode5EL_21">
<pin_list>
<pin id="147" dir="1" index="0" bw="1" slack="0"/>
</pin_list>
<bind>
<StgValue><ssdm name="p_ZZN4nnet24compute_output_buffer_2dINS_5arrayI8ap_fixedILi20ELi10EL9ap_q_mode5EL_21"/></StgValue>
</bind>
</comp>

<comp id="148" class="1000" name="p_ZZN4nnet24compute_output_buffer_2dINS_5arrayI8ap_fixedILi20ELi10EL9ap_q_mode5EL_8">
<pin_list>
<pin id="149" dir="1" index="0" bw="1" slack="0"/>
</pin_list>
<bind>
<StgValue><ssdm name="p_ZZN4nnet24compute_output_buffer_2dINS_5arrayI8ap_fixedILi20ELi10EL9ap_q_mode5EL_8"/></StgValue>
</bind>
</comp>

<comp id="150" class="1000" name="p_ZZN4nnet24compute_output_buffer_2dINS_5arrayI8ap_fixedILi20ELi10EL9ap_q_mode5EL_20">
<pin_list>
<pin id="151" dir="1" index="0" bw="1" slack="0"/>
</pin_list>
<bind>
<StgValue><ssdm name="p_ZZN4nnet24compute_output_buffer_2dINS_5arrayI8ap_fixedILi20ELi10EL9ap_q_mode5EL_20"/></StgValue>
</bind>
</comp>

<comp id="152" class="1000" name="p_ZZN4nnet24compute_output_buffer_2dINS_5arrayI8ap_fixedILi20ELi10EL9ap_q_mode5EL_7">
<pin_list>
<pin id="153" dir="1" index="0" bw="1" slack="0"/>
</pin_list>
<bind>
<StgValue><ssdm name="p_ZZN4nnet24compute_output_buffer_2dINS_5arrayI8ap_fixedILi20ELi10EL9ap_q_mode5EL_7"/></StgValue>
</bind>
</comp>

<comp id="154" class="1000" name="p_ZZN4nnet24compute_output_buffer_2dINS_5arrayI8ap_fixedILi20ELi10EL9ap_q_mode5EL_19">
<pin_list>
<pin id="155" dir="1" index="0" bw="1" slack="0"/>
</pin_list>
<bind>
<StgValue><ssdm name="p_ZZN4nnet24compute_output_buffer_2dINS_5arrayI8ap_fixedILi20ELi10EL9ap_q_mode5EL_19"/></StgValue>
</bind>
</comp>

<comp id="156" class="1000" name="p_ZZN4nnet24compute_output_buffer_2dINS_5arrayI8ap_fixedILi20ELi10EL9ap_q_mode5EL_6">
<pin_list>
<pin id="157" dir="1" index="0" bw="1" slack="0"/>
</pin_list>
<bind>
<StgValue><ssdm name="p_ZZN4nnet24compute_output_buffer_2dINS_5arrayI8ap_fixedILi20ELi10EL9ap_q_mode5EL_6"/></StgValue>
</bind>
</comp>

<comp id="158" class="1000" name="p_ZZN4nnet24compute_output_buffer_2dINS_5arrayI8ap_fixedILi20ELi10EL9ap_q_mode5EL_18">
<pin_list>
<pin id="159" dir="1" index="0" bw="1" slack="0"/>
</pin_list>
<bind>
<StgValue><ssdm name="p_ZZN4nnet24compute_output_buffer_2dINS_5arrayI8ap_fixedILi20ELi10EL9ap_q_mode5EL_18"/></StgValue>
</bind>
</comp>

<comp id="160" class="1000" name="p_ZZN4nnet24compute_output_buffer_2dINS_5arrayI8ap_fixedILi20ELi10EL9ap_q_mode5EL_5">
<pin_list>
<pin id="161" dir="1" index="0" bw="1" slack="0"/>
</pin_list>
<bind>
<StgValue><ssdm name="p_ZZN4nnet24compute_output_buffer_2dINS_5arrayI8ap_fixedILi20ELi10EL9ap_q_mode5EL_5"/></StgValue>
</bind>
</comp>

<comp id="162" class="1000" name="p_ZZN4nnet24compute_output_buffer_2dINS_5arrayI8ap_fixedILi20ELi10EL9ap_q_mode5EL_17">
<pin_list>
<pin id="163" dir="1" index="0" bw="1" slack="0"/>
</pin_list>
<bind>
<StgValue><ssdm name="p_ZZN4nnet24compute_output_buffer_2dINS_5arrayI8ap_fixedILi20ELi10EL9ap_q_mode5EL_17"/></StgValue>
</bind>
</comp>

<comp id="164" class="1000" name="p_ZZN4nnet24compute_output_buffer_2dINS_5arrayI8ap_fixedILi20ELi10EL9ap_q_mode5EL_4">
<pin_list>
<pin id="165" dir="1" index="0" bw="1" slack="0"/>
</pin_list>
<bind>
<StgValue><ssdm name="p_ZZN4nnet24compute_output_buffer_2dINS_5arrayI8ap_fixedILi20ELi10EL9ap_q_mode5EL_4"/></StgValue>
</bind>
</comp>

<comp id="166" class="1000" name="p_ZZN4nnet24compute_output_buffer_2dINS_5arrayI8ap_fixedILi20ELi10EL9ap_q_mode5EL_16">
<pin_list>
<pin id="167" dir="1" index="0" bw="1" slack="0"/>
</pin_list>
<bind>
<StgValue><ssdm name="p_ZZN4nnet24compute_output_buffer_2dINS_5arrayI8ap_fixedILi20ELi10EL9ap_q_mode5EL_16"/></StgValue>
</bind>
</comp>

<comp id="168" class="1000" name="p_ZZN4nnet24compute_output_buffer_2dINS_5arrayI8ap_fixedILi20ELi10EL9ap_q_mode5EL_75">
<pin_list>
<pin id="169" dir="1" index="0" bw="1" slack="0"/>
</pin_list>
<bind>
<StgValue><ssdm name="p_ZZN4nnet24compute_output_buffer_2dINS_5arrayI8ap_fixedILi20ELi10EL9ap_q_mode5EL_75"/></StgValue>
</bind>
</comp>

<comp id="170" class="1000" name="p_ZZN4nnet24compute_output_buffer_2dINS_5arrayI8ap_fixedILi20ELi10EL9ap_q_mode5EL_74">
<pin_list>
<pin id="171" dir="1" index="0" bw="1" slack="0"/>
</pin_list>
<bind>
<StgValue><ssdm name="p_ZZN4nnet24compute_output_buffer_2dINS_5arrayI8ap_fixedILi20ELi10EL9ap_q_mode5EL_74"/></StgValue>
</bind>
</comp>

<comp id="172" class="1000" name="p_ZZN4nnet24compute_output_buffer_2dINS_5arrayI8ap_fixedILi20ELi10EL9ap_q_mode5EL_73">
<pin_list>
<pin id="173" dir="1" index="0" bw="1" slack="0"/>
</pin_list>
<bind>
<StgValue><ssdm name="p_ZZN4nnet24compute_output_buffer_2dINS_5arrayI8ap_fixedILi20ELi10EL9ap_q_mode5EL_73"/></StgValue>
</bind>
</comp>

<comp id="174" class="1000" name="p_ZZN4nnet24compute_output_buffer_2dINS_5arrayI8ap_fixedILi20ELi10EL9ap_q_mode5EL_72">
<pin_list>
<pin id="175" dir="1" index="0" bw="1" slack="0"/>
</pin_list>
<bind>
<StgValue><ssdm name="p_ZZN4nnet24compute_output_buffer_2dINS_5arrayI8ap_fixedILi20ELi10EL9ap_q_mode5EL_72"/></StgValue>
</bind>
</comp>

<comp id="176" class="1000" name="p_ZZN4nnet24compute_output_buffer_2dINS_5arrayI8ap_fixedILi20ELi10EL9ap_q_mode5EL_71">
<pin_list>
<pin id="177" dir="1" index="0" bw="1" slack="0"/>
</pin_list>
<bind>
<StgValue><ssdm name="p_ZZN4nnet24compute_output_buffer_2dINS_5arrayI8ap_fixedILi20ELi10EL9ap_q_mode5EL_71"/></StgValue>
</bind>
</comp>

<comp id="178" class="1000" name="p_ZZN4nnet24compute_output_buffer_2dINS_5arrayI8ap_fixedILi20ELi10EL9ap_q_mode5EL_70">
<pin_list>
<pin id="179" dir="1" index="0" bw="1" slack="0"/>
</pin_list>
<bind>
<StgValue><ssdm name="p_ZZN4nnet24compute_output_buffer_2dINS_5arrayI8ap_fixedILi20ELi10EL9ap_q_mode5EL_70"/></StgValue>
</bind>
</comp>

<comp id="180" class="1000" name="p_ZZN4nnet24compute_output_buffer_2dINS_5arrayI8ap_fixedILi20ELi10EL9ap_q_mode5EL_69">
<pin_list>
<pin id="181" dir="1" index="0" bw="1" slack="0"/>
</pin_list>
<bind>
<StgValue><ssdm name="p_ZZN4nnet24compute_output_buffer_2dINS_5arrayI8ap_fixedILi20ELi10EL9ap_q_mode5EL_69"/></StgValue>
</bind>
</comp>

<comp id="182" class="1000" name="p_ZZN4nnet24compute_output_buffer_2dINS_5arrayI8ap_fixedILi20ELi10EL9ap_q_mode5EL_68">
<pin_list>
<pin id="183" dir="1" index="0" bw="1" slack="0"/>
</pin_list>
<bind>
<StgValue><ssdm name="p_ZZN4nnet24compute_output_buffer_2dINS_5arrayI8ap_fixedILi20ELi10EL9ap_q_mode5EL_68"/></StgValue>
</bind>
</comp>

<comp id="184" class="1000" name="p_ZZN4nnet24compute_output_buffer_2dINS_5arrayI8ap_fixedILi20ELi10EL9ap_q_mode5EL_67">
<pin_list>
<pin id="185" dir="1" index="0" bw="1" slack="0"/>
</pin_list>
<bind>
<StgValue><ssdm name="p_ZZN4nnet24compute_output_buffer_2dINS_5arrayI8ap_fixedILi20ELi10EL9ap_q_mode5EL_67"/></StgValue>
</bind>
</comp>

<comp id="186" class="1000" name="p_ZZN4nnet24compute_output_buffer_2dINS_5arrayI8ap_fixedILi20ELi10EL9ap_q_mode5EL_66">
<pin_list>
<pin id="187" dir="1" index="0" bw="1" slack="0"/>
</pin_list>
<bind>
<StgValue><ssdm name="p_ZZN4nnet24compute_output_buffer_2dINS_5arrayI8ap_fixedILi20ELi10EL9ap_q_mode5EL_66"/></StgValue>
</bind>
</comp>

<comp id="188" class="1000" name="p_ZZN4nnet24compute_output_buffer_2dINS_5arrayI8ap_fixedILi20ELi10EL9ap_q_mode5EL_65">
<pin_list>
<pin id="189" dir="1" index="0" bw="1" slack="0"/>
</pin_list>
<bind>
<StgValue><ssdm name="p_ZZN4nnet24compute_output_buffer_2dINS_5arrayI8ap_fixedILi20ELi10EL9ap_q_mode5EL_65"/></StgValue>
</bind>
</comp>

<comp id="190" class="1000" name="p_ZZN4nnet24compute_output_buffer_2dINS_5arrayI8ap_fixedILi20ELi10EL9ap_q_mode5EL_64">
<pin_list>
<pin id="191" dir="1" index="0" bw="1" slack="0"/>
</pin_list>
<bind>
<StgValue><ssdm name="p_ZZN4nnet24compute_output_buffer_2dINS_5arrayI8ap_fixedILi20ELi10EL9ap_q_mode5EL_64"/></StgValue>
</bind>
</comp>

<comp id="192" class="1000" name="p_ZZN4nnet24compute_output_buffer_2dINS_5arrayI8ap_fixedILi20ELi10EL9ap_q_mode5EL_39">
<pin_list>
<pin id="193" dir="1" index="0" bw="1" slack="0"/>
</pin_list>
<bind>
<StgValue><ssdm name="p_ZZN4nnet24compute_output_buffer_2dINS_5arrayI8ap_fixedILi20ELi10EL9ap_q_mode5EL_39"/></StgValue>
</bind>
</comp>

<comp id="194" class="1000" name="p_ZZN4nnet24compute_output_buffer_2dINS_5arrayI8ap_fixedILi20ELi10EL9ap_q_mode5EL_38">
<pin_list>
<pin id="195" dir="1" index="0" bw="1" slack="0"/>
</pin_list>
<bind>
<StgValue><ssdm name="p_ZZN4nnet24compute_output_buffer_2dINS_5arrayI8ap_fixedILi20ELi10EL9ap_q_mode5EL_38"/></StgValue>
</bind>
</comp>

<comp id="196" class="1000" name="p_ZZN4nnet24compute_output_buffer_2dINS_5arrayI8ap_fixedILi20ELi10EL9ap_q_mode5EL_37">
<pin_list>
<pin id="197" dir="1" index="0" bw="1" slack="0"/>
</pin_list>
<bind>
<StgValue><ssdm name="p_ZZN4nnet24compute_output_buffer_2dINS_5arrayI8ap_fixedILi20ELi10EL9ap_q_mode5EL_37"/></StgValue>
</bind>
</comp>

<comp id="198" class="1000" name="p_ZZN4nnet24compute_output_buffer_2dINS_5arrayI8ap_fixedILi20ELi10EL9ap_q_mode5EL_36">
<pin_list>
<pin id="199" dir="1" index="0" bw="1" slack="0"/>
</pin_list>
<bind>
<StgValue><ssdm name="p_ZZN4nnet24compute_output_buffer_2dINS_5arrayI8ap_fixedILi20ELi10EL9ap_q_mode5EL_36"/></StgValue>
</bind>
</comp>

<comp id="200" class="1000" name="p_ZZN4nnet24compute_output_buffer_2dINS_5arrayI8ap_fixedILi20ELi10EL9ap_q_mode5EL_35">
<pin_list>
<pin id="201" dir="1" index="0" bw="1" slack="0"/>
</pin_list>
<bind>
<StgValue><ssdm name="p_ZZN4nnet24compute_output_buffer_2dINS_5arrayI8ap_fixedILi20ELi10EL9ap_q_mode5EL_35"/></StgValue>
</bind>
</comp>

<comp id="202" class="1000" name="p_ZZN4nnet24compute_output_buffer_2dINS_5arrayI8ap_fixedILi20ELi10EL9ap_q_mode5EL_34">
<pin_list>
<pin id="203" dir="1" index="0" bw="1" slack="0"/>
</pin_list>
<bind>
<StgValue><ssdm name="p_ZZN4nnet24compute_output_buffer_2dINS_5arrayI8ap_fixedILi20ELi10EL9ap_q_mode5EL_34"/></StgValue>
</bind>
</comp>

<comp id="204" class="1000" name="p_ZZN4nnet24compute_output_buffer_2dINS_5arrayI8ap_fixedILi20ELi10EL9ap_q_mode5EL_33">
<pin_list>
<pin id="205" dir="1" index="0" bw="1" slack="0"/>
</pin_list>
<bind>
<StgValue><ssdm name="p_ZZN4nnet24compute_output_buffer_2dINS_5arrayI8ap_fixedILi20ELi10EL9ap_q_mode5EL_33"/></StgValue>
</bind>
</comp>

<comp id="206" class="1000" name="p_ZZN4nnet24compute_output_buffer_2dINS_5arrayI8ap_fixedILi20ELi10EL9ap_q_mode5EL_32">
<pin_list>
<pin id="207" dir="1" index="0" bw="1" slack="0"/>
</pin_list>
<bind>
<StgValue><ssdm name="p_ZZN4nnet24compute_output_buffer_2dINS_5arrayI8ap_fixedILi20ELi10EL9ap_q_mode5EL_32"/></StgValue>
</bind>
</comp>

<comp id="208" class="1000" name="p_ZZN4nnet24compute_output_buffer_2dINS_5arrayI8ap_fixedILi20ELi10EL9ap_q_mode5EL_31">
<pin_list>
<pin id="209" dir="1" index="0" bw="1" slack="0"/>
</pin_list>
<bind>
<StgValue><ssdm name="p_ZZN4nnet24compute_output_buffer_2dINS_5arrayI8ap_fixedILi20ELi10EL9ap_q_mode5EL_31"/></StgValue>
</bind>
</comp>

<comp id="210" class="1000" name="p_ZZN4nnet24compute_output_buffer_2dINS_5arrayI8ap_fixedILi20ELi10EL9ap_q_mode5EL_30">
<pin_list>
<pin id="211" dir="1" index="0" bw="1" slack="0"/>
</pin_list>
<bind>
<StgValue><ssdm name="p_ZZN4nnet24compute_output_buffer_2dINS_5arrayI8ap_fixedILi20ELi10EL9ap_q_mode5EL_30"/></StgValue>
</bind>
</comp>

<comp id="212" class="1000" name="p_ZZN4nnet24compute_output_buffer_2dINS_5arrayI8ap_fixedILi20ELi10EL9ap_q_mode5EL_29">
<pin_list>
<pin id="213" dir="1" index="0" bw="1" slack="0"/>
</pin_list>
<bind>
<StgValue><ssdm name="p_ZZN4nnet24compute_output_buffer_2dINS_5arrayI8ap_fixedILi20ELi10EL9ap_q_mode5EL_29"/></StgValue>
</bind>
</comp>

<comp id="214" class="1000" name="p_ZZN4nnet24compute_output_buffer_2dINS_5arrayI8ap_fixedILi20ELi10EL9ap_q_mode5EL_28">
<pin_list>
<pin id="215" dir="1" index="0" bw="1" slack="0"/>
</pin_list>
<bind>
<StgValue><ssdm name="p_ZZN4nnet24compute_output_buffer_2dINS_5arrayI8ap_fixedILi20ELi10EL9ap_q_mode5EL_28"/></StgValue>
</bind>
</comp>

<comp id="216" class="1000" name="p_ZZN4nnet24compute_output_buffer_2dINS_5arrayI8ap_fixedILi20ELi10EL9ap_q_mode5EL_3">
<pin_list>
<pin id="217" dir="1" index="0" bw="1" slack="0"/>
</pin_list>
<bind>
<StgValue><ssdm name="p_ZZN4nnet24compute_output_buffer_2dINS_5arrayI8ap_fixedILi20ELi10EL9ap_q_mode5EL_3"/></StgValue>
</bind>
</comp>

<comp id="218" class="1000" name="p_ZZN4nnet24compute_output_buffer_2dINS_5arrayI8ap_fixedILi20ELi10EL9ap_q_mode5EL_2">
<pin_list>
<pin id="219" dir="1" index="0" bw="1" slack="0"/>
</pin_list>
<bind>
<StgValue><ssdm name="p_ZZN4nnet24compute_output_buffer_2dINS_5arrayI8ap_fixedILi20ELi10EL9ap_q_mode5EL_2"/></StgValue>
</bind>
</comp>

<comp id="220" class="1000" name="p_ZZN4nnet24compute_output_buffer_2dINS_5arrayI8ap_fixedILi20ELi10EL9ap_q_mode5EL_1">
<pin_list>
<pin id="221" dir="1" index="0" bw="1" slack="0"/>
</pin_list>
<bind>
<StgValue><ssdm name="p_ZZN4nnet24compute_output_buffer_2dINS_5arrayI8ap_fixedILi20ELi10EL9ap_q_mode5EL_1"/></StgValue>
</bind>
</comp>

<comp id="222" class="1000" name="p_ZZN4nnet24compute_output_buffer_2dINS_5arrayI8ap_fixedILi20ELi10EL9ap_q_mode5EL">
<pin_list>
<pin id="223" dir="1" index="0" bw="1" slack="0"/>
</pin_list>
<bind>
<StgValue><ssdm name="p_ZZN4nnet24compute_output_buffer_2dINS_5arrayI8ap_fixedILi20ELi10EL9ap_q_mode5EL"/></StgValue>
</bind>
</comp>

<comp id="224" class="1000" name="p_ZZN4nnet24compute_output_buffer_2dINS_5arrayI8ap_fixedILi20ELi10EL9ap_q_mode5EL_96">
<pin_list>
<pin id="225" dir="1" index="0" bw="1" slack="0"/>
</pin_list>
<bind>
<StgValue><ssdm name="p_ZZN4nnet24compute_output_buffer_2dINS_5arrayI8ap_fixedILi20ELi10EL9ap_q_mode5EL_96"/></StgValue>
</bind>
</comp>

<comp id="226" class="1000" name="p_ZZN4nnet24compute_output_buffer_2dINS_5arrayI8ap_fixedILi20ELi10EL9ap_q_mode5EL_95">
<pin_list>
<pin id="227" dir="1" index="0" bw="1" slack="0"/>
</pin_list>
<bind>
<StgValue><ssdm name="p_ZZN4nnet24compute_output_buffer_2dINS_5arrayI8ap_fixedILi20ELi10EL9ap_q_mode5EL_95"/></StgValue>
</bind>
</comp>

<comp id="228" class="1000" name="p_ZZN4nnet24compute_output_buffer_2dINS_5arrayI8ap_fixedILi20ELi10EL9ap_q_mode5EL_94">
<pin_list>
<pin id="229" dir="1" index="0" bw="1" slack="0"/>
</pin_list>
<bind>
<StgValue><ssdm name="p_ZZN4nnet24compute_output_buffer_2dINS_5arrayI8ap_fixedILi20ELi10EL9ap_q_mode5EL_94"/></StgValue>
</bind>
</comp>

<comp id="230" class="1000" name="p_ZZN4nnet24compute_output_buffer_2dINS_5arrayI8ap_fixedILi20ELi10EL9ap_q_mode5EL_93">
<pin_list>
<pin id="231" dir="1" index="0" bw="1" slack="0"/>
</pin_list>
<bind>
<StgValue><ssdm name="p_ZZN4nnet24compute_output_buffer_2dINS_5arrayI8ap_fixedILi20ELi10EL9ap_q_mode5EL_93"/></StgValue>
</bind>
</comp>

<comp id="232" class="1000" name="p_ZZN4nnet24compute_output_buffer_2dINS_5arrayI8ap_fixedILi20ELi10EL9ap_q_mode5EL_92">
<pin_list>
<pin id="233" dir="1" index="0" bw="1" slack="0"/>
</pin_list>
<bind>
<StgValue><ssdm name="p_ZZN4nnet24compute_output_buffer_2dINS_5arrayI8ap_fixedILi20ELi10EL9ap_q_mode5EL_92"/></StgValue>
</bind>
</comp>

<comp id="234" class="1000" name="p_ZZN4nnet24compute_output_buffer_2dINS_5arrayI8ap_fixedILi20ELi10EL9ap_q_mode5EL_91">
<pin_list>
<pin id="235" dir="1" index="0" bw="1" slack="0"/>
</pin_list>
<bind>
<StgValue><ssdm name="p_ZZN4nnet24compute_output_buffer_2dINS_5arrayI8ap_fixedILi20ELi10EL9ap_q_mode5EL_91"/></StgValue>
</bind>
</comp>

<comp id="236" class="1000" name="p_ZZN4nnet24compute_output_buffer_2dINS_5arrayI8ap_fixedILi20ELi10EL9ap_q_mode5EL_90">
<pin_list>
<pin id="237" dir="1" index="0" bw="1" slack="0"/>
</pin_list>
<bind>
<StgValue><ssdm name="p_ZZN4nnet24compute_output_buffer_2dINS_5arrayI8ap_fixedILi20ELi10EL9ap_q_mode5EL_90"/></StgValue>
</bind>
</comp>

<comp id="238" class="1000" name="p_ZZN4nnet24compute_output_buffer_2dINS_5arrayI8ap_fixedILi20ELi10EL9ap_q_mode5EL_89">
<pin_list>
<pin id="239" dir="1" index="0" bw="1" slack="0"/>
</pin_list>
<bind>
<StgValue><ssdm name="p_ZZN4nnet24compute_output_buffer_2dINS_5arrayI8ap_fixedILi20ELi10EL9ap_q_mode5EL_89"/></StgValue>
</bind>
</comp>

<comp id="240" class="1000" name="p_ZZN4nnet26conv_2d_buffer_resource_clINS_5arrayI8ap_fixedILi20ELi10EL9ap_q_mode5_23">
<pin_list>
<pin id="241" dir="1" index="0" bw="1" slack="2147483647"/>
</pin_list>
<bind>
<StgValue><ssdm name="p_ZZN4nnet26conv_2d_buffer_resource_clINS_5arrayI8ap_fixedILi20ELi10EL9ap_q_mode5_23"/><MemPortTyVec>2 </MemPortTyVec>
</StgValue>
</bind>
</comp>

<comp id="242" class="1000" name="p_ZZN4nnet26conv_2d_buffer_resource_clINS_5arrayI8ap_fixedILi20ELi10EL9ap_q_mode5_11">
<pin_list>
<pin id="243" dir="1" index="0" bw="1" slack="2147483647"/>
</pin_list>
<bind>
<StgValue><ssdm name="p_ZZN4nnet26conv_2d_buffer_resource_clINS_5arrayI8ap_fixedILi20ELi10EL9ap_q_mode5_11"/><MemPortTyVec>2 </MemPortTyVec>
</StgValue>
</bind>
</comp>

<comp id="244" class="1000" name="p_ZZN4nnet26conv_2d_buffer_resource_clINS_5arrayI8ap_fixedILi20ELi10EL9ap_q_mode5_22">
<pin_list>
<pin id="245" dir="1" index="0" bw="1" slack="2147483647"/>
</pin_list>
<bind>
<StgValue><ssdm name="p_ZZN4nnet26conv_2d_buffer_resource_clINS_5arrayI8ap_fixedILi20ELi10EL9ap_q_mode5_22"/><MemPortTyVec>2 </MemPortTyVec>
</StgValue>
</bind>
</comp>

<comp id="246" class="1000" name="p_ZZN4nnet26conv_2d_buffer_resource_clINS_5arrayI8ap_fixedILi20ELi10EL9ap_q_mode5_10">
<pin_list>
<pin id="247" dir="1" index="0" bw="1" slack="2147483647"/>
</pin_list>
<bind>
<StgValue><ssdm name="p_ZZN4nnet26conv_2d_buffer_resource_clINS_5arrayI8ap_fixedILi20ELi10EL9ap_q_mode5_10"/><MemPortTyVec>2 </MemPortTyVec>
</StgValue>
</bind>
</comp>

<comp id="248" class="1000" name="p_ZZN4nnet26conv_2d_buffer_resource_clINS_5arrayI8ap_fixedILi20ELi10EL9ap_q_mode5_19">
<pin_list>
<pin id="249" dir="1" index="0" bw="1" slack="2147483647"/>
</pin_list>
<bind>
<StgValue><ssdm name="p_ZZN4nnet26conv_2d_buffer_resource_clINS_5arrayI8ap_fixedILi20ELi10EL9ap_q_mode5_19"/><MemPortTyVec>2 </MemPortTyVec>
</StgValue>
</bind>
</comp>

<comp id="250" class="1000" name="p_ZZN4nnet26conv_2d_buffer_resource_clINS_5arrayI8ap_fixedILi20ELi10EL9ap_q_mode5_7">
<pin_list>
<pin id="251" dir="1" index="0" bw="1" slack="2147483647"/>
</pin_list>
<bind>
<StgValue><ssdm name="p_ZZN4nnet26conv_2d_buffer_resource_clINS_5arrayI8ap_fixedILi20ELi10EL9ap_q_mode5_7"/><MemPortTyVec>2 </MemPortTyVec>
</StgValue>
</bind>
</comp>

<comp id="252" class="1000" name="p_ZZN4nnet26conv_2d_buffer_resource_clINS_5arrayI8ap_fixedILi20ELi10EL9ap_q_mode5_18">
<pin_list>
<pin id="253" dir="1" index="0" bw="1" slack="2147483647"/>
</pin_list>
<bind>
<StgValue><ssdm name="p_ZZN4nnet26conv_2d_buffer_resource_clINS_5arrayI8ap_fixedILi20ELi10EL9ap_q_mode5_18"/><MemPortTyVec>2 </MemPortTyVec>
</StgValue>
</bind>
</comp>

<comp id="254" class="1000" name="p_ZZN4nnet26conv_2d_buffer_resource_clINS_5arrayI8ap_fixedILi20ELi10EL9ap_q_mode5_6">
<pin_list>
<pin id="255" dir="1" index="0" bw="1" slack="2147483647"/>
</pin_list>
<bind>
<StgValue><ssdm name="p_ZZN4nnet26conv_2d_buffer_resource_clINS_5arrayI8ap_fixedILi20ELi10EL9ap_q_mode5_6"/><MemPortTyVec>2 </MemPortTyVec>
</StgValue>
</bind>
</comp>

<comp id="256" class="1000" name="p_ZZN4nnet26conv_2d_buffer_resource_clINS_5arrayI8ap_fixedILi20ELi10EL9ap_q_mode5_17">
<pin_list>
<pin id="257" dir="1" index="0" bw="1" slack="2147483647"/>
</pin_list>
<bind>
<StgValue><ssdm name="p_ZZN4nnet26conv_2d_buffer_resource_clINS_5arrayI8ap_fixedILi20ELi10EL9ap_q_mode5_17"/><MemPortTyVec>2 </MemPortTyVec>
</StgValue>
</bind>
</comp>

<comp id="258" class="1000" name="p_ZZN4nnet26conv_2d_buffer_resource_clINS_5arrayI8ap_fixedILi20ELi10EL9ap_q_mode5_5">
<pin_list>
<pin id="259" dir="1" index="0" bw="1" slack="2147483647"/>
</pin_list>
<bind>
<StgValue><ssdm name="p_ZZN4nnet26conv_2d_buffer_resource_clINS_5arrayI8ap_fixedILi20ELi10EL9ap_q_mode5_5"/><MemPortTyVec>2 </MemPortTyVec>
</StgValue>
</bind>
</comp>

<comp id="260" class="1000" name="p_ZZN4nnet26conv_2d_buffer_resource_clINS_5arrayI8ap_fixedILi20ELi10EL9ap_q_mode5_16">
<pin_list>
<pin id="261" dir="1" index="0" bw="1" slack="2147483647"/>
</pin_list>
<bind>
<StgValue><ssdm name="p_ZZN4nnet26conv_2d_buffer_resource_clINS_5arrayI8ap_fixedILi20ELi10EL9ap_q_mode5_16"/><MemPortTyVec>2 </MemPortTyVec>
</StgValue>
</bind>
</comp>

<comp id="262" class="1000" name="p_ZZN4nnet26conv_2d_buffer_resource_clINS_5arrayI8ap_fixedILi20ELi10EL9ap_q_mode5_4">
<pin_list>
<pin id="263" dir="1" index="0" bw="1" slack="2147483647"/>
</pin_list>
<bind>
<StgValue><ssdm name="p_ZZN4nnet26conv_2d_buffer_resource_clINS_5arrayI8ap_fixedILi20ELi10EL9ap_q_mode5_4"/><MemPortTyVec>2 </MemPortTyVec>
</StgValue>
</bind>
</comp>

<comp id="264" class="1000" name="p_ZZN4nnet26conv_2d_buffer_resource_clINS_5arrayI8ap_fixedILi20ELi10EL9ap_q_mode5_15">
<pin_list>
<pin id="265" dir="1" index="0" bw="1" slack="2147483647"/>
</pin_list>
<bind>
<StgValue><ssdm name="p_ZZN4nnet26conv_2d_buffer_resource_clINS_5arrayI8ap_fixedILi20ELi10EL9ap_q_mode5_15"/><MemPortTyVec>2 </MemPortTyVec>
</StgValue>
</bind>
</comp>

<comp id="266" class="1000" name="p_ZZN4nnet26conv_2d_buffer_resource_clINS_5arrayI8ap_fixedILi20ELi10EL9ap_q_mode5_3">
<pin_list>
<pin id="267" dir="1" index="0" bw="1" slack="2147483647"/>
</pin_list>
<bind>
<StgValue><ssdm name="p_ZZN4nnet26conv_2d_buffer_resource_clINS_5arrayI8ap_fixedILi20ELi10EL9ap_q_mode5_3"/><MemPortTyVec>2 </MemPortTyVec>
</StgValue>
</bind>
</comp>

<comp id="268" class="1000" name="p_ZZN4nnet26conv_2d_buffer_resource_clINS_5arrayI8ap_fixedILi20ELi10EL9ap_q_mode5_14">
<pin_list>
<pin id="269" dir="1" index="0" bw="1" slack="2147483647"/>
</pin_list>
<bind>
<StgValue><ssdm name="p_ZZN4nnet26conv_2d_buffer_resource_clINS_5arrayI8ap_fixedILi20ELi10EL9ap_q_mode5_14"/><MemPortTyVec>2 </MemPortTyVec>
</StgValue>
</bind>
</comp>

<comp id="270" class="1000" name="p_ZZN4nnet26conv_2d_buffer_resource_clINS_5arrayI8ap_fixedILi20ELi10EL9ap_q_mode5_2">
<pin_list>
<pin id="271" dir="1" index="0" bw="1" slack="2147483647"/>
</pin_list>
<bind>
<StgValue><ssdm name="p_ZZN4nnet26conv_2d_buffer_resource_clINS_5arrayI8ap_fixedILi20ELi10EL9ap_q_mode5_2"/><MemPortTyVec>2 </MemPortTyVec>
</StgValue>
</bind>
</comp>

<comp id="272" class="1000" name="p_ZZN4nnet26conv_2d_buffer_resource_clINS_5arrayI8ap_fixedILi20ELi10EL9ap_q_mode5_13">
<pin_list>
<pin id="273" dir="1" index="0" bw="1" slack="2147483647"/>
</pin_list>
<bind>
<StgValue><ssdm name="p_ZZN4nnet26conv_2d_buffer_resource_clINS_5arrayI8ap_fixedILi20ELi10EL9ap_q_mode5_13"/><MemPortTyVec>2 </MemPortTyVec>
</StgValue>
</bind>
</comp>

<comp id="274" class="1000" name="p_ZZN4nnet26conv_2d_buffer_resource_clINS_5arrayI8ap_fixedILi20ELi10EL9ap_q_mode5_1">
<pin_list>
<pin id="275" dir="1" index="0" bw="1" slack="2147483647"/>
</pin_list>
<bind>
<StgValue><ssdm name="p_ZZN4nnet26conv_2d_buffer_resource_clINS_5arrayI8ap_fixedILi20ELi10EL9ap_q_mode5_1"/><MemPortTyVec>2 </MemPortTyVec>
</StgValue>
</bind>
</comp>

<comp id="276" class="1000" name="p_ZZN4nnet26conv_2d_buffer_resource_clINS_5arrayI8ap_fixedILi20ELi10EL9ap_q_mode5_12">
<pin_list>
<pin id="277" dir="1" index="0" bw="1" slack="2147483647"/>
</pin_list>
<bind>
<StgValue><ssdm name="p_ZZN4nnet26conv_2d_buffer_resource_clINS_5arrayI8ap_fixedILi20ELi10EL9ap_q_mode5_12"/><MemPortTyVec>2 </MemPortTyVec>
</StgValue>
</bind>
</comp>

<comp id="278" class="1000" name="p_ZZN4nnet26conv_2d_buffer_resource_clINS_5arrayI8ap_fixedILi20ELi10EL9ap_q_mode5">
<pin_list>
<pin id="279" dir="1" index="0" bw="1" slack="2147483647"/>
</pin_list>
<bind>
<StgValue><ssdm name="p_ZZN4nnet26conv_2d_buffer_resource_clINS_5arrayI8ap_fixedILi20ELi10EL9ap_q_mode5"/><MemPortTyVec>2 </MemPortTyVec>
</StgValue>
</bind>
</comp>

<comp id="280" class="1000" name="p_ZZN4nnet26conv_2d_buffer_resource_clINS_5arrayI8ap_fixedILi20ELi10EL9ap_q_mode5_21">
<pin_list>
<pin id="281" dir="1" index="0" bw="1" slack="2147483647"/>
</pin_list>
<bind>
<StgValue><ssdm name="p_ZZN4nnet26conv_2d_buffer_resource_clINS_5arrayI8ap_fixedILi20ELi10EL9ap_q_mode5_21"/><MemPortTyVec>2 </MemPortTyVec>
</StgValue>
</bind>
</comp>

<comp id="282" class="1000" name="p_ZZN4nnet26conv_2d_buffer_resource_clINS_5arrayI8ap_fixedILi20ELi10EL9ap_q_mode5_9">
<pin_list>
<pin id="283" dir="1" index="0" bw="1" slack="2147483647"/>
</pin_list>
<bind>
<StgValue><ssdm name="p_ZZN4nnet26conv_2d_buffer_resource_clINS_5arrayI8ap_fixedILi20ELi10EL9ap_q_mode5_9"/><MemPortTyVec>2 </MemPortTyVec>
</StgValue>
</bind>
</comp>

<comp id="284" class="1000" name="p_ZZN4nnet26conv_2d_buffer_resource_clINS_5arrayI8ap_fixedILi20ELi10EL9ap_q_mode5_20">
<pin_list>
<pin id="285" dir="1" index="0" bw="1" slack="2147483647"/>
</pin_list>
<bind>
<StgValue><ssdm name="p_ZZN4nnet26conv_2d_buffer_resource_clINS_5arrayI8ap_fixedILi20ELi10EL9ap_q_mode5_20"/><MemPortTyVec>2 </MemPortTyVec>
</StgValue>
</bind>
</comp>

<comp id="286" class="1000" name="p_ZZN4nnet26conv_2d_buffer_resource_clINS_5arrayI8ap_fixedILi20ELi10EL9ap_q_mode5_8">
<pin_list>
<pin id="287" dir="1" index="0" bw="1" slack="2147483647"/>
</pin_list>
<bind>
<StgValue><ssdm name="p_ZZN4nnet26conv_2d_buffer_resource_clINS_5arrayI8ap_fixedILi20ELi10EL9ap_q_mode5_8"/><MemPortTyVec>2 </MemPortTyVec>
</StgValue>
</bind>
</comp>

<comp id="288" class="1001" name="const_288">
<pin_list>
<pin id="289" dir="1" index="0" bw="1" slack="2147483647"/>
</pin_list>
<bind>
<StgValue><ssdm name="_ssdm_op_SpecPipeline"/></StgValue>
</bind>
</comp>

<comp id="290" class="1001" name="const_290">
<pin_list>
<pin id="291" dir="1" index="0" bw="1" slack="2147483647"/>
</pin_list>
<bind>
<StgValue><ssdm name=""/></StgValue>
</bind>
</comp>

<comp id="292" class="1001" name="const_292">
<pin_list>
<pin id="293" dir="1" index="0" bw="1" slack="2147483647"/>
</pin_list>
<bind>
<StgValue><ssdm name=""/></StgValue>
</bind>
</comp>

<comp id="294" class="1001" name="const_294">
<pin_list>
<pin id="295" dir="1" index="0" bw="1" slack="2147483647"/>
</pin_list>
<bind>
<StgValue><ssdm name="empty_5"/></StgValue>
</bind>
</comp>

<comp id="296" class="1001" name="const_296">
<pin_list>
<pin id="297" dir="1" index="0" bw="1" slack="0"/>
</pin_list>
<bind>
<StgValue><ssdm name="_ssdm_op_Read.ap_auto.i20"/></StgValue>
</bind>
</comp>

<comp id="298" class="1001" name="const_298">
<pin_list>
<pin id="299" dir="1" index="0" bw="1" slack="0"/>
</pin_list>
<bind>
<StgValue><ssdm name="_ssdm_op_MemShiftRead.[27 x i20]P0A"/></StgValue>
</bind>
</comp>

<comp id="300" class="1001" name="const_300">
<pin_list>
<pin id="301" dir="1" index="0" bw="1" slack="0"/>
</pin_list>
<bind>
<StgValue><ssdm name=""/></StgValue>
</bind>
</comp>

<comp id="302" class="1001" name="const_302">
<pin_list>
<pin id="303" dir="1" index="0" bw="1" slack="0"/>
</pin_list>
<bind>
<StgValue><ssdm name=""/></StgValue>
</bind>
</comp>

<comp id="304" class="1001" name="const_304">
<pin_list>
<pin id="305" dir="1" index="0" bw="1" slack="0"/>
</pin_list>
<bind>
<StgValue><ssdm name=""/></StgValue>
</bind>
</comp>

<comp id="306" class="1001" name="const_306">
<pin_list>
<pin id="307" dir="1" index="0" bw="1" slack="0"/>
</pin_list>
<bind>
<StgValue><ssdm name=""/></StgValue>
</bind>
</comp>

<comp id="308" class="1001" name="const_308">
<pin_list>
<pin id="309" dir="1" index="0" bw="1" slack="0"/>
</pin_list>
<bind>
<StgValue><ssdm name=""/></StgValue>
</bind>
</comp>

<comp id="310" class="1001" name="const_310">
<pin_list>
<pin id="311" dir="1" index="0" bw="1" slack="0"/>
</pin_list>
<bind>
<StgValue><ssdm name=""/></StgValue>
</bind>
</comp>

<comp id="312" class="1001" name="const_312">
<pin_list>
<pin id="313" dir="1" index="0" bw="1" slack="0"/>
</pin_list>
<bind>
<StgValue><ssdm name=""/></StgValue>
</bind>
</comp>

<comp id="314" class="1001" name="const_314">
<pin_list>
<pin id="315" dir="1" index="0" bw="1" slack="0"/>
</pin_list>
<bind>
<StgValue><ssdm name=""/></StgValue>
</bind>
</comp>

<comp id="316" class="1001" name="const_316">
<pin_list>
<pin id="317" dir="1" index="0" bw="1" slack="0"/>
</pin_list>
<bind>
<StgValue><ssdm name=""/></StgValue>
</bind>
</comp>

<comp id="318" class="1001" name="const_318">
<pin_list>
<pin id="319" dir="1" index="0" bw="1" slack="0"/>
</pin_list>
<bind>
<StgValue><ssdm name=""/></StgValue>
</bind>
</comp>

<comp id="320" class="1001" name="const_320">
<pin_list>
<pin id="321" dir="1" index="0" bw="1" slack="0"/>
</pin_list>
<bind>
<StgValue><ssdm name=""/></StgValue>
</bind>
</comp>

<comp id="322" class="1001" name="const_322">
<pin_list>
<pin id="323" dir="1" index="0" bw="1" slack="0"/>
</pin_list>
<bind>
<StgValue><ssdm name=""/></StgValue>
</bind>
</comp>

<comp id="324" class="1001" name="const_324">
<pin_list>
<pin id="325" dir="1" index="0" bw="1" slack="0"/>
</pin_list>
<bind>
<StgValue><ssdm name=""/></StgValue>
</bind>
</comp>

<comp id="326" class="1001" name="const_326">
<pin_list>
<pin id="327" dir="1" index="0" bw="1" slack="0"/>
</pin_list>
<bind>
<StgValue><ssdm name=""/></StgValue>
</bind>
</comp>

<comp id="328" class="1001" name="const_328">
<pin_list>
<pin id="329" dir="1" index="0" bw="1" slack="0"/>
</pin_list>
<bind>
<StgValue><ssdm name=""/></StgValue>
</bind>
</comp>

<comp id="330" class="1001" name="const_330">
<pin_list>
<pin id="331" dir="1" index="0" bw="1" slack="0"/>
</pin_list>
<bind>
<StgValue><ssdm name=""/></StgValue>
</bind>
</comp>

<comp id="332" class="1001" name="const_332">
<pin_list>
<pin id="333" dir="1" index="0" bw="1" slack="0"/>
</pin_list>
<bind>
<StgValue><ssdm name=""/></StgValue>
</bind>
</comp>

<comp id="334" class="1001" name="const_334">
<pin_list>
<pin id="335" dir="1" index="0" bw="1" slack="0"/>
</pin_list>
<bind>
<StgValue><ssdm name=""/></StgValue>
</bind>
</comp>

<comp id="336" class="1001" name="const_336">
<pin_list>
<pin id="337" dir="1" index="0" bw="1" slack="0"/>
</pin_list>
<bind>
<StgValue><ssdm name=""/></StgValue>
</bind>
</comp>

<comp id="338" class="1001" name="const_338">
<pin_list>
<pin id="339" dir="1" index="0" bw="1" slack="0"/>
</pin_list>
<bind>
<StgValue><ssdm name=""/></StgValue>
</bind>
</comp>

<comp id="340" class="1001" name="const_340">
<pin_list>
<pin id="341" dir="1" index="0" bw="1" slack="0"/>
</pin_list>
<bind>
<StgValue><ssdm name=""/></StgValue>
</bind>
</comp>

<comp id="342" class="1001" name="const_342">
<pin_list>
<pin id="343" dir="1" index="0" bw="1" slack="0"/>
</pin_list>
<bind>
<StgValue><ssdm name=""/></StgValue>
</bind>
</comp>

<comp id="344" class="1001" name="const_344">
<pin_list>
<pin id="345" dir="1" index="0" bw="1" slack="0"/>
</pin_list>
<bind>
<StgValue><ssdm name=""/></StgValue>
</bind>
</comp>

<comp id="346" class="1001" name="const_346">
<pin_list>
<pin id="347" dir="1" index="0" bw="1" slack="0"/>
</pin_list>
<bind>
<StgValue><ssdm name=""/></StgValue>
</bind>
</comp>

<comp id="348" class="1001" name="const_348">
<pin_list>
<pin id="349" dir="1" index="0" bw="1" slack="0"/>
</pin_list>
<bind>
<StgValue><ssdm name=""/></StgValue>
</bind>
</comp>

<comp id="350" class="1004" name="p_read_19_read_fu_350">
<pin_list>
<pin id="351" dir="0" index="0" bw="20" slack="0"/>
<pin id="352" dir="0" index="1" bw="20" slack="0"/>
<pin id="353" dir="1" index="2" bw="20" slack="0"/>
</pin_list>
<bind>
<opcode="read(1150) " fcode="read"/>
<opset="p_read_19/1 "/>
</bind>
</comp>

<comp id="356" class="1004" name="p_read_20_read_fu_356">
<pin_list>
<pin id="357" dir="0" index="0" bw="20" slack="0"/>
<pin id="358" dir="0" index="1" bw="20" slack="0"/>
<pin id="359" dir="1" index="2" bw="20" slack="0"/>
</pin_list>
<bind>
<opcode="read(1150) " fcode="read"/>
<opset="p_read_20/1 "/>
</bind>
</comp>

<comp id="362" class="1004" name="p_read_21_read_fu_362">
<pin_list>
<pin id="363" dir="0" index="0" bw="20" slack="0"/>
<pin id="364" dir="0" index="1" bw="20" slack="0"/>
<pin id="365" dir="1" index="2" bw="20" slack="0"/>
</pin_list>
<bind>
<opcode="read(1150) " fcode="read"/>
<opset="p_read_21/1 "/>
</bind>
</comp>

<comp id="368" class="1004" name="p_read_22_read_fu_368">
<pin_list>
<pin id="369" dir="0" index="0" bw="20" slack="0"/>
<pin id="370" dir="0" index="1" bw="20" slack="0"/>
<pin id="371" dir="1" index="2" bw="20" slack="0"/>
</pin_list>
<bind>
<opcode="read(1150) " fcode="read"/>
<opset="p_read_22/1 "/>
</bind>
</comp>

<comp id="374" class="1004" name="p_read_23_read_fu_374">
<pin_list>
<pin id="375" dir="0" index="0" bw="20" slack="0"/>
<pin id="376" dir="0" index="1" bw="20" slack="0"/>
<pin id="377" dir="1" index="2" bw="20" slack="0"/>
</pin_list>
<bind>
<opcode="read(1150) " fcode="read"/>
<opset="p_read_23/1 "/>
</bind>
</comp>

<comp id="380" class="1004" name="p_read_24_read_fu_380">
<pin_list>
<pin id="381" dir="0" index="0" bw="20" slack="0"/>
<pin id="382" dir="0" index="1" bw="20" slack="0"/>
<pin id="383" dir="1" index="2" bw="20" slack="0"/>
</pin_list>
<bind>
<opcode="read(1150) " fcode="read"/>
<opset="p_read_24/1 "/>
</bind>
</comp>

<comp id="386" class="1004" name="p_read_25_read_fu_386">
<pin_list>
<pin id="387" dir="0" index="0" bw="20" slack="0"/>
<pin id="388" dir="0" index="1" bw="20" slack="0"/>
<pin id="389" dir="1" index="2" bw="20" slack="0"/>
</pin_list>
<bind>
<opcode="read(1150) " fcode="read"/>
<opset="p_read_25/1 "/>
</bind>
</comp>

<comp id="392" class="1004" name="p_read_26_read_fu_392">
<pin_list>
<pin id="393" dir="0" index="0" bw="20" slack="0"/>
<pin id="394" dir="0" index="1" bw="20" slack="0"/>
<pin id="395" dir="1" index="2" bw="20" slack="0"/>
</pin_list>
<bind>
<opcode="read(1150) " fcode="read"/>
<opset="p_read_26/1 "/>
</bind>
</comp>

<comp id="398" class="1004" name="p_read_27_read_fu_398">
<pin_list>
<pin id="399" dir="0" index="0" bw="20" slack="0"/>
<pin id="400" dir="0" index="1" bw="20" slack="0"/>
<pin id="401" dir="1" index="2" bw="20" slack="0"/>
</pin_list>
<bind>
<opcode="read(1150) " fcode="read"/>
<opset="p_read_27/1 "/>
</bind>
</comp>

<comp id="404" class="1004" name="p_read_28_read_fu_404">
<pin_list>
<pin id="405" dir="0" index="0" bw="20" slack="0"/>
<pin id="406" dir="0" index="1" bw="20" slack="0"/>
<pin id="407" dir="1" index="2" bw="20" slack="0"/>
</pin_list>
<bind>
<opcode="read(1150) " fcode="read"/>
<opset="p_read_28/1 "/>
</bind>
</comp>

<comp id="410" class="1004" name="p_read_29_read_fu_410">
<pin_list>
<pin id="411" dir="0" index="0" bw="20" slack="0"/>
<pin id="412" dir="0" index="1" bw="20" slack="0"/>
<pin id="413" dir="1" index="2" bw="20" slack="0"/>
</pin_list>
<bind>
<opcode="read(1150) " fcode="read"/>
<opset="p_read_29/1 "/>
</bind>
</comp>

<comp id="416" class="1004" name="p_read_30_read_fu_416">
<pin_list>
<pin id="417" dir="0" index="0" bw="20" slack="0"/>
<pin id="418" dir="0" index="1" bw="20" slack="0"/>
<pin id="419" dir="1" index="2" bw="20" slack="0"/>
</pin_list>
<bind>
<opcode="read(1150) " fcode="read"/>
<opset="p_read_30/1 "/>
</bind>
</comp>

<comp id="422" class="1004" name="p_i_fu_422">
<pin_list>
<pin id="423" dir="0" index="0" bw="20" slack="0"/>
<pin id="424" dir="0" index="1" bw="20" slack="0"/>
<pin id="425" dir="0" index="2" bw="20" slack="0"/>
<pin id="426" dir="0" index="3" bw="1" slack="0"/>
<pin id="427" dir="1" index="4" bw="20" slack="0"/>
</pin_list>
<bind>
<opcode="memshiftread(1195) " fcode="memshiftread"/>
<opset="p_i/1 "/>
</bind>
</comp>

<comp id="432" class="1004" name="p_17_i_fu_432">
<pin_list>
<pin id="433" dir="0" index="0" bw="20" slack="0"/>
<pin id="434" dir="0" index="1" bw="20" slack="0"/>
<pin id="435" dir="0" index="2" bw="20" slack="0"/>
<pin id="436" dir="0" index="3" bw="1" slack="0"/>
<pin id="437" dir="1" index="4" bw="20" slack="0"/>
</pin_list>
<bind>
<opcode="memshiftread(1195) " fcode="memshiftread"/>
<opset="p_17_i/1 "/>
</bind>
</comp>

<comp id="442" class="1004" name="p_18_i_fu_442">
<pin_list>
<pin id="443" dir="0" index="0" bw="20" slack="0"/>
<pin id="444" dir="0" index="1" bw="20" slack="0"/>
<pin id="445" dir="0" index="2" bw="20" slack="0"/>
<pin id="446" dir="0" index="3" bw="1" slack="0"/>
<pin id="447" dir="1" index="4" bw="20" slack="0"/>
</pin_list>
<bind>
<opcode="memshiftread(1195) " fcode="memshiftread"/>
<opset="p_18_i/1 "/>
</bind>
</comp>

<comp id="452" class="1004" name="p_19_i_fu_452">
<pin_list>
<pin id="453" dir="0" index="0" bw="20" slack="0"/>
<pin id="454" dir="0" index="1" bw="20" slack="0"/>
<pin id="455" dir="0" index="2" bw="20" slack="0"/>
<pin id="456" dir="0" index="3" bw="1" slack="0"/>
<pin id="457" dir="1" index="4" bw="20" slack="0"/>
</pin_list>
<bind>
<opcode="memshiftread(1195) " fcode="memshiftread"/>
<opset="p_19_i/1 "/>
</bind>
</comp>

<comp id="462" class="1004" name="p_20_i_fu_462">
<pin_list>
<pin id="463" dir="0" index="0" bw="20" slack="0"/>
<pin id="464" dir="0" index="1" bw="20" slack="0"/>
<pin id="465" dir="0" index="2" bw="20" slack="0"/>
<pin id="466" dir="0" index="3" bw="1" slack="0"/>
<pin id="467" dir="1" index="4" bw="20" slack="0"/>
</pin_list>
<bind>
<opcode="memshiftread(1195) " fcode="memshiftread"/>
<opset="p_20_i/1 "/>
</bind>
</comp>

<comp id="472" class="1004" name="p_21_i_fu_472">
<pin_list>
<pin id="473" dir="0" index="0" bw="20" slack="0"/>
<pin id="474" dir="0" index="1" bw="20" slack="0"/>
<pin id="475" dir="0" index="2" bw="20" slack="0"/>
<pin id="476" dir="0" index="3" bw="1" slack="0"/>
<pin id="477" dir="1" index="4" bw="20" slack="0"/>
</pin_list>
<bind>
<opcode="memshiftread(1195) " fcode="memshiftread"/>
<opset="p_21_i/1 "/>
</bind>
</comp>

<comp id="482" class="1004" name="p_22_i_fu_482">
<pin_list>
<pin id="483" dir="0" index="0" bw="20" slack="0"/>
<pin id="484" dir="0" index="1" bw="20" slack="0"/>
<pin id="485" dir="0" index="2" bw="20" slack="0"/>
<pin id="486" dir="0" index="3" bw="1" slack="0"/>
<pin id="487" dir="1" index="4" bw="20" slack="0"/>
</pin_list>
<bind>
<opcode="memshiftread(1195) " fcode="memshiftread"/>
<opset="p_22_i/1 "/>
</bind>
</comp>

<comp id="492" class="1004" name="p_23_i_fu_492">
<pin_list>
<pin id="493" dir="0" index="0" bw="20" slack="0"/>
<pin id="494" dir="0" index="1" bw="20" slack="0"/>
<pin id="495" dir="0" index="2" bw="20" slack="0"/>
<pin id="496" dir="0" index="3" bw="1" slack="0"/>
<pin id="497" dir="1" index="4" bw="20" slack="0"/>
</pin_list>
<bind>
<opcode="memshiftread(1195) " fcode="memshiftread"/>
<opset="p_23_i/1 "/>
</bind>
</comp>

<comp id="502" class="1004" name="p_24_i_fu_502">
<pin_list>
<pin id="503" dir="0" index="0" bw="20" slack="0"/>
<pin id="504" dir="0" index="1" bw="20" slack="0"/>
<pin id="505" dir="0" index="2" bw="20" slack="0"/>
<pin id="506" dir="0" index="3" bw="1" slack="0"/>
<pin id="507" dir="1" index="4" bw="20" slack="0"/>
</pin_list>
<bind>
<opcode="memshiftread(1195) " fcode="memshiftread"/>
<opset="p_24_i/1 "/>
</bind>
</comp>

<comp id="512" class="1004" name="p_25_i_fu_512">
<pin_list>
<pin id="513" dir="0" index="0" bw="20" slack="0"/>
<pin id="514" dir="0" index="1" bw="20" slack="0"/>
<pin id="515" dir="0" index="2" bw="20" slack="0"/>
<pin id="516" dir="0" index="3" bw="1" slack="0"/>
<pin id="517" dir="1" index="4" bw="20" slack="0"/>
</pin_list>
<bind>
<opcode="memshiftread(1195) " fcode="memshiftread"/>
<opset="p_25_i/1 "/>
</bind>
</comp>

<comp id="522" class="1004" name="p_26_i_fu_522">
<pin_list>
<pin id="523" dir="0" index="0" bw="20" slack="0"/>
<pin id="524" dir="0" index="1" bw="20" slack="0"/>
<pin id="525" dir="0" index="2" bw="20" slack="0"/>
<pin id="526" dir="0" index="3" bw="1" slack="0"/>
<pin id="527" dir="1" index="4" bw="20" slack="0"/>
</pin_list>
<bind>
<opcode="memshiftread(1195) " fcode="memshiftread"/>
<opset="p_26_i/1 "/>
</bind>
</comp>

<comp id="532" class="1004" name="p_27_i_fu_532">
<pin_list>
<pin id="533" dir="0" index="0" bw="20" slack="0"/>
<pin id="534" dir="0" index="1" bw="20" slack="0"/>
<pin id="535" dir="0" index="2" bw="20" slack="0"/>
<pin id="536" dir="0" index="3" bw="1" slack="0"/>
<pin id="537" dir="1" index="4" bw="20" slack="0"/>
</pin_list>
<bind>
<opcode="memshiftread(1195) " fcode="memshiftread"/>
<opset="p_27_i/1 "/>
</bind>
</comp>

<comp id="542" class="1004" name="p_28_i_fu_542">
<pin_list>
<pin id="543" dir="0" index="0" bw="20" slack="0"/>
<pin id="544" dir="0" index="1" bw="20" slack="0"/>
<pin id="545" dir="0" index="2" bw="20" slack="0"/>
<pin id="546" dir="0" index="3" bw="1" slack="0"/>
<pin id="547" dir="1" index="4" bw="20" slack="0"/>
</pin_list>
<bind>
<opcode="memshiftread(1195) " fcode="memshiftread"/>
<opset="p_28_i/1 "/>
</bind>
</comp>

<comp id="552" class="1004" name="p_29_i_fu_552">
<pin_list>
<pin id="553" dir="0" index="0" bw="20" slack="0"/>
<pin id="554" dir="0" index="1" bw="20" slack="0"/>
<pin id="555" dir="0" index="2" bw="20" slack="0"/>
<pin id="556" dir="0" index="3" bw="1" slack="0"/>
<pin id="557" dir="1" index="4" bw="20" slack="0"/>
</pin_list>
<bind>
<opcode="memshiftread(1195) " fcode="memshiftread"/>
<opset="p_29_i/1 "/>
</bind>
</comp>

<comp id="562" class="1004" name="p_30_i_fu_562">
<pin_list>
<pin id="563" dir="0" index="0" bw="20" slack="0"/>
<pin id="564" dir="0" index="1" bw="20" slack="0"/>
<pin id="565" dir="0" index="2" bw="20" slack="0"/>
<pin id="566" dir="0" index="3" bw="1" slack="0"/>
<pin id="567" dir="1" index="4" bw="20" slack="0"/>
</pin_list>
<bind>
<opcode="memshiftread(1195) " fcode="memshiftread"/>
<opset="p_30_i/1 "/>
</bind>
</comp>

<comp id="572" class="1004" name="p_31_i_fu_572">
<pin_list>
<pin id="573" dir="0" index="0" bw="20" slack="0"/>
<pin id="574" dir="0" index="1" bw="20" slack="0"/>
<pin id="575" dir="0" index="2" bw="20" slack="0"/>
<pin id="576" dir="0" index="3" bw="1" slack="0"/>
<pin id="577" dir="1" index="4" bw="20" slack="0"/>
</pin_list>
<bind>
<opcode="memshiftread(1195) " fcode="memshiftread"/>
<opset="p_31_i/1 "/>
</bind>
</comp>

<comp id="582" class="1004" name="p_32_i_fu_582">
<pin_list>
<pin id="583" dir="0" index="0" bw="20" slack="0"/>
<pin id="584" dir="0" index="1" bw="20" slack="0"/>
<pin id="585" dir="0" index="2" bw="20" slack="0"/>
<pin id="586" dir="0" index="3" bw="1" slack="0"/>
<pin id="587" dir="1" index="4" bw="20" slack="0"/>
</pin_list>
<bind>
<opcode="memshiftread(1195) " fcode="memshiftread"/>
<opset="p_32_i/1 "/>
</bind>
</comp>

<comp id="592" class="1004" name="p_33_i_fu_592">
<pin_list>
<pin id="593" dir="0" index="0" bw="20" slack="0"/>
<pin id="594" dir="0" index="1" bw="20" slack="0"/>
<pin id="595" dir="0" index="2" bw="20" slack="0"/>
<pin id="596" dir="0" index="3" bw="1" slack="0"/>
<pin id="597" dir="1" index="4" bw="20" slack="0"/>
</pin_list>
<bind>
<opcode="memshiftread(1195) " fcode="memshiftread"/>
<opset="p_33_i/1 "/>
</bind>
</comp>

<comp id="602" class="1004" name="p_34_i_fu_602">
<pin_list>
<pin id="603" dir="0" index="0" bw="20" slack="0"/>
<pin id="604" dir="0" index="1" bw="20" slack="0"/>
<pin id="605" dir="0" index="2" bw="20" slack="0"/>
<pin id="606" dir="0" index="3" bw="1" slack="0"/>
<pin id="607" dir="1" index="4" bw="20" slack="0"/>
</pin_list>
<bind>
<opcode="memshiftread(1195) " fcode="memshiftread"/>
<opset="p_34_i/1 "/>
</bind>
</comp>

<comp id="612" class="1004" name="p_35_i_fu_612">
<pin_list>
<pin id="613" dir="0" index="0" bw="20" slack="0"/>
<pin id="614" dir="0" index="1" bw="20" slack="0"/>
<pin id="615" dir="0" index="2" bw="20" slack="0"/>
<pin id="616" dir="0" index="3" bw="1" slack="0"/>
<pin id="617" dir="1" index="4" bw="20" slack="0"/>
</pin_list>
<bind>
<opcode="memshiftread(1195) " fcode="memshiftread"/>
<opset="p_35_i/1 "/>
</bind>
</comp>

<comp id="622" class="1004" name="p_36_i_fu_622">
<pin_list>
<pin id="623" dir="0" index="0" bw="20" slack="0"/>
<pin id="624" dir="0" index="1" bw="20" slack="0"/>
<pin id="625" dir="0" index="2" bw="20" slack="0"/>
<pin id="626" dir="0" index="3" bw="1" slack="0"/>
<pin id="627" dir="1" index="4" bw="20" slack="0"/>
</pin_list>
<bind>
<opcode="memshiftread(1195) " fcode="memshiftread"/>
<opset="p_36_i/1 "/>
</bind>
</comp>

<comp id="632" class="1004" name="p_37_i_fu_632">
<pin_list>
<pin id="633" dir="0" index="0" bw="20" slack="0"/>
<pin id="634" dir="0" index="1" bw="20" slack="0"/>
<pin id="635" dir="0" index="2" bw="20" slack="0"/>
<pin id="636" dir="0" index="3" bw="1" slack="0"/>
<pin id="637" dir="1" index="4" bw="20" slack="0"/>
</pin_list>
<bind>
<opcode="memshiftread(1195) " fcode="memshiftread"/>
<opset="p_37_i/1 "/>
</bind>
</comp>

<comp id="642" class="1004" name="p_38_i_fu_642">
<pin_list>
<pin id="643" dir="0" index="0" bw="20" slack="0"/>
<pin id="644" dir="0" index="1" bw="20" slack="0"/>
<pin id="645" dir="0" index="2" bw="20" slack="0"/>
<pin id="646" dir="0" index="3" bw="1" slack="0"/>
<pin id="647" dir="1" index="4" bw="20" slack="0"/>
</pin_list>
<bind>
<opcode="memshiftread(1195) " fcode="memshiftread"/>
<opset="p_38_i/1 "/>
</bind>
</comp>

<comp id="652" class="1004" name="p_0_i_fu_652">
<pin_list>
<pin id="653" dir="0" index="0" bw="20" slack="0"/>
<pin id="654" dir="0" index="1" bw="20" slack="0"/>
<pin id="655" dir="0" index="2" bw="20" slack="0"/>
<pin id="656" dir="0" index="3" bw="1" slack="0"/>
<pin id="657" dir="1" index="4" bw="20" slack="0"/>
</pin_list>
<bind>
<opcode="memshiftread(1195) " fcode="memshiftread"/>
<opset="p_0_i/1 "/>
</bind>
</comp>

<comp id="662" class="1004" name="p_ZZN4nnet24compute_output_buffer_2dINS_5arrayI8ap_fixedILi20ELi10EL9ap_q_mode5EL_98_load_fu_662">
<pin_list>
<pin id="663" dir="0" index="0" bw="20" slack="0"/>
<pin id="664" dir="1" index="1" bw="20" slack="0"/>
</pin_list>
<bind>
<opcode="load(27) " fcode="load"/>
<opset="p_ZZN4nnet24compute_output_buffer_2dINS_5arrayI8ap_fixedILi20ELi10EL9ap_q_mode5EL_98/1 "/>
</bind>
</comp>

<comp id="666" class="1004" name="store_ln196_store_fu_666">
<pin_list>
<pin id="667" dir="0" index="0" bw="20" slack="0"/>
<pin id="668" dir="0" index="1" bw="20" slack="0"/>
<pin id="669" dir="1" index="2" bw="0" slack="2147483647"/>
</pin_list>
<bind>
<opcode="store(28) " fcode="store"/>
<opset="store_ln196/1 "/>
</bind>
</comp>

<comp id="672" class="1004" name="p_ZZN4nnet24compute_output_buffer_2dINS_5arrayI8ap_fixedILi20ELi10EL9ap_q_mode5EL_99_load_fu_672">
<pin_list>
<pin id="673" dir="0" index="0" bw="20" slack="0"/>
<pin id="674" dir="1" index="1" bw="20" slack="0"/>
</pin_list>
<bind>
<opcode="load(27) " fcode="load"/>
<opset="p_ZZN4nnet24compute_output_buffer_2dINS_5arrayI8ap_fixedILi20ELi10EL9ap_q_mode5EL_99/1 "/>
</bind>
</comp>

<comp id="676" class="1004" name="store_ln196_store_fu_676">
<pin_list>
<pin id="677" dir="0" index="0" bw="20" slack="0"/>
<pin id="678" dir="0" index="1" bw="20" slack="0"/>
<pin id="679" dir="1" index="2" bw="0" slack="2147483647"/>
</pin_list>
<bind>
<opcode="store(28) " fcode="store"/>
<opset="store_ln196/1 "/>
</bind>
</comp>

<comp id="682" class="1004" name="p_ZZN4nnet24compute_output_buffer_2dINS_5arrayI8ap_fixedILi20ELi10EL9ap_q_mode5EL_100_load_fu_682">
<pin_list>
<pin id="683" dir="0" index="0" bw="20" slack="0"/>
<pin id="684" dir="1" index="1" bw="20" slack="0"/>
</pin_list>
<bind>
<opcode="load(27) " fcode="load"/>
<opset="p_ZZN4nnet24compute_output_buffer_2dINS_5arrayI8ap_fixedILi20ELi10EL9ap_q_mode5EL_100/1 "/>
</bind>
</comp>

<comp id="686" class="1004" name="store_ln196_store_fu_686">
<pin_list>
<pin id="687" dir="0" index="0" bw="20" slack="0"/>
<pin id="688" dir="0" index="1" bw="20" slack="0"/>
<pin id="689" dir="1" index="2" bw="0" slack="2147483647"/>
</pin_list>
<bind>
<opcode="store(28) " fcode="store"/>
<opset="store_ln196/1 "/>
</bind>
</comp>

<comp id="692" class="1004" name="p_ZZN4nnet24compute_output_buffer_2dINS_5arrayI8ap_fixedILi20ELi10EL9ap_q_mode5EL_101_load_fu_692">
<pin_list>
<pin id="693" dir="0" index="0" bw="20" slack="0"/>
<pin id="694" dir="1" index="1" bw="20" slack="0"/>
</pin_list>
<bind>
<opcode="load(27) " fcode="load"/>
<opset="p_ZZN4nnet24compute_output_buffer_2dINS_5arrayI8ap_fixedILi20ELi10EL9ap_q_mode5EL_101/1 "/>
</bind>
</comp>

<comp id="696" class="1004" name="store_ln196_store_fu_696">
<pin_list>
<pin id="697" dir="0" index="0" bw="20" slack="0"/>
<pin id="698" dir="0" index="1" bw="20" slack="0"/>
<pin id="699" dir="1" index="2" bw="0" slack="2147483647"/>
</pin_list>
<bind>
<opcode="store(28) " fcode="store"/>
<opset="store_ln196/1 "/>
</bind>
</comp>

<comp id="702" class="1004" name="p_ZZN4nnet24compute_output_buffer_2dINS_5arrayI8ap_fixedILi20ELi10EL9ap_q_mode5EL_102_load_fu_702">
<pin_list>
<pin id="703" dir="0" index="0" bw="20" slack="0"/>
<pin id="704" dir="1" index="1" bw="20" slack="0"/>
</pin_list>
<bind>
<opcode="load(27) " fcode="load"/>
<opset="p_ZZN4nnet24compute_output_buffer_2dINS_5arrayI8ap_fixedILi20ELi10EL9ap_q_mode5EL_102/1 "/>
</bind>
</comp>

<comp id="706" class="1004" name="store_ln196_store_fu_706">
<pin_list>
<pin id="707" dir="0" index="0" bw="20" slack="0"/>
<pin id="708" dir="0" index="1" bw="20" slack="0"/>
<pin id="709" dir="1" index="2" bw="0" slack="2147483647"/>
</pin_list>
<bind>
<opcode="store(28) " fcode="store"/>
<opset="store_ln196/1 "/>
</bind>
</comp>

<comp id="712" class="1004" name="p_ZZN4nnet24compute_output_buffer_2dINS_5arrayI8ap_fixedILi20ELi10EL9ap_q_mode5EL_103_load_fu_712">
<pin_list>
<pin id="713" dir="0" index="0" bw="20" slack="0"/>
<pin id="714" dir="1" index="1" bw="20" slack="0"/>
</pin_list>
<bind>
<opcode="load(27) " fcode="load"/>
<opset="p_ZZN4nnet24compute_output_buffer_2dINS_5arrayI8ap_fixedILi20ELi10EL9ap_q_mode5EL_103/1 "/>
</bind>
</comp>

<comp id="716" class="1004" name="store_ln196_store_fu_716">
<pin_list>
<pin id="717" dir="0" index="0" bw="20" slack="0"/>
<pin id="718" dir="0" index="1" bw="20" slack="0"/>
<pin id="719" dir="1" index="2" bw="0" slack="2147483647"/>
</pin_list>
<bind>
<opcode="store(28) " fcode="store"/>
<opset="store_ln196/1 "/>
</bind>
</comp>

<comp id="722" class="1004" name="p_ZZN4nnet24compute_output_buffer_2dINS_5arrayI8ap_fixedILi20ELi10EL9ap_q_mode5EL_104_load_fu_722">
<pin_list>
<pin id="723" dir="0" index="0" bw="20" slack="0"/>
<pin id="724" dir="1" index="1" bw="20" slack="0"/>
</pin_list>
<bind>
<opcode="load(27) " fcode="load"/>
<opset="p_ZZN4nnet24compute_output_buffer_2dINS_5arrayI8ap_fixedILi20ELi10EL9ap_q_mode5EL_104/1 "/>
</bind>
</comp>

<comp id="726" class="1004" name="store_ln196_store_fu_726">
<pin_list>
<pin id="727" dir="0" index="0" bw="20" slack="0"/>
<pin id="728" dir="0" index="1" bw="20" slack="0"/>
<pin id="729" dir="1" index="2" bw="0" slack="2147483647"/>
</pin_list>
<bind>
<opcode="store(28) " fcode="store"/>
<opset="store_ln196/1 "/>
</bind>
</comp>

<comp id="732" class="1004" name="p_ZZN4nnet24compute_output_buffer_2dINS_5arrayI8ap_fixedILi20ELi10EL9ap_q_mode5EL_105_load_fu_732">
<pin_list>
<pin id="733" dir="0" index="0" bw="20" slack="0"/>
<pin id="734" dir="1" index="1" bw="20" slack="0"/>
</pin_list>
<bind>
<opcode="load(27) " fcode="load"/>
<opset="p_ZZN4nnet24compute_output_buffer_2dINS_5arrayI8ap_fixedILi20ELi10EL9ap_q_mode5EL_105/1 "/>
</bind>
</comp>

<comp id="736" class="1004" name="store_ln196_store_fu_736">
<pin_list>
<pin id="737" dir="0" index="0" bw="20" slack="0"/>
<pin id="738" dir="0" index="1" bw="20" slack="0"/>
<pin id="739" dir="1" index="2" bw="0" slack="2147483647"/>
</pin_list>
<bind>
<opcode="store(28) " fcode="store"/>
<opset="store_ln196/1 "/>
</bind>
</comp>

<comp id="742" class="1004" name="p_ZZN4nnet24compute_output_buffer_2dINS_5arrayI8ap_fixedILi20ELi10EL9ap_q_mode5EL_106_load_fu_742">
<pin_list>
<pin id="743" dir="0" index="0" bw="20" slack="0"/>
<pin id="744" dir="1" index="1" bw="20" slack="0"/>
</pin_list>
<bind>
<opcode="load(27) " fcode="load"/>
<opset="p_ZZN4nnet24compute_output_buffer_2dINS_5arrayI8ap_fixedILi20ELi10EL9ap_q_mode5EL_106/1 "/>
</bind>
</comp>

<comp id="746" class="1004" name="store_ln196_store_fu_746">
<pin_list>
<pin id="747" dir="0" index="0" bw="20" slack="0"/>
<pin id="748" dir="0" index="1" bw="20" slack="0"/>
<pin id="749" dir="1" index="2" bw="0" slack="2147483647"/>
</pin_list>
<bind>
<opcode="store(28) " fcode="store"/>
<opset="store_ln196/1 "/>
</bind>
</comp>

<comp id="752" class="1004" name="p_ZZN4nnet24compute_output_buffer_2dINS_5arrayI8ap_fixedILi20ELi10EL9ap_q_mode5EL_107_load_fu_752">
<pin_list>
<pin id="753" dir="0" index="0" bw="20" slack="0"/>
<pin id="754" dir="1" index="1" bw="20" slack="0"/>
</pin_list>
<bind>
<opcode="load(27) " fcode="load"/>
<opset="p_ZZN4nnet24compute_output_buffer_2dINS_5arrayI8ap_fixedILi20ELi10EL9ap_q_mode5EL_107/1 "/>
</bind>
</comp>

<comp id="756" class="1004" name="store_ln196_store_fu_756">
<pin_list>
<pin id="757" dir="0" index="0" bw="20" slack="0"/>
<pin id="758" dir="0" index="1" bw="20" slack="0"/>
<pin id="759" dir="1" index="2" bw="0" slack="2147483647"/>
</pin_list>
<bind>
<opcode="store(28) " fcode="store"/>
<opset="store_ln196/1 "/>
</bind>
</comp>

<comp id="762" class="1004" name="p_ZZN4nnet24compute_output_buffer_2dINS_5arrayI8ap_fixedILi20ELi10EL9ap_q_mode5EL_108_load_fu_762">
<pin_list>
<pin id="763" dir="0" index="0" bw="20" slack="0"/>
<pin id="764" dir="1" index="1" bw="20" slack="0"/>
</pin_list>
<bind>
<opcode="load(27) " fcode="load"/>
<opset="p_ZZN4nnet24compute_output_buffer_2dINS_5arrayI8ap_fixedILi20ELi10EL9ap_q_mode5EL_108/1 "/>
</bind>
</comp>

<comp id="766" class="1004" name="store_ln196_store_fu_766">
<pin_list>
<pin id="767" dir="0" index="0" bw="20" slack="0"/>
<pin id="768" dir="0" index="1" bw="20" slack="0"/>
<pin id="769" dir="1" index="2" bw="0" slack="2147483647"/>
</pin_list>
<bind>
<opcode="store(28) " fcode="store"/>
<opset="store_ln196/1 "/>
</bind>
</comp>

<comp id="772" class="1004" name="p_ZZN4nnet24compute_output_buffer_2dINS_5arrayI8ap_fixedILi20ELi10EL9ap_q_mode5EL_109_load_fu_772">
<pin_list>
<pin id="773" dir="0" index="0" bw="20" slack="0"/>
<pin id="774" dir="1" index="1" bw="20" slack="0"/>
</pin_list>
<bind>
<opcode="load(27) " fcode="load"/>
<opset="p_ZZN4nnet24compute_output_buffer_2dINS_5arrayI8ap_fixedILi20ELi10EL9ap_q_mode5EL_109/1 "/>
</bind>
</comp>

<comp id="776" class="1004" name="store_ln196_store_fu_776">
<pin_list>
<pin id="777" dir="0" index="0" bw="20" slack="0"/>
<pin id="778" dir="0" index="1" bw="20" slack="0"/>
<pin id="779" dir="1" index="2" bw="0" slack="2147483647"/>
</pin_list>
<bind>
<opcode="store(28) " fcode="store"/>
<opset="store_ln196/1 "/>
</bind>
</comp>

<comp id="782" class="1004" name="p_ZZN4nnet24compute_output_buffer_2dINS_5arrayI8ap_fixedILi20ELi10EL9ap_q_mode5EL_110_load_fu_782">
<pin_list>
<pin id="783" dir="0" index="0" bw="20" slack="0"/>
<pin id="784" dir="1" index="1" bw="20" slack="0"/>
</pin_list>
<bind>
<opcode="load(27) " fcode="load"/>
<opset="p_ZZN4nnet24compute_output_buffer_2dINS_5arrayI8ap_fixedILi20ELi10EL9ap_q_mode5EL_110/1 "/>
</bind>
</comp>

<comp id="786" class="1004" name="store_ln196_store_fu_786">
<pin_list>
<pin id="787" dir="0" index="0" bw="20" slack="0"/>
<pin id="788" dir="0" index="1" bw="20" slack="0"/>
<pin id="789" dir="1" index="2" bw="0" slack="2147483647"/>
</pin_list>
<bind>
<opcode="store(28) " fcode="store"/>
<opset="store_ln196/1 "/>
</bind>
</comp>

<comp id="792" class="1004" name="p_ZZN4nnet24compute_output_buffer_2dINS_5arrayI8ap_fixedILi20ELi10EL9ap_q_mode5EL_111_load_fu_792">
<pin_list>
<pin id="793" dir="0" index="0" bw="20" slack="0"/>
<pin id="794" dir="1" index="1" bw="20" slack="0"/>
</pin_list>
<bind>
<opcode="load(27) " fcode="load"/>
<opset="p_ZZN4nnet24compute_output_buffer_2dINS_5arrayI8ap_fixedILi20ELi10EL9ap_q_mode5EL_111/1 "/>
</bind>
</comp>

<comp id="796" class="1004" name="store_ln196_store_fu_796">
<pin_list>
<pin id="797" dir="0" index="0" bw="20" slack="0"/>
<pin id="798" dir="0" index="1" bw="20" slack="0"/>
<pin id="799" dir="1" index="2" bw="0" slack="2147483647"/>
</pin_list>
<bind>
<opcode="store(28) " fcode="store"/>
<opset="store_ln196/1 "/>
</bind>
</comp>

<comp id="802" class="1004" name="p_ZZN4nnet24compute_output_buffer_2dINS_5arrayI8ap_fixedILi20ELi10EL9ap_q_mode5EL_112_load_fu_802">
<pin_list>
<pin id="803" dir="0" index="0" bw="20" slack="0"/>
<pin id="804" dir="1" index="1" bw="20" slack="0"/>
</pin_list>
<bind>
<opcode="load(27) " fcode="load"/>
<opset="p_ZZN4nnet24compute_output_buffer_2dINS_5arrayI8ap_fixedILi20ELi10EL9ap_q_mode5EL_112/1 "/>
</bind>
</comp>

<comp id="806" class="1004" name="store_ln196_store_fu_806">
<pin_list>
<pin id="807" dir="0" index="0" bw="20" slack="0"/>
<pin id="808" dir="0" index="1" bw="20" slack="0"/>
<pin id="809" dir="1" index="2" bw="0" slack="2147483647"/>
</pin_list>
<bind>
<opcode="store(28) " fcode="store"/>
<opset="store_ln196/1 "/>
</bind>
</comp>

<comp id="812" class="1004" name="p_ZZN4nnet24compute_output_buffer_2dINS_5arrayI8ap_fixedILi20ELi10EL9ap_q_mode5EL_113_load_fu_812">
<pin_list>
<pin id="813" dir="0" index="0" bw="20" slack="0"/>
<pin id="814" dir="1" index="1" bw="20" slack="0"/>
</pin_list>
<bind>
<opcode="load(27) " fcode="load"/>
<opset="p_ZZN4nnet24compute_output_buffer_2dINS_5arrayI8ap_fixedILi20ELi10EL9ap_q_mode5EL_113/1 "/>
</bind>
</comp>

<comp id="816" class="1004" name="store_ln196_store_fu_816">
<pin_list>
<pin id="817" dir="0" index="0" bw="20" slack="0"/>
<pin id="818" dir="0" index="1" bw="20" slack="0"/>
<pin id="819" dir="1" index="2" bw="0" slack="2147483647"/>
</pin_list>
<bind>
<opcode="store(28) " fcode="store"/>
<opset="store_ln196/1 "/>
</bind>
</comp>

<comp id="822" class="1004" name="p_ZZN4nnet24compute_output_buffer_2dINS_5arrayI8ap_fixedILi20ELi10EL9ap_q_mode5EL_114_load_fu_822">
<pin_list>
<pin id="823" dir="0" index="0" bw="20" slack="0"/>
<pin id="824" dir="1" index="1" bw="20" slack="0"/>
</pin_list>
<bind>
<opcode="load(27) " fcode="load"/>
<opset="p_ZZN4nnet24compute_output_buffer_2dINS_5arrayI8ap_fixedILi20ELi10EL9ap_q_mode5EL_114/1 "/>
</bind>
</comp>

<comp id="826" class="1004" name="store_ln196_store_fu_826">
<pin_list>
<pin id="827" dir="0" index="0" bw="20" slack="0"/>
<pin id="828" dir="0" index="1" bw="20" slack="0"/>
<pin id="829" dir="1" index="2" bw="0" slack="2147483647"/>
</pin_list>
<bind>
<opcode="store(28) " fcode="store"/>
<opset="store_ln196/1 "/>
</bind>
</comp>

<comp id="832" class="1004" name="p_ZZN4nnet24compute_output_buffer_2dINS_5arrayI8ap_fixedILi20ELi10EL9ap_q_mode5EL_115_load_fu_832">
<pin_list>
<pin id="833" dir="0" index="0" bw="20" slack="0"/>
<pin id="834" dir="1" index="1" bw="20" slack="0"/>
</pin_list>
<bind>
<opcode="load(27) " fcode="load"/>
<opset="p_ZZN4nnet24compute_output_buffer_2dINS_5arrayI8ap_fixedILi20ELi10EL9ap_q_mode5EL_115/1 "/>
</bind>
</comp>

<comp id="836" class="1004" name="store_ln196_store_fu_836">
<pin_list>
<pin id="837" dir="0" index="0" bw="20" slack="0"/>
<pin id="838" dir="0" index="1" bw="20" slack="0"/>
<pin id="839" dir="1" index="2" bw="0" slack="2147483647"/>
</pin_list>
<bind>
<opcode="store(28) " fcode="store"/>
<opset="store_ln196/1 "/>
</bind>
</comp>

<comp id="842" class="1004" name="p_ZZN4nnet24compute_output_buffer_2dINS_5arrayI8ap_fixedILi20ELi10EL9ap_q_mode5EL_116_load_fu_842">
<pin_list>
<pin id="843" dir="0" index="0" bw="20" slack="0"/>
<pin id="844" dir="1" index="1" bw="20" slack="0"/>
</pin_list>
<bind>
<opcode="load(27) " fcode="load"/>
<opset="p_ZZN4nnet24compute_output_buffer_2dINS_5arrayI8ap_fixedILi20ELi10EL9ap_q_mode5EL_116/1 "/>
</bind>
</comp>

<comp id="846" class="1004" name="store_ln196_store_fu_846">
<pin_list>
<pin id="847" dir="0" index="0" bw="20" slack="0"/>
<pin id="848" dir="0" index="1" bw="20" slack="0"/>
<pin id="849" dir="1" index="2" bw="0" slack="2147483647"/>
</pin_list>
<bind>
<opcode="store(28) " fcode="store"/>
<opset="store_ln196/1 "/>
</bind>
</comp>

<comp id="852" class="1004" name="p_ZZN4nnet24compute_output_buffer_2dINS_5arrayI8ap_fixedILi20ELi10EL9ap_q_mode5EL_117_load_fu_852">
<pin_list>
<pin id="853" dir="0" index="0" bw="20" slack="0"/>
<pin id="854" dir="1" index="1" bw="20" slack="0"/>
</pin_list>
<bind>
<opcode="load(27) " fcode="load"/>
<opset="p_ZZN4nnet24compute_output_buffer_2dINS_5arrayI8ap_fixedILi20ELi10EL9ap_q_mode5EL_117/1 "/>
</bind>
</comp>

<comp id="856" class="1004" name="store_ln196_store_fu_856">
<pin_list>
<pin id="857" dir="0" index="0" bw="20" slack="0"/>
<pin id="858" dir="0" index="1" bw="20" slack="0"/>
<pin id="859" dir="1" index="2" bw="0" slack="2147483647"/>
</pin_list>
<bind>
<opcode="store(28) " fcode="store"/>
<opset="store_ln196/1 "/>
</bind>
</comp>

<comp id="862" class="1004" name="p_ZZN4nnet24compute_output_buffer_2dINS_5arrayI8ap_fixedILi20ELi10EL9ap_q_mode5EL_118_load_fu_862">
<pin_list>
<pin id="863" dir="0" index="0" bw="20" slack="0"/>
<pin id="864" dir="1" index="1" bw="20" slack="0"/>
</pin_list>
<bind>
<opcode="load(27) " fcode="load"/>
<opset="p_ZZN4nnet24compute_output_buffer_2dINS_5arrayI8ap_fixedILi20ELi10EL9ap_q_mode5EL_118/1 "/>
</bind>
</comp>

<comp id="866" class="1004" name="store_ln196_store_fu_866">
<pin_list>
<pin id="867" dir="0" index="0" bw="20" slack="0"/>
<pin id="868" dir="0" index="1" bw="20" slack="0"/>
<pin id="869" dir="1" index="2" bw="0" slack="2147483647"/>
</pin_list>
<bind>
<opcode="store(28) " fcode="store"/>
<opset="store_ln196/1 "/>
</bind>
</comp>

<comp id="872" class="1004" name="p_ZZN4nnet24compute_output_buffer_2dINS_5arrayI8ap_fixedILi20ELi10EL9ap_q_mode5EL_119_load_fu_872">
<pin_list>
<pin id="873" dir="0" index="0" bw="20" slack="0"/>
<pin id="874" dir="1" index="1" bw="20" slack="0"/>
</pin_list>
<bind>
<opcode="load(27) " fcode="load"/>
<opset="p_ZZN4nnet24compute_output_buffer_2dINS_5arrayI8ap_fixedILi20ELi10EL9ap_q_mode5EL_119/1 "/>
</bind>
</comp>

<comp id="876" class="1004" name="store_ln196_store_fu_876">
<pin_list>
<pin id="877" dir="0" index="0" bw="20" slack="0"/>
<pin id="878" dir="0" index="1" bw="20" slack="0"/>
<pin id="879" dir="1" index="2" bw="0" slack="2147483647"/>
</pin_list>
<bind>
<opcode="store(28) " fcode="store"/>
<opset="store_ln196/1 "/>
</bind>
</comp>

<comp id="882" class="1004" name="p_ZZN4nnet24compute_output_buffer_2dINS_5arrayI8ap_fixedILi20ELi10EL9ap_q_mode5EL_120_load_fu_882">
<pin_list>
<pin id="883" dir="0" index="0" bw="20" slack="0"/>
<pin id="884" dir="1" index="1" bw="20" slack="0"/>
</pin_list>
<bind>
<opcode="load(27) " fcode="load"/>
<opset="p_ZZN4nnet24compute_output_buffer_2dINS_5arrayI8ap_fixedILi20ELi10EL9ap_q_mode5EL_120/1 "/>
</bind>
</comp>

<comp id="886" class="1004" name="store_ln196_store_fu_886">
<pin_list>
<pin id="887" dir="0" index="0" bw="20" slack="0"/>
<pin id="888" dir="0" index="1" bw="20" slack="0"/>
<pin id="889" dir="1" index="2" bw="0" slack="2147483647"/>
</pin_list>
<bind>
<opcode="store(28) " fcode="store"/>
<opset="store_ln196/1 "/>
</bind>
</comp>

<comp id="892" class="1004" name="p_ZZN4nnet24compute_output_buffer_2dINS_5arrayI8ap_fixedILi20ELi10EL9ap_q_mode5EL_121_load_fu_892">
<pin_list>
<pin id="893" dir="0" index="0" bw="20" slack="0"/>
<pin id="894" dir="1" index="1" bw="20" slack="0"/>
</pin_list>
<bind>
<opcode="load(27) " fcode="load"/>
<opset="p_ZZN4nnet24compute_output_buffer_2dINS_5arrayI8ap_fixedILi20ELi10EL9ap_q_mode5EL_121/1 "/>
</bind>
</comp>

<comp id="896" class="1004" name="store_ln196_store_fu_896">
<pin_list>
<pin id="897" dir="0" index="0" bw="20" slack="0"/>
<pin id="898" dir="0" index="1" bw="20" slack="0"/>
<pin id="899" dir="1" index="2" bw="0" slack="2147483647"/>
</pin_list>
<bind>
<opcode="store(28) " fcode="store"/>
<opset="store_ln196/1 "/>
</bind>
</comp>

<comp id="902" class="1004" name="p_ZZN4nnet24compute_output_buffer_2dINS_5arrayI8ap_fixedILi20ELi10EL9ap_q_mode5EL_122_load_fu_902">
<pin_list>
<pin id="903" dir="0" index="0" bw="20" slack="0"/>
<pin id="904" dir="1" index="1" bw="20" slack="0"/>
</pin_list>
<bind>
<opcode="load(27) " fcode="load"/>
<opset="p_ZZN4nnet24compute_output_buffer_2dINS_5arrayI8ap_fixedILi20ELi10EL9ap_q_mode5EL_122/1 "/>
</bind>
</comp>

<comp id="906" class="1004" name="store_ln196_store_fu_906">
<pin_list>
<pin id="907" dir="0" index="0" bw="20" slack="0"/>
<pin id="908" dir="0" index="1" bw="20" slack="0"/>
<pin id="909" dir="1" index="2" bw="0" slack="2147483647"/>
</pin_list>
<bind>
<opcode="store(28) " fcode="store"/>
<opset="store_ln196/1 "/>
</bind>
</comp>

<comp id="912" class="1004" name="p_ZZN4nnet24compute_output_buffer_2dINS_5arrayI8ap_fixedILi20ELi10EL9ap_q_mode5EL_123_load_fu_912">
<pin_list>
<pin id="913" dir="0" index="0" bw="20" slack="0"/>
<pin id="914" dir="1" index="1" bw="20" slack="0"/>
</pin_list>
<bind>
<opcode="load(27) " fcode="load"/>
<opset="p_ZZN4nnet24compute_output_buffer_2dINS_5arrayI8ap_fixedILi20ELi10EL9ap_q_mode5EL_123/1 "/>
</bind>
</comp>

<comp id="916" class="1004" name="store_ln196_store_fu_916">
<pin_list>
<pin id="917" dir="0" index="0" bw="20" slack="0"/>
<pin id="918" dir="0" index="1" bw="20" slack="0"/>
<pin id="919" dir="1" index="2" bw="0" slack="2147483647"/>
</pin_list>
<bind>
<opcode="store(28) " fcode="store"/>
<opset="store_ln196/1 "/>
</bind>
</comp>

<comp id="922" class="1004" name="p_ZZN4nnet24compute_output_buffer_2dINS_5arrayI8ap_fixedILi20ELi10EL9ap_q_mode5EL_124_load_fu_922">
<pin_list>
<pin id="923" dir="0" index="0" bw="20" slack="0"/>
<pin id="924" dir="1" index="1" bw="20" slack="0"/>
</pin_list>
<bind>
<opcode="load(27) " fcode="load"/>
<opset="p_ZZN4nnet24compute_output_buffer_2dINS_5arrayI8ap_fixedILi20ELi10EL9ap_q_mode5EL_124/1 "/>
</bind>
</comp>

<comp id="926" class="1004" name="store_ln196_store_fu_926">
<pin_list>
<pin id="927" dir="0" index="0" bw="20" slack="0"/>
<pin id="928" dir="0" index="1" bw="20" slack="0"/>
<pin id="929" dir="1" index="2" bw="0" slack="2147483647"/>
</pin_list>
<bind>
<opcode="store(28) " fcode="store"/>
<opset="store_ln196/1 "/>
</bind>
</comp>

<comp id="932" class="1004" name="p_ZZN4nnet24compute_output_buffer_2dINS_5arrayI8ap_fixedILi20ELi10EL9ap_q_mode5EL_125_load_fu_932">
<pin_list>
<pin id="933" dir="0" index="0" bw="20" slack="0"/>
<pin id="934" dir="1" index="1" bw="20" slack="0"/>
</pin_list>
<bind>
<opcode="load(27) " fcode="load"/>
<opset="p_ZZN4nnet24compute_output_buffer_2dINS_5arrayI8ap_fixedILi20ELi10EL9ap_q_mode5EL_125/1 "/>
</bind>
</comp>

<comp id="936" class="1004" name="store_ln196_store_fu_936">
<pin_list>
<pin id="937" dir="0" index="0" bw="20" slack="0"/>
<pin id="938" dir="0" index="1" bw="20" slack="0"/>
<pin id="939" dir="1" index="2" bw="0" slack="2147483647"/>
</pin_list>
<bind>
<opcode="store(28) " fcode="store"/>
<opset="store_ln196/1 "/>
</bind>
</comp>

<comp id="942" class="1004" name="p_ZZN4nnet24compute_output_buffer_2dINS_5arrayI8ap_fixedILi20ELi10EL9ap_q_mode5EL_126_load_fu_942">
<pin_list>
<pin id="943" dir="0" index="0" bw="20" slack="0"/>
<pin id="944" dir="1" index="1" bw="20" slack="0"/>
</pin_list>
<bind>
<opcode="load(27) " fcode="load"/>
<opset="p_ZZN4nnet24compute_output_buffer_2dINS_5arrayI8ap_fixedILi20ELi10EL9ap_q_mode5EL_126/1 "/>
</bind>
</comp>

<comp id="946" class="1004" name="store_ln196_store_fu_946">
<pin_list>
<pin id="947" dir="0" index="0" bw="20" slack="0"/>
<pin id="948" dir="0" index="1" bw="20" slack="0"/>
<pin id="949" dir="1" index="2" bw="0" slack="2147483647"/>
</pin_list>
<bind>
<opcode="store(28) " fcode="store"/>
<opset="store_ln196/1 "/>
</bind>
</comp>

<comp id="952" class="1004" name="p_ZZN4nnet24compute_output_buffer_2dINS_5arrayI8ap_fixedILi20ELi10EL9ap_q_mode5EL_127_load_fu_952">
<pin_list>
<pin id="953" dir="0" index="0" bw="20" slack="0"/>
<pin id="954" dir="1" index="1" bw="20" slack="0"/>
</pin_list>
<bind>
<opcode="load(27) " fcode="load"/>
<opset="p_ZZN4nnet24compute_output_buffer_2dINS_5arrayI8ap_fixedILi20ELi10EL9ap_q_mode5EL_127/1 "/>
</bind>
</comp>

<comp id="956" class="1004" name="store_ln196_store_fu_956">
<pin_list>
<pin id="957" dir="0" index="0" bw="20" slack="0"/>
<pin id="958" dir="0" index="1" bw="20" slack="0"/>
<pin id="959" dir="1" index="2" bw="0" slack="2147483647"/>
</pin_list>
<bind>
<opcode="store(28) " fcode="store"/>
<opset="store_ln196/1 "/>
</bind>
</comp>

<comp id="962" class="1004" name="p_ZZN4nnet24compute_output_buffer_2dINS_5arrayI8ap_fixedILi20ELi10EL9ap_q_mode5EL_128_load_fu_962">
<pin_list>
<pin id="963" dir="0" index="0" bw="20" slack="0"/>
<pin id="964" dir="1" index="1" bw="20" slack="0"/>
</pin_list>
<bind>
<opcode="load(27) " fcode="load"/>
<opset="p_ZZN4nnet24compute_output_buffer_2dINS_5arrayI8ap_fixedILi20ELi10EL9ap_q_mode5EL_128/1 "/>
</bind>
</comp>

<comp id="966" class="1004" name="store_ln196_store_fu_966">
<pin_list>
<pin id="967" dir="0" index="0" bw="20" slack="0"/>
<pin id="968" dir="0" index="1" bw="20" slack="0"/>
<pin id="969" dir="1" index="2" bw="0" slack="2147483647"/>
</pin_list>
<bind>
<opcode="store(28) " fcode="store"/>
<opset="store_ln196/1 "/>
</bind>
</comp>

<comp id="972" class="1004" name="p_ZZN4nnet24compute_output_buffer_2dINS_5arrayI8ap_fixedILi20ELi10EL9ap_q_mode5EL_129_load_fu_972">
<pin_list>
<pin id="973" dir="0" index="0" bw="20" slack="0"/>
<pin id="974" dir="1" index="1" bw="20" slack="0"/>
</pin_list>
<bind>
<opcode="load(27) " fcode="load"/>
<opset="p_ZZN4nnet24compute_output_buffer_2dINS_5arrayI8ap_fixedILi20ELi10EL9ap_q_mode5EL_129/1 "/>
</bind>
</comp>

<comp id="976" class="1004" name="store_ln196_store_fu_976">
<pin_list>
<pin id="977" dir="0" index="0" bw="20" slack="0"/>
<pin id="978" dir="0" index="1" bw="20" slack="0"/>
<pin id="979" dir="1" index="2" bw="0" slack="2147483647"/>
</pin_list>
<bind>
<opcode="store(28) " fcode="store"/>
<opset="store_ln196/1 "/>
</bind>
</comp>

<comp id="982" class="1004" name="p_ZZN4nnet24compute_output_buffer_2dINS_5arrayI8ap_fixedILi20ELi10EL9ap_q_mode5EL_130_load_fu_982">
<pin_list>
<pin id="983" dir="0" index="0" bw="20" slack="0"/>
<pin id="984" dir="1" index="1" bw="20" slack="0"/>
</pin_list>
<bind>
<opcode="load(27) " fcode="load"/>
<opset="p_ZZN4nnet24compute_output_buffer_2dINS_5arrayI8ap_fixedILi20ELi10EL9ap_q_mode5EL_130/1 "/>
</bind>
</comp>

<comp id="986" class="1004" name="store_ln196_store_fu_986">
<pin_list>
<pin id="987" dir="0" index="0" bw="20" slack="0"/>
<pin id="988" dir="0" index="1" bw="20" slack="0"/>
<pin id="989" dir="1" index="2" bw="0" slack="2147483647"/>
</pin_list>
<bind>
<opcode="store(28) " fcode="store"/>
<opset="store_ln196/1 "/>
</bind>
</comp>

<comp id="992" class="1004" name="p_ZZN4nnet24compute_output_buffer_2dINS_5arrayI8ap_fixedILi20ELi10EL9ap_q_mode5EL_131_load_fu_992">
<pin_list>
<pin id="993" dir="0" index="0" bw="20" slack="0"/>
<pin id="994" dir="1" index="1" bw="20" slack="0"/>
</pin_list>
<bind>
<opcode="load(27) " fcode="load"/>
<opset="p_ZZN4nnet24compute_output_buffer_2dINS_5arrayI8ap_fixedILi20ELi10EL9ap_q_mode5EL_131/1 "/>
</bind>
</comp>

<comp id="996" class="1004" name="store_ln196_store_fu_996">
<pin_list>
<pin id="997" dir="0" index="0" bw="20" slack="0"/>
<pin id="998" dir="0" index="1" bw="20" slack="0"/>
<pin id="999" dir="1" index="2" bw="0" slack="2147483647"/>
</pin_list>
<bind>
<opcode="store(28) " fcode="store"/>
<opset="store_ln196/1 "/>
</bind>
</comp>

<comp id="1002" class="1004" name="p_ZZN4nnet24compute_output_buffer_2dINS_5arrayI8ap_fixedILi20ELi10EL9ap_q_mode5EL_132_load_fu_1002">
<pin_list>
<pin id="1003" dir="0" index="0" bw="20" slack="0"/>
<pin id="1004" dir="1" index="1" bw="20" slack="0"/>
</pin_list>
<bind>
<opcode="load(27) " fcode="load"/>
<opset="p_ZZN4nnet24compute_output_buffer_2dINS_5arrayI8ap_fixedILi20ELi10EL9ap_q_mode5EL_132/1 "/>
</bind>
</comp>

<comp id="1006" class="1004" name="store_ln196_store_fu_1006">
<pin_list>
<pin id="1007" dir="0" index="0" bw="20" slack="0"/>
<pin id="1008" dir="0" index="1" bw="20" slack="0"/>
<pin id="1009" dir="1" index="2" bw="0" slack="2147483647"/>
</pin_list>
<bind>
<opcode="store(28) " fcode="store"/>
<opset="store_ln196/1 "/>
</bind>
</comp>

<comp id="1012" class="1004" name="p_ZZN4nnet24compute_output_buffer_2dINS_5arrayI8ap_fixedILi20ELi10EL9ap_q_mode5EL_133_load_fu_1012">
<pin_list>
<pin id="1013" dir="0" index="0" bw="20" slack="0"/>
<pin id="1014" dir="1" index="1" bw="20" slack="0"/>
</pin_list>
<bind>
<opcode="load(27) " fcode="load"/>
<opset="p_ZZN4nnet24compute_output_buffer_2dINS_5arrayI8ap_fixedILi20ELi10EL9ap_q_mode5EL_133/1 "/>
</bind>
</comp>

<comp id="1016" class="1004" name="store_ln196_store_fu_1016">
<pin_list>
<pin id="1017" dir="0" index="0" bw="20" slack="0"/>
<pin id="1018" dir="0" index="1" bw="20" slack="0"/>
<pin id="1019" dir="1" index="2" bw="0" slack="2147483647"/>
</pin_list>
<bind>
<opcode="store(28) " fcode="store"/>
<opset="store_ln196/1 "/>
</bind>
</comp>

<comp id="1022" class="1004" name="p_ZZN4nnet24compute_output_buffer_2dINS_5arrayI8ap_fixedILi20ELi10EL9ap_q_mode5EL_134_load_fu_1022">
<pin_list>
<pin id="1023" dir="0" index="0" bw="20" slack="0"/>
<pin id="1024" dir="1" index="1" bw="20" slack="0"/>
</pin_list>
<bind>
<opcode="load(27) " fcode="load"/>
<opset="p_ZZN4nnet24compute_output_buffer_2dINS_5arrayI8ap_fixedILi20ELi10EL9ap_q_mode5EL_134/1 "/>
</bind>
</comp>

<comp id="1026" class="1004" name="store_ln196_store_fu_1026">
<pin_list>
<pin id="1027" dir="0" index="0" bw="20" slack="0"/>
<pin id="1028" dir="0" index="1" bw="20" slack="0"/>
<pin id="1029" dir="1" index="2" bw="0" slack="2147483647"/>
</pin_list>
<bind>
<opcode="store(28) " fcode="store"/>
<opset="store_ln196/1 "/>
</bind>
</comp>

<comp id="1032" class="1004" name="p_ZZN4nnet24compute_output_buffer_2dINS_5arrayI8ap_fixedILi20ELi10EL9ap_q_mode5EL_135_load_fu_1032">
<pin_list>
<pin id="1033" dir="0" index="0" bw="20" slack="0"/>
<pin id="1034" dir="1" index="1" bw="20" slack="0"/>
</pin_list>
<bind>
<opcode="load(27) " fcode="load"/>
<opset="p_ZZN4nnet24compute_output_buffer_2dINS_5arrayI8ap_fixedILi20ELi10EL9ap_q_mode5EL_135/1 "/>
</bind>
</comp>

<comp id="1036" class="1004" name="store_ln196_store_fu_1036">
<pin_list>
<pin id="1037" dir="0" index="0" bw="20" slack="0"/>
<pin id="1038" dir="0" index="1" bw="20" slack="0"/>
<pin id="1039" dir="1" index="2" bw="0" slack="2147483647"/>
</pin_list>
<bind>
<opcode="store(28) " fcode="store"/>
<opset="store_ln196/1 "/>
</bind>
</comp>

<comp id="1042" class="1004" name="p_ZZN4nnet24compute_output_buffer_2dINS_5arrayI8ap_fixedILi20ELi10EL9ap_q_mode5EL_136_load_fu_1042">
<pin_list>
<pin id="1043" dir="0" index="0" bw="20" slack="0"/>
<pin id="1044" dir="1" index="1" bw="20" slack="0"/>
</pin_list>
<bind>
<opcode="load(27) " fcode="load"/>
<opset="p_ZZN4nnet24compute_output_buffer_2dINS_5arrayI8ap_fixedILi20ELi10EL9ap_q_mode5EL_136/1 "/>
</bind>
</comp>

<comp id="1046" class="1004" name="store_ln196_store_fu_1046">
<pin_list>
<pin id="1047" dir="0" index="0" bw="20" slack="0"/>
<pin id="1048" dir="0" index="1" bw="20" slack="0"/>
<pin id="1049" dir="1" index="2" bw="0" slack="2147483647"/>
</pin_list>
<bind>
<opcode="store(28) " fcode="store"/>
<opset="store_ln196/1 "/>
</bind>
</comp>

<comp id="1052" class="1004" name="p_ZZN4nnet24compute_output_buffer_2dINS_5arrayI8ap_fixedILi20ELi10EL9ap_q_mode5EL_137_load_fu_1052">
<pin_list>
<pin id="1053" dir="0" index="0" bw="20" slack="0"/>
<pin id="1054" dir="1" index="1" bw="20" slack="0"/>
</pin_list>
<bind>
<opcode="load(27) " fcode="load"/>
<opset="p_ZZN4nnet24compute_output_buffer_2dINS_5arrayI8ap_fixedILi20ELi10EL9ap_q_mode5EL_137/1 "/>
</bind>
</comp>

<comp id="1056" class="1004" name="store_ln196_store_fu_1056">
<pin_list>
<pin id="1057" dir="0" index="0" bw="20" slack="0"/>
<pin id="1058" dir="0" index="1" bw="20" slack="0"/>
<pin id="1059" dir="1" index="2" bw="0" slack="2147483647"/>
</pin_list>
<bind>
<opcode="store(28) " fcode="store"/>
<opset="store_ln196/1 "/>
</bind>
</comp>

<comp id="1062" class="1004" name="p_ZZN4nnet24compute_output_buffer_2dINS_5arrayI8ap_fixedILi20ELi10EL9ap_q_mode5EL_138_load_fu_1062">
<pin_list>
<pin id="1063" dir="0" index="0" bw="20" slack="0"/>
<pin id="1064" dir="1" index="1" bw="20" slack="0"/>
</pin_list>
<bind>
<opcode="load(27) " fcode="load"/>
<opset="p_ZZN4nnet24compute_output_buffer_2dINS_5arrayI8ap_fixedILi20ELi10EL9ap_q_mode5EL_138/1 "/>
</bind>
</comp>

<comp id="1066" class="1004" name="store_ln196_store_fu_1066">
<pin_list>
<pin id="1067" dir="0" index="0" bw="20" slack="0"/>
<pin id="1068" dir="0" index="1" bw="20" slack="0"/>
<pin id="1069" dir="1" index="2" bw="0" slack="2147483647"/>
</pin_list>
<bind>
<opcode="store(28) " fcode="store"/>
<opset="store_ln196/1 "/>
</bind>
</comp>

<comp id="1072" class="1004" name="p_ZZN4nnet24compute_output_buffer_2dINS_5arrayI8ap_fixedILi20ELi10EL9ap_q_mode5EL_139_load_fu_1072">
<pin_list>
<pin id="1073" dir="0" index="0" bw="20" slack="0"/>
<pin id="1074" dir="1" index="1" bw="20" slack="0"/>
</pin_list>
<bind>
<opcode="load(27) " fcode="load"/>
<opset="p_ZZN4nnet24compute_output_buffer_2dINS_5arrayI8ap_fixedILi20ELi10EL9ap_q_mode5EL_139/1 "/>
</bind>
</comp>

<comp id="1076" class="1004" name="store_ln196_store_fu_1076">
<pin_list>
<pin id="1077" dir="0" index="0" bw="20" slack="0"/>
<pin id="1078" dir="0" index="1" bw="20" slack="0"/>
<pin id="1079" dir="1" index="2" bw="0" slack="2147483647"/>
</pin_list>
<bind>
<opcode="store(28) " fcode="store"/>
<opset="store_ln196/1 "/>
</bind>
</comp>

<comp id="1082" class="1004" name="p_ZZN4nnet24compute_output_buffer_2dINS_5arrayI8ap_fixedILi20ELi10EL9ap_q_mode5EL_140_load_fu_1082">
<pin_list>
<pin id="1083" dir="0" index="0" bw="20" slack="0"/>
<pin id="1084" dir="1" index="1" bw="20" slack="0"/>
</pin_list>
<bind>
<opcode="load(27) " fcode="load"/>
<opset="p_ZZN4nnet24compute_output_buffer_2dINS_5arrayI8ap_fixedILi20ELi10EL9ap_q_mode5EL_140/1 "/>
</bind>
</comp>

<comp id="1086" class="1004" name="store_ln196_store_fu_1086">
<pin_list>
<pin id="1087" dir="0" index="0" bw="20" slack="0"/>
<pin id="1088" dir="0" index="1" bw="20" slack="0"/>
<pin id="1089" dir="1" index="2" bw="0" slack="2147483647"/>
</pin_list>
<bind>
<opcode="store(28) " fcode="store"/>
<opset="store_ln196/1 "/>
</bind>
</comp>

<comp id="1092" class="1004" name="p_ZZN4nnet24compute_output_buffer_2dINS_5arrayI8ap_fixedILi20ELi10EL9ap_q_mode5EL_141_load_fu_1092">
<pin_list>
<pin id="1093" dir="0" index="0" bw="20" slack="0"/>
<pin id="1094" dir="1" index="1" bw="20" slack="0"/>
</pin_list>
<bind>
<opcode="load(27) " fcode="load"/>
<opset="p_ZZN4nnet24compute_output_buffer_2dINS_5arrayI8ap_fixedILi20ELi10EL9ap_q_mode5EL_141/1 "/>
</bind>
</comp>

<comp id="1096" class="1004" name="store_ln196_store_fu_1096">
<pin_list>
<pin id="1097" dir="0" index="0" bw="20" slack="0"/>
<pin id="1098" dir="0" index="1" bw="20" slack="0"/>
<pin id="1099" dir="1" index="2" bw="0" slack="2147483647"/>
</pin_list>
<bind>
<opcode="store(28) " fcode="store"/>
<opset="store_ln196/1 "/>
</bind>
</comp>

<comp id="1102" class="1004" name="p_ZZN4nnet24compute_output_buffer_2dINS_5arrayI8ap_fixedILi20ELi10EL9ap_q_mode5EL_142_load_fu_1102">
<pin_list>
<pin id="1103" dir="0" index="0" bw="20" slack="0"/>
<pin id="1104" dir="1" index="1" bw="20" slack="0"/>
</pin_list>
<bind>
<opcode="load(27) " fcode="load"/>
<opset="p_ZZN4nnet24compute_output_buffer_2dINS_5arrayI8ap_fixedILi20ELi10EL9ap_q_mode5EL_142/1 "/>
</bind>
</comp>

<comp id="1106" class="1004" name="store_ln196_store_fu_1106">
<pin_list>
<pin id="1107" dir="0" index="0" bw="20" slack="0"/>
<pin id="1108" dir="0" index="1" bw="20" slack="0"/>
<pin id="1109" dir="1" index="2" bw="0" slack="2147483647"/>
</pin_list>
<bind>
<opcode="store(28) " fcode="store"/>
<opset="store_ln196/1 "/>
</bind>
</comp>

<comp id="1112" class="1004" name="p_ZZN4nnet24compute_output_buffer_2dINS_5arrayI8ap_fixedILi20ELi10EL9ap_q_mode5EL_143_load_fu_1112">
<pin_list>
<pin id="1113" dir="0" index="0" bw="20" slack="0"/>
<pin id="1114" dir="1" index="1" bw="20" slack="0"/>
</pin_list>
<bind>
<opcode="load(27) " fcode="load"/>
<opset="p_ZZN4nnet24compute_output_buffer_2dINS_5arrayI8ap_fixedILi20ELi10EL9ap_q_mode5EL_143/1 "/>
</bind>
</comp>

<comp id="1116" class="1004" name="store_ln196_store_fu_1116">
<pin_list>
<pin id="1117" dir="0" index="0" bw="20" slack="0"/>
<pin id="1118" dir="0" index="1" bw="20" slack="0"/>
<pin id="1119" dir="1" index="2" bw="0" slack="2147483647"/>
</pin_list>
<bind>
<opcode="store(28) " fcode="store"/>
<opset="store_ln196/1 "/>
</bind>
</comp>

<comp id="1122" class="1004" name="p_ZZN4nnet24compute_output_buffer_2dINS_5arrayI8ap_fixedILi20ELi10EL9ap_q_mode5EL_144_load_fu_1122">
<pin_list>
<pin id="1123" dir="0" index="0" bw="20" slack="0"/>
<pin id="1124" dir="1" index="1" bw="20" slack="0"/>
</pin_list>
<bind>
<opcode="load(27) " fcode="load"/>
<opset="p_ZZN4nnet24compute_output_buffer_2dINS_5arrayI8ap_fixedILi20ELi10EL9ap_q_mode5EL_144/1 "/>
</bind>
</comp>

<comp id="1126" class="1004" name="store_ln196_store_fu_1126">
<pin_list>
<pin id="1127" dir="0" index="0" bw="20" slack="0"/>
<pin id="1128" dir="0" index="1" bw="20" slack="0"/>
<pin id="1129" dir="1" index="2" bw="0" slack="2147483647"/>
</pin_list>
<bind>
<opcode="store(28) " fcode="store"/>
<opset="store_ln196/1 "/>
</bind>
</comp>

<comp id="1132" class="1004" name="p_ZZN4nnet24compute_output_buffer_2dINS_5arrayI8ap_fixedILi20ELi10EL9ap_q_mode5EL_145_load_fu_1132">
<pin_list>
<pin id="1133" dir="0" index="0" bw="20" slack="0"/>
<pin id="1134" dir="1" index="1" bw="20" slack="0"/>
</pin_list>
<bind>
<opcode="load(27) " fcode="load"/>
<opset="p_ZZN4nnet24compute_output_buffer_2dINS_5arrayI8ap_fixedILi20ELi10EL9ap_q_mode5EL_145/1 "/>
</bind>
</comp>

<comp id="1136" class="1004" name="store_ln196_store_fu_1136">
<pin_list>
<pin id="1137" dir="0" index="0" bw="20" slack="0"/>
<pin id="1138" dir="0" index="1" bw="20" slack="0"/>
<pin id="1139" dir="1" index="2" bw="0" slack="2147483647"/>
</pin_list>
<bind>
<opcode="store(28) " fcode="store"/>
<opset="store_ln196/1 "/>
</bind>
</comp>

<comp id="1142" class="1004" name="p_ZZN4nnet24compute_output_buffer_2dINS_5arrayI8ap_fixedILi20ELi10EL9ap_q_mode5EL_146_load_fu_1142">
<pin_list>
<pin id="1143" dir="0" index="0" bw="20" slack="0"/>
<pin id="1144" dir="1" index="1" bw="20" slack="0"/>
</pin_list>
<bind>
<opcode="load(27) " fcode="load"/>
<opset="p_ZZN4nnet24compute_output_buffer_2dINS_5arrayI8ap_fixedILi20ELi10EL9ap_q_mode5EL_146/1 "/>
</bind>
</comp>

<comp id="1146" class="1004" name="store_ln196_store_fu_1146">
<pin_list>
<pin id="1147" dir="0" index="0" bw="20" slack="0"/>
<pin id="1148" dir="0" index="1" bw="20" slack="0"/>
<pin id="1149" dir="1" index="2" bw="0" slack="2147483647"/>
</pin_list>
<bind>
<opcode="store(28) " fcode="store"/>
<opset="store_ln196/1 "/>
</bind>
</comp>

<comp id="1152" class="1004" name="p_ZZN4nnet24compute_output_buffer_2dINS_5arrayI8ap_fixedILi20ELi10EL9ap_q_mode5EL_147_load_fu_1152">
<pin_list>
<pin id="1153" dir="0" index="0" bw="20" slack="0"/>
<pin id="1154" dir="1" index="1" bw="20" slack="0"/>
</pin_list>
<bind>
<opcode="load(27) " fcode="load"/>
<opset="p_ZZN4nnet24compute_output_buffer_2dINS_5arrayI8ap_fixedILi20ELi10EL9ap_q_mode5EL_147/1 "/>
</bind>
</comp>

<comp id="1156" class="1004" name="store_ln196_store_fu_1156">
<pin_list>
<pin id="1157" dir="0" index="0" bw="20" slack="0"/>
<pin id="1158" dir="0" index="1" bw="20" slack="0"/>
<pin id="1159" dir="1" index="2" bw="0" slack="2147483647"/>
</pin_list>
<bind>
<opcode="store(28) " fcode="store"/>
<opset="store_ln196/1 "/>
</bind>
</comp>

<comp id="1162" class="1004" name="p_ZZN4nnet24compute_output_buffer_2dINS_5arrayI8ap_fixedILi20ELi10EL9ap_q_mode5EL_148_load_fu_1162">
<pin_list>
<pin id="1163" dir="0" index="0" bw="20" slack="0"/>
<pin id="1164" dir="1" index="1" bw="20" slack="0"/>
</pin_list>
<bind>
<opcode="load(27) " fcode="load"/>
<opset="p_ZZN4nnet24compute_output_buffer_2dINS_5arrayI8ap_fixedILi20ELi10EL9ap_q_mode5EL_148/1 "/>
</bind>
</comp>

<comp id="1166" class="1004" name="store_ln196_store_fu_1166">
<pin_list>
<pin id="1167" dir="0" index="0" bw="20" slack="0"/>
<pin id="1168" dir="0" index="1" bw="20" slack="0"/>
<pin id="1169" dir="1" index="2" bw="0" slack="2147483647"/>
</pin_list>
<bind>
<opcode="store(28) " fcode="store"/>
<opset="store_ln196/1 "/>
</bind>
</comp>

<comp id="1172" class="1004" name="p_ZZN4nnet24compute_output_buffer_2dINS_5arrayI8ap_fixedILi20ELi10EL9ap_q_mode5EL_149_load_fu_1172">
<pin_list>
<pin id="1173" dir="0" index="0" bw="20" slack="0"/>
<pin id="1174" dir="1" index="1" bw="20" slack="0"/>
</pin_list>
<bind>
<opcode="load(27) " fcode="load"/>
<opset="p_ZZN4nnet24compute_output_buffer_2dINS_5arrayI8ap_fixedILi20ELi10EL9ap_q_mode5EL_149/1 "/>
</bind>
</comp>

<comp id="1176" class="1004" name="store_ln196_store_fu_1176">
<pin_list>
<pin id="1177" dir="0" index="0" bw="20" slack="0"/>
<pin id="1178" dir="0" index="1" bw="20" slack="0"/>
<pin id="1179" dir="1" index="2" bw="0" slack="2147483647"/>
</pin_list>
<bind>
<opcode="store(28) " fcode="store"/>
<opset="store_ln196/1 "/>
</bind>
</comp>

<comp id="1182" class="1004" name="p_ZZN4nnet24compute_output_buffer_2dINS_5arrayI8ap_fixedILi20ELi10EL9ap_q_mode5EL_150_load_fu_1182">
<pin_list>
<pin id="1183" dir="0" index="0" bw="20" slack="0"/>
<pin id="1184" dir="1" index="1" bw="20" slack="0"/>
</pin_list>
<bind>
<opcode="load(27) " fcode="load"/>
<opset="p_ZZN4nnet24compute_output_buffer_2dINS_5arrayI8ap_fixedILi20ELi10EL9ap_q_mode5EL_150/1 "/>
</bind>
</comp>

<comp id="1186" class="1004" name="store_ln196_store_fu_1186">
<pin_list>
<pin id="1187" dir="0" index="0" bw="20" slack="0"/>
<pin id="1188" dir="0" index="1" bw="20" slack="0"/>
<pin id="1189" dir="1" index="2" bw="0" slack="2147483647"/>
</pin_list>
<bind>
<opcode="store(28) " fcode="store"/>
<opset="store_ln196/1 "/>
</bind>
</comp>

<comp id="1192" class="1004" name="p_ZZN4nnet24compute_output_buffer_2dINS_5arrayI8ap_fixedILi20ELi10EL9ap_q_mode5EL_151_load_fu_1192">
<pin_list>
<pin id="1193" dir="0" index="0" bw="20" slack="0"/>
<pin id="1194" dir="1" index="1" bw="20" slack="0"/>
</pin_list>
<bind>
<opcode="load(27) " fcode="load"/>
<opset="p_ZZN4nnet24compute_output_buffer_2dINS_5arrayI8ap_fixedILi20ELi10EL9ap_q_mode5EL_151/1 "/>
</bind>
</comp>

<comp id="1196" class="1004" name="store_ln196_store_fu_1196">
<pin_list>
<pin id="1197" dir="0" index="0" bw="20" slack="0"/>
<pin id="1198" dir="0" index="1" bw="20" slack="0"/>
<pin id="1199" dir="1" index="2" bw="0" slack="2147483647"/>
</pin_list>
<bind>
<opcode="store(28) " fcode="store"/>
<opset="store_ln196/1 "/>
</bind>
</comp>

<comp id="1202" class="1004" name="p_ZZN4nnet24compute_output_buffer_2dINS_5arrayI8ap_fixedILi20ELi10EL9ap_q_mode5EL_152_load_fu_1202">
<pin_list>
<pin id="1203" dir="0" index="0" bw="20" slack="0"/>
<pin id="1204" dir="1" index="1" bw="20" slack="0"/>
</pin_list>
<bind>
<opcode="load(27) " fcode="load"/>
<opset="p_ZZN4nnet24compute_output_buffer_2dINS_5arrayI8ap_fixedILi20ELi10EL9ap_q_mode5EL_152/1 "/>
</bind>
</comp>

<comp id="1206" class="1004" name="store_ln196_store_fu_1206">
<pin_list>
<pin id="1207" dir="0" index="0" bw="20" slack="0"/>
<pin id="1208" dir="0" index="1" bw="20" slack="0"/>
<pin id="1209" dir="1" index="2" bw="0" slack="2147483647"/>
</pin_list>
<bind>
<opcode="store(28) " fcode="store"/>
<opset="store_ln196/1 "/>
</bind>
</comp>

<comp id="1212" class="1004" name="p_ZZN4nnet24compute_output_buffer_2dINS_5arrayI8ap_fixedILi20ELi10EL9ap_q_mode5EL_153_load_fu_1212">
<pin_list>
<pin id="1213" dir="0" index="0" bw="20" slack="0"/>
<pin id="1214" dir="1" index="1" bw="20" slack="0"/>
</pin_list>
<bind>
<opcode="load(27) " fcode="load"/>
<opset="p_ZZN4nnet24compute_output_buffer_2dINS_5arrayI8ap_fixedILi20ELi10EL9ap_q_mode5EL_153/1 "/>
</bind>
</comp>

<comp id="1216" class="1004" name="store_ln196_store_fu_1216">
<pin_list>
<pin id="1217" dir="0" index="0" bw="20" slack="0"/>
<pin id="1218" dir="0" index="1" bw="20" slack="0"/>
<pin id="1219" dir="1" index="2" bw="0" slack="2147483647"/>
</pin_list>
<bind>
<opcode="store(28) " fcode="store"/>
<opset="store_ln196/1 "/>
</bind>
</comp>

<comp id="1222" class="1004" name="p_ZZN4nnet24compute_output_buffer_2dINS_5arrayI8ap_fixedILi20ELi10EL9ap_q_mode5EL_154_load_fu_1222">
<pin_list>
<pin id="1223" dir="0" index="0" bw="20" slack="0"/>
<pin id="1224" dir="1" index="1" bw="20" slack="0"/>
</pin_list>
<bind>
<opcode="load(27) " fcode="load"/>
<opset="p_ZZN4nnet24compute_output_buffer_2dINS_5arrayI8ap_fixedILi20ELi10EL9ap_q_mode5EL_154/1 "/>
</bind>
</comp>

<comp id="1226" class="1004" name="store_ln196_store_fu_1226">
<pin_list>
<pin id="1227" dir="0" index="0" bw="20" slack="0"/>
<pin id="1228" dir="0" index="1" bw="20" slack="0"/>
<pin id="1229" dir="1" index="2" bw="0" slack="2147483647"/>
</pin_list>
<bind>
<opcode="store(28) " fcode="store"/>
<opset="store_ln196/1 "/>
</bind>
</comp>

<comp id="1232" class="1004" name="p_ZZN4nnet24compute_output_buffer_2dINS_5arrayI8ap_fixedILi20ELi10EL9ap_q_mode5EL_155_load_fu_1232">
<pin_list>
<pin id="1233" dir="0" index="0" bw="20" slack="0"/>
<pin id="1234" dir="1" index="1" bw="20" slack="0"/>
</pin_list>
<bind>
<opcode="load(27) " fcode="load"/>
<opset="p_ZZN4nnet24compute_output_buffer_2dINS_5arrayI8ap_fixedILi20ELi10EL9ap_q_mode5EL_155/1 "/>
</bind>
</comp>

<comp id="1236" class="1004" name="store_ln196_store_fu_1236">
<pin_list>
<pin id="1237" dir="0" index="0" bw="20" slack="0"/>
<pin id="1238" dir="0" index="1" bw="20" slack="0"/>
<pin id="1239" dir="1" index="2" bw="0" slack="2147483647"/>
</pin_list>
<bind>
<opcode="store(28) " fcode="store"/>
<opset="store_ln196/1 "/>
</bind>
</comp>

<comp id="1242" class="1004" name="p_ZZN4nnet24compute_output_buffer_2dINS_5arrayI8ap_fixedILi20ELi10EL9ap_q_mode5EL_156_load_fu_1242">
<pin_list>
<pin id="1243" dir="0" index="0" bw="20" slack="0"/>
<pin id="1244" dir="1" index="1" bw="20" slack="0"/>
</pin_list>
<bind>
<opcode="load(27) " fcode="load"/>
<opset="p_ZZN4nnet24compute_output_buffer_2dINS_5arrayI8ap_fixedILi20ELi10EL9ap_q_mode5EL_156/1 "/>
</bind>
</comp>

<comp id="1246" class="1004" name="store_ln196_store_fu_1246">
<pin_list>
<pin id="1247" dir="0" index="0" bw="20" slack="0"/>
<pin id="1248" dir="0" index="1" bw="20" slack="0"/>
<pin id="1249" dir="1" index="2" bw="0" slack="2147483647"/>
</pin_list>
<bind>
<opcode="store(28) " fcode="store"/>
<opset="store_ln196/1 "/>
</bind>
</comp>

<comp id="1252" class="1004" name="p_ZZN4nnet24compute_output_buffer_2dINS_5arrayI8ap_fixedILi20ELi10EL9ap_q_mode5EL_157_load_fu_1252">
<pin_list>
<pin id="1253" dir="0" index="0" bw="20" slack="0"/>
<pin id="1254" dir="1" index="1" bw="20" slack="0"/>
</pin_list>
<bind>
<opcode="load(27) " fcode="load"/>
<opset="p_ZZN4nnet24compute_output_buffer_2dINS_5arrayI8ap_fixedILi20ELi10EL9ap_q_mode5EL_157/1 "/>
</bind>
</comp>

<comp id="1256" class="1004" name="store_ln196_store_fu_1256">
<pin_list>
<pin id="1257" dir="0" index="0" bw="20" slack="0"/>
<pin id="1258" dir="0" index="1" bw="20" slack="0"/>
<pin id="1259" dir="1" index="2" bw="0" slack="2147483647"/>
</pin_list>
<bind>
<opcode="store(28) " fcode="store"/>
<opset="store_ln196/1 "/>
</bind>
</comp>

<comp id="1262" class="1004" name="p_ZZN4nnet24compute_output_buffer_2dINS_5arrayI8ap_fixedILi20ELi10EL9ap_q_mode5EL_158_load_fu_1262">
<pin_list>
<pin id="1263" dir="0" index="0" bw="20" slack="0"/>
<pin id="1264" dir="1" index="1" bw="20" slack="0"/>
</pin_list>
<bind>
<opcode="load(27) " fcode="load"/>
<opset="p_ZZN4nnet24compute_output_buffer_2dINS_5arrayI8ap_fixedILi20ELi10EL9ap_q_mode5EL_158/1 "/>
</bind>
</comp>

<comp id="1266" class="1004" name="store_ln196_store_fu_1266">
<pin_list>
<pin id="1267" dir="0" index="0" bw="20" slack="0"/>
<pin id="1268" dir="0" index="1" bw="20" slack="0"/>
<pin id="1269" dir="1" index="2" bw="0" slack="2147483647"/>
</pin_list>
<bind>
<opcode="store(28) " fcode="store"/>
<opset="store_ln196/1 "/>
</bind>
</comp>

<comp id="1272" class="1004" name="p_ZZN4nnet24compute_output_buffer_2dINS_5arrayI8ap_fixedILi20ELi10EL9ap_q_mode5EL_159_load_fu_1272">
<pin_list>
<pin id="1273" dir="0" index="0" bw="20" slack="0"/>
<pin id="1274" dir="1" index="1" bw="20" slack="0"/>
</pin_list>
<bind>
<opcode="load(27) " fcode="load"/>
<opset="p_ZZN4nnet24compute_output_buffer_2dINS_5arrayI8ap_fixedILi20ELi10EL9ap_q_mode5EL_159/1 "/>
</bind>
</comp>

<comp id="1276" class="1004" name="store_ln196_store_fu_1276">
<pin_list>
<pin id="1277" dir="0" index="0" bw="20" slack="0"/>
<pin id="1278" dir="0" index="1" bw="20" slack="0"/>
<pin id="1279" dir="1" index="2" bw="0" slack="2147483647"/>
</pin_list>
<bind>
<opcode="store(28) " fcode="store"/>
<opset="store_ln196/1 "/>
</bind>
</comp>

<comp id="1282" class="1004" name="p_ZZN4nnet24compute_output_buffer_2dINS_5arrayI8ap_fixedILi20ELi10EL9ap_q_mode5EL_160_load_fu_1282">
<pin_list>
<pin id="1283" dir="0" index="0" bw="20" slack="0"/>
<pin id="1284" dir="1" index="1" bw="20" slack="0"/>
</pin_list>
<bind>
<opcode="load(27) " fcode="load"/>
<opset="p_ZZN4nnet24compute_output_buffer_2dINS_5arrayI8ap_fixedILi20ELi10EL9ap_q_mode5EL_160/1 "/>
</bind>
</comp>

<comp id="1286" class="1004" name="store_ln196_store_fu_1286">
<pin_list>
<pin id="1287" dir="0" index="0" bw="20" slack="0"/>
<pin id="1288" dir="0" index="1" bw="20" slack="0"/>
<pin id="1289" dir="1" index="2" bw="0" slack="2147483647"/>
</pin_list>
<bind>
<opcode="store(28) " fcode="store"/>
<opset="store_ln196/1 "/>
</bind>
</comp>

<comp id="1292" class="1004" name="p_ZZN4nnet24compute_output_buffer_2dINS_5arrayI8ap_fixedILi20ELi10EL9ap_q_mode5EL_161_load_fu_1292">
<pin_list>
<pin id="1293" dir="0" index="0" bw="20" slack="0"/>
<pin id="1294" dir="1" index="1" bw="20" slack="0"/>
</pin_list>
<bind>
<opcode="load(27) " fcode="load"/>
<opset="p_ZZN4nnet24compute_output_buffer_2dINS_5arrayI8ap_fixedILi20ELi10EL9ap_q_mode5EL_161/1 "/>
</bind>
</comp>

<comp id="1296" class="1004" name="store_ln196_store_fu_1296">
<pin_list>
<pin id="1297" dir="0" index="0" bw="20" slack="0"/>
<pin id="1298" dir="0" index="1" bw="20" slack="0"/>
<pin id="1299" dir="1" index="2" bw="0" slack="2147483647"/>
</pin_list>
<bind>
<opcode="store(28) " fcode="store"/>
<opset="store_ln196/1 "/>
</bind>
</comp>

<comp id="1302" class="1004" name="p_ZZN4nnet24compute_output_buffer_2dINS_5arrayI8ap_fixedILi20ELi10EL9ap_q_mode5EL_162_load_fu_1302">
<pin_list>
<pin id="1303" dir="0" index="0" bw="20" slack="0"/>
<pin id="1304" dir="1" index="1" bw="20" slack="0"/>
</pin_list>
<bind>
<opcode="load(27) " fcode="load"/>
<opset="p_ZZN4nnet24compute_output_buffer_2dINS_5arrayI8ap_fixedILi20ELi10EL9ap_q_mode5EL_162/1 "/>
</bind>
</comp>

<comp id="1306" class="1004" name="store_ln196_store_fu_1306">
<pin_list>
<pin id="1307" dir="0" index="0" bw="20" slack="0"/>
<pin id="1308" dir="0" index="1" bw="20" slack="0"/>
<pin id="1309" dir="1" index="2" bw="0" slack="2147483647"/>
</pin_list>
<bind>
<opcode="store(28) " fcode="store"/>
<opset="store_ln196/1 "/>
</bind>
</comp>

<comp id="1312" class="1004" name="p_ZZN4nnet24compute_output_buffer_2dINS_5arrayI8ap_fixedILi20ELi10EL9ap_q_mode5EL_163_load_fu_1312">
<pin_list>
<pin id="1313" dir="0" index="0" bw="20" slack="0"/>
<pin id="1314" dir="1" index="1" bw="20" slack="0"/>
</pin_list>
<bind>
<opcode="load(27) " fcode="load"/>
<opset="p_ZZN4nnet24compute_output_buffer_2dINS_5arrayI8ap_fixedILi20ELi10EL9ap_q_mode5EL_163/1 "/>
</bind>
</comp>

<comp id="1316" class="1004" name="store_ln196_store_fu_1316">
<pin_list>
<pin id="1317" dir="0" index="0" bw="20" slack="0"/>
<pin id="1318" dir="0" index="1" bw="20" slack="0"/>
<pin id="1319" dir="1" index="2" bw="0" slack="2147483647"/>
</pin_list>
<bind>
<opcode="store(28) " fcode="store"/>
<opset="store_ln196/1 "/>
</bind>
</comp>

<comp id="1322" class="1004" name="p_ZZN4nnet24compute_output_buffer_2dINS_5arrayI8ap_fixedILi20ELi10EL9ap_q_mode5EL_164_load_fu_1322">
<pin_list>
<pin id="1323" dir="0" index="0" bw="20" slack="0"/>
<pin id="1324" dir="1" index="1" bw="20" slack="0"/>
</pin_list>
<bind>
<opcode="load(27) " fcode="load"/>
<opset="p_ZZN4nnet24compute_output_buffer_2dINS_5arrayI8ap_fixedILi20ELi10EL9ap_q_mode5EL_164/1 "/>
</bind>
</comp>

<comp id="1326" class="1004" name="store_ln196_store_fu_1326">
<pin_list>
<pin id="1327" dir="0" index="0" bw="20" slack="0"/>
<pin id="1328" dir="0" index="1" bw="20" slack="0"/>
<pin id="1329" dir="1" index="2" bw="0" slack="2147483647"/>
</pin_list>
<bind>
<opcode="store(28) " fcode="store"/>
<opset="store_ln196/1 "/>
</bind>
</comp>

<comp id="1332" class="1004" name="p_ZZN4nnet24compute_output_buffer_2dINS_5arrayI8ap_fixedILi20ELi10EL9ap_q_mode5EL_165_load_fu_1332">
<pin_list>
<pin id="1333" dir="0" index="0" bw="20" slack="0"/>
<pin id="1334" dir="1" index="1" bw="20" slack="0"/>
</pin_list>
<bind>
<opcode="load(27) " fcode="load"/>
<opset="p_ZZN4nnet24compute_output_buffer_2dINS_5arrayI8ap_fixedILi20ELi10EL9ap_q_mode5EL_165/1 "/>
</bind>
</comp>

<comp id="1336" class="1004" name="store_ln196_store_fu_1336">
<pin_list>
<pin id="1337" dir="0" index="0" bw="20" slack="0"/>
<pin id="1338" dir="0" index="1" bw="20" slack="0"/>
<pin id="1339" dir="1" index="2" bw="0" slack="2147483647"/>
</pin_list>
<bind>
<opcode="store(28) " fcode="store"/>
<opset="store_ln196/1 "/>
</bind>
</comp>

<comp id="1342" class="1004" name="p_ZZN4nnet24compute_output_buffer_2dINS_5arrayI8ap_fixedILi20ELi10EL9ap_q_mode5EL_166_load_fu_1342">
<pin_list>
<pin id="1343" dir="0" index="0" bw="20" slack="0"/>
<pin id="1344" dir="1" index="1" bw="20" slack="0"/>
</pin_list>
<bind>
<opcode="load(27) " fcode="load"/>
<opset="p_ZZN4nnet24compute_output_buffer_2dINS_5arrayI8ap_fixedILi20ELi10EL9ap_q_mode5EL_166/1 "/>
</bind>
</comp>

<comp id="1346" class="1004" name="store_ln196_store_fu_1346">
<pin_list>
<pin id="1347" dir="0" index="0" bw="20" slack="0"/>
<pin id="1348" dir="0" index="1" bw="20" slack="0"/>
<pin id="1349" dir="1" index="2" bw="0" slack="2147483647"/>
</pin_list>
<bind>
<opcode="store(28) " fcode="store"/>
<opset="store_ln196/1 "/>
</bind>
</comp>

<comp id="1352" class="1004" name="p_ZZN4nnet24compute_output_buffer_2dINS_5arrayI8ap_fixedILi20ELi10EL9ap_q_mode5EL_167_load_fu_1352">
<pin_list>
<pin id="1353" dir="0" index="0" bw="20" slack="0"/>
<pin id="1354" dir="1" index="1" bw="20" slack="0"/>
</pin_list>
<bind>
<opcode="load(27) " fcode="load"/>
<opset="p_ZZN4nnet24compute_output_buffer_2dINS_5arrayI8ap_fixedILi20ELi10EL9ap_q_mode5EL_167/1 "/>
</bind>
</comp>

<comp id="1356" class="1004" name="store_ln196_store_fu_1356">
<pin_list>
<pin id="1357" dir="0" index="0" bw="20" slack="0"/>
<pin id="1358" dir="0" index="1" bw="20" slack="0"/>
<pin id="1359" dir="1" index="2" bw="0" slack="2147483647"/>
</pin_list>
<bind>
<opcode="store(28) " fcode="store"/>
<opset="store_ln196/1 "/>
</bind>
</comp>

<comp id="1362" class="1004" name="p_ZZN4nnet24compute_output_buffer_2dINS_5arrayI8ap_fixedILi20ELi10EL9ap_q_mode5EL_168_load_fu_1362">
<pin_list>
<pin id="1363" dir="0" index="0" bw="20" slack="0"/>
<pin id="1364" dir="1" index="1" bw="20" slack="0"/>
</pin_list>
<bind>
<opcode="load(27) " fcode="load"/>
<opset="p_ZZN4nnet24compute_output_buffer_2dINS_5arrayI8ap_fixedILi20ELi10EL9ap_q_mode5EL_168/1 "/>
</bind>
</comp>

<comp id="1366" class="1004" name="store_ln196_store_fu_1366">
<pin_list>
<pin id="1367" dir="0" index="0" bw="20" slack="0"/>
<pin id="1368" dir="0" index="1" bw="20" slack="0"/>
<pin id="1369" dir="1" index="2" bw="0" slack="2147483647"/>
</pin_list>
<bind>
<opcode="store(28) " fcode="store"/>
<opset="store_ln196/1 "/>
</bind>
</comp>

<comp id="1372" class="1004" name="p_ZZN4nnet24compute_output_buffer_2dINS_5arrayI8ap_fixedILi20ELi10EL9ap_q_mode5EL_169_load_fu_1372">
<pin_list>
<pin id="1373" dir="0" index="0" bw="20" slack="0"/>
<pin id="1374" dir="1" index="1" bw="20" slack="0"/>
</pin_list>
<bind>
<opcode="load(27) " fcode="load"/>
<opset="p_ZZN4nnet24compute_output_buffer_2dINS_5arrayI8ap_fixedILi20ELi10EL9ap_q_mode5EL_169/1 "/>
</bind>
</comp>

<comp id="1376" class="1004" name="store_ln196_store_fu_1376">
<pin_list>
<pin id="1377" dir="0" index="0" bw="20" slack="0"/>
<pin id="1378" dir="0" index="1" bw="20" slack="0"/>
<pin id="1379" dir="1" index="2" bw="0" slack="2147483647"/>
</pin_list>
<bind>
<opcode="store(28) " fcode="store"/>
<opset="store_ln196/1 "/>
</bind>
</comp>

<comp id="1382" class="1004" name="store_ln209_store_fu_1382">
<pin_list>
<pin id="1383" dir="0" index="0" bw="20" slack="0"/>
<pin id="1384" dir="0" index="1" bw="20" slack="0"/>
<pin id="1385" dir="1" index="2" bw="0" slack="2147483647"/>
</pin_list>
<bind>
<opcode="store(28) " fcode="store"/>
<opset="store_ln209/1 "/>
</bind>
</comp>

<comp id="1388" class="1004" name="store_ln209_store_fu_1388">
<pin_list>
<pin id="1389" dir="0" index="0" bw="20" slack="0"/>
<pin id="1390" dir="0" index="1" bw="20" slack="0"/>
<pin id="1391" dir="1" index="2" bw="0" slack="2147483647"/>
</pin_list>
<bind>
<opcode="store(28) " fcode="store"/>
<opset="store_ln209/1 "/>
</bind>
</comp>

<comp id="1394" class="1004" name="store_ln209_store_fu_1394">
<pin_list>
<pin id="1395" dir="0" index="0" bw="20" slack="0"/>
<pin id="1396" dir="0" index="1" bw="20" slack="0"/>
<pin id="1397" dir="1" index="2" bw="0" slack="2147483647"/>
</pin_list>
<bind>
<opcode="store(28) " fcode="store"/>
<opset="store_ln209/1 "/>
</bind>
</comp>

<comp id="1400" class="1004" name="store_ln209_store_fu_1400">
<pin_list>
<pin id="1401" dir="0" index="0" bw="20" slack="0"/>
<pin id="1402" dir="0" index="1" bw="20" slack="0"/>
<pin id="1403" dir="1" index="2" bw="0" slack="2147483647"/>
</pin_list>
<bind>
<opcode="store(28) " fcode="store"/>
<opset="store_ln209/1 "/>
</bind>
</comp>

<comp id="1406" class="1004" name="store_ln209_store_fu_1406">
<pin_list>
<pin id="1407" dir="0" index="0" bw="20" slack="0"/>
<pin id="1408" dir="0" index="1" bw="20" slack="0"/>
<pin id="1409" dir="1" index="2" bw="0" slack="2147483647"/>
</pin_list>
<bind>
<opcode="store(28) " fcode="store"/>
<opset="store_ln209/1 "/>
</bind>
</comp>

<comp id="1412" class="1004" name="store_ln209_store_fu_1412">
<pin_list>
<pin id="1413" dir="0" index="0" bw="20" slack="0"/>
<pin id="1414" dir="0" index="1" bw="20" slack="0"/>
<pin id="1415" dir="1" index="2" bw="0" slack="2147483647"/>
</pin_list>
<bind>
<opcode="store(28) " fcode="store"/>
<opset="store_ln209/1 "/>
</bind>
</comp>

<comp id="1418" class="1004" name="store_ln209_store_fu_1418">
<pin_list>
<pin id="1419" dir="0" index="0" bw="20" slack="0"/>
<pin id="1420" dir="0" index="1" bw="20" slack="0"/>
<pin id="1421" dir="1" index="2" bw="0" slack="2147483647"/>
</pin_list>
<bind>
<opcode="store(28) " fcode="store"/>
<opset="store_ln209/1 "/>
</bind>
</comp>

<comp id="1424" class="1004" name="store_ln209_store_fu_1424">
<pin_list>
<pin id="1425" dir="0" index="0" bw="20" slack="0"/>
<pin id="1426" dir="0" index="1" bw="20" slack="0"/>
<pin id="1427" dir="1" index="2" bw="0" slack="2147483647"/>
</pin_list>
<bind>
<opcode="store(28) " fcode="store"/>
<opset="store_ln209/1 "/>
</bind>
</comp>

<comp id="1430" class="1004" name="store_ln209_store_fu_1430">
<pin_list>
<pin id="1431" dir="0" index="0" bw="20" slack="0"/>
<pin id="1432" dir="0" index="1" bw="20" slack="0"/>
<pin id="1433" dir="1" index="2" bw="0" slack="2147483647"/>
</pin_list>
<bind>
<opcode="store(28) " fcode="store"/>
<opset="store_ln209/1 "/>
</bind>
</comp>

<comp id="1436" class="1004" name="store_ln209_store_fu_1436">
<pin_list>
<pin id="1437" dir="0" index="0" bw="20" slack="0"/>
<pin id="1438" dir="0" index="1" bw="20" slack="0"/>
<pin id="1439" dir="1" index="2" bw="0" slack="2147483647"/>
</pin_list>
<bind>
<opcode="store(28) " fcode="store"/>
<opset="store_ln209/1 "/>
</bind>
</comp>

<comp id="1442" class="1004" name="store_ln209_store_fu_1442">
<pin_list>
<pin id="1443" dir="0" index="0" bw="20" slack="0"/>
<pin id="1444" dir="0" index="1" bw="20" slack="0"/>
<pin id="1445" dir="1" index="2" bw="0" slack="2147483647"/>
</pin_list>
<bind>
<opcode="store(28) " fcode="store"/>
<opset="store_ln209/1 "/>
</bind>
</comp>

<comp id="1448" class="1004" name="store_ln209_store_fu_1448">
<pin_list>
<pin id="1449" dir="0" index="0" bw="20" slack="0"/>
<pin id="1450" dir="0" index="1" bw="20" slack="0"/>
<pin id="1451" dir="1" index="2" bw="0" slack="2147483647"/>
</pin_list>
<bind>
<opcode="store(28) " fcode="store"/>
<opset="store_ln209/1 "/>
</bind>
</comp>

<comp id="1454" class="1004" name="store_ln209_store_fu_1454">
<pin_list>
<pin id="1455" dir="0" index="0" bw="20" slack="0"/>
<pin id="1456" dir="0" index="1" bw="20" slack="0"/>
<pin id="1457" dir="1" index="2" bw="0" slack="2147483647"/>
</pin_list>
<bind>
<opcode="store(28) " fcode="store"/>
<opset="store_ln209/1 "/>
</bind>
</comp>

<comp id="1460" class="1004" name="store_ln209_store_fu_1460">
<pin_list>
<pin id="1461" dir="0" index="0" bw="20" slack="0"/>
<pin id="1462" dir="0" index="1" bw="20" slack="0"/>
<pin id="1463" dir="1" index="2" bw="0" slack="2147483647"/>
</pin_list>
<bind>
<opcode="store(28) " fcode="store"/>
<opset="store_ln209/1 "/>
</bind>
</comp>

<comp id="1466" class="1004" name="store_ln209_store_fu_1466">
<pin_list>
<pin id="1467" dir="0" index="0" bw="20" slack="0"/>
<pin id="1468" dir="0" index="1" bw="20" slack="0"/>
<pin id="1469" dir="1" index="2" bw="0" slack="2147483647"/>
</pin_list>
<bind>
<opcode="store(28) " fcode="store"/>
<opset="store_ln209/1 "/>
</bind>
</comp>

<comp id="1472" class="1004" name="store_ln209_store_fu_1472">
<pin_list>
<pin id="1473" dir="0" index="0" bw="20" slack="0"/>
<pin id="1474" dir="0" index="1" bw="20" slack="0"/>
<pin id="1475" dir="1" index="2" bw="0" slack="2147483647"/>
</pin_list>
<bind>
<opcode="store(28) " fcode="store"/>
<opset="store_ln209/1 "/>
</bind>
</comp>

<comp id="1478" class="1004" name="store_ln209_store_fu_1478">
<pin_list>
<pin id="1479" dir="0" index="0" bw="20" slack="0"/>
<pin id="1480" dir="0" index="1" bw="20" slack="0"/>
<pin id="1481" dir="1" index="2" bw="0" slack="2147483647"/>
</pin_list>
<bind>
<opcode="store(28) " fcode="store"/>
<opset="store_ln209/1 "/>
</bind>
</comp>

<comp id="1484" class="1004" name="store_ln209_store_fu_1484">
<pin_list>
<pin id="1485" dir="0" index="0" bw="20" slack="0"/>
<pin id="1486" dir="0" index="1" bw="20" slack="0"/>
<pin id="1487" dir="1" index="2" bw="0" slack="2147483647"/>
</pin_list>
<bind>
<opcode="store(28) " fcode="store"/>
<opset="store_ln209/1 "/>
</bind>
</comp>

<comp id="1490" class="1004" name="store_ln209_store_fu_1490">
<pin_list>
<pin id="1491" dir="0" index="0" bw="20" slack="0"/>
<pin id="1492" dir="0" index="1" bw="20" slack="0"/>
<pin id="1493" dir="1" index="2" bw="0" slack="2147483647"/>
</pin_list>
<bind>
<opcode="store(28) " fcode="store"/>
<opset="store_ln209/1 "/>
</bind>
</comp>

<comp id="1496" class="1004" name="store_ln209_store_fu_1496">
<pin_list>
<pin id="1497" dir="0" index="0" bw="20" slack="0"/>
<pin id="1498" dir="0" index="1" bw="20" slack="0"/>
<pin id="1499" dir="1" index="2" bw="0" slack="2147483647"/>
</pin_list>
<bind>
<opcode="store(28) " fcode="store"/>
<opset="store_ln209/1 "/>
</bind>
</comp>

<comp id="1502" class="1004" name="store_ln209_store_fu_1502">
<pin_list>
<pin id="1503" dir="0" index="0" bw="20" slack="0"/>
<pin id="1504" dir="0" index="1" bw="20" slack="0"/>
<pin id="1505" dir="1" index="2" bw="0" slack="2147483647"/>
</pin_list>
<bind>
<opcode="store(28) " fcode="store"/>
<opset="store_ln209/1 "/>
</bind>
</comp>

<comp id="1508" class="1004" name="store_ln209_store_fu_1508">
<pin_list>
<pin id="1509" dir="0" index="0" bw="20" slack="0"/>
<pin id="1510" dir="0" index="1" bw="20" slack="0"/>
<pin id="1511" dir="1" index="2" bw="0" slack="2147483647"/>
</pin_list>
<bind>
<opcode="store(28) " fcode="store"/>
<opset="store_ln209/1 "/>
</bind>
</comp>

<comp id="1514" class="1004" name="store_ln209_store_fu_1514">
<pin_list>
<pin id="1515" dir="0" index="0" bw="20" slack="0"/>
<pin id="1516" dir="0" index="1" bw="20" slack="0"/>
<pin id="1517" dir="1" index="2" bw="0" slack="2147483647"/>
</pin_list>
<bind>
<opcode="store(28) " fcode="store"/>
<opset="store_ln209/1 "/>
</bind>
</comp>

<comp id="1520" class="1004" name="store_ln209_store_fu_1520">
<pin_list>
<pin id="1521" dir="0" index="0" bw="20" slack="0"/>
<pin id="1522" dir="0" index="1" bw="20" slack="0"/>
<pin id="1523" dir="1" index="2" bw="0" slack="2147483647"/>
</pin_list>
<bind>
<opcode="store(28) " fcode="store"/>
<opset="store_ln209/1 "/>
</bind>
</comp>

<comp id="1526" class="1004" name="store_ln209_store_fu_1526">
<pin_list>
<pin id="1527" dir="0" index="0" bw="20" slack="0"/>
<pin id="1528" dir="0" index="1" bw="20" slack="0"/>
<pin id="1529" dir="1" index="2" bw="0" slack="2147483647"/>
</pin_list>
<bind>
<opcode="store(28) " fcode="store"/>
<opset="store_ln209/1 "/>
</bind>
</comp>

<comp id="1532" class="1004" name="store_ln209_store_fu_1532">
<pin_list>
<pin id="1533" dir="0" index="0" bw="20" slack="0"/>
<pin id="1534" dir="0" index="1" bw="20" slack="0"/>
<pin id="1535" dir="1" index="2" bw="0" slack="2147483647"/>
</pin_list>
<bind>
<opcode="store(28) " fcode="store"/>
<opset="store_ln209/1 "/>
</bind>
</comp>

<comp id="1538" class="1004" name="store_ln209_store_fu_1538">
<pin_list>
<pin id="1539" dir="0" index="0" bw="20" slack="0"/>
<pin id="1540" dir="0" index="1" bw="20" slack="0"/>
<pin id="1541" dir="1" index="2" bw="0" slack="2147483647"/>
</pin_list>
<bind>
<opcode="store(28) " fcode="store"/>
<opset="store_ln209/1 "/>
</bind>
</comp>

<comp id="1544" class="1004" name="store_ln209_store_fu_1544">
<pin_list>
<pin id="1545" dir="0" index="0" bw="20" slack="0"/>
<pin id="1546" dir="0" index="1" bw="20" slack="0"/>
<pin id="1547" dir="1" index="2" bw="0" slack="2147483647"/>
</pin_list>
<bind>
<opcode="store(28) " fcode="store"/>
<opset="store_ln209/1 "/>
</bind>
</comp>

<comp id="1550" class="1004" name="store_ln209_store_fu_1550">
<pin_list>
<pin id="1551" dir="0" index="0" bw="20" slack="0"/>
<pin id="1552" dir="0" index="1" bw="20" slack="0"/>
<pin id="1553" dir="1" index="2" bw="0" slack="2147483647"/>
</pin_list>
<bind>
<opcode="store(28) " fcode="store"/>
<opset="store_ln209/1 "/>
</bind>
</comp>

<comp id="1556" class="1004" name="store_ln209_store_fu_1556">
<pin_list>
<pin id="1557" dir="0" index="0" bw="20" slack="0"/>
<pin id="1558" dir="0" index="1" bw="20" slack="0"/>
<pin id="1559" dir="1" index="2" bw="0" slack="2147483647"/>
</pin_list>
<bind>
<opcode="store(28) " fcode="store"/>
<opset="store_ln209/1 "/>
</bind>
</comp>

<comp id="1562" class="1004" name="store_ln209_store_fu_1562">
<pin_list>
<pin id="1563" dir="0" index="0" bw="20" slack="0"/>
<pin id="1564" dir="0" index="1" bw="20" slack="0"/>
<pin id="1565" dir="1" index="2" bw="0" slack="2147483647"/>
</pin_list>
<bind>
<opcode="store(28) " fcode="store"/>
<opset="store_ln209/1 "/>
</bind>
</comp>

<comp id="1568" class="1004" name="store_ln209_store_fu_1568">
<pin_list>
<pin id="1569" dir="0" index="0" bw="20" slack="0"/>
<pin id="1570" dir="0" index="1" bw="20" slack="0"/>
<pin id="1571" dir="1" index="2" bw="0" slack="2147483647"/>
</pin_list>
<bind>
<opcode="store(28) " fcode="store"/>
<opset="store_ln209/1 "/>
</bind>
</comp>

<comp id="1574" class="1004" name="store_ln209_store_fu_1574">
<pin_list>
<pin id="1575" dir="0" index="0" bw="20" slack="0"/>
<pin id="1576" dir="0" index="1" bw="20" slack="0"/>
<pin id="1577" dir="1" index="2" bw="0" slack="2147483647"/>
</pin_list>
<bind>
<opcode="store(28) " fcode="store"/>
<opset="store_ln209/1 "/>
</bind>
</comp>

<comp id="1580" class="1004" name="store_ln209_store_fu_1580">
<pin_list>
<pin id="1581" dir="0" index="0" bw="20" slack="0"/>
<pin id="1582" dir="0" index="1" bw="20" slack="0"/>
<pin id="1583" dir="1" index="2" bw="0" slack="2147483647"/>
</pin_list>
<bind>
<opcode="store(28) " fcode="store"/>
<opset="store_ln209/1 "/>
</bind>
</comp>

<comp id="1586" class="1004" name="store_ln209_store_fu_1586">
<pin_list>
<pin id="1587" dir="0" index="0" bw="20" slack="0"/>
<pin id="1588" dir="0" index="1" bw="20" slack="0"/>
<pin id="1589" dir="1" index="2" bw="0" slack="2147483647"/>
</pin_list>
<bind>
<opcode="store(28) " fcode="store"/>
<opset="store_ln209/1 "/>
</bind>
</comp>

<comp id="1592" class="1004" name="store_ln209_store_fu_1592">
<pin_list>
<pin id="1593" dir="0" index="0" bw="20" slack="0"/>
<pin id="1594" dir="0" index="1" bw="20" slack="0"/>
<pin id="1595" dir="1" index="2" bw="0" slack="2147483647"/>
</pin_list>
<bind>
<opcode="store(28) " fcode="store"/>
<opset="store_ln209/1 "/>
</bind>
</comp>

</comp_list>

<net_list>
<net id="354"><net_src comp="296" pin="0"/><net_sink comp="350" pin=0"/></net>

<net id="355"><net_src comp="22" pin="0"/><net_sink comp="350" pin=1"/></net>

<net id="360"><net_src comp="296" pin="0"/><net_sink comp="356" pin=0"/></net>

<net id="361"><net_src comp="20" pin="0"/><net_sink comp="356" pin=1"/></net>

<net id="366"><net_src comp="296" pin="0"/><net_sink comp="362" pin=0"/></net>

<net id="367"><net_src comp="18" pin="0"/><net_sink comp="362" pin=1"/></net>

<net id="372"><net_src comp="296" pin="0"/><net_sink comp="368" pin=0"/></net>

<net id="373"><net_src comp="16" pin="0"/><net_sink comp="368" pin=1"/></net>

<net id="378"><net_src comp="296" pin="0"/><net_sink comp="374" pin=0"/></net>

<net id="379"><net_src comp="14" pin="0"/><net_sink comp="374" pin=1"/></net>

<net id="384"><net_src comp="296" pin="0"/><net_sink comp="380" pin=0"/></net>

<net id="385"><net_src comp="12" pin="0"/><net_sink comp="380" pin=1"/></net>

<net id="390"><net_src comp="296" pin="0"/><net_sink comp="386" pin=0"/></net>

<net id="391"><net_src comp="10" pin="0"/><net_sink comp="386" pin=1"/></net>

<net id="396"><net_src comp="296" pin="0"/><net_sink comp="392" pin=0"/></net>

<net id="397"><net_src comp="8" pin="0"/><net_sink comp="392" pin=1"/></net>

<net id="402"><net_src comp="296" pin="0"/><net_sink comp="398" pin=0"/></net>

<net id="403"><net_src comp="6" pin="0"/><net_sink comp="398" pin=1"/></net>

<net id="408"><net_src comp="296" pin="0"/><net_sink comp="404" pin=0"/></net>

<net id="409"><net_src comp="4" pin="0"/><net_sink comp="404" pin=1"/></net>

<net id="414"><net_src comp="296" pin="0"/><net_sink comp="410" pin=0"/></net>

<net id="415"><net_src comp="2" pin="0"/><net_sink comp="410" pin=1"/></net>

<net id="420"><net_src comp="296" pin="0"/><net_sink comp="416" pin=0"/></net>

<net id="421"><net_src comp="0" pin="0"/><net_sink comp="416" pin=1"/></net>

<net id="428"><net_src comp="298" pin="0"/><net_sink comp="422" pin=0"/></net>

<net id="429"><net_src comp="300" pin="0"/><net_sink comp="422" pin=1"/></net>

<net id="430"><net_src comp="416" pin="2"/><net_sink comp="422" pin=2"/></net>

<net id="431"><net_src comp="302" pin="0"/><net_sink comp="422" pin=3"/></net>

<net id="438"><net_src comp="298" pin="0"/><net_sink comp="432" pin=0"/></net>

<net id="439"><net_src comp="304" pin="0"/><net_sink comp="432" pin=1"/></net>

<net id="440"><net_src comp="422" pin="4"/><net_sink comp="432" pin=2"/></net>

<net id="441"><net_src comp="302" pin="0"/><net_sink comp="432" pin=3"/></net>

<net id="448"><net_src comp="298" pin="0"/><net_sink comp="442" pin=0"/></net>

<net id="449"><net_src comp="306" pin="0"/><net_sink comp="442" pin=1"/></net>

<net id="450"><net_src comp="410" pin="2"/><net_sink comp="442" pin=2"/></net>

<net id="451"><net_src comp="302" pin="0"/><net_sink comp="442" pin=3"/></net>

<net id="458"><net_src comp="298" pin="0"/><net_sink comp="452" pin=0"/></net>

<net id="459"><net_src comp="308" pin="0"/><net_sink comp="452" pin=1"/></net>

<net id="460"><net_src comp="442" pin="4"/><net_sink comp="452" pin=2"/></net>

<net id="461"><net_src comp="302" pin="0"/><net_sink comp="452" pin=3"/></net>

<net id="468"><net_src comp="298" pin="0"/><net_sink comp="462" pin=0"/></net>

<net id="469"><net_src comp="310" pin="0"/><net_sink comp="462" pin=1"/></net>

<net id="470"><net_src comp="404" pin="2"/><net_sink comp="462" pin=2"/></net>

<net id="471"><net_src comp="302" pin="0"/><net_sink comp="462" pin=3"/></net>

<net id="478"><net_src comp="298" pin="0"/><net_sink comp="472" pin=0"/></net>

<net id="479"><net_src comp="312" pin="0"/><net_sink comp="472" pin=1"/></net>

<net id="480"><net_src comp="462" pin="4"/><net_sink comp="472" pin=2"/></net>

<net id="481"><net_src comp="302" pin="0"/><net_sink comp="472" pin=3"/></net>

<net id="488"><net_src comp="298" pin="0"/><net_sink comp="482" pin=0"/></net>

<net id="489"><net_src comp="314" pin="0"/><net_sink comp="482" pin=1"/></net>

<net id="490"><net_src comp="398" pin="2"/><net_sink comp="482" pin=2"/></net>

<net id="491"><net_src comp="302" pin="0"/><net_sink comp="482" pin=3"/></net>

<net id="498"><net_src comp="298" pin="0"/><net_sink comp="492" pin=0"/></net>

<net id="499"><net_src comp="316" pin="0"/><net_sink comp="492" pin=1"/></net>

<net id="500"><net_src comp="482" pin="4"/><net_sink comp="492" pin=2"/></net>

<net id="501"><net_src comp="302" pin="0"/><net_sink comp="492" pin=3"/></net>

<net id="508"><net_src comp="298" pin="0"/><net_sink comp="502" pin=0"/></net>

<net id="509"><net_src comp="318" pin="0"/><net_sink comp="502" pin=1"/></net>

<net id="510"><net_src comp="392" pin="2"/><net_sink comp="502" pin=2"/></net>

<net id="511"><net_src comp="302" pin="0"/><net_sink comp="502" pin=3"/></net>

<net id="518"><net_src comp="298" pin="0"/><net_sink comp="512" pin=0"/></net>

<net id="519"><net_src comp="320" pin="0"/><net_sink comp="512" pin=1"/></net>

<net id="520"><net_src comp="502" pin="4"/><net_sink comp="512" pin=2"/></net>

<net id="521"><net_src comp="302" pin="0"/><net_sink comp="512" pin=3"/></net>

<net id="528"><net_src comp="298" pin="0"/><net_sink comp="522" pin=0"/></net>

<net id="529"><net_src comp="322" pin="0"/><net_sink comp="522" pin=1"/></net>

<net id="530"><net_src comp="386" pin="2"/><net_sink comp="522" pin=2"/></net>

<net id="531"><net_src comp="302" pin="0"/><net_sink comp="522" pin=3"/></net>

<net id="538"><net_src comp="298" pin="0"/><net_sink comp="532" pin=0"/></net>

<net id="539"><net_src comp="324" pin="0"/><net_sink comp="532" pin=1"/></net>

<net id="540"><net_src comp="522" pin="4"/><net_sink comp="532" pin=2"/></net>

<net id="541"><net_src comp="302" pin="0"/><net_sink comp="532" pin=3"/></net>

<net id="548"><net_src comp="298" pin="0"/><net_sink comp="542" pin=0"/></net>

<net id="549"><net_src comp="326" pin="0"/><net_sink comp="542" pin=1"/></net>

<net id="550"><net_src comp="380" pin="2"/><net_sink comp="542" pin=2"/></net>

<net id="551"><net_src comp="302" pin="0"/><net_sink comp="542" pin=3"/></net>

<net id="558"><net_src comp="298" pin="0"/><net_sink comp="552" pin=0"/></net>

<net id="559"><net_src comp="328" pin="0"/><net_sink comp="552" pin=1"/></net>

<net id="560"><net_src comp="542" pin="4"/><net_sink comp="552" pin=2"/></net>

<net id="561"><net_src comp="302" pin="0"/><net_sink comp="552" pin=3"/></net>

<net id="568"><net_src comp="298" pin="0"/><net_sink comp="562" pin=0"/></net>

<net id="569"><net_src comp="330" pin="0"/><net_sink comp="562" pin=1"/></net>

<net id="570"><net_src comp="374" pin="2"/><net_sink comp="562" pin=2"/></net>

<net id="571"><net_src comp="302" pin="0"/><net_sink comp="562" pin=3"/></net>

<net id="578"><net_src comp="298" pin="0"/><net_sink comp="572" pin=0"/></net>

<net id="579"><net_src comp="332" pin="0"/><net_sink comp="572" pin=1"/></net>

<net id="580"><net_src comp="562" pin="4"/><net_sink comp="572" pin=2"/></net>

<net id="581"><net_src comp="302" pin="0"/><net_sink comp="572" pin=3"/></net>

<net id="588"><net_src comp="298" pin="0"/><net_sink comp="582" pin=0"/></net>

<net id="589"><net_src comp="334" pin="0"/><net_sink comp="582" pin=1"/></net>

<net id="590"><net_src comp="368" pin="2"/><net_sink comp="582" pin=2"/></net>

<net id="591"><net_src comp="302" pin="0"/><net_sink comp="582" pin=3"/></net>

<net id="598"><net_src comp="298" pin="0"/><net_sink comp="592" pin=0"/></net>

<net id="599"><net_src comp="336" pin="0"/><net_sink comp="592" pin=1"/></net>

<net id="600"><net_src comp="582" pin="4"/><net_sink comp="592" pin=2"/></net>

<net id="601"><net_src comp="302" pin="0"/><net_sink comp="592" pin=3"/></net>

<net id="608"><net_src comp="298" pin="0"/><net_sink comp="602" pin=0"/></net>

<net id="609"><net_src comp="338" pin="0"/><net_sink comp="602" pin=1"/></net>

<net id="610"><net_src comp="362" pin="2"/><net_sink comp="602" pin=2"/></net>

<net id="611"><net_src comp="302" pin="0"/><net_sink comp="602" pin=3"/></net>

<net id="618"><net_src comp="298" pin="0"/><net_sink comp="612" pin=0"/></net>

<net id="619"><net_src comp="340" pin="0"/><net_sink comp="612" pin=1"/></net>

<net id="620"><net_src comp="602" pin="4"/><net_sink comp="612" pin=2"/></net>

<net id="621"><net_src comp="302" pin="0"/><net_sink comp="612" pin=3"/></net>

<net id="628"><net_src comp="298" pin="0"/><net_sink comp="622" pin=0"/></net>

<net id="629"><net_src comp="342" pin="0"/><net_sink comp="622" pin=1"/></net>

<net id="630"><net_src comp="356" pin="2"/><net_sink comp="622" pin=2"/></net>

<net id="631"><net_src comp="302" pin="0"/><net_sink comp="622" pin=3"/></net>

<net id="638"><net_src comp="298" pin="0"/><net_sink comp="632" pin=0"/></net>

<net id="639"><net_src comp="344" pin="0"/><net_sink comp="632" pin=1"/></net>

<net id="640"><net_src comp="622" pin="4"/><net_sink comp="632" pin=2"/></net>

<net id="641"><net_src comp="302" pin="0"/><net_sink comp="632" pin=3"/></net>

<net id="648"><net_src comp="298" pin="0"/><net_sink comp="642" pin=0"/></net>

<net id="649"><net_src comp="346" pin="0"/><net_sink comp="642" pin=1"/></net>

<net id="650"><net_src comp="350" pin="2"/><net_sink comp="642" pin=2"/></net>

<net id="651"><net_src comp="302" pin="0"/><net_sink comp="642" pin=3"/></net>

<net id="658"><net_src comp="298" pin="0"/><net_sink comp="652" pin=0"/></net>

<net id="659"><net_src comp="348" pin="0"/><net_sink comp="652" pin=1"/></net>

<net id="660"><net_src comp="642" pin="4"/><net_sink comp="652" pin=2"/></net>

<net id="661"><net_src comp="302" pin="0"/><net_sink comp="652" pin=3"/></net>

<net id="665"><net_src comp="24" pin="0"/><net_sink comp="662" pin=0"/></net>

<net id="670"><net_src comp="662" pin="1"/><net_sink comp="666" pin=0"/></net>

<net id="671"><net_src comp="26" pin="0"/><net_sink comp="666" pin=1"/></net>

<net id="675"><net_src comp="28" pin="0"/><net_sink comp="672" pin=0"/></net>

<net id="680"><net_src comp="672" pin="1"/><net_sink comp="676" pin=0"/></net>

<net id="681"><net_src comp="30" pin="0"/><net_sink comp="676" pin=1"/></net>

<net id="685"><net_src comp="32" pin="0"/><net_sink comp="682" pin=0"/></net>

<net id="690"><net_src comp="682" pin="1"/><net_sink comp="686" pin=0"/></net>

<net id="691"><net_src comp="34" pin="0"/><net_sink comp="686" pin=1"/></net>

<net id="695"><net_src comp="36" pin="0"/><net_sink comp="692" pin=0"/></net>

<net id="700"><net_src comp="692" pin="1"/><net_sink comp="696" pin=0"/></net>

<net id="701"><net_src comp="38" pin="0"/><net_sink comp="696" pin=1"/></net>

<net id="705"><net_src comp="40" pin="0"/><net_sink comp="702" pin=0"/></net>

<net id="710"><net_src comp="702" pin="1"/><net_sink comp="706" pin=0"/></net>

<net id="711"><net_src comp="42" pin="0"/><net_sink comp="706" pin=1"/></net>

<net id="715"><net_src comp="44" pin="0"/><net_sink comp="712" pin=0"/></net>

<net id="720"><net_src comp="712" pin="1"/><net_sink comp="716" pin=0"/></net>

<net id="721"><net_src comp="46" pin="0"/><net_sink comp="716" pin=1"/></net>

<net id="725"><net_src comp="48" pin="0"/><net_sink comp="722" pin=0"/></net>

<net id="730"><net_src comp="722" pin="1"/><net_sink comp="726" pin=0"/></net>

<net id="731"><net_src comp="50" pin="0"/><net_sink comp="726" pin=1"/></net>

<net id="735"><net_src comp="52" pin="0"/><net_sink comp="732" pin=0"/></net>

<net id="740"><net_src comp="732" pin="1"/><net_sink comp="736" pin=0"/></net>

<net id="741"><net_src comp="54" pin="0"/><net_sink comp="736" pin=1"/></net>

<net id="745"><net_src comp="56" pin="0"/><net_sink comp="742" pin=0"/></net>

<net id="750"><net_src comp="742" pin="1"/><net_sink comp="746" pin=0"/></net>

<net id="751"><net_src comp="58" pin="0"/><net_sink comp="746" pin=1"/></net>

<net id="755"><net_src comp="60" pin="0"/><net_sink comp="752" pin=0"/></net>

<net id="760"><net_src comp="752" pin="1"/><net_sink comp="756" pin=0"/></net>

<net id="761"><net_src comp="62" pin="0"/><net_sink comp="756" pin=1"/></net>

<net id="765"><net_src comp="64" pin="0"/><net_sink comp="762" pin=0"/></net>

<net id="770"><net_src comp="762" pin="1"/><net_sink comp="766" pin=0"/></net>

<net id="771"><net_src comp="66" pin="0"/><net_sink comp="766" pin=1"/></net>

<net id="775"><net_src comp="68" pin="0"/><net_sink comp="772" pin=0"/></net>

<net id="780"><net_src comp="772" pin="1"/><net_sink comp="776" pin=0"/></net>

<net id="781"><net_src comp="70" pin="0"/><net_sink comp="776" pin=1"/></net>

<net id="785"><net_src comp="72" pin="0"/><net_sink comp="782" pin=0"/></net>

<net id="790"><net_src comp="782" pin="1"/><net_sink comp="786" pin=0"/></net>

<net id="791"><net_src comp="74" pin="0"/><net_sink comp="786" pin=1"/></net>

<net id="795"><net_src comp="76" pin="0"/><net_sink comp="792" pin=0"/></net>

<net id="800"><net_src comp="792" pin="1"/><net_sink comp="796" pin=0"/></net>

<net id="801"><net_src comp="78" pin="0"/><net_sink comp="796" pin=1"/></net>

<net id="805"><net_src comp="80" pin="0"/><net_sink comp="802" pin=0"/></net>

<net id="810"><net_src comp="802" pin="1"/><net_sink comp="806" pin=0"/></net>

<net id="811"><net_src comp="82" pin="0"/><net_sink comp="806" pin=1"/></net>

<net id="815"><net_src comp="84" pin="0"/><net_sink comp="812" pin=0"/></net>

<net id="820"><net_src comp="812" pin="1"/><net_sink comp="816" pin=0"/></net>

<net id="821"><net_src comp="86" pin="0"/><net_sink comp="816" pin=1"/></net>

<net id="825"><net_src comp="88" pin="0"/><net_sink comp="822" pin=0"/></net>

<net id="830"><net_src comp="822" pin="1"/><net_sink comp="826" pin=0"/></net>

<net id="831"><net_src comp="90" pin="0"/><net_sink comp="826" pin=1"/></net>

<net id="835"><net_src comp="92" pin="0"/><net_sink comp="832" pin=0"/></net>

<net id="840"><net_src comp="832" pin="1"/><net_sink comp="836" pin=0"/></net>

<net id="841"><net_src comp="94" pin="0"/><net_sink comp="836" pin=1"/></net>

<net id="845"><net_src comp="96" pin="0"/><net_sink comp="842" pin=0"/></net>

<net id="850"><net_src comp="842" pin="1"/><net_sink comp="846" pin=0"/></net>

<net id="851"><net_src comp="98" pin="0"/><net_sink comp="846" pin=1"/></net>

<net id="855"><net_src comp="100" pin="0"/><net_sink comp="852" pin=0"/></net>

<net id="860"><net_src comp="852" pin="1"/><net_sink comp="856" pin=0"/></net>

<net id="861"><net_src comp="102" pin="0"/><net_sink comp="856" pin=1"/></net>

<net id="865"><net_src comp="104" pin="0"/><net_sink comp="862" pin=0"/></net>

<net id="870"><net_src comp="862" pin="1"/><net_sink comp="866" pin=0"/></net>

<net id="871"><net_src comp="106" pin="0"/><net_sink comp="866" pin=1"/></net>

<net id="875"><net_src comp="108" pin="0"/><net_sink comp="872" pin=0"/></net>

<net id="880"><net_src comp="872" pin="1"/><net_sink comp="876" pin=0"/></net>

<net id="881"><net_src comp="110" pin="0"/><net_sink comp="876" pin=1"/></net>

<net id="885"><net_src comp="112" pin="0"/><net_sink comp="882" pin=0"/></net>

<net id="890"><net_src comp="882" pin="1"/><net_sink comp="886" pin=0"/></net>

<net id="891"><net_src comp="114" pin="0"/><net_sink comp="886" pin=1"/></net>

<net id="895"><net_src comp="116" pin="0"/><net_sink comp="892" pin=0"/></net>

<net id="900"><net_src comp="892" pin="1"/><net_sink comp="896" pin=0"/></net>

<net id="901"><net_src comp="118" pin="0"/><net_sink comp="896" pin=1"/></net>

<net id="905"><net_src comp="120" pin="0"/><net_sink comp="902" pin=0"/></net>

<net id="910"><net_src comp="902" pin="1"/><net_sink comp="906" pin=0"/></net>

<net id="911"><net_src comp="122" pin="0"/><net_sink comp="906" pin=1"/></net>

<net id="915"><net_src comp="124" pin="0"/><net_sink comp="912" pin=0"/></net>

<net id="920"><net_src comp="912" pin="1"/><net_sink comp="916" pin=0"/></net>

<net id="921"><net_src comp="126" pin="0"/><net_sink comp="916" pin=1"/></net>

<net id="925"><net_src comp="128" pin="0"/><net_sink comp="922" pin=0"/></net>

<net id="930"><net_src comp="922" pin="1"/><net_sink comp="926" pin=0"/></net>

<net id="931"><net_src comp="130" pin="0"/><net_sink comp="926" pin=1"/></net>

<net id="935"><net_src comp="132" pin="0"/><net_sink comp="932" pin=0"/></net>

<net id="940"><net_src comp="932" pin="1"/><net_sink comp="936" pin=0"/></net>

<net id="941"><net_src comp="134" pin="0"/><net_sink comp="936" pin=1"/></net>

<net id="945"><net_src comp="136" pin="0"/><net_sink comp="942" pin=0"/></net>

<net id="950"><net_src comp="942" pin="1"/><net_sink comp="946" pin=0"/></net>

<net id="951"><net_src comp="138" pin="0"/><net_sink comp="946" pin=1"/></net>

<net id="955"><net_src comp="140" pin="0"/><net_sink comp="952" pin=0"/></net>

<net id="960"><net_src comp="952" pin="1"/><net_sink comp="956" pin=0"/></net>

<net id="961"><net_src comp="142" pin="0"/><net_sink comp="956" pin=1"/></net>

<net id="965"><net_src comp="144" pin="0"/><net_sink comp="962" pin=0"/></net>

<net id="970"><net_src comp="962" pin="1"/><net_sink comp="966" pin=0"/></net>

<net id="971"><net_src comp="146" pin="0"/><net_sink comp="966" pin=1"/></net>

<net id="975"><net_src comp="148" pin="0"/><net_sink comp="972" pin=0"/></net>

<net id="980"><net_src comp="972" pin="1"/><net_sink comp="976" pin=0"/></net>

<net id="981"><net_src comp="150" pin="0"/><net_sink comp="976" pin=1"/></net>

<net id="985"><net_src comp="152" pin="0"/><net_sink comp="982" pin=0"/></net>

<net id="990"><net_src comp="982" pin="1"/><net_sink comp="986" pin=0"/></net>

<net id="991"><net_src comp="154" pin="0"/><net_sink comp="986" pin=1"/></net>

<net id="995"><net_src comp="156" pin="0"/><net_sink comp="992" pin=0"/></net>

<net id="1000"><net_src comp="992" pin="1"/><net_sink comp="996" pin=0"/></net>

<net id="1001"><net_src comp="158" pin="0"/><net_sink comp="996" pin=1"/></net>

<net id="1005"><net_src comp="160" pin="0"/><net_sink comp="1002" pin=0"/></net>

<net id="1010"><net_src comp="1002" pin="1"/><net_sink comp="1006" pin=0"/></net>

<net id="1011"><net_src comp="162" pin="0"/><net_sink comp="1006" pin=1"/></net>

<net id="1015"><net_src comp="164" pin="0"/><net_sink comp="1012" pin=0"/></net>

<net id="1020"><net_src comp="1012" pin="1"/><net_sink comp="1016" pin=0"/></net>

<net id="1021"><net_src comp="166" pin="0"/><net_sink comp="1016" pin=1"/></net>

<net id="1025"><net_src comp="168" pin="0"/><net_sink comp="1022" pin=0"/></net>

<net id="1030"><net_src comp="1022" pin="1"/><net_sink comp="1026" pin=0"/></net>

<net id="1031"><net_src comp="24" pin="0"/><net_sink comp="1026" pin=1"/></net>

<net id="1035"><net_src comp="170" pin="0"/><net_sink comp="1032" pin=0"/></net>

<net id="1040"><net_src comp="1032" pin="1"/><net_sink comp="1036" pin=0"/></net>

<net id="1041"><net_src comp="28" pin="0"/><net_sink comp="1036" pin=1"/></net>

<net id="1045"><net_src comp="172" pin="0"/><net_sink comp="1042" pin=0"/></net>

<net id="1050"><net_src comp="1042" pin="1"/><net_sink comp="1046" pin=0"/></net>

<net id="1051"><net_src comp="32" pin="0"/><net_sink comp="1046" pin=1"/></net>

<net id="1055"><net_src comp="174" pin="0"/><net_sink comp="1052" pin=0"/></net>

<net id="1060"><net_src comp="1052" pin="1"/><net_sink comp="1056" pin=0"/></net>

<net id="1061"><net_src comp="36" pin="0"/><net_sink comp="1056" pin=1"/></net>

<net id="1065"><net_src comp="176" pin="0"/><net_sink comp="1062" pin=0"/></net>

<net id="1070"><net_src comp="1062" pin="1"/><net_sink comp="1066" pin=0"/></net>

<net id="1071"><net_src comp="40" pin="0"/><net_sink comp="1066" pin=1"/></net>

<net id="1075"><net_src comp="178" pin="0"/><net_sink comp="1072" pin=0"/></net>

<net id="1080"><net_src comp="1072" pin="1"/><net_sink comp="1076" pin=0"/></net>

<net id="1081"><net_src comp="44" pin="0"/><net_sink comp="1076" pin=1"/></net>

<net id="1085"><net_src comp="180" pin="0"/><net_sink comp="1082" pin=0"/></net>

<net id="1090"><net_src comp="1082" pin="1"/><net_sink comp="1086" pin=0"/></net>

<net id="1091"><net_src comp="48" pin="0"/><net_sink comp="1086" pin=1"/></net>

<net id="1095"><net_src comp="182" pin="0"/><net_sink comp="1092" pin=0"/></net>

<net id="1100"><net_src comp="1092" pin="1"/><net_sink comp="1096" pin=0"/></net>

<net id="1101"><net_src comp="52" pin="0"/><net_sink comp="1096" pin=1"/></net>

<net id="1105"><net_src comp="184" pin="0"/><net_sink comp="1102" pin=0"/></net>

<net id="1110"><net_src comp="1102" pin="1"/><net_sink comp="1106" pin=0"/></net>

<net id="1111"><net_src comp="56" pin="0"/><net_sink comp="1106" pin=1"/></net>

<net id="1115"><net_src comp="186" pin="0"/><net_sink comp="1112" pin=0"/></net>

<net id="1120"><net_src comp="1112" pin="1"/><net_sink comp="1116" pin=0"/></net>

<net id="1121"><net_src comp="60" pin="0"/><net_sink comp="1116" pin=1"/></net>

<net id="1125"><net_src comp="188" pin="0"/><net_sink comp="1122" pin=0"/></net>

<net id="1130"><net_src comp="1122" pin="1"/><net_sink comp="1126" pin=0"/></net>

<net id="1131"><net_src comp="64" pin="0"/><net_sink comp="1126" pin=1"/></net>

<net id="1135"><net_src comp="190" pin="0"/><net_sink comp="1132" pin=0"/></net>

<net id="1140"><net_src comp="1132" pin="1"/><net_sink comp="1136" pin=0"/></net>

<net id="1141"><net_src comp="68" pin="0"/><net_sink comp="1136" pin=1"/></net>

<net id="1145"><net_src comp="192" pin="0"/><net_sink comp="1142" pin=0"/></net>

<net id="1150"><net_src comp="1142" pin="1"/><net_sink comp="1146" pin=0"/></net>

<net id="1151"><net_src comp="72" pin="0"/><net_sink comp="1146" pin=1"/></net>

<net id="1155"><net_src comp="194" pin="0"/><net_sink comp="1152" pin=0"/></net>

<net id="1160"><net_src comp="1152" pin="1"/><net_sink comp="1156" pin=0"/></net>

<net id="1161"><net_src comp="76" pin="0"/><net_sink comp="1156" pin=1"/></net>

<net id="1165"><net_src comp="196" pin="0"/><net_sink comp="1162" pin=0"/></net>

<net id="1170"><net_src comp="1162" pin="1"/><net_sink comp="1166" pin=0"/></net>

<net id="1171"><net_src comp="80" pin="0"/><net_sink comp="1166" pin=1"/></net>

<net id="1175"><net_src comp="198" pin="0"/><net_sink comp="1172" pin=0"/></net>

<net id="1180"><net_src comp="1172" pin="1"/><net_sink comp="1176" pin=0"/></net>

<net id="1181"><net_src comp="84" pin="0"/><net_sink comp="1176" pin=1"/></net>

<net id="1185"><net_src comp="200" pin="0"/><net_sink comp="1182" pin=0"/></net>

<net id="1190"><net_src comp="1182" pin="1"/><net_sink comp="1186" pin=0"/></net>

<net id="1191"><net_src comp="88" pin="0"/><net_sink comp="1186" pin=1"/></net>

<net id="1195"><net_src comp="202" pin="0"/><net_sink comp="1192" pin=0"/></net>

<net id="1200"><net_src comp="1192" pin="1"/><net_sink comp="1196" pin=0"/></net>

<net id="1201"><net_src comp="92" pin="0"/><net_sink comp="1196" pin=1"/></net>

<net id="1205"><net_src comp="204" pin="0"/><net_sink comp="1202" pin=0"/></net>

<net id="1210"><net_src comp="1202" pin="1"/><net_sink comp="1206" pin=0"/></net>

<net id="1211"><net_src comp="96" pin="0"/><net_sink comp="1206" pin=1"/></net>

<net id="1215"><net_src comp="206" pin="0"/><net_sink comp="1212" pin=0"/></net>

<net id="1220"><net_src comp="1212" pin="1"/><net_sink comp="1216" pin=0"/></net>

<net id="1221"><net_src comp="100" pin="0"/><net_sink comp="1216" pin=1"/></net>

<net id="1225"><net_src comp="208" pin="0"/><net_sink comp="1222" pin=0"/></net>

<net id="1230"><net_src comp="1222" pin="1"/><net_sink comp="1226" pin=0"/></net>

<net id="1231"><net_src comp="104" pin="0"/><net_sink comp="1226" pin=1"/></net>

<net id="1235"><net_src comp="210" pin="0"/><net_sink comp="1232" pin=0"/></net>

<net id="1240"><net_src comp="1232" pin="1"/><net_sink comp="1236" pin=0"/></net>

<net id="1241"><net_src comp="108" pin="0"/><net_sink comp="1236" pin=1"/></net>

<net id="1245"><net_src comp="212" pin="0"/><net_sink comp="1242" pin=0"/></net>

<net id="1250"><net_src comp="1242" pin="1"/><net_sink comp="1246" pin=0"/></net>

<net id="1251"><net_src comp="112" pin="0"/><net_sink comp="1246" pin=1"/></net>

<net id="1255"><net_src comp="214" pin="0"/><net_sink comp="1252" pin=0"/></net>

<net id="1260"><net_src comp="1252" pin="1"/><net_sink comp="1256" pin=0"/></net>

<net id="1261"><net_src comp="116" pin="0"/><net_sink comp="1256" pin=1"/></net>

<net id="1265"><net_src comp="216" pin="0"/><net_sink comp="1262" pin=0"/></net>

<net id="1270"><net_src comp="1262" pin="1"/><net_sink comp="1266" pin=0"/></net>

<net id="1271"><net_src comp="120" pin="0"/><net_sink comp="1266" pin=1"/></net>

<net id="1275"><net_src comp="218" pin="0"/><net_sink comp="1272" pin=0"/></net>

<net id="1280"><net_src comp="1272" pin="1"/><net_sink comp="1276" pin=0"/></net>

<net id="1281"><net_src comp="124" pin="0"/><net_sink comp="1276" pin=1"/></net>

<net id="1285"><net_src comp="220" pin="0"/><net_sink comp="1282" pin=0"/></net>

<net id="1290"><net_src comp="1282" pin="1"/><net_sink comp="1286" pin=0"/></net>

<net id="1291"><net_src comp="128" pin="0"/><net_sink comp="1286" pin=1"/></net>

<net id="1295"><net_src comp="222" pin="0"/><net_sink comp="1292" pin=0"/></net>

<net id="1300"><net_src comp="1292" pin="1"/><net_sink comp="1296" pin=0"/></net>

<net id="1301"><net_src comp="132" pin="0"/><net_sink comp="1296" pin=1"/></net>

<net id="1305"><net_src comp="224" pin="0"/><net_sink comp="1302" pin=0"/></net>

<net id="1310"><net_src comp="1302" pin="1"/><net_sink comp="1306" pin=0"/></net>

<net id="1311"><net_src comp="136" pin="0"/><net_sink comp="1306" pin=1"/></net>

<net id="1315"><net_src comp="226" pin="0"/><net_sink comp="1312" pin=0"/></net>

<net id="1320"><net_src comp="1312" pin="1"/><net_sink comp="1316" pin=0"/></net>

<net id="1321"><net_src comp="140" pin="0"/><net_sink comp="1316" pin=1"/></net>

<net id="1325"><net_src comp="228" pin="0"/><net_sink comp="1322" pin=0"/></net>

<net id="1330"><net_src comp="1322" pin="1"/><net_sink comp="1326" pin=0"/></net>

<net id="1331"><net_src comp="144" pin="0"/><net_sink comp="1326" pin=1"/></net>

<net id="1335"><net_src comp="230" pin="0"/><net_sink comp="1332" pin=0"/></net>

<net id="1340"><net_src comp="1332" pin="1"/><net_sink comp="1336" pin=0"/></net>

<net id="1341"><net_src comp="148" pin="0"/><net_sink comp="1336" pin=1"/></net>

<net id="1345"><net_src comp="232" pin="0"/><net_sink comp="1342" pin=0"/></net>

<net id="1350"><net_src comp="1342" pin="1"/><net_sink comp="1346" pin=0"/></net>

<net id="1351"><net_src comp="152" pin="0"/><net_sink comp="1346" pin=1"/></net>

<net id="1355"><net_src comp="234" pin="0"/><net_sink comp="1352" pin=0"/></net>

<net id="1360"><net_src comp="1352" pin="1"/><net_sink comp="1356" pin=0"/></net>

<net id="1361"><net_src comp="156" pin="0"/><net_sink comp="1356" pin=1"/></net>

<net id="1365"><net_src comp="236" pin="0"/><net_sink comp="1362" pin=0"/></net>

<net id="1370"><net_src comp="1362" pin="1"/><net_sink comp="1366" pin=0"/></net>

<net id="1371"><net_src comp="160" pin="0"/><net_sink comp="1366" pin=1"/></net>

<net id="1375"><net_src comp="238" pin="0"/><net_sink comp="1372" pin=0"/></net>

<net id="1380"><net_src comp="1372" pin="1"/><net_sink comp="1376" pin=0"/></net>

<net id="1381"><net_src comp="164" pin="0"/><net_sink comp="1376" pin=1"/></net>

<net id="1386"><net_src comp="432" pin="4"/><net_sink comp="1382" pin=0"/></net>

<net id="1387"><net_src comp="168" pin="0"/><net_sink comp="1382" pin=1"/></net>

<net id="1392"><net_src comp="452" pin="4"/><net_sink comp="1388" pin=0"/></net>

<net id="1393"><net_src comp="170" pin="0"/><net_sink comp="1388" pin=1"/></net>

<net id="1398"><net_src comp="472" pin="4"/><net_sink comp="1394" pin=0"/></net>

<net id="1399"><net_src comp="172" pin="0"/><net_sink comp="1394" pin=1"/></net>

<net id="1404"><net_src comp="492" pin="4"/><net_sink comp="1400" pin=0"/></net>

<net id="1405"><net_src comp="174" pin="0"/><net_sink comp="1400" pin=1"/></net>

<net id="1410"><net_src comp="512" pin="4"/><net_sink comp="1406" pin=0"/></net>

<net id="1411"><net_src comp="176" pin="0"/><net_sink comp="1406" pin=1"/></net>

<net id="1416"><net_src comp="532" pin="4"/><net_sink comp="1412" pin=0"/></net>

<net id="1417"><net_src comp="178" pin="0"/><net_sink comp="1412" pin=1"/></net>

<net id="1422"><net_src comp="552" pin="4"/><net_sink comp="1418" pin=0"/></net>

<net id="1423"><net_src comp="180" pin="0"/><net_sink comp="1418" pin=1"/></net>

<net id="1428"><net_src comp="572" pin="4"/><net_sink comp="1424" pin=0"/></net>

<net id="1429"><net_src comp="182" pin="0"/><net_sink comp="1424" pin=1"/></net>

<net id="1434"><net_src comp="592" pin="4"/><net_sink comp="1430" pin=0"/></net>

<net id="1435"><net_src comp="184" pin="0"/><net_sink comp="1430" pin=1"/></net>

<net id="1440"><net_src comp="612" pin="4"/><net_sink comp="1436" pin=0"/></net>

<net id="1441"><net_src comp="186" pin="0"/><net_sink comp="1436" pin=1"/></net>

<net id="1446"><net_src comp="632" pin="4"/><net_sink comp="1442" pin=0"/></net>

<net id="1447"><net_src comp="188" pin="0"/><net_sink comp="1442" pin=1"/></net>

<net id="1452"><net_src comp="652" pin="4"/><net_sink comp="1448" pin=0"/></net>

<net id="1453"><net_src comp="190" pin="0"/><net_sink comp="1448" pin=1"/></net>

<net id="1458"><net_src comp="422" pin="4"/><net_sink comp="1454" pin=0"/></net>

<net id="1459"><net_src comp="192" pin="0"/><net_sink comp="1454" pin=1"/></net>

<net id="1464"><net_src comp="442" pin="4"/><net_sink comp="1460" pin=0"/></net>

<net id="1465"><net_src comp="194" pin="0"/><net_sink comp="1460" pin=1"/></net>

<net id="1470"><net_src comp="462" pin="4"/><net_sink comp="1466" pin=0"/></net>

<net id="1471"><net_src comp="196" pin="0"/><net_sink comp="1466" pin=1"/></net>

<net id="1476"><net_src comp="482" pin="4"/><net_sink comp="1472" pin=0"/></net>

<net id="1477"><net_src comp="198" pin="0"/><net_sink comp="1472" pin=1"/></net>

<net id="1482"><net_src comp="502" pin="4"/><net_sink comp="1478" pin=0"/></net>

<net id="1483"><net_src comp="200" pin="0"/><net_sink comp="1478" pin=1"/></net>

<net id="1488"><net_src comp="522" pin="4"/><net_sink comp="1484" pin=0"/></net>

<net id="1489"><net_src comp="202" pin="0"/><net_sink comp="1484" pin=1"/></net>

<net id="1494"><net_src comp="542" pin="4"/><net_sink comp="1490" pin=0"/></net>

<net id="1495"><net_src comp="204" pin="0"/><net_sink comp="1490" pin=1"/></net>

<net id="1500"><net_src comp="562" pin="4"/><net_sink comp="1496" pin=0"/></net>

<net id="1501"><net_src comp="206" pin="0"/><net_sink comp="1496" pin=1"/></net>

<net id="1506"><net_src comp="582" pin="4"/><net_sink comp="1502" pin=0"/></net>

<net id="1507"><net_src comp="208" pin="0"/><net_sink comp="1502" pin=1"/></net>

<net id="1512"><net_src comp="602" pin="4"/><net_sink comp="1508" pin=0"/></net>

<net id="1513"><net_src comp="210" pin="0"/><net_sink comp="1508" pin=1"/></net>

<net id="1518"><net_src comp="622" pin="4"/><net_sink comp="1514" pin=0"/></net>

<net id="1519"><net_src comp="212" pin="0"/><net_sink comp="1514" pin=1"/></net>

<net id="1524"><net_src comp="642" pin="4"/><net_sink comp="1520" pin=0"/></net>

<net id="1525"><net_src comp="214" pin="0"/><net_sink comp="1520" pin=1"/></net>

<net id="1530"><net_src comp="416" pin="2"/><net_sink comp="1526" pin=0"/></net>

<net id="1531"><net_src comp="216" pin="0"/><net_sink comp="1526" pin=1"/></net>

<net id="1536"><net_src comp="410" pin="2"/><net_sink comp="1532" pin=0"/></net>

<net id="1537"><net_src comp="218" pin="0"/><net_sink comp="1532" pin=1"/></net>

<net id="1542"><net_src comp="404" pin="2"/><net_sink comp="1538" pin=0"/></net>

<net id="1543"><net_src comp="220" pin="0"/><net_sink comp="1538" pin=1"/></net>

<net id="1548"><net_src comp="398" pin="2"/><net_sink comp="1544" pin=0"/></net>

<net id="1549"><net_src comp="222" pin="0"/><net_sink comp="1544" pin=1"/></net>

<net id="1554"><net_src comp="392" pin="2"/><net_sink comp="1550" pin=0"/></net>

<net id="1555"><net_src comp="224" pin="0"/><net_sink comp="1550" pin=1"/></net>

<net id="1560"><net_src comp="386" pin="2"/><net_sink comp="1556" pin=0"/></net>

<net id="1561"><net_src comp="226" pin="0"/><net_sink comp="1556" pin=1"/></net>

<net id="1566"><net_src comp="380" pin="2"/><net_sink comp="1562" pin=0"/></net>

<net id="1567"><net_src comp="228" pin="0"/><net_sink comp="1562" pin=1"/></net>

<net id="1572"><net_src comp="374" pin="2"/><net_sink comp="1568" pin=0"/></net>

<net id="1573"><net_src comp="230" pin="0"/><net_sink comp="1568" pin=1"/></net>

<net id="1578"><net_src comp="368" pin="2"/><net_sink comp="1574" pin=0"/></net>

<net id="1579"><net_src comp="232" pin="0"/><net_sink comp="1574" pin=1"/></net>

<net id="1584"><net_src comp="362" pin="2"/><net_sink comp="1580" pin=0"/></net>

<net id="1585"><net_src comp="234" pin="0"/><net_sink comp="1580" pin=1"/></net>

<net id="1590"><net_src comp="356" pin="2"/><net_sink comp="1586" pin=0"/></net>

<net id="1591"><net_src comp="236" pin="0"/><net_sink comp="1586" pin=1"/></net>

<net id="1596"><net_src comp="350" pin="2"/><net_sink comp="1592" pin=0"/></net>

<net id="1597"><net_src comp="238" pin="0"/><net_sink comp="1592" pin=1"/></net>

</net_list>

</model> 
---------------- Datapath Model END ------------------

* FSMD analyzer results:
  - Output states:
	Port: p_ZZN4nnet24compute_output_buffer_2dINS_5arrayI8ap_fixedILi20ELi10EL9ap_q_mode5EL_87 | {1 }
	Port: void_compute_output_buffer_2d_array_const_ap_shift_reg_n_chan_stream_weig_18 | {1 }
	Port: p_ZZN4nnet24compute_output_buffer_2dINS_5arrayI8ap_fixedILi20ELi10EL9ap_q_mode5EL_86 | {1 }
	Port: void_compute_output_buffer_2d_array_const_ap_shift_reg_n_chan_stream_weig_17 | {1 }
	Port: p_ZZN4nnet24compute_output_buffer_2dINS_5arrayI8ap_fixedILi20ELi10EL9ap_q_mode5EL_85 | {1 }
	Port: void_compute_output_buffer_2d_array_const_ap_shift_reg_n_chan_stream_weig_16 | {1 }
	Port: p_ZZN4nnet24compute_output_buffer_2dINS_5arrayI8ap_fixedILi20ELi10EL9ap_q_mode5EL_84 | {1 }
	Port: void_compute_output_buffer_2d_array_const_ap_shift_reg_n_chan_stream_weig_15 | {1 }
	Port: p_ZZN4nnet24compute_output_buffer_2dINS_5arrayI8ap_fixedILi20ELi10EL9ap_q_mode5EL_83 | {1 }
	Port: void_compute_output_buffer_2d_array_const_ap_shift_reg_n_chan_stream_weig_14 | {1 }
	Port: p_ZZN4nnet24compute_output_buffer_2dINS_5arrayI8ap_fixedILi20ELi10EL9ap_q_mode5EL_82 | {1 }
	Port: void_compute_output_buffer_2d_array_const_ap_shift_reg_n_chan_stream_weig_13 | {1 }
	Port: p_ZZN4nnet24compute_output_buffer_2dINS_5arrayI8ap_fixedILi20ELi10EL9ap_q_mode5EL_81 | {1 }
	Port: void_compute_output_buffer_2d_array_const_ap_shift_reg_n_chan_stream_weig_12 | {1 }
	Port: p_ZZN4nnet24compute_output_buffer_2dINS_5arrayI8ap_fixedILi20ELi10EL9ap_q_mode5EL_80 | {1 }
	Port: void_compute_output_buffer_2d_array_const_ap_shift_reg_n_chan_stream_weig_11 | {1 }
	Port: p_ZZN4nnet24compute_output_buffer_2dINS_5arrayI8ap_fixedILi20ELi10EL9ap_q_mode5EL_79 | {1 }
	Port: void_compute_output_buffer_2d_array_const_ap_shift_reg_n_chan_stream_weig_10 | {1 }
	Port: p_ZZN4nnet24compute_output_buffer_2dINS_5arrayI8ap_fixedILi20ELi10EL9ap_q_mode5EL_78 | {1 }
	Port: void_compute_output_buffer_2d_array_const_ap_shift_reg_n_chan_stream_weig_9 | {1 }
	Port: p_ZZN4nnet24compute_output_buffer_2dINS_5arrayI8ap_fixedILi20ELi10EL9ap_q_mode5EL_77 | {1 }
	Port: p_ZZN4nnet24compute_output_buffer_2dINS_5arrayI8ap_fixedILi20ELi10EL9ap_q_mode5EL_97 | {1 }
	Port: p_ZZN4nnet24compute_output_buffer_2dINS_5arrayI8ap_fixedILi20ELi10EL9ap_q_mode5EL_76 | {1 }
	Port: p_ZZN4nnet24compute_output_buffer_2dINS_5arrayI8ap_fixedILi20ELi10EL9ap_q_mode5EL_88 | {1 }
	Port: p_ZZN4nnet24compute_output_buffer_2dINS_5arrayI8ap_fixedILi20ELi10EL9ap_q_mode5EL_51 | {1 }
	Port: p_ZZN4nnet24compute_output_buffer_2dINS_5arrayI8ap_fixedILi20ELi10EL9ap_q_mode5EL_63 | {1 }
	Port: p_ZZN4nnet24compute_output_buffer_2dINS_5arrayI8ap_fixedILi20ELi10EL9ap_q_mode5EL_50 | {1 }
	Port: p_ZZN4nnet24compute_output_buffer_2dINS_5arrayI8ap_fixedILi20ELi10EL9ap_q_mode5EL_62 | {1 }
	Port: p_ZZN4nnet24compute_output_buffer_2dINS_5arrayI8ap_fixedILi20ELi10EL9ap_q_mode5EL_49 | {1 }
	Port: p_ZZN4nnet24compute_output_buffer_2dINS_5arrayI8ap_fixedILi20ELi10EL9ap_q_mode5EL_61 | {1 }
	Port: p_ZZN4nnet24compute_output_buffer_2dINS_5arrayI8ap_fixedILi20ELi10EL9ap_q_mode5EL_48 | {1 }
	Port: p_ZZN4nnet24compute_output_buffer_2dINS_5arrayI8ap_fixedILi20ELi10EL9ap_q_mode5EL_60 | {1 }
	Port: p_ZZN4nnet24compute_output_buffer_2dINS_5arrayI8ap_fixedILi20ELi10EL9ap_q_mode5EL_47 | {1 }
	Port: p_ZZN4nnet24compute_output_buffer_2dINS_5arrayI8ap_fixedILi20ELi10EL9ap_q_mode5EL_59 | {1 }
	Port: p_ZZN4nnet24compute_output_buffer_2dINS_5arrayI8ap_fixedILi20ELi10EL9ap_q_mode5EL_46 | {1 }
	Port: p_ZZN4nnet24compute_output_buffer_2dINS_5arrayI8ap_fixedILi20ELi10EL9ap_q_mode5EL_58 | {1 }
	Port: p_ZZN4nnet24compute_output_buffer_2dINS_5arrayI8ap_fixedILi20ELi10EL9ap_q_mode5EL_45 | {1 }
	Port: p_ZZN4nnet24compute_output_buffer_2dINS_5arrayI8ap_fixedILi20ELi10EL9ap_q_mode5EL_57 | {1 }
	Port: p_ZZN4nnet24compute_output_buffer_2dINS_5arrayI8ap_fixedILi20ELi10EL9ap_q_mode5EL_44 | {1 }
	Port: p_ZZN4nnet24compute_output_buffer_2dINS_5arrayI8ap_fixedILi20ELi10EL9ap_q_mode5EL_56 | {1 }
	Port: p_ZZN4nnet24compute_output_buffer_2dINS_5arrayI8ap_fixedILi20ELi10EL9ap_q_mode5EL_43 | {1 }
	Port: p_ZZN4nnet24compute_output_buffer_2dINS_5arrayI8ap_fixedILi20ELi10EL9ap_q_mode5EL_55 | {1 }
	Port: p_ZZN4nnet24compute_output_buffer_2dINS_5arrayI8ap_fixedILi20ELi10EL9ap_q_mode5EL_42 | {1 }
	Port: p_ZZN4nnet24compute_output_buffer_2dINS_5arrayI8ap_fixedILi20ELi10EL9ap_q_mode5EL_54 | {1 }
	Port: p_ZZN4nnet24compute_output_buffer_2dINS_5arrayI8ap_fixedILi20ELi10EL9ap_q_mode5EL_41 | {1 }
	Port: p_ZZN4nnet24compute_output_buffer_2dINS_5arrayI8ap_fixedILi20ELi10EL9ap_q_mode5EL_53 | {1 }
	Port: p_ZZN4nnet24compute_output_buffer_2dINS_5arrayI8ap_fixedILi20ELi10EL9ap_q_mode5EL_40 | {1 }
	Port: p_ZZN4nnet24compute_output_buffer_2dINS_5arrayI8ap_fixedILi20ELi10EL9ap_q_mode5EL_52 | {1 }
	Port: p_ZZN4nnet24compute_output_buffer_2dINS_5arrayI8ap_fixedILi20ELi10EL9ap_q_mode5EL_15 | {1 }
	Port: p_ZZN4nnet24compute_output_buffer_2dINS_5arrayI8ap_fixedILi20ELi10EL9ap_q_mode5EL_27 | {1 }
	Port: p_ZZN4nnet24compute_output_buffer_2dINS_5arrayI8ap_fixedILi20ELi10EL9ap_q_mode5EL_14 | {1 }
	Port: p_ZZN4nnet24compute_output_buffer_2dINS_5arrayI8ap_fixedILi20ELi10EL9ap_q_mode5EL_26 | {1 }
	Port: p_ZZN4nnet24compute_output_buffer_2dINS_5arrayI8ap_fixedILi20ELi10EL9ap_q_mode5EL_13 | {1 }
	Port: p_ZZN4nnet24compute_output_buffer_2dINS_5arrayI8ap_fixedILi20ELi10EL9ap_q_mode5EL_25 | {1 }
	Port: p_ZZN4nnet24compute_output_buffer_2dINS_5arrayI8ap_fixedILi20ELi10EL9ap_q_mode5EL_12 | {1 }
	Port: p_ZZN4nnet24compute_output_buffer_2dINS_5arrayI8ap_fixedILi20ELi10EL9ap_q_mode5EL_24 | {1 }
	Port: p_ZZN4nnet24compute_output_buffer_2dINS_5arrayI8ap_fixedILi20ELi10EL9ap_q_mode5EL_11 | {1 }
	Port: p_ZZN4nnet24compute_output_buffer_2dINS_5arrayI8ap_fixedILi20ELi10EL9ap_q_mode5EL_23 | {1 }
	Port: p_ZZN4nnet24compute_output_buffer_2dINS_5arrayI8ap_fixedILi20ELi10EL9ap_q_mode5EL_10 | {1 }
	Port: p_ZZN4nnet24compute_output_buffer_2dINS_5arrayI8ap_fixedILi20ELi10EL9ap_q_mode5EL_22 | {1 }
	Port: p_ZZN4nnet24compute_output_buffer_2dINS_5arrayI8ap_fixedILi20ELi10EL9ap_q_mode5EL_9 | {1 }
	Port: p_ZZN4nnet24compute_output_buffer_2dINS_5arrayI8ap_fixedILi20ELi10EL9ap_q_mode5EL_21 | {1 }
	Port: p_ZZN4nnet24compute_output_buffer_2dINS_5arrayI8ap_fixedILi20ELi10EL9ap_q_mode5EL_8 | {1 }
	Port: p_ZZN4nnet24compute_output_buffer_2dINS_5arrayI8ap_fixedILi20ELi10EL9ap_q_mode5EL_20 | {1 }
	Port: p_ZZN4nnet24compute_output_buffer_2dINS_5arrayI8ap_fixedILi20ELi10EL9ap_q_mode5EL_7 | {1 }
	Port: p_ZZN4nnet24compute_output_buffer_2dINS_5arrayI8ap_fixedILi20ELi10EL9ap_q_mode5EL_19 | {1 }
	Port: p_ZZN4nnet24compute_output_buffer_2dINS_5arrayI8ap_fixedILi20ELi10EL9ap_q_mode5EL_6 | {1 }
	Port: p_ZZN4nnet24compute_output_buffer_2dINS_5arrayI8ap_fixedILi20ELi10EL9ap_q_mode5EL_18 | {1 }
	Port: p_ZZN4nnet24compute_output_buffer_2dINS_5arrayI8ap_fixedILi20ELi10EL9ap_q_mode5EL_5 | {1 }
	Port: p_ZZN4nnet24compute_output_buffer_2dINS_5arrayI8ap_fixedILi20ELi10EL9ap_q_mode5EL_17 | {1 }
	Port: p_ZZN4nnet24compute_output_buffer_2dINS_5arrayI8ap_fixedILi20ELi10EL9ap_q_mode5EL_4 | {1 }
	Port: p_ZZN4nnet24compute_output_buffer_2dINS_5arrayI8ap_fixedILi20ELi10EL9ap_q_mode5EL_16 | {1 }
	Port: p_ZZN4nnet24compute_output_buffer_2dINS_5arrayI8ap_fixedILi20ELi10EL9ap_q_mode5EL_75 | {1 }
	Port: p_ZZN4nnet24compute_output_buffer_2dINS_5arrayI8ap_fixedILi20ELi10EL9ap_q_mode5EL_74 | {1 }
	Port: p_ZZN4nnet24compute_output_buffer_2dINS_5arrayI8ap_fixedILi20ELi10EL9ap_q_mode5EL_73 | {1 }
	Port: p_ZZN4nnet24compute_output_buffer_2dINS_5arrayI8ap_fixedILi20ELi10EL9ap_q_mode5EL_72 | {1 }
	Port: p_ZZN4nnet24compute_output_buffer_2dINS_5arrayI8ap_fixedILi20ELi10EL9ap_q_mode5EL_71 | {1 }
	Port: p_ZZN4nnet24compute_output_buffer_2dINS_5arrayI8ap_fixedILi20ELi10EL9ap_q_mode5EL_70 | {1 }
	Port: p_ZZN4nnet24compute_output_buffer_2dINS_5arrayI8ap_fixedILi20ELi10EL9ap_q_mode5EL_69 | {1 }
	Port: p_ZZN4nnet24compute_output_buffer_2dINS_5arrayI8ap_fixedILi20ELi10EL9ap_q_mode5EL_68 | {1 }
	Port: p_ZZN4nnet24compute_output_buffer_2dINS_5arrayI8ap_fixedILi20ELi10EL9ap_q_mode5EL_67 | {1 }
	Port: p_ZZN4nnet24compute_output_buffer_2dINS_5arrayI8ap_fixedILi20ELi10EL9ap_q_mode5EL_66 | {1 }
	Port: p_ZZN4nnet24compute_output_buffer_2dINS_5arrayI8ap_fixedILi20ELi10EL9ap_q_mode5EL_65 | {1 }
	Port: p_ZZN4nnet24compute_output_buffer_2dINS_5arrayI8ap_fixedILi20ELi10EL9ap_q_mode5EL_64 | {1 }
	Port: p_ZZN4nnet24compute_output_buffer_2dINS_5arrayI8ap_fixedILi20ELi10EL9ap_q_mode5EL_39 | {1 }
	Port: p_ZZN4nnet24compute_output_buffer_2dINS_5arrayI8ap_fixedILi20ELi10EL9ap_q_mode5EL_38 | {1 }
	Port: p_ZZN4nnet24compute_output_buffer_2dINS_5arrayI8ap_fixedILi20ELi10EL9ap_q_mode5EL_37 | {1 }
	Port: p_ZZN4nnet24compute_output_buffer_2dINS_5arrayI8ap_fixedILi20ELi10EL9ap_q_mode5EL_36 | {1 }
	Port: p_ZZN4nnet24compute_output_buffer_2dINS_5arrayI8ap_fixedILi20ELi10EL9ap_q_mode5EL_35 | {1 }
	Port: p_ZZN4nnet24compute_output_buffer_2dINS_5arrayI8ap_fixedILi20ELi10EL9ap_q_mode5EL_34 | {1 }
	Port: p_ZZN4nnet24compute_output_buffer_2dINS_5arrayI8ap_fixedILi20ELi10EL9ap_q_mode5EL_33 | {1 }
	Port: p_ZZN4nnet24compute_output_buffer_2dINS_5arrayI8ap_fixedILi20ELi10EL9ap_q_mode5EL_32 | {1 }
	Port: p_ZZN4nnet24compute_output_buffer_2dINS_5arrayI8ap_fixedILi20ELi10EL9ap_q_mode5EL_31 | {1 }
	Port: p_ZZN4nnet24compute_output_buffer_2dINS_5arrayI8ap_fixedILi20ELi10EL9ap_q_mode5EL_30 | {1 }
	Port: p_ZZN4nnet24compute_output_buffer_2dINS_5arrayI8ap_fixedILi20ELi10EL9ap_q_mode5EL_29 | {1 }
	Port: p_ZZN4nnet24compute_output_buffer_2dINS_5arrayI8ap_fixedILi20ELi10EL9ap_q_mode5EL_28 | {1 }
	Port: p_ZZN4nnet24compute_output_buffer_2dINS_5arrayI8ap_fixedILi20ELi10EL9ap_q_mode5EL_3 | {1 }
	Port: p_ZZN4nnet24compute_output_buffer_2dINS_5arrayI8ap_fixedILi20ELi10EL9ap_q_mode5EL_2 | {1 }
	Port: p_ZZN4nnet24compute_output_buffer_2dINS_5arrayI8ap_fixedILi20ELi10EL9ap_q_mode5EL_1 | {1 }
	Port: p_ZZN4nnet24compute_output_buffer_2dINS_5arrayI8ap_fixedILi20ELi10EL9ap_q_mode5EL | {1 }
	Port: p_ZZN4nnet24compute_output_buffer_2dINS_5arrayI8ap_fixedILi20ELi10EL9ap_q_mode5EL_96 | {1 }
	Port: p_ZZN4nnet24compute_output_buffer_2dINS_5arrayI8ap_fixedILi20ELi10EL9ap_q_mode5EL_95 | {1 }
	Port: p_ZZN4nnet24compute_output_buffer_2dINS_5arrayI8ap_fixedILi20ELi10EL9ap_q_mode5EL_94 | {1 }
	Port: p_ZZN4nnet24compute_output_buffer_2dINS_5arrayI8ap_fixedILi20ELi10EL9ap_q_mode5EL_93 | {1 }
	Port: p_ZZN4nnet24compute_output_buffer_2dINS_5arrayI8ap_fixedILi20ELi10EL9ap_q_mode5EL_92 | {1 }
	Port: p_ZZN4nnet24compute_output_buffer_2dINS_5arrayI8ap_fixedILi20ELi10EL9ap_q_mode5EL_91 | {1 }
	Port: p_ZZN4nnet24compute_output_buffer_2dINS_5arrayI8ap_fixedILi20ELi10EL9ap_q_mode5EL_90 | {1 }
	Port: p_ZZN4nnet24compute_output_buffer_2dINS_5arrayI8ap_fixedILi20ELi10EL9ap_q_mode5EL_89 | {1 }
	Port: p_ZZN4nnet26conv_2d_buffer_resource_clINS_5arrayI8ap_fixedILi20ELi10EL9ap_q_mode5_23 | {1 }
	Port: p_ZZN4nnet26conv_2d_buffer_resource_clINS_5arrayI8ap_fixedILi20ELi10EL9ap_q_mode5_11 | {1 }
	Port: p_ZZN4nnet26conv_2d_buffer_resource_clINS_5arrayI8ap_fixedILi20ELi10EL9ap_q_mode5_22 | {1 }
	Port: p_ZZN4nnet26conv_2d_buffer_resource_clINS_5arrayI8ap_fixedILi20ELi10EL9ap_q_mode5_10 | {1 }
	Port: p_ZZN4nnet26conv_2d_buffer_resource_clINS_5arrayI8ap_fixedILi20ELi10EL9ap_q_mode5_19 | {1 }
	Port: p_ZZN4nnet26conv_2d_buffer_resource_clINS_5arrayI8ap_fixedILi20ELi10EL9ap_q_mode5_7 | {1 }
	Port: p_ZZN4nnet26conv_2d_buffer_resource_clINS_5arrayI8ap_fixedILi20ELi10EL9ap_q_mode5_18 | {1 }
	Port: p_ZZN4nnet26conv_2d_buffer_resource_clINS_5arrayI8ap_fixedILi20ELi10EL9ap_q_mode5_6 | {1 }
	Port: p_ZZN4nnet26conv_2d_buffer_resource_clINS_5arrayI8ap_fixedILi20ELi10EL9ap_q_mode5_17 | {1 }
	Port: p_ZZN4nnet26conv_2d_buffer_resource_clINS_5arrayI8ap_fixedILi20ELi10EL9ap_q_mode5_5 | {1 }
	Port: p_ZZN4nnet26conv_2d_buffer_resource_clINS_5arrayI8ap_fixedILi20ELi10EL9ap_q_mode5_16 | {1 }
	Port: p_ZZN4nnet26conv_2d_buffer_resource_clINS_5arrayI8ap_fixedILi20ELi10EL9ap_q_mode5_4 | {1 }
	Port: p_ZZN4nnet26conv_2d_buffer_resource_clINS_5arrayI8ap_fixedILi20ELi10EL9ap_q_mode5_15 | {1 }
	Port: p_ZZN4nnet26conv_2d_buffer_resource_clINS_5arrayI8ap_fixedILi20ELi10EL9ap_q_mode5_3 | {1 }
	Port: p_ZZN4nnet26conv_2d_buffer_resource_clINS_5arrayI8ap_fixedILi20ELi10EL9ap_q_mode5_14 | {1 }
	Port: p_ZZN4nnet26conv_2d_buffer_resource_clINS_5arrayI8ap_fixedILi20ELi10EL9ap_q_mode5_2 | {1 }
	Port: p_ZZN4nnet26conv_2d_buffer_resource_clINS_5arrayI8ap_fixedILi20ELi10EL9ap_q_mode5_13 | {1 }
	Port: p_ZZN4nnet26conv_2d_buffer_resource_clINS_5arrayI8ap_fixedILi20ELi10EL9ap_q_mode5_1 | {1 }
	Port: p_ZZN4nnet26conv_2d_buffer_resource_clINS_5arrayI8ap_fixedILi20ELi10EL9ap_q_mode5_12 | {1 }
	Port: p_ZZN4nnet26conv_2d_buffer_resource_clINS_5arrayI8ap_fixedILi20ELi10EL9ap_q_mode5 | {1 }
	Port: p_ZZN4nnet26conv_2d_buffer_resource_clINS_5arrayI8ap_fixedILi20ELi10EL9ap_q_mode5_21 | {1 }
	Port: p_ZZN4nnet26conv_2d_buffer_resource_clINS_5arrayI8ap_fixedILi20ELi10EL9ap_q_mode5_9 | {1 }
	Port: p_ZZN4nnet26conv_2d_buffer_resource_clINS_5arrayI8ap_fixedILi20ELi10EL9ap_q_mode5_20 | {1 }
	Port: p_ZZN4nnet26conv_2d_buffer_resource_clINS_5arrayI8ap_fixedILi20ELi10EL9ap_q_mode5_8 | {1 }
 - Input state : 
	Port: shift_line_buffer<array<ap_fixed<20, 10, 5, 3, 0>, 12u>, config6> : p_read | {1 }
	Port: shift_line_buffer<array<ap_fixed<20, 10, 5, 3, 0>, 12u>, config6> : p_read1 | {1 }
	Port: shift_line_buffer<array<ap_fixed<20, 10, 5, 3, 0>, 12u>, config6> : p_read2 | {1 }
	Port: shift_line_buffer<array<ap_fixed<20, 10, 5, 3, 0>, 12u>, config6> : p_read3 | {1 }
	Port: shift_line_buffer<array<ap_fixed<20, 10, 5, 3, 0>, 12u>, config6> : p_read4 | {1 }
	Port: shift_line_buffer<array<ap_fixed<20, 10, 5, 3, 0>, 12u>, config6> : p_read5 | {1 }
	Port: shift_line_buffer<array<ap_fixed<20, 10, 5, 3, 0>, 12u>, config6> : p_read6 | {1 }
	Port: shift_line_buffer<array<ap_fixed<20, 10, 5, 3, 0>, 12u>, config6> : p_read7 | {1 }
	Port: shift_line_buffer<array<ap_fixed<20, 10, 5, 3, 0>, 12u>, config6> : p_read8 | {1 }
	Port: shift_line_buffer<array<ap_fixed<20, 10, 5, 3, 0>, 12u>, config6> : p_read9 | {1 }
	Port: shift_line_buffer<array<ap_fixed<20, 10, 5, 3, 0>, 12u>, config6> : p_read10 | {1 }
	Port: shift_line_buffer<array<ap_fixed<20, 10, 5, 3, 0>, 12u>, config6> : p_read11 | {1 }
	Port: shift_line_buffer<array<ap_fixed<20, 10, 5, 3, 0>, 12u>, config6> : p_ZZN4nnet24compute_output_buffer_2dINS_5arrayI8ap_fixedILi20ELi10EL9ap_q_mode5EL_87 | {1 }
	Port: shift_line_buffer<array<ap_fixed<20, 10, 5, 3, 0>, 12u>, config6> : p_ZZN4nnet24compute_output_buffer_2dINS_5arrayI8ap_fixedILi20ELi10EL9ap_q_mode5EL_86 | {1 }
	Port: shift_line_buffer<array<ap_fixed<20, 10, 5, 3, 0>, 12u>, config6> : p_ZZN4nnet24compute_output_buffer_2dINS_5arrayI8ap_fixedILi20ELi10EL9ap_q_mode5EL_85 | {1 }
	Port: shift_line_buffer<array<ap_fixed<20, 10, 5, 3, 0>, 12u>, config6> : p_ZZN4nnet24compute_output_buffer_2dINS_5arrayI8ap_fixedILi20ELi10EL9ap_q_mode5EL_84 | {1 }
	Port: shift_line_buffer<array<ap_fixed<20, 10, 5, 3, 0>, 12u>, config6> : p_ZZN4nnet24compute_output_buffer_2dINS_5arrayI8ap_fixedILi20ELi10EL9ap_q_mode5EL_83 | {1 }
	Port: shift_line_buffer<array<ap_fixed<20, 10, 5, 3, 0>, 12u>, config6> : p_ZZN4nnet24compute_output_buffer_2dINS_5arrayI8ap_fixedILi20ELi10EL9ap_q_mode5EL_82 | {1 }
	Port: shift_line_buffer<array<ap_fixed<20, 10, 5, 3, 0>, 12u>, config6> : p_ZZN4nnet24compute_output_buffer_2dINS_5arrayI8ap_fixedILi20ELi10EL9ap_q_mode5EL_81 | {1 }
	Port: shift_line_buffer<array<ap_fixed<20, 10, 5, 3, 0>, 12u>, config6> : p_ZZN4nnet24compute_output_buffer_2dINS_5arrayI8ap_fixedILi20ELi10EL9ap_q_mode5EL_80 | {1 }
	Port: shift_line_buffer<array<ap_fixed<20, 10, 5, 3, 0>, 12u>, config6> : p_ZZN4nnet24compute_output_buffer_2dINS_5arrayI8ap_fixedILi20ELi10EL9ap_q_mode5EL_79 | {1 }
	Port: shift_line_buffer<array<ap_fixed<20, 10, 5, 3, 0>, 12u>, config6> : p_ZZN4nnet24compute_output_buffer_2dINS_5arrayI8ap_fixedILi20ELi10EL9ap_q_mode5EL_78 | {1 }
	Port: shift_line_buffer<array<ap_fixed<20, 10, 5, 3, 0>, 12u>, config6> : p_ZZN4nnet24compute_output_buffer_2dINS_5arrayI8ap_fixedILi20ELi10EL9ap_q_mode5EL_77 | {1 }
	Port: shift_line_buffer<array<ap_fixed<20, 10, 5, 3, 0>, 12u>, config6> : p_ZZN4nnet24compute_output_buffer_2dINS_5arrayI8ap_fixedILi20ELi10EL9ap_q_mode5EL_76 | {1 }
	Port: shift_line_buffer<array<ap_fixed<20, 10, 5, 3, 0>, 12u>, config6> : p_ZZN4nnet24compute_output_buffer_2dINS_5arrayI8ap_fixedILi20ELi10EL9ap_q_mode5EL_51 | {1 }
	Port: shift_line_buffer<array<ap_fixed<20, 10, 5, 3, 0>, 12u>, config6> : p_ZZN4nnet24compute_output_buffer_2dINS_5arrayI8ap_fixedILi20ELi10EL9ap_q_mode5EL_50 | {1 }
	Port: shift_line_buffer<array<ap_fixed<20, 10, 5, 3, 0>, 12u>, config6> : p_ZZN4nnet24compute_output_buffer_2dINS_5arrayI8ap_fixedILi20ELi10EL9ap_q_mode5EL_49 | {1 }
	Port: shift_line_buffer<array<ap_fixed<20, 10, 5, 3, 0>, 12u>, config6> : p_ZZN4nnet24compute_output_buffer_2dINS_5arrayI8ap_fixedILi20ELi10EL9ap_q_mode5EL_48 | {1 }
	Port: shift_line_buffer<array<ap_fixed<20, 10, 5, 3, 0>, 12u>, config6> : p_ZZN4nnet24compute_output_buffer_2dINS_5arrayI8ap_fixedILi20ELi10EL9ap_q_mode5EL_47 | {1 }
	Port: shift_line_buffer<array<ap_fixed<20, 10, 5, 3, 0>, 12u>, config6> : p_ZZN4nnet24compute_output_buffer_2dINS_5arrayI8ap_fixedILi20ELi10EL9ap_q_mode5EL_46 | {1 }
	Port: shift_line_buffer<array<ap_fixed<20, 10, 5, 3, 0>, 12u>, config6> : p_ZZN4nnet24compute_output_buffer_2dINS_5arrayI8ap_fixedILi20ELi10EL9ap_q_mode5EL_45 | {1 }
	Port: shift_line_buffer<array<ap_fixed<20, 10, 5, 3, 0>, 12u>, config6> : p_ZZN4nnet24compute_output_buffer_2dINS_5arrayI8ap_fixedILi20ELi10EL9ap_q_mode5EL_44 | {1 }
	Port: shift_line_buffer<array<ap_fixed<20, 10, 5, 3, 0>, 12u>, config6> : p_ZZN4nnet24compute_output_buffer_2dINS_5arrayI8ap_fixedILi20ELi10EL9ap_q_mode5EL_43 | {1 }
	Port: shift_line_buffer<array<ap_fixed<20, 10, 5, 3, 0>, 12u>, config6> : p_ZZN4nnet24compute_output_buffer_2dINS_5arrayI8ap_fixedILi20ELi10EL9ap_q_mode5EL_42 | {1 }
	Port: shift_line_buffer<array<ap_fixed<20, 10, 5, 3, 0>, 12u>, config6> : p_ZZN4nnet24compute_output_buffer_2dINS_5arrayI8ap_fixedILi20ELi10EL9ap_q_mode5EL_41 | {1 }
	Port: shift_line_buffer<array<ap_fixed<20, 10, 5, 3, 0>, 12u>, config6> : p_ZZN4nnet24compute_output_buffer_2dINS_5arrayI8ap_fixedILi20ELi10EL9ap_q_mode5EL_40 | {1 }
	Port: shift_line_buffer<array<ap_fixed<20, 10, 5, 3, 0>, 12u>, config6> : p_ZZN4nnet24compute_output_buffer_2dINS_5arrayI8ap_fixedILi20ELi10EL9ap_q_mode5EL_15 | {1 }
	Port: shift_line_buffer<array<ap_fixed<20, 10, 5, 3, 0>, 12u>, config6> : p_ZZN4nnet24compute_output_buffer_2dINS_5arrayI8ap_fixedILi20ELi10EL9ap_q_mode5EL_14 | {1 }
	Port: shift_line_buffer<array<ap_fixed<20, 10, 5, 3, 0>, 12u>, config6> : p_ZZN4nnet24compute_output_buffer_2dINS_5arrayI8ap_fixedILi20ELi10EL9ap_q_mode5EL_13 | {1 }
	Port: shift_line_buffer<array<ap_fixed<20, 10, 5, 3, 0>, 12u>, config6> : p_ZZN4nnet24compute_output_buffer_2dINS_5arrayI8ap_fixedILi20ELi10EL9ap_q_mode5EL_12 | {1 }
	Port: shift_line_buffer<array<ap_fixed<20, 10, 5, 3, 0>, 12u>, config6> : p_ZZN4nnet24compute_output_buffer_2dINS_5arrayI8ap_fixedILi20ELi10EL9ap_q_mode5EL_11 | {1 }
	Port: shift_line_buffer<array<ap_fixed<20, 10, 5, 3, 0>, 12u>, config6> : p_ZZN4nnet24compute_output_buffer_2dINS_5arrayI8ap_fixedILi20ELi10EL9ap_q_mode5EL_10 | {1 }
	Port: shift_line_buffer<array<ap_fixed<20, 10, 5, 3, 0>, 12u>, config6> : p_ZZN4nnet24compute_output_buffer_2dINS_5arrayI8ap_fixedILi20ELi10EL9ap_q_mode5EL_9 | {1 }
	Port: shift_line_buffer<array<ap_fixed<20, 10, 5, 3, 0>, 12u>, config6> : p_ZZN4nnet24compute_output_buffer_2dINS_5arrayI8ap_fixedILi20ELi10EL9ap_q_mode5EL_8 | {1 }
	Port: shift_line_buffer<array<ap_fixed<20, 10, 5, 3, 0>, 12u>, config6> : p_ZZN4nnet24compute_output_buffer_2dINS_5arrayI8ap_fixedILi20ELi10EL9ap_q_mode5EL_7 | {1 }
	Port: shift_line_buffer<array<ap_fixed<20, 10, 5, 3, 0>, 12u>, config6> : p_ZZN4nnet24compute_output_buffer_2dINS_5arrayI8ap_fixedILi20ELi10EL9ap_q_mode5EL_6 | {1 }
	Port: shift_line_buffer<array<ap_fixed<20, 10, 5, 3, 0>, 12u>, config6> : p_ZZN4nnet24compute_output_buffer_2dINS_5arrayI8ap_fixedILi20ELi10EL9ap_q_mode5EL_5 | {1 }
	Port: shift_line_buffer<array<ap_fixed<20, 10, 5, 3, 0>, 12u>, config6> : p_ZZN4nnet24compute_output_buffer_2dINS_5arrayI8ap_fixedILi20ELi10EL9ap_q_mode5EL_4 | {1 }
	Port: shift_line_buffer<array<ap_fixed<20, 10, 5, 3, 0>, 12u>, config6> : p_ZZN4nnet24compute_output_buffer_2dINS_5arrayI8ap_fixedILi20ELi10EL9ap_q_mode5EL_75 | {1 }
	Port: shift_line_buffer<array<ap_fixed<20, 10, 5, 3, 0>, 12u>, config6> : p_ZZN4nnet24compute_output_buffer_2dINS_5arrayI8ap_fixedILi20ELi10EL9ap_q_mode5EL_74 | {1 }
	Port: shift_line_buffer<array<ap_fixed<20, 10, 5, 3, 0>, 12u>, config6> : p_ZZN4nnet24compute_output_buffer_2dINS_5arrayI8ap_fixedILi20ELi10EL9ap_q_mode5EL_73 | {1 }
	Port: shift_line_buffer<array<ap_fixed<20, 10, 5, 3, 0>, 12u>, config6> : p_ZZN4nnet24compute_output_buffer_2dINS_5arrayI8ap_fixedILi20ELi10EL9ap_q_mode5EL_72 | {1 }
	Port: shift_line_buffer<array<ap_fixed<20, 10, 5, 3, 0>, 12u>, config6> : p_ZZN4nnet24compute_output_buffer_2dINS_5arrayI8ap_fixedILi20ELi10EL9ap_q_mode5EL_71 | {1 }
	Port: shift_line_buffer<array<ap_fixed<20, 10, 5, 3, 0>, 12u>, config6> : p_ZZN4nnet24compute_output_buffer_2dINS_5arrayI8ap_fixedILi20ELi10EL9ap_q_mode5EL_70 | {1 }
	Port: shift_line_buffer<array<ap_fixed<20, 10, 5, 3, 0>, 12u>, config6> : p_ZZN4nnet24compute_output_buffer_2dINS_5arrayI8ap_fixedILi20ELi10EL9ap_q_mode5EL_69 | {1 }
	Port: shift_line_buffer<array<ap_fixed<20, 10, 5, 3, 0>, 12u>, config6> : p_ZZN4nnet24compute_output_buffer_2dINS_5arrayI8ap_fixedILi20ELi10EL9ap_q_mode5EL_68 | {1 }
	Port: shift_line_buffer<array<ap_fixed<20, 10, 5, 3, 0>, 12u>, config6> : p_ZZN4nnet24compute_output_buffer_2dINS_5arrayI8ap_fixedILi20ELi10EL9ap_q_mode5EL_67 | {1 }
	Port: shift_line_buffer<array<ap_fixed<20, 10, 5, 3, 0>, 12u>, config6> : p_ZZN4nnet24compute_output_buffer_2dINS_5arrayI8ap_fixedILi20ELi10EL9ap_q_mode5EL_66 | {1 }
	Port: shift_line_buffer<array<ap_fixed<20, 10, 5, 3, 0>, 12u>, config6> : p_ZZN4nnet24compute_output_buffer_2dINS_5arrayI8ap_fixedILi20ELi10EL9ap_q_mode5EL_65 | {1 }
	Port: shift_line_buffer<array<ap_fixed<20, 10, 5, 3, 0>, 12u>, config6> : p_ZZN4nnet24compute_output_buffer_2dINS_5arrayI8ap_fixedILi20ELi10EL9ap_q_mode5EL_64 | {1 }
	Port: shift_line_buffer<array<ap_fixed<20, 10, 5, 3, 0>, 12u>, config6> : p_ZZN4nnet24compute_output_buffer_2dINS_5arrayI8ap_fixedILi20ELi10EL9ap_q_mode5EL_39 | {1 }
	Port: shift_line_buffer<array<ap_fixed<20, 10, 5, 3, 0>, 12u>, config6> : p_ZZN4nnet24compute_output_buffer_2dINS_5arrayI8ap_fixedILi20ELi10EL9ap_q_mode5EL_38 | {1 }
	Port: shift_line_buffer<array<ap_fixed<20, 10, 5, 3, 0>, 12u>, config6> : p_ZZN4nnet24compute_output_buffer_2dINS_5arrayI8ap_fixedILi20ELi10EL9ap_q_mode5EL_37 | {1 }
	Port: shift_line_buffer<array<ap_fixed<20, 10, 5, 3, 0>, 12u>, config6> : p_ZZN4nnet24compute_output_buffer_2dINS_5arrayI8ap_fixedILi20ELi10EL9ap_q_mode5EL_36 | {1 }
	Port: shift_line_buffer<array<ap_fixed<20, 10, 5, 3, 0>, 12u>, config6> : p_ZZN4nnet24compute_output_buffer_2dINS_5arrayI8ap_fixedILi20ELi10EL9ap_q_mode5EL_35 | {1 }
	Port: shift_line_buffer<array<ap_fixed<20, 10, 5, 3, 0>, 12u>, config6> : p_ZZN4nnet24compute_output_buffer_2dINS_5arrayI8ap_fixedILi20ELi10EL9ap_q_mode5EL_34 | {1 }
	Port: shift_line_buffer<array<ap_fixed<20, 10, 5, 3, 0>, 12u>, config6> : p_ZZN4nnet24compute_output_buffer_2dINS_5arrayI8ap_fixedILi20ELi10EL9ap_q_mode5EL_33 | {1 }
	Port: shift_line_buffer<array<ap_fixed<20, 10, 5, 3, 0>, 12u>, config6> : p_ZZN4nnet24compute_output_buffer_2dINS_5arrayI8ap_fixedILi20ELi10EL9ap_q_mode5EL_32 | {1 }
	Port: shift_line_buffer<array<ap_fixed<20, 10, 5, 3, 0>, 12u>, config6> : p_ZZN4nnet24compute_output_buffer_2dINS_5arrayI8ap_fixedILi20ELi10EL9ap_q_mode5EL_31 | {1 }
	Port: shift_line_buffer<array<ap_fixed<20, 10, 5, 3, 0>, 12u>, config6> : p_ZZN4nnet24compute_output_buffer_2dINS_5arrayI8ap_fixedILi20ELi10EL9ap_q_mode5EL_30 | {1 }
	Port: shift_line_buffer<array<ap_fixed<20, 10, 5, 3, 0>, 12u>, config6> : p_ZZN4nnet24compute_output_buffer_2dINS_5arrayI8ap_fixedILi20ELi10EL9ap_q_mode5EL_29 | {1 }
	Port: shift_line_buffer<array<ap_fixed<20, 10, 5, 3, 0>, 12u>, config6> : p_ZZN4nnet24compute_output_buffer_2dINS_5arrayI8ap_fixedILi20ELi10EL9ap_q_mode5EL_28 | {1 }
	Port: shift_line_buffer<array<ap_fixed<20, 10, 5, 3, 0>, 12u>, config6> : p_ZZN4nnet24compute_output_buffer_2dINS_5arrayI8ap_fixedILi20ELi10EL9ap_q_mode5EL_3 | {1 }
	Port: shift_line_buffer<array<ap_fixed<20, 10, 5, 3, 0>, 12u>, config6> : p_ZZN4nnet24compute_output_buffer_2dINS_5arrayI8ap_fixedILi20ELi10EL9ap_q_mode5EL_2 | {1 }
	Port: shift_line_buffer<array<ap_fixed<20, 10, 5, 3, 0>, 12u>, config6> : p_ZZN4nnet24compute_output_buffer_2dINS_5arrayI8ap_fixedILi20ELi10EL9ap_q_mode5EL_1 | {1 }
	Port: shift_line_buffer<array<ap_fixed<20, 10, 5, 3, 0>, 12u>, config6> : p_ZZN4nnet24compute_output_buffer_2dINS_5arrayI8ap_fixedILi20ELi10EL9ap_q_mode5EL | {1 }
	Port: shift_line_buffer<array<ap_fixed<20, 10, 5, 3, 0>, 12u>, config6> : p_ZZN4nnet24compute_output_buffer_2dINS_5arrayI8ap_fixedILi20ELi10EL9ap_q_mode5EL_96 | {1 }
	Port: shift_line_buffer<array<ap_fixed<20, 10, 5, 3, 0>, 12u>, config6> : p_ZZN4nnet24compute_output_buffer_2dINS_5arrayI8ap_fixedILi20ELi10EL9ap_q_mode5EL_95 | {1 }
	Port: shift_line_buffer<array<ap_fixed<20, 10, 5, 3, 0>, 12u>, config6> : p_ZZN4nnet24compute_output_buffer_2dINS_5arrayI8ap_fixedILi20ELi10EL9ap_q_mode5EL_94 | {1 }
	Port: shift_line_buffer<array<ap_fixed<20, 10, 5, 3, 0>, 12u>, config6> : p_ZZN4nnet24compute_output_buffer_2dINS_5arrayI8ap_fixedILi20ELi10EL9ap_q_mode5EL_93 | {1 }
	Port: shift_line_buffer<array<ap_fixed<20, 10, 5, 3, 0>, 12u>, config6> : p_ZZN4nnet24compute_output_buffer_2dINS_5arrayI8ap_fixedILi20ELi10EL9ap_q_mode5EL_92 | {1 }
	Port: shift_line_buffer<array<ap_fixed<20, 10, 5, 3, 0>, 12u>, config6> : p_ZZN4nnet24compute_output_buffer_2dINS_5arrayI8ap_fixedILi20ELi10EL9ap_q_mode5EL_91 | {1 }
	Port: shift_line_buffer<array<ap_fixed<20, 10, 5, 3, 0>, 12u>, config6> : p_ZZN4nnet24compute_output_buffer_2dINS_5arrayI8ap_fixedILi20ELi10EL9ap_q_mode5EL_90 | {1 }
	Port: shift_line_buffer<array<ap_fixed<20, 10, 5, 3, 0>, 12u>, config6> : p_ZZN4nnet24compute_output_buffer_2dINS_5arrayI8ap_fixedILi20ELi10EL9ap_q_mode5EL_89 | {1 }
	Port: shift_line_buffer<array<ap_fixed<20, 10, 5, 3, 0>, 12u>, config6> : p_ZZN4nnet26conv_2d_buffer_resource_clINS_5arrayI8ap_fixedILi20ELi10EL9ap_q_mode5_23 | {1 }
	Port: shift_line_buffer<array<ap_fixed<20, 10, 5, 3, 0>, 12u>, config6> : p_ZZN4nnet26conv_2d_buffer_resource_clINS_5arrayI8ap_fixedILi20ELi10EL9ap_q_mode5_11 | {1 }
	Port: shift_line_buffer<array<ap_fixed<20, 10, 5, 3, 0>, 12u>, config6> : p_ZZN4nnet26conv_2d_buffer_resource_clINS_5arrayI8ap_fixedILi20ELi10EL9ap_q_mode5_22 | {1 }
	Port: shift_line_buffer<array<ap_fixed<20, 10, 5, 3, 0>, 12u>, config6> : p_ZZN4nnet26conv_2d_buffer_resource_clINS_5arrayI8ap_fixedILi20ELi10EL9ap_q_mode5_10 | {1 }
	Port: shift_line_buffer<array<ap_fixed<20, 10, 5, 3, 0>, 12u>, config6> : p_ZZN4nnet26conv_2d_buffer_resource_clINS_5arrayI8ap_fixedILi20ELi10EL9ap_q_mode5_19 | {1 }
	Port: shift_line_buffer<array<ap_fixed<20, 10, 5, 3, 0>, 12u>, config6> : p_ZZN4nnet26conv_2d_buffer_resource_clINS_5arrayI8ap_fixedILi20ELi10EL9ap_q_mode5_7 | {1 }
	Port: shift_line_buffer<array<ap_fixed<20, 10, 5, 3, 0>, 12u>, config6> : p_ZZN4nnet26conv_2d_buffer_resource_clINS_5arrayI8ap_fixedILi20ELi10EL9ap_q_mode5_18 | {1 }
	Port: shift_line_buffer<array<ap_fixed<20, 10, 5, 3, 0>, 12u>, config6> : p_ZZN4nnet26conv_2d_buffer_resource_clINS_5arrayI8ap_fixedILi20ELi10EL9ap_q_mode5_6 | {1 }
	Port: shift_line_buffer<array<ap_fixed<20, 10, 5, 3, 0>, 12u>, config6> : p_ZZN4nnet26conv_2d_buffer_resource_clINS_5arrayI8ap_fixedILi20ELi10EL9ap_q_mode5_17 | {1 }
	Port: shift_line_buffer<array<ap_fixed<20, 10, 5, 3, 0>, 12u>, config6> : p_ZZN4nnet26conv_2d_buffer_resource_clINS_5arrayI8ap_fixedILi20ELi10EL9ap_q_mode5_5 | {1 }
	Port: shift_line_buffer<array<ap_fixed<20, 10, 5, 3, 0>, 12u>, config6> : p_ZZN4nnet26conv_2d_buffer_resource_clINS_5arrayI8ap_fixedILi20ELi10EL9ap_q_mode5_16 | {1 }
	Port: shift_line_buffer<array<ap_fixed<20, 10, 5, 3, 0>, 12u>, config6> : p_ZZN4nnet26conv_2d_buffer_resource_clINS_5arrayI8ap_fixedILi20ELi10EL9ap_q_mode5_4 | {1 }
	Port: shift_line_buffer<array<ap_fixed<20, 10, 5, 3, 0>, 12u>, config6> : p_ZZN4nnet26conv_2d_buffer_resource_clINS_5arrayI8ap_fixedILi20ELi10EL9ap_q_mode5_15 | {1 }
	Port: shift_line_buffer<array<ap_fixed<20, 10, 5, 3, 0>, 12u>, config6> : p_ZZN4nnet26conv_2d_buffer_resource_clINS_5arrayI8ap_fixedILi20ELi10EL9ap_q_mode5_3 | {1 }
	Port: shift_line_buffer<array<ap_fixed<20, 10, 5, 3, 0>, 12u>, config6> : p_ZZN4nnet26conv_2d_buffer_resource_clINS_5arrayI8ap_fixedILi20ELi10EL9ap_q_mode5_14 | {1 }
	Port: shift_line_buffer<array<ap_fixed<20, 10, 5, 3, 0>, 12u>, config6> : p_ZZN4nnet26conv_2d_buffer_resource_clINS_5arrayI8ap_fixedILi20ELi10EL9ap_q_mode5_2 | {1 }
	Port: shift_line_buffer<array<ap_fixed<20, 10, 5, 3, 0>, 12u>, config6> : p_ZZN4nnet26conv_2d_buffer_resource_clINS_5arrayI8ap_fixedILi20ELi10EL9ap_q_mode5_13 | {1 }
	Port: shift_line_buffer<array<ap_fixed<20, 10, 5, 3, 0>, 12u>, config6> : p_ZZN4nnet26conv_2d_buffer_resource_clINS_5arrayI8ap_fixedILi20ELi10EL9ap_q_mode5_1 | {1 }
	Port: shift_line_buffer<array<ap_fixed<20, 10, 5, 3, 0>, 12u>, config6> : p_ZZN4nnet26conv_2d_buffer_resource_clINS_5arrayI8ap_fixedILi20ELi10EL9ap_q_mode5_12 | {1 }
	Port: shift_line_buffer<array<ap_fixed<20, 10, 5, 3, 0>, 12u>, config6> : p_ZZN4nnet26conv_2d_buffer_resource_clINS_5arrayI8ap_fixedILi20ELi10EL9ap_q_mode5 | {1 }
	Port: shift_line_buffer<array<ap_fixed<20, 10, 5, 3, 0>, 12u>, config6> : p_ZZN4nnet26conv_2d_buffer_resource_clINS_5arrayI8ap_fixedILi20ELi10EL9ap_q_mode5_21 | {1 }
	Port: shift_line_buffer<array<ap_fixed<20, 10, 5, 3, 0>, 12u>, config6> : p_ZZN4nnet26conv_2d_buffer_resource_clINS_5arrayI8ap_fixedILi20ELi10EL9ap_q_mode5_9 | {1 }
	Port: shift_line_buffer<array<ap_fixed<20, 10, 5, 3, 0>, 12u>, config6> : p_ZZN4nnet26conv_2d_buffer_resource_clINS_5arrayI8ap_fixedILi20ELi10EL9ap_q_mode5_20 | {1 }
	Port: shift_line_buffer<array<ap_fixed<20, 10, 5, 3, 0>, 12u>, config6> : p_ZZN4nnet26conv_2d_buffer_resource_clINS_5arrayI8ap_fixedILi20ELi10EL9ap_q_mode5_8 | {1 }
  - Chain level:
	State 1
		p_17_i : 1
		p_19_i : 1
		p_21_i : 1
		p_23_i : 1
		p_25_i : 1
		p_27_i : 1
		p_29_i : 1
		p_31_i : 1
		p_33_i : 1
		p_35_i : 1
		p_37_i : 1
		p_0_i : 1
		store_ln196 : 1
		store_ln196 : 1
		store_ln196 : 1
		store_ln196 : 1
		store_ln196 : 1
		store_ln196 : 1
		store_ln196 : 1
		store_ln196 : 1
		store_ln196 : 1
		store_ln196 : 1
		store_ln196 : 1
		store_ln196 : 1
		store_ln196 : 1
		store_ln196 : 1
		store_ln196 : 1
		store_ln196 : 1
		store_ln196 : 1
		store_ln196 : 1
		store_ln196 : 1
		store_ln196 : 1
		store_ln196 : 1
		store_ln196 : 1
		store_ln196 : 1
		store_ln196 : 1
		store_ln196 : 1
		store_ln196 : 1
		store_ln196 : 1
		store_ln196 : 1
		store_ln196 : 1
		store_ln196 : 1
		store_ln196 : 1
		store_ln196 : 1
		store_ln196 : 1
		store_ln196 : 1
		store_ln196 : 1
		store_ln196 : 1
		store_ln196 : 1
		store_ln196 : 1
		store_ln196 : 1
		store_ln196 : 1
		store_ln196 : 1
		store_ln196 : 1
		store_ln196 : 1
		store_ln196 : 1
		store_ln196 : 1
		store_ln196 : 1
		store_ln196 : 1
		store_ln196 : 1
		store_ln196 : 1
		store_ln196 : 1
		store_ln196 : 1
		store_ln196 : 1
		store_ln196 : 1
		store_ln196 : 1
		store_ln196 : 1
		store_ln196 : 1
		store_ln196 : 1
		store_ln196 : 1
		store_ln196 : 1
		store_ln196 : 1
		store_ln196 : 1
		store_ln196 : 1
		store_ln196 : 1
		store_ln196 : 1
		store_ln196 : 1
		store_ln196 : 1
		store_ln196 : 1
		store_ln196 : 1
		store_ln196 : 1
		store_ln196 : 1
		store_ln196 : 1
		store_ln196 : 1
		store_ln209 : 2
		store_ln209 : 2
		store_ln209 : 2
		store_ln209 : 2
		store_ln209 : 2
		store_ln209 : 2
		store_ln209 : 2
		store_ln209 : 2
		store_ln209 : 2
		store_ln209 : 2
		store_ln209 : 2
		store_ln209 : 2
		store_ln209 : 1
		store_ln209 : 1
		store_ln209 : 1
		store_ln209 : 1
		store_ln209 : 1
		store_ln209 : 1
		store_ln209 : 1
		store_ln209 : 1
		store_ln209 : 1
		store_ln209 : 1
		store_ln209 : 1
		store_ln209 : 1


============================================================
+ Verbose Summary: Datapath Resource usage 
============================================================

* Functional unit list:
|----------|-----------------------|
| Operation|    Functional Unit    |
|----------|-----------------------|
|          | p_read_19_read_fu_350 |
|          | p_read_20_read_fu_356 |
|          | p_read_21_read_fu_362 |
|          | p_read_22_read_fu_368 |
|          | p_read_23_read_fu_374 |
|   read   | p_read_24_read_fu_380 |
|          | p_read_25_read_fu_386 |
|          | p_read_26_read_fu_392 |
|          | p_read_27_read_fu_398 |
|          | p_read_28_read_fu_404 |
|          | p_read_29_read_fu_410 |
|          | p_read_30_read_fu_416 |
|----------|-----------------------|
|          |       p_i_fu_422      |
|          |     p_17_i_fu_432     |
|          |     p_18_i_fu_442     |
|          |     p_19_i_fu_452     |
|          |     p_20_i_fu_462     |
|          |     p_21_i_fu_472     |
|          |     p_22_i_fu_482     |
|          |     p_23_i_fu_492     |
|          |     p_24_i_fu_502     |
|          |     p_25_i_fu_512     |
|          |     p_26_i_fu_522     |
|memshiftread|     p_27_i_fu_532     |
|          |     p_28_i_fu_542     |
|          |     p_29_i_fu_552     |
|          |     p_30_i_fu_562     |
|          |     p_31_i_fu_572     |
|          |     p_32_i_fu_582     |
|          |     p_33_i_fu_592     |
|          |     p_34_i_fu_602     |
|          |     p_35_i_fu_612     |
|          |     p_36_i_fu_622     |
|          |     p_37_i_fu_632     |
|          |     p_38_i_fu_642     |
|          |      p_0_i_fu_652     |
|----------|-----------------------|
|   Total  |                       |
|----------|-----------------------|

Memories:
N/A

* Register list:
N/A

* Multiplexer (MUX) list: 
|--------|------|------|------|--------|
|  Comp  |  Pin | Size |  BW  | S x BW |
|--------|------|------|------|--------|
|  Total |      |      |      |    0   |
|--------|------|------|------|--------|



* Summary:
+-----------+
|           |
+-----------+
|  Function |
|   Memory  |
|Multiplexer|
|  Register |
+-----------+
|   Total   |
+-----------+
