

================================================================
== Vitis HLS Report for 'shift_line_buffer_array_ap_fixed_20_10_5_3_0_12u_config5_s'
================================================================
* Date:           Sun Aug 30 16:00:08 2026

* Version:        2024.1 (Build 5069499 on May 21 2024)
* Project:        myproject_prj
* Solution:       solution1 (Vivado IP Flow Target)
* Product family: zynq
* Target device:  xc7z020-clg400-1


================================================================
== Performance Estimates
================================================================
+ Timing: 
    * Summary: 
    +--------+----------+----------+------------+
    |  Clock |  Target  | Estimated| Uncertainty|
    +--------+----------+----------+------------+
    |ap_clk  |  20.00 ns|  1.617 ns|     5.40 ns|
    +--------+----------+----------+------------+

+ Latency: 
    * Summary: 
    +---------+---------+----------+----------+-----+-----+---------+
    |  Latency (cycles) |  Latency (absolute) |  Interval | Pipeline|
    |   min   |   max   |    min   |    max   | min | max |   Type  |
    +---------+---------+----------+----------+-----+-----+---------+
    |        0|        0|      0 ns|      0 ns|    1|    1|      yes|
    +---------+---------+----------+----------+-----+-----+---------+

    + Detail: 
        * Instance: 
        N/A

        * Loop: 
        N/A

============================================================
+ Verbose Summary: Synthesis Manager
============================================================
InlineROM: 1
ExposeGlobal: 0
============================================================
+ Verbose Summary: CDFG Model
============================================================
IsTopModel: 0
ResetActiveHigh: 1
IsCombinational: 0
IsDatapathOnly: 0
HasWiredReturn: 1
HasMFsm: 2
HasVarLatency: 0
IsPipeline: 1
IsRtlPipelined: 0
IsInstanceOverlapped: 0
IsDontTouch: 0
HasImplIP: 0
IsGatedGlobalClock: 0

+ Individual pipeline summary: 
  * Pipeline-0: initiation interval (II) = 1, depth = 1


============================================================
+ Verbose Summary: Schedule
============================================================
* Number of FSM states : 1
* Pipeline : 1
  Pipeline-0 : II = 1, D = 1, States = { 1 }
* Dataflow Pipeline: 0

* FSM state transitions: 
1 --> 

* FSM state operations: 

State 1 <SV = 0> <Delay = 1.61>
ST_1 : Operation 2 [1/1] (0.00ns)   --->   "%specpipeline_ln232 = specpipeline void @_ssdm_op_SpecPipeline, i32 4294967295, i32 0, i32 0, i32 0, void @empty_5" [firmware/nnet_utils/nnet_conv_stream.h:232]   --->   Operation 2 'specpipeline' 'specpipeline_ln232' <Predicate = true> <Delay = 0.00>
ST_1 : Operation 3 [1/1] (0.00ns)   --->   "%p_read_31 = read i20 @_ssdm_op_Read.ap_auto.i20, i20 %p_read11" [firmware/nnet_utils/nnet_conv_stream.h:241]   --->   Operation 3 'read' 'p_read_31' <Predicate = true> <Delay = 0.00>
ST_1 : Operation 4 [1/1] (0.00ns)   --->   "%p_read_32 = read i20 @_ssdm_op_Read.ap_auto.i20, i20 %p_read10" [firmware/nnet_utils/nnet_conv_stream.h:241]   --->   Operation 4 'read' 'p_read_32' <Predicate = true> <Delay = 0.00>
ST_1 : Operation 5 [1/1] (0.00ns)   --->   "%p_read_33 = read i20 @_ssdm_op_Read.ap_auto.i20, i20 %p_read9" [firmware/nnet_utils/nnet_conv_stream.h:241]   --->   Operation 5 'read' 'p_read_33' <Predicate = true> <Delay = 0.00>
ST_1 : Operation 6 [1/1] (0.00ns)   --->   "%p_read_34 = read i20 @_ssdm_op_Read.ap_auto.i20, i20 %p_read8" [firmware/nnet_utils/nnet_conv_stream.h:241]   --->   Operation 6 'read' 'p_read_34' <Predicate = true> <Delay = 0.00>
ST_1 : Operation 7 [1/1] (0.00ns)   --->   "%p_read_35 = read i20 @_ssdm_op_Read.ap_auto.i20, i20 %p_read7" [firmware/nnet_utils/nnet_conv_stream.h:241]   --->   Operation 7 'read' 'p_read_35' <Predicate = true> <Delay = 0.00>
ST_1 : Operation 8 [1/1] (0.00ns)   --->   "%p_read_36 = read i20 @_ssdm_op_Read.ap_auto.i20, i20 %p_read6" [firmware/nnet_utils/nnet_conv_stream.h:241]   --->   Operation 8 'read' 'p_read_36' <Predicate = true> <Delay = 0.00>
ST_1 : Operation 9 [1/1] (0.00ns)   --->   "%p_read_37 = read i20 @_ssdm_op_Read.ap_auto.i20, i20 %p_read5" [firmware/nnet_utils/nnet_conv_stream.h:241]   --->   Operation 9 'read' 'p_read_37' <Predicate = true> <Delay = 0.00>
ST_1 : Operation 10 [1/1] (0.00ns)   --->   "%p_read_38 = read i20 @_ssdm_op_Read.ap_auto.i20, i20 %p_read4" [firmware/nnet_utils/nnet_conv_stream.h:241]   --->   Operation 10 'read' 'p_read_38' <Predicate = true> <Delay = 0.00>
ST_1 : Operation 11 [1/1] (0.00ns)   --->   "%p_read_39 = read i20 @_ssdm_op_Read.ap_auto.i20, i20 %p_read3" [firmware/nnet_utils/nnet_conv_stream.h:241]   --->   Operation 11 'read' 'p_read_39' <Predicate = true> <Delay = 0.00>
ST_1 : Operation 12 [1/1] (0.00ns)   --->   "%p_read_40 = read i20 @_ssdm_op_Read.ap_auto.i20, i20 %p_read2" [firmware/nnet_utils/nnet_conv_stream.h:241]   --->   Operation 12 'read' 'p_read_40' <Predicate = true> <Delay = 0.00>
ST_1 : Operation 13 [1/1] (0.00ns)   --->   "%p_read_41 = read i20 @_ssdm_op_Read.ap_auto.i20, i20 %p_read1" [firmware/nnet_utils/nnet_conv_stream.h:241]   --->   Operation 13 'read' 'p_read_41' <Predicate = true> <Delay = 0.00>
ST_1 : Operation 14 [1/1] (0.00ns)   --->   "%p_read_42 = read i20 @_ssdm_op_Read.ap_auto.i20, i20 %p_read" [firmware/nnet_utils/nnet_conv_stream.h:241]   --->   Operation 14 'read' 'p_read_42' <Predicate = true> <Delay = 0.00>
ST_1 : Operation 15 [1/1] (1.61ns)   --->   "%p_023_i = memshiftread i20 @_ssdm_op_MemShiftRead.[51 x i20]P0A, i20 50, i20 %p_read_42, i1 1" [firmware/nnet_utils/nnet_conv_stream.h:241]   --->   Operation 15 'memshiftread' 'p_023_i' <Predicate = true> <Delay = 1.61> <CoreInst = "ShiftReg">   --->   Core 76 'ShiftReg' <Latency = 0> <II = 1> <Delay = 1.61> <Storage> <Opcode : 'load' 'memshiftread'> <Ports = 1> <Width = 20> <Depth = 51> <ShiftMem>
ST_1 : Operation 16 [1/1] (1.61ns)   --->   "%p_024_i = memshiftread i20 @_ssdm_op_MemShiftRead.[51 x i20]P0A, i20 50, i20 %p_read_41, i1 1" [firmware/nnet_utils/nnet_conv_stream.h:241]   --->   Operation 16 'memshiftread' 'p_024_i' <Predicate = true> <Delay = 1.61> <CoreInst = "ShiftReg">   --->   Core 76 'ShiftReg' <Latency = 0> <II = 1> <Delay = 1.61> <Storage> <Opcode : 'load' 'memshiftread'> <Ports = 1> <Width = 20> <Depth = 51> <ShiftMem>
ST_1 : Operation 17 [1/1] (1.61ns)   --->   "%p_025_i = memshiftread i20 @_ssdm_op_MemShiftRead.[51 x i20]P0A, i20 50, i20 %p_read_40, i1 1" [firmware/nnet_utils/nnet_conv_stream.h:241]   --->   Operation 17 'memshiftread' 'p_025_i' <Predicate = true> <Delay = 1.61> <CoreInst = "ShiftReg">   --->   Core 76 'ShiftReg' <Latency = 0> <II = 1> <Delay = 1.61> <Storage> <Opcode : 'load' 'memshiftread'> <Ports = 1> <Width = 20> <Depth = 51> <ShiftMem>
ST_1 : Operation 18 [1/1] (1.61ns)   --->   "%p_026_i = memshiftread i20 @_ssdm_op_MemShiftRead.[51 x i20]P0A, i20 50, i20 %p_read_39, i1 1" [firmware/nnet_utils/nnet_conv_stream.h:241]   --->   Operation 18 'memshiftread' 'p_026_i' <Predicate = true> <Delay = 1.61> <CoreInst = "ShiftReg">   --->   Core 76 'ShiftReg' <Latency = 0> <II = 1> <Delay = 1.61> <Storage> <Opcode : 'load' 'memshiftread'> <Ports = 1> <Width = 20> <Depth = 51> <ShiftMem>
ST_1 : Operation 19 [1/1] (1.61ns)   --->   "%p_027_i = memshiftread i20 @_ssdm_op_MemShiftRead.[51 x i20]P0A, i20 50, i20 %p_read_38, i1 1" [firmware/nnet_utils/nnet_conv_stream.h:241]   --->   Operation 19 'memshiftread' 'p_027_i' <Predicate = true> <Delay = 1.61> <CoreInst = "ShiftReg">   --->   Core 76 'ShiftReg' <Latency = 0> <II = 1> <Delay = 1.61> <Storage> <Opcode : 'load' 'memshiftread'> <Ports = 1> <Width = 20> <Depth = 51> <ShiftMem>
ST_1 : Operation 20 [1/1] (1.61ns)   --->   "%p_028_i = memshiftread i20 @_ssdm_op_MemShiftRead.[51 x i20]P0A, i20 50, i20 %p_read_37, i1 1" [firmware/nnet_utils/nnet_conv_stream.h:241]   --->   Operation 20 'memshiftread' 'p_028_i' <Predicate = true> <Delay = 1.61> <CoreInst = "ShiftReg">   --->   Core 76 'ShiftReg' <Latency = 0> <II = 1> <Delay = 1.61> <Storage> <Opcode : 'load' 'memshiftread'> <Ports = 1> <Width = 20> <Depth = 51> <ShiftMem>
ST_1 : Operation 21 [1/1] (1.61ns)   --->   "%p_029_i = memshiftread i20 @_ssdm_op_MemShiftRead.[51 x i20]P0A, i20 50, i20 %p_read_36, i1 1" [firmware/nnet_utils/nnet_conv_stream.h:241]   --->   Operation 21 'memshiftread' 'p_029_i' <Predicate = true> <Delay = 1.61> <CoreInst = "ShiftReg">   --->   Core 76 'ShiftReg' <Latency = 0> <II = 1> <Delay = 1.61> <Storage> <Opcode : 'load' 'memshiftread'> <Ports = 1> <Width = 20> <Depth = 51> <ShiftMem>
ST_1 : Operation 22 [1/1] (1.61ns)   --->   "%p_030_i = memshiftread i20 @_ssdm_op_MemShiftRead.[51 x i20]P0A, i20 50, i20 %p_read_35, i1 1" [firmware/nnet_utils/nnet_conv_stream.h:241]   --->   Operation 22 'memshiftread' 'p_030_i' <Predicate = true> <Delay = 1.61> <CoreInst = "ShiftReg">   --->   Core 76 'ShiftReg' <Latency = 0> <II = 1> <Delay = 1.61> <Storage> <Opcode : 'load' 'memshiftread'> <Ports = 1> <Width = 20> <Depth = 51> <ShiftMem>
ST_1 : Operation 23 [1/1] (1.61ns)   --->   "%p_031_i = memshiftread i20 @_ssdm_op_MemShiftRead.[51 x i20]P0A, i20 50, i20 %p_read_34, i1 1" [firmware/nnet_utils/nnet_conv_stream.h:241]   --->   Operation 23 'memshiftread' 'p_031_i' <Predicate = true> <Delay = 1.61> <CoreInst = "ShiftReg">   --->   Core 76 'ShiftReg' <Latency = 0> <II = 1> <Delay = 1.61> <Storage> <Opcode : 'load' 'memshiftread'> <Ports = 1> <Width = 20> <Depth = 51> <ShiftMem>
ST_1 : Operation 24 [1/1] (1.61ns)   --->   "%p_032_i = memshiftread i20 @_ssdm_op_MemShiftRead.[51 x i20]P0A, i20 50, i20 %p_read_33, i1 1" [firmware/nnet_utils/nnet_conv_stream.h:241]   --->   Operation 24 'memshiftread' 'p_032_i' <Predicate = true> <Delay = 1.61> <CoreInst = "ShiftReg">   --->   Core 76 'ShiftReg' <Latency = 0> <II = 1> <Delay = 1.61> <Storage> <Opcode : 'load' 'memshiftread'> <Ports = 1> <Width = 20> <Depth = 51> <ShiftMem>
ST_1 : Operation 25 [1/1] (1.61ns)   --->   "%p_033_i = memshiftread i20 @_ssdm_op_MemShiftRead.[51 x i20]P0A, i20 50, i20 %p_read_32, i1 1" [firmware/nnet_utils/nnet_conv_stream.h:241]   --->   Operation 25 'memshiftread' 'p_033_i' <Predicate = true> <Delay = 1.61> <CoreInst = "ShiftReg">   --->   Core 76 'ShiftReg' <Latency = 0> <II = 1> <Delay = 1.61> <Storage> <Opcode : 'load' 'memshiftread'> <Ports = 1> <Width = 20> <Depth = 51> <ShiftMem>
ST_1 : Operation 26 [1/1] (1.61ns)   --->   "%p_0_i = memshiftread i20 @_ssdm_op_MemShiftRead.[51 x i20]P0A, i20 50, i20 %p_read_31, i1 1" [firmware/nnet_utils/nnet_conv_stream.h:241]   --->   Operation 26 'memshiftread' 'p_0_i' <Predicate = true> <Delay = 1.61> <CoreInst = "ShiftReg">   --->   Core 76 'ShiftReg' <Latency = 0> <II = 1> <Delay = 1.61> <Storage> <Opcode : 'load' 'memshiftread'> <Ports = 1> <Width = 20> <Depth = 51> <ShiftMem>
ST_1 : Operation 27 [1/1] (0.00ns)   --->   "%p_ZZN4nnet22compute_pool_buffer_2dINS_5arrayI8ap_fixedILi20ELi10EL9ap_q_mode5EL9a_459 = load i20 %p_ZZN4nnet22compute_pool_buffer_2dINS_5arrayI8ap_fixedILi20ELi10EL9ap_q_mode5EL9a_209" [firmware/nnet_utils/nnet_conv_stream.h:196->firmware/nnet_utils/nnet_conv_stream.h:247]   --->   Operation 27 'load' 'p_ZZN4nnet22compute_pool_buffer_2dINS_5arrayI8ap_fixedILi20ELi10EL9ap_q_mode5EL9a_459' <Predicate = true> <Delay = 0.00>
ST_1 : Operation 28 [1/1] (0.00ns)   --->   "%store_ln196 = store i20 %p_ZZN4nnet22compute_pool_buffer_2dINS_5arrayI8ap_fixedILi20ELi10EL9ap_q_mode5EL9a_459, i20 %void_compute_pool_buffer_2d_array_const_ap_shift_reg_n_filt_stream_kernel_19" [firmware/nnet_utils/nnet_conv_stream.h:196->firmware/nnet_utils/nnet_conv_stream.h:247]   --->   Operation 28 'store' 'store_ln196' <Predicate = true> <Delay = 0.00>
ST_1 : Operation 29 [1/1] (0.00ns)   --->   "%p_ZZN4nnet22compute_pool_buffer_2dINS_5arrayI8ap_fixedILi20ELi10EL9ap_q_mode5EL9a_460 = load i20 %p_ZZN4nnet22compute_pool_buffer_2dINS_5arrayI8ap_fixedILi20ELi10EL9ap_q_mode5EL9a_210" [firmware/nnet_utils/nnet_conv_stream.h:196->firmware/nnet_utils/nnet_conv_stream.h:247]   --->   Operation 29 'load' 'p_ZZN4nnet22compute_pool_buffer_2dINS_5arrayI8ap_fixedILi20ELi10EL9ap_q_mode5EL9a_460' <Predicate = true> <Delay = 0.00>
ST_1 : Operation 30 [1/1] (0.00ns)   --->   "%store_ln196 = store i20 %p_ZZN4nnet22compute_pool_buffer_2dINS_5arrayI8ap_fixedILi20ELi10EL9ap_q_mode5EL9a_460, i20 %void_compute_pool_buffer_2d_array_const_ap_shift_reg_n_filt_stream_kernel_18" [firmware/nnet_utils/nnet_conv_stream.h:196->firmware/nnet_utils/nnet_conv_stream.h:247]   --->   Operation 30 'store' 'store_ln196' <Predicate = true> <Delay = 0.00>
ST_1 : Operation 31 [1/1] (0.00ns)   --->   "%p_ZZN4nnet22compute_pool_buffer_2dINS_5arrayI8ap_fixedILi20ELi10EL9ap_q_mode5EL9a_461 = load i20 %p_ZZN4nnet22compute_pool_buffer_2dINS_5arrayI8ap_fixedILi20ELi10EL9ap_q_mode5EL9a_211" [firmware/nnet_utils/nnet_conv_stream.h:196->firmware/nnet_utils/nnet_conv_stream.h:247]   --->   Operation 31 'load' 'p_ZZN4nnet22compute_pool_buffer_2dINS_5arrayI8ap_fixedILi20ELi10EL9ap_q_mode5EL9a_461' <Predicate = true> <Delay = 0.00>
ST_1 : Operation 32 [1/1] (0.00ns)   --->   "%store_ln196 = store i20 %p_ZZN4nnet22compute_pool_buffer_2dINS_5arrayI8ap_fixedILi20ELi10EL9ap_q_mode5EL9a_461, i20 %void_compute_pool_buffer_2d_array_const_ap_shift_reg_n_filt_stream_kernel_17" [firmware/nnet_utils/nnet_conv_stream.h:196->firmware/nnet_utils/nnet_conv_stream.h:247]   --->   Operation 32 'store' 'store_ln196' <Predicate = true> <Delay = 0.00>
ST_1 : Operation 33 [1/1] (0.00ns)   --->   "%p_ZZN4nnet22compute_pool_buffer_2dINS_5arrayI8ap_fixedILi20ELi10EL9ap_q_mode5EL9a_462 = load i20 %p_ZZN4nnet22compute_pool_buffer_2dINS_5arrayI8ap_fixedILi20ELi10EL9ap_q_mode5EL9a_212" [firmware/nnet_utils/nnet_conv_stream.h:196->firmware/nnet_utils/nnet_conv_stream.h:247]   --->   Operation 33 'load' 'p_ZZN4nnet22compute_pool_buffer_2dINS_5arrayI8ap_fixedILi20ELi10EL9ap_q_mode5EL9a_462' <Predicate = true> <Delay = 0.00>
ST_1 : Operation 34 [1/1] (0.00ns)   --->   "%store_ln196 = store i20 %p_ZZN4nnet22compute_pool_buffer_2dINS_5arrayI8ap_fixedILi20ELi10EL9ap_q_mode5EL9a_462, i20 %void_compute_pool_buffer_2d_array_const_ap_shift_reg_n_filt_stream_kernel_16" [firmware/nnet_utils/nnet_conv_stream.h:196->firmware/nnet_utils/nnet_conv_stream.h:247]   --->   Operation 34 'store' 'store_ln196' <Predicate = true> <Delay = 0.00>
ST_1 : Operation 35 [1/1] (0.00ns)   --->   "%p_ZZN4nnet22compute_pool_buffer_2dINS_5arrayI8ap_fixedILi20ELi10EL9ap_q_mode5EL9a_463 = load i20 %p_ZZN4nnet22compute_pool_buffer_2dINS_5arrayI8ap_fixedILi20ELi10EL9ap_q_mode5EL9a_213" [firmware/nnet_utils/nnet_conv_stream.h:196->firmware/nnet_utils/nnet_conv_stream.h:247]   --->   Operation 35 'load' 'p_ZZN4nnet22compute_pool_buffer_2dINS_5arrayI8ap_fixedILi20ELi10EL9ap_q_mode5EL9a_463' <Predicate = true> <Delay = 0.00>
ST_1 : Operation 36 [1/1] (0.00ns)   --->   "%store_ln196 = store i20 %p_ZZN4nnet22compute_pool_buffer_2dINS_5arrayI8ap_fixedILi20ELi10EL9ap_q_mode5EL9a_463, i20 %void_compute_pool_buffer_2d_array_const_ap_shift_reg_n_filt_stream_kernel_15" [firmware/nnet_utils/nnet_conv_stream.h:196->firmware/nnet_utils/nnet_conv_stream.h:247]   --->   Operation 36 'store' 'store_ln196' <Predicate = true> <Delay = 0.00>
ST_1 : Operation 37 [1/1] (0.00ns)   --->   "%p_ZZN4nnet22compute_pool_buffer_2dINS_5arrayI8ap_fixedILi20ELi10EL9ap_q_mode5EL9a_464 = load i20 %p_ZZN4nnet22compute_pool_buffer_2dINS_5arrayI8ap_fixedILi20ELi10EL9ap_q_mode5EL9a_214" [firmware/nnet_utils/nnet_conv_stream.h:196->firmware/nnet_utils/nnet_conv_stream.h:247]   --->   Operation 37 'load' 'p_ZZN4nnet22compute_pool_buffer_2dINS_5arrayI8ap_fixedILi20ELi10EL9ap_q_mode5EL9a_464' <Predicate = true> <Delay = 0.00>
ST_1 : Operation 38 [1/1] (0.00ns)   --->   "%store_ln196 = store i20 %p_ZZN4nnet22compute_pool_buffer_2dINS_5arrayI8ap_fixedILi20ELi10EL9ap_q_mode5EL9a_464, i20 %void_compute_pool_buffer_2d_array_const_ap_shift_reg_n_filt_stream_kernel_14" [firmware/nnet_utils/nnet_conv_stream.h:196->firmware/nnet_utils/nnet_conv_stream.h:247]   --->   Operation 38 'store' 'store_ln196' <Predicate = true> <Delay = 0.00>
ST_1 : Operation 39 [1/1] (0.00ns)   --->   "%p_ZZN4nnet22compute_pool_buffer_2dINS_5arrayI8ap_fixedILi20ELi10EL9ap_q_mode5EL9a_465 = load i20 %p_ZZN4nnet22compute_pool_buffer_2dINS_5arrayI8ap_fixedILi20ELi10EL9ap_q_mode5EL9a_215" [firmware/nnet_utils/nnet_conv_stream.h:196->firmware/nnet_utils/nnet_conv_stream.h:247]   --->   Operation 39 'load' 'p_ZZN4nnet22compute_pool_buffer_2dINS_5arrayI8ap_fixedILi20ELi10EL9ap_q_mode5EL9a_465' <Predicate = true> <Delay = 0.00>
ST_1 : Operation 40 [1/1] (0.00ns)   --->   "%store_ln196 = store i20 %p_ZZN4nnet22compute_pool_buffer_2dINS_5arrayI8ap_fixedILi20ELi10EL9ap_q_mode5EL9a_465, i20 %void_compute_pool_buffer_2d_array_const_ap_shift_reg_n_filt_stream_kernel_13" [firmware/nnet_utils/nnet_conv_stream.h:196->firmware/nnet_utils/nnet_conv_stream.h:247]   --->   Operation 40 'store' 'store_ln196' <Predicate = true> <Delay = 0.00>
ST_1 : Operation 41 [1/1] (0.00ns)   --->   "%p_ZZN4nnet22compute_pool_buffer_2dINS_5arrayI8ap_fixedILi20ELi10EL9ap_q_mode5EL9a_466 = load i20 %p_ZZN4nnet22compute_pool_buffer_2dINS_5arrayI8ap_fixedILi20ELi10EL9ap_q_mode5EL9a_216" [firmware/nnet_utils/nnet_conv_stream.h:196->firmware/nnet_utils/nnet_conv_stream.h:247]   --->   Operation 41 'load' 'p_ZZN4nnet22compute_pool_buffer_2dINS_5arrayI8ap_fixedILi20ELi10EL9ap_q_mode5EL9a_466' <Predicate = true> <Delay = 0.00>
ST_1 : Operation 42 [1/1] (0.00ns)   --->   "%store_ln196 = store i20 %p_ZZN4nnet22compute_pool_buffer_2dINS_5arrayI8ap_fixedILi20ELi10EL9ap_q_mode5EL9a_466, i20 %void_compute_pool_buffer_2d_array_const_ap_shift_reg_n_filt_stream_kernel_12" [firmware/nnet_utils/nnet_conv_stream.h:196->firmware/nnet_utils/nnet_conv_stream.h:247]   --->   Operation 42 'store' 'store_ln196' <Predicate = true> <Delay = 0.00>
ST_1 : Operation 43 [1/1] (0.00ns)   --->   "%p_ZZN4nnet22compute_pool_buffer_2dINS_5arrayI8ap_fixedILi20ELi10EL9ap_q_mode5EL9a_467 = load i20 %p_ZZN4nnet22compute_pool_buffer_2dINS_5arrayI8ap_fixedILi20ELi10EL9ap_q_mode5EL9a_217" [firmware/nnet_utils/nnet_conv_stream.h:196->firmware/nnet_utils/nnet_conv_stream.h:247]   --->   Operation 43 'load' 'p_ZZN4nnet22compute_pool_buffer_2dINS_5arrayI8ap_fixedILi20ELi10EL9ap_q_mode5EL9a_467' <Predicate = true> <Delay = 0.00>
ST_1 : Operation 44 [1/1] (0.00ns)   --->   "%store_ln196 = store i20 %p_ZZN4nnet22compute_pool_buffer_2dINS_5arrayI8ap_fixedILi20ELi10EL9ap_q_mode5EL9a_467, i20 %void_compute_pool_buffer_2d_array_const_ap_shift_reg_n_filt_stream_kernel_11" [firmware/nnet_utils/nnet_conv_stream.h:196->firmware/nnet_utils/nnet_conv_stream.h:247]   --->   Operation 44 'store' 'store_ln196' <Predicate = true> <Delay = 0.00>
ST_1 : Operation 45 [1/1] (0.00ns)   --->   "%p_ZZN4nnet22compute_pool_buffer_2dINS_5arrayI8ap_fixedILi20ELi10EL9ap_q_mode5EL9a_468 = load i20 %p_ZZN4nnet22compute_pool_buffer_2dINS_5arrayI8ap_fixedILi20ELi10EL9ap_q_mode5EL9a_218" [firmware/nnet_utils/nnet_conv_stream.h:196->firmware/nnet_utils/nnet_conv_stream.h:247]   --->   Operation 45 'load' 'p_ZZN4nnet22compute_pool_buffer_2dINS_5arrayI8ap_fixedILi20ELi10EL9ap_q_mode5EL9a_468' <Predicate = true> <Delay = 0.00>
ST_1 : Operation 46 [1/1] (0.00ns)   --->   "%store_ln196 = store i20 %p_ZZN4nnet22compute_pool_buffer_2dINS_5arrayI8ap_fixedILi20ELi10EL9ap_q_mode5EL9a_468, i20 %void_compute_pool_buffer_2d_array_const_ap_shift_reg_n_filt_stream_kernel_10" [firmware/nnet_utils/nnet_conv_stream.h:196->firmware/nnet_utils/nnet_conv_stream.h:247]   --->   Operation 46 'store' 'store_ln196' <Predicate = true> <Delay = 0.00>
ST_1 : Operation 47 [1/1] (0.00ns)   --->   "%p_ZZN4nnet22compute_pool_buffer_2dINS_5arrayI8ap_fixedILi20ELi10EL9ap_q_mode5EL9a_469 = load i20 %p_ZZN4nnet22compute_pool_buffer_2dINS_5arrayI8ap_fixedILi20ELi10EL9ap_q_mode5EL9a_219" [firmware/nnet_utils/nnet_conv_stream.h:196->firmware/nnet_utils/nnet_conv_stream.h:247]   --->   Operation 47 'load' 'p_ZZN4nnet22compute_pool_buffer_2dINS_5arrayI8ap_fixedILi20ELi10EL9ap_q_mode5EL9a_469' <Predicate = true> <Delay = 0.00>
ST_1 : Operation 48 [1/1] (0.00ns)   --->   "%store_ln196 = store i20 %p_ZZN4nnet22compute_pool_buffer_2dINS_5arrayI8ap_fixedILi20ELi10EL9ap_q_mode5EL9a_469, i20 %p_ZZN4nnet22compute_pool_buffer_2dINS_5arrayI8ap_fixedILi20ELi10EL9ap_q_mode5EL9a_207" [firmware/nnet_utils/nnet_conv_stream.h:196->firmware/nnet_utils/nnet_conv_stream.h:247]   --->   Operation 48 'store' 'store_ln196' <Predicate = true> <Delay = 0.00>
ST_1 : Operation 49 [1/1] (0.00ns)   --->   "%p_ZZN4nnet22compute_pool_buffer_2dINS_5arrayI8ap_fixedILi20ELi10EL9ap_q_mode5EL9a_470 = load i20 %p_ZZN4nnet22compute_pool_buffer_2dINS_5arrayI8ap_fixedILi20ELi10EL9ap_q_mode5EL9a_220" [firmware/nnet_utils/nnet_conv_stream.h:196->firmware/nnet_utils/nnet_conv_stream.h:247]   --->   Operation 49 'load' 'p_ZZN4nnet22compute_pool_buffer_2dINS_5arrayI8ap_fixedILi20ELi10EL9ap_q_mode5EL9a_470' <Predicate = true> <Delay = 0.00>
ST_1 : Operation 50 [1/1] (0.00ns)   --->   "%store_ln196 = store i20 %p_ZZN4nnet22compute_pool_buffer_2dINS_5arrayI8ap_fixedILi20ELi10EL9ap_q_mode5EL9a_470, i20 %p_ZZN4nnet22compute_pool_buffer_2dINS_5arrayI8ap_fixedILi20ELi10EL9ap_q_mode5EL9a_208" [firmware/nnet_utils/nnet_conv_stream.h:196->firmware/nnet_utils/nnet_conv_stream.h:247]   --->   Operation 50 'store' 'store_ln196' <Predicate = true> <Delay = 0.00>
ST_1 : Operation 51 [1/1] (0.00ns)   --->   "%p_ZZN4nnet22compute_pool_buffer_2dINS_5arrayI8ap_fixedILi20ELi10EL9ap_q_mode5EL9a_471 = load i20 %p_ZZN4nnet22compute_pool_buffer_2dINS_5arrayI8ap_fixedILi20ELi10EL9ap_q_mode5EL9a_233" [firmware/nnet_utils/nnet_conv_stream.h:196->firmware/nnet_utils/nnet_conv_stream.h:247]   --->   Operation 51 'load' 'p_ZZN4nnet22compute_pool_buffer_2dINS_5arrayI8ap_fixedILi20ELi10EL9ap_q_mode5EL9a_471' <Predicate = true> <Delay = 0.00>
ST_1 : Operation 52 [1/1] (0.00ns)   --->   "%store_ln196 = store i20 %p_ZZN4nnet22compute_pool_buffer_2dINS_5arrayI8ap_fixedILi20ELi10EL9ap_q_mode5EL9a_471, i20 %p_ZZN4nnet22compute_pool_buffer_2dINS_5arrayI8ap_fixedILi20ELi10EL9ap_q_mode5EL9a_221" [firmware/nnet_utils/nnet_conv_stream.h:196->firmware/nnet_utils/nnet_conv_stream.h:247]   --->   Operation 52 'store' 'store_ln196' <Predicate = true> <Delay = 0.00>
ST_1 : Operation 53 [1/1] (0.00ns)   --->   "%p_ZZN4nnet22compute_pool_buffer_2dINS_5arrayI8ap_fixedILi20ELi10EL9ap_q_mode5EL9a_472 = load i20 %p_ZZN4nnet22compute_pool_buffer_2dINS_5arrayI8ap_fixedILi20ELi10EL9ap_q_mode5EL9a_234" [firmware/nnet_utils/nnet_conv_stream.h:196->firmware/nnet_utils/nnet_conv_stream.h:247]   --->   Operation 53 'load' 'p_ZZN4nnet22compute_pool_buffer_2dINS_5arrayI8ap_fixedILi20ELi10EL9ap_q_mode5EL9a_472' <Predicate = true> <Delay = 0.00>
ST_1 : Operation 54 [1/1] (0.00ns)   --->   "%store_ln196 = store i20 %p_ZZN4nnet22compute_pool_buffer_2dINS_5arrayI8ap_fixedILi20ELi10EL9ap_q_mode5EL9a_472, i20 %p_ZZN4nnet22compute_pool_buffer_2dINS_5arrayI8ap_fixedILi20ELi10EL9ap_q_mode5EL9a_222" [firmware/nnet_utils/nnet_conv_stream.h:196->firmware/nnet_utils/nnet_conv_stream.h:247]   --->   Operation 54 'store' 'store_ln196' <Predicate = true> <Delay = 0.00>
ST_1 : Operation 55 [1/1] (0.00ns)   --->   "%p_ZZN4nnet22compute_pool_buffer_2dINS_5arrayI8ap_fixedILi20ELi10EL9ap_q_mode5EL9a_473 = load i20 %p_ZZN4nnet22compute_pool_buffer_2dINS_5arrayI8ap_fixedILi20ELi10EL9ap_q_mode5EL9a_235" [firmware/nnet_utils/nnet_conv_stream.h:196->firmware/nnet_utils/nnet_conv_stream.h:247]   --->   Operation 55 'load' 'p_ZZN4nnet22compute_pool_buffer_2dINS_5arrayI8ap_fixedILi20ELi10EL9ap_q_mode5EL9a_473' <Predicate = true> <Delay = 0.00>
ST_1 : Operation 56 [1/1] (0.00ns)   --->   "%store_ln196 = store i20 %p_ZZN4nnet22compute_pool_buffer_2dINS_5arrayI8ap_fixedILi20ELi10EL9ap_q_mode5EL9a_473, i20 %p_ZZN4nnet22compute_pool_buffer_2dINS_5arrayI8ap_fixedILi20ELi10EL9ap_q_mode5EL9a_223" [firmware/nnet_utils/nnet_conv_stream.h:196->firmware/nnet_utils/nnet_conv_stream.h:247]   --->   Operation 56 'store' 'store_ln196' <Predicate = true> <Delay = 0.00>
ST_1 : Operation 57 [1/1] (0.00ns)   --->   "%p_ZZN4nnet22compute_pool_buffer_2dINS_5arrayI8ap_fixedILi20ELi10EL9ap_q_mode5EL9a_474 = load i20 %p_ZZN4nnet22compute_pool_buffer_2dINS_5arrayI8ap_fixedILi20ELi10EL9ap_q_mode5EL9a_236" [firmware/nnet_utils/nnet_conv_stream.h:196->firmware/nnet_utils/nnet_conv_stream.h:247]   --->   Operation 57 'load' 'p_ZZN4nnet22compute_pool_buffer_2dINS_5arrayI8ap_fixedILi20ELi10EL9ap_q_mode5EL9a_474' <Predicate = true> <Delay = 0.00>
ST_1 : Operation 58 [1/1] (0.00ns)   --->   "%store_ln196 = store i20 %p_ZZN4nnet22compute_pool_buffer_2dINS_5arrayI8ap_fixedILi20ELi10EL9ap_q_mode5EL9a_474, i20 %p_ZZN4nnet22compute_pool_buffer_2dINS_5arrayI8ap_fixedILi20ELi10EL9ap_q_mode5EL9a_224" [firmware/nnet_utils/nnet_conv_stream.h:196->firmware/nnet_utils/nnet_conv_stream.h:247]   --->   Operation 58 'store' 'store_ln196' <Predicate = true> <Delay = 0.00>
ST_1 : Operation 59 [1/1] (0.00ns)   --->   "%p_ZZN4nnet22compute_pool_buffer_2dINS_5arrayI8ap_fixedILi20ELi10EL9ap_q_mode5EL9a_475 = load i20 %p_ZZN4nnet22compute_pool_buffer_2dINS_5arrayI8ap_fixedILi20ELi10EL9ap_q_mode5EL9a_237" [firmware/nnet_utils/nnet_conv_stream.h:196->firmware/nnet_utils/nnet_conv_stream.h:247]   --->   Operation 59 'load' 'p_ZZN4nnet22compute_pool_buffer_2dINS_5arrayI8ap_fixedILi20ELi10EL9ap_q_mode5EL9a_475' <Predicate = true> <Delay = 0.00>
ST_1 : Operation 60 [1/1] (0.00ns)   --->   "%store_ln196 = store i20 %p_ZZN4nnet22compute_pool_buffer_2dINS_5arrayI8ap_fixedILi20ELi10EL9ap_q_mode5EL9a_475, i20 %p_ZZN4nnet22compute_pool_buffer_2dINS_5arrayI8ap_fixedILi20ELi10EL9ap_q_mode5EL9a_225" [firmware/nnet_utils/nnet_conv_stream.h:196->firmware/nnet_utils/nnet_conv_stream.h:247]   --->   Operation 60 'store' 'store_ln196' <Predicate = true> <Delay = 0.00>
ST_1 : Operation 61 [1/1] (0.00ns)   --->   "%p_ZZN4nnet22compute_pool_buffer_2dINS_5arrayI8ap_fixedILi20ELi10EL9ap_q_mode5EL9a_476 = load i20 %p_ZZN4nnet22compute_pool_buffer_2dINS_5arrayI8ap_fixedILi20ELi10EL9ap_q_mode5EL9a_238" [firmware/nnet_utils/nnet_conv_stream.h:196->firmware/nnet_utils/nnet_conv_stream.h:247]   --->   Operation 61 'load' 'p_ZZN4nnet22compute_pool_buffer_2dINS_5arrayI8ap_fixedILi20ELi10EL9ap_q_mode5EL9a_476' <Predicate = true> <Delay = 0.00>
ST_1 : Operation 62 [1/1] (0.00ns)   --->   "%store_ln196 = store i20 %p_ZZN4nnet22compute_pool_buffer_2dINS_5arrayI8ap_fixedILi20ELi10EL9ap_q_mode5EL9a_476, i20 %p_ZZN4nnet22compute_pool_buffer_2dINS_5arrayI8ap_fixedILi20ELi10EL9ap_q_mode5EL9a_226" [firmware/nnet_utils/nnet_conv_stream.h:196->firmware/nnet_utils/nnet_conv_stream.h:247]   --->   Operation 62 'store' 'store_ln196' <Predicate = true> <Delay = 0.00>
ST_1 : Operation 63 [1/1] (0.00ns)   --->   "%p_ZZN4nnet22compute_pool_buffer_2dINS_5arrayI8ap_fixedILi20ELi10EL9ap_q_mode5EL9a_477 = load i20 %p_ZZN4nnet22compute_pool_buffer_2dINS_5arrayI8ap_fixedILi20ELi10EL9ap_q_mode5EL9a_239" [firmware/nnet_utils/nnet_conv_stream.h:196->firmware/nnet_utils/nnet_conv_stream.h:247]   --->   Operation 63 'load' 'p_ZZN4nnet22compute_pool_buffer_2dINS_5arrayI8ap_fixedILi20ELi10EL9ap_q_mode5EL9a_477' <Predicate = true> <Delay = 0.00>
ST_1 : Operation 64 [1/1] (0.00ns)   --->   "%store_ln196 = store i20 %p_ZZN4nnet22compute_pool_buffer_2dINS_5arrayI8ap_fixedILi20ELi10EL9ap_q_mode5EL9a_477, i20 %p_ZZN4nnet22compute_pool_buffer_2dINS_5arrayI8ap_fixedILi20ELi10EL9ap_q_mode5EL9a_227" [firmware/nnet_utils/nnet_conv_stream.h:196->firmware/nnet_utils/nnet_conv_stream.h:247]   --->   Operation 64 'store' 'store_ln196' <Predicate = true> <Delay = 0.00>
ST_1 : Operation 65 [1/1] (0.00ns)   --->   "%p_ZZN4nnet22compute_pool_buffer_2dINS_5arrayI8ap_fixedILi20ELi10EL9ap_q_mode5EL9a_478 = load i20 %p_ZZN4nnet22compute_pool_buffer_2dINS_5arrayI8ap_fixedILi20ELi10EL9ap_q_mode5EL9a_240" [firmware/nnet_utils/nnet_conv_stream.h:196->firmware/nnet_utils/nnet_conv_stream.h:247]   --->   Operation 65 'load' 'p_ZZN4nnet22compute_pool_buffer_2dINS_5arrayI8ap_fixedILi20ELi10EL9ap_q_mode5EL9a_478' <Predicate = true> <Delay = 0.00>
ST_1 : Operation 66 [1/1] (0.00ns)   --->   "%store_ln196 = store i20 %p_ZZN4nnet22compute_pool_buffer_2dINS_5arrayI8ap_fixedILi20ELi10EL9ap_q_mode5EL9a_478, i20 %p_ZZN4nnet22compute_pool_buffer_2dINS_5arrayI8ap_fixedILi20ELi10EL9ap_q_mode5EL9a_228" [firmware/nnet_utils/nnet_conv_stream.h:196->firmware/nnet_utils/nnet_conv_stream.h:247]   --->   Operation 66 'store' 'store_ln196' <Predicate = true> <Delay = 0.00>
ST_1 : Operation 67 [1/1] (0.00ns)   --->   "%p_ZZN4nnet22compute_pool_buffer_2dINS_5arrayI8ap_fixedILi20ELi10EL9ap_q_mode5EL9a_479 = load i20 %p_ZZN4nnet22compute_pool_buffer_2dINS_5arrayI8ap_fixedILi20ELi10EL9ap_q_mode5EL9a_241" [firmware/nnet_utils/nnet_conv_stream.h:196->firmware/nnet_utils/nnet_conv_stream.h:247]   --->   Operation 67 'load' 'p_ZZN4nnet22compute_pool_buffer_2dINS_5arrayI8ap_fixedILi20ELi10EL9ap_q_mode5EL9a_479' <Predicate = true> <Delay = 0.00>
ST_1 : Operation 68 [1/1] (0.00ns)   --->   "%store_ln196 = store i20 %p_ZZN4nnet22compute_pool_buffer_2dINS_5arrayI8ap_fixedILi20ELi10EL9ap_q_mode5EL9a_479, i20 %p_ZZN4nnet22compute_pool_buffer_2dINS_5arrayI8ap_fixedILi20ELi10EL9ap_q_mode5EL9a_229" [firmware/nnet_utils/nnet_conv_stream.h:196->firmware/nnet_utils/nnet_conv_stream.h:247]   --->   Operation 68 'store' 'store_ln196' <Predicate = true> <Delay = 0.00>
ST_1 : Operation 69 [1/1] (0.00ns)   --->   "%p_ZZN4nnet22compute_pool_buffer_2dINS_5arrayI8ap_fixedILi20ELi10EL9ap_q_mode5EL9a_480 = load i20 %p_ZZN4nnet22compute_pool_buffer_2dINS_5arrayI8ap_fixedILi20ELi10EL9ap_q_mode5EL9a_242" [firmware/nnet_utils/nnet_conv_stream.h:196->firmware/nnet_utils/nnet_conv_stream.h:247]   --->   Operation 69 'load' 'p_ZZN4nnet22compute_pool_buffer_2dINS_5arrayI8ap_fixedILi20ELi10EL9ap_q_mode5EL9a_480' <Predicate = true> <Delay = 0.00>
ST_1 : Operation 70 [1/1] (0.00ns)   --->   "%store_ln196 = store i20 %p_ZZN4nnet22compute_pool_buffer_2dINS_5arrayI8ap_fixedILi20ELi10EL9ap_q_mode5EL9a_480, i20 %p_ZZN4nnet22compute_pool_buffer_2dINS_5arrayI8ap_fixedILi20ELi10EL9ap_q_mode5EL9a_230" [firmware/nnet_utils/nnet_conv_stream.h:196->firmware/nnet_utils/nnet_conv_stream.h:247]   --->   Operation 70 'store' 'store_ln196' <Predicate = true> <Delay = 0.00>
ST_1 : Operation 71 [1/1] (0.00ns)   --->   "%p_ZZN4nnet22compute_pool_buffer_2dINS_5arrayI8ap_fixedILi20ELi10EL9ap_q_mode5EL9a_481 = load i20 %p_ZZN4nnet22compute_pool_buffer_2dINS_5arrayI8ap_fixedILi20ELi10EL9ap_q_mode5EL9a_243" [firmware/nnet_utils/nnet_conv_stream.h:196->firmware/nnet_utils/nnet_conv_stream.h:247]   --->   Operation 71 'load' 'p_ZZN4nnet22compute_pool_buffer_2dINS_5arrayI8ap_fixedILi20ELi10EL9ap_q_mode5EL9a_481' <Predicate = true> <Delay = 0.00>
ST_1 : Operation 72 [1/1] (0.00ns)   --->   "%store_ln196 = store i20 %p_ZZN4nnet22compute_pool_buffer_2dINS_5arrayI8ap_fixedILi20ELi10EL9ap_q_mode5EL9a_481, i20 %p_ZZN4nnet22compute_pool_buffer_2dINS_5arrayI8ap_fixedILi20ELi10EL9ap_q_mode5EL9a_231" [firmware/nnet_utils/nnet_conv_stream.h:196->firmware/nnet_utils/nnet_conv_stream.h:247]   --->   Operation 72 'store' 'store_ln196' <Predicate = true> <Delay = 0.00>
ST_1 : Operation 73 [1/1] (0.00ns)   --->   "%p_ZZN4nnet22compute_pool_buffer_2dINS_5arrayI8ap_fixedILi20ELi10EL9ap_q_mode5EL9a_482 = load i20 %p_ZZN4nnet22compute_pool_buffer_2dINS_5arrayI8ap_fixedILi20ELi10EL9ap_q_mode5EL9a_244" [firmware/nnet_utils/nnet_conv_stream.h:196->firmware/nnet_utils/nnet_conv_stream.h:247]   --->   Operation 73 'load' 'p_ZZN4nnet22compute_pool_buffer_2dINS_5arrayI8ap_fixedILi20ELi10EL9ap_q_mode5EL9a_482' <Predicate = true> <Delay = 0.00>
ST_1 : Operation 74 [1/1] (0.00ns)   --->   "%store_ln196 = store i20 %p_ZZN4nnet22compute_pool_buffer_2dINS_5arrayI8ap_fixedILi20ELi10EL9ap_q_mode5EL9a_482, i20 %p_ZZN4nnet22compute_pool_buffer_2dINS_5arrayI8ap_fixedILi20ELi10EL9ap_q_mode5EL9a_232" [firmware/nnet_utils/nnet_conv_stream.h:196->firmware/nnet_utils/nnet_conv_stream.h:247]   --->   Operation 74 'store' 'store_ln196' <Predicate = true> <Delay = 0.00>
ST_1 : Operation 75 [1/1] (0.00ns)   --->   "%store_ln209 = store i20 %p_023_i, i20 %p_ZZN4nnet22compute_pool_buffer_2dINS_5arrayI8ap_fixedILi20ELi10EL9ap_q_mode5EL9a_209" [firmware/nnet_utils/nnet_conv_stream.h:209->firmware/nnet_utils/nnet_conv_stream.h:247]   --->   Operation 75 'store' 'store_ln209' <Predicate = true> <Delay = 0.00>
ST_1 : Operation 76 [1/1] (0.00ns)   --->   "%store_ln209 = store i20 %p_024_i, i20 %p_ZZN4nnet22compute_pool_buffer_2dINS_5arrayI8ap_fixedILi20ELi10EL9ap_q_mode5EL9a_210" [firmware/nnet_utils/nnet_conv_stream.h:209->firmware/nnet_utils/nnet_conv_stream.h:247]   --->   Operation 76 'store' 'store_ln209' <Predicate = true> <Delay = 0.00>
ST_1 : Operation 77 [1/1] (0.00ns)   --->   "%store_ln209 = store i20 %p_025_i, i20 %p_ZZN4nnet22compute_pool_buffer_2dINS_5arrayI8ap_fixedILi20ELi10EL9ap_q_mode5EL9a_211" [firmware/nnet_utils/nnet_conv_stream.h:209->firmware/nnet_utils/nnet_conv_stream.h:247]   --->   Operation 77 'store' 'store_ln209' <Predicate = true> <Delay = 0.00>
ST_1 : Operation 78 [1/1] (0.00ns)   --->   "%store_ln209 = store i20 %p_026_i, i20 %p_ZZN4nnet22compute_pool_buffer_2dINS_5arrayI8ap_fixedILi20ELi10EL9ap_q_mode5EL9a_212" [firmware/nnet_utils/nnet_conv_stream.h:209->firmware/nnet_utils/nnet_conv_stream.h:247]   --->   Operation 78 'store' 'store_ln209' <Predicate = true> <Delay = 0.00>
ST_1 : Operation 79 [1/1] (0.00ns)   --->   "%store_ln209 = store i20 %p_027_i, i20 %p_ZZN4nnet22compute_pool_buffer_2dINS_5arrayI8ap_fixedILi20ELi10EL9ap_q_mode5EL9a_213" [firmware/nnet_utils/nnet_conv_stream.h:209->firmware/nnet_utils/nnet_conv_stream.h:247]   --->   Operation 79 'store' 'store_ln209' <Predicate = true> <Delay = 0.00>
ST_1 : Operation 80 [1/1] (0.00ns)   --->   "%store_ln209 = store i20 %p_028_i, i20 %p_ZZN4nnet22compute_pool_buffer_2dINS_5arrayI8ap_fixedILi20ELi10EL9ap_q_mode5EL9a_214" [firmware/nnet_utils/nnet_conv_stream.h:209->firmware/nnet_utils/nnet_conv_stream.h:247]   --->   Operation 80 'store' 'store_ln209' <Predicate = true> <Delay = 0.00>
ST_1 : Operation 81 [1/1] (0.00ns)   --->   "%store_ln209 = store i20 %p_029_i, i20 %p_ZZN4nnet22compute_pool_buffer_2dINS_5arrayI8ap_fixedILi20ELi10EL9ap_q_mode5EL9a_215" [firmware/nnet_utils/nnet_conv_stream.h:209->firmware/nnet_utils/nnet_conv_stream.h:247]   --->   Operation 81 'store' 'store_ln209' <Predicate = true> <Delay = 0.00>
ST_1 : Operation 82 [1/1] (0.00ns)   --->   "%store_ln209 = store i20 %p_030_i, i20 %p_ZZN4nnet22compute_pool_buffer_2dINS_5arrayI8ap_fixedILi20ELi10EL9ap_q_mode5EL9a_216" [firmware/nnet_utils/nnet_conv_stream.h:209->firmware/nnet_utils/nnet_conv_stream.h:247]   --->   Operation 82 'store' 'store_ln209' <Predicate = true> <Delay = 0.00>
ST_1 : Operation 83 [1/1] (0.00ns)   --->   "%store_ln209 = store i20 %p_031_i, i20 %p_ZZN4nnet22compute_pool_buffer_2dINS_5arrayI8ap_fixedILi20ELi10EL9ap_q_mode5EL9a_217" [firmware/nnet_utils/nnet_conv_stream.h:209->firmware/nnet_utils/nnet_conv_stream.h:247]   --->   Operation 83 'store' 'store_ln209' <Predicate = true> <Delay = 0.00>
ST_1 : Operation 84 [1/1] (0.00ns)   --->   "%store_ln209 = store i20 %p_032_i, i20 %p_ZZN4nnet22compute_pool_buffer_2dINS_5arrayI8ap_fixedILi20ELi10EL9ap_q_mode5EL9a_218" [firmware/nnet_utils/nnet_conv_stream.h:209->firmware/nnet_utils/nnet_conv_stream.h:247]   --->   Operation 84 'store' 'store_ln209' <Predicate = true> <Delay = 0.00>
ST_1 : Operation 85 [1/1] (0.00ns)   --->   "%store_ln209 = store i20 %p_033_i, i20 %p_ZZN4nnet22compute_pool_buffer_2dINS_5arrayI8ap_fixedILi20ELi10EL9ap_q_mode5EL9a_219" [firmware/nnet_utils/nnet_conv_stream.h:209->firmware/nnet_utils/nnet_conv_stream.h:247]   --->   Operation 85 'store' 'store_ln209' <Predicate = true> <Delay = 0.00>
ST_1 : Operation 86 [1/1] (0.00ns)   --->   "%store_ln209 = store i20 %p_0_i, i20 %p_ZZN4nnet22compute_pool_buffer_2dINS_5arrayI8ap_fixedILi20ELi10EL9ap_q_mode5EL9a_220" [firmware/nnet_utils/nnet_conv_stream.h:209->firmware/nnet_utils/nnet_conv_stream.h:247]   --->   Operation 86 'store' 'store_ln209' <Predicate = true> <Delay = 0.00>
ST_1 : Operation 87 [1/1] (0.00ns)   --->   "%store_ln209 = store i20 %p_read_42, i20 %p_ZZN4nnet22compute_pool_buffer_2dINS_5arrayI8ap_fixedILi20ELi10EL9ap_q_mode5EL9a_233" [firmware/nnet_utils/nnet_conv_stream.h:209->firmware/nnet_utils/nnet_conv_stream.h:247]   --->   Operation 87 'store' 'store_ln209' <Predicate = true> <Delay = 0.00>
ST_1 : Operation 88 [1/1] (0.00ns)   --->   "%store_ln209 = store i20 %p_read_41, i20 %p_ZZN4nnet22compute_pool_buffer_2dINS_5arrayI8ap_fixedILi20ELi10EL9ap_q_mode5EL9a_234" [firmware/nnet_utils/nnet_conv_stream.h:209->firmware/nnet_utils/nnet_conv_stream.h:247]   --->   Operation 88 'store' 'store_ln209' <Predicate = true> <Delay = 0.00>
ST_1 : Operation 89 [1/1] (0.00ns)   --->   "%store_ln209 = store i20 %p_read_40, i20 %p_ZZN4nnet22compute_pool_buffer_2dINS_5arrayI8ap_fixedILi20ELi10EL9ap_q_mode5EL9a_235" [firmware/nnet_utils/nnet_conv_stream.h:209->firmware/nnet_utils/nnet_conv_stream.h:247]   --->   Operation 89 'store' 'store_ln209' <Predicate = true> <Delay = 0.00>
ST_1 : Operation 90 [1/1] (0.00ns)   --->   "%store_ln209 = store i20 %p_read_39, i20 %p_ZZN4nnet22compute_pool_buffer_2dINS_5arrayI8ap_fixedILi20ELi10EL9ap_q_mode5EL9a_236" [firmware/nnet_utils/nnet_conv_stream.h:209->firmware/nnet_utils/nnet_conv_stream.h:247]   --->   Operation 90 'store' 'store_ln209' <Predicate = true> <Delay = 0.00>
ST_1 : Operation 91 [1/1] (0.00ns)   --->   "%store_ln209 = store i20 %p_read_38, i20 %p_ZZN4nnet22compute_pool_buffer_2dINS_5arrayI8ap_fixedILi20ELi10EL9ap_q_mode5EL9a_237" [firmware/nnet_utils/nnet_conv_stream.h:209->firmware/nnet_utils/nnet_conv_stream.h:247]   --->   Operation 91 'store' 'store_ln209' <Predicate = true> <Delay = 0.00>
ST_1 : Operation 92 [1/1] (0.00ns)   --->   "%store_ln209 = store i20 %p_read_37, i20 %p_ZZN4nnet22compute_pool_buffer_2dINS_5arrayI8ap_fixedILi20ELi10EL9ap_q_mode5EL9a_238" [firmware/nnet_utils/nnet_conv_stream.h:209->firmware/nnet_utils/nnet_conv_stream.h:247]   --->   Operation 92 'store' 'store_ln209' <Predicate = true> <Delay = 0.00>
ST_1 : Operation 93 [1/1] (0.00ns)   --->   "%store_ln209 = store i20 %p_read_36, i20 %p_ZZN4nnet22compute_pool_buffer_2dINS_5arrayI8ap_fixedILi20ELi10EL9ap_q_mode5EL9a_239" [firmware/nnet_utils/nnet_conv_stream.h:209->firmware/nnet_utils/nnet_conv_stream.h:247]   --->   Operation 93 'store' 'store_ln209' <Predicate = true> <Delay = 0.00>
ST_1 : Operation 94 [1/1] (0.00ns)   --->   "%store_ln209 = store i20 %p_read_35, i20 %p_ZZN4nnet22compute_pool_buffer_2dINS_5arrayI8ap_fixedILi20ELi10EL9ap_q_mode5EL9a_240" [firmware/nnet_utils/nnet_conv_stream.h:209->firmware/nnet_utils/nnet_conv_stream.h:247]   --->   Operation 94 'store' 'store_ln209' <Predicate = true> <Delay = 0.00>
ST_1 : Operation 95 [1/1] (0.00ns)   --->   "%store_ln209 = store i20 %p_read_34, i20 %p_ZZN4nnet22compute_pool_buffer_2dINS_5arrayI8ap_fixedILi20ELi10EL9ap_q_mode5EL9a_241" [firmware/nnet_utils/nnet_conv_stream.h:209->firmware/nnet_utils/nnet_conv_stream.h:247]   --->   Operation 95 'store' 'store_ln209' <Predicate = true> <Delay = 0.00>
ST_1 : Operation 96 [1/1] (0.00ns)   --->   "%store_ln209 = store i20 %p_read_33, i20 %p_ZZN4nnet22compute_pool_buffer_2dINS_5arrayI8ap_fixedILi20ELi10EL9ap_q_mode5EL9a_242" [firmware/nnet_utils/nnet_conv_stream.h:209->firmware/nnet_utils/nnet_conv_stream.h:247]   --->   Operation 96 'store' 'store_ln209' <Predicate = true> <Delay = 0.00>
ST_1 : Operation 97 [1/1] (0.00ns)   --->   "%store_ln209 = store i20 %p_read_32, i20 %p_ZZN4nnet22compute_pool_buffer_2dINS_5arrayI8ap_fixedILi20ELi10EL9ap_q_mode5EL9a_243" [firmware/nnet_utils/nnet_conv_stream.h:209->firmware/nnet_utils/nnet_conv_stream.h:247]   --->   Operation 97 'store' 'store_ln209' <Predicate = true> <Delay = 0.00>
ST_1 : Operation 98 [1/1] (0.00ns)   --->   "%store_ln209 = store i20 %p_read_31, i20 %p_ZZN4nnet22compute_pool_buffer_2dINS_5arrayI8ap_fixedILi20ELi10EL9ap_q_mode5EL9a_244" [firmware/nnet_utils/nnet_conv_stream.h:209->firmware/nnet_utils/nnet_conv_stream.h:247]   --->   Operation 98 'store' 'store_ln209' <Predicate = true> <Delay = 0.00>
ST_1 : Operation 99 [1/1] (0.00ns)   --->   "%ret_ln232 = ret" [firmware/nnet_utils/nnet_conv_stream.h:232]   --->   Operation 99 'ret' 'ret_ln232' <Predicate = true> <Delay = 0.00>


============================================================
+ Verbose Summary: Binding
============================================================
STG Binding: 
---------------- STG Properties BEGIN ----------------
- Is combinational: 0
- Is one-state seq: 1
- Is datapath-only: 0
- Is pipelined: 1
- Is top level: 0
Port [ Return ] is wired: 1; IO mode=ap_ctrl_hs:ce=0
Port [ p_read]:  wired=1; compound=0; hidden=0; nouse=0; global=0; static=0; extern=0; dir=0; type=0; pingpong=0; private_global=0; IO mode=ap_none:ce=0
Port [ p_read1]:  wired=1; compound=0; hidden=0; nouse=0; global=0; static=0; extern=0; dir=0; type=0; pingpong=0; private_global=0; IO mode=ap_none:ce=0
Port [ p_read2]:  wired=1; compound=0; hidden=0; nouse=0; global=0; static=0; extern=0; dir=0; type=0; pingpong=0; private_global=0; IO mode=ap_none:ce=0
Port [ p_read3]:  wired=1; compound=0; hidden=0; nouse=0; global=0; static=0; extern=0; dir=0; type=0; pingpong=0; private_global=0; IO mode=ap_none:ce=0
Port [ p_read4]:  wired=1; compound=0; hidden=0; nouse=0; global=0; static=0; extern=0; dir=0; type=0; pingpong=0; private_global=0; IO mode=ap_none:ce=0
Port [ p_read5]:  wired=1; compound=0; hidden=0; nouse=0; global=0; static=0; extern=0; dir=0; type=0; pingpong=0; private_global=0; IO mode=ap_none:ce=0
Port [ p_read6]:  wired=1; compound=0; hidden=0; nouse=0; global=0; static=0; extern=0; dir=0; type=0; pingpong=0; private_global=0; IO mode=ap_none:ce=0
Port [ p_read7]:  wired=1; compound=0; hidden=0; nouse=0; global=0; static=0; extern=0; dir=0; type=0; pingpong=0; private_global=0; IO mode=ap_none:ce=0
Port [ p_read8]:  wired=1; compound=0; hidden=0; nouse=0; global=0; static=0; extern=0; dir=0; type=0; pingpong=0; private_global=0; IO mode=ap_none:ce=0
Port [ p_read9]:  wired=1; compound=0; hidden=0; nouse=0; global=0; static=0; extern=0; dir=0; type=0; pingpong=0; private_global=0; IO mode=ap_none:ce=0
Port [ p_read10]:  wired=1; compound=0; hidden=0; nouse=0; global=0; static=0; extern=0; dir=0; type=0; pingpong=0; private_global=0; IO mode=ap_none:ce=0
Port [ p_read11]:  wired=1; compound=0; hidden=0; nouse=0; global=0; static=0; extern=0; dir=0; type=0; pingpong=0; private_global=0; IO mode=ap_none:ce=0
Port [ p_ZZN4nnet22compute_pool_buffer_2dINS_5arrayI8ap_fixedILi20ELi10EL9ap_q_mode5EL9a_209]:  wired=1; compound=0; hidden=0; nouse=0; global=1; static=1; extern=0; dir=2; type=0; pingpong=0; private_global=0; IO mode=ap_ovld:ce=0
Port [ void_compute_pool_buffer_2d_array_const_ap_shift_reg_n_filt_stream_kernel_19]:  wired=1; compound=0; hidden=0; nouse=0; global=1; static=1; extern=0; dir=1; type=0; pingpong=0; private_global=0; IO mode=ap_vld:ce=0
Port [ p_ZZN4nnet22compute_pool_buffer_2dINS_5arrayI8ap_fixedILi20ELi10EL9ap_q_mode5EL9a_210]:  wired=1; compound=0; hidden=0; nouse=0; global=1; static=1; extern=0; dir=2; type=0; pingpong=0; private_global=0; IO mode=ap_ovld:ce=0
Port [ void_compute_pool_buffer_2d_array_const_ap_shift_reg_n_filt_stream_kernel_18]:  wired=1; compound=0; hidden=0; nouse=0; global=1; static=1; extern=0; dir=1; type=0; pingpong=0; private_global=0; IO mode=ap_vld:ce=0
Port [ p_ZZN4nnet22compute_pool_buffer_2dINS_5arrayI8ap_fixedILi20ELi10EL9ap_q_mode5EL9a_211]:  wired=1; compound=0; hidden=0; nouse=0; global=1; static=1; extern=0; dir=2; type=0; pingpong=0; private_global=0; IO mode=ap_ovld:ce=0
Port [ void_compute_pool_buffer_2d_array_const_ap_shift_reg_n_filt_stream_kernel_17]:  wired=1; compound=0; hidden=0; nouse=0; global=1; static=1; extern=0; dir=1; type=0; pingpong=0; private_global=0; IO mode=ap_vld:ce=0
Port [ p_ZZN4nnet22compute_pool_buffer_2dINS_5arrayI8ap_fixedILi20ELi10EL9ap_q_mode5EL9a_212]:  wired=1; compound=0; hidden=0; nouse=0; global=1; static=1; extern=0; dir=2; type=0; pingpong=0; private_global=0; IO mode=ap_ovld:ce=0
Port [ void_compute_pool_buffer_2d_array_const_ap_shift_reg_n_filt_stream_kernel_16]:  wired=1; compound=0; hidden=0; nouse=0; global=1; static=1; extern=0; dir=1; type=0; pingpong=0; private_global=0; IO mode=ap_vld:ce=0
Port [ p_ZZN4nnet22compute_pool_buffer_2dINS_5arrayI8ap_fixedILi20ELi10EL9ap_q_mode5EL9a_213]:  wired=1; compound=0; hidden=0; nouse=0; global=1; static=1; extern=0; dir=2; type=0; pingpong=0; private_global=0; IO mode=ap_ovld:ce=0
Port [ void_compute_pool_buffer_2d_array_const_ap_shift_reg_n_filt_stream_kernel_15]:  wired=1; compound=0; hidden=0; nouse=0; global=1; static=1; extern=0; dir=1; type=0; pingpong=0; private_global=0; IO mode=ap_vld:ce=0
Port [ p_ZZN4nnet22compute_pool_buffer_2dINS_5arrayI8ap_fixedILi20ELi10EL9ap_q_mode5EL9a_214]:  wired=1; compound=0; hidden=0; nouse=0; global=1; static=1; extern=0; dir=2; type=0; pingpong=0; private_global=0; IO mode=ap_ovld:ce=0
Port [ void_compute_pool_buffer_2d_array_const_ap_shift_reg_n_filt_stream_kernel_14]:  wired=1; compound=0; hidden=0; nouse=0; global=1; static=1; extern=0; dir=1; type=0; pingpong=0; private_global=0; IO mode=ap_vld:ce=0
Port [ p_ZZN4nnet22compute_pool_buffer_2dINS_5arrayI8ap_fixedILi20ELi10EL9ap_q_mode5EL9a_215]:  wired=1; compound=0; hidden=0; nouse=0; global=1; static=1; extern=0; dir=2; type=0; pingpong=0; private_global=0; IO mode=ap_ovld:ce=0
Port [ void_compute_pool_buffer_2d_array_const_ap_shift_reg_n_filt_stream_kernel_13]:  wired=1; compound=0; hidden=0; nouse=0; global=1; static=1; extern=0; dir=1; type=0; pingpong=0; private_global=0; IO mode=ap_vld:ce=0
Port [ p_ZZN4nnet22compute_pool_buffer_2dINS_5arrayI8ap_fixedILi20ELi10EL9ap_q_mode5EL9a_216]:  wired=1; compound=0; hidden=0; nouse=0; global=1; static=1; extern=0; dir=2; type=0; pingpong=0; private_global=0; IO mode=ap_ovld:ce=0
Port [ void_compute_pool_buffer_2d_array_const_ap_shift_reg_n_filt_stream_kernel_12]:  wired=1; compound=0; hidden=0; nouse=0; global=1; static=1; extern=0; dir=1; type=0; pingpong=0; private_global=0; IO mode=ap_vld:ce=0
Port [ p_ZZN4nnet22compute_pool_buffer_2dINS_5arrayI8ap_fixedILi20ELi10EL9ap_q_mode5EL9a_217]:  wired=1; compound=0; hidden=0; nouse=0; global=1; static=1; extern=0; dir=2; type=0; pingpong=0; private_global=0; IO mode=ap_ovld:ce=0
Port [ void_compute_pool_buffer_2d_array_const_ap_shift_reg_n_filt_stream_kernel_11]:  wired=1; compound=0; hidden=0; nouse=0; global=1; static=1; extern=0; dir=1; type=0; pingpong=0; private_global=0; IO mode=ap_vld:ce=0
Port [ p_ZZN4nnet22compute_pool_buffer_2dINS_5arrayI8ap_fixedILi20ELi10EL9ap_q_mode5EL9a_218]:  wired=1; compound=0; hidden=0; nouse=0; global=1; static=1; extern=0; dir=2; type=0; pingpong=0; private_global=0; IO mode=ap_ovld:ce=0
Port [ void_compute_pool_buffer_2d_array_const_ap_shift_reg_n_filt_stream_kernel_10]:  wired=1; compound=0; hidden=0; nouse=0; global=1; static=1; extern=0; dir=1; type=0; pingpong=0; private_global=0; IO mode=ap_vld:ce=0
Port [ p_ZZN4nnet22compute_pool_buffer_2dINS_5arrayI8ap_fixedILi20ELi10EL9ap_q_mode5EL9a_219]:  wired=1; compound=0; hidden=0; nouse=0; global=1; static=1; extern=0; dir=2; type=0; pingpong=0; private_global=0; IO mode=ap_ovld:ce=0
Port [ p_ZZN4nnet22compute_pool_buffer_2dINS_5arrayI8ap_fixedILi20ELi10EL9ap_q_mode5EL9a_207]:  wired=1; compound=0; hidden=0; nouse=0; global=1; static=1; extern=0; dir=1; type=0; pingpong=0; private_global=0; IO mode=ap_vld:ce=0
Port [ p_ZZN4nnet22compute_pool_buffer_2dINS_5arrayI8ap_fixedILi20ELi10EL9ap_q_mode5EL9a_220]:  wired=1; compound=0; hidden=0; nouse=0; global=1; static=1; extern=0; dir=2; type=0; pingpong=0; private_global=0; IO mode=ap_ovld:ce=0
Port [ p_ZZN4nnet22compute_pool_buffer_2dINS_5arrayI8ap_fixedILi20ELi10EL9ap_q_mode5EL9a_208]:  wired=1; compound=0; hidden=0; nouse=0; global=1; static=1; extern=0; dir=1; type=0; pingpong=0; private_global=0; IO mode=ap_vld:ce=0
Port [ p_ZZN4nnet22compute_pool_buffer_2dINS_5arrayI8ap_fixedILi20ELi10EL9ap_q_mode5EL9a_233]:  wired=1; compound=0; hidden=0; nouse=0; global=1; static=1; extern=0; dir=2; type=0; pingpong=0; private_global=0; IO mode=ap_ovld:ce=0
Port [ p_ZZN4nnet22compute_pool_buffer_2dINS_5arrayI8ap_fixedILi20ELi10EL9ap_q_mode5EL9a_221]:  wired=1; compound=0; hidden=0; nouse=0; global=1; static=1; extern=0; dir=1; type=0; pingpong=0; private_global=0; IO mode=ap_vld:ce=0
Port [ p_ZZN4nnet22compute_pool_buffer_2dINS_5arrayI8ap_fixedILi20ELi10EL9ap_q_mode5EL9a_234]:  wired=1; compound=0; hidden=0; nouse=0; global=1; static=1; extern=0; dir=2; type=0; pingpong=0; private_global=0; IO mode=ap_ovld:ce=0
Port [ p_ZZN4nnet22compute_pool_buffer_2dINS_5arrayI8ap_fixedILi20ELi10EL9ap_q_mode5EL9a_222]:  wired=1; compound=0; hidden=0; nouse=0; global=1; static=1; extern=0; dir=1; type=0; pingpong=0; private_global=0; IO mode=ap_vld:ce=0
Port [ p_ZZN4nnet22compute_pool_buffer_2dINS_5arrayI8ap_fixedILi20ELi10EL9ap_q_mode5EL9a_235]:  wired=1; compound=0; hidden=0; nouse=0; global=1; static=1; extern=0; dir=2; type=0; pingpong=0; private_global=0; IO mode=ap_ovld:ce=0
Port [ p_ZZN4nnet22compute_pool_buffer_2dINS_5arrayI8ap_fixedILi20ELi10EL9ap_q_mode5EL9a_223]:  wired=1; compound=0; hidden=0; nouse=0; global=1; static=1; extern=0; dir=1; type=0; pingpong=0; private_global=0; IO mode=ap_vld:ce=0
Port [ p_ZZN4nnet22compute_pool_buffer_2dINS_5arrayI8ap_fixedILi20ELi10EL9ap_q_mode5EL9a_236]:  wired=1; compound=0; hidden=0; nouse=0; global=1; static=1; extern=0; dir=2; type=0; pingpong=0; private_global=0; IO mode=ap_ovld:ce=0
Port [ p_ZZN4nnet22compute_pool_buffer_2dINS_5arrayI8ap_fixedILi20ELi10EL9ap_q_mode5EL9a_224]:  wired=1; compound=0; hidden=0; nouse=0; global=1; static=1; extern=0; dir=1; type=0; pingpong=0; private_global=0; IO mode=ap_vld:ce=0
Port [ p_ZZN4nnet22compute_pool_buffer_2dINS_5arrayI8ap_fixedILi20ELi10EL9ap_q_mode5EL9a_237]:  wired=1; compound=0; hidden=0; nouse=0; global=1; static=1; extern=0; dir=2; type=0; pingpong=0; private_global=0; IO mode=ap_ovld:ce=0
Port [ p_ZZN4nnet22compute_pool_buffer_2dINS_5arrayI8ap_fixedILi20ELi10EL9ap_q_mode5EL9a_225]:  wired=1; compound=0; hidden=0; nouse=0; global=1; static=1; extern=0; dir=1; type=0; pingpong=0; private_global=0; IO mode=ap_vld:ce=0
Port [ p_ZZN4nnet22compute_pool_buffer_2dINS_5arrayI8ap_fixedILi20ELi10EL9ap_q_mode5EL9a_238]:  wired=1; compound=0; hidden=0; nouse=0; global=1; static=1; extern=0; dir=2; type=0; pingpong=0; private_global=0; IO mode=ap_ovld:ce=0
Port [ p_ZZN4nnet22compute_pool_buffer_2dINS_5arrayI8ap_fixedILi20ELi10EL9ap_q_mode5EL9a_226]:  wired=1; compound=0; hidden=0; nouse=0; global=1; static=1; extern=0; dir=1; type=0; pingpong=0; private_global=0; IO mode=ap_vld:ce=0
Port [ p_ZZN4nnet22compute_pool_buffer_2dINS_5arrayI8ap_fixedILi20ELi10EL9ap_q_mode5EL9a_239]:  wired=1; compound=0; hidden=0; nouse=0; global=1; static=1; extern=0; dir=2; type=0; pingpong=0; private_global=0; IO mode=ap_ovld:ce=0
Port [ p_ZZN4nnet22compute_pool_buffer_2dINS_5arrayI8ap_fixedILi20ELi10EL9ap_q_mode5EL9a_227]:  wired=1; compound=0; hidden=0; nouse=0; global=1; static=1; extern=0; dir=1; type=0; pingpong=0; private_global=0; IO mode=ap_vld:ce=0
Port [ p_ZZN4nnet22compute_pool_buffer_2dINS_5arrayI8ap_fixedILi20ELi10EL9ap_q_mode5EL9a_240]:  wired=1; compound=0; hidden=0; nouse=0; global=1; static=1; extern=0; dir=2; type=0; pingpong=0; private_global=0; IO mode=ap_ovld:ce=0
Port [ p_ZZN4nnet22compute_pool_buffer_2dINS_5arrayI8ap_fixedILi20ELi10EL9ap_q_mode5EL9a_228]:  wired=1; compound=0; hidden=0; nouse=0; global=1; static=1; extern=0; dir=1; type=0; pingpong=0; private_global=0; IO mode=ap_vld:ce=0
Port [ p_ZZN4nnet22compute_pool_buffer_2dINS_5arrayI8ap_fixedILi20ELi10EL9ap_q_mode5EL9a_241]:  wired=1; compound=0; hidden=0; nouse=0; global=1; static=1; extern=0; dir=2; type=0; pingpong=0; private_global=0; IO mode=ap_ovld:ce=0
Port [ p_ZZN4nnet22compute_pool_buffer_2dINS_5arrayI8ap_fixedILi20ELi10EL9ap_q_mode5EL9a_229]:  wired=1; compound=0; hidden=0; nouse=0; global=1; static=1; extern=0; dir=1; type=0; pingpong=0; private_global=0; IO mode=ap_vld:ce=0
Port [ p_ZZN4nnet22compute_pool_buffer_2dINS_5arrayI8ap_fixedILi20ELi10EL9ap_q_mode5EL9a_242]:  wired=1; compound=0; hidden=0; nouse=0; global=1; static=1; extern=0; dir=2; type=0; pingpong=0; private_global=0; IO mode=ap_ovld:ce=0
Port [ p_ZZN4nnet22compute_pool_buffer_2dINS_5arrayI8ap_fixedILi20ELi10EL9ap_q_mode5EL9a_230]:  wired=1; compound=0; hidden=0; nouse=0; global=1; static=1; extern=0; dir=1; type=0; pingpong=0; private_global=0; IO mode=ap_vld:ce=0
Port [ p_ZZN4nnet22compute_pool_buffer_2dINS_5arrayI8ap_fixedILi20ELi10EL9ap_q_mode5EL9a_243]:  wired=1; compound=0; hidden=0; nouse=0; global=1; static=1; extern=0; dir=2; type=0; pingpong=0; private_global=0; IO mode=ap_ovld:ce=0
Port [ p_ZZN4nnet22compute_pool_buffer_2dINS_5arrayI8ap_fixedILi20ELi10EL9ap_q_mode5EL9a_231]:  wired=1; compound=0; hidden=0; nouse=0; global=1; static=1; extern=0; dir=1; type=0; pingpong=0; private_global=0; IO mode=ap_vld:ce=0
Port [ p_ZZN4nnet22compute_pool_buffer_2dINS_5arrayI8ap_fixedILi20ELi10EL9ap_q_mode5EL9a_244]:  wired=1; compound=0; hidden=0; nouse=0; global=1; static=1; extern=0; dir=2; type=0; pingpong=0; private_global=0; IO mode=ap_ovld:ce=0
Port [ p_ZZN4nnet22compute_pool_buffer_2dINS_5arrayI8ap_fixedILi20ELi10EL9ap_q_mode5EL9a_232]:  wired=1; compound=0; hidden=0; nouse=0; global=1; static=1; extern=0; dir=1; type=0; pingpong=0; private_global=0; IO mode=ap_vld:ce=0
Port [ void_pooling2d_cl_stream_stream_array_ap_fixed_12u_0_line_buffer_9]:  wired=0; compound=1; hidden=1; nouse=0; global=1; static=1; extern=0; dir=3; type=1; pingpong=0; private_global=1; MemPort=[2]; IO mode=ap_memory:ce=0
Port [ void_pooling2d_cl_stream_stream_array_ap_fixed_12u_0_line_buffer_8]:  wired=0; compound=1; hidden=1; nouse=0; global=1; static=1; extern=0; dir=3; type=1; pingpong=0; private_global=1; MemPort=[2]; IO mode=ap_memory:ce=0
Port [ void_pooling2d_cl_stream_stream_array_ap_fixed_12u_0_line_buffer_7]:  wired=0; compound=1; hidden=1; nouse=0; global=1; static=1; extern=0; dir=3; type=1; pingpong=0; private_global=1; MemPort=[2]; IO mode=ap_memory:ce=0
Port [ void_pooling2d_cl_stream_stream_array_ap_fixed_12u_0_line_buffer_6]:  wired=0; compound=1; hidden=1; nouse=0; global=1; static=1; extern=0; dir=3; type=1; pingpong=0; private_global=1; MemPort=[2]; IO mode=ap_memory:ce=0
Port [ void_pooling2d_cl_stream_stream_array_ap_fixed_12u_0_line_buffer_5]:  wired=0; compound=1; hidden=1; nouse=0; global=1; static=1; extern=0; dir=3; type=1; pingpong=0; private_global=1; MemPort=[2]; IO mode=ap_memory:ce=0
Port [ void_pooling2d_cl_stream_stream_array_ap_fixed_12u_0_line_buffer_4]:  wired=0; compound=1; hidden=1; nouse=0; global=1; static=1; extern=0; dir=3; type=1; pingpong=0; private_global=1; MemPort=[2]; IO mode=ap_memory:ce=0
Port [ void_pooling2d_cl_stream_stream_array_ap_fixed_12u_0_line_buffer_3]:  wired=0; compound=1; hidden=1; nouse=0; global=1; static=1; extern=0; dir=3; type=1; pingpong=0; private_global=1; MemPort=[2]; IO mode=ap_memory:ce=0
Port [ void_pooling2d_cl_stream_stream_array_ap_fixed_12u_0_line_buffer_2]:  wired=0; compound=1; hidden=1; nouse=0; global=1; static=1; extern=0; dir=3; type=1; pingpong=0; private_global=1; MemPort=[2]; IO mode=ap_memory:ce=0
Port [ void_pooling2d_cl_stream_stream_array_ap_fixed_12u_0_line_buffer_1]:  wired=0; compound=1; hidden=1; nouse=0; global=1; static=1; extern=0; dir=3; type=1; pingpong=0; private_global=1; MemPort=[2]; IO mode=ap_memory:ce=0
Port [ void_pooling2d_cl_stream_stream_array_ap_fixed_12u_0_line_buffer]:  wired=0; compound=1; hidden=1; nouse=0; global=1; static=1; extern=0; dir=3; type=1; pingpong=0; private_global=1; MemPort=[2]; IO mode=ap_memory:ce=0
Port [ p_ZZN4nnet12pooling2d_clINS_5arrayI8ap_fixedILi20ELi10EL9ap_q_mode5EL9ap_o_mode3E_9]:  wired=0; compound=1; hidden=1; nouse=0; global=1; static=1; extern=0; dir=3; type=1; pingpong=0; private_global=1; MemPort=[2]; IO mode=ap_memory:ce=0
Port [ p_ZZN4nnet12pooling2d_clINS_5arrayI8ap_fixedILi20ELi10EL9ap_q_mode5EL9ap_o_mode3E_8]:  wired=0; compound=1; hidden=1; nouse=0; global=1; static=1; extern=0; dir=3; type=1; pingpong=0; private_global=1; MemPort=[2]; IO mode=ap_memory:ce=0
---------------- STG Properties END ------------------

---------------- Datapath Model BEGIN ----------------

<LifeTime>
<method=bitvector/>
specpipeline_ln232                                                                    (specpipeline) [ 00]
p_read_31                                                                             (read        ) [ 00]
p_read_32                                                                             (read        ) [ 00]
p_read_33                                                                             (read        ) [ 00]
p_read_34                                                                             (read        ) [ 00]
p_read_35                                                                             (read        ) [ 00]
p_read_36                                                                             (read        ) [ 00]
p_read_37                                                                             (read        ) [ 00]
p_read_38                                                                             (read        ) [ 00]
p_read_39                                                                             (read        ) [ 00]
p_read_40                                                                             (read        ) [ 00]
p_read_41                                                                             (read        ) [ 00]
p_read_42                                                                             (read        ) [ 00]
p_023_i                                                                               (memshiftread) [ 00]
p_024_i                                                                               (memshiftread) [ 00]
p_025_i                                                                               (memshiftread) [ 00]
p_026_i                                                                               (memshiftread) [ 00]
p_027_i                                                                               (memshiftread) [ 00]
p_028_i                                                                               (memshiftread) [ 00]
p_029_i                                                                               (memshiftread) [ 00]
p_030_i                                                                               (memshiftread) [ 00]
p_031_i                                                                               (memshiftread) [ 00]
p_032_i                                                                               (memshiftread) [ 00]
p_033_i                                                                               (memshiftread) [ 00]
p_0_i                                                                                 (memshiftread) [ 00]
p_ZZN4nnet22compute_pool_buffer_2dINS_5arrayI8ap_fixedILi20ELi10EL9ap_q_mode5EL9a_459 (load        ) [ 00]
store_ln196                                                                           (store       ) [ 00]
p_ZZN4nnet22compute_pool_buffer_2dINS_5arrayI8ap_fixedILi20ELi10EL9ap_q_mode5EL9a_460 (load        ) [ 00]
store_ln196                                                                           (store       ) [ 00]
p_ZZN4nnet22compute_pool_buffer_2dINS_5arrayI8ap_fixedILi20ELi10EL9ap_q_mode5EL9a_461 (load        ) [ 00]
store_ln196                                                                           (store       ) [ 00]
p_ZZN4nnet22compute_pool_buffer_2dINS_5arrayI8ap_fixedILi20ELi10EL9ap_q_mode5EL9a_462 (load        ) [ 00]
store_ln196                                                                           (store       ) [ 00]
p_ZZN4nnet22compute_pool_buffer_2dINS_5arrayI8ap_fixedILi20ELi10EL9ap_q_mode5EL9a_463 (load        ) [ 00]
store_ln196                                                                           (store       ) [ 00]
p_ZZN4nnet22compute_pool_buffer_2dINS_5arrayI8ap_fixedILi20ELi10EL9ap_q_mode5EL9a_464 (load        ) [ 00]
store_ln196                                                                           (store       ) [ 00]
p_ZZN4nnet22compute_pool_buffer_2dINS_5arrayI8ap_fixedILi20ELi10EL9ap_q_mode5EL9a_465 (load        ) [ 00]
store_ln196                                                                           (store       ) [ 00]
p_ZZN4nnet22compute_pool_buffer_2dINS_5arrayI8ap_fixedILi20ELi10EL9ap_q_mode5EL9a_466 (load        ) [ 00]
store_ln196                                                                           (store       ) [ 00]
p_ZZN4nnet22compute_pool_buffer_2dINS_5arrayI8ap_fixedILi20ELi10EL9ap_q_mode5EL9a_467 (load        ) [ 00]
store_ln196                                                                           (store       ) [ 00]
p_ZZN4nnet22compute_pool_buffer_2dINS_5arrayI8ap_fixedILi20ELi10EL9ap_q_mode5EL9a_468 (load        ) [ 00]
store_ln196                                                                           (store       ) [ 00]
p_ZZN4nnet22compute_pool_buffer_2dINS_5arrayI8ap_fixedILi20ELi10EL9ap_q_mode5EL9a_469 (load        ) [ 00]
store_ln196                                                                           (store       ) [ 00]
p_ZZN4nnet22compute_pool_buffer_2dINS_5arrayI8ap_fixedILi20ELi10EL9ap_q_mode5EL9a_470 (load        ) [ 00]
store_ln196                                                                           (store       ) [ 00]
p_ZZN4nnet22compute_pool_buffer_2dINS_5arrayI8ap_fixedILi20ELi10EL9ap_q_mode5EL9a_471 (load        ) [ 00]
store_ln196                                                                           (store       ) [ 00]
p_ZZN4nnet22compute_pool_buffer_2dINS_5arrayI8ap_fixedILi20ELi10EL9ap_q_mode5EL9a_472 (load        ) [ 00]
store_ln196                                                                           (store       ) [ 00]
p_ZZN4nnet22compute_pool_buffer_2dINS_5arrayI8ap_fixedILi20ELi10EL9ap_q_mode5EL9a_473 (load        ) [ 00]
store_ln196                                                                           (store       ) [ 00]
p_ZZN4nnet22compute_pool_buffer_2dINS_5arrayI8ap_fixedILi20ELi10EL9ap_q_mode5EL9a_474 (load        ) [ 00]
store_ln196                                                                           (store       ) [ 00]
p_ZZN4nnet22compute_pool_buffer_2dINS_5arrayI8ap_fixedILi20ELi10EL9ap_q_mode5EL9a_475 (load        ) [ 00]
store_ln196                                                                           (store       ) [ 00]
p_ZZN4nnet22compute_pool_buffer_2dINS_5arrayI8ap_fixedILi20ELi10EL9ap_q_mode5EL9a_476 (load        ) [ 00]
store_ln196                                                                           (store       ) [ 00]
p_ZZN4nnet22compute_pool_buffer_2dINS_5arrayI8ap_fixedILi20ELi10EL9ap_q_mode5EL9a_477 (load        ) [ 00]
store_ln196                                                                           (store       ) [ 00]
p_ZZN4nnet22compute_pool_buffer_2dINS_5arrayI8ap_fixedILi20ELi10EL9ap_q_mode5EL9a_478 (load        ) [ 00]
store_ln196                                                                           (store       ) [ 00]
p_ZZN4nnet22compute_pool_buffer_2dINS_5arrayI8ap_fixedILi20ELi10EL9ap_q_mode5EL9a_479 (load        ) [ 00]
store_ln196                                                                           (store       ) [ 00]
p_ZZN4nnet22compute_pool_buffer_2dINS_5arrayI8ap_fixedILi20ELi10EL9ap_q_mode5EL9a_480 (load        ) [ 00]
store_ln196                                                                           (store       ) [ 00]
p_ZZN4nnet22compute_pool_buffer_2dINS_5arrayI8ap_fixedILi20ELi10EL9ap_q_mode5EL9a_481 (load        ) [ 00]
store_ln196                                                                           (store       ) [ 00]
p_ZZN4nnet22compute_pool_buffer_2dINS_5arrayI8ap_fixedILi20ELi10EL9ap_q_mode5EL9a_482 (load        ) [ 00]
store_ln196                                                                           (store       ) [ 00]
store_ln209                                                                           (store       ) [ 00]
store_ln209                                                                           (store       ) [ 00]
store_ln209                                                                           (store       ) [ 00]
store_ln209                                                                           (store       ) [ 00]
store_ln209                                                                           (store       ) [ 00]
store_ln209                                                                           (store       ) [ 00]
store_ln209                                                                           (store       ) [ 00]
store_ln209                                                                           (store       ) [ 00]
store_ln209                                                                           (store       ) [ 00]
store_ln209                                                                           (store       ) [ 00]
store_ln209                                                                           (store       ) [ 00]
store_ln209                                                                           (store       ) [ 00]
store_ln209                                                                           (store       ) [ 00]
store_ln209                                                                           (store       ) [ 00]
store_ln209                                                                           (store       ) [ 00]
store_ln209                                                                           (store       ) [ 00]
store_ln209                                                                           (store       ) [ 00]
store_ln209                                                                           (store       ) [ 00]
store_ln209                                                                           (store       ) [ 00]
store_ln209                                                                           (store       ) [ 00]
store_ln209                                                                           (store       ) [ 00]
store_ln209                                                                           (store       ) [ 00]
store_ln209                                                                           (store       ) [ 00]
store_ln209                                                                           (store       ) [ 00]
ret_ln232                                                                             (ret         ) [ 00]
</LifeTime>

<model>

<comp_list>
<comp id="0" class="1000" name="p_read">
<pin_list>
<pin id="1" dir="1" index="0" bw="1" slack="0"/>
</pin_list>
<bind>
<StgValue><ssdm name="p_read"/></StgValue>
</bind>
</comp>

<comp id="2" class="1000" name="p_read1">
<pin_list>
<pin id="3" dir="1" index="0" bw="1" slack="0"/>
</pin_list>
<bind>
<StgValue><ssdm name="p_read1"/></StgValue>
</bind>
</comp>

<comp id="4" class="1000" name="p_read2">
<pin_list>
<pin id="5" dir="1" index="0" bw="1" slack="0"/>
</pin_list>
<bind>
<StgValue><ssdm name="p_read2"/></StgValue>
</bind>
</comp>

<comp id="6" class="1000" name="p_read3">
<pin_list>
<pin id="7" dir="1" index="0" bw="1" slack="0"/>
</pin_list>
<bind>
<StgValue><ssdm name="p_read3"/></StgValue>
</bind>
</comp>

<comp id="8" class="1000" name="p_read4">
<pin_list>
<pin id="9" dir="1" index="0" bw="1" slack="0"/>
</pin_list>
<bind>
<StgValue><ssdm name="p_read4"/></StgValue>
</bind>
</comp>

<comp id="10" class="1000" name="p_read5">
<pin_list>
<pin id="11" dir="1" index="0" bw="1" slack="0"/>
</pin_list>
<bind>
<StgValue><ssdm name="p_read5"/></StgValue>
</bind>
</comp>

<comp id="12" class="1000" name="p_read6">
<pin_list>
<pin id="13" dir="1" index="0" bw="1" slack="0"/>
</pin_list>
<bind>
<StgValue><ssdm name="p_read6"/></StgValue>
</bind>
</comp>

<comp id="14" class="1000" name="p_read7">
<pin_list>
<pin id="15" dir="1" index="0" bw="1" slack="0"/>
</pin_list>
<bind>
<StgValue><ssdm name="p_read7"/></StgValue>
</bind>
</comp>

<comp id="16" class="1000" name="p_read8">
<pin_list>
<pin id="17" dir="1" index="0" bw="1" slack="0"/>
</pin_list>
<bind>
<StgValue><ssdm name="p_read8"/></StgValue>
</bind>
</comp>

<comp id="18" class="1000" name="p_read9">
<pin_list>
<pin id="19" dir="1" index="0" bw="1" slack="0"/>
</pin_list>
<bind>
<StgValue><ssdm name="p_read9"/></StgValue>
</bind>
</comp>

<comp id="20" class="1000" name="p_read10">
<pin_list>
<pin id="21" dir="1" index="0" bw="1" slack="0"/>
</pin_list>
<bind>
<StgValue><ssdm name="p_read10"/></StgValue>
</bind>
</comp>

<comp id="22" class="1000" name="p_read11">
<pin_list>
<pin id="23" dir="1" index="0" bw="1" slack="0"/>
</pin_list>
<bind>
<StgValue><ssdm name="p_read11"/></StgValue>
</bind>
</comp>

<comp id="24" class="1000" name="p_ZZN4nnet22compute_pool_buffer_2dINS_5arrayI8ap_fixedILi20ELi10EL9ap_q_mode5EL9a_209">
<pin_list>
<pin id="25" dir="1" index="0" bw="1" slack="0"/>
</pin_list>
<bind>
<StgValue><ssdm name="p_ZZN4nnet22compute_pool_buffer_2dINS_5arrayI8ap_fixedILi20ELi10EL9ap_q_mode5EL9a_209"/></StgValue>
</bind>
</comp>

<comp id="26" class="1000" name="void_compute_pool_buffer_2d_array_const_ap_shift_reg_n_filt_stream_kernel_19">
<pin_list>
<pin id="27" dir="1" index="0" bw="1" slack="0"/>
</pin_list>
<bind>
<StgValue><ssdm name="void_compute_pool_buffer_2d_array_const_ap_shift_reg_n_filt_stream_kernel_19"/></StgValue>
</bind>
</comp>

<comp id="28" class="1000" name="p_ZZN4nnet22compute_pool_buffer_2dINS_5arrayI8ap_fixedILi20ELi10EL9ap_q_mode5EL9a_210">
<pin_list>
<pin id="29" dir="1" index="0" bw="1" slack="0"/>
</pin_list>
<bind>
<StgValue><ssdm name="p_ZZN4nnet22compute_pool_buffer_2dINS_5arrayI8ap_fixedILi20ELi10EL9ap_q_mode5EL9a_210"/></StgValue>
</bind>
</comp>

<comp id="30" class="1000" name="void_compute_pool_buffer_2d_array_const_ap_shift_reg_n_filt_stream_kernel_18">
<pin_list>
<pin id="31" dir="1" index="0" bw="1" slack="0"/>
</pin_list>
<bind>
<StgValue><ssdm name="void_compute_pool_buffer_2d_array_const_ap_shift_reg_n_filt_stream_kernel_18"/></StgValue>
</bind>
</comp>

<comp id="32" class="1000" name="p_ZZN4nnet22compute_pool_buffer_2dINS_5arrayI8ap_fixedILi20ELi10EL9ap_q_mode5EL9a_211">
<pin_list>
<pin id="33" dir="1" index="0" bw="1" slack="0"/>
</pin_list>
<bind>
<StgValue><ssdm name="p_ZZN4nnet22compute_pool_buffer_2dINS_5arrayI8ap_fixedILi20ELi10EL9ap_q_mode5EL9a_211"/></StgValue>
</bind>
</comp>

<comp id="34" class="1000" name="void_compute_pool_buffer_2d_array_const_ap_shift_reg_n_filt_stream_kernel_17">
<pin_list>
<pin id="35" dir="1" index="0" bw="1" slack="0"/>
</pin_list>
<bind>
<StgValue><ssdm name="void_compute_pool_buffer_2d_array_const_ap_shift_reg_n_filt_stream_kernel_17"/></StgValue>
</bind>
</comp>

<comp id="36" class="1000" name="p_ZZN4nnet22compute_pool_buffer_2dINS_5arrayI8ap_fixedILi20ELi10EL9ap_q_mode5EL9a_212">
<pin_list>
<pin id="37" dir="1" index="0" bw="1" slack="0"/>
</pin_list>
<bind>
<StgValue><ssdm name="p_ZZN4nnet22compute_pool_buffer_2dINS_5arrayI8ap_fixedILi20ELi10EL9ap_q_mode5EL9a_212"/></StgValue>
</bind>
</comp>

<comp id="38" class="1000" name="void_compute_pool_buffer_2d_array_const_ap_shift_reg_n_filt_stream_kernel_16">
<pin_list>
<pin id="39" dir="1" index="0" bw="1" slack="0"/>
</pin_list>
<bind>
<StgValue><ssdm name="void_compute_pool_buffer_2d_array_const_ap_shift_reg_n_filt_stream_kernel_16"/></StgValue>
</bind>
</comp>

<comp id="40" class="1000" name="p_ZZN4nnet22compute_pool_buffer_2dINS_5arrayI8ap_fixedILi20ELi10EL9ap_q_mode5EL9a_213">
<pin_list>
<pin id="41" dir="1" index="0" bw="1" slack="0"/>
</pin_list>
<bind>
<StgValue><ssdm name="p_ZZN4nnet22compute_pool_buffer_2dINS_5arrayI8ap_fixedILi20ELi10EL9ap_q_mode5EL9a_213"/></StgValue>
</bind>
</comp>

<comp id="42" class="1000" name="void_compute_pool_buffer_2d_array_const_ap_shift_reg_n_filt_stream_kernel_15">
<pin_list>
<pin id="43" dir="1" index="0" bw="1" slack="0"/>
</pin_list>
<bind>
<StgValue><ssdm name="void_compute_pool_buffer_2d_array_const_ap_shift_reg_n_filt_stream_kernel_15"/></StgValue>
</bind>
</comp>

<comp id="44" class="1000" name="p_ZZN4nnet22compute_pool_buffer_2dINS_5arrayI8ap_fixedILi20ELi10EL9ap_q_mode5EL9a_214">
<pin_list>
<pin id="45" dir="1" index="0" bw="1" slack="0"/>
</pin_list>
<bind>
<StgValue><ssdm name="p_ZZN4nnet22compute_pool_buffer_2dINS_5arrayI8ap_fixedILi20ELi10EL9ap_q_mode5EL9a_214"/></StgValue>
</bind>
</comp>

<comp id="46" class="1000" name="void_compute_pool_buffer_2d_array_const_ap_shift_reg_n_filt_stream_kernel_14">
<pin_list>
<pin id="47" dir="1" index="0" bw="1" slack="0"/>
</pin_list>
<bind>
<StgValue><ssdm name="void_compute_pool_buffer_2d_array_const_ap_shift_reg_n_filt_stream_kernel_14"/></StgValue>
</bind>
</comp>

<comp id="48" class="1000" name="p_ZZN4nnet22compute_pool_buffer_2dINS_5arrayI8ap_fixedILi20ELi10EL9ap_q_mode5EL9a_215">
<pin_list>
<pin id="49" dir="1" index="0" bw="1" slack="0"/>
</pin_list>
<bind>
<StgValue><ssdm name="p_ZZN4nnet22compute_pool_buffer_2dINS_5arrayI8ap_fixedILi20ELi10EL9ap_q_mode5EL9a_215"/></StgValue>
</bind>
</comp>

<comp id="50" class="1000" name="void_compute_pool_buffer_2d_array_const_ap_shift_reg_n_filt_stream_kernel_13">
<pin_list>
<pin id="51" dir="1" index="0" bw="1" slack="0"/>
</pin_list>
<bind>
<StgValue><ssdm name="void_compute_pool_buffer_2d_array_const_ap_shift_reg_n_filt_stream_kernel_13"/></StgValue>
</bind>
</comp>

<comp id="52" class="1000" name="p_ZZN4nnet22compute_pool_buffer_2dINS_5arrayI8ap_fixedILi20ELi10EL9ap_q_mode5EL9a_216">
<pin_list>
<pin id="53" dir="1" index="0" bw="1" slack="0"/>
</pin_list>
<bind>
<StgValue><ssdm name="p_ZZN4nnet22compute_pool_buffer_2dINS_5arrayI8ap_fixedILi20ELi10EL9ap_q_mode5EL9a_216"/></StgValue>
</bind>
</comp>

<comp id="54" class="1000" name="void_compute_pool_buffer_2d_array_const_ap_shift_reg_n_filt_stream_kernel_12">
<pin_list>
<pin id="55" dir="1" index="0" bw="1" slack="0"/>
</pin_list>
<bind>
<StgValue><ssdm name="void_compute_pool_buffer_2d_array_const_ap_shift_reg_n_filt_stream_kernel_12"/></StgValue>
</bind>
</comp>

<comp id="56" class="1000" name="p_ZZN4nnet22compute_pool_buffer_2dINS_5arrayI8ap_fixedILi20ELi10EL9ap_q_mode5EL9a_217">
<pin_list>
<pin id="57" dir="1" index="0" bw="1" slack="0"/>
</pin_list>
<bind>
<StgValue><ssdm name="p_ZZN4nnet22compute_pool_buffer_2dINS_5arrayI8ap_fixedILi20ELi10EL9ap_q_mode5EL9a_217"/></StgValue>
</bind>
</comp>

<comp id="58" class="1000" name="void_compute_pool_buffer_2d_array_const_ap_shift_reg_n_filt_stream_kernel_11">
<pin_list>
<pin id="59" dir="1" index="0" bw="1" slack="0"/>
</pin_list>
<bind>
<StgValue><ssdm name="void_compute_pool_buffer_2d_array_const_ap_shift_reg_n_filt_stream_kernel_11"/></StgValue>
</bind>
</comp>

<comp id="60" class="1000" name="p_ZZN4nnet22compute_pool_buffer_2dINS_5arrayI8ap_fixedILi20ELi10EL9ap_q_mode5EL9a_218">
<pin_list>
<pin id="61" dir="1" index="0" bw="1" slack="0"/>
</pin_list>
<bind>
<StgValue><ssdm name="p_ZZN4nnet22compute_pool_buffer_2dINS_5arrayI8ap_fixedILi20ELi10EL9ap_q_mode5EL9a_218"/></StgValue>
</bind>
</comp>

<comp id="62" class="1000" name="void_compute_pool_buffer_2d_array_const_ap_shift_reg_n_filt_stream_kernel_10">
<pin_list>
<pin id="63" dir="1" index="0" bw="1" slack="0"/>
</pin_list>
<bind>
<StgValue><ssdm name="void_compute_pool_buffer_2d_array_const_ap_shift_reg_n_filt_stream_kernel_10"/></StgValue>
</bind>
</comp>

<comp id="64" class="1000" name="p_ZZN4nnet22compute_pool_buffer_2dINS_5arrayI8ap_fixedILi20ELi10EL9ap_q_mode5EL9a_219">
<pin_list>
<pin id="65" dir="1" index="0" bw="1" slack="0"/>
</pin_list>
<bind>
<StgValue><ssdm name="p_ZZN4nnet22compute_pool_buffer_2dINS_5arrayI8ap_fixedILi20ELi10EL9ap_q_mode5EL9a_219"/></StgValue>
</bind>
</comp>

<comp id="66" class="1000" name="p_ZZN4nnet22compute_pool_buffer_2dINS_5arrayI8ap_fixedILi20ELi10EL9ap_q_mode5EL9a_207">
<pin_list>
<pin id="67" dir="1" index="0" bw="1" slack="0"/>
</pin_list>
<bind>
<StgValue><ssdm name="p_ZZN4nnet22compute_pool_buffer_2dINS_5arrayI8ap_fixedILi20ELi10EL9ap_q_mode5EL9a_207"/></StgValue>
</bind>
</comp>

<comp id="68" class="1000" name="p_ZZN4nnet22compute_pool_buffer_2dINS_5arrayI8ap_fixedILi20ELi10EL9ap_q_mode5EL9a_220">
<pin_list>
<pin id="69" dir="1" index="0" bw="1" slack="0"/>
</pin_list>
<bind>
<StgValue><ssdm name="p_ZZN4nnet22compute_pool_buffer_2dINS_5arrayI8ap_fixedILi20ELi10EL9ap_q_mode5EL9a_220"/></StgValue>
</bind>
</comp>

<comp id="70" class="1000" name="p_ZZN4nnet22compute_pool_buffer_2dINS_5arrayI8ap_fixedILi20ELi10EL9ap_q_mode5EL9a_208">
<pin_list>
<pin id="71" dir="1" index="0" bw="1" slack="0"/>
</pin_list>
<bind>
<StgValue><ssdm name="p_ZZN4nnet22compute_pool_buffer_2dINS_5arrayI8ap_fixedILi20ELi10EL9ap_q_mode5EL9a_208"/></StgValue>
</bind>
</comp>

<comp id="72" class="1000" name="p_ZZN4nnet22compute_pool_buffer_2dINS_5arrayI8ap_fixedILi20ELi10EL9ap_q_mode5EL9a_233">
<pin_list>
<pin id="73" dir="1" index="0" bw="1" slack="0"/>
</pin_list>
<bind>
<StgValue><ssdm name="p_ZZN4nnet22compute_pool_buffer_2dINS_5arrayI8ap_fixedILi20ELi10EL9ap_q_mode5EL9a_233"/></StgValue>
</bind>
</comp>

<comp id="74" class="1000" name="p_ZZN4nnet22compute_pool_buffer_2dINS_5arrayI8ap_fixedILi20ELi10EL9ap_q_mode5EL9a_221">
<pin_list>
<pin id="75" dir="1" index="0" bw="1" slack="0"/>
</pin_list>
<bind>
<StgValue><ssdm name="p_ZZN4nnet22compute_pool_buffer_2dINS_5arrayI8ap_fixedILi20ELi10EL9ap_q_mode5EL9a_221"/></StgValue>
</bind>
</comp>

<comp id="76" class="1000" name="p_ZZN4nnet22compute_pool_buffer_2dINS_5arrayI8ap_fixedILi20ELi10EL9ap_q_mode5EL9a_234">
<pin_list>
<pin id="77" dir="1" index="0" bw="1" slack="0"/>
</pin_list>
<bind>
<StgValue><ssdm name="p_ZZN4nnet22compute_pool_buffer_2dINS_5arrayI8ap_fixedILi20ELi10EL9ap_q_mode5EL9a_234"/></StgValue>
</bind>
</comp>

<comp id="78" class="1000" name="p_ZZN4nnet22compute_pool_buffer_2dINS_5arrayI8ap_fixedILi20ELi10EL9ap_q_mode5EL9a_222">
<pin_list>
<pin id="79" dir="1" index="0" bw="1" slack="0"/>
</pin_list>
<bind>
<StgValue><ssdm name="p_ZZN4nnet22compute_pool_buffer_2dINS_5arrayI8ap_fixedILi20ELi10EL9ap_q_mode5EL9a_222"/></StgValue>
</bind>
</comp>

<comp id="80" class="1000" name="p_ZZN4nnet22compute_pool_buffer_2dINS_5arrayI8ap_fixedILi20ELi10EL9ap_q_mode5EL9a_235">
<pin_list>
<pin id="81" dir="1" index="0" bw="1" slack="0"/>
</pin_list>
<bind>
<StgValue><ssdm name="p_ZZN4nnet22compute_pool_buffer_2dINS_5arrayI8ap_fixedILi20ELi10EL9ap_q_mode5EL9a_235"/></StgValue>
</bind>
</comp>

<comp id="82" class="1000" name="p_ZZN4nnet22compute_pool_buffer_2dINS_5arrayI8ap_fixedILi20ELi10EL9ap_q_mode5EL9a_223">
<pin_list>
<pin id="83" dir="1" index="0" bw="1" slack="0"/>
</pin_list>
<bind>
<StgValue><ssdm name="p_ZZN4nnet22compute_pool_buffer_2dINS_5arrayI8ap_fixedILi20ELi10EL9ap_q_mode5EL9a_223"/></StgValue>
</bind>
</comp>

<comp id="84" class="1000" name="p_ZZN4nnet22compute_pool_buffer_2dINS_5arrayI8ap_fixedILi20ELi10EL9ap_q_mode5EL9a_236">
<pin_list>
<pin id="85" dir="1" index="0" bw="1" slack="0"/>
</pin_list>
<bind>
<StgValue><ssdm name="p_ZZN4nnet22compute_pool_buffer_2dINS_5arrayI8ap_fixedILi20ELi10EL9ap_q_mode5EL9a_236"/></StgValue>
</bind>
</comp>

<comp id="86" class="1000" name="p_ZZN4nnet22compute_pool_buffer_2dINS_5arrayI8ap_fixedILi20ELi10EL9ap_q_mode5EL9a_224">
<pin_list>
<pin id="87" dir="1" index="0" bw="1" slack="0"/>
</pin_list>
<bind>
<StgValue><ssdm name="p_ZZN4nnet22compute_pool_buffer_2dINS_5arrayI8ap_fixedILi20ELi10EL9ap_q_mode5EL9a_224"/></StgValue>
</bind>
</comp>

<comp id="88" class="1000" name="p_ZZN4nnet22compute_pool_buffer_2dINS_5arrayI8ap_fixedILi20ELi10EL9ap_q_mode5EL9a_237">
<pin_list>
<pin id="89" dir="1" index="0" bw="1" slack="0"/>
</pin_list>
<bind>
<StgValue><ssdm name="p_ZZN4nnet22compute_pool_buffer_2dINS_5arrayI8ap_fixedILi20ELi10EL9ap_q_mode5EL9a_237"/></StgValue>
</bind>
</comp>

<comp id="90" class="1000" name="p_ZZN4nnet22compute_pool_buffer_2dINS_5arrayI8ap_fixedILi20ELi10EL9ap_q_mode5EL9a_225">
<pin_list>
<pin id="91" dir="1" index="0" bw="1" slack="0"/>
</pin_list>
<bind>
<StgValue><ssdm name="p_ZZN4nnet22compute_pool_buffer_2dINS_5arrayI8ap_fixedILi20ELi10EL9ap_q_mode5EL9a_225"/></StgValue>
</bind>
</comp>

<comp id="92" class="1000" name="p_ZZN4nnet22compute_pool_buffer_2dINS_5arrayI8ap_fixedILi20ELi10EL9ap_q_mode5EL9a_238">
<pin_list>
<pin id="93" dir="1" index="0" bw="1" slack="0"/>
</pin_list>
<bind>
<StgValue><ssdm name="p_ZZN4nnet22compute_pool_buffer_2dINS_5arrayI8ap_fixedILi20ELi10EL9ap_q_mode5EL9a_238"/></StgValue>
</bind>
</comp>

<comp id="94" class="1000" name="p_ZZN4nnet22compute_pool_buffer_2dINS_5arrayI8ap_fixedILi20ELi10EL9ap_q_mode5EL9a_226">
<pin_list>
<pin id="95" dir="1" index="0" bw="1" slack="0"/>
</pin_list>
<bind>
<StgValue><ssdm name="p_ZZN4nnet22compute_pool_buffer_2dINS_5arrayI8ap_fixedILi20ELi10EL9ap_q_mode5EL9a_226"/></StgValue>
</bind>
</comp>

<comp id="96" class="1000" name="p_ZZN4nnet22compute_pool_buffer_2dINS_5arrayI8ap_fixedILi20ELi10EL9ap_q_mode5EL9a_239">
<pin_list>
<pin id="97" dir="1" index="0" bw="1" slack="0"/>
</pin_list>
<bind>
<StgValue><ssdm name="p_ZZN4nnet22compute_pool_buffer_2dINS_5arrayI8ap_fixedILi20ELi10EL9ap_q_mode5EL9a_239"/></StgValue>
</bind>
</comp>

<comp id="98" class="1000" name="p_ZZN4nnet22compute_pool_buffer_2dINS_5arrayI8ap_fixedILi20ELi10EL9ap_q_mode5EL9a_227">
<pin_list>
<pin id="99" dir="1" index="0" bw="1" slack="0"/>
</pin_list>
<bind>
<StgValue><ssdm name="p_ZZN4nnet22compute_pool_buffer_2dINS_5arrayI8ap_fixedILi20ELi10EL9ap_q_mode5EL9a_227"/></StgValue>
</bind>
</comp>

<comp id="100" class="1000" name="p_ZZN4nnet22compute_pool_buffer_2dINS_5arrayI8ap_fixedILi20ELi10EL9ap_q_mode5EL9a_240">
<pin_list>
<pin id="101" dir="1" index="0" bw="1" slack="0"/>
</pin_list>
<bind>
<StgValue><ssdm name="p_ZZN4nnet22compute_pool_buffer_2dINS_5arrayI8ap_fixedILi20ELi10EL9ap_q_mode5EL9a_240"/></StgValue>
</bind>
</comp>

<comp id="102" class="1000" name="p_ZZN4nnet22compute_pool_buffer_2dINS_5arrayI8ap_fixedILi20ELi10EL9ap_q_mode5EL9a_228">
<pin_list>
<pin id="103" dir="1" index="0" bw="1" slack="0"/>
</pin_list>
<bind>
<StgValue><ssdm name="p_ZZN4nnet22compute_pool_buffer_2dINS_5arrayI8ap_fixedILi20ELi10EL9ap_q_mode5EL9a_228"/></StgValue>
</bind>
</comp>

<comp id="104" class="1000" name="p_ZZN4nnet22compute_pool_buffer_2dINS_5arrayI8ap_fixedILi20ELi10EL9ap_q_mode5EL9a_241">
<pin_list>
<pin id="105" dir="1" index="0" bw="1" slack="0"/>
</pin_list>
<bind>
<StgValue><ssdm name="p_ZZN4nnet22compute_pool_buffer_2dINS_5arrayI8ap_fixedILi20ELi10EL9ap_q_mode5EL9a_241"/></StgValue>
</bind>
</comp>

<comp id="106" class="1000" name="p_ZZN4nnet22compute_pool_buffer_2dINS_5arrayI8ap_fixedILi20ELi10EL9ap_q_mode5EL9a_229">
<pin_list>
<pin id="107" dir="1" index="0" bw="1" slack="0"/>
</pin_list>
<bind>
<StgValue><ssdm name="p_ZZN4nnet22compute_pool_buffer_2dINS_5arrayI8ap_fixedILi20ELi10EL9ap_q_mode5EL9a_229"/></StgValue>
</bind>
</comp>

<comp id="108" class="1000" name="p_ZZN4nnet22compute_pool_buffer_2dINS_5arrayI8ap_fixedILi20ELi10EL9ap_q_mode5EL9a_242">
<pin_list>
<pin id="109" dir="1" index="0" bw="1" slack="0"/>
</pin_list>
<bind>
<StgValue><ssdm name="p_ZZN4nnet22compute_pool_buffer_2dINS_5arrayI8ap_fixedILi20ELi10EL9ap_q_mode5EL9a_242"/></StgValue>
</bind>
</comp>

<comp id="110" class="1000" name="p_ZZN4nnet22compute_pool_buffer_2dINS_5arrayI8ap_fixedILi20ELi10EL9ap_q_mode5EL9a_230">
<pin_list>
<pin id="111" dir="1" index="0" bw="1" slack="0"/>
</pin_list>
<bind>
<StgValue><ssdm name="p_ZZN4nnet22compute_pool_buffer_2dINS_5arrayI8ap_fixedILi20ELi10EL9ap_q_mode5EL9a_230"/></StgValue>
</bind>
</comp>

<comp id="112" class="1000" name="p_ZZN4nnet22compute_pool_buffer_2dINS_5arrayI8ap_fixedILi20ELi10EL9ap_q_mode5EL9a_243">
<pin_list>
<pin id="113" dir="1" index="0" bw="1" slack="0"/>
</pin_list>
<bind>
<StgValue><ssdm name="p_ZZN4nnet22compute_pool_buffer_2dINS_5arrayI8ap_fixedILi20ELi10EL9ap_q_mode5EL9a_243"/></StgValue>
</bind>
</comp>

<comp id="114" class="1000" name="p_ZZN4nnet22compute_pool_buffer_2dINS_5arrayI8ap_fixedILi20ELi10EL9ap_q_mode5EL9a_231">
<pin_list>
<pin id="115" dir="1" index="0" bw="1" slack="0"/>
</pin_list>
<bind>
<StgValue><ssdm name="p_ZZN4nnet22compute_pool_buffer_2dINS_5arrayI8ap_fixedILi20ELi10EL9ap_q_mode5EL9a_231"/></StgValue>
</bind>
</comp>

<comp id="116" class="1000" name="p_ZZN4nnet22compute_pool_buffer_2dINS_5arrayI8ap_fixedILi20ELi10EL9ap_q_mode5EL9a_244">
<pin_list>
<pin id="117" dir="1" index="0" bw="1" slack="0"/>
</pin_list>
<bind>
<StgValue><ssdm name="p_ZZN4nnet22compute_pool_buffer_2dINS_5arrayI8ap_fixedILi20ELi10EL9ap_q_mode5EL9a_244"/></StgValue>
</bind>
</comp>

<comp id="118" class="1000" name="p_ZZN4nnet22compute_pool_buffer_2dINS_5arrayI8ap_fixedILi20ELi10EL9ap_q_mode5EL9a_232">
<pin_list>
<pin id="119" dir="1" index="0" bw="1" slack="0"/>
</pin_list>
<bind>
<StgValue><ssdm name="p_ZZN4nnet22compute_pool_buffer_2dINS_5arrayI8ap_fixedILi20ELi10EL9ap_q_mode5EL9a_232"/></StgValue>
</bind>
</comp>

<comp id="120" class="1000" name="void_pooling2d_cl_stream_stream_array_ap_fixed_12u_0_line_buffer_9">
<pin_list>
<pin id="121" dir="1" index="0" bw="1" slack="2147483647"/>
</pin_list>
<bind>
<StgValue><ssdm name="void_pooling2d_cl_stream_stream_array_ap_fixed_12u_0_line_buffer_9"/><MemPortTyVec>2 </MemPortTyVec>
</StgValue>
</bind>
</comp>

<comp id="122" class="1000" name="void_pooling2d_cl_stream_stream_array_ap_fixed_12u_0_line_buffer_8">
<pin_list>
<pin id="123" dir="1" index="0" bw="1" slack="2147483647"/>
</pin_list>
<bind>
<StgValue><ssdm name="void_pooling2d_cl_stream_stream_array_ap_fixed_12u_0_line_buffer_8"/><MemPortTyVec>2 </MemPortTyVec>
</StgValue>
</bind>
</comp>

<comp id="124" class="1000" name="void_pooling2d_cl_stream_stream_array_ap_fixed_12u_0_line_buffer_7">
<pin_list>
<pin id="125" dir="1" index="0" bw="1" slack="2147483647"/>
</pin_list>
<bind>
<StgValue><ssdm name="void_pooling2d_cl_stream_stream_array_ap_fixed_12u_0_line_buffer_7"/><MemPortTyVec>2 </MemPortTyVec>
</StgValue>
</bind>
</comp>

<comp id="126" class="1000" name="void_pooling2d_cl_stream_stream_array_ap_fixed_12u_0_line_buffer_6">
<pin_list>
<pin id="127" dir="1" index="0" bw="1" slack="2147483647"/>
</pin_list>
<bind>
<StgValue><ssdm name="void_pooling2d_cl_stream_stream_array_ap_fixed_12u_0_line_buffer_6"/><MemPortTyVec>2 </MemPortTyVec>
</StgValue>
</bind>
</comp>

<comp id="128" class="1000" name="void_pooling2d_cl_stream_stream_array_ap_fixed_12u_0_line_buffer_5">
<pin_list>
<pin id="129" dir="1" index="0" bw="1" slack="2147483647"/>
</pin_list>
<bind>
<StgValue><ssdm name="void_pooling2d_cl_stream_stream_array_ap_fixed_12u_0_line_buffer_5"/><MemPortTyVec>2 </MemPortTyVec>
</StgValue>
</bind>
</comp>

<comp id="130" class="1000" name="void_pooling2d_cl_stream_stream_array_ap_fixed_12u_0_line_buffer_4">
<pin_list>
<pin id="131" dir="1" index="0" bw="1" slack="2147483647"/>
</pin_list>
<bind>
<StgValue><ssdm name="void_pooling2d_cl_stream_stream_array_ap_fixed_12u_0_line_buffer_4"/><MemPortTyVec>2 </MemPortTyVec>
</StgValue>
</bind>
</comp>

<comp id="132" class="1000" name="void_pooling2d_cl_stream_stream_array_ap_fixed_12u_0_line_buffer_3">
<pin_list>
<pin id="133" dir="1" index="0" bw="1" slack="2147483647"/>
</pin_list>
<bind>
<StgValue><ssdm name="void_pooling2d_cl_stream_stream_array_ap_fixed_12u_0_line_buffer_3"/><MemPortTyVec>2 </MemPortTyVec>
</StgValue>
</bind>
</comp>

<comp id="134" class="1000" name="void_pooling2d_cl_stream_stream_array_ap_fixed_12u_0_line_buffer_2">
<pin_list>
<pin id="135" dir="1" index="0" bw="1" slack="2147483647"/>
</pin_list>
<bind>
<StgValue><ssdm name="void_pooling2d_cl_stream_stream_array_ap_fixed_12u_0_line_buffer_2"/><MemPortTyVec>2 </MemPortTyVec>
</StgValue>
</bind>
</comp>

<comp id="136" class="1000" name="void_pooling2d_cl_stream_stream_array_ap_fixed_12u_0_line_buffer_1">
<pin_list>
<pin id="137" dir="1" index="0" bw="1" slack="2147483647"/>
</pin_list>
<bind>
<StgValue><ssdm name="void_pooling2d_cl_stream_stream_array_ap_fixed_12u_0_line_buffer_1"/><MemPortTyVec>2 </MemPortTyVec>
</StgValue>
</bind>
</comp>

<comp id="138" class="1000" name="void_pooling2d_cl_stream_stream_array_ap_fixed_12u_0_line_buffer">
<pin_list>
<pin id="139" dir="1" index="0" bw="1" slack="2147483647"/>
</pin_list>
<bind>
<StgValue><ssdm name="void_pooling2d_cl_stream_stream_array_ap_fixed_12u_0_line_buffer"/><MemPortTyVec>2 </MemPortTyVec>
</StgValue>
</bind>
</comp>

<comp id="140" class="1000" name="p_ZZN4nnet12pooling2d_clINS_5arrayI8ap_fixedILi20ELi10EL9ap_q_mode5EL9ap_o_mode3E_9">
<pin_list>
<pin id="141" dir="1" index="0" bw="1" slack="2147483647"/>
</pin_list>
<bind>
<StgValue><ssdm name="p_ZZN4nnet12pooling2d_clINS_5arrayI8ap_fixedILi20ELi10EL9ap_q_mode5EL9ap_o_mode3E_9"/><MemPortTyVec>2 </MemPortTyVec>
</StgValue>
</bind>
</comp>

<comp id="142" class="1000" name="p_ZZN4nnet12pooling2d_clINS_5arrayI8ap_fixedILi20ELi10EL9ap_q_mode5EL9ap_o_mode3E_8">
<pin_list>
<pin id="143" dir="1" index="0" bw="1" slack="2147483647"/>
</pin_list>
<bind>
<StgValue><ssdm name="p_ZZN4nnet12pooling2d_clINS_5arrayI8ap_fixedILi20ELi10EL9ap_q_mode5EL9ap_o_mode3E_8"/><MemPortTyVec>2 </MemPortTyVec>
</StgValue>
</bind>
</comp>

<comp id="144" class="1001" name="const_144">
<pin_list>
<pin id="145" dir="1" index="0" bw="1" slack="2147483647"/>
</pin_list>
<bind>
<StgValue><ssdm name="_ssdm_op_SpecPipeline"/></StgValue>
</bind>
</comp>

<comp id="146" class="1001" name="const_146">
<pin_list>
<pin id="147" dir="1" index="0" bw="1" slack="2147483647"/>
</pin_list>
<bind>
<StgValue><ssdm name=""/></StgValue>
</bind>
</comp>

<comp id="148" class="1001" name="const_148">
<pin_list>
<pin id="149" dir="1" index="0" bw="1" slack="2147483647"/>
</pin_list>
<bind>
<StgValue><ssdm name=""/></StgValue>
</bind>
</comp>

<comp id="150" class="1001" name="const_150">
<pin_list>
<pin id="151" dir="1" index="0" bw="1" slack="2147483647"/>
</pin_list>
<bind>
<StgValue><ssdm name="empty_5"/></StgValue>
</bind>
</comp>

<comp id="152" class="1001" name="const_152">
<pin_list>
<pin id="153" dir="1" index="0" bw="1" slack="0"/>
</pin_list>
<bind>
<StgValue><ssdm name="_ssdm_op_Read.ap_auto.i20"/></StgValue>
</bind>
</comp>

<comp id="154" class="1001" name="const_154">
<pin_list>
<pin id="155" dir="1" index="0" bw="1" slack="0"/>
</pin_list>
<bind>
<StgValue><ssdm name="_ssdm_op_MemShiftRead.[51 x i20]P0A"/></StgValue>
</bind>
</comp>

<comp id="156" class="1001" name="const_156">
<pin_list>
<pin id="157" dir="1" index="0" bw="1" slack="0"/>
</pin_list>
<bind>
<StgValue><ssdm name=""/></StgValue>
</bind>
</comp>

<comp id="158" class="1001" name="const_158">
<pin_list>
<pin id="159" dir="1" index="0" bw="1" slack="0"/>
</pin_list>
<bind>
<StgValue><ssdm name=""/></StgValue>
</bind>
</comp>

<comp id="160" class="1001" name="const_160">
<pin_list>
<pin id="161" dir="1" index="0" bw="1" slack="0"/>
</pin_list>
<bind>
<StgValue><ssdm name=""/></StgValue>
</bind>
</comp>

<comp id="162" class="1001" name="const_162">
<pin_list>
<pin id="163" dir="1" index="0" bw="1" slack="0"/>
</pin_list>
<bind>
<StgValue><ssdm name=""/></StgValue>
</bind>
</comp>

<comp id="164" class="1001" name="const_164">
<pin_list>
<pin id="165" dir="1" index="0" bw="1" slack="0"/>
</pin_list>
<bind>
<StgValue><ssdm name=""/></StgValue>
</bind>
</comp>

<comp id="166" class="1001" name="const_166">
<pin_list>
<pin id="167" dir="1" index="0" bw="1" slack="0"/>
</pin_list>
<bind>
<StgValue><ssdm name=""/></StgValue>
</bind>
</comp>

<comp id="168" class="1001" name="const_168">
<pin_list>
<pin id="169" dir="1" index="0" bw="1" slack="0"/>
</pin_list>
<bind>
<StgValue><ssdm name=""/></StgValue>
</bind>
</comp>

<comp id="170" class="1001" name="const_170">
<pin_list>
<pin id="171" dir="1" index="0" bw="1" slack="0"/>
</pin_list>
<bind>
<StgValue><ssdm name=""/></StgValue>
</bind>
</comp>

<comp id="172" class="1001" name="const_172">
<pin_list>
<pin id="173" dir="1" index="0" bw="1" slack="0"/>
</pin_list>
<bind>
<StgValue><ssdm name=""/></StgValue>
</bind>
</comp>

<comp id="174" class="1001" name="const_174">
<pin_list>
<pin id="175" dir="1" index="0" bw="1" slack="0"/>
</pin_list>
<bind>
<StgValue><ssdm name=""/></StgValue>
</bind>
</comp>

<comp id="176" class="1001" name="const_176">
<pin_list>
<pin id="177" dir="1" index="0" bw="1" slack="0"/>
</pin_list>
<bind>
<StgValue><ssdm name=""/></StgValue>
</bind>
</comp>

<comp id="178" class="1001" name="const_178">
<pin_list>
<pin id="179" dir="1" index="0" bw="1" slack="0"/>
</pin_list>
<bind>
<StgValue><ssdm name=""/></StgValue>
</bind>
</comp>

<comp id="180" class="1001" name="const_180">
<pin_list>
<pin id="181" dir="1" index="0" bw="1" slack="0"/>
</pin_list>
<bind>
<StgValue><ssdm name=""/></StgValue>
</bind>
</comp>

<comp id="182" class="1004" name="p_read_31_read_fu_182">
<pin_list>
<pin id="183" dir="0" index="0" bw="20" slack="0"/>
<pin id="184" dir="0" index="1" bw="20" slack="0"/>
<pin id="185" dir="1" index="2" bw="20" slack="0"/>
</pin_list>
<bind>
<opcode="read(1150) " fcode="read"/>
<opset="p_read_31/1 "/>
</bind>
</comp>

<comp id="188" class="1004" name="p_read_32_read_fu_188">
<pin_list>
<pin id="189" dir="0" index="0" bw="20" slack="0"/>
<pin id="190" dir="0" index="1" bw="20" slack="0"/>
<pin id="191" dir="1" index="2" bw="20" slack="0"/>
</pin_list>
<bind>
<opcode="read(1150) " fcode="read"/>
<opset="p_read_32/1 "/>
</bind>
</comp>

<comp id="194" class="1004" name="p_read_33_read_fu_194">
<pin_list>
<pin id="195" dir="0" index="0" bw="20" slack="0"/>
<pin id="196" dir="0" index="1" bw="20" slack="0"/>
<pin id="197" dir="1" index="2" bw="20" slack="0"/>
</pin_list>
<bind>
<opcode="read(1150) " fcode="read"/>
<opset="p_read_33/1 "/>
</bind>
</comp>

<comp id="200" class="1004" name="p_read_34_read_fu_200">
<pin_list>
<pin id="201" dir="0" index="0" bw="20" slack="0"/>
<pin id="202" dir="0" index="1" bw="20" slack="0"/>
<pin id="203" dir="1" index="2" bw="20" slack="0"/>
</pin_list>
<bind>
<opcode="read(1150) " fcode="read"/>
<opset="p_read_34/1 "/>
</bind>
</comp>

<comp id="206" class="1004" name="p_read_35_read_fu_206">
<pin_list>
<pin id="207" dir="0" index="0" bw="20" slack="0"/>
<pin id="208" dir="0" index="1" bw="20" slack="0"/>
<pin id="209" dir="1" index="2" bw="20" slack="0"/>
</pin_list>
<bind>
<opcode="read(1150) " fcode="read"/>
<opset="p_read_35/1 "/>
</bind>
</comp>

<comp id="212" class="1004" name="p_read_36_read_fu_212">
<pin_list>
<pin id="213" dir="0" index="0" bw="20" slack="0"/>
<pin id="214" dir="0" index="1" bw="20" slack="0"/>
<pin id="215" dir="1" index="2" bw="20" slack="0"/>
</pin_list>
<bind>
<opcode="read(1150) " fcode="read"/>
<opset="p_read_36/1 "/>
</bind>
</comp>

<comp id="218" class="1004" name="p_read_37_read_fu_218">
<pin_list>
<pin id="219" dir="0" index="0" bw="20" slack="0"/>
<pin id="220" dir="0" index="1" bw="20" slack="0"/>
<pin id="221" dir="1" index="2" bw="20" slack="0"/>
</pin_list>
<bind>
<opcode="read(1150) " fcode="read"/>
<opset="p_read_37/1 "/>
</bind>
</comp>

<comp id="224" class="1004" name="p_read_38_read_fu_224">
<pin_list>
<pin id="225" dir="0" index="0" bw="20" slack="0"/>
<pin id="226" dir="0" index="1" bw="20" slack="0"/>
<pin id="227" dir="1" index="2" bw="20" slack="0"/>
</pin_list>
<bind>
<opcode="read(1150) " fcode="read"/>
<opset="p_read_38/1 "/>
</bind>
</comp>

<comp id="230" class="1004" name="p_read_39_read_fu_230">
<pin_list>
<pin id="231" dir="0" index="0" bw="20" slack="0"/>
<pin id="232" dir="0" index="1" bw="20" slack="0"/>
<pin id="233" dir="1" index="2" bw="20" slack="0"/>
</pin_list>
<bind>
<opcode="read(1150) " fcode="read"/>
<opset="p_read_39/1 "/>
</bind>
</comp>

<comp id="236" class="1004" name="p_read_40_read_fu_236">
<pin_list>
<pin id="237" dir="0" index="0" bw="20" slack="0"/>
<pin id="238" dir="0" index="1" bw="20" slack="0"/>
<pin id="239" dir="1" index="2" bw="20" slack="0"/>
</pin_list>
<bind>
<opcode="read(1150) " fcode="read"/>
<opset="p_read_40/1 "/>
</bind>
</comp>

<comp id="242" class="1004" name="p_read_41_read_fu_242">
<pin_list>
<pin id="243" dir="0" index="0" bw="20" slack="0"/>
<pin id="244" dir="0" index="1" bw="20" slack="0"/>
<pin id="245" dir="1" index="2" bw="20" slack="0"/>
</pin_list>
<bind>
<opcode="read(1150) " fcode="read"/>
<opset="p_read_41/1 "/>
</bind>
</comp>

<comp id="248" class="1004" name="p_read_42_read_fu_248">
<pin_list>
<pin id="249" dir="0" index="0" bw="20" slack="0"/>
<pin id="250" dir="0" index="1" bw="20" slack="0"/>
<pin id="251" dir="1" index="2" bw="20" slack="0"/>
</pin_list>
<bind>
<opcode="read(1150) " fcode="read"/>
<opset="p_read_42/1 "/>
</bind>
</comp>

<comp id="254" class="1004" name="p_023_i_fu_254">
<pin_list>
<pin id="255" dir="0" index="0" bw="20" slack="0"/>
<pin id="256" dir="0" index="1" bw="20" slack="0"/>
<pin id="257" dir="0" index="2" bw="20" slack="0"/>
<pin id="258" dir="0" index="3" bw="1" slack="0"/>
<pin id="259" dir="1" index="4" bw="20" slack="0"/>
</pin_list>
<bind>
<opcode="memshiftread(1195) " fcode="memshiftread"/>
<opset="p_023_i/1 "/>
</bind>
</comp>

<comp id="264" class="1004" name="p_024_i_fu_264">
<pin_list>
<pin id="265" dir="0" index="0" bw="20" slack="0"/>
<pin id="266" dir="0" index="1" bw="20" slack="0"/>
<pin id="267" dir="0" index="2" bw="20" slack="0"/>
<pin id="268" dir="0" index="3" bw="1" slack="0"/>
<pin id="269" dir="1" index="4" bw="20" slack="0"/>
</pin_list>
<bind>
<opcode="memshiftread(1195) " fcode="memshiftread"/>
<opset="p_024_i/1 "/>
</bind>
</comp>

<comp id="274" class="1004" name="p_025_i_fu_274">
<pin_list>
<pin id="275" dir="0" index="0" bw="20" slack="0"/>
<pin id="276" dir="0" index="1" bw="20" slack="0"/>
<pin id="277" dir="0" index="2" bw="20" slack="0"/>
<pin id="278" dir="0" index="3" bw="1" slack="0"/>
<pin id="279" dir="1" index="4" bw="20" slack="0"/>
</pin_list>
<bind>
<opcode="memshiftread(1195) " fcode="memshiftread"/>
<opset="p_025_i/1 "/>
</bind>
</comp>

<comp id="284" class="1004" name="p_026_i_fu_284">
<pin_list>
<pin id="285" dir="0" index="0" bw="20" slack="0"/>
<pin id="286" dir="0" index="1" bw="20" slack="0"/>
<pin id="287" dir="0" index="2" bw="20" slack="0"/>
<pin id="288" dir="0" index="3" bw="1" slack="0"/>
<pin id="289" dir="1" index="4" bw="20" slack="0"/>
</pin_list>
<bind>
<opcode="memshiftread(1195) " fcode="memshiftread"/>
<opset="p_026_i/1 "/>
</bind>
</comp>

<comp id="294" class="1004" name="p_027_i_fu_294">
<pin_list>
<pin id="295" dir="0" index="0" bw="20" slack="0"/>
<pin id="296" dir="0" index="1" bw="20" slack="0"/>
<pin id="297" dir="0" index="2" bw="20" slack="0"/>
<pin id="298" dir="0" index="3" bw="1" slack="0"/>
<pin id="299" dir="1" index="4" bw="20" slack="0"/>
</pin_list>
<bind>
<opcode="memshiftread(1195) " fcode="memshiftread"/>
<opset="p_027_i/1 "/>
</bind>
</comp>

<comp id="304" class="1004" name="p_028_i_fu_304">
<pin_list>
<pin id="305" dir="0" index="0" bw="20" slack="0"/>
<pin id="306" dir="0" index="1" bw="20" slack="0"/>
<pin id="307" dir="0" index="2" bw="20" slack="0"/>
<pin id="308" dir="0" index="3" bw="1" slack="0"/>
<pin id="309" dir="1" index="4" bw="20" slack="0"/>
</pin_list>
<bind>
<opcode="memshiftread(1195) " fcode="memshiftread"/>
<opset="p_028_i/1 "/>
</bind>
</comp>

<comp id="314" class="1004" name="p_029_i_fu_314">
<pin_list>
<pin id="315" dir="0" index="0" bw="20" slack="0"/>
<pin id="316" dir="0" index="1" bw="20" slack="0"/>
<pin id="317" dir="0" index="2" bw="20" slack="0"/>
<pin id="318" dir="0" index="3" bw="1" slack="0"/>
<pin id="319" dir="1" index="4" bw="20" slack="0"/>
</pin_list>
<bind>
<opcode="memshiftread(1195) " fcode="memshiftread"/>
<opset="p_029_i/1 "/>
</bind>
</comp>

<comp id="324" class="1004" name="p_030_i_fu_324">
<pin_list>
<pin id="325" dir="0" index="0" bw="20" slack="0"/>
<pin id="326" dir="0" index="1" bw="20" slack="0"/>
<pin id="327" dir="0" index="2" bw="20" slack="0"/>
<pin id="328" dir="0" index="3" bw="1" slack="0"/>
<pin id="329" dir="1" index="4" bw="20" slack="0"/>
</pin_list>
<bind>
<opcode="memshiftread(1195) " fcode="memshiftread"/>
<opset="p_030_i/1 "/>
</bind>
</comp>

<comp id="334" class="1004" name="p_031_i_fu_334">
<pin_list>
<pin id="335" dir="0" index="0" bw="20" slack="0"/>
<pin id="336" dir="0" index="1" bw="20" slack="0"/>
<pin id="337" dir="0" index="2" bw="20" slack="0"/>
<pin id="338" dir="0" index="3" bw="1" slack="0"/>
<pin id="339" dir="1" index="4" bw="20" slack="0"/>
</pin_list>
<bind>
<opcode="memshiftread(1195) " fcode="memshiftread"/>
<opset="p_031_i/1 "/>
</bind>
</comp>

<comp id="344" class="1004" name="p_032_i_fu_344">
<pin_list>
<pin id="345" dir="0" index="0" bw="20" slack="0"/>
<pin id="346" dir="0" index="1" bw="20" slack="0"/>
<pin id="347" dir="0" index="2" bw="20" slack="0"/>
<pin id="348" dir="0" index="3" bw="1" slack="0"/>
<pin id="349" dir="1" index="4" bw="20" slack="0"/>
</pin_list>
<bind>
<opcode="memshiftread(1195) " fcode="memshiftread"/>
<opset="p_032_i/1 "/>
</bind>
</comp>

<comp id="354" class="1004" name="p_033_i_fu_354">
<pin_list>
<pin id="355" dir="0" index="0" bw="20" slack="0"/>
<pin id="356" dir="0" index="1" bw="20" slack="0"/>
<pin id="357" dir="0" index="2" bw="20" slack="0"/>
<pin id="358" dir="0" index="3" bw="1" slack="0"/>
<pin id="359" dir="1" index="4" bw="20" slack="0"/>
</pin_list>
<bind>
<opcode="memshiftread(1195) " fcode="memshiftread"/>
<opset="p_033_i/1 "/>
</bind>
</comp>

<comp id="364" class="1004" name="p_0_i_fu_364">
<pin_list>
<pin id="365" dir="0" index="0" bw="20" slack="0"/>
<pin id="366" dir="0" index="1" bw="20" slack="0"/>
<pin id="367" dir="0" index="2" bw="20" slack="0"/>
<pin id="368" dir="0" index="3" bw="1" slack="0"/>
<pin id="369" dir="1" index="4" bw="20" slack="0"/>
</pin_list>
<bind>
<opcode="memshiftread(1195) " fcode="memshiftread"/>
<opset="p_0_i/1 "/>
</bind>
</comp>

<comp id="374" class="1004" name="p_ZZN4nnet22compute_pool_buffer_2dINS_5arrayI8ap_fixedILi20ELi10EL9ap_q_mode5EL9a_459_load_fu_374">
<pin_list>
<pin id="375" dir="0" index="0" bw="20" slack="0"/>
<pin id="376" dir="1" index="1" bw="20" slack="0"/>
</pin_list>
<bind>
<opcode="load(27) " fcode="load"/>
<opset="p_ZZN4nnet22compute_pool_buffer_2dINS_5arrayI8ap_fixedILi20ELi10EL9ap_q_mode5EL9a_459/1 "/>
</bind>
</comp>

<comp id="378" class="1004" name="store_ln196_store_fu_378">
<pin_list>
<pin id="379" dir="0" index="0" bw="20" slack="0"/>
<pin id="380" dir="0" index="1" bw="20" slack="0"/>
<pin id="381" dir="1" index="2" bw="0" slack="2147483647"/>
</pin_list>
<bind>
<opcode="store(28) " fcode="store"/>
<opset="store_ln196/1 "/>
</bind>
</comp>

<comp id="384" class="1004" name="p_ZZN4nnet22compute_pool_buffer_2dINS_5arrayI8ap_fixedILi20ELi10EL9ap_q_mode5EL9a_460_load_fu_384">
<pin_list>
<pin id="385" dir="0" index="0" bw="20" slack="0"/>
<pin id="386" dir="1" index="1" bw="20" slack="0"/>
</pin_list>
<bind>
<opcode="load(27) " fcode="load"/>
<opset="p_ZZN4nnet22compute_pool_buffer_2dINS_5arrayI8ap_fixedILi20ELi10EL9ap_q_mode5EL9a_460/1 "/>
</bind>
</comp>

<comp id="388" class="1004" name="store_ln196_store_fu_388">
<pin_list>
<pin id="389" dir="0" index="0" bw="20" slack="0"/>
<pin id="390" dir="0" index="1" bw="20" slack="0"/>
<pin id="391" dir="1" index="2" bw="0" slack="2147483647"/>
</pin_list>
<bind>
<opcode="store(28) " fcode="store"/>
<opset="store_ln196/1 "/>
</bind>
</comp>

<comp id="394" class="1004" name="p_ZZN4nnet22compute_pool_buffer_2dINS_5arrayI8ap_fixedILi20ELi10EL9ap_q_mode5EL9a_461_load_fu_394">
<pin_list>
<pin id="395" dir="0" index="0" bw="20" slack="0"/>
<pin id="396" dir="1" index="1" bw="20" slack="0"/>
</pin_list>
<bind>
<opcode="load(27) " fcode="load"/>
<opset="p_ZZN4nnet22compute_pool_buffer_2dINS_5arrayI8ap_fixedILi20ELi10EL9ap_q_mode5EL9a_461/1 "/>
</bind>
</comp>

<comp id="398" class="1004" name="store_ln196_store_fu_398">
<pin_list>
<pin id="399" dir="0" index="0" bw="20" slack="0"/>
<pin id="400" dir="0" index="1" bw="20" slack="0"/>
<pin id="401" dir="1" index="2" bw="0" slack="2147483647"/>
</pin_list>
<bind>
<opcode="store(28) " fcode="store"/>
<opset="store_ln196/1 "/>
</bind>
</comp>

<comp id="404" class="1004" name="p_ZZN4nnet22compute_pool_buffer_2dINS_5arrayI8ap_fixedILi20ELi10EL9ap_q_mode5EL9a_462_load_fu_404">
<pin_list>
<pin id="405" dir="0" index="0" bw="20" slack="0"/>
<pin id="406" dir="1" index="1" bw="20" slack="0"/>
</pin_list>
<bind>
<opcode="load(27) " fcode="load"/>
<opset="p_ZZN4nnet22compute_pool_buffer_2dINS_5arrayI8ap_fixedILi20ELi10EL9ap_q_mode5EL9a_462/1 "/>
</bind>
</comp>

<comp id="408" class="1004" name="store_ln196_store_fu_408">
<pin_list>
<pin id="409" dir="0" index="0" bw="20" slack="0"/>
<pin id="410" dir="0" index="1" bw="20" slack="0"/>
<pin id="411" dir="1" index="2" bw="0" slack="2147483647"/>
</pin_list>
<bind>
<opcode="store(28) " fcode="store"/>
<opset="store_ln196/1 "/>
</bind>
</comp>

<comp id="414" class="1004" name="p_ZZN4nnet22compute_pool_buffer_2dINS_5arrayI8ap_fixedILi20ELi10EL9ap_q_mode5EL9a_463_load_fu_414">
<pin_list>
<pin id="415" dir="0" index="0" bw="20" slack="0"/>
<pin id="416" dir="1" index="1" bw="20" slack="0"/>
</pin_list>
<bind>
<opcode="load(27) " fcode="load"/>
<opset="p_ZZN4nnet22compute_pool_buffer_2dINS_5arrayI8ap_fixedILi20ELi10EL9ap_q_mode5EL9a_463/1 "/>
</bind>
</comp>

<comp id="418" class="1004" name="store_ln196_store_fu_418">
<pin_list>
<pin id="419" dir="0" index="0" bw="20" slack="0"/>
<pin id="420" dir="0" index="1" bw="20" slack="0"/>
<pin id="421" dir="1" index="2" bw="0" slack="2147483647"/>
</pin_list>
<bind>
<opcode="store(28) " fcode="store"/>
<opset="store_ln196/1 "/>
</bind>
</comp>

<comp id="424" class="1004" name="p_ZZN4nnet22compute_pool_buffer_2dINS_5arrayI8ap_fixedILi20ELi10EL9ap_q_mode5EL9a_464_load_fu_424">
<pin_list>
<pin id="425" dir="0" index="0" bw="20" slack="0"/>
<pin id="426" dir="1" index="1" bw="20" slack="0"/>
</pin_list>
<bind>
<opcode="load(27) " fcode="load"/>
<opset="p_ZZN4nnet22compute_pool_buffer_2dINS_5arrayI8ap_fixedILi20ELi10EL9ap_q_mode5EL9a_464/1 "/>
</bind>
</comp>

<comp id="428" class="1004" name="store_ln196_store_fu_428">
<pin_list>
<pin id="429" dir="0" index="0" bw="20" slack="0"/>
<pin id="430" dir="0" index="1" bw="20" slack="0"/>
<pin id="431" dir="1" index="2" bw="0" slack="2147483647"/>
</pin_list>
<bind>
<opcode="store(28) " fcode="store"/>
<opset="store_ln196/1 "/>
</bind>
</comp>

<comp id="434" class="1004" name="p_ZZN4nnet22compute_pool_buffer_2dINS_5arrayI8ap_fixedILi20ELi10EL9ap_q_mode5EL9a_465_load_fu_434">
<pin_list>
<pin id="435" dir="0" index="0" bw="20" slack="0"/>
<pin id="436" dir="1" index="1" bw="20" slack="0"/>
</pin_list>
<bind>
<opcode="load(27) " fcode="load"/>
<opset="p_ZZN4nnet22compute_pool_buffer_2dINS_5arrayI8ap_fixedILi20ELi10EL9ap_q_mode5EL9a_465/1 "/>
</bind>
</comp>

<comp id="438" class="1004" name="store_ln196_store_fu_438">
<pin_list>
<pin id="439" dir="0" index="0" bw="20" slack="0"/>
<pin id="440" dir="0" index="1" bw="20" slack="0"/>
<pin id="441" dir="1" index="2" bw="0" slack="2147483647"/>
</pin_list>
<bind>
<opcode="store(28) " fcode="store"/>
<opset="store_ln196/1 "/>
</bind>
</comp>

<comp id="444" class="1004" name="p_ZZN4nnet22compute_pool_buffer_2dINS_5arrayI8ap_fixedILi20ELi10EL9ap_q_mode5EL9a_466_load_fu_444">
<pin_list>
<pin id="445" dir="0" index="0" bw="20" slack="0"/>
<pin id="446" dir="1" index="1" bw="20" slack="0"/>
</pin_list>
<bind>
<opcode="load(27) " fcode="load"/>
<opset="p_ZZN4nnet22compute_pool_buffer_2dINS_5arrayI8ap_fixedILi20ELi10EL9ap_q_mode5EL9a_466/1 "/>
</bind>
</comp>

<comp id="448" class="1004" name="store_ln196_store_fu_448">
<pin_list>
<pin id="449" dir="0" index="0" bw="20" slack="0"/>
<pin id="450" dir="0" index="1" bw="20" slack="0"/>
<pin id="451" dir="1" index="2" bw="0" slack="2147483647"/>
</pin_list>
<bind>
<opcode="store(28) " fcode="store"/>
<opset="store_ln196/1 "/>
</bind>
</comp>

<comp id="454" class="1004" name="p_ZZN4nnet22compute_pool_buffer_2dINS_5arrayI8ap_fixedILi20ELi10EL9ap_q_mode5EL9a_467_load_fu_454">
<pin_list>
<pin id="455" dir="0" index="0" bw="20" slack="0"/>
<pin id="456" dir="1" index="1" bw="20" slack="0"/>
</pin_list>
<bind>
<opcode="load(27) " fcode="load"/>
<opset="p_ZZN4nnet22compute_pool_buffer_2dINS_5arrayI8ap_fixedILi20ELi10EL9ap_q_mode5EL9a_467/1 "/>
</bind>
</comp>

<comp id="458" class="1004" name="store_ln196_store_fu_458">
<pin_list>
<pin id="459" dir="0" index="0" bw="20" slack="0"/>
<pin id="460" dir="0" index="1" bw="20" slack="0"/>
<pin id="461" dir="1" index="2" bw="0" slack="2147483647"/>
</pin_list>
<bind>
<opcode="store(28) " fcode="store"/>
<opset="store_ln196/1 "/>
</bind>
</comp>

<comp id="464" class="1004" name="p_ZZN4nnet22compute_pool_buffer_2dINS_5arrayI8ap_fixedILi20ELi10EL9ap_q_mode5EL9a_468_load_fu_464">
<pin_list>
<pin id="465" dir="0" index="0" bw="20" slack="0"/>
<pin id="466" dir="1" index="1" bw="20" slack="0"/>
</pin_list>
<bind>
<opcode="load(27) " fcode="load"/>
<opset="p_ZZN4nnet22compute_pool_buffer_2dINS_5arrayI8ap_fixedILi20ELi10EL9ap_q_mode5EL9a_468/1 "/>
</bind>
</comp>

<comp id="468" class="1004" name="store_ln196_store_fu_468">
<pin_list>
<pin id="469" dir="0" index="0" bw="20" slack="0"/>
<pin id="470" dir="0" index="1" bw="20" slack="0"/>
<pin id="471" dir="1" index="2" bw="0" slack="2147483647"/>
</pin_list>
<bind>
<opcode="store(28) " fcode="store"/>
<opset="store_ln196/1 "/>
</bind>
</comp>

<comp id="474" class="1004" name="p_ZZN4nnet22compute_pool_buffer_2dINS_5arrayI8ap_fixedILi20ELi10EL9ap_q_mode5EL9a_469_load_fu_474">
<pin_list>
<pin id="475" dir="0" index="0" bw="20" slack="0"/>
<pin id="476" dir="1" index="1" bw="20" slack="0"/>
</pin_list>
<bind>
<opcode="load(27) " fcode="load"/>
<opset="p_ZZN4nnet22compute_pool_buffer_2dINS_5arrayI8ap_fixedILi20ELi10EL9ap_q_mode5EL9a_469/1 "/>
</bind>
</comp>

<comp id="478" class="1004" name="store_ln196_store_fu_478">
<pin_list>
<pin id="479" dir="0" index="0" bw="20" slack="0"/>
<pin id="480" dir="0" index="1" bw="20" slack="0"/>
<pin id="481" dir="1" index="2" bw="0" slack="2147483647"/>
</pin_list>
<bind>
<opcode="store(28) " fcode="store"/>
<opset="store_ln196/1 "/>
</bind>
</comp>

<comp id="484" class="1004" name="p_ZZN4nnet22compute_pool_buffer_2dINS_5arrayI8ap_fixedILi20ELi10EL9ap_q_mode5EL9a_470_load_fu_484">
<pin_list>
<pin id="485" dir="0" index="0" bw="20" slack="0"/>
<pin id="486" dir="1" index="1" bw="20" slack="0"/>
</pin_list>
<bind>
<opcode="load(27) " fcode="load"/>
<opset="p_ZZN4nnet22compute_pool_buffer_2dINS_5arrayI8ap_fixedILi20ELi10EL9ap_q_mode5EL9a_470/1 "/>
</bind>
</comp>

<comp id="488" class="1004" name="store_ln196_store_fu_488">
<pin_list>
<pin id="489" dir="0" index="0" bw="20" slack="0"/>
<pin id="490" dir="0" index="1" bw="20" slack="0"/>
<pin id="491" dir="1" index="2" bw="0" slack="2147483647"/>
</pin_list>
<bind>
<opcode="store(28) " fcode="store"/>
<opset="store_ln196/1 "/>
</bind>
</comp>

<comp id="494" class="1004" name="p_ZZN4nnet22compute_pool_buffer_2dINS_5arrayI8ap_fixedILi20ELi10EL9ap_q_mode5EL9a_471_load_fu_494">
<pin_list>
<pin id="495" dir="0" index="0" bw="20" slack="0"/>
<pin id="496" dir="1" index="1" bw="20" slack="0"/>
</pin_list>
<bind>
<opcode="load(27) " fcode="load"/>
<opset="p_ZZN4nnet22compute_pool_buffer_2dINS_5arrayI8ap_fixedILi20ELi10EL9ap_q_mode5EL9a_471/1 "/>
</bind>
</comp>

<comp id="498" class="1004" name="store_ln196_store_fu_498">
<pin_list>
<pin id="499" dir="0" index="0" bw="20" slack="0"/>
<pin id="500" dir="0" index="1" bw="20" slack="0"/>
<pin id="501" dir="1" index="2" bw="0" slack="2147483647"/>
</pin_list>
<bind>
<opcode="store(28) " fcode="store"/>
<opset="store_ln196/1 "/>
</bind>
</comp>

<comp id="504" class="1004" name="p_ZZN4nnet22compute_pool_buffer_2dINS_5arrayI8ap_fixedILi20ELi10EL9ap_q_mode5EL9a_472_load_fu_504">
<pin_list>
<pin id="505" dir="0" index="0" bw="20" slack="0"/>
<pin id="506" dir="1" index="1" bw="20" slack="0"/>
</pin_list>
<bind>
<opcode="load(27) " fcode="load"/>
<opset="p_ZZN4nnet22compute_pool_buffer_2dINS_5arrayI8ap_fixedILi20ELi10EL9ap_q_mode5EL9a_472/1 "/>
</bind>
</comp>

<comp id="508" class="1004" name="store_ln196_store_fu_508">
<pin_list>
<pin id="509" dir="0" index="0" bw="20" slack="0"/>
<pin id="510" dir="0" index="1" bw="20" slack="0"/>
<pin id="511" dir="1" index="2" bw="0" slack="2147483647"/>
</pin_list>
<bind>
<opcode="store(28) " fcode="store"/>
<opset="store_ln196/1 "/>
</bind>
</comp>

<comp id="514" class="1004" name="p_ZZN4nnet22compute_pool_buffer_2dINS_5arrayI8ap_fixedILi20ELi10EL9ap_q_mode5EL9a_473_load_fu_514">
<pin_list>
<pin id="515" dir="0" index="0" bw="20" slack="0"/>
<pin id="516" dir="1" index="1" bw="20" slack="0"/>
</pin_list>
<bind>
<opcode="load(27) " fcode="load"/>
<opset="p_ZZN4nnet22compute_pool_buffer_2dINS_5arrayI8ap_fixedILi20ELi10EL9ap_q_mode5EL9a_473/1 "/>
</bind>
</comp>

<comp id="518" class="1004" name="store_ln196_store_fu_518">
<pin_list>
<pin id="519" dir="0" index="0" bw="20" slack="0"/>
<pin id="520" dir="0" index="1" bw="20" slack="0"/>
<pin id="521" dir="1" index="2" bw="0" slack="2147483647"/>
</pin_list>
<bind>
<opcode="store(28) " fcode="store"/>
<opset="store_ln196/1 "/>
</bind>
</comp>

<comp id="524" class="1004" name="p_ZZN4nnet22compute_pool_buffer_2dINS_5arrayI8ap_fixedILi20ELi10EL9ap_q_mode5EL9a_474_load_fu_524">
<pin_list>
<pin id="525" dir="0" index="0" bw="20" slack="0"/>
<pin id="526" dir="1" index="1" bw="20" slack="0"/>
</pin_list>
<bind>
<opcode="load(27) " fcode="load"/>
<opset="p_ZZN4nnet22compute_pool_buffer_2dINS_5arrayI8ap_fixedILi20ELi10EL9ap_q_mode5EL9a_474/1 "/>
</bind>
</comp>

<comp id="528" class="1004" name="store_ln196_store_fu_528">
<pin_list>
<pin id="529" dir="0" index="0" bw="20" slack="0"/>
<pin id="530" dir="0" index="1" bw="20" slack="0"/>
<pin id="531" dir="1" index="2" bw="0" slack="2147483647"/>
</pin_list>
<bind>
<opcode="store(28) " fcode="store"/>
<opset="store_ln196/1 "/>
</bind>
</comp>

<comp id="534" class="1004" name="p_ZZN4nnet22compute_pool_buffer_2dINS_5arrayI8ap_fixedILi20ELi10EL9ap_q_mode5EL9a_475_load_fu_534">
<pin_list>
<pin id="535" dir="0" index="0" bw="20" slack="0"/>
<pin id="536" dir="1" index="1" bw="20" slack="0"/>
</pin_list>
<bind>
<opcode="load(27) " fcode="load"/>
<opset="p_ZZN4nnet22compute_pool_buffer_2dINS_5arrayI8ap_fixedILi20ELi10EL9ap_q_mode5EL9a_475/1 "/>
</bind>
</comp>

<comp id="538" class="1004" name="store_ln196_store_fu_538">
<pin_list>
<pin id="539" dir="0" index="0" bw="20" slack="0"/>
<pin id="540" dir="0" index="1" bw="20" slack="0"/>
<pin id="541" dir="1" index="2" bw="0" slack="2147483647"/>
</pin_list>
<bind>
<opcode="store(28) " fcode="store"/>
<opset="store_ln196/1 "/>
</bind>
</comp>

<comp id="544" class="1004" name="p_ZZN4nnet22compute_pool_buffer_2dINS_5arrayI8ap_fixedILi20ELi10EL9ap_q_mode5EL9a_476_load_fu_544">
<pin_list>
<pin id="545" dir="0" index="0" bw="20" slack="0"/>
<pin id="546" dir="1" index="1" bw="20" slack="0"/>
</pin_list>
<bind>
<opcode="load(27) " fcode="load"/>
<opset="p_ZZN4nnet22compute_pool_buffer_2dINS_5arrayI8ap_fixedILi20ELi10EL9ap_q_mode5EL9a_476/1 "/>
</bind>
</comp>

<comp id="548" class="1004" name="store_ln196_store_fu_548">
<pin_list>
<pin id="549" dir="0" index="0" bw="20" slack="0"/>
<pin id="550" dir="0" index="1" bw="20" slack="0"/>
<pin id="551" dir="1" index="2" bw="0" slack="2147483647"/>
</pin_list>
<bind>
<opcode="store(28) " fcode="store"/>
<opset="store_ln196/1 "/>
</bind>
</comp>

<comp id="554" class="1004" name="p_ZZN4nnet22compute_pool_buffer_2dINS_5arrayI8ap_fixedILi20ELi10EL9ap_q_mode5EL9a_477_load_fu_554">
<pin_list>
<pin id="555" dir="0" index="0" bw="20" slack="0"/>
<pin id="556" dir="1" index="1" bw="20" slack="0"/>
</pin_list>
<bind>
<opcode="load(27) " fcode="load"/>
<opset="p_ZZN4nnet22compute_pool_buffer_2dINS_5arrayI8ap_fixedILi20ELi10EL9ap_q_mode5EL9a_477/1 "/>
</bind>
</comp>

<comp id="558" class="1004" name="store_ln196_store_fu_558">
<pin_list>
<pin id="559" dir="0" index="0" bw="20" slack="0"/>
<pin id="560" dir="0" index="1" bw="20" slack="0"/>
<pin id="561" dir="1" index="2" bw="0" slack="2147483647"/>
</pin_list>
<bind>
<opcode="store(28) " fcode="store"/>
<opset="store_ln196/1 "/>
</bind>
</comp>

<comp id="564" class="1004" name="p_ZZN4nnet22compute_pool_buffer_2dINS_5arrayI8ap_fixedILi20ELi10EL9ap_q_mode5EL9a_478_load_fu_564">
<pin_list>
<pin id="565" dir="0" index="0" bw="20" slack="0"/>
<pin id="566" dir="1" index="1" bw="20" slack="0"/>
</pin_list>
<bind>
<opcode="load(27) " fcode="load"/>
<opset="p_ZZN4nnet22compute_pool_buffer_2dINS_5arrayI8ap_fixedILi20ELi10EL9ap_q_mode5EL9a_478/1 "/>
</bind>
</comp>

<comp id="568" class="1004" name="store_ln196_store_fu_568">
<pin_list>
<pin id="569" dir="0" index="0" bw="20" slack="0"/>
<pin id="570" dir="0" index="1" bw="20" slack="0"/>
<pin id="571" dir="1" index="2" bw="0" slack="2147483647"/>
</pin_list>
<bind>
<opcode="store(28) " fcode="store"/>
<opset="store_ln196/1 "/>
</bind>
</comp>

<comp id="574" class="1004" name="p_ZZN4nnet22compute_pool_buffer_2dINS_5arrayI8ap_fixedILi20ELi10EL9ap_q_mode5EL9a_479_load_fu_574">
<pin_list>
<pin id="575" dir="0" index="0" bw="20" slack="0"/>
<pin id="576" dir="1" index="1" bw="20" slack="0"/>
</pin_list>
<bind>
<opcode="load(27) " fcode="load"/>
<opset="p_ZZN4nnet22compute_pool_buffer_2dINS_5arrayI8ap_fixedILi20ELi10EL9ap_q_mode5EL9a_479/1 "/>
</bind>
</comp>

<comp id="578" class="1004" name="store_ln196_store_fu_578">
<pin_list>
<pin id="579" dir="0" index="0" bw="20" slack="0"/>
<pin id="580" dir="0" index="1" bw="20" slack="0"/>
<pin id="581" dir="1" index="2" bw="0" slack="2147483647"/>
</pin_list>
<bind>
<opcode="store(28) " fcode="store"/>
<opset="store_ln196/1 "/>
</bind>
</comp>

<comp id="584" class="1004" name="p_ZZN4nnet22compute_pool_buffer_2dINS_5arrayI8ap_fixedILi20ELi10EL9ap_q_mode5EL9a_480_load_fu_584">
<pin_list>
<pin id="585" dir="0" index="0" bw="20" slack="0"/>
<pin id="586" dir="1" index="1" bw="20" slack="0"/>
</pin_list>
<bind>
<opcode="load(27) " fcode="load"/>
<opset="p_ZZN4nnet22compute_pool_buffer_2dINS_5arrayI8ap_fixedILi20ELi10EL9ap_q_mode5EL9a_480/1 "/>
</bind>
</comp>

<comp id="588" class="1004" name="store_ln196_store_fu_588">
<pin_list>
<pin id="589" dir="0" index="0" bw="20" slack="0"/>
<pin id="590" dir="0" index="1" bw="20" slack="0"/>
<pin id="591" dir="1" index="2" bw="0" slack="2147483647"/>
</pin_list>
<bind>
<opcode="store(28) " fcode="store"/>
<opset="store_ln196/1 "/>
</bind>
</comp>

<comp id="594" class="1004" name="p_ZZN4nnet22compute_pool_buffer_2dINS_5arrayI8ap_fixedILi20ELi10EL9ap_q_mode5EL9a_481_load_fu_594">
<pin_list>
<pin id="595" dir="0" index="0" bw="20" slack="0"/>
<pin id="596" dir="1" index="1" bw="20" slack="0"/>
</pin_list>
<bind>
<opcode="load(27) " fcode="load"/>
<opset="p_ZZN4nnet22compute_pool_buffer_2dINS_5arrayI8ap_fixedILi20ELi10EL9ap_q_mode5EL9a_481/1 "/>
</bind>
</comp>

<comp id="598" class="1004" name="store_ln196_store_fu_598">
<pin_list>
<pin id="599" dir="0" index="0" bw="20" slack="0"/>
<pin id="600" dir="0" index="1" bw="20" slack="0"/>
<pin id="601" dir="1" index="2" bw="0" slack="2147483647"/>
</pin_list>
<bind>
<opcode="store(28) " fcode="store"/>
<opset="store_ln196/1 "/>
</bind>
</comp>

<comp id="604" class="1004" name="p_ZZN4nnet22compute_pool_buffer_2dINS_5arrayI8ap_fixedILi20ELi10EL9ap_q_mode5EL9a_482_load_fu_604">
<pin_list>
<pin id="605" dir="0" index="0" bw="20" slack="0"/>
<pin id="606" dir="1" index="1" bw="20" slack="0"/>
</pin_list>
<bind>
<opcode="load(27) " fcode="load"/>
<opset="p_ZZN4nnet22compute_pool_buffer_2dINS_5arrayI8ap_fixedILi20ELi10EL9ap_q_mode5EL9a_482/1 "/>
</bind>
</comp>

<comp id="608" class="1004" name="store_ln196_store_fu_608">
<pin_list>
<pin id="609" dir="0" index="0" bw="20" slack="0"/>
<pin id="610" dir="0" index="1" bw="20" slack="0"/>
<pin id="611" dir="1" index="2" bw="0" slack="2147483647"/>
</pin_list>
<bind>
<opcode="store(28) " fcode="store"/>
<opset="store_ln196/1 "/>
</bind>
</comp>

<comp id="614" class="1004" name="store_ln209_store_fu_614">
<pin_list>
<pin id="615" dir="0" index="0" bw="20" slack="0"/>
<pin id="616" dir="0" index="1" bw="20" slack="0"/>
<pin id="617" dir="1" index="2" bw="0" slack="2147483647"/>
</pin_list>
<bind>
<opcode="store(28) " fcode="store"/>
<opset="store_ln209/1 "/>
</bind>
</comp>

<comp id="620" class="1004" name="store_ln209_store_fu_620">
<pin_list>
<pin id="621" dir="0" index="0" bw="20" slack="0"/>
<pin id="622" dir="0" index="1" bw="20" slack="0"/>
<pin id="623" dir="1" index="2" bw="0" slack="2147483647"/>
</pin_list>
<bind>
<opcode="store(28) " fcode="store"/>
<opset="store_ln209/1 "/>
</bind>
</comp>

<comp id="626" class="1004" name="store_ln209_store_fu_626">
<pin_list>
<pin id="627" dir="0" index="0" bw="20" slack="0"/>
<pin id="628" dir="0" index="1" bw="20" slack="0"/>
<pin id="629" dir="1" index="2" bw="0" slack="2147483647"/>
</pin_list>
<bind>
<opcode="store(28) " fcode="store"/>
<opset="store_ln209/1 "/>
</bind>
</comp>

<comp id="632" class="1004" name="store_ln209_store_fu_632">
<pin_list>
<pin id="633" dir="0" index="0" bw="20" slack="0"/>
<pin id="634" dir="0" index="1" bw="20" slack="0"/>
<pin id="635" dir="1" index="2" bw="0" slack="2147483647"/>
</pin_list>
<bind>
<opcode="store(28) " fcode="store"/>
<opset="store_ln209/1 "/>
</bind>
</comp>

<comp id="638" class="1004" name="store_ln209_store_fu_638">
<pin_list>
<pin id="639" dir="0" index="0" bw="20" slack="0"/>
<pin id="640" dir="0" index="1" bw="20" slack="0"/>
<pin id="641" dir="1" index="2" bw="0" slack="2147483647"/>
</pin_list>
<bind>
<opcode="store(28) " fcode="store"/>
<opset="store_ln209/1 "/>
</bind>
</comp>

<comp id="644" class="1004" name="store_ln209_store_fu_644">
<pin_list>
<pin id="645" dir="0" index="0" bw="20" slack="0"/>
<pin id="646" dir="0" index="1" bw="20" slack="0"/>
<pin id="647" dir="1" index="2" bw="0" slack="2147483647"/>
</pin_list>
<bind>
<opcode="store(28) " fcode="store"/>
<opset="store_ln209/1 "/>
</bind>
</comp>

<comp id="650" class="1004" name="store_ln209_store_fu_650">
<pin_list>
<pin id="651" dir="0" index="0" bw="20" slack="0"/>
<pin id="652" dir="0" index="1" bw="20" slack="0"/>
<pin id="653" dir="1" index="2" bw="0" slack="2147483647"/>
</pin_list>
<bind>
<opcode="store(28) " fcode="store"/>
<opset="store_ln209/1 "/>
</bind>
</comp>

<comp id="656" class="1004" name="store_ln209_store_fu_656">
<pin_list>
<pin id="657" dir="0" index="0" bw="20" slack="0"/>
<pin id="658" dir="0" index="1" bw="20" slack="0"/>
<pin id="659" dir="1" index="2" bw="0" slack="2147483647"/>
</pin_list>
<bind>
<opcode="store(28) " fcode="store"/>
<opset="store_ln209/1 "/>
</bind>
</comp>

<comp id="662" class="1004" name="store_ln209_store_fu_662">
<pin_list>
<pin id="663" dir="0" index="0" bw="20" slack="0"/>
<pin id="664" dir="0" index="1" bw="20" slack="0"/>
<pin id="665" dir="1" index="2" bw="0" slack="2147483647"/>
</pin_list>
<bind>
<opcode="store(28) " fcode="store"/>
<opset="store_ln209/1 "/>
</bind>
</comp>

<comp id="668" class="1004" name="store_ln209_store_fu_668">
<pin_list>
<pin id="669" dir="0" index="0" bw="20" slack="0"/>
<pin id="670" dir="0" index="1" bw="20" slack="0"/>
<pin id="671" dir="1" index="2" bw="0" slack="2147483647"/>
</pin_list>
<bind>
<opcode="store(28) " fcode="store"/>
<opset="store_ln209/1 "/>
</bind>
</comp>

<comp id="674" class="1004" name="store_ln209_store_fu_674">
<pin_list>
<pin id="675" dir="0" index="0" bw="20" slack="0"/>
<pin id="676" dir="0" index="1" bw="20" slack="0"/>
<pin id="677" dir="1" index="2" bw="0" slack="2147483647"/>
</pin_list>
<bind>
<opcode="store(28) " fcode="store"/>
<opset="store_ln209/1 "/>
</bind>
</comp>

<comp id="680" class="1004" name="store_ln209_store_fu_680">
<pin_list>
<pin id="681" dir="0" index="0" bw="20" slack="0"/>
<pin id="682" dir="0" index="1" bw="20" slack="0"/>
<pin id="683" dir="1" index="2" bw="0" slack="2147483647"/>
</pin_list>
<bind>
<opcode="store(28) " fcode="store"/>
<opset="store_ln209/1 "/>
</bind>
</comp>

<comp id="686" class="1004" name="store_ln209_store_fu_686">
<pin_list>
<pin id="687" dir="0" index="0" bw="20" slack="0"/>
<pin id="688" dir="0" index="1" bw="20" slack="0"/>
<pin id="689" dir="1" index="2" bw="0" slack="2147483647"/>
</pin_list>
<bind>
<opcode="store(28) " fcode="store"/>
<opset="store_ln209/1 "/>
</bind>
</comp>

<comp id="692" class="1004" name="store_ln209_store_fu_692">
<pin_list>
<pin id="693" dir="0" index="0" bw="20" slack="0"/>
<pin id="694" dir="0" index="1" bw="20" slack="0"/>
<pin id="695" dir="1" index="2" bw="0" slack="2147483647"/>
</pin_list>
<bind>
<opcode="store(28) " fcode="store"/>
<opset="store_ln209/1 "/>
</bind>
</comp>

<comp id="698" class="1004" name="store_ln209_store_fu_698">
<pin_list>
<pin id="699" dir="0" index="0" bw="20" slack="0"/>
<pin id="700" dir="0" index="1" bw="20" slack="0"/>
<pin id="701" dir="1" index="2" bw="0" slack="2147483647"/>
</pin_list>
<bind>
<opcode="store(28) " fcode="store"/>
<opset="store_ln209/1 "/>
</bind>
</comp>

<comp id="704" class="1004" name="store_ln209_store_fu_704">
<pin_list>
<pin id="705" dir="0" index="0" bw="20" slack="0"/>
<pin id="706" dir="0" index="1" bw="20" slack="0"/>
<pin id="707" dir="1" index="2" bw="0" slack="2147483647"/>
</pin_list>
<bind>
<opcode="store(28) " fcode="store"/>
<opset="store_ln209/1 "/>
</bind>
</comp>

<comp id="710" class="1004" name="store_ln209_store_fu_710">
<pin_list>
<pin id="711" dir="0" index="0" bw="20" slack="0"/>
<pin id="712" dir="0" index="1" bw="20" slack="0"/>
<pin id="713" dir="1" index="2" bw="0" slack="2147483647"/>
</pin_list>
<bind>
<opcode="store(28) " fcode="store"/>
<opset="store_ln209/1 "/>
</bind>
</comp>

<comp id="716" class="1004" name="store_ln209_store_fu_716">
<pin_list>
<pin id="717" dir="0" index="0" bw="20" slack="0"/>
<pin id="718" dir="0" index="1" bw="20" slack="0"/>
<pin id="719" dir="1" index="2" bw="0" slack="2147483647"/>
</pin_list>
<bind>
<opcode="store(28) " fcode="store"/>
<opset="store_ln209/1 "/>
</bind>
</comp>

<comp id="722" class="1004" name="store_ln209_store_fu_722">
<pin_list>
<pin id="723" dir="0" index="0" bw="20" slack="0"/>
<pin id="724" dir="0" index="1" bw="20" slack="0"/>
<pin id="725" dir="1" index="2" bw="0" slack="2147483647"/>
</pin_list>
<bind>
<opcode="store(28) " fcode="store"/>
<opset="store_ln209/1 "/>
</bind>
</comp>

<comp id="728" class="1004" name="store_ln209_store_fu_728">
<pin_list>
<pin id="729" dir="0" index="0" bw="20" slack="0"/>
<pin id="730" dir="0" index="1" bw="20" slack="0"/>
<pin id="731" dir="1" index="2" bw="0" slack="2147483647"/>
</pin_list>
<bind>
<opcode="store(28) " fcode="store"/>
<opset="store_ln209/1 "/>
</bind>
</comp>

<comp id="734" class="1004" name="store_ln209_store_fu_734">
<pin_list>
<pin id="735" dir="0" index="0" bw="20" slack="0"/>
<pin id="736" dir="0" index="1" bw="20" slack="0"/>
<pin id="737" dir="1" index="2" bw="0" slack="2147483647"/>
</pin_list>
<bind>
<opcode="store(28) " fcode="store"/>
<opset="store_ln209/1 "/>
</bind>
</comp>

<comp id="740" class="1004" name="store_ln209_store_fu_740">
<pin_list>
<pin id="741" dir="0" index="0" bw="20" slack="0"/>
<pin id="742" dir="0" index="1" bw="20" slack="0"/>
<pin id="743" dir="1" index="2" bw="0" slack="2147483647"/>
</pin_list>
<bind>
<opcode="store(28) " fcode="store"/>
<opset="store_ln209/1 "/>
</bind>
</comp>

<comp id="746" class="1004" name="store_ln209_store_fu_746">
<pin_list>
<pin id="747" dir="0" index="0" bw="20" slack="0"/>
<pin id="748" dir="0" index="1" bw="20" slack="0"/>
<pin id="749" dir="1" index="2" bw="0" slack="2147483647"/>
</pin_list>
<bind>
<opcode="store(28) " fcode="store"/>
<opset="store_ln209/1 "/>
</bind>
</comp>

<comp id="752" class="1004" name="store_ln209_store_fu_752">
<pin_list>
<pin id="753" dir="0" index="0" bw="20" slack="0"/>
<pin id="754" dir="0" index="1" bw="20" slack="0"/>
<pin id="755" dir="1" index="2" bw="0" slack="2147483647"/>
</pin_list>
<bind>
<opcode="store(28) " fcode="store"/>
<opset="store_ln209/1 "/>
</bind>
</comp>

</comp_list>

<net_list>
<net id="186"><net_src comp="152" pin="0"/><net_sink comp="182" pin=0"/></net>

<net id="187"><net_src comp="22" pin="0"/><net_sink comp="182" pin=1"/></net>

<net id="192"><net_src comp="152" pin="0"/><net_sink comp="188" pin=0"/></net>

<net id="193"><net_src comp="20" pin="0"/><net_sink comp="188" pin=1"/></net>

<net id="198"><net_src comp="152" pin="0"/><net_sink comp="194" pin=0"/></net>

<net id="199"><net_src comp="18" pin="0"/><net_sink comp="194" pin=1"/></net>

<net id="204"><net_src comp="152" pin="0"/><net_sink comp="200" pin=0"/></net>

<net id="205"><net_src comp="16" pin="0"/><net_sink comp="200" pin=1"/></net>

<net id="210"><net_src comp="152" pin="0"/><net_sink comp="206" pin=0"/></net>

<net id="211"><net_src comp="14" pin="0"/><net_sink comp="206" pin=1"/></net>

<net id="216"><net_src comp="152" pin="0"/><net_sink comp="212" pin=0"/></net>

<net id="217"><net_src comp="12" pin="0"/><net_sink comp="212" pin=1"/></net>

<net id="222"><net_src comp="152" pin="0"/><net_sink comp="218" pin=0"/></net>

<net id="223"><net_src comp="10" pin="0"/><net_sink comp="218" pin=1"/></net>

<net id="228"><net_src comp="152" pin="0"/><net_sink comp="224" pin=0"/></net>

<net id="229"><net_src comp="8" pin="0"/><net_sink comp="224" pin=1"/></net>

<net id="234"><net_src comp="152" pin="0"/><net_sink comp="230" pin=0"/></net>

<net id="235"><net_src comp="6" pin="0"/><net_sink comp="230" pin=1"/></net>

<net id="240"><net_src comp="152" pin="0"/><net_sink comp="236" pin=0"/></net>

<net id="241"><net_src comp="4" pin="0"/><net_sink comp="236" pin=1"/></net>

<net id="246"><net_src comp="152" pin="0"/><net_sink comp="242" pin=0"/></net>

<net id="247"><net_src comp="2" pin="0"/><net_sink comp="242" pin=1"/></net>

<net id="252"><net_src comp="152" pin="0"/><net_sink comp="248" pin=0"/></net>

<net id="253"><net_src comp="0" pin="0"/><net_sink comp="248" pin=1"/></net>

<net id="260"><net_src comp="154" pin="0"/><net_sink comp="254" pin=0"/></net>

<net id="261"><net_src comp="156" pin="0"/><net_sink comp="254" pin=1"/></net>

<net id="262"><net_src comp="248" pin="2"/><net_sink comp="254" pin=2"/></net>

<net id="263"><net_src comp="158" pin="0"/><net_sink comp="254" pin=3"/></net>

<net id="270"><net_src comp="154" pin="0"/><net_sink comp="264" pin=0"/></net>

<net id="271"><net_src comp="160" pin="0"/><net_sink comp="264" pin=1"/></net>

<net id="272"><net_src comp="242" pin="2"/><net_sink comp="264" pin=2"/></net>

<net id="273"><net_src comp="158" pin="0"/><net_sink comp="264" pin=3"/></net>

<net id="280"><net_src comp="154" pin="0"/><net_sink comp="274" pin=0"/></net>

<net id="281"><net_src comp="162" pin="0"/><net_sink comp="274" pin=1"/></net>

<net id="282"><net_src comp="236" pin="2"/><net_sink comp="274" pin=2"/></net>

<net id="283"><net_src comp="158" pin="0"/><net_sink comp="274" pin=3"/></net>

<net id="290"><net_src comp="154" pin="0"/><net_sink comp="284" pin=0"/></net>

<net id="291"><net_src comp="164" pin="0"/><net_sink comp="284" pin=1"/></net>

<net id="292"><net_src comp="230" pin="2"/><net_sink comp="284" pin=2"/></net>

<net id="293"><net_src comp="158" pin="0"/><net_sink comp="284" pin=3"/></net>

<net id="300"><net_src comp="154" pin="0"/><net_sink comp="294" pin=0"/></net>

<net id="301"><net_src comp="166" pin="0"/><net_sink comp="294" pin=1"/></net>

<net id="302"><net_src comp="224" pin="2"/><net_sink comp="294" pin=2"/></net>

<net id="303"><net_src comp="158" pin="0"/><net_sink comp="294" pin=3"/></net>

<net id="310"><net_src comp="154" pin="0"/><net_sink comp="304" pin=0"/></net>

<net id="311"><net_src comp="168" pin="0"/><net_sink comp="304" pin=1"/></net>

<net id="312"><net_src comp="218" pin="2"/><net_sink comp="304" pin=2"/></net>

<net id="313"><net_src comp="158" pin="0"/><net_sink comp="304" pin=3"/></net>

<net id="320"><net_src comp="154" pin="0"/><net_sink comp="314" pin=0"/></net>

<net id="321"><net_src comp="170" pin="0"/><net_sink comp="314" pin=1"/></net>

<net id="322"><net_src comp="212" pin="2"/><net_sink comp="314" pin=2"/></net>

<net id="323"><net_src comp="158" pin="0"/><net_sink comp="314" pin=3"/></net>

<net id="330"><net_src comp="154" pin="0"/><net_sink comp="324" pin=0"/></net>

<net id="331"><net_src comp="172" pin="0"/><net_sink comp="324" pin=1"/></net>

<net id="332"><net_src comp="206" pin="2"/><net_sink comp="324" pin=2"/></net>

<net id="333"><net_src comp="158" pin="0"/><net_sink comp="324" pin=3"/></net>

<net id="340"><net_src comp="154" pin="0"/><net_sink comp="334" pin=0"/></net>

<net id="341"><net_src comp="174" pin="0"/><net_sink comp="334" pin=1"/></net>

<net id="342"><net_src comp="200" pin="2"/><net_sink comp="334" pin=2"/></net>

<net id="343"><net_src comp="158" pin="0"/><net_sink comp="334" pin=3"/></net>

<net id="350"><net_src comp="154" pin="0"/><net_sink comp="344" pin=0"/></net>

<net id="351"><net_src comp="176" pin="0"/><net_sink comp="344" pin=1"/></net>

<net id="352"><net_src comp="194" pin="2"/><net_sink comp="344" pin=2"/></net>

<net id="353"><net_src comp="158" pin="0"/><net_sink comp="344" pin=3"/></net>

<net id="360"><net_src comp="154" pin="0"/><net_sink comp="354" pin=0"/></net>

<net id="361"><net_src comp="178" pin="0"/><net_sink comp="354" pin=1"/></net>

<net id="362"><net_src comp="188" pin="2"/><net_sink comp="354" pin=2"/></net>

<net id="363"><net_src comp="158" pin="0"/><net_sink comp="354" pin=3"/></net>

<net id="370"><net_src comp="154" pin="0"/><net_sink comp="364" pin=0"/></net>

<net id="371"><net_src comp="180" pin="0"/><net_sink comp="364" pin=1"/></net>

<net id="372"><net_src comp="182" pin="2"/><net_sink comp="364" pin=2"/></net>

<net id="373"><net_src comp="158" pin="0"/><net_sink comp="364" pin=3"/></net>

<net id="377"><net_src comp="24" pin="0"/><net_sink comp="374" pin=0"/></net>

<net id="382"><net_src comp="374" pin="1"/><net_sink comp="378" pin=0"/></net>

<net id="383"><net_src comp="26" pin="0"/><net_sink comp="378" pin=1"/></net>

<net id="387"><net_src comp="28" pin="0"/><net_sink comp="384" pin=0"/></net>

<net id="392"><net_src comp="384" pin="1"/><net_sink comp="388" pin=0"/></net>

<net id="393"><net_src comp="30" pin="0"/><net_sink comp="388" pin=1"/></net>

<net id="397"><net_src comp="32" pin="0"/><net_sink comp="394" pin=0"/></net>

<net id="402"><net_src comp="394" pin="1"/><net_sink comp="398" pin=0"/></net>

<net id="403"><net_src comp="34" pin="0"/><net_sink comp="398" pin=1"/></net>

<net id="407"><net_src comp="36" pin="0"/><net_sink comp="404" pin=0"/></net>

<net id="412"><net_src comp="404" pin="1"/><net_sink comp="408" pin=0"/></net>

<net id="413"><net_src comp="38" pin="0"/><net_sink comp="408" pin=1"/></net>

<net id="417"><net_src comp="40" pin="0"/><net_sink comp="414" pin=0"/></net>

<net id="422"><net_src comp="414" pin="1"/><net_sink comp="418" pin=0"/></net>

<net id="423"><net_src comp="42" pin="0"/><net_sink comp="418" pin=1"/></net>

<net id="427"><net_src comp="44" pin="0"/><net_sink comp="424" pin=0"/></net>

<net id="432"><net_src comp="424" pin="1"/><net_sink comp="428" pin=0"/></net>

<net id="433"><net_src comp="46" pin="0"/><net_sink comp="428" pin=1"/></net>

<net id="437"><net_src comp="48" pin="0"/><net_sink comp="434" pin=0"/></net>

<net id="442"><net_src comp="434" pin="1"/><net_sink comp="438" pin=0"/></net>

<net id="443"><net_src comp="50" pin="0"/><net_sink comp="438" pin=1"/></net>

<net id="447"><net_src comp="52" pin="0"/><net_sink comp="444" pin=0"/></net>

<net id="452"><net_src comp="444" pin="1"/><net_sink comp="448" pin=0"/></net>

<net id="453"><net_src comp="54" pin="0"/><net_sink comp="448" pin=1"/></net>

<net id="457"><net_src comp="56" pin="0"/><net_sink comp="454" pin=0"/></net>

<net id="462"><net_src comp="454" pin="1"/><net_sink comp="458" pin=0"/></net>

<net id="463"><net_src comp="58" pin="0"/><net_sink comp="458" pin=1"/></net>

<net id="467"><net_src comp="60" pin="0"/><net_sink comp="464" pin=0"/></net>

<net id="472"><net_src comp="464" pin="1"/><net_sink comp="468" pin=0"/></net>

<net id="473"><net_src comp="62" pin="0"/><net_sink comp="468" pin=1"/></net>

<net id="477"><net_src comp="64" pin="0"/><net_sink comp="474" pin=0"/></net>

<net id="482"><net_src comp="474" pin="1"/><net_sink comp="478" pin=0"/></net>

<net id="483"><net_src comp="66" pin="0"/><net_sink comp="478" pin=1"/></net>

<net id="487"><net_src comp="68" pin="0"/><net_sink comp="484" pin=0"/></net>

<net id="492"><net_src comp="484" pin="1"/><net_sink comp="488" pin=0"/></net>

<net id="493"><net_src comp="70" pin="0"/><net_sink comp="488" pin=1"/></net>

<net id="497"><net_src comp="72" pin="0"/><net_sink comp="494" pin=0"/></net>

<net id="502"><net_src comp="494" pin="1"/><net_sink comp="498" pin=0"/></net>

<net id="503"><net_src comp="74" pin="0"/><net_sink comp="498" pin=1"/></net>

<net id="507"><net_src comp="76" pin="0"/><net_sink comp="504" pin=0"/></net>

<net id="512"><net_src comp="504" pin="1"/><net_sink comp="508" pin=0"/></net>

<net id="513"><net_src comp="78" pin="0"/><net_sink comp="508" pin=1"/></net>

<net id="517"><net_src comp="80" pin="0"/><net_sink comp="514" pin=0"/></net>

<net id="522"><net_src comp="514" pin="1"/><net_sink comp="518" pin=0"/></net>

<net id="523"><net_src comp="82" pin="0"/><net_sink comp="518" pin=1"/></net>

<net id="527"><net_src comp="84" pin="0"/><net_sink comp="524" pin=0"/></net>

<net id="532"><net_src comp="524" pin="1"/><net_sink comp="528" pin=0"/></net>

<net id="533"><net_src comp="86" pin="0"/><net_sink comp="528" pin=1"/></net>

<net id="537"><net_src comp="88" pin="0"/><net_sink comp="534" pin=0"/></net>

<net id="542"><net_src comp="534" pin="1"/><net_sink comp="538" pin=0"/></net>

<net id="543"><net_src comp="90" pin="0"/><net_sink comp="538" pin=1"/></net>

<net id="547"><net_src comp="92" pin="0"/><net_sink comp="544" pin=0"/></net>

<net id="552"><net_src comp="544" pin="1"/><net_sink comp="548" pin=0"/></net>

<net id="553"><net_src comp="94" pin="0"/><net_sink comp="548" pin=1"/></net>

<net id="557"><net_src comp="96" pin="0"/><net_sink comp="554" pin=0"/></net>

<net id="562"><net_src comp="554" pin="1"/><net_sink comp="558" pin=0"/></net>

<net id="563"><net_src comp="98" pin="0"/><net_sink comp="558" pin=1"/></net>

<net id="567"><net_src comp="100" pin="0"/><net_sink comp="564" pin=0"/></net>

<net id="572"><net_src comp="564" pin="1"/><net_sink comp="568" pin=0"/></net>

<net id="573"><net_src comp="102" pin="0"/><net_sink comp="568" pin=1"/></net>

<net id="577"><net_src comp="104" pin="0"/><net_sink comp="574" pin=0"/></net>

<net id="582"><net_src comp="574" pin="1"/><net_sink comp="578" pin=0"/></net>

<net id="583"><net_src comp="106" pin="0"/><net_sink comp="578" pin=1"/></net>

<net id="587"><net_src comp="108" pin="0"/><net_sink comp="584" pin=0"/></net>

<net id="592"><net_src comp="584" pin="1"/><net_sink comp="588" pin=0"/></net>

<net id="593"><net_src comp="110" pin="0"/><net_sink comp="588" pin=1"/></net>

<net id="597"><net_src comp="112" pin="0"/><net_sink comp="594" pin=0"/></net>

<net id="602"><net_src comp="594" pin="1"/><net_sink comp="598" pin=0"/></net>

<net id="603"><net_src comp="114" pin="0"/><net_sink comp="598" pin=1"/></net>

<net id="607"><net_src comp="116" pin="0"/><net_sink comp="604" pin=0"/></net>

<net id="612"><net_src comp="604" pin="1"/><net_sink comp="608" pin=0"/></net>

<net id="613"><net_src comp="118" pin="0"/><net_sink comp="608" pin=1"/></net>

<net id="618"><net_src comp="254" pin="4"/><net_sink comp="614" pin=0"/></net>

<net id="619"><net_src comp="24" pin="0"/><net_sink comp="614" pin=1"/></net>

<net id="624"><net_src comp="264" pin="4"/><net_sink comp="620" pin=0"/></net>

<net id="625"><net_src comp="28" pin="0"/><net_sink comp="620" pin=1"/></net>

<net id="630"><net_src comp="274" pin="4"/><net_sink comp="626" pin=0"/></net>

<net id="631"><net_src comp="32" pin="0"/><net_sink comp="626" pin=1"/></net>

<net id="636"><net_src comp="284" pin="4"/><net_sink comp="632" pin=0"/></net>

<net id="637"><net_src comp="36" pin="0"/><net_sink comp="632" pin=1"/></net>

<net id="642"><net_src comp="294" pin="4"/><net_sink comp="638" pin=0"/></net>

<net id="643"><net_src comp="40" pin="0"/><net_sink comp="638" pin=1"/></net>

<net id="648"><net_src comp="304" pin="4"/><net_sink comp="644" pin=0"/></net>

<net id="649"><net_src comp="44" pin="0"/><net_sink comp="644" pin=1"/></net>

<net id="654"><net_src comp="314" pin="4"/><net_sink comp="650" pin=0"/></net>

<net id="655"><net_src comp="48" pin="0"/><net_sink comp="650" pin=1"/></net>

<net id="660"><net_src comp="324" pin="4"/><net_sink comp="656" pin=0"/></net>

<net id="661"><net_src comp="52" pin="0"/><net_sink comp="656" pin=1"/></net>

<net id="666"><net_src comp="334" pin="4"/><net_sink comp="662" pin=0"/></net>

<net id="667"><net_src comp="56" pin="0"/><net_sink comp="662" pin=1"/></net>

<net id="672"><net_src comp="344" pin="4"/><net_sink comp="668" pin=0"/></net>

<net id="673"><net_src comp="60" pin="0"/><net_sink comp="668" pin=1"/></net>

<net id="678"><net_src comp="354" pin="4"/><net_sink comp="674" pin=0"/></net>

<net id="679"><net_src comp="64" pin="0"/><net_sink comp="674" pin=1"/></net>

<net id="684"><net_src comp="364" pin="4"/><net_sink comp="680" pin=0"/></net>

<net id="685"><net_src comp="68" pin="0"/><net_sink comp="680" pin=1"/></net>

<net id="690"><net_src comp="248" pin="2"/><net_sink comp="686" pin=0"/></net>

<net id="691"><net_src comp="72" pin="0"/><net_sink comp="686" pin=1"/></net>

<net id="696"><net_src comp="242" pin="2"/><net_sink comp="692" pin=0"/></net>

<net id="697"><net_src comp="76" pin="0"/><net_sink comp="692" pin=1"/></net>

<net id="702"><net_src comp="236" pin="2"/><net_sink comp="698" pin=0"/></net>

<net id="703"><net_src comp="80" pin="0"/><net_sink comp="698" pin=1"/></net>

<net id="708"><net_src comp="230" pin="2"/><net_sink comp="704" pin=0"/></net>

<net id="709"><net_src comp="84" pin="0"/><net_sink comp="704" pin=1"/></net>

<net id="714"><net_src comp="224" pin="2"/><net_sink comp="710" pin=0"/></net>

<net id="715"><net_src comp="88" pin="0"/><net_sink comp="710" pin=1"/></net>

<net id="720"><net_src comp="218" pin="2"/><net_sink comp="716" pin=0"/></net>

<net id="721"><net_src comp="92" pin="0"/><net_sink comp="716" pin=1"/></net>

<net id="726"><net_src comp="212" pin="2"/><net_sink comp="722" pin=0"/></net>

<net id="727"><net_src comp="96" pin="0"/><net_sink comp="722" pin=1"/></net>

<net id="732"><net_src comp="206" pin="2"/><net_sink comp="728" pin=0"/></net>

<net id="733"><net_src comp="100" pin="0"/><net_sink comp="728" pin=1"/></net>

<net id="738"><net_src comp="200" pin="2"/><net_sink comp="734" pin=0"/></net>

<net id="739"><net_src comp="104" pin="0"/><net_sink comp="734" pin=1"/></net>

<net id="744"><net_src comp="194" pin="2"/><net_sink comp="740" pin=0"/></net>

<net id="745"><net_src comp="108" pin="0"/><net_sink comp="740" pin=1"/></net>

<net id="750"><net_src comp="188" pin="2"/><net_sink comp="746" pin=0"/></net>

<net id="751"><net_src comp="112" pin="0"/><net_sink comp="746" pin=1"/></net>

<net id="756"><net_src comp="182" pin="2"/><net_sink comp="752" pin=0"/></net>

<net id="757"><net_src comp="116" pin="0"/><net_sink comp="752" pin=1"/></net>

</net_list>

</model> 
---------------- Datapath Model END ------------------

* FSMD analyzer results:
  - Output states:
	Port: p_ZZN4nnet22compute_pool_buffer_2dINS_5arrayI8ap_fixedILi20ELi10EL9ap_q_mode5EL9a_209 | {1 }
	Port: void_compute_pool_buffer_2d_array_const_ap_shift_reg_n_filt_stream_kernel_19 | {1 }
	Port: p_ZZN4nnet22compute_pool_buffer_2dINS_5arrayI8ap_fixedILi20ELi10EL9ap_q_mode5EL9a_210 | {1 }
	Port: void_compute_pool_buffer_2d_array_const_ap_shift_reg_n_filt_stream_kernel_18 | {1 }
	Port: p_ZZN4nnet22compute_pool_buffer_2dINS_5arrayI8ap_fixedILi20ELi10EL9ap_q_mode5EL9a_211 | {1 }
	Port: void_compute_pool_buffer_2d_array_const_ap_shift_reg_n_filt_stream_kernel_17 | {1 }
	Port: p_ZZN4nnet22compute_pool_buffer_2dINS_5arrayI8ap_fixedILi20ELi10EL9ap_q_mode5EL9a_212 | {1 }
	Port: void_compute_pool_buffer_2d_array_const_ap_shift_reg_n_filt_stream_kernel_16 | {1 }
	Port: p_ZZN4nnet22compute_pool_buffer_2dINS_5arrayI8ap_fixedILi20ELi10EL9ap_q_mode5EL9a_213 | {1 }
	Port: void_compute_pool_buffer_2d_array_const_ap_shift_reg_n_filt_stream_kernel_15 | {1 }
	Port: p_ZZN4nnet22compute_pool_buffer_2dINS_5arrayI8ap_fixedILi20ELi10EL9ap_q_mode5EL9a_214 | {1 }
	Port: void_compute_pool_buffer_2d_array_const_ap_shift_reg_n_filt_stream_kernel_14 | {1 }
	Port: p_ZZN4nnet22compute_pool_buffer_2dINS_5arrayI8ap_fixedILi20ELi10EL9ap_q_mode5EL9a_215 | {1 }
	Port: void_compute_pool_buffer_2d_array_const_ap_shift_reg_n_filt_stream_kernel_13 | {1 }
	Port: p_ZZN4nnet22compute_pool_buffer_2dINS_5arrayI8ap_fixedILi20ELi10EL9ap_q_mode5EL9a_216 | {1 }
	Port: void_compute_pool_buffer_2d_array_const_ap_shift_reg_n_filt_stream_kernel_12 | {1 }
	Port: p_ZZN4nnet22compute_pool_buffer_2dINS_5arrayI8ap_fixedILi20ELi10EL9ap_q_mode5EL9a_217 | {1 }
	Port: void_compute_pool_buffer_2d_array_const_ap_shift_reg_n_filt_stream_kernel_11 | {1 }
	Port: p_ZZN4nnet22compute_pool_buffer_2dINS_5arrayI8ap_fixedILi20ELi10EL9ap_q_mode5EL9a_218 | {1 }
	Port: void_compute_pool_buffer_2d_array_const_ap_shift_reg_n_filt_stream_kernel_10 | {1 }
	Port: p_ZZN4nnet22compute_pool_buffer_2dINS_5arrayI8ap_fixedILi20ELi10EL9ap_q_mode5EL9a_219 | {1 }
	Port: p_ZZN4nnet22compute_pool_buffer_2dINS_5arrayI8ap_fixedILi20ELi10EL9ap_q_mode5EL9a_207 | {1 }
	Port: p_ZZN4nnet22compute_pool_buffer_2dINS_5arrayI8ap_fixedILi20ELi10EL9ap_q_mode5EL9a_220 | {1 }
	Port: p_ZZN4nnet22compute_pool_buffer_2dINS_5arrayI8ap_fixedILi20ELi10EL9ap_q_mode5EL9a_208 | {1 }
	Port: p_ZZN4nnet22compute_pool_buffer_2dINS_5arrayI8ap_fixedILi20ELi10EL9ap_q_mode5EL9a_233 | {1 }
	Port: p_ZZN4nnet22compute_pool_buffer_2dINS_5arrayI8ap_fixedILi20ELi10EL9ap_q_mode5EL9a_221 | {1 }
	Port: p_ZZN4nnet22compute_pool_buffer_2dINS_5arrayI8ap_fixedILi20ELi10EL9ap_q_mode5EL9a_234 | {1 }
	Port: p_ZZN4nnet22compute_pool_buffer_2dINS_5arrayI8ap_fixedILi20ELi10EL9ap_q_mode5EL9a_222 | {1 }
	Port: p_ZZN4nnet22compute_pool_buffer_2dINS_5arrayI8ap_fixedILi20ELi10EL9ap_q_mode5EL9a_235 | {1 }
	Port: p_ZZN4nnet22compute_pool_buffer_2dINS_5arrayI8ap_fixedILi20ELi10EL9ap_q_mode5EL9a_223 | {1 }
	Port: p_ZZN4nnet22compute_pool_buffer_2dINS_5arrayI8ap_fixedILi20ELi10EL9ap_q_mode5EL9a_236 | {1 }
	Port: p_ZZN4nnet22compute_pool_buffer_2dINS_5arrayI8ap_fixedILi20ELi10EL9ap_q_mode5EL9a_224 | {1 }
	Port: p_ZZN4nnet22compute_pool_buffer_2dINS_5arrayI8ap_fixedILi20ELi10EL9ap_q_mode5EL9a_237 | {1 }
	Port: p_ZZN4nnet22compute_pool_buffer_2dINS_5arrayI8ap_fixedILi20ELi10EL9ap_q_mode5EL9a_225 | {1 }
	Port: p_ZZN4nnet22compute_pool_buffer_2dINS_5arrayI8ap_fixedILi20ELi10EL9ap_q_mode5EL9a_238 | {1 }
	Port: p_ZZN4nnet22compute_pool_buffer_2dINS_5arrayI8ap_fixedILi20ELi10EL9ap_q_mode5EL9a_226 | {1 }
	Port: p_ZZN4nnet22compute_pool_buffer_2dINS_5arrayI8ap_fixedILi20ELi10EL9ap_q_mode5EL9a_239 | {1 }
	Port: p_ZZN4nnet22compute_pool_buffer_2dINS_5arrayI8ap_fixedILi20ELi10EL9ap_q_mode5EL9a_227 | {1 }
	Port: p_ZZN4nnet22compute_pool_buffer_2dINS_5arrayI8ap_fixedILi20ELi10EL9ap_q_mode5EL9a_240 | {1 }
	Port: p_ZZN4nnet22compute_pool_buffer_2dINS_5arrayI8ap_fixedILi20ELi10EL9ap_q_mode5EL9a_228 | {1 }
	Port: p_ZZN4nnet22compute_pool_buffer_2dINS_5arrayI8ap_fixedILi20ELi10EL9ap_q_mode5EL9a_241 | {1 }
	Port: p_ZZN4nnet22compute_pool_buffer_2dINS_5arrayI8ap_fixedILi20ELi10EL9ap_q_mode5EL9a_229 | {1 }
	Port: p_ZZN4nnet22compute_pool_buffer_2dINS_5arrayI8ap_fixedILi20ELi10EL9ap_q_mode5EL9a_242 | {1 }
	Port: p_ZZN4nnet22compute_pool_buffer_2dINS_5arrayI8ap_fixedILi20ELi10EL9ap_q_mode5EL9a_230 | {1 }
	Port: p_ZZN4nnet22compute_pool_buffer_2dINS_5arrayI8ap_fixedILi20ELi10EL9ap_q_mode5EL9a_243 | {1 }
	Port: p_ZZN4nnet22compute_pool_buffer_2dINS_5arrayI8ap_fixedILi20ELi10EL9ap_q_mode5EL9a_231 | {1 }
	Port: p_ZZN4nnet22compute_pool_buffer_2dINS_5arrayI8ap_fixedILi20ELi10EL9ap_q_mode5EL9a_244 | {1 }
	Port: p_ZZN4nnet22compute_pool_buffer_2dINS_5arrayI8ap_fixedILi20ELi10EL9ap_q_mode5EL9a_232 | {1 }
	Port: void_pooling2d_cl_stream_stream_array_ap_fixed_12u_0_line_buffer_9 | {1 }
	Port: void_pooling2d_cl_stream_stream_array_ap_fixed_12u_0_line_buffer_8 | {1 }
	Port: void_pooling2d_cl_stream_stream_array_ap_fixed_12u_0_line_buffer_7 | {1 }
	Port: void_pooling2d_cl_stream_stream_array_ap_fixed_12u_0_line_buffer_6 | {1 }
	Port: void_pooling2d_cl_stream_stream_array_ap_fixed_12u_0_line_buffer_5 | {1 }
	Port: void_pooling2d_cl_stream_stream_array_ap_fixed_12u_0_line_buffer_4 | {1 }
	Port: void_pooling2d_cl_stream_stream_array_ap_fixed_12u_0_line_buffer_3 | {1 }
	Port: void_pooling2d_cl_stream_stream_array_ap_fixed_12u_0_line_buffer_2 | {1 }
	Port: void_pooling2d_cl_stream_stream_array_ap_fixed_12u_0_line_buffer_1 | {1 }
	Port: void_pooling2d_cl_stream_stream_array_ap_fixed_12u_0_line_buffer | {1 }
	Port: p_ZZN4nnet12pooling2d_clINS_5arrayI8ap_fixedILi20ELi10EL9ap_q_mode5EL9ap_o_mode3E_9 | {1 }
	Port: p_ZZN4nnet12pooling2d_clINS_5arrayI8ap_fixedILi20ELi10EL9ap_q_mode5EL9ap_o_mode3E_8 | {1 }
 - Input state : 
	Port: shift_line_buffer<array<ap_fixed<20, 10, 5, 3, 0>, 12u>, config5> : p_read | {1 }
	Port: shift_line_buffer<array<ap_fixed<20, 10, 5, 3, 0>, 12u>, config5> : p_read1 | {1 }
	Port: shift_line_buffer<array<ap_fixed<20, 10, 5, 3, 0>, 12u>, config5> : p_read2 | {1 }
	Port: shift_line_buffer<array<ap_fixed<20, 10, 5, 3, 0>, 12u>, config5> : p_read3 | {1 }
	Port: shift_line_buffer<array<ap_fixed<20, 10, 5, 3, 0>, 12u>, config5> : p_read4 | {1 }
	Port: shift_line_buffer<array<ap_fixed<20, 10, 5, 3, 0>, 12u>, config5> : p_read5 | {1 }
	Port: shift_line_buffer<array<ap_fixed<20, 10, 5, 3, 0>, 12u>, config5> : p_read6 | {1 }
	Port: shift_line_buffer<array<ap_fixed<20, 10, 5, 3, 0>, 12u>, config5> : p_read7 | {1 }
	Port: shift_line_buffer<array<ap_fixed<20, 10, 5, 3, 0>, 12u>, config5> : p_read8 | {1 }
	Port: shift_line_buffer<array<ap_fixed<20, 10, 5, 3, 0>, 12u>, config5> : p_read9 | {1 }
	Port: shift_line_buffer<array<ap_fixed<20, 10, 5, 3, 0>, 12u>, config5> : p_read10 | {1 }
	Port: shift_line_buffer<array<ap_fixed<20, 10, 5, 3, 0>, 12u>, config5> : p_read11 | {1 }
	Port: shift_line_buffer<array<ap_fixed<20, 10, 5, 3, 0>, 12u>, config5> : p_ZZN4nnet22compute_pool_buffer_2dINS_5arrayI8ap_fixedILi20ELi10EL9ap_q_mode5EL9a_209 | {1 }
	Port: shift_line_buffer<array<ap_fixed<20, 10, 5, 3, 0>, 12u>, config5> : p_ZZN4nnet22compute_pool_buffer_2dINS_5arrayI8ap_fixedILi20ELi10EL9ap_q_mode5EL9a_210 | {1 }
	Port: shift_line_buffer<array<ap_fixed<20, 10, 5, 3, 0>, 12u>, config5> : p_ZZN4nnet22compute_pool_buffer_2dINS_5arrayI8ap_fixedILi20ELi10EL9ap_q_mode5EL9a_211 | {1 }
	Port: shift_line_buffer<array<ap_fixed<20, 10, 5, 3, 0>, 12u>, config5> : p_ZZN4nnet22compute_pool_buffer_2dINS_5arrayI8ap_fixedILi20ELi10EL9ap_q_mode5EL9a_212 | {1 }
	Port: shift_line_buffer<array<ap_fixed<20, 10, 5, 3, 0>, 12u>, config5> : p_ZZN4nnet22compute_pool_buffer_2dINS_5arrayI8ap_fixedILi20ELi10EL9ap_q_mode5EL9a_213 | {1 }
	Port: shift_line_buffer<array<ap_fixed<20, 10, 5, 3, 0>, 12u>, config5> : p_ZZN4nnet22compute_pool_buffer_2dINS_5arrayI8ap_fixedILi20ELi10EL9ap_q_mode5EL9a_214 | {1 }
	Port: shift_line_buffer<array<ap_fixed<20, 10, 5, 3, 0>, 12u>, config5> : p_ZZN4nnet22compute_pool_buffer_2dINS_5arrayI8ap_fixedILi20ELi10EL9ap_q_mode5EL9a_215 | {1 }
	Port: shift_line_buffer<array<ap_fixed<20, 10, 5, 3, 0>, 12u>, config5> : p_ZZN4nnet22compute_pool_buffer_2dINS_5arrayI8ap_fixedILi20ELi10EL9ap_q_mode5EL9a_216 | {1 }
	Port: shift_line_buffer<array<ap_fixed<20, 10, 5, 3, 0>, 12u>, config5> : p_ZZN4nnet22compute_pool_buffer_2dINS_5arrayI8ap_fixedILi20ELi10EL9ap_q_mode5EL9a_217 | {1 }
	Port: shift_line_buffer<array<ap_fixed<20, 10, 5, 3, 0>, 12u>, config5> : p_ZZN4nnet22compute_pool_buffer_2dINS_5arrayI8ap_fixedILi20ELi10EL9ap_q_mode5EL9a_218 | {1 }
	Port: shift_line_buffer<array<ap_fixed<20, 10, 5, 3, 0>, 12u>, config5> : p_ZZN4nnet22compute_pool_buffer_2dINS_5arrayI8ap_fixedILi20ELi10EL9ap_q_mode5EL9a_219 | {1 }
	Port: shift_line_buffer<array<ap_fixed<20, 10, 5, 3, 0>, 12u>, config5> : p_ZZN4nnet22compute_pool_buffer_2dINS_5arrayI8ap_fixedILi20ELi10EL9ap_q_mode5EL9a_220 | {1 }
	Port: shift_line_buffer<array<ap_fixed<20, 10, 5, 3, 0>, 12u>, config5> : p_ZZN4nnet22compute_pool_buffer_2dINS_5arrayI8ap_fixedILi20ELi10EL9ap_q_mode5EL9a_233 | {1 }
	Port: shift_line_buffer<array<ap_fixed<20, 10, 5, 3, 0>, 12u>, config5> : p_ZZN4nnet22compute_pool_buffer_2dINS_5arrayI8ap_fixedILi20ELi10EL9ap_q_mode5EL9a_234 | {1 }
	Port: shift_line_buffer<array<ap_fixed<20, 10, 5, 3, 0>, 12u>, config5> : p_ZZN4nnet22compute_pool_buffer_2dINS_5arrayI8ap_fixedILi20ELi10EL9ap_q_mode5EL9a_235 | {1 }
	Port: shift_line_buffer<array<ap_fixed<20, 10, 5, 3, 0>, 12u>, config5> : p_ZZN4nnet22compute_pool_buffer_2dINS_5arrayI8ap_fixedILi20ELi10EL9ap_q_mode5EL9a_236 | {1 }
	Port: shift_line_buffer<array<ap_fixed<20, 10, 5, 3, 0>, 12u>, config5> : p_ZZN4nnet22compute_pool_buffer_2dINS_5arrayI8ap_fixedILi20ELi10EL9ap_q_mode5EL9a_237 | {1 }
	Port: shift_line_buffer<array<ap_fixed<20, 10, 5, 3, 0>, 12u>, config5> : p_ZZN4nnet22compute_pool_buffer_2dINS_5arrayI8ap_fixedILi20ELi10EL9ap_q_mode5EL9a_238 | {1 }
	Port: shift_line_buffer<array<ap_fixed<20, 10, 5, 3, 0>, 12u>, config5> : p_ZZN4nnet22compute_pool_buffer_2dINS_5arrayI8ap_fixedILi20ELi10EL9ap_q_mode5EL9a_239 | {1 }
	Port: shift_line_buffer<array<ap_fixed<20, 10, 5, 3, 0>, 12u>, config5> : p_ZZN4nnet22compute_pool_buffer_2dINS_5arrayI8ap_fixedILi20ELi10EL9ap_q_mode5EL9a_240 | {1 }
	Port: shift_line_buffer<array<ap_fixed<20, 10, 5, 3, 0>, 12u>, config5> : p_ZZN4nnet22compute_pool_buffer_2dINS_5arrayI8ap_fixedILi20ELi10EL9ap_q_mode5EL9a_241 | {1 }
	Port: shift_line_buffer<array<ap_fixed<20, 10, 5, 3, 0>, 12u>, config5> : p_ZZN4nnet22compute_pool_buffer_2dINS_5arrayI8ap_fixedILi20ELi10EL9ap_q_mode5EL9a_242 | {1 }
	Port: shift_line_buffer<array<ap_fixed<20, 10, 5, 3, 0>, 12u>, config5> : p_ZZN4nnet22compute_pool_buffer_2dINS_5arrayI8ap_fixedILi20ELi10EL9ap_q_mode5EL9a_243 | {1 }
	Port: shift_line_buffer<array<ap_fixed<20, 10, 5, 3, 0>, 12u>, config5> : p_ZZN4nnet22compute_pool_buffer_2dINS_5arrayI8ap_fixedILi20ELi10EL9ap_q_mode5EL9a_244 | {1 }
	Port: shift_line_buffer<array<ap_fixed<20, 10, 5, 3, 0>, 12u>, config5> : void_pooling2d_cl_stream_stream_array_ap_fixed_12u_0_line_buffer_9 | {1 }
	Port: shift_line_buffer<array<ap_fixed<20, 10, 5, 3, 0>, 12u>, config5> : void_pooling2d_cl_stream_stream_array_ap_fixed_12u_0_line_buffer_8 | {1 }
	Port: shift_line_buffer<array<ap_fixed<20, 10, 5, 3, 0>, 12u>, config5> : void_pooling2d_cl_stream_stream_array_ap_fixed_12u_0_line_buffer_7 | {1 }
	Port: shift_line_buffer<array<ap_fixed<20, 10, 5, 3, 0>, 12u>, config5> : void_pooling2d_cl_stream_stream_array_ap_fixed_12u_0_line_buffer_6 | {1 }
	Port: shift_line_buffer<array<ap_fixed<20, 10, 5, 3, 0>, 12u>, config5> : void_pooling2d_cl_stream_stream_array_ap_fixed_12u_0_line_buffer_5 | {1 }
	Port: shift_line_buffer<array<ap_fixed<20, 10, 5, 3, 0>, 12u>, config5> : void_pooling2d_cl_stream_stream_array_ap_fixed_12u_0_line_buffer_4 | {1 }
	Port: shift_line_buffer<array<ap_fixed<20, 10, 5, 3, 0>, 12u>, config5> : void_pooling2d_cl_stream_stream_array_ap_fixed_12u_0_line_buffer_3 | {1 }
	Port: shift_line_buffer<array<ap_fixed<20, 10, 5, 3, 0>, 12u>, config5> : void_pooling2d_cl_stream_stream_array_ap_fixed_12u_0_line_buffer_2 | {1 }
	Port: shift_line_buffer<array<ap_fixed<20, 10, 5, 3, 0>, 12u>, config5> : void_pooling2d_cl_stream_stream_array_ap_fixed_12u_0_line_buffer_1 | {1 }
	Port: shift_line_buffer<array<ap_fixed<20, 10, 5, 3, 0>, 12u>, config5> : void_pooling2d_cl_stream_stream_array_ap_fixed_12u_0_line_buffer | {1 }
	Port: shift_line_buffer<array<ap_fixed<20, 10, 5, 3, 0>, 12u>, config5> : p_ZZN4nnet12pooling2d_clINS_5arrayI8ap_fixedILi20ELi10EL9ap_q_mode5EL9ap_o_mode3E_9 | {1 }
	Port: shift_line_buffer<array<ap_fixed<20, 10, 5, 3, 0>, 12u>, config5> : p_ZZN4nnet12pooling2d_clINS_5arrayI8ap_fixedILi20ELi10EL9ap_q_mode5EL9ap_o_mode3E_8 | {1 }
  - Chain level:
	State 1
		store_ln196 : 1
		store_ln196 : 1
		store_ln196 : 1
		store_ln196 : 1
		store_ln196 : 1
		store_ln196 : 1
		store_ln196 : 1
		store_ln196 : 1
		store_ln196 : 1
		store_ln196 : 1
		store_ln196 : 1
		store_ln196 : 1
		store_ln196 : 1
		store_ln196 : 1
		store_ln196 : 1
		store_ln196 : 1
		store_ln196 : 1
		store_ln196 : 1
		store_ln196 : 1
		store_ln196 : 1
		store_ln196 : 1
		store_ln196 : 1
		store_ln196 : 1
		store_ln196 : 1
		store_ln209 : 1
		store_ln209 : 1
		store_ln209 : 1
		store_ln209 : 1
		store_ln209 : 1
		store_ln209 : 1
		store_ln209 : 1
		store_ln209 : 1
		store_ln209 : 1
		store_ln209 : 1
		store_ln209 : 1
		store_ln209 : 1


============================================================
+ Verbose Summary: Datapath Resource usage 
============================================================

* Functional unit list:
|----------|-----------------------|
| Operation|    Functional Unit    |
|----------|-----------------------|
|          | p_read_31_read_fu_182 |
|          | p_read_32_read_fu_188 |
|          | p_read_33_read_fu_194 |
|          | p_read_34_read_fu_200 |
|          | p_read_35_read_fu_206 |
|   read   | p_read_36_read_fu_212 |
|          | p_read_37_read_fu_218 |
|          | p_read_38_read_fu_224 |
|          | p_read_39_read_fu_230 |
|          | p_read_40_read_fu_236 |
|          | p_read_41_read_fu_242 |
|          | p_read_42_read_fu_248 |
|----------|-----------------------|
|          |     p_023_i_fu_254    |
|          |     p_024_i_fu_264    |
|          |     p_025_i_fu_274    |
|          |     p_026_i_fu_284    |
|          |     p_027_i_fu_294    |
|memshiftread|     p_028_i_fu_304    |
|          |     p_029_i_fu_314    |
|          |     p_030_i_fu_324    |
|          |     p_031_i_fu_334    |
|          |     p_032_i_fu_344    |
|          |     p_033_i_fu_354    |
|          |      p_0_i_fu_364     |
|----------|-----------------------|
|   Total  |                       |
|----------|-----------------------|

Memories:
N/A

* Register list:
N/A

* Multiplexer (MUX) list: 
|--------|------|------|------|--------|
|  Comp  |  Pin | Size |  BW  | S x BW |
|--------|------|------|------|--------|
|  Total |      |      |      |    0   |
|--------|------|------|------|--------|



* Summary:
+-----------+
|           |
+-----------+
|  Function |
|   Memory  |
|Multiplexer|
|  Register |
+-----------+
|   Total   |
+-----------+
