

================================================================
== Synthesis Summary Report of 'myproject'
================================================================
+ General Information: 
    * Date:           Sun Aug 30 16:00:59 2026
    * Version:        2024.1 (Build 5069499 on May 21 2024)
    * Project:        myproject_prj
    * Solution:       solution1 (Vivado IP Flow Target)
    * Product family: zynq
    * Target device:  xc7z020-clg400-1
    

+ Performance & Resource Estimates: 
    
    PS: '+' for module; 'o' for loop; '*' for dataflow
    +-------------------------------------------------------------------------------------+------+-------+---------+-----------+----------+---------+------+----------+-----------+----------+-------------+-------------+-----+
    |                                       Modules                                       | Issue|       | Latency |  Latency  | Iteration|         | Trip |          |           |          |             |             |     |
    |                                       & Loops                                       | Type | Slack | (cycles)|    (ns)   |  Latency | Interval| Count| Pipelined|   BRAM    |    DSP   |      FF     |     LUT     | URAM|
    +-------------------------------------------------------------------------------------+------+-------+---------+-----------+----------+---------+------+----------+-----------+----------+-------------+-------------+-----+
    |+ myproject*                                                                         |     -|   0.05|   632141|  1.264e+07|         -|   632126|     -|  dataflow|  196 (70%)|  33 (15%)|  39694 (37%)|  43803 (82%)|    -|
    | + zeropad2d_cl_array_array_ap_fixed_20_10_5_3_0_1u_config13_s                       |     -|   9.27|     4387|  8.774e+04|         -|     4387|     -|        no|          -|         -|     56 (~0%)|    307 (~0%)|    -|
    |  + zeropad2d_cl_array_array_ap_fixed_1u_config13_Pipeline_PadBottomWidth            |     -|   9.55|      105|  2.100e+03|         -|      105|     -|        no|          -|         -|     10 (~0%)|     77 (~0%)|    -|
    |   o PadBottomWidth                                                                  |     -|  14.60|      103|  2.060e+03|         2|        1|   103|       yes|          -|         -|            -|            -|    -|
    |  o PadMain                                                                          |     -|  14.60|     4280|  8.560e+04|       107|        -|    40|        no|          -|         -|            -|            -|    -|
    |   + zeropad2d_cl_array_array_ap_fixed_20_10_5_3_0_1u_config13_Pipeline_CopyMain     |     -|   9.55|      103|  2.060e+03|         -|      103|     -|        no|          -|         -|     30 (~0%)|     88 (~0%)|    -|
    |    o CopyMain                                                                       |     -|  14.60|      101|  2.020e+03|         2|        1|   101|       yes|          -|         -|            -|            -|    -|
    | + conv_2d_cl_array_ap_fixed_1u_array_ap_fixed_18_8_5_3_0_12u_config2_s              |     -|   0.05|   481423|  9.628e+06|         -|   481423|     -|        no|    1 (~0%)|   1 (~0%)|    1492 (1%)|    2055 (3%)|    -|
    |  o ReadInputHeight_ReadInputWidth                                                   |     -|  14.60|   481422|  9.628e+06|       114|        -|  4223|        no|          -|         -|            -|            -|    -|
    |   + compute_output_buffer_2d_array_array_ap_fixed_18_8_5_3_0_12u_config2_s          |     -|   0.05|      112|  2.240e+03|         -|      112|     -|        no|    1 (~0%)|   1 (~0%)|    1453 (1%)|    1958 (3%)|    -|
    |    + shift_line_buffer_array_ap_fixed_20_10_5_3_0_1u_config2_s                      |    II|  11.37|        0|      0.000|         -|        1|     -|       yes|          -|         -|    129 (~0%)|    118 (~0%)|    -|
    |    + dense_resource_rf_gt_nin_rem0_ap_fixed_ap_fixed_18_8_5_3_0_config2_mult_s      |    II|   3.57|      110|  2.200e+03|         -|      108|     -|    rewind|    1 (~0%)|   1 (~0%)|   1010 (~0%)|    1325 (2%)|    -|
    |     o ReuseLoop                                                                     |     -|  14.60|      109|  2.180e+03|         3|        1|   108|       yes|          -|         -|            -|            -|    -|
    | + normalize_array_ap_fixed_12u_array_ap_fixed_39_19_5_3_0_12u_config3_s             |     -|   3.05|     1022|  2.044e+04|         -|     1022|     -|        no|          -|   12 (5%)|    231 (~0%)|     581 (1%)|    -|
    |  o BatchNormLoop                                                                    |     -|  14.60|     1020|  2.040e+04|         2|        1|  1020|       yes|          -|         -|            -|            -|    -|
    | + relu_array_ap_fixed_12u_array_ap_fixed_20_10_5_3_0_12u_relu_config4_s             |     -|   3.47|     1021|  2.042e+04|         -|     1021|     -|        no|          -|         -|     13 (~0%)|     874 (1%)|    -|
    |  o ReLUActLoop                                                                      |     -|  14.60|     1019|  2.038e+04|         1|        1|  1020|       yes|          -|         -|            -|            -|    -|
    | + pooling2d_cl_array_array_ap_fixed_20_10_5_3_0_12u_config5_s                       |     -|   4.71|     2042|  4.084e+04|         -|     2042|     -|        no|          -|         -|    1911 (1%)|    3034 (5%)|    -|
    |  o ReadInputHeight_ReadInputWidth                                                   |    II|  14.60|     2040|  4.080e+04|         3|        2|  1020|       yes|          -|         -|            -|            -|    -|
    |   + shift_line_buffer_array_ap_fixed_20_10_5_3_0_12u_config5_s                      |    II|  12.98|        0|      0.000|         -|        1|     -|       yes|          -|         -|    769 (~0%)|     600 (1%)|    -|
    | + zeropad2d_cl_array_array_ap_fixed_20_10_5_3_0_12u_config14_s                      |     -|   9.64|      337|  6.740e+03|         -|      337|     -|        no|          -|         -|    304 (~0%)|     558 (1%)|    -|
    |  + zeropad2d_cl_array_array_ap_fixed_12u_config14_Pipeline_PadTopWidth              |     -|   9.64|       29|    580.000|         -|       29|     -|        no|          -|         -|      8 (~0%)|     75 (~0%)|    -|
    |   o PadTopWidth                                                                     |     -|  14.60|       27|    540.000|         2|        1|    27|       yes|          -|         -|            -|            -|    -|
    |  + zeropad2d_cl_array_array_ap_fixed_20_10_5_3_0_12u_config14_Pipeline_PadMain      |     -|   9.69|      272|  5.440e+03|         -|      272|     -|        no|          -|         -|    275 (~0%)|    297 (~0%)|    -|
    |   o PadMain                                                                         |    II|  14.60|      270|  5.400e+03|        28|       27|    10|       yes|          -|         -|            -|            -|    -|
    |  + zeropad2d_cl_array_array_ap_fixed_12u_config14_Pipeline_PadBottomWidth           |     -|   9.64|       29|    580.000|         -|       29|     -|        no|          -|         -|      8 (~0%)|     75 (~0%)|    -|
    |   o PadBottomWidth                                                                  |     -|  14.60|       27|    540.000|         2|        1|    27|       yes|          -|         -|            -|            -|    -|
    | + conv_2d_cl_array_ap_fixed_12u_array_ap_fixed_18_8_5_3_0_18u_config6_s             |     -|   3.31|   632125|  1.264e+07|         -|   632125|     -|        no|     3 (1%)|   1 (~0%)|    9651 (9%)|   6948 (13%)|    -|
    |  o ReadInputHeight_ReadInputWidth                                                   |     -|  14.60|   632124|  1.264e+07|      1951|        -|   324|        no|          -|         -|            -|            -|    -|
    |   + compute_output_buffer_2d_array_array_ap_fixed_18_8_5_3_0_18u_config6_s          |     -|   3.31|     1949|  3.898e+04|         -|     1949|     -|        no|     3 (1%)|   1 (~0%)|    9396 (8%)|   6851 (12%)|    -|
    |    + shift_line_buffer_array_ap_fixed_20_10_5_3_0_12u_config6_s                     |    II|  11.37|        0|      0.000|         -|        1|     -|       yes|          -|         -|    1537 (1%)|    1416 (2%)|    -|
    |    + dense_resource_rf_gt_nin_rem0_ap_fixed_ap_fixed_18_8_5_3_0_config6_mult_s      |    II|   3.31|     1946|  3.892e+04|         -|     1944|     -|    rewind|     3 (1%)|   1 (~0%)|    5240 (4%)|    4859 (9%)|    -|
    |     o ReuseLoop                                                                     |     -|  14.60|     1945|  3.890e+04|         3|        1|  1944|       yes|          -|         -|            -|            -|    -|
    | + normalize_array_ap_fixed_18u_array_ap_fixed_39_19_5_3_0_18u_config7_s             |     -|   3.00|      252|  5.040e+03|         -|      252|     -|        no|          -|   18 (8%)|    337 (~0%)|     836 (1%)|    -|
    |  o BatchNormLoop                                                                    |     -|  14.60|      250|  5.000e+03|         2|        1|   250|       yes|          -|         -|            -|            -|    -|
    | + relu_array_ap_fixed_18u_array_ap_fixed_20_10_5_3_0_18u_relu_config8_s             |     -|   3.42|      251|  5.020e+03|         -|      251|     -|        no|          -|         -|     11 (~0%)|    1274 (2%)|    -|
    |  o ReLUActLoop                                                                      |     -|  14.60|      249|  4.980e+03|         1|        1|   250|       yes|          -|         -|            -|            -|    -|
    | + pooling2d_cl_array_array_ap_fixed_20_10_5_3_0_18u_config9_s                       |     -|   1.90|      503|  1.006e+04|         -|      503|     -|        no|          -|         -|    5295 (4%)|  10473 (19%)|    -|
    |  o ReadInputHeight_ReadInputWidth                                                   |    II|  14.60|      501|  1.002e+04|         4|        2|   250|       yes|          -|         -|            -|            -|    -|
    |   + shift_line_buffer_array_ap_fixed_20_10_5_3_0_18u_config9_s                      |    II|  12.98|        0|      0.000|         -|        1|     -|       yes|          -|         -|    1153 (1%)|    1872 (3%)|    -|
    | + dense_array_ap_fixed_18u_array_ap_fixed_24_12_5_3_0_7u_config12_s                 |     -|   1.34|     3181|  6.362e+04|         -|     3181|     -|        no|     5 (1%)|   1 (~0%)|  18647 (17%)|  15898 (29%)|    -|
    |  + dense_array_array_ap_fixed_24_12_5_3_0_7u_config12_Pipeline_DataPrepare          |     -|   9.64|       26|    520.000|         -|       26|     -|        no|          -|         -|    9007 (8%)|     64 (~0%)|    -|
    |   o DataPrepare                                                                     |     -|  14.60|       24|    480.000|         1|        1|    25|       yes|          -|         -|            -|            -|    -|
    |  + dense_resource_rf_gt_nin_rem0_ap_fixed_ap_fixed_24_12_5_3_0_config12_s           |    II|   1.34|     3151|  6.302e+04|         -|     3150|     -|    rewind|     5 (1%)|   1 (~0%)|    9463 (8%)|  15765 (29%)|    -|
    |   o ReuseLoop                                                                       |     -|  14.60|     3150|  6.300e+04|         2|        1|  3150|       yes|          -|         -|            -|            -|    -|
    | + Block_entry_split_split_split_split_split_split_split_split_split_split_split_sp  |     -|   9.20|        1|     20.000|         -|        1|     -|        no|          -|         -|      3 (~0%)|     45 (~0%)|    -|
    +-------------------------------------------------------------------------------------+------+-------+---------+-----------+----------+---------+------+----------+-----------+----------+-------------+-------------+-----+


================================================================
== HW Interfaces
================================================================
* S_AXILITE Interfaces
+---------------+------------+---------------+
| Interface     | Data Width | Address Width |
+---------------+------------+---------------+
| s_axi_control | 32         | 4             |
+---------------+------------+---------------+

* S_AXILITE Registers
+---------------+----------+--------+-------+--------+----------------------------------+----------------------------------------------------------------------+
| Interface     | Register | Offset | Width | Access | Description                      | Bit Fields                                                           |
+---------------+----------+--------+-------+--------+----------------------------------+----------------------------------------------------------------------+
| s_axi_control | CTRL     | 0x00   | 32    | RW     | Control signals                  | 0=AP_START 1=AP_DONE 2=AP_IDLE 3=AP_READY 7=AUTO_RESTART 9=INTERRUPT |
| s_axi_control | GIER     | 0x04   | 32    | RW     | Global Interrupt Enable Register | 0=Enable                                                             |
| s_axi_control | IP_IER   | 0x08   | 32    | RW     | IP Interrupt Enable Register     | 0=CHAN0_INT_EN 1=CHAN1_INT_EN                                        |
| s_axi_control | IP_ISR   | 0x0c   | 32    | RW     | IP Interrupt Status Register     | 0=CHAN0_INT_ST 1=CHAN1_INT_ST                                        |
+---------------+----------+--------+-------+--------+----------------------------------+----------------------------------------------------------------------+

* AXIS
+-------------+-----------+---------------+-------+-------+-------+--------+-------+--------+
| Interface   | Direction | Register Mode | TDATA | TKEEP | TLAST | TREADY | TSTRB | TVALID |
+-------------+-----------+---------------+-------+-------+-------+--------+-------+--------+
| layer12_out | out       | both          | 168   | 21    | 1     | 1      | 21    | 1      |
| mfcc_input  | in        | both          | 32    |       |       | 1      |       | 1      |
+-------------+-----------+---------------+-------+-------+-------+--------+-------+--------+

* TOP LEVEL CONTROL
+-----------+------------+-----------+
| Interface | Type       | Ports     |
+-----------+------------+-----------+
| ap_clk    | clock      | ap_clk    |
| ap_rst_n  | reset      | ap_rst_n  |
| interrupt | interrupt  | interrupt |
| ap_ctrl   | ap_ctrl_hs |           |
+-----------+------------+-----------+


================================================================
== SW I/O Information
================================================================
* Top Function Arguments
+-------------+-----------+------------------------------------------------------------------+
| Argument    | Direction | Datatype                                                         |
+-------------+-----------+------------------------------------------------------------------+
| mfcc_input  | in        | stream<nnet::array<ap_fixed<20, 10, AP_TRN, AP_WRAP, 0>, 1>, 0>& |
| layer12_out | out       | stream<hls::axis<ap_int<168>, 0, 0, 0, '8', false>, 0>&          |
+-------------+-----------+------------------------------------------------------------------+

* SW-to-HW Mapping
+-------------+--------------+-----------+
| Argument    | HW Interface | HW Type   |
+-------------+--------------+-----------+
| mfcc_input  | mfcc_input   | interface |
| layer12_out | layer12_out  | interface |
+-------------+--------------+-----------+


================================================================
== Bind Op Report
================================================================
+---------------------------------------------------------------------------------+-----+--------+-------------------------+-----------+----------+---------+
| Name                                                                            | DSP | Pragma | Variable                | Op        | Impl     | Latency |
+---------------------------------------------------------------------------------+-----+--------+-------------------------+-----------+----------+---------+
| + myproject                                                                     | 33  |        |                         |           |          |         |
|  + zeropad2d_cl_array_array_ap_fixed_20_10_5_3_0_1u_config13_s                  | 0   |        |                         |           |          |         |
|    icmp_ln59_fu_78_p2                                                           |     |        | icmp_ln59               | seteq     | auto     | 0       |
|    i_2_fu_84_p2                                                                 |     |        | i_2                     | add       | fabric   | 0       |
|   + zeropad2d_cl_array_array_ap_fixed_1u_config13_Pipeline_PadBottomWidth       | 0   |        |                         |           |          |         |
|     icmp_ln77_fu_54_p2                                                          |     |        | icmp_ln77               | seteq     | auto     | 0       |
|     j_4_fu_60_p2                                                                |     |        | j_4                     | add       | fabric   | 0       |
|   + zeropad2d_cl_array_array_ap_fixed_20_10_5_3_0_1u_config13_Pipeline_CopyMain | 0   |        |                         |           |          |         |
|     icmp_ln65_fu_65_p2                                                          |     |        | icmp_ln65               | seteq     | auto     | 0       |
|     j_2_fu_71_p2                                                                |     |        | j_2                     | add       | fabric   | 0       |
|  + conv_2d_cl_array_ap_fixed_1u_array_ap_fixed_18_8_5_3_0_12u_config2_s         | 1   |        |                         |           |          |         |
|    icmp_ln52_fu_128_p2                                                          |     |        | icmp_ln52               | seteq     | auto     | 0       |
|    add_ln52_fu_134_p2                                                           |     |        | add_ln52                | add       | fabric   | 0       |
|   + compute_output_buffer_2d_array_array_ap_fixed_18_8_5_3_0_12u_config2_s      | 1   |        |                         |           |          |         |
|     icmp_ln284_fu_153_p2                                                        |     |        | icmp_ln284              | seteq     | auto     | 0       |
|     icmp_ln284_1_fu_171_p2                                                      |     |        | icmp_ln284_1            | seteq     | auto     | 0       |
|     icmp_ln284_4_fu_187_p2                                                      |     |        | icmp_ln284_4            | setgt     | auto     | 0       |
|     icmp_ln284_5_fu_203_p2                                                      |     |        | icmp_ln284_5            | setgt     | auto     | 0       |
|     and_ln284_fu_209_p2                                                         |     |        | and_ln284               | and       | auto     | 0       |
|     and_ln284_1_fu_215_p2                                                       |     |        | and_ln284_1             | and       | auto     | 0       |
|     add_ln303_fu_298_p2                                                         |     |        | add_ln303               | add       | fabric   | 0       |
|     icmp_ln303_fu_303_p2                                                        |     |        | icmp_ln303              | seteq     | auto     | 0       |
|     select_ln318_fu_315_p3                                                      |     |        | select_ln318            | select    | auto_sel | 0       |
|     add_ln318_fu_322_p2                                                         |     |        | add_ln318               | add       | fabric   | 0       |
|     add_ln307_fu_345_p2                                                         |     |        | add_ln307               | add       | fabric   | 0       |
|     icmp_ln307_fu_350_p2                                                        |     |        | icmp_ln307              | seteq     | auto     | 0       |
|     icmp_ln313_fu_362_p2                                                        |     |        | icmp_ln313              | seteq     | auto     | 0       |
|     select_ln313_fu_367_p3                                                      |     |        | select_ln313            | select    | auto_sel | 0       |
|     add_ln313_fu_375_p2                                                         |     |        | add_ln313               | add       | fabric   | 0       |
|    + dense_resource_rf_gt_nin_rem0_ap_fixed_ap_fixed_18_8_5_3_0_config2_mult_s  | 1   |        |                         |           |          |         |
|      sparsemux_19_4_20_1_1_U18                                                  |     |        | a                       | sparsemux | auto     | 0       |
|      mul_20s_11s_31_1_1_U19                                                     | 1   |        | mul_ln73                | mul       | auto     | 0       |
|      sparsemux_25_4_26_1_1_U20                                                  |     |        | tmp_i                   | sparsemux | auto     | 0       |
|      add_ln144_fu_1844_p2                                                       |     |        | add_ln144               | add       | fabric   | 0       |
|      icmp_ln144_fu_1850_p2                                                      |     |        | icmp_ln144              | seteq     | auto     | 0       |
|      w_index_fu_1678_p2                                                         |     |        | w_index                 | add       | fabric   | 0       |
|      in_index_3_fu_1762_p2                                                      |     |        | in_index_3              | add       | fabric   | 0       |
|      icmp_ln154_fu_1768_p2                                                      |     |        | icmp_ln154              | setgt     | auto     | 0       |
|      in_index_fu_1774_p3                                                        |     |        | in_index                | select    | auto_sel | 0       |
|      icmp_ln135_fu_1684_p2                                                      |     |        | icmp_ln135              | seteq     | auto     | 0       |
|  + normalize_array_ap_fixed_12u_array_ap_fixed_39_19_5_3_0_12u_config3_s        | 12  |        |                         |           |          |         |
|    mul_18s_10ns_27_1_1_U50                                                      | 1   |        | mul_ln42                | mul       | auto     | 0       |
|    add_ln42_fu_600141_p2                                                        |     |        | add_ln42                | add       | fabric   | 0       |
|    mul_18s_10ns_27_1_1_U49                                                      | 1   |        | mul_ln42_18             | mul       | auto     | 0       |
|    add_ln42_18_fu_600155_p2                                                     |     |        | add_ln42_18             | add       | fabric   | 0       |
|    mul_18s_11ns_28_1_1_U40                                                      | 1   |        | mul_ln42_19             | mul       | auto     | 0       |
|    add_ln42_19_fu_600169_p2                                                     |     |        | add_ln42_19             | add       | fabric   | 0       |
|    mul_18s_10ns_27_1_1_U45                                                      | 1   |        | mul_ln42_20             | mul       | auto     | 0       |
|    add_ln42_20_fu_600183_p2                                                     |     |        | add_ln42_20             | add       | fabric   | 0       |
|    mul_18s_10ns_27_1_1_U47                                                      | 1   |        | mul_ln42_21             | mul       | auto     | 0       |
|    add_ln42_21_fu_600197_p2                                                     |     |        | add_ln42_21             | add       | fabric   | 0       |
|    mul_18s_11ns_28_1_1_U46                                                      | 1   |        | mul_ln42_22             | mul       | auto     | 0       |
|    add_ln42_22_fu_600211_p2                                                     |     |        | add_ln42_22             | add       | fabric   | 0       |
|    mul_18s_10ns_27_1_1_U42                                                      | 1   |        | mul_ln42_23             | mul       | auto     | 0       |
|    add_ln42_23_fu_600225_p2                                                     |     |        | add_ln42_23             | add       | fabric   | 0       |
|    mul_18s_10ns_27_1_1_U39                                                      | 1   |        | mul_ln42_24             | mul       | auto     | 0       |
|    add_ln42_24_fu_600239_p2                                                     |     |        | add_ln42_24             | add       | fabric   | 0       |
|    mul_18s_11ns_28_1_1_U48                                                      | 1   |        | mul_ln42_25             | mul       | auto     | 0       |
|    add_ln42_25_fu_600253_p2                                                     |     |        | add_ln42_25             | add       | fabric   | 0       |
|    mul_18s_11ns_28_1_1_U44                                                      | 1   |        | mul_ln42_26             | mul       | auto     | 0       |
|    add_ln42_26_fu_600267_p2                                                     |     |        | add_ln42_26             | add       | fabric   | 0       |
|    mul_18s_10ns_27_1_1_U41                                                      | 1   |        | mul_ln42_27             | mul       | auto     | 0       |
|    add_ln42_27_fu_600281_p2                                                     |     |        | add_ln42_27             | add       | fabric   | 0       |
|    mul_18s_10ns_27_1_1_U43                                                      | 1   |        | mul_ln42_28             | mul       | auto     | 0       |
|    add_ln42_28_fu_600295_p2                                                     |     |        | add_ln42_28             | add       | fabric   | 0       |
|    i_fu_600120_p2                                                               |     |        | i                       | add       | fabric   | 0       |
|    icmp_ln25_fu_600126_p2                                                       |     |        | icmp_ln25               | seteq     | auto     | 0       |
|  + relu_array_ap_fixed_12u_array_ap_fixed_20_10_5_3_0_12u_relu_config4_s        | 0   |        |                         |           |          |         |
|    icmp_ln51_fu_377_p2                                                          |     |        | icmp_ln51               | setgt     | auto     | 0       |
|    out_data_sroa_0_0_0_fu_403_p3                                                |     |        | out_data_sroa_0_0_0     | select    | auto_sel | 0       |
|    empty_fu_411_p3                                                              |     |        | empty                   | select    | auto_sel | 0       |
|    icmp_ln51_18_fu_419_p2                                                       |     |        | icmp_ln51_18            | setgt     | auto     | 0       |
|    out_data_sroa_5100_0_0_fu_445_p3                                             |     |        | out_data_sroa_5100_0_0  | select    | auto_sel | 0       |
|    empty_85_fu_453_p3                                                           |     |        | empty_85                | select    | auto_sel | 0       |
|    icmp_ln51_19_fu_461_p2                                                       |     |        | icmp_ln51_19            | setgt     | auto     | 0       |
|    out_data_sroa_8104_0_0_fu_487_p3                                             |     |        | out_data_sroa_8104_0_0  | select    | auto_sel | 0       |
|    empty_86_fu_495_p3                                                           |     |        | empty_86                | select    | auto_sel | 0       |
|    icmp_ln51_20_fu_503_p2                                                       |     |        | icmp_ln51_20            | setgt     | auto     | 0       |
|    out_data_sroa_11108_0_0_fu_529_p3                                            |     |        | out_data_sroa_11108_0_0 | select    | auto_sel | 0       |
|    empty_87_fu_537_p3                                                           |     |        | empty_87                | select    | auto_sel | 0       |
|    icmp_ln51_21_fu_545_p2                                                       |     |        | icmp_ln51_21            | setgt     | auto     | 0       |
|    out_data_sroa_14112_0_0_fu_571_p3                                            |     |        | out_data_sroa_14112_0_0 | select    | auto_sel | 0       |
|    empty_88_fu_579_p3                                                           |     |        | empty_88                | select    | auto_sel | 0       |
|    icmp_ln51_22_fu_587_p2                                                       |     |        | icmp_ln51_22            | setgt     | auto     | 0       |
|    out_data_sroa_17116_0_0_fu_613_p3                                            |     |        | out_data_sroa_17116_0_0 | select    | auto_sel | 0       |
|    empty_89_fu_621_p3                                                           |     |        | empty_89                | select    | auto_sel | 0       |
|    icmp_ln51_23_fu_629_p2                                                       |     |        | icmp_ln51_23            | setgt     | auto     | 0       |
|    out_data_sroa_20120_0_0_fu_655_p3                                            |     |        | out_data_sroa_20120_0_0 | select    | auto_sel | 0       |
|    empty_90_fu_663_p3                                                           |     |        | empty_90                | select    | auto_sel | 0       |
|    icmp_ln51_24_fu_671_p2                                                       |     |        | icmp_ln51_24            | setgt     | auto     | 0       |
|    out_data_sroa_23124_0_0_fu_697_p3                                            |     |        | out_data_sroa_23124_0_0 | select    | auto_sel | 0       |
|    empty_91_fu_705_p3                                                           |     |        | empty_91                | select    | auto_sel | 0       |
|    icmp_ln51_25_fu_713_p2                                                       |     |        | icmp_ln51_25            | setgt     | auto     | 0       |
|    out_data_sroa_26128_0_0_fu_739_p3                                            |     |        | out_data_sroa_26128_0_0 | select    | auto_sel | 0       |
|    empty_92_fu_747_p3                                                           |     |        | empty_92                | select    | auto_sel | 0       |
|    icmp_ln51_26_fu_755_p2                                                       |     |        | icmp_ln51_26            | setgt     | auto     | 0       |
|    out_data_sroa_29132_0_0_fu_781_p3                                            |     |        | out_data_sroa_29132_0_0 | select    | auto_sel | 0       |
|    empty_93_fu_789_p3                                                           |     |        | empty_93                | select    | auto_sel | 0       |
|    icmp_ln51_27_fu_797_p2                                                       |     |        | icmp_ln51_27            | setgt     | auto     | 0       |
|    out_data_sroa_32136_0_0_fu_823_p3                                            |     |        | out_data_sroa_32136_0_0 | select    | auto_sel | 0       |
|    empty_94_fu_831_p3                                                           |     |        | empty_94                | select    | auto_sel | 0       |
|    icmp_ln51_28_fu_839_p2                                                       |     |        | icmp_ln51_28            | setgt     | auto     | 0       |
|    out_data_sroa_35140_0_0_fu_865_p3                                            |     |        | out_data_sroa_35140_0_0 | select    | auto_sel | 0       |
|    storemerge_fu_873_p3                                                         |     |        | storemerge              | select    | auto_sel | 0       |
|    empty_95_fu_891_p3                                                           |     |        | empty_95                | select    | auto_sel | 0       |
|    empty_96_fu_909_p3                                                           |     |        | empty_96                | select    | auto_sel | 0       |
|    empty_97_fu_927_p3                                                           |     |        | empty_97                | select    | auto_sel | 0       |
|    empty_98_fu_945_p3                                                           |     |        | empty_98                | select    | auto_sel | 0       |
|    empty_99_fu_963_p3                                                           |     |        | empty_99                | select    | auto_sel | 0       |
|    empty_100_fu_981_p3                                                          |     |        | empty_100               | select    | auto_sel | 0       |
|    empty_101_fu_999_p3                                                          |     |        | empty_101               | select    | auto_sel | 0       |
|    empty_102_fu_1017_p3                                                         |     |        | empty_102               | select    | auto_sel | 0       |
|    empty_103_fu_1035_p3                                                         |     |        | empty_103               | select    | auto_sel | 0       |
|    empty_104_fu_1053_p3                                                         |     |        | empty_104               | select    | auto_sel | 0       |
|    empty_105_fu_1071_p3                                                         |     |        | empty_105               | select    | auto_sel | 0       |
|    empty_106_fu_1089_p3                                                         |     |        | empty_106               | select    | auto_sel | 0       |
|    i_fu_1174_p2                                                                 |     |        | i                       | add       | fabric   | 0       |
|    icmp_ln41_fu_1180_p2                                                         |     |        | icmp_ln41               | seteq     | auto     | 0       |
|  + pooling2d_cl_array_array_ap_fixed_20_10_5_3_0_12u_config5_s                  | 0   |        |                         |           |          |         |
|    icmp_ln55_fu_394_p2                                                          |     |        | icmp_ln55               | seteq     | auto     | 0       |
|    add_ln109_fu_404_p2                                                          |     |        | add_ln109               | add       | fabric   | 0       |
|    icmp_ln55_4_fu_414_p2                                                        |     |        | icmp_ln55_4             | seteq     | auto     | 0       |
|    icmp_ln55_5_fu_424_p2                                                        |     |        | icmp_ln55_5             | setgt     | auto     | 0       |
|    icmp_ln55_6_fu_430_p2                                                        |     |        | icmp_ln55_6             | setgt     | auto     | 0       |
|    and_ln55_fu_436_p2                                                           |     |        | and_ln55                | and       | auto     | 0       |
|    and_ln55_2_fu_442_p2                                                         |     |        | and_ln55_2              | and       | auto     | 0       |
|    icmp_ln66_fu_709_p2                                                          |     |        | icmp_ln66               | setlt     | auto     | 0       |
|    xor_ln66_fu_715_p2                                                           |     |        | xor_ln66                | xor       | auto     | 0       |
|    select_ln0_fu_721_p3                                                         |     |        | select_ln0              | select    | auto_sel | 0       |
|    icmp_ln66_162_fu_729_p2                                                      |     |        | icmp_ln66_162           | setlt     | auto     | 0       |
|    xor_ln66_162_fu_735_p2                                                       |     |        | xor_ln66_162            | xor       | auto     | 0       |
|    select_ln0_144_fu_741_p3                                                     |     |        | select_ln0_144          | select    | auto_sel | 0       |
|    icmp_ln66_163_fu_749_p2                                                      |     |        | icmp_ln66_163           | setlt     | auto     | 0       |
|    xor_ln66_163_fu_755_p2                                                       |     |        | xor_ln66_163            | xor       | auto     | 0       |
|    res_pack_fu_761_p3                                                           |     |        | res_pack                | select    | auto_sel | 0       |
|    icmp_ln66_164_fu_785_p2                                                      |     |        | icmp_ln66_164           | setlt     | auto     | 0       |
|    xor_ln66_164_fu_791_p2                                                       |     |        | xor_ln66_164            | xor       | auto     | 0       |
|    select_ln0_145_fu_797_p3                                                     |     |        | select_ln0_145          | select    | auto_sel | 0       |
|    icmp_ln66_165_fu_805_p2                                                      |     |        | icmp_ln66_165           | setlt     | auto     | 0       |
|    xor_ln66_165_fu_811_p2                                                       |     |        | xor_ln66_165            | xor       | auto     | 0       |
|    select_ln0_146_fu_817_p3                                                     |     |        | select_ln0_146          | select    | auto_sel | 0       |
|    icmp_ln66_166_fu_825_p2                                                      |     |        | icmp_ln66_166           | setlt     | auto     | 0       |
|    xor_ln66_166_fu_831_p2                                                       |     |        | xor_ln66_166            | xor       | auto     | 0       |
|    res_pack_18_fu_837_p3                                                        |     |        | res_pack_18             | select    | auto_sel | 0       |
|    icmp_ln66_167_fu_861_p2                                                      |     |        | icmp_ln66_167           | setlt     | auto     | 0       |
|    xor_ln66_167_fu_867_p2                                                       |     |        | xor_ln66_167            | xor       | auto     | 0       |
|    select_ln0_147_fu_873_p3                                                     |     |        | select_ln0_147          | select    | auto_sel | 0       |
|    icmp_ln66_168_fu_881_p2                                                      |     |        | icmp_ln66_168           | setlt     | auto     | 0       |
|    xor_ln66_168_fu_887_p2                                                       |     |        | xor_ln66_168            | xor       | auto     | 0       |
|    select_ln0_148_fu_893_p3                                                     |     |        | select_ln0_148          | select    | auto_sel | 0       |
|    icmp_ln66_169_fu_901_p2                                                      |     |        | icmp_ln66_169           | setlt     | auto     | 0       |
|    xor_ln66_169_fu_907_p2                                                       |     |        | xor_ln66_169            | xor       | auto     | 0       |
|    res_pack_19_fu_913_p3                                                        |     |        | res_pack_19             | select    | auto_sel | 0       |
|    icmp_ln66_170_fu_937_p2                                                      |     |        | icmp_ln66_170           | setlt     | auto     | 0       |
|    xor_ln66_170_fu_943_p2                                                       |     |        | xor_ln66_170            | xor       | auto     | 0       |
|    select_ln0_149_fu_949_p3                                                     |     |        | select_ln0_149          | select    | auto_sel | 0       |
|    icmp_ln66_171_fu_957_p2                                                      |     |        | icmp_ln66_171           | setlt     | auto     | 0       |
|    xor_ln66_171_fu_963_p2                                                       |     |        | xor_ln66_171            | xor       | auto     | 0       |
|    select_ln0_150_fu_969_p3                                                     |     |        | select_ln0_150          | select    | auto_sel | 0       |
|    icmp_ln66_172_fu_977_p2                                                      |     |        | icmp_ln66_172           | setlt     | auto     | 0       |
|    xor_ln66_172_fu_983_p2                                                       |     |        | xor_ln66_172            | xor       | auto     | 0       |
|    res_pack_20_fu_989_p3                                                        |     |        | res_pack_20             | select    | auto_sel | 0       |
|    icmp_ln66_173_fu_1013_p2                                                     |     |        | icmp_ln66_173           | setlt     | auto     | 0       |
|    xor_ln66_173_fu_1019_p2                                                      |     |        | xor_ln66_173            | xor       | auto     | 0       |
|    select_ln0_151_fu_1025_p3                                                    |     |        | select_ln0_151          | select    | auto_sel | 0       |
|    icmp_ln66_174_fu_1033_p2                                                     |     |        | icmp_ln66_174           | setlt     | auto     | 0       |
|    xor_ln66_174_fu_1039_p2                                                      |     |        | xor_ln66_174            | xor       | auto     | 0       |
|    select_ln0_152_fu_1045_p3                                                    |     |        | select_ln0_152          | select    | auto_sel | 0       |
|    icmp_ln66_175_fu_1053_p2                                                     |     |        | icmp_ln66_175           | setlt     | auto     | 0       |
|    xor_ln66_175_fu_1059_p2                                                      |     |        | xor_ln66_175            | xor       | auto     | 0       |
|    res_pack_21_fu_1065_p3                                                       |     |        | res_pack_21             | select    | auto_sel | 0       |
|    icmp_ln66_176_fu_1089_p2                                                     |     |        | icmp_ln66_176           | setlt     | auto     | 0       |
|    xor_ln66_176_fu_1095_p2                                                      |     |        | xor_ln66_176            | xor       | auto     | 0       |
|    select_ln0_153_fu_1101_p3                                                    |     |        | select_ln0_153          | select    | auto_sel | 0       |
|    icmp_ln66_177_fu_1109_p2                                                     |     |        | icmp_ln66_177           | setlt     | auto     | 0       |
|    xor_ln66_177_fu_1115_p2                                                      |     |        | xor_ln66_177            | xor       | auto     | 0       |
|    select_ln0_154_fu_1121_p3                                                    |     |        | select_ln0_154          | select    | auto_sel | 0       |
|    icmp_ln66_178_fu_1129_p2                                                     |     |        | icmp_ln66_178           | setlt     | auto     | 0       |
|    xor_ln66_178_fu_1135_p2                                                      |     |        | xor_ln66_178            | xor       | auto     | 0       |
|    res_pack_22_fu_1141_p3                                                       |     |        | res_pack_22             | select    | auto_sel | 0       |
|    icmp_ln66_179_fu_1165_p2                                                     |     |        | icmp_ln66_179           | setlt     | auto     | 0       |
|    xor_ln66_179_fu_1171_p2                                                      |     |        | xor_ln66_179            | xor       | auto     | 0       |
|    select_ln0_155_fu_1177_p3                                                    |     |        | select_ln0_155          | select    | auto_sel | 0       |
|    icmp_ln66_180_fu_1185_p2                                                     |     |        | icmp_ln66_180           | setlt     | auto     | 0       |
|    xor_ln66_180_fu_1191_p2                                                      |     |        | xor_ln66_180            | xor       | auto     | 0       |
|    select_ln0_156_fu_1197_p3                                                    |     |        | select_ln0_156          | select    | auto_sel | 0       |
|    icmp_ln66_181_fu_1205_p2                                                     |     |        | icmp_ln66_181           | setlt     | auto     | 0       |
|    xor_ln66_181_fu_1211_p2                                                      |     |        | xor_ln66_181            | xor       | auto     | 0       |
|    res_pack_23_fu_1217_p3                                                       |     |        | res_pack_23             | select    | auto_sel | 0       |
|    icmp_ln66_182_fu_1241_p2                                                     |     |        | icmp_ln66_182           | setlt     | auto     | 0       |
|    xor_ln66_182_fu_1247_p2                                                      |     |        | xor_ln66_182            | xor       | auto     | 0       |
|    select_ln0_157_fu_1253_p3                                                    |     |        | select_ln0_157          | select    | auto_sel | 0       |
|    icmp_ln66_183_fu_1261_p2                                                     |     |        | icmp_ln66_183           | setlt     | auto     | 0       |
|    xor_ln66_183_fu_1267_p2                                                      |     |        | xor_ln66_183            | xor       | auto     | 0       |
|    select_ln0_158_fu_1273_p3                                                    |     |        | select_ln0_158          | select    | auto_sel | 0       |
|    icmp_ln66_184_fu_1281_p2                                                     |     |        | icmp_ln66_184           | setlt     | auto     | 0       |
|    xor_ln66_184_fu_1287_p2                                                      |     |        | xor_ln66_184            | xor       | auto     | 0       |
|    res_pack_24_fu_1293_p3                                                       |     |        | res_pack_24             | select    | auto_sel | 0       |
|    icmp_ln66_185_fu_1317_p2                                                     |     |        | icmp_ln66_185           | setlt     | auto     | 0       |
|    xor_ln66_185_fu_1323_p2                                                      |     |        | xor_ln66_185            | xor       | auto     | 0       |
|    select_ln0_159_fu_1329_p3                                                    |     |        | select_ln0_159          | select    | auto_sel | 0       |
|    icmp_ln66_186_fu_1337_p2                                                     |     |        | icmp_ln66_186           | setlt     | auto     | 0       |
|    xor_ln66_186_fu_1343_p2                                                      |     |        | xor_ln66_186            | xor       | auto     | 0       |
|    select_ln0_160_fu_1349_p3                                                    |     |        | select_ln0_160          | select    | auto_sel | 0       |
|    icmp_ln66_187_fu_1357_p2                                                     |     |        | icmp_ln66_187           | setlt     | auto     | 0       |
|    xor_ln66_187_fu_1363_p2                                                      |     |        | xor_ln66_187            | xor       | auto     | 0       |
|    res_pack_25_fu_1369_p3                                                       |     |        | res_pack_25             | select    | auto_sel | 0       |
|    icmp_ln66_188_fu_1393_p2                                                     |     |        | icmp_ln66_188           | setlt     | auto     | 0       |
|    xor_ln66_188_fu_1399_p2                                                      |     |        | xor_ln66_188            | xor       | auto     | 0       |
|    select_ln0_161_fu_1405_p3                                                    |     |        | select_ln0_161          | select    | auto_sel | 0       |
|    icmp_ln66_189_fu_1413_p2                                                     |     |        | icmp_ln66_189           | setlt     | auto     | 0       |
|    xor_ln66_189_fu_1419_p2                                                      |     |        | xor_ln66_189            | xor       | auto     | 0       |
|    select_ln0_162_fu_1425_p3                                                    |     |        | select_ln0_162          | select    | auto_sel | 0       |
|    icmp_ln66_190_fu_1433_p2                                                     |     |        | icmp_ln66_190           | setlt     | auto     | 0       |
|    xor_ln66_190_fu_1439_p2                                                      |     |        | xor_ln66_190            | xor       | auto     | 0       |
|    res_pack_26_fu_1445_p3                                                       |     |        | res_pack_26             | select    | auto_sel | 0       |
|    icmp_ln66_191_fu_1469_p2                                                     |     |        | icmp_ln66_191           | setlt     | auto     | 0       |
|    xor_ln66_191_fu_1475_p2                                                      |     |        | xor_ln66_191            | xor       | auto     | 0       |
|    select_ln0_163_fu_1481_p3                                                    |     |        | select_ln0_163          | select    | auto_sel | 0       |
|    icmp_ln66_192_fu_1489_p2                                                     |     |        | icmp_ln66_192           | setlt     | auto     | 0       |
|    xor_ln66_192_fu_1495_p2                                                      |     |        | xor_ln66_192            | xor       | auto     | 0       |
|    select_ln0_164_fu_1501_p3                                                    |     |        | select_ln0_164          | select    | auto_sel | 0       |
|    icmp_ln66_193_fu_1509_p2                                                     |     |        | icmp_ln66_193           | setlt     | auto     | 0       |
|    xor_ln66_193_fu_1515_p2                                                      |     |        | xor_ln66_193            | xor       | auto     | 0       |
|    res_pack_27_fu_1521_p3                                                       |     |        | res_pack_27             | select    | auto_sel | 0       |
|    icmp_ln66_194_fu_1545_p2                                                     |     |        | icmp_ln66_194           | setlt     | auto     | 0       |
|    xor_ln66_194_fu_1551_p2                                                      |     |        | xor_ln66_194            | xor       | auto     | 0       |
|    select_ln0_165_fu_1557_p3                                                    |     |        | select_ln0_165          | select    | auto_sel | 0       |
|    icmp_ln66_195_fu_1565_p2                                                     |     |        | icmp_ln66_195           | setlt     | auto     | 0       |
|    xor_ln66_195_fu_1571_p2                                                      |     |        | xor_ln66_195            | xor       | auto     | 0       |
|    select_ln0_166_fu_1577_p3                                                    |     |        | select_ln0_166          | select    | auto_sel | 0       |
|    icmp_ln66_196_fu_1585_p2                                                     |     |        | icmp_ln66_196           | setlt     | auto     | 0       |
|    xor_ln66_196_fu_1591_p2                                                      |     |        | xor_ln66_196            | xor       | auto     | 0       |
|    res_pack_28_fu_1597_p3                                                       |     |        | res_pack_28             | select    | auto_sel | 0       |
|    add_ln76_fu_448_p2                                                           |     |        | add_ln76                | add       | fabric   | 0       |
|    icmp_ln76_fu_454_p2                                                          |     |        | icmp_ln76               | seteq     | auto     | 0       |
|    add_ln91_fu_466_p2                                                           |     |        | add_ln91                | add       | fabric   | 0       |
|    select_ln91_fu_472_p3                                                        |     |        | select_ln91             | select    | auto_sel | 0       |
|    add_ln80_fu_502_p2                                                           |     |        | add_ln80                | add       | fabric   | 0       |
|    icmp_ln80_fu_508_p2                                                          |     |        | icmp_ln80               | seteq     | auto     | 0       |
|    icmp_ln86_fu_524_p2                                                          |     |        | icmp_ln86               | seteq     | auto     | 0       |
|    add_ln86_fu_530_p2                                                           |     |        | add_ln86                | add       | fabric   | 0       |
|    select_ln86_fu_536_p3                                                        |     |        | select_ln86             | select    | auto_sel | 0       |
|    icmp_ln109_fu_550_p2                                                         |     |        | icmp_ln109              | seteq     | auto     | 0       |
|  + zeropad2d_cl_array_array_ap_fixed_20_10_5_3_0_12u_config14_s                 | 0   |        |                         |           |          |         |
|   + zeropad2d_cl_array_array_ap_fixed_12u_config14_Pipeline_PadTopWidth         | 0   |        |                         |           |          |         |
|     icmp_ln53_fu_54_p2                                                          |     |        | icmp_ln53               | seteq     | auto     | 0       |
|     j_6_fu_60_p2                                                                |     |        | j_6                     | add       | fabric   | 0       |
|   + zeropad2d_cl_array_array_ap_fixed_20_10_5_3_0_12u_config14_Pipeline_PadMain | 0   |        |                         |           |          |         |
|     icmp_ln59_fu_69_p2                                                          |     |        | icmp_ln59               | seteq     | auto     | 0       |
|     i_4_fu_75_p2                                                                |     |        | i_4                     | add       | fabric   | 0       |
|   + zeropad2d_cl_array_array_ap_fixed_12u_config14_Pipeline_PadBottomWidth      | 0   |        |                         |           |          |         |
|     icmp_ln77_fu_54_p2                                                          |     |        | icmp_ln77               | seteq     | auto     | 0       |
|     j_7_fu_60_p2                                                                |     |        | j_7                     | add       | fabric   | 0       |
|  + conv_2d_cl_array_ap_fixed_12u_array_ap_fixed_18_8_5_3_0_18u_config6_s        | 1   |        |                         |           |          |         |
|    icmp_ln52_fu_668_p2                                                          |     |        | icmp_ln52               | seteq     | auto     | 0       |
|    add_ln52_fu_674_p2                                                           |     |        | add_ln52                | add       | fabric   | 0       |
|   + compute_output_buffer_2d_array_array_ap_fixed_18_8_5_3_0_18u_config6_s      | 1   |        |                         |           |          |         |
|     icmp_ln284_fu_945_p2                                                        |     |        | icmp_ln284              | seteq     | auto     | 0       |
|     icmp_ln284_1_fu_963_p2                                                      |     |        | icmp_ln284_1            | seteq     | auto     | 0       |
|     icmp_ln284_2_fu_979_p2                                                      |     |        | icmp_ln284_2            | setgt     | auto     | 0       |
|     icmp_ln284_3_fu_995_p2                                                      |     |        | icmp_ln284_3            | setgt     | auto     | 0       |
|     and_ln284_fu_1001_p2                                                        |     |        | and_ln284               | and       | auto     | 0       |
|     and_ln284_1_fu_1007_p2                                                      |     |        | and_ln284_1             | and       | auto     | 0       |
|     add_ln303_fu_1108_p2                                                        |     |        | add_ln303               | add       | fabric   | 0       |
|     icmp_ln303_fu_1113_p2                                                       |     |        | icmp_ln303              | seteq     | auto     | 0       |
|     add_ln318_fu_1125_p2                                                        |     |        | add_ln318               | add       | fabric   | 0       |
|     select_ln318_fu_1130_p3                                                     |     |        | select_ln318            | select    | auto_sel | 0       |
|     add_ln307_fu_1155_p2                                                        |     |        | add_ln307               | add       | fabric   | 0       |
|     icmp_ln307_fu_1160_p2                                                       |     |        | icmp_ln307              | seteq     | auto     | 0       |
|     icmp_ln313_fu_1172_p2                                                       |     |        | icmp_ln313              | seteq     | auto     | 0       |
|     add_ln313_fu_1177_p2                                                        |     |        | add_ln313               | add       | fabric   | 0       |
|     select_ln313_fu_1182_p3                                                     |     |        | select_ln313            | select    | auto_sel | 0       |
|    + dense_resource_rf_gt_nin_rem0_ap_fixed_ap_fixed_18_8_5_3_0_config6_mult_s  | 1   |        |                         |           |          |         |
|      sparsemux_217_7_20_1_1_U247                                                |     |        | a                       | sparsemux | auto     | 0       |
|      mul_20s_12s_32_1_1_U248                                                    | 1   |        | mul_ln73                | mul       | auto     | 0       |
|      sparsemux_37_5_26_1_1_U249                                                 |     |        | tmp_i                   | sparsemux | auto     | 0       |
|      acc_44_fu_6916_p2                                                          |     |        | acc_44                  | add       | fabric   | 0       |
|      sub_ln144_fu_6939_p2                                                       |     |        | sub_ln144               | sub       | fabric   | 0       |
|      icmp_ln144_fu_6945_p2                                                      |     |        | icmp_ln144              | seteq     | auto     | 0       |
|      w_index_fu_6330_p2                                                         |     |        | w_index                 | add       | fabric   | 0       |
|      in_index_2_fu_6810_p2                                                      |     |        | in_index_2              | add       | fabric   | 0       |
|      icmp_ln154_fu_6816_p2                                                      |     |        | icmp_ln154              | setgt     | auto     | 0       |
|      in_index_fu_6822_p3                                                        |     |        | in_index                | select    | auto_sel | 0       |
|      icmp_ln135_fu_6336_p2                                                      |     |        | icmp_ln135              | seteq     | auto     | 0       |
|  + normalize_array_ap_fixed_18u_array_ap_fixed_39_19_5_3_0_18u_config7_s        | 18  |        |                         |           |          |         |
|    mul_18s_10ns_27_1_1_U378                                                     | 1   |        | mul_ln42                | mul       | auto     | 0       |
|    add_ln42_fu_329031_p2                                                        |     |        | add_ln42                | add       | fabric   | 0       |
|    mul_18s_11ns_28_1_1_U380                                                     | 1   |        | mul_ln42_1              | mul       | auto     | 0       |
|    add_ln42_1_fu_329045_p2                                                      |     |        | add_ln42_1              | add       | fabric   | 0       |
|    mul_18s_11ns_28_1_1_U389                                                     | 1   |        | mul_ln42_2              | mul       | auto     | 0       |
|    add_ln42_2_fu_329059_p2                                                      |     |        | add_ln42_2              | add       | fabric   | 0       |
|    mul_18s_11ns_28_1_1_U381                                                     | 1   |        | mul_ln42_3              | mul       | auto     | 0       |
|    add_ln42_3_fu_329073_p2                                                      |     |        | add_ln42_3              | add       | fabric   | 0       |
|    mul_18s_11ns_28_1_1_U395                                                     | 1   |        | mul_ln42_4              | mul       | auto     | 0       |
|    add_ln42_4_fu_329087_p2                                                      |     |        | add_ln42_4              | add       | fabric   | 0       |
|    mul_18s_11ns_28_1_1_U392                                                     | 1   |        | mul_ln42_5              | mul       | auto     | 0       |
|    add_ln42_5_fu_329101_p2                                                      |     |        | add_ln42_5              | add       | fabric   | 0       |
|    mul_18s_11ns_28_1_1_U382                                                     | 1   |        | mul_ln42_6              | mul       | auto     | 0       |
|    add_ln42_6_fu_329115_p2                                                      |     |        | add_ln42_6              | add       | fabric   | 0       |
|    mul_18s_11ns_28_1_1_U384                                                     | 1   |        | mul_ln42_7              | mul       | auto     | 0       |
|    add_ln42_7_fu_329129_p2                                                      |     |        | add_ln42_7              | add       | fabric   | 0       |
|    mul_18s_11ns_28_1_1_U379                                                     | 1   |        | mul_ln42_8              | mul       | auto     | 0       |
|    add_ln42_8_fu_329143_p2                                                      |     |        | add_ln42_8              | add       | fabric   | 0       |
|    mul_18s_10ns_27_1_1_U391                                                     | 1   |        | mul_ln42_9              | mul       | auto     | 0       |
|    add_ln42_9_fu_329157_p2                                                      |     |        | add_ln42_9              | add       | fabric   | 0       |
|    mul_18s_11ns_28_1_1_U385                                                     | 1   |        | mul_ln42_10             | mul       | auto     | 0       |
|    add_ln42_10_fu_329171_p2                                                     |     |        | add_ln42_10             | add       | fabric   | 0       |
|    mul_18s_11ns_28_1_1_U393                                                     | 1   |        | mul_ln42_11             | mul       | auto     | 0       |
|    add_ln42_11_fu_329185_p2                                                     |     |        | add_ln42_11             | add       | fabric   | 0       |
|    mul_18s_12ns_29_1_1_U387                                                     | 1   |        | mul_ln42_12             | mul       | auto     | 0       |
|    add_ln42_12_fu_329199_p2                                                     |     |        | add_ln42_12             | add       | fabric   | 0       |
|    mul_18s_10ns_27_1_1_U390                                                     | 1   |        | mul_ln42_13             | mul       | auto     | 0       |
|    add_ln42_13_fu_329213_p2                                                     |     |        | add_ln42_13             | add       | fabric   | 0       |
|    mul_18s_11ns_28_1_1_U386                                                     | 1   |        | mul_ln42_14             | mul       | auto     | 0       |
|    add_ln42_14_fu_329227_p2                                                     |     |        | add_ln42_14             | add       | fabric   | 0       |
|    mul_18s_10ns_27_1_1_U383                                                     | 1   |        | mul_ln42_15             | mul       | auto     | 0       |
|    add_ln42_15_fu_329241_p2                                                     |     |        | add_ln42_15             | add       | fabric   | 0       |
|    mul_18s_11ns_28_1_1_U388                                                     | 1   |        | mul_ln42_16             | mul       | auto     | 0       |
|    add_ln42_16_fu_329255_p2                                                     |     |        | add_ln42_16             | add       | fabric   | 0       |
|    mul_18s_11ns_28_1_1_U394                                                     | 1   |        | mul_ln42_17             | mul       | auto     | 0       |
|    add_ln42_17_fu_329269_p2                                                     |     |        | add_ln42_17             | add       | fabric   | 0       |
|    i_fu_329010_p2                                                               |     |        | i                       | add       | fabric   | 0       |
|    icmp_ln25_fu_329016_p2                                                       |     |        | icmp_ln25               | seteq     | auto     | 0       |
|  + relu_array_ap_fixed_18u_array_ap_fixed_20_10_5_3_0_18u_relu_config8_s        | 0   |        |                         |           |          |         |
|    icmp_ln51_fu_531_p2                                                          |     |        | icmp_ln51               | setgt     | auto     | 0       |
|    out_data_sroa_0_0_0_fu_557_p3                                                |     |        | out_data_sroa_0_0_0     | select    | auto_sel | 0       |
|    empty_fu_565_p3                                                              |     |        | empty                   | select    | auto_sel | 0       |
|    icmp_ln51_1_fu_573_p2                                                        |     |        | icmp_ln51_1             | setgt     | auto     | 0       |
|    out_data_sroa_5130_0_0_fu_599_p3                                             |     |        | out_data_sroa_5130_0_0  | select    | auto_sel | 0       |
|    empty_51_fu_607_p3                                                           |     |        | empty_51                | select    | auto_sel | 0       |
|    icmp_ln51_2_fu_615_p2                                                        |     |        | icmp_ln51_2             | setgt     | auto     | 0       |
|    out_data_sroa_8134_0_0_fu_641_p3                                             |     |        | out_data_sroa_8134_0_0  | select    | auto_sel | 0       |
|    empty_52_fu_649_p3                                                           |     |        | empty_52                | select    | auto_sel | 0       |
|    icmp_ln51_3_fu_657_p2                                                        |     |        | icmp_ln51_3             | setgt     | auto     | 0       |
|    out_data_sroa_11138_0_0_fu_683_p3                                            |     |        | out_data_sroa_11138_0_0 | select    | auto_sel | 0       |
|    empty_53_fu_691_p3                                                           |     |        | empty_53                | select    | auto_sel | 0       |
|    icmp_ln51_4_fu_699_p2                                                        |     |        | icmp_ln51_4             | setgt     | auto     | 0       |
|    out_data_sroa_14142_0_0_fu_725_p3                                            |     |        | out_data_sroa_14142_0_0 | select    | auto_sel | 0       |
|    empty_54_fu_733_p3                                                           |     |        | empty_54                | select    | auto_sel | 0       |
|    icmp_ln51_5_fu_741_p2                                                        |     |        | icmp_ln51_5             | setgt     | auto     | 0       |
|    out_data_sroa_17146_0_0_fu_767_p3                                            |     |        | out_data_sroa_17146_0_0 | select    | auto_sel | 0       |
|    empty_55_fu_775_p3                                                           |     |        | empty_55                | select    | auto_sel | 0       |
|    icmp_ln51_6_fu_783_p2                                                        |     |        | icmp_ln51_6             | setgt     | auto     | 0       |
|    out_data_sroa_20150_0_0_fu_809_p3                                            |     |        | out_data_sroa_20150_0_0 | select    | auto_sel | 0       |
|    empty_56_fu_817_p3                                                           |     |        | empty_56                | select    | auto_sel | 0       |
|    icmp_ln51_7_fu_825_p2                                                        |     |        | icmp_ln51_7             | setgt     | auto     | 0       |
|    out_data_sroa_23154_0_0_fu_851_p3                                            |     |        | out_data_sroa_23154_0_0 | select    | auto_sel | 0       |
|    empty_57_fu_859_p3                                                           |     |        | empty_57                | select    | auto_sel | 0       |
|    icmp_ln51_8_fu_867_p2                                                        |     |        | icmp_ln51_8             | setgt     | auto     | 0       |
|    out_data_sroa_26158_0_0_fu_893_p3                                            |     |        | out_data_sroa_26158_0_0 | select    | auto_sel | 0       |
|    empty_58_fu_901_p3                                                           |     |        | empty_58                | select    | auto_sel | 0       |
|    icmp_ln51_9_fu_909_p2                                                        |     |        | icmp_ln51_9             | setgt     | auto     | 0       |
|    out_data_sroa_29162_0_0_fu_935_p3                                            |     |        | out_data_sroa_29162_0_0 | select    | auto_sel | 0       |
|    empty_59_fu_943_p3                                                           |     |        | empty_59                | select    | auto_sel | 0       |
|    icmp_ln51_10_fu_951_p2                                                       |     |        | icmp_ln51_10            | setgt     | auto     | 0       |
|    out_data_sroa_32166_0_0_fu_977_p3                                            |     |        | out_data_sroa_32166_0_0 | select    | auto_sel | 0       |
|    empty_60_fu_985_p3                                                           |     |        | empty_60                | select    | auto_sel | 0       |
|    icmp_ln51_11_fu_993_p2                                                       |     |        | icmp_ln51_11            | setgt     | auto     | 0       |
|    out_data_sroa_35170_0_0_fu_1019_p3                                           |     |        | out_data_sroa_35170_0_0 | select    | auto_sel | 0       |
|    empty_61_fu_1027_p3                                                          |     |        | empty_61                | select    | auto_sel | 0       |
|    icmp_ln51_12_fu_1035_p2                                                      |     |        | icmp_ln51_12            | setgt     | auto     | 0       |
|    out_data_sroa_38174_0_0_fu_1061_p3                                           |     |        | out_data_sroa_38174_0_0 | select    | auto_sel | 0       |
|    empty_62_fu_1069_p3                                                          |     |        | empty_62                | select    | auto_sel | 0       |
|    icmp_ln51_13_fu_1077_p2                                                      |     |        | icmp_ln51_13            | setgt     | auto     | 0       |
|    out_data_sroa_41178_0_0_fu_1103_p3                                           |     |        | out_data_sroa_41178_0_0 | select    | auto_sel | 0       |
|    empty_63_fu_1111_p3                                                          |     |        | empty_63                | select    | auto_sel | 0       |
|    icmp_ln51_14_fu_1119_p2                                                      |     |        | icmp_ln51_14            | setgt     | auto     | 0       |
|    out_data_sroa_44182_0_0_fu_1145_p3                                           |     |        | out_data_sroa_44182_0_0 | select    | auto_sel | 0       |
|    empty_64_fu_1153_p3                                                          |     |        | empty_64                | select    | auto_sel | 0       |
|    icmp_ln51_15_fu_1161_p2                                                      |     |        | icmp_ln51_15            | setgt     | auto     | 0       |
|    out_data_sroa_47186_0_0_fu_1187_p3                                           |     |        | out_data_sroa_47186_0_0 | select    | auto_sel | 0       |
|    empty_65_fu_1195_p3                                                          |     |        | empty_65                | select    | auto_sel | 0       |
|    icmp_ln51_16_fu_1203_p2                                                      |     |        | icmp_ln51_16            | setgt     | auto     | 0       |
|    out_data_sroa_50190_0_0_fu_1229_p3                                           |     |        | out_data_sroa_50190_0_0 | select    | auto_sel | 0       |
|    empty_66_fu_1237_p3                                                          |     |        | empty_66                | select    | auto_sel | 0       |
|    icmp_ln51_17_fu_1245_p2                                                      |     |        | icmp_ln51_17            | setgt     | auto     | 0       |
|    out_data_sroa_53194_0_0_fu_1271_p3                                           |     |        | out_data_sroa_53194_0_0 | select    | auto_sel | 0       |
|    storemerge_fu_1279_p3                                                        |     |        | storemerge              | select    | auto_sel | 0       |
|    empty_67_fu_1297_p3                                                          |     |        | empty_67                | select    | auto_sel | 0       |
|    empty_68_fu_1315_p3                                                          |     |        | empty_68                | select    | auto_sel | 0       |
|    empty_69_fu_1333_p3                                                          |     |        | empty_69                | select    | auto_sel | 0       |
|    empty_70_fu_1351_p3                                                          |     |        | empty_70                | select    | auto_sel | 0       |
|    empty_71_fu_1369_p3                                                          |     |        | empty_71                | select    | auto_sel | 0       |
|    empty_72_fu_1387_p3                                                          |     |        | empty_72                | select    | auto_sel | 0       |
|    empty_73_fu_1405_p3                                                          |     |        | empty_73                | select    | auto_sel | 0       |
|    empty_74_fu_1423_p3                                                          |     |        | empty_74                | select    | auto_sel | 0       |
|    empty_75_fu_1441_p3                                                          |     |        | empty_75                | select    | auto_sel | 0       |
|    empty_76_fu_1459_p3                                                          |     |        | empty_76                | select    | auto_sel | 0       |
|    empty_77_fu_1477_p3                                                          |     |        | empty_77                | select    | auto_sel | 0       |
|    empty_78_fu_1495_p3                                                          |     |        | empty_78                | select    | auto_sel | 0       |
|    empty_79_fu_1513_p3                                                          |     |        | empty_79                | select    | auto_sel | 0       |
|    empty_80_fu_1531_p3                                                          |     |        | empty_80                | select    | auto_sel | 0       |
|    empty_81_fu_1549_p3                                                          |     |        | empty_81                | select    | auto_sel | 0       |
|    empty_82_fu_1567_p3                                                          |     |        | empty_82                | select    | auto_sel | 0       |
|    empty_83_fu_1585_p3                                                          |     |        | empty_83                | select    | auto_sel | 0       |
|    empty_84_fu_1603_p3                                                          |     |        | empty_84                | select    | auto_sel | 0       |
|    i_fu_1724_p2                                                                 |     |        | i                       | add       | fabric   | 0       |
|    icmp_ln41_fu_1730_p2                                                         |     |        | icmp_ln41               | seteq     | auto     | 0       |
|  + pooling2d_cl_array_array_ap_fixed_20_10_5_3_0_18u_config9_s                  | 0   |        |                         |           |          |         |
|    icmp_ln55_fu_988_p2                                                          |     |        | icmp_ln55               | seteq     | auto     | 0       |
|    add_ln109_fu_998_p2                                                          |     |        | add_ln109               | add       | fabric   | 0       |
|    icmp_ln55_1_fu_1008_p2                                                       |     |        | icmp_ln55_1             | seteq     | auto     | 0       |
|    icmp_ln55_2_fu_1018_p2                                                       |     |        | icmp_ln55_2             | setgt     | auto     | 0       |
|    icmp_ln55_3_fu_1034_p2                                                       |     |        | icmp_ln55_3             | setgt     | auto     | 0       |
|    and_ln55_fu_1040_p2                                                          |     |        | and_ln55                | and       | auto     | 0       |
|    and_ln55_1_fu_1046_p2                                                        |     |        | and_ln55_1              | and       | auto     | 0       |
|    icmp_ln66_fu_1403_p2                                                         |     |        | icmp_ln66               | setlt     | auto     | 0       |
|    xor_ln66_fu_1409_p2                                                          |     |        | xor_ln66                | xor       | auto     | 0       |
|    select_ln0_fu_1415_p3                                                        |     |        | select_ln0              | select    | auto_sel | 0       |
|    icmp_ln66_1_fu_1423_p2                                                       |     |        | icmp_ln66_1             | setlt     | auto     | 0       |
|    xor_ln66_1_fu_1429_p2                                                        |     |        | xor_ln66_1              | xor       | auto     | 0       |
|    select_ln0_1_fu_1435_p3                                                      |     |        | select_ln0_1            | select    | auto_sel | 0       |
|    icmp_ln66_2_fu_1443_p2                                                       |     |        | icmp_ln66_2             | setlt     | auto     | 0       |
|    xor_ln66_2_fu_1449_p2                                                        |     |        | xor_ln66_2              | xor       | auto     | 0       |
|    select_ln0_2_fu_1455_p3                                                      |     |        | select_ln0_2            | select    | auto_sel | 0       |
|    icmp_ln66_3_fu_1463_p2                                                       |     |        | icmp_ln66_3             | setlt     | auto     | 0       |
|    xor_ln66_3_fu_1469_p2                                                        |     |        | xor_ln66_3              | xor       | auto     | 0       |
|    select_ln0_3_fu_1475_p3                                                      |     |        | select_ln0_3            | select    | auto_sel | 0       |
|    icmp_ln66_4_fu_1483_p2                                                       |     |        | icmp_ln66_4             | setlt     | auto     | 0       |
|    xor_ln66_4_fu_1489_p2                                                        |     |        | xor_ln66_4              | xor       | auto     | 0       |
|    select_ln0_4_fu_1495_p3                                                      |     |        | select_ln0_4            | select    | auto_sel | 0       |
|    icmp_ln66_5_fu_1503_p2                                                       |     |        | icmp_ln66_5             | setlt     | auto     | 0       |
|    xor_ln66_5_fu_1509_p2                                                        |     |        | xor_ln66_5              | xor       | auto     | 0       |
|    select_ln0_5_fu_1515_p3                                                      |     |        | select_ln0_5            | select    | auto_sel | 0       |
|    icmp_ln66_6_fu_1523_p2                                                       |     |        | icmp_ln66_6             | setlt     | auto     | 0       |
|    xor_ln66_6_fu_1529_p2                                                        |     |        | xor_ln66_6              | xor       | auto     | 0       |
|    select_ln0_6_fu_1535_p3                                                      |     |        | select_ln0_6            | select    | auto_sel | 0       |
|    icmp_ln66_7_fu_1543_p2                                                       |     |        | icmp_ln66_7             | setlt     | auto     | 0       |
|    xor_ln66_7_fu_1549_p2                                                        |     |        | xor_ln66_7              | xor       | auto     | 0       |
|    select_ln0_7_fu_1555_p3                                                      |     |        | select_ln0_7            | select    | auto_sel | 0       |
|    icmp_ln66_8_fu_1563_p2                                                       |     |        | icmp_ln66_8             | setlt     | auto     | 0       |
|    xor_ln66_8_fu_1569_p2                                                        |     |        | xor_ln66_8              | xor       | auto     | 0       |
|    res_pack_fu_1575_p3                                                          |     |        | res_pack                | select    | auto_sel | 0       |
|    icmp_ln66_9_fu_1623_p2                                                       |     |        | icmp_ln66_9             | setlt     | auto     | 0       |
|    xor_ln66_9_fu_1629_p2                                                        |     |        | xor_ln66_9              | xor       | auto     | 0       |
|    select_ln0_8_fu_1635_p3                                                      |     |        | select_ln0_8            | select    | auto_sel | 0       |
|    icmp_ln66_10_fu_1643_p2                                                      |     |        | icmp_ln66_10            | setlt     | auto     | 0       |
|    xor_ln66_10_fu_1649_p2                                                       |     |        | xor_ln66_10             | xor       | auto     | 0       |
|    select_ln0_9_fu_1655_p3                                                      |     |        | select_ln0_9            | select    | auto_sel | 0       |
|    icmp_ln66_11_fu_1663_p2                                                      |     |        | icmp_ln66_11            | setlt     | auto     | 0       |
|    xor_ln66_11_fu_1669_p2                                                       |     |        | xor_ln66_11             | xor       | auto     | 0       |
|    select_ln0_10_fu_1675_p3                                                     |     |        | select_ln0_10           | select    | auto_sel | 0       |
|    icmp_ln66_12_fu_1683_p2                                                      |     |        | icmp_ln66_12            | setlt     | auto     | 0       |
|    xor_ln66_12_fu_1689_p2                                                       |     |        | xor_ln66_12             | xor       | auto     | 0       |
|    select_ln0_11_fu_1695_p3                                                     |     |        | select_ln0_11           | select    | auto_sel | 0       |
|    icmp_ln66_13_fu_1703_p2                                                      |     |        | icmp_ln66_13            | setlt     | auto     | 0       |
|    xor_ln66_13_fu_1709_p2                                                       |     |        | xor_ln66_13             | xor       | auto     | 0       |
|    select_ln0_12_fu_1715_p3                                                     |     |        | select_ln0_12           | select    | auto_sel | 0       |
|    icmp_ln66_14_fu_1723_p2                                                      |     |        | icmp_ln66_14            | setlt     | auto     | 0       |
|    xor_ln66_14_fu_1729_p2                                                       |     |        | xor_ln66_14             | xor       | auto     | 0       |
|    select_ln0_13_fu_1735_p3                                                     |     |        | select_ln0_13           | select    | auto_sel | 0       |
|    icmp_ln66_15_fu_1743_p2                                                      |     |        | icmp_ln66_15            | setlt     | auto     | 0       |
|    xor_ln66_15_fu_1749_p2                                                       |     |        | xor_ln66_15             | xor       | auto     | 0       |
|    select_ln0_14_fu_1755_p3                                                     |     |        | select_ln0_14           | select    | auto_sel | 0       |
|    icmp_ln66_16_fu_1763_p2                                                      |     |        | icmp_ln66_16            | setlt     | auto     | 0       |
|    xor_ln66_16_fu_1769_p2                                                       |     |        | xor_ln66_16             | xor       | auto     | 0       |
|    select_ln0_15_fu_1775_p3                                                     |     |        | select_ln0_15           | select    | auto_sel | 0       |
|    icmp_ln66_17_fu_1783_p2                                                      |     |        | icmp_ln66_17            | setlt     | auto     | 0       |
|    xor_ln66_17_fu_1789_p2                                                       |     |        | xor_ln66_17             | xor       | auto     | 0       |
|    res_pack_1_fu_1795_p3                                                        |     |        | res_pack_1              | select    | auto_sel | 0       |
|    icmp_ln66_18_fu_1843_p2                                                      |     |        | icmp_ln66_18            | setlt     | auto     | 0       |
|    xor_ln66_18_fu_1849_p2                                                       |     |        | xor_ln66_18             | xor       | auto     | 0       |
|    select_ln0_16_fu_1855_p3                                                     |     |        | select_ln0_16           | select    | auto_sel | 0       |
|    icmp_ln66_19_fu_1863_p2                                                      |     |        | icmp_ln66_19            | setlt     | auto     | 0       |
|    xor_ln66_19_fu_1869_p2                                                       |     |        | xor_ln66_19             | xor       | auto     | 0       |
|    select_ln0_17_fu_1875_p3                                                     |     |        | select_ln0_17           | select    | auto_sel | 0       |
|    icmp_ln66_20_fu_1883_p2                                                      |     |        | icmp_ln66_20            | setlt     | auto     | 0       |
|    xor_ln66_20_fu_1889_p2                                                       |     |        | xor_ln66_20             | xor       | auto     | 0       |
|    select_ln0_18_fu_1895_p3                                                     |     |        | select_ln0_18           | select    | auto_sel | 0       |
|    icmp_ln66_21_fu_1903_p2                                                      |     |        | icmp_ln66_21            | setlt     | auto     | 0       |
|    xor_ln66_21_fu_1909_p2                                                       |     |        | xor_ln66_21             | xor       | auto     | 0       |
|    select_ln0_19_fu_1915_p3                                                     |     |        | select_ln0_19           | select    | auto_sel | 0       |
|    icmp_ln66_22_fu_1923_p2                                                      |     |        | icmp_ln66_22            | setlt     | auto     | 0       |
|    xor_ln66_22_fu_1929_p2                                                       |     |        | xor_ln66_22             | xor       | auto     | 0       |
|    select_ln0_20_fu_1935_p3                                                     |     |        | select_ln0_20           | select    | auto_sel | 0       |
|    icmp_ln66_23_fu_1943_p2                                                      |     |        | icmp_ln66_23            | setlt     | auto     | 0       |
|    xor_ln66_23_fu_1949_p2                                                       |     |        | xor_ln66_23             | xor       | auto     | 0       |
|    select_ln0_21_fu_1955_p3                                                     |     |        | select_ln0_21           | select    | auto_sel | 0       |
|    icmp_ln66_24_fu_1963_p2                                                      |     |        | icmp_ln66_24            | setlt     | auto     | 0       |
|    xor_ln66_24_fu_1969_p2                                                       |     |        | xor_ln66_24             | xor       | auto     | 0       |
|    select_ln0_22_fu_1975_p3                                                     |     |        | select_ln0_22           | select    | auto_sel | 0       |
|    icmp_ln66_25_fu_1983_p2                                                      |     |        | icmp_ln66_25            | setlt     | auto     | 0       |
|    xor_ln66_25_fu_1989_p2                                                       |     |        | xor_ln66_25             | xor       | auto     | 0       |
|    select_ln0_23_fu_1995_p3                                                     |     |        | select_ln0_23           | select    | auto_sel | 0       |
|    icmp_ln66_26_fu_2003_p2                                                      |     |        | icmp_ln66_26            | setlt     | auto     | 0       |
|    xor_ln66_26_fu_2009_p2                                                       |     |        | xor_ln66_26             | xor       | auto     | 0       |
|    res_pack_2_fu_2015_p3                                                        |     |        | res_pack_2              | select    | auto_sel | 0       |
|    icmp_ln66_27_fu_2063_p2                                                      |     |        | icmp_ln66_27            | setlt     | auto     | 0       |
|    xor_ln66_27_fu_2069_p2                                                       |     |        | xor_ln66_27             | xor       | auto     | 0       |
|    select_ln0_24_fu_2075_p3                                                     |     |        | select_ln0_24           | select    | auto_sel | 0       |
|    icmp_ln66_28_fu_2083_p2                                                      |     |        | icmp_ln66_28            | setlt     | auto     | 0       |
|    xor_ln66_28_fu_2089_p2                                                       |     |        | xor_ln66_28             | xor       | auto     | 0       |
|    select_ln0_25_fu_2095_p3                                                     |     |        | select_ln0_25           | select    | auto_sel | 0       |
|    icmp_ln66_29_fu_2103_p2                                                      |     |        | icmp_ln66_29            | setlt     | auto     | 0       |
|    xor_ln66_29_fu_2109_p2                                                       |     |        | xor_ln66_29             | xor       | auto     | 0       |
|    select_ln0_26_fu_2115_p3                                                     |     |        | select_ln0_26           | select    | auto_sel | 0       |
|    icmp_ln66_30_fu_2123_p2                                                      |     |        | icmp_ln66_30            | setlt     | auto     | 0       |
|    xor_ln66_30_fu_2129_p2                                                       |     |        | xor_ln66_30             | xor       | auto     | 0       |
|    select_ln0_27_fu_2135_p3                                                     |     |        | select_ln0_27           | select    | auto_sel | 0       |
|    icmp_ln66_31_fu_2143_p2                                                      |     |        | icmp_ln66_31            | setlt     | auto     | 0       |
|    xor_ln66_31_fu_2149_p2                                                       |     |        | xor_ln66_31             | xor       | auto     | 0       |
|    select_ln0_28_fu_2155_p3                                                     |     |        | select_ln0_28           | select    | auto_sel | 0       |
|    icmp_ln66_32_fu_2163_p2                                                      |     |        | icmp_ln66_32            | setlt     | auto     | 0       |
|    xor_ln66_32_fu_2169_p2                                                       |     |        | xor_ln66_32             | xor       | auto     | 0       |
|    select_ln0_29_fu_2175_p3                                                     |     |        | select_ln0_29           | select    | auto_sel | 0       |
|    icmp_ln66_33_fu_2183_p2                                                      |     |        | icmp_ln66_33            | setlt     | auto     | 0       |
|    xor_ln66_33_fu_2189_p2                                                       |     |        | xor_ln66_33             | xor       | auto     | 0       |
|    select_ln0_30_fu_2195_p3                                                     |     |        | select_ln0_30           | select    | auto_sel | 0       |
|    icmp_ln66_34_fu_2203_p2                                                      |     |        | icmp_ln66_34            | setlt     | auto     | 0       |
|    xor_ln66_34_fu_2209_p2                                                       |     |        | xor_ln66_34             | xor       | auto     | 0       |
|    select_ln0_31_fu_2215_p3                                                     |     |        | select_ln0_31           | select    | auto_sel | 0       |
|    icmp_ln66_35_fu_2223_p2                                                      |     |        | icmp_ln66_35            | setlt     | auto     | 0       |
|    xor_ln66_35_fu_2229_p2                                                       |     |        | xor_ln66_35             | xor       | auto     | 0       |
|    res_pack_3_fu_2235_p3                                                        |     |        | res_pack_3              | select    | auto_sel | 0       |
|    icmp_ln66_36_fu_2283_p2                                                      |     |        | icmp_ln66_36            | setlt     | auto     | 0       |
|    xor_ln66_36_fu_2289_p2                                                       |     |        | xor_ln66_36             | xor       | auto     | 0       |
|    select_ln0_32_fu_2295_p3                                                     |     |        | select_ln0_32           | select    | auto_sel | 0       |
|    icmp_ln66_37_fu_2303_p2                                                      |     |        | icmp_ln66_37            | setlt     | auto     | 0       |
|    xor_ln66_37_fu_2309_p2                                                       |     |        | xor_ln66_37             | xor       | auto     | 0       |
|    select_ln0_33_fu_2315_p3                                                     |     |        | select_ln0_33           | select    | auto_sel | 0       |
|    icmp_ln66_38_fu_2323_p2                                                      |     |        | icmp_ln66_38            | setlt     | auto     | 0       |
|    xor_ln66_38_fu_2329_p2                                                       |     |        | xor_ln66_38             | xor       | auto     | 0       |
|    select_ln0_34_fu_2335_p3                                                     |     |        | select_ln0_34           | select    | auto_sel | 0       |
|    icmp_ln66_39_fu_2343_p2                                                      |     |        | icmp_ln66_39            | setlt     | auto     | 0       |
|    xor_ln66_39_fu_2349_p2                                                       |     |        | xor_ln66_39             | xor       | auto     | 0       |
|    select_ln0_35_fu_2355_p3                                                     |     |        | select_ln0_35           | select    | auto_sel | 0       |
|    icmp_ln66_40_fu_2363_p2                                                      |     |        | icmp_ln66_40            | setlt     | auto     | 0       |
|    xor_ln66_40_fu_2369_p2                                                       |     |        | xor_ln66_40             | xor       | auto     | 0       |
|    select_ln0_36_fu_2375_p3                                                     |     |        | select_ln0_36           | select    | auto_sel | 0       |
|    icmp_ln66_41_fu_2383_p2                                                      |     |        | icmp_ln66_41            | setlt     | auto     | 0       |
|    xor_ln66_41_fu_2389_p2                                                       |     |        | xor_ln66_41             | xor       | auto     | 0       |
|    select_ln0_37_fu_2395_p3                                                     |     |        | select_ln0_37           | select    | auto_sel | 0       |
|    icmp_ln66_42_fu_2403_p2                                                      |     |        | icmp_ln66_42            | setlt     | auto     | 0       |
|    xor_ln66_42_fu_2409_p2                                                       |     |        | xor_ln66_42             | xor       | auto     | 0       |
|    select_ln0_38_fu_2415_p3                                                     |     |        | select_ln0_38           | select    | auto_sel | 0       |
|    icmp_ln66_43_fu_2423_p2                                                      |     |        | icmp_ln66_43            | setlt     | auto     | 0       |
|    xor_ln66_43_fu_2429_p2                                                       |     |        | xor_ln66_43             | xor       | auto     | 0       |
|    select_ln0_39_fu_2435_p3                                                     |     |        | select_ln0_39           | select    | auto_sel | 0       |
|    icmp_ln66_44_fu_2443_p2                                                      |     |        | icmp_ln66_44            | setlt     | auto     | 0       |
|    xor_ln66_44_fu_2449_p2                                                       |     |        | xor_ln66_44             | xor       | auto     | 0       |
|    res_pack_4_fu_2455_p3                                                        |     |        | res_pack_4              | select    | auto_sel | 0       |
|    icmp_ln66_45_fu_2503_p2                                                      |     |        | icmp_ln66_45            | setlt     | auto     | 0       |
|    xor_ln66_45_fu_2509_p2                                                       |     |        | xor_ln66_45             | xor       | auto     | 0       |
|    select_ln0_40_fu_2515_p3                                                     |     |        | select_ln0_40           | select    | auto_sel | 0       |
|    icmp_ln66_46_fu_2523_p2                                                      |     |        | icmp_ln66_46            | setlt     | auto     | 0       |
|    xor_ln66_46_fu_2529_p2                                                       |     |        | xor_ln66_46             | xor       | auto     | 0       |
|    select_ln0_41_fu_2535_p3                                                     |     |        | select_ln0_41           | select    | auto_sel | 0       |
|    icmp_ln66_47_fu_2543_p2                                                      |     |        | icmp_ln66_47            | setlt     | auto     | 0       |
|    xor_ln66_47_fu_2549_p2                                                       |     |        | xor_ln66_47             | xor       | auto     | 0       |
|    select_ln0_42_fu_2555_p3                                                     |     |        | select_ln0_42           | select    | auto_sel | 0       |
|    icmp_ln66_48_fu_2563_p2                                                      |     |        | icmp_ln66_48            | setlt     | auto     | 0       |
|    xor_ln66_48_fu_2569_p2                                                       |     |        | xor_ln66_48             | xor       | auto     | 0       |
|    select_ln0_43_fu_2575_p3                                                     |     |        | select_ln0_43           | select    | auto_sel | 0       |
|    icmp_ln66_49_fu_2583_p2                                                      |     |        | icmp_ln66_49            | setlt     | auto     | 0       |
|    xor_ln66_49_fu_2589_p2                                                       |     |        | xor_ln66_49             | xor       | auto     | 0       |
|    select_ln0_44_fu_2595_p3                                                     |     |        | select_ln0_44           | select    | auto_sel | 0       |
|    icmp_ln66_50_fu_2603_p2                                                      |     |        | icmp_ln66_50            | setlt     | auto     | 0       |
|    xor_ln66_50_fu_2609_p2                                                       |     |        | xor_ln66_50             | xor       | auto     | 0       |
|    select_ln0_45_fu_2615_p3                                                     |     |        | select_ln0_45           | select    | auto_sel | 0       |
|    icmp_ln66_51_fu_2623_p2                                                      |     |        | icmp_ln66_51            | setlt     | auto     | 0       |
|    xor_ln66_51_fu_2629_p2                                                       |     |        | xor_ln66_51             | xor       | auto     | 0       |
|    select_ln0_46_fu_2635_p3                                                     |     |        | select_ln0_46           | select    | auto_sel | 0       |
|    icmp_ln66_52_fu_2643_p2                                                      |     |        | icmp_ln66_52            | setlt     | auto     | 0       |
|    xor_ln66_52_fu_2649_p2                                                       |     |        | xor_ln66_52             | xor       | auto     | 0       |
|    select_ln0_47_fu_2655_p3                                                     |     |        | select_ln0_47           | select    | auto_sel | 0       |
|    icmp_ln66_53_fu_2663_p2                                                      |     |        | icmp_ln66_53            | setlt     | auto     | 0       |
|    xor_ln66_53_fu_2669_p2                                                       |     |        | xor_ln66_53             | xor       | auto     | 0       |
|    res_pack_5_fu_2675_p3                                                        |     |        | res_pack_5              | select    | auto_sel | 0       |
|    icmp_ln66_54_fu_2723_p2                                                      |     |        | icmp_ln66_54            | setlt     | auto     | 0       |
|    xor_ln66_54_fu_2729_p2                                                       |     |        | xor_ln66_54             | xor       | auto     | 0       |
|    select_ln0_48_fu_2735_p3                                                     |     |        | select_ln0_48           | select    | auto_sel | 0       |
|    icmp_ln66_55_fu_2743_p2                                                      |     |        | icmp_ln66_55            | setlt     | auto     | 0       |
|    xor_ln66_55_fu_2749_p2                                                       |     |        | xor_ln66_55             | xor       | auto     | 0       |
|    select_ln0_49_fu_2755_p3                                                     |     |        | select_ln0_49           | select    | auto_sel | 0       |
|    icmp_ln66_56_fu_2763_p2                                                      |     |        | icmp_ln66_56            | setlt     | auto     | 0       |
|    xor_ln66_56_fu_2769_p2                                                       |     |        | xor_ln66_56             | xor       | auto     | 0       |
|    select_ln0_50_fu_2775_p3                                                     |     |        | select_ln0_50           | select    | auto_sel | 0       |
|    icmp_ln66_57_fu_2783_p2                                                      |     |        | icmp_ln66_57            | setlt     | auto     | 0       |
|    xor_ln66_57_fu_2789_p2                                                       |     |        | xor_ln66_57             | xor       | auto     | 0       |
|    select_ln0_51_fu_2795_p3                                                     |     |        | select_ln0_51           | select    | auto_sel | 0       |
|    icmp_ln66_58_fu_2803_p2                                                      |     |        | icmp_ln66_58            | setlt     | auto     | 0       |
|    xor_ln66_58_fu_2809_p2                                                       |     |        | xor_ln66_58             | xor       | auto     | 0       |
|    select_ln0_52_fu_2815_p3                                                     |     |        | select_ln0_52           | select    | auto_sel | 0       |
|    icmp_ln66_59_fu_2823_p2                                                      |     |        | icmp_ln66_59            | setlt     | auto     | 0       |
|    xor_ln66_59_fu_2829_p2                                                       |     |        | xor_ln66_59             | xor       | auto     | 0       |
|    select_ln0_53_fu_2835_p3                                                     |     |        | select_ln0_53           | select    | auto_sel | 0       |
|    icmp_ln66_60_fu_2843_p2                                                      |     |        | icmp_ln66_60            | setlt     | auto     | 0       |
|    xor_ln66_60_fu_2849_p2                                                       |     |        | xor_ln66_60             | xor       | auto     | 0       |
|    select_ln0_54_fu_2855_p3                                                     |     |        | select_ln0_54           | select    | auto_sel | 0       |
|    icmp_ln66_61_fu_2863_p2                                                      |     |        | icmp_ln66_61            | setlt     | auto     | 0       |
|    xor_ln66_61_fu_2869_p2                                                       |     |        | xor_ln66_61             | xor       | auto     | 0       |
|    select_ln0_55_fu_2875_p3                                                     |     |        | select_ln0_55           | select    | auto_sel | 0       |
|    icmp_ln66_62_fu_2883_p2                                                      |     |        | icmp_ln66_62            | setlt     | auto     | 0       |
|    xor_ln66_62_fu_2889_p2                                                       |     |        | xor_ln66_62             | xor       | auto     | 0       |
|    res_pack_6_fu_2895_p3                                                        |     |        | res_pack_6              | select    | auto_sel | 0       |
|    icmp_ln66_63_fu_2943_p2                                                      |     |        | icmp_ln66_63            | setlt     | auto     | 0       |
|    xor_ln66_63_fu_2949_p2                                                       |     |        | xor_ln66_63             | xor       | auto     | 0       |
|    select_ln0_56_fu_2955_p3                                                     |     |        | select_ln0_56           | select    | auto_sel | 0       |
|    icmp_ln66_64_fu_2963_p2                                                      |     |        | icmp_ln66_64            | setlt     | auto     | 0       |
|    xor_ln66_64_fu_2969_p2                                                       |     |        | xor_ln66_64             | xor       | auto     | 0       |
|    select_ln0_57_fu_2975_p3                                                     |     |        | select_ln0_57           | select    | auto_sel | 0       |
|    icmp_ln66_65_fu_2983_p2                                                      |     |        | icmp_ln66_65            | setlt     | auto     | 0       |
|    xor_ln66_65_fu_2989_p2                                                       |     |        | xor_ln66_65             | xor       | auto     | 0       |
|    select_ln0_58_fu_2995_p3                                                     |     |        | select_ln0_58           | select    | auto_sel | 0       |
|    icmp_ln66_66_fu_3003_p2                                                      |     |        | icmp_ln66_66            | setlt     | auto     | 0       |
|    xor_ln66_66_fu_3009_p2                                                       |     |        | xor_ln66_66             | xor       | auto     | 0       |
|    select_ln0_59_fu_3015_p3                                                     |     |        | select_ln0_59           | select    | auto_sel | 0       |
|    icmp_ln66_67_fu_3023_p2                                                      |     |        | icmp_ln66_67            | setlt     | auto     | 0       |
|    xor_ln66_67_fu_3029_p2                                                       |     |        | xor_ln66_67             | xor       | auto     | 0       |
|    select_ln0_60_fu_3035_p3                                                     |     |        | select_ln0_60           | select    | auto_sel | 0       |
|    icmp_ln66_68_fu_3043_p2                                                      |     |        | icmp_ln66_68            | setlt     | auto     | 0       |
|    xor_ln66_68_fu_3049_p2                                                       |     |        | xor_ln66_68             | xor       | auto     | 0       |
|    select_ln0_61_fu_3055_p3                                                     |     |        | select_ln0_61           | select    | auto_sel | 0       |
|    icmp_ln66_69_fu_3063_p2                                                      |     |        | icmp_ln66_69            | setlt     | auto     | 0       |
|    xor_ln66_69_fu_3069_p2                                                       |     |        | xor_ln66_69             | xor       | auto     | 0       |
|    select_ln0_62_fu_3075_p3                                                     |     |        | select_ln0_62           | select    | auto_sel | 0       |
|    icmp_ln66_70_fu_3083_p2                                                      |     |        | icmp_ln66_70            | setlt     | auto     | 0       |
|    xor_ln66_70_fu_3089_p2                                                       |     |        | xor_ln66_70             | xor       | auto     | 0       |
|    select_ln0_63_fu_3095_p3                                                     |     |        | select_ln0_63           | select    | auto_sel | 0       |
|    icmp_ln66_71_fu_3103_p2                                                      |     |        | icmp_ln66_71            | setlt     | auto     | 0       |
|    xor_ln66_71_fu_3109_p2                                                       |     |        | xor_ln66_71             | xor       | auto     | 0       |
|    res_pack_7_fu_3115_p3                                                        |     |        | res_pack_7              | select    | auto_sel | 0       |
|    icmp_ln66_72_fu_3163_p2                                                      |     |        | icmp_ln66_72            | setlt     | auto     | 0       |
|    xor_ln66_72_fu_3169_p2                                                       |     |        | xor_ln66_72             | xor       | auto     | 0       |
|    select_ln0_64_fu_3175_p3                                                     |     |        | select_ln0_64           | select    | auto_sel | 0       |
|    icmp_ln66_73_fu_3183_p2                                                      |     |        | icmp_ln66_73            | setlt     | auto     | 0       |
|    xor_ln66_73_fu_3189_p2                                                       |     |        | xor_ln66_73             | xor       | auto     | 0       |
|    select_ln0_65_fu_3195_p3                                                     |     |        | select_ln0_65           | select    | auto_sel | 0       |
|    icmp_ln66_74_fu_3203_p2                                                      |     |        | icmp_ln66_74            | setlt     | auto     | 0       |
|    xor_ln66_74_fu_3209_p2                                                       |     |        | xor_ln66_74             | xor       | auto     | 0       |
|    select_ln0_66_fu_3215_p3                                                     |     |        | select_ln0_66           | select    | auto_sel | 0       |
|    icmp_ln66_75_fu_3223_p2                                                      |     |        | icmp_ln66_75            | setlt     | auto     | 0       |
|    xor_ln66_75_fu_3229_p2                                                       |     |        | xor_ln66_75             | xor       | auto     | 0       |
|    select_ln0_67_fu_3235_p3                                                     |     |        | select_ln0_67           | select    | auto_sel | 0       |
|    icmp_ln66_76_fu_3243_p2                                                      |     |        | icmp_ln66_76            | setlt     | auto     | 0       |
|    xor_ln66_76_fu_3249_p2                                                       |     |        | xor_ln66_76             | xor       | auto     | 0       |
|    select_ln0_68_fu_3255_p3                                                     |     |        | select_ln0_68           | select    | auto_sel | 0       |
|    icmp_ln66_77_fu_3263_p2                                                      |     |        | icmp_ln66_77            | setlt     | auto     | 0       |
|    xor_ln66_77_fu_3269_p2                                                       |     |        | xor_ln66_77             | xor       | auto     | 0       |
|    select_ln0_69_fu_3275_p3                                                     |     |        | select_ln0_69           | select    | auto_sel | 0       |
|    icmp_ln66_78_fu_3283_p2                                                      |     |        | icmp_ln66_78            | setlt     | auto     | 0       |
|    xor_ln66_78_fu_3289_p2                                                       |     |        | xor_ln66_78             | xor       | auto     | 0       |
|    select_ln0_70_fu_3295_p3                                                     |     |        | select_ln0_70           | select    | auto_sel | 0       |
|    icmp_ln66_79_fu_3303_p2                                                      |     |        | icmp_ln66_79            | setlt     | auto     | 0       |
|    xor_ln66_79_fu_3309_p2                                                       |     |        | xor_ln66_79             | xor       | auto     | 0       |
|    select_ln0_71_fu_3315_p3                                                     |     |        | select_ln0_71           | select    | auto_sel | 0       |
|    icmp_ln66_80_fu_3323_p2                                                      |     |        | icmp_ln66_80            | setlt     | auto     | 0       |
|    xor_ln66_80_fu_3329_p2                                                       |     |        | xor_ln66_80             | xor       | auto     | 0       |
|    res_pack_8_fu_3335_p3                                                        |     |        | res_pack_8              | select    | auto_sel | 0       |
|    icmp_ln66_81_fu_3383_p2                                                      |     |        | icmp_ln66_81            | setlt     | auto     | 0       |
|    xor_ln66_81_fu_3389_p2                                                       |     |        | xor_ln66_81             | xor       | auto     | 0       |
|    select_ln0_72_fu_3395_p3                                                     |     |        | select_ln0_72           | select    | auto_sel | 0       |
|    icmp_ln66_82_fu_3403_p2                                                      |     |        | icmp_ln66_82            | setlt     | auto     | 0       |
|    xor_ln66_82_fu_3409_p2                                                       |     |        | xor_ln66_82             | xor       | auto     | 0       |
|    select_ln0_73_fu_3415_p3                                                     |     |        | select_ln0_73           | select    | auto_sel | 0       |
|    icmp_ln66_83_fu_3423_p2                                                      |     |        | icmp_ln66_83            | setlt     | auto     | 0       |
|    xor_ln66_83_fu_3429_p2                                                       |     |        | xor_ln66_83             | xor       | auto     | 0       |
|    select_ln0_74_fu_3435_p3                                                     |     |        | select_ln0_74           | select    | auto_sel | 0       |
|    icmp_ln66_84_fu_3443_p2                                                      |     |        | icmp_ln66_84            | setlt     | auto     | 0       |
|    xor_ln66_84_fu_3449_p2                                                       |     |        | xor_ln66_84             | xor       | auto     | 0       |
|    select_ln0_75_fu_3455_p3                                                     |     |        | select_ln0_75           | select    | auto_sel | 0       |
|    icmp_ln66_85_fu_3463_p2                                                      |     |        | icmp_ln66_85            | setlt     | auto     | 0       |
|    xor_ln66_85_fu_3469_p2                                                       |     |        | xor_ln66_85             | xor       | auto     | 0       |
|    select_ln0_76_fu_3475_p3                                                     |     |        | select_ln0_76           | select    | auto_sel | 0       |
|    icmp_ln66_86_fu_3483_p2                                                      |     |        | icmp_ln66_86            | setlt     | auto     | 0       |
|    xor_ln66_86_fu_3489_p2                                                       |     |        | xor_ln66_86             | xor       | auto     | 0       |
|    select_ln0_77_fu_3495_p3                                                     |     |        | select_ln0_77           | select    | auto_sel | 0       |
|    icmp_ln66_87_fu_3503_p2                                                      |     |        | icmp_ln66_87            | setlt     | auto     | 0       |
|    xor_ln66_87_fu_3509_p2                                                       |     |        | xor_ln66_87             | xor       | auto     | 0       |
|    select_ln0_78_fu_3515_p3                                                     |     |        | select_ln0_78           | select    | auto_sel | 0       |
|    icmp_ln66_88_fu_3523_p2                                                      |     |        | icmp_ln66_88            | setlt     | auto     | 0       |
|    xor_ln66_88_fu_3529_p2                                                       |     |        | xor_ln66_88             | xor       | auto     | 0       |
|    select_ln0_79_fu_3535_p3                                                     |     |        | select_ln0_79           | select    | auto_sel | 0       |
|    icmp_ln66_89_fu_3543_p2                                                      |     |        | icmp_ln66_89            | setlt     | auto     | 0       |
|    xor_ln66_89_fu_3549_p2                                                       |     |        | xor_ln66_89             | xor       | auto     | 0       |
|    res_pack_9_fu_3555_p3                                                        |     |        | res_pack_9              | select    | auto_sel | 0       |
|    icmp_ln66_90_fu_3603_p2                                                      |     |        | icmp_ln66_90            | setlt     | auto     | 0       |
|    xor_ln66_90_fu_3609_p2                                                       |     |        | xor_ln66_90             | xor       | auto     | 0       |
|    select_ln0_80_fu_3615_p3                                                     |     |        | select_ln0_80           | select    | auto_sel | 0       |
|    icmp_ln66_91_fu_3623_p2                                                      |     |        | icmp_ln66_91            | setlt     | auto     | 0       |
|    xor_ln66_91_fu_3629_p2                                                       |     |        | xor_ln66_91             | xor       | auto     | 0       |
|    select_ln0_81_fu_3635_p3                                                     |     |        | select_ln0_81           | select    | auto_sel | 0       |
|    icmp_ln66_92_fu_3643_p2                                                      |     |        | icmp_ln66_92            | setlt     | auto     | 0       |
|    xor_ln66_92_fu_3649_p2                                                       |     |        | xor_ln66_92             | xor       | auto     | 0       |
|    select_ln0_82_fu_3655_p3                                                     |     |        | select_ln0_82           | select    | auto_sel | 0       |
|    icmp_ln66_93_fu_3663_p2                                                      |     |        | icmp_ln66_93            | setlt     | auto     | 0       |
|    xor_ln66_93_fu_3669_p2                                                       |     |        | xor_ln66_93             | xor       | auto     | 0       |
|    select_ln0_83_fu_3675_p3                                                     |     |        | select_ln0_83           | select    | auto_sel | 0       |
|    icmp_ln66_94_fu_3683_p2                                                      |     |        | icmp_ln66_94            | setlt     | auto     | 0       |
|    xor_ln66_94_fu_3689_p2                                                       |     |        | xor_ln66_94             | xor       | auto     | 0       |
|    select_ln0_84_fu_3695_p3                                                     |     |        | select_ln0_84           | select    | auto_sel | 0       |
|    icmp_ln66_95_fu_3703_p2                                                      |     |        | icmp_ln66_95            | setlt     | auto     | 0       |
|    xor_ln66_95_fu_3709_p2                                                       |     |        | xor_ln66_95             | xor       | auto     | 0       |
|    select_ln0_85_fu_3715_p3                                                     |     |        | select_ln0_85           | select    | auto_sel | 0       |
|    icmp_ln66_96_fu_3723_p2                                                      |     |        | icmp_ln66_96            | setlt     | auto     | 0       |
|    xor_ln66_96_fu_3729_p2                                                       |     |        | xor_ln66_96             | xor       | auto     | 0       |
|    select_ln0_86_fu_3735_p3                                                     |     |        | select_ln0_86           | select    | auto_sel | 0       |
|    icmp_ln66_97_fu_3743_p2                                                      |     |        | icmp_ln66_97            | setlt     | auto     | 0       |
|    xor_ln66_97_fu_3749_p2                                                       |     |        | xor_ln66_97             | xor       | auto     | 0       |
|    select_ln0_87_fu_3755_p3                                                     |     |        | select_ln0_87           | select    | auto_sel | 0       |
|    icmp_ln66_98_fu_3763_p2                                                      |     |        | icmp_ln66_98            | setlt     | auto     | 0       |
|    xor_ln66_98_fu_3769_p2                                                       |     |        | xor_ln66_98             | xor       | auto     | 0       |
|    res_pack_10_fu_3775_p3                                                       |     |        | res_pack_10             | select    | auto_sel | 0       |
|    icmp_ln66_99_fu_3823_p2                                                      |     |        | icmp_ln66_99            | setlt     | auto     | 0       |
|    xor_ln66_99_fu_3829_p2                                                       |     |        | xor_ln66_99             | xor       | auto     | 0       |
|    select_ln0_88_fu_3835_p3                                                     |     |        | select_ln0_88           | select    | auto_sel | 0       |
|    icmp_ln66_100_fu_3843_p2                                                     |     |        | icmp_ln66_100           | setlt     | auto     | 0       |
|    xor_ln66_100_fu_3849_p2                                                      |     |        | xor_ln66_100            | xor       | auto     | 0       |
|    select_ln0_89_fu_3855_p3                                                     |     |        | select_ln0_89           | select    | auto_sel | 0       |
|    icmp_ln66_101_fu_3863_p2                                                     |     |        | icmp_ln66_101           | setlt     | auto     | 0       |
|    xor_ln66_101_fu_3869_p2                                                      |     |        | xor_ln66_101            | xor       | auto     | 0       |
|    select_ln0_90_fu_3875_p3                                                     |     |        | select_ln0_90           | select    | auto_sel | 0       |
|    icmp_ln66_102_fu_3883_p2                                                     |     |        | icmp_ln66_102           | setlt     | auto     | 0       |
|    xor_ln66_102_fu_3889_p2                                                      |     |        | xor_ln66_102            | xor       | auto     | 0       |
|    select_ln0_91_fu_3895_p3                                                     |     |        | select_ln0_91           | select    | auto_sel | 0       |
|    icmp_ln66_103_fu_3903_p2                                                     |     |        | icmp_ln66_103           | setlt     | auto     | 0       |
|    xor_ln66_103_fu_3909_p2                                                      |     |        | xor_ln66_103            | xor       | auto     | 0       |
|    select_ln0_92_fu_3915_p3                                                     |     |        | select_ln0_92           | select    | auto_sel | 0       |
|    icmp_ln66_104_fu_3923_p2                                                     |     |        | icmp_ln66_104           | setlt     | auto     | 0       |
|    xor_ln66_104_fu_3929_p2                                                      |     |        | xor_ln66_104            | xor       | auto     | 0       |
|    select_ln0_93_fu_3935_p3                                                     |     |        | select_ln0_93           | select    | auto_sel | 0       |
|    icmp_ln66_105_fu_3943_p2                                                     |     |        | icmp_ln66_105           | setlt     | auto     | 0       |
|    xor_ln66_105_fu_3949_p2                                                      |     |        | xor_ln66_105            | xor       | auto     | 0       |
|    select_ln0_94_fu_3955_p3                                                     |     |        | select_ln0_94           | select    | auto_sel | 0       |
|    icmp_ln66_106_fu_3963_p2                                                     |     |        | icmp_ln66_106           | setlt     | auto     | 0       |
|    xor_ln66_106_fu_3969_p2                                                      |     |        | xor_ln66_106            | xor       | auto     | 0       |
|    select_ln0_95_fu_3975_p3                                                     |     |        | select_ln0_95           | select    | auto_sel | 0       |
|    icmp_ln66_107_fu_3983_p2                                                     |     |        | icmp_ln66_107           | setlt     | auto     | 0       |
|    xor_ln66_107_fu_3989_p2                                                      |     |        | xor_ln66_107            | xor       | auto     | 0       |
|    res_pack_11_fu_3995_p3                                                       |     |        | res_pack_11             | select    | auto_sel | 0       |
|    icmp_ln66_108_fu_4043_p2                                                     |     |        | icmp_ln66_108           | setlt     | auto     | 0       |
|    xor_ln66_108_fu_4049_p2                                                      |     |        | xor_ln66_108            | xor       | auto     | 0       |
|    select_ln0_96_fu_4055_p3                                                     |     |        | select_ln0_96           | select    | auto_sel | 0       |
|    icmp_ln66_109_fu_4063_p2                                                     |     |        | icmp_ln66_109           | setlt     | auto     | 0       |
|    xor_ln66_109_fu_4069_p2                                                      |     |        | xor_ln66_109            | xor       | auto     | 0       |
|    select_ln0_97_fu_4075_p3                                                     |     |        | select_ln0_97           | select    | auto_sel | 0       |
|    icmp_ln66_110_fu_4083_p2                                                     |     |        | icmp_ln66_110           | setlt     | auto     | 0       |
|    xor_ln66_110_fu_4089_p2                                                      |     |        | xor_ln66_110            | xor       | auto     | 0       |
|    select_ln0_98_fu_4095_p3                                                     |     |        | select_ln0_98           | select    | auto_sel | 0       |
|    icmp_ln66_111_fu_4103_p2                                                     |     |        | icmp_ln66_111           | setlt     | auto     | 0       |
|    xor_ln66_111_fu_4109_p2                                                      |     |        | xor_ln66_111            | xor       | auto     | 0       |
|    select_ln0_99_fu_4115_p3                                                     |     |        | select_ln0_99           | select    | auto_sel | 0       |
|    icmp_ln66_112_fu_4123_p2                                                     |     |        | icmp_ln66_112           | setlt     | auto     | 0       |
|    xor_ln66_112_fu_4129_p2                                                      |     |        | xor_ln66_112            | xor       | auto     | 0       |
|    select_ln0_100_fu_4135_p3                                                    |     |        | select_ln0_100          | select    | auto_sel | 0       |
|    icmp_ln66_113_fu_4143_p2                                                     |     |        | icmp_ln66_113           | setlt     | auto     | 0       |
|    xor_ln66_113_fu_4149_p2                                                      |     |        | xor_ln66_113            | xor       | auto     | 0       |
|    select_ln0_101_fu_4155_p3                                                    |     |        | select_ln0_101          | select    | auto_sel | 0       |
|    icmp_ln66_114_fu_4163_p2                                                     |     |        | icmp_ln66_114           | setlt     | auto     | 0       |
|    xor_ln66_114_fu_4169_p2                                                      |     |        | xor_ln66_114            | xor       | auto     | 0       |
|    select_ln0_102_fu_4175_p3                                                    |     |        | select_ln0_102          | select    | auto_sel | 0       |
|    icmp_ln66_115_fu_4183_p2                                                     |     |        | icmp_ln66_115           | setlt     | auto     | 0       |
|    xor_ln66_115_fu_4189_p2                                                      |     |        | xor_ln66_115            | xor       | auto     | 0       |
|    select_ln0_103_fu_4195_p3                                                    |     |        | select_ln0_103          | select    | auto_sel | 0       |
|    icmp_ln66_116_fu_4203_p2                                                     |     |        | icmp_ln66_116           | setlt     | auto     | 0       |
|    xor_ln66_116_fu_4209_p2                                                      |     |        | xor_ln66_116            | xor       | auto     | 0       |
|    res_pack_12_fu_4215_p3                                                       |     |        | res_pack_12             | select    | auto_sel | 0       |
|    icmp_ln66_117_fu_4263_p2                                                     |     |        | icmp_ln66_117           | setlt     | auto     | 0       |
|    xor_ln66_117_fu_4269_p2                                                      |     |        | xor_ln66_117            | xor       | auto     | 0       |
|    select_ln0_104_fu_4275_p3                                                    |     |        | select_ln0_104          | select    | auto_sel | 0       |
|    icmp_ln66_118_fu_4283_p2                                                     |     |        | icmp_ln66_118           | setlt     | auto     | 0       |
|    xor_ln66_118_fu_4289_p2                                                      |     |        | xor_ln66_118            | xor       | auto     | 0       |
|    select_ln0_105_fu_4295_p3                                                    |     |        | select_ln0_105          | select    | auto_sel | 0       |
|    icmp_ln66_119_fu_4303_p2                                                     |     |        | icmp_ln66_119           | setlt     | auto     | 0       |
|    xor_ln66_119_fu_4309_p2                                                      |     |        | xor_ln66_119            | xor       | auto     | 0       |
|    select_ln0_106_fu_4315_p3                                                    |     |        | select_ln0_106          | select    | auto_sel | 0       |
|    icmp_ln66_120_fu_4323_p2                                                     |     |        | icmp_ln66_120           | setlt     | auto     | 0       |
|    xor_ln66_120_fu_4329_p2                                                      |     |        | xor_ln66_120            | xor       | auto     | 0       |
|    select_ln0_107_fu_4335_p3                                                    |     |        | select_ln0_107          | select    | auto_sel | 0       |
|    icmp_ln66_121_fu_4343_p2                                                     |     |        | icmp_ln66_121           | setlt     | auto     | 0       |
|    xor_ln66_121_fu_4349_p2                                                      |     |        | xor_ln66_121            | xor       | auto     | 0       |
|    select_ln0_108_fu_4355_p3                                                    |     |        | select_ln0_108          | select    | auto_sel | 0       |
|    icmp_ln66_122_fu_4363_p2                                                     |     |        | icmp_ln66_122           | setlt     | auto     | 0       |
|    xor_ln66_122_fu_4369_p2                                                      |     |        | xor_ln66_122            | xor       | auto     | 0       |
|    select_ln0_109_fu_4375_p3                                                    |     |        | select_ln0_109          | select    | auto_sel | 0       |
|    icmp_ln66_123_fu_4383_p2                                                     |     |        | icmp_ln66_123           | setlt     | auto     | 0       |
|    xor_ln66_123_fu_4389_p2                                                      |     |        | xor_ln66_123            | xor       | auto     | 0       |
|    select_ln0_110_fu_4395_p3                                                    |     |        | select_ln0_110          | select    | auto_sel | 0       |
|    icmp_ln66_124_fu_4403_p2                                                     |     |        | icmp_ln66_124           | setlt     | auto     | 0       |
|    xor_ln66_124_fu_4409_p2                                                      |     |        | xor_ln66_124            | xor       | auto     | 0       |
|    select_ln0_111_fu_4415_p3                                                    |     |        | select_ln0_111          | select    | auto_sel | 0       |
|    icmp_ln66_125_fu_4423_p2                                                     |     |        | icmp_ln66_125           | setlt     | auto     | 0       |
|    xor_ln66_125_fu_4429_p2                                                      |     |        | xor_ln66_125            | xor       | auto     | 0       |
|    res_pack_13_fu_4435_p3                                                       |     |        | res_pack_13             | select    | auto_sel | 0       |
|    icmp_ln66_126_fu_4483_p2                                                     |     |        | icmp_ln66_126           | setlt     | auto     | 0       |
|    xor_ln66_126_fu_4489_p2                                                      |     |        | xor_ln66_126            | xor       | auto     | 0       |
|    select_ln0_112_fu_4495_p3                                                    |     |        | select_ln0_112          | select    | auto_sel | 0       |
|    icmp_ln66_127_fu_4503_p2                                                     |     |        | icmp_ln66_127           | setlt     | auto     | 0       |
|    xor_ln66_127_fu_4509_p2                                                      |     |        | xor_ln66_127            | xor       | auto     | 0       |
|    select_ln0_113_fu_4515_p3                                                    |     |        | select_ln0_113          | select    | auto_sel | 0       |
|    icmp_ln66_128_fu_4523_p2                                                     |     |        | icmp_ln66_128           | setlt     | auto     | 0       |
|    xor_ln66_128_fu_4529_p2                                                      |     |        | xor_ln66_128            | xor       | auto     | 0       |
|    select_ln0_114_fu_4535_p3                                                    |     |        | select_ln0_114          | select    | auto_sel | 0       |
|    icmp_ln66_129_fu_4543_p2                                                     |     |        | icmp_ln66_129           | setlt     | auto     | 0       |
|    xor_ln66_129_fu_4549_p2                                                      |     |        | xor_ln66_129            | xor       | auto     | 0       |
|    select_ln0_115_fu_4555_p3                                                    |     |        | select_ln0_115          | select    | auto_sel | 0       |
|    icmp_ln66_130_fu_4563_p2                                                     |     |        | icmp_ln66_130           | setlt     | auto     | 0       |
|    xor_ln66_130_fu_4569_p2                                                      |     |        | xor_ln66_130            | xor       | auto     | 0       |
|    select_ln0_116_fu_4575_p3                                                    |     |        | select_ln0_116          | select    | auto_sel | 0       |
|    icmp_ln66_131_fu_4583_p2                                                     |     |        | icmp_ln66_131           | setlt     | auto     | 0       |
|    xor_ln66_131_fu_4589_p2                                                      |     |        | xor_ln66_131            | xor       | auto     | 0       |
|    select_ln0_117_fu_4595_p3                                                    |     |        | select_ln0_117          | select    | auto_sel | 0       |
|    icmp_ln66_132_fu_4603_p2                                                     |     |        | icmp_ln66_132           | setlt     | auto     | 0       |
|    xor_ln66_132_fu_4609_p2                                                      |     |        | xor_ln66_132            | xor       | auto     | 0       |
|    select_ln0_118_fu_4615_p3                                                    |     |        | select_ln0_118          | select    | auto_sel | 0       |
|    icmp_ln66_133_fu_4623_p2                                                     |     |        | icmp_ln66_133           | setlt     | auto     | 0       |
|    xor_ln66_133_fu_4629_p2                                                      |     |        | xor_ln66_133            | xor       | auto     | 0       |
|    select_ln0_119_fu_4635_p3                                                    |     |        | select_ln0_119          | select    | auto_sel | 0       |
|    icmp_ln66_134_fu_4643_p2                                                     |     |        | icmp_ln66_134           | setlt     | auto     | 0       |
|    xor_ln66_134_fu_4649_p2                                                      |     |        | xor_ln66_134            | xor       | auto     | 0       |
|    res_pack_14_fu_4655_p3                                                       |     |        | res_pack_14             | select    | auto_sel | 0       |
|    icmp_ln66_135_fu_4703_p2                                                     |     |        | icmp_ln66_135           | setlt     | auto     | 0       |
|    xor_ln66_135_fu_4709_p2                                                      |     |        | xor_ln66_135            | xor       | auto     | 0       |
|    select_ln0_120_fu_4715_p3                                                    |     |        | select_ln0_120          | select    | auto_sel | 0       |
|    icmp_ln66_136_fu_4723_p2                                                     |     |        | icmp_ln66_136           | setlt     | auto     | 0       |
|    xor_ln66_136_fu_4729_p2                                                      |     |        | xor_ln66_136            | xor       | auto     | 0       |
|    select_ln0_121_fu_4735_p3                                                    |     |        | select_ln0_121          | select    | auto_sel | 0       |
|    icmp_ln66_137_fu_4743_p2                                                     |     |        | icmp_ln66_137           | setlt     | auto     | 0       |
|    xor_ln66_137_fu_4749_p2                                                      |     |        | xor_ln66_137            | xor       | auto     | 0       |
|    select_ln0_122_fu_4755_p3                                                    |     |        | select_ln0_122          | select    | auto_sel | 0       |
|    icmp_ln66_138_fu_4763_p2                                                     |     |        | icmp_ln66_138           | setlt     | auto     | 0       |
|    xor_ln66_138_fu_4769_p2                                                      |     |        | xor_ln66_138            | xor       | auto     | 0       |
|    select_ln0_123_fu_4775_p3                                                    |     |        | select_ln0_123          | select    | auto_sel | 0       |
|    icmp_ln66_139_fu_4783_p2                                                     |     |        | icmp_ln66_139           | setlt     | auto     | 0       |
|    xor_ln66_139_fu_4789_p2                                                      |     |        | xor_ln66_139            | xor       | auto     | 0       |
|    select_ln0_124_fu_4795_p3                                                    |     |        | select_ln0_124          | select    | auto_sel | 0       |
|    icmp_ln66_140_fu_4803_p2                                                     |     |        | icmp_ln66_140           | setlt     | auto     | 0       |
|    xor_ln66_140_fu_4809_p2                                                      |     |        | xor_ln66_140            | xor       | auto     | 0       |
|    select_ln0_125_fu_4815_p3                                                    |     |        | select_ln0_125          | select    | auto_sel | 0       |
|    icmp_ln66_141_fu_4823_p2                                                     |     |        | icmp_ln66_141           | setlt     | auto     | 0       |
|    xor_ln66_141_fu_4829_p2                                                      |     |        | xor_ln66_141            | xor       | auto     | 0       |
|    select_ln0_126_fu_4835_p3                                                    |     |        | select_ln0_126          | select    | auto_sel | 0       |
|    icmp_ln66_142_fu_4843_p2                                                     |     |        | icmp_ln66_142           | setlt     | auto     | 0       |
|    xor_ln66_142_fu_4849_p2                                                      |     |        | xor_ln66_142            | xor       | auto     | 0       |
|    select_ln0_127_fu_4855_p3                                                    |     |        | select_ln0_127          | select    | auto_sel | 0       |
|    icmp_ln66_143_fu_4863_p2                                                     |     |        | icmp_ln66_143           | setlt     | auto     | 0       |
|    xor_ln66_143_fu_4869_p2                                                      |     |        | xor_ln66_143            | xor       | auto     | 0       |
|    res_pack_15_fu_4875_p3                                                       |     |        | res_pack_15             | select    | auto_sel | 0       |
|    icmp_ln66_144_fu_4923_p2                                                     |     |        | icmp_ln66_144           | setlt     | auto     | 0       |
|    xor_ln66_144_fu_4929_p2                                                      |     |        | xor_ln66_144            | xor       | auto     | 0       |
|    select_ln0_128_fu_4935_p3                                                    |     |        | select_ln0_128          | select    | auto_sel | 0       |
|    icmp_ln66_145_fu_4943_p2                                                     |     |        | icmp_ln66_145           | setlt     | auto     | 0       |
|    xor_ln66_145_fu_4949_p2                                                      |     |        | xor_ln66_145            | xor       | auto     | 0       |
|    select_ln0_129_fu_4955_p3                                                    |     |        | select_ln0_129          | select    | auto_sel | 0       |
|    icmp_ln66_146_fu_4963_p2                                                     |     |        | icmp_ln66_146           | setlt     | auto     | 0       |
|    xor_ln66_146_fu_4969_p2                                                      |     |        | xor_ln66_146            | xor       | auto     | 0       |
|    select_ln0_130_fu_4975_p3                                                    |     |        | select_ln0_130          | select    | auto_sel | 0       |
|    icmp_ln66_147_fu_4983_p2                                                     |     |        | icmp_ln66_147           | setlt     | auto     | 0       |
|    xor_ln66_147_fu_4989_p2                                                      |     |        | xor_ln66_147            | xor       | auto     | 0       |
|    select_ln0_131_fu_4995_p3                                                    |     |        | select_ln0_131          | select    | auto_sel | 0       |
|    icmp_ln66_148_fu_5003_p2                                                     |     |        | icmp_ln66_148           | setlt     | auto     | 0       |
|    xor_ln66_148_fu_5009_p2                                                      |     |        | xor_ln66_148            | xor       | auto     | 0       |
|    select_ln0_132_fu_5015_p3                                                    |     |        | select_ln0_132          | select    | auto_sel | 0       |
|    icmp_ln66_149_fu_5023_p2                                                     |     |        | icmp_ln66_149           | setlt     | auto     | 0       |
|    xor_ln66_149_fu_5029_p2                                                      |     |        | xor_ln66_149            | xor       | auto     | 0       |
|    select_ln0_133_fu_5035_p3                                                    |     |        | select_ln0_133          | select    | auto_sel | 0       |
|    icmp_ln66_150_fu_5043_p2                                                     |     |        | icmp_ln66_150           | setlt     | auto     | 0       |
|    xor_ln66_150_fu_5049_p2                                                      |     |        | xor_ln66_150            | xor       | auto     | 0       |
|    select_ln0_134_fu_5055_p3                                                    |     |        | select_ln0_134          | select    | auto_sel | 0       |
|    icmp_ln66_151_fu_5063_p2                                                     |     |        | icmp_ln66_151           | setlt     | auto     | 0       |
|    xor_ln66_151_fu_5069_p2                                                      |     |        | xor_ln66_151            | xor       | auto     | 0       |
|    select_ln0_135_fu_5075_p3                                                    |     |        | select_ln0_135          | select    | auto_sel | 0       |
|    icmp_ln66_152_fu_5083_p2                                                     |     |        | icmp_ln66_152           | setlt     | auto     | 0       |
|    xor_ln66_152_fu_5089_p2                                                      |     |        | xor_ln66_152            | xor       | auto     | 0       |
|    res_pack_16_fu_5095_p3                                                       |     |        | res_pack_16             | select    | auto_sel | 0       |
|    icmp_ln66_153_fu_5143_p2                                                     |     |        | icmp_ln66_153           | setlt     | auto     | 0       |
|    xor_ln66_153_fu_5149_p2                                                      |     |        | xor_ln66_153            | xor       | auto     | 0       |
|    select_ln0_136_fu_5155_p3                                                    |     |        | select_ln0_136          | select    | auto_sel | 0       |
|    icmp_ln66_154_fu_5163_p2                                                     |     |        | icmp_ln66_154           | setlt     | auto     | 0       |
|    xor_ln66_154_fu_5169_p2                                                      |     |        | xor_ln66_154            | xor       | auto     | 0       |
|    select_ln0_137_fu_5175_p3                                                    |     |        | select_ln0_137          | select    | auto_sel | 0       |
|    icmp_ln66_155_fu_5183_p2                                                     |     |        | icmp_ln66_155           | setlt     | auto     | 0       |
|    xor_ln66_155_fu_5189_p2                                                      |     |        | xor_ln66_155            | xor       | auto     | 0       |
|    select_ln0_138_fu_5195_p3                                                    |     |        | select_ln0_138          | select    | auto_sel | 0       |
|    icmp_ln66_156_fu_5203_p2                                                     |     |        | icmp_ln66_156           | setlt     | auto     | 0       |
|    xor_ln66_156_fu_5209_p2                                                      |     |        | xor_ln66_156            | xor       | auto     | 0       |
|    select_ln0_139_fu_5215_p3                                                    |     |        | select_ln0_139          | select    | auto_sel | 0       |
|    icmp_ln66_157_fu_5223_p2                                                     |     |        | icmp_ln66_157           | setlt     | auto     | 0       |
|    xor_ln66_157_fu_5229_p2                                                      |     |        | xor_ln66_157            | xor       | auto     | 0       |
|    select_ln0_140_fu_5235_p3                                                    |     |        | select_ln0_140          | select    | auto_sel | 0       |
|    icmp_ln66_158_fu_5243_p2                                                     |     |        | icmp_ln66_158           | setlt     | auto     | 0       |
|    xor_ln66_158_fu_5249_p2                                                      |     |        | xor_ln66_158            | xor       | auto     | 0       |
|    select_ln0_141_fu_5255_p3                                                    |     |        | select_ln0_141          | select    | auto_sel | 0       |
|    icmp_ln66_159_fu_5263_p2                                                     |     |        | icmp_ln66_159           | setlt     | auto     | 0       |
|    xor_ln66_159_fu_5269_p2                                                      |     |        | xor_ln66_159            | xor       | auto     | 0       |
|    select_ln0_142_fu_5275_p3                                                    |     |        | select_ln0_142          | select    | auto_sel | 0       |
|    icmp_ln66_160_fu_5283_p2                                                     |     |        | icmp_ln66_160           | setlt     | auto     | 0       |
|    xor_ln66_160_fu_5289_p2                                                      |     |        | xor_ln66_160            | xor       | auto     | 0       |
|    select_ln0_143_fu_5295_p3                                                    |     |        | select_ln0_143          | select    | auto_sel | 0       |
|    icmp_ln66_161_fu_5303_p2                                                     |     |        | icmp_ln66_161           | setlt     | auto     | 0       |
|    xor_ln66_161_fu_5309_p2                                                      |     |        | xor_ln66_161            | xor       | auto     | 0       |
|    res_pack_17_fu_5315_p3                                                       |     |        | res_pack_17             | select    | auto_sel | 0       |
|    add_ln76_fu_1052_p2                                                          |     |        | add_ln76                | add       | fabric   | 0       |
|    icmp_ln76_fu_1058_p2                                                         |     |        | icmp_ln76               | seteq     | auto     | 0       |
|    add_ln91_fu_1070_p2                                                          |     |        | add_ln91                | add       | fabric   | 0       |
|    select_ln91_fu_1076_p3                                                       |     |        | select_ln91             | select    | auto_sel | 0       |
|    add_ln80_fu_1106_p2                                                          |     |        | add_ln80                | add       | fabric   | 0       |
|    icmp_ln80_fu_1112_p2                                                         |     |        | icmp_ln80               | seteq     | auto     | 0       |
|    icmp_ln86_fu_1128_p2                                                         |     |        | icmp_ln86               | seteq     | auto     | 0       |
|    add_ln86_fu_1134_p2                                                          |     |        | add_ln86                | add       | fabric   | 0       |
|    select_ln86_fu_1140_p3                                                       |     |        | select_ln86             | select    | auto_sel | 0       |
|    icmp_ln109_fu_1154_p2                                                        |     |        | icmp_ln109              | seteq     | auto     | 0       |
|  + dense_array_ap_fixed_18u_array_ap_fixed_24_12_5_3_0_7u_config12_s            | 1   |        |                         |           |          |         |
|   + dense_array_array_ap_fixed_24_12_5_3_0_7u_config12_Pipeline_DataPrepare     | 0   |        |                         |           |          |         |
|     i_in_fu_6190_p2                                                             |     |        | i_in                    | add       | fabric   | 0       |
|     icmp_ln33_fu_8446_p2                                                        |     |        | icmp_ln33               | seteq     | auto     | 0       |
|   + dense_resource_rf_gt_nin_rem0_ap_fixed_ap_fixed_24_12_5_3_0_config12_s      | 1   |        |                         |           |          |         |
|     sparsemux_901_9_20_1_1_U1053                                                |     |        | a                       | sparsemux | auto     | 0       |
|     mul_20s_13s_32_1_1_U1054                                                    | 1   |        | mul_ln144               | mul       | auto     | 0       |
|     sparsemux_15_3_26_1_1_U1055                                                 |     |        | tmp                     | sparsemux | auto     | 0       |
|     acc_8_fu_18833_p2                                                           |     |        | acc_8                   | add       | fabric   | 0       |
|     sub_ln144_fu_18839_p2                                                       |     |        | sub_ln144               | sub       | fabric   | 0       |
|     icmp_ln144_fu_18845_p2                                                      |     |        | icmp_ln144              | seteq     | auto     | 0       |
|     icmp_ln144_1_fu_18851_p2                                                    |     |        | icmp_ln144_1            | seteq     | auto     | 0       |
|     icmp_ln144_2_fu_18857_p2                                                    |     |        | icmp_ln144_2            | seteq     | auto     | 0       |
|     icmp_ln144_3_fu_18863_p2                                                    |     |        | icmp_ln144_3            | seteq     | auto     | 0       |
|     icmp_ln144_4_fu_18869_p2                                                    |     |        | icmp_ln144_4            | seteq     | auto     | 0       |
|     icmp_ln144_5_fu_18875_p2                                                    |     |        | icmp_ln144_5            | seteq     | auto     | 0       |
|     icmp_ln144_6_fu_18881_p2                                                    |     |        | icmp_ln144_6            | setne     | auto     | 0       |
|     or_ln144_fu_18887_p2                                                        |     |        | or_ln144                | or        | auto     | 0       |
|     or_ln144_1_fu_18893_p2                                                      |     |        | or_ln144_1              | or        | auto     | 0       |
|     or_ln144_2_fu_18899_p2                                                      |     |        | or_ln144_2              | or        | auto     | 0       |
|     or_ln144_3_fu_18905_p2                                                      |     |        | or_ln144_3              | or        | auto     | 0       |
|     or_ln144_4_fu_18911_p2                                                      |     |        | or_ln144_4              | or        | auto     | 0       |
|     or_ln144_5_fu_18917_p2                                                      |     |        | or_ln144_5              | or        | auto     | 0       |
|     acc_7_fu_18923_p3                                                           |     |        | acc_7                   | select    | auto_sel | 0       |
|     or_ln144_6_fu_18931_p2                                                      |     |        | or_ln144_6              | or        | auto     | 0       |
|     or_ln144_7_fu_18937_p2                                                      |     |        | or_ln144_7              | or        | auto     | 0       |
|     or_ln144_8_fu_18943_p2                                                      |     |        | or_ln144_8              | or        | auto     | 0       |
|     or_ln144_9_fu_18949_p2                                                      |     |        | or_ln144_9              | or        | auto     | 0       |
|     acc_6_fu_18955_p3                                                           |     |        | acc_6                   | select    | auto_sel | 0       |
|     acc_5_fu_18963_p3                                                           |     |        | acc_5                   | select    | auto_sel | 0       |
|     acc_4_fu_18971_p3                                                           |     |        | acc_4                   | select    | auto_sel | 0       |
|     acc_3_fu_18979_p3                                                           |     |        | acc_3                   | select    | auto_sel | 0       |
|     acc_2_fu_18987_p3                                                           |     |        | acc_2                   | select    | auto_sel | 0       |
|     acc_1_fu_18995_p3                                                           |     |        | acc_1                   | select    | auto_sel | 0       |
|     acc_fu_19003_p3                                                             |     |        | acc                     | select    | auto_sel | 0       |
|     in_index_1_fu_18734_p2                                                      |     |        | in_index_1              | add       | fabric   | 0       |
|     icmp_ln154_fu_18740_p2                                                      |     |        | icmp_ln154              | setgt     | auto     | 0       |
|     in_index_fu_18746_p3                                                        |     |        | in_index                | select    | auto_sel | 0       |
|     w_index_fu_18754_p2                                                         |     |        | w_index                 | add       | fabric   | 0       |
|     icmp_ln135_fu_18760_p2                                                      |     |        | icmp_ln135              | seteq     | auto     | 0       |
+---------------------------------------------------------------------------------+-----+--------+-------------------------+-----------+----------+---------+


================================================================
== Storage Report
================================================================
+---------------------------------------------------------------------------------------------+--------------+-----------+------+------+--------+--------------------------------------------------------------------------------------+--------+---------+------------------+
| Name                                                                                        | Usage        | Type      | BRAM | URAM | Pragma | Variable                                                                             | Impl   | Latency | Bitwidth, Depth, |
|                                                                                             |              |           |      |      |        |                                                                                      |        |         | Banks            |
+---------------------------------------------------------------------------------------------+--------------+-----------+------+------+--------+--------------------------------------------------------------------------------------+--------+---------+------------------+
| + myproject                                                                                 |              |           | 196  | 0    |        |                                                                                      |        |         |                  |
|   control_s_axi_U                                                                           | interface    | s_axilite |      |      |        |                                                                                      |        |         |                  |
|   layer13_out_U                                                                             | fifo channel | stream    | 10   |      |        | layer13_out                                                                          | memory | 0       | 20, 4223, 1      |
|   layer2_out_U                                                                              | fifo channel | stream    | 12   |      |        | layer2_out                                                                           | memory | 0       | 216, 1020, 1     |
|   layer3_out_U                                                                              | fifo channel | stream    | 26   |      |        | layer3_out                                                                           | memory | 0       | 468, 1020, 1     |
|   layer4_out_U                                                                              | fifo channel | stream    | 14   |      |        | layer4_out                                                                           | memory | 0       | 240, 1020, 1     |
|   layer5_out_U                                                                              | fifo channel | stream    | 14   |      |        | layer5_out                                                                           | memory | 0       | 240, 250, 1      |
|   layer14_out_U                                                                             | fifo channel | stream    | 14   |      |        | layer14_out                                                                          | memory | 0       | 240, 324, 1      |
|   layer6_out_U                                                                              | fifo channel | stream    | 18   |      |        | layer6_out                                                                           | memory | 0       | 324, 250, 1      |
|   layer7_out_U                                                                              | fifo channel | stream    | 39   |      |        | layer7_out                                                                           | memory | 0       | 702, 250, 1      |
|   layer8_out_U                                                                              | fifo channel | stream    | 20   |      |        | layer8_out                                                                           | memory | 0       | 360, 250, 1      |
|   layer9_out_U                                                                              | fifo channel | stream    | 20   |      |        | layer9_out                                                                           | memory | 0       | 360, 25, 1       |
|   local_output_U                                                                            | fifo channel | stream    |      |      |        | local_output                                                                         | srl    | 0       | 168, 2, 1        |
|  + conv_2d_cl_array_ap_fixed_1u_array_ap_fixed_18_8_5_3_0_12u_config2_s                     |              |           | 1    | 0    |        |                                                                                      |        |         |                  |
|   + compute_output_buffer_2d_array_array_ap_fixed_18_8_5_3_0_12u_config2_s                  |              |           | 1    | 0    |        |                                                                                      |        |         |                  |
|    + shift_line_buffer_array_ap_fixed_20_10_5_3_0_1u_config2_s                              |              |           | 0    | 0    |        |                                                                                      |        |         |                  |
|      void_conv_2d_buffer_resource_cl_stream_stream_weight_t_bias_t_line_buffer_1_U          | ram_1p       |           |      |      |        | void_conv_2d_buffer_resource_cl_stream_stream_weight_t_bias_t_line_buffer_1          | auto   | 0       | 20, 103, 1       |
|      void_conv_2d_buffer_resource_cl_stream_stream_weight_t_bias_t_line_buffer_U            | ram_1p       |           |      |      |        | void_conv_2d_buffer_resource_cl_stream_stream_weight_t_bias_t_line_buffer            | auto   | 0       | 20, 103, 1       |
|    + dense_resource_rf_gt_nin_rem0_ap_fixed_ap_fixed_18_8_5_3_0_config2_mult_s              |              |           | 1    | 0    |        |                                                                                      |        |         |                  |
|      outidx_63_U                                                                            | rom_1p       |           |      |      |        | outidx_63                                                                            | auto   | 1       | 4, 108, 1        |
|      w2_U                                                                                   | rom_np       |           | 1    |      | pragma | w2                                                                                   | bram   | 1       | 11, 108, 1       |
|  + pooling2d_cl_array_array_ap_fixed_20_10_5_3_0_12u_config5_s                              |              |           | 0    | 0    |        |                                                                                      |        |         |                  |
|   + shift_line_buffer_array_ap_fixed_20_10_5_3_0_12u_config5_s                              |              |           | 0    | 0    |        |                                                                                      |        |         |                  |
|     void_pooling2d_cl_stream_stream_array_ap_fixed_12u_0_line_buffer_9_U                    | ram_1p       |           |      |      |        | void_pooling2d_cl_stream_stream_array_ap_fixed_12u_0_line_buffer_9                   | auto   | 0       | 20, 51, 1        |
|     void_pooling2d_cl_stream_stream_array_ap_fixed_12u_0_line_buffer_8_U                    | ram_1p       |           |      |      |        | void_pooling2d_cl_stream_stream_array_ap_fixed_12u_0_line_buffer_8                   | auto   | 0       | 20, 51, 1        |
|     void_pooling2d_cl_stream_stream_array_ap_fixed_12u_0_line_buffer_7_U                    | ram_1p       |           |      |      |        | void_pooling2d_cl_stream_stream_array_ap_fixed_12u_0_line_buffer_7                   | auto   | 0       | 20, 51, 1        |
|     void_pooling2d_cl_stream_stream_array_ap_fixed_12u_0_line_buffer_6_U                    | ram_1p       |           |      |      |        | void_pooling2d_cl_stream_stream_array_ap_fixed_12u_0_line_buffer_6                   | auto   | 0       | 20, 51, 1        |
|     void_pooling2d_cl_stream_stream_array_ap_fixed_12u_0_line_buffer_5_U                    | ram_1p       |           |      |      |        | void_pooling2d_cl_stream_stream_array_ap_fixed_12u_0_line_buffer_5                   | auto   | 0       | 20, 51, 1        |
|     void_pooling2d_cl_stream_stream_array_ap_fixed_12u_0_line_buffer_4_U                    | ram_1p       |           |      |      |        | void_pooling2d_cl_stream_stream_array_ap_fixed_12u_0_line_buffer_4                   | auto   | 0       | 20, 51, 1        |
|     void_pooling2d_cl_stream_stream_array_ap_fixed_12u_0_line_buffer_3_U                    | ram_1p       |           |      |      |        | void_pooling2d_cl_stream_stream_array_ap_fixed_12u_0_line_buffer_3                   | auto   | 0       | 20, 51, 1        |
|     void_pooling2d_cl_stream_stream_array_ap_fixed_12u_0_line_buffer_2_U                    | ram_1p       |           |      |      |        | void_pooling2d_cl_stream_stream_array_ap_fixed_12u_0_line_buffer_2                   | auto   | 0       | 20, 51, 1        |
|     void_pooling2d_cl_stream_stream_array_ap_fixed_12u_0_line_buffer_1_U                    | ram_1p       |           |      |      |        | void_pooling2d_cl_stream_stream_array_ap_fixed_12u_0_line_buffer_1                   | auto   | 0       | 20, 51, 1        |
|     void_pooling2d_cl_stream_stream_array_ap_fixed_12u_0_line_buffer_U                      | ram_1p       |           |      |      |        | void_pooling2d_cl_stream_stream_array_ap_fixed_12u_0_line_buffer                     | auto   | 0       | 20, 51, 1        |
|     p_ZZN4nnet12pooling2d_clINS_5arrayI8ap_fixedILi20ELi10EL9ap_q_mode5EL9ap_o_mode3E_9_U   | ram_1p       |           |      |      |        | p_ZZN4nnet12pooling2d_clINS_5arrayI8ap_fixedILi20ELi10EL9ap_q_mode5EL9ap_o_mode3E_9  | auto   | 0       | 20, 51, 1        |
|     p_ZZN4nnet12pooling2d_clINS_5arrayI8ap_fixedILi20ELi10EL9ap_q_mode5EL9ap_o_mode3E_8_U   | ram_1p       |           |      |      |        | p_ZZN4nnet12pooling2d_clINS_5arrayI8ap_fixedILi20ELi10EL9ap_q_mode5EL9ap_o_mode3E_8  | auto   | 0       | 20, 51, 1        |
|  + conv_2d_cl_array_ap_fixed_12u_array_ap_fixed_18_8_5_3_0_18u_config6_s                    |              |           | 3    | 0    |        |                                                                                      |        |         |                  |
|   + compute_output_buffer_2d_array_array_ap_fixed_18_8_5_3_0_18u_config6_s                  |              |           | 3    | 0    |        |                                                                                      |        |         |                  |
|    + shift_line_buffer_array_ap_fixed_20_10_5_3_0_12u_config6_s                             |              |           | 0    | 0    |        |                                                                                      |        |         |                  |
|      p_ZZN4nnet26conv_2d_buffer_resource_clINS_5arrayI8ap_fixedILi20ELi10EL9ap_q_mode5_23_U | ram_1p       |           |      |      |        | p_ZZN4nnet26conv_2d_buffer_resource_clINS_5arrayI8ap_fixedILi20ELi10EL9ap_q_mode5_23 | auto   | 0       | 20, 27, 1        |
|      p_ZZN4nnet26conv_2d_buffer_resource_clINS_5arrayI8ap_fixedILi20ELi10EL9ap_q_mode5_11_U | ram_1p       |           |      |      |        | p_ZZN4nnet26conv_2d_buffer_resource_clINS_5arrayI8ap_fixedILi20ELi10EL9ap_q_mode5_11 | auto   | 0       | 20, 27, 1        |
|      p_ZZN4nnet26conv_2d_buffer_resource_clINS_5arrayI8ap_fixedILi20ELi10EL9ap_q_mode5_22_U | ram_1p       |           |      |      |        | p_ZZN4nnet26conv_2d_buffer_resource_clINS_5arrayI8ap_fixedILi20ELi10EL9ap_q_mode5_22 | auto   | 0       | 20, 27, 1        |
|      p_ZZN4nnet26conv_2d_buffer_resource_clINS_5arrayI8ap_fixedILi20ELi10EL9ap_q_mode5_10_U | ram_1p       |           |      |      |        | p_ZZN4nnet26conv_2d_buffer_resource_clINS_5arrayI8ap_fixedILi20ELi10EL9ap_q_mode5_10 | auto   | 0       | 20, 27, 1        |
|      p_ZZN4nnet26conv_2d_buffer_resource_clINS_5arrayI8ap_fixedILi20ELi10EL9ap_q_mode5_19_U | ram_1p       |           |      |      |        | p_ZZN4nnet26conv_2d_buffer_resource_clINS_5arrayI8ap_fixedILi20ELi10EL9ap_q_mode5_19 | auto   | 0       | 20, 27, 1        |
|      p_ZZN4nnet26conv_2d_buffer_resource_clINS_5arrayI8ap_fixedILi20ELi10EL9ap_q_mode5_7_U  | ram_1p       |           |      |      |        | p_ZZN4nnet26conv_2d_buffer_resource_clINS_5arrayI8ap_fixedILi20ELi10EL9ap_q_mode5_7  | auto   | 0       | 20, 27, 1        |
|      p_ZZN4nnet26conv_2d_buffer_resource_clINS_5arrayI8ap_fixedILi20ELi10EL9ap_q_mode5_18_U | ram_1p       |           |      |      |        | p_ZZN4nnet26conv_2d_buffer_resource_clINS_5arrayI8ap_fixedILi20ELi10EL9ap_q_mode5_18 | auto   | 0       | 20, 27, 1        |
|      p_ZZN4nnet26conv_2d_buffer_resource_clINS_5arrayI8ap_fixedILi20ELi10EL9ap_q_mode5_6_U  | ram_1p       |           |      |      |        | p_ZZN4nnet26conv_2d_buffer_resource_clINS_5arrayI8ap_fixedILi20ELi10EL9ap_q_mode5_6  | auto   | 0       | 20, 27, 1        |
|      p_ZZN4nnet26conv_2d_buffer_resource_clINS_5arrayI8ap_fixedILi20ELi10EL9ap_q_mode5_17_U | ram_1p       |           |      |      |        | p_ZZN4nnet26conv_2d_buffer_resource_clINS_5arrayI8ap_fixedILi20ELi10EL9ap_q_mode5_17 | auto   | 0       | 20, 27, 1        |
|      p_ZZN4nnet26conv_2d_buffer_resource_clINS_5arrayI8ap_fixedILi20ELi10EL9ap_q_mode5_5_U  | ram_1p       |           |      |      |        | p_ZZN4nnet26conv_2d_buffer_resource_clINS_5arrayI8ap_fixedILi20ELi10EL9ap_q_mode5_5  | auto   | 0       | 20, 27, 1        |
|      p_ZZN4nnet26conv_2d_buffer_resource_clINS_5arrayI8ap_fixedILi20ELi10EL9ap_q_mode5_16_U | ram_1p       |           |      |      |        | p_ZZN4nnet26conv_2d_buffer_resource_clINS_5arrayI8ap_fixedILi20ELi10EL9ap_q_mode5_16 | auto   | 0       | 20, 27, 1        |
|      p_ZZN4nnet26conv_2d_buffer_resource_clINS_5arrayI8ap_fixedILi20ELi10EL9ap_q_mode5_4_U  | ram_1p       |           |      |      |        | p_ZZN4nnet26conv_2d_buffer_resource_clINS_5arrayI8ap_fixedILi20ELi10EL9ap_q_mode5_4  | auto   | 0       | 20, 27, 1        |
|      p_ZZN4nnet26conv_2d_buffer_resource_clINS_5arrayI8ap_fixedILi20ELi10EL9ap_q_mode5_15_U | ram_1p       |           |      |      |        | p_ZZN4nnet26conv_2d_buffer_resource_clINS_5arrayI8ap_fixedILi20ELi10EL9ap_q_mode5_15 | auto   | 0       | 20, 27, 1        |
|      p_ZZN4nnet26conv_2d_buffer_resource_clINS_5arrayI8ap_fixedILi20ELi10EL9ap_q_mode5_3_U  | ram_1p       |           |      |      |        | p_ZZN4nnet26conv_2d_buffer_resource_clINS_5arrayI8ap_fixedILi20ELi10EL9ap_q_mode5_3  | auto   | 0       | 20, 27, 1        |
|      p_ZZN4nnet26conv_2d_buffer_resource_clINS_5arrayI8ap_fixedILi20ELi10EL9ap_q_mode5_14_U | ram_1p       |           |      |      |        | p_ZZN4nnet26conv_2d_buffer_resource_clINS_5arrayI8ap_fixedILi20ELi10EL9ap_q_mode5_14 | auto   | 0       | 20, 27, 1        |
|      p_ZZN4nnet26conv_2d_buffer_resource_clINS_5arrayI8ap_fixedILi20ELi10EL9ap_q_mode5_2_U  | ram_1p       |           |      |      |        | p_ZZN4nnet26conv_2d_buffer_resource_clINS_5arrayI8ap_fixedILi20ELi10EL9ap_q_mode5_2  | auto   | 0       | 20, 27, 1        |
|      p_ZZN4nnet26conv_2d_buffer_resource_clINS_5arrayI8ap_fixedILi20ELi10EL9ap_q_mode5_13_U | ram_1p       |           |      |      |        | p_ZZN4nnet26conv_2d_buffer_resource_clINS_5arrayI8ap_fixedILi20ELi10EL9ap_q_mode5_13 | auto   | 0       | 20, 27, 1        |
|      p_ZZN4nnet26conv_2d_buffer_resource_clINS_5arrayI8ap_fixedILi20ELi10EL9ap_q_mode5_1_U  | ram_1p       |           |      |      |        | p_ZZN4nnet26conv_2d_buffer_resource_clINS_5arrayI8ap_fixedILi20ELi10EL9ap_q_mode5_1  | auto   | 0       | 20, 27, 1        |
|      p_ZZN4nnet26conv_2d_buffer_resource_clINS_5arrayI8ap_fixedILi20ELi10EL9ap_q_mode5_12_U | ram_1p       |           |      |      |        | p_ZZN4nnet26conv_2d_buffer_resource_clINS_5arrayI8ap_fixedILi20ELi10EL9ap_q_mode5_12 | auto   | 0       | 20, 27, 1        |
|      p_ZZN4nnet26conv_2d_buffer_resource_clINS_5arrayI8ap_fixedILi20ELi10EL9ap_q_mode5_U    | ram_1p       |           |      |      |        | p_ZZN4nnet26conv_2d_buffer_resource_clINS_5arrayI8ap_fixedILi20ELi10EL9ap_q_mode5    | auto   | 0       | 20, 27, 1        |
|      p_ZZN4nnet26conv_2d_buffer_resource_clINS_5arrayI8ap_fixedILi20ELi10EL9ap_q_mode5_21_U | ram_1p       |           |      |      |        | p_ZZN4nnet26conv_2d_buffer_resource_clINS_5arrayI8ap_fixedILi20ELi10EL9ap_q_mode5_21 | auto   | 0       | 20, 27, 1        |
|      p_ZZN4nnet26conv_2d_buffer_resource_clINS_5arrayI8ap_fixedILi20ELi10EL9ap_q_mode5_9_U  | ram_1p       |           |      |      |        | p_ZZN4nnet26conv_2d_buffer_resource_clINS_5arrayI8ap_fixedILi20ELi10EL9ap_q_mode5_9  | auto   | 0       | 20, 27, 1        |
|      p_ZZN4nnet26conv_2d_buffer_resource_clINS_5arrayI8ap_fixedILi20ELi10EL9ap_q_mode5_20_U | ram_1p       |           |      |      |        | p_ZZN4nnet26conv_2d_buffer_resource_clINS_5arrayI8ap_fixedILi20ELi10EL9ap_q_mode5_20 | auto   | 0       | 20, 27, 1        |
|      p_ZZN4nnet26conv_2d_buffer_resource_clINS_5arrayI8ap_fixedILi20ELi10EL9ap_q_mode5_8_U  | ram_1p       |           |      |      |        | p_ZZN4nnet26conv_2d_buffer_resource_clINS_5arrayI8ap_fixedILi20ELi10EL9ap_q_mode5_8  | auto   | 0       | 20, 27, 1        |
|    + dense_resource_rf_gt_nin_rem0_ap_fixed_ap_fixed_18_8_5_3_0_config6_mult_s              |              |           | 3    | 0    |        |                                                                                      |        |         |                  |
|      outidx_59_U                                                                            | rom_1p       |           | 1    |      |        | outidx_59                                                                            | auto   | 1       | 5, 1944, 1       |
|      w6_U                                                                                   | rom_np       |           | 2    |      | pragma | w6                                                                                   | bram   | 1       | 12, 1944, 1      |
|  + pooling2d_cl_array_array_ap_fixed_20_10_5_3_0_18u_config9_s                              |              |           | 0    | 0    |        |                                                                                      |        |         |                  |
|   + shift_line_buffer_array_ap_fixed_20_10_5_3_0_18u_config9_s                              |              |           | 0    | 0    |        |                                                                                      |        |         |                  |
|     void_pooling2d_cl_stream_stream_array_ap_fixed_18u_0_line_buffer_9_U                    | ram_1p       |           |      |      |        | void_pooling2d_cl_stream_stream_array_ap_fixed_18u_0_line_buffer_9                   | auto   | 0       | 20, 25, 1        |
|     void_pooling2d_cl_stream_stream_array_ap_fixed_18u_0_line_buffer_8_U                    | ram_1p       |           |      |      |        | void_pooling2d_cl_stream_stream_array_ap_fixed_18u_0_line_buffer_8                   | auto   | 0       | 20, 25, 1        |
|     void_pooling2d_cl_stream_stream_array_ap_fixed_18u_0_line_buffer_7_U                    | ram_1p       |           |      |      |        | void_pooling2d_cl_stream_stream_array_ap_fixed_18u_0_line_buffer_7                   | auto   | 0       | 20, 25, 1        |
|     void_pooling2d_cl_stream_stream_array_ap_fixed_18u_0_line_buffer_6_U                    | ram_1p       |           |      |      |        | void_pooling2d_cl_stream_stream_array_ap_fixed_18u_0_line_buffer_6                   | auto   | 0       | 20, 25, 1        |
|     void_pooling2d_cl_stream_stream_array_ap_fixed_18u_0_line_buffer_5_U                    | ram_1p       |           |      |      |        | void_pooling2d_cl_stream_stream_array_ap_fixed_18u_0_line_buffer_5                   | auto   | 0       | 20, 25, 1        |
|     void_pooling2d_cl_stream_stream_array_ap_fixed_18u_0_line_buffer_4_U                    | ram_1p       |           |      |      |        | void_pooling2d_cl_stream_stream_array_ap_fixed_18u_0_line_buffer_4                   | auto   | 0       | 20, 25, 1        |
|     void_pooling2d_cl_stream_stream_array_ap_fixed_18u_0_line_buffer_3_U                    | ram_1p       |           |      |      |        | void_pooling2d_cl_stream_stream_array_ap_fixed_18u_0_line_buffer_3                   | auto   | 0       | 20, 25, 1        |
|     void_pooling2d_cl_stream_stream_array_ap_fixed_18u_0_line_buffer_2_U                    | ram_1p       |           |      |      |        | void_pooling2d_cl_stream_stream_array_ap_fixed_18u_0_line_buffer_2                   | auto   | 0       | 20, 25, 1        |
|     void_pooling2d_cl_stream_stream_array_ap_fixed_18u_0_line_buffer_1_U                    | ram_1p       |           |      |      |        | void_pooling2d_cl_stream_stream_array_ap_fixed_18u_0_line_buffer_1                   | auto   | 0       | 20, 25, 1        |
|     void_pooling2d_cl_stream_stream_array_ap_fixed_18u_0_line_buffer_U                      | ram_1p       |           |      |      |        | void_pooling2d_cl_stream_stream_array_ap_fixed_18u_0_line_buffer                     | auto   | 0       | 20, 25, 1        |
|     p_ZZN4nnet12pooling2d_clINS_5arrayI8ap_fixedILi20ELi10EL9ap_q_mode5EL9ap_o_mode3E_7_U   | ram_1p       |           |      |      |        | p_ZZN4nnet12pooling2d_clINS_5arrayI8ap_fixedILi20ELi10EL9ap_q_mode5EL9ap_o_mode3E_7  | auto   | 0       | 20, 25, 1        |
|     p_ZZN4nnet12pooling2d_clINS_5arrayI8ap_fixedILi20ELi10EL9ap_q_mode5EL9ap_o_mode3E_6_U   | ram_1p       |           |      |      |        | p_ZZN4nnet12pooling2d_clINS_5arrayI8ap_fixedILi20ELi10EL9ap_q_mode5EL9ap_o_mode3E_6  | auto   | 0       | 20, 25, 1        |
|     p_ZZN4nnet12pooling2d_clINS_5arrayI8ap_fixedILi20ELi10EL9ap_q_mode5EL9ap_o_mode3E_5_U   | ram_1p       |           |      |      |        | p_ZZN4nnet12pooling2d_clINS_5arrayI8ap_fixedILi20ELi10EL9ap_q_mode5EL9ap_o_mode3E_5  | auto   | 0       | 20, 25, 1        |
|     p_ZZN4nnet12pooling2d_clINS_5arrayI8ap_fixedILi20ELi10EL9ap_q_mode5EL9ap_o_mode3E_4_U   | ram_1p       |           |      |      |        | p_ZZN4nnet12pooling2d_clINS_5arrayI8ap_fixedILi20ELi10EL9ap_q_mode5EL9ap_o_mode3E_4  | auto   | 0       | 20, 25, 1        |
|     p_ZZN4nnet12pooling2d_clINS_5arrayI8ap_fixedILi20ELi10EL9ap_q_mode5EL9ap_o_mode3E_3_U   | ram_1p       |           |      |      |        | p_ZZN4nnet12pooling2d_clINS_5arrayI8ap_fixedILi20ELi10EL9ap_q_mode5EL9ap_o_mode3E_3  | auto   | 0       | 20, 25, 1        |
|     p_ZZN4nnet12pooling2d_clINS_5arrayI8ap_fixedILi20ELi10EL9ap_q_mode5EL9ap_o_mode3E_2_U   | ram_1p       |           |      |      |        | p_ZZN4nnet12pooling2d_clINS_5arrayI8ap_fixedILi20ELi10EL9ap_q_mode5EL9ap_o_mode3E_2  | auto   | 0       | 20, 25, 1        |
|     p_ZZN4nnet12pooling2d_clINS_5arrayI8ap_fixedILi20ELi10EL9ap_q_mode5EL9ap_o_mode3E_1_U   | ram_1p       |           |      |      |        | p_ZZN4nnet12pooling2d_clINS_5arrayI8ap_fixedILi20ELi10EL9ap_q_mode5EL9ap_o_mode3E_1  | auto   | 0       | 20, 25, 1        |
|     p_ZZN4nnet12pooling2d_clINS_5arrayI8ap_fixedILi20ELi10EL9ap_q_mode5EL9ap_o_mode3E_U     | ram_1p       |           |      |      |        | p_ZZN4nnet12pooling2d_clINS_5arrayI8ap_fixedILi20ELi10EL9ap_q_mode5EL9ap_o_mode3E    | auto   | 0       | 20, 25, 1        |
|  + dense_array_ap_fixed_18u_array_ap_fixed_24_12_5_3_0_7u_config12_s                        |              |           | 5    | 0    |        |                                                                                      |        |         |                  |
|   + dense_resource_rf_gt_nin_rem0_ap_fixed_ap_fixed_24_12_5_3_0_config12_s                  |              |           | 5    | 0    |        |                                                                                      |        |         |                  |
|     outidx_U                                                                                | rom_1p       |           | 1    |      |        | outidx                                                                               | auto   | 1       | 3, 3150, 1       |
|     w12_U                                                                                   | rom_np       |           | 4    |      | pragma | w12                                                                                  | bram   | 1       | 13, 3150, 1      |
+---------------------------------------------------------------------------------------------+--------------+-----------+------+------+--------+--------------------------------------------------------------------------------------+--------+---------+------------------+


================================================================
== Pragma Report
================================================================
* Ignored Pragmas
+------------+---------------------+---------------------------------------------------------------+------------------------------------------------------------------+
| Type       | Options             | Location                                                      | Messages                                                         |
+------------+---------------------+---------------------------------------------------------------+------------------------------------------------------------------+
| allocation | instances = softmax | firmware/nnet_utils/nnet_activation.h:402 in softmax_multidim | unexpected pragma argument 'softmax', expects function/operation |
+------------+---------------------+---------------------------------------------------------------+------------------------------------------------------------------+

* Pragmas with Warnings
+----------+-----------------------------------+-----------------------------------------------------------------------------------------+------------------------------------------------------------------------------------------------------------------------------------------------------------------------------------+
| Type     | Options                           | Location                                                                                | Messages                                                                                                                                                                           |
+----------+-----------------------------------+-----------------------------------------------------------------------------------------+------------------------------------------------------------------------------------------------------------------------------------------------------------------------------------+
| dataflow |                                   | firmware/myproject.cpp:17 in myproject                                                  | Since the only kind of statements allowed in a canonical dataflow region are variable declarations and function calls, the compiler may not be able to correctly handle the region |
| resource | variable=weights core=ROM_nP_BRAM | firmware/nnet_utils/nnet_dense_resource.h:33 in dense_resource_rf_leq_nin, weights      | 'Resource pragma' is deprecated, use 'bind_op/bind_storage pragma' instead                                                                                                         |
| resource | variable=weights core=ROM_nP_BRAM | firmware/nnet_utils/nnet_dense_resource.h:107 in dense_resource_rf_gt_nin_rem0, weights | 'Resource pragma' is deprecated, use 'bind_op/bind_storage pragma' instead                                                                                                         |
| resource | variable=weights core=ROM_nP_BRAM | firmware/nnet_utils/nnet_dense_resource.h:189 in dense_resource_rf_gt_nin, weights      | 'Resource pragma' is deprecated, use 'bind_op/bind_storage pragma' instead                                                                                                         |
+----------+-----------------------------------+-----------------------------------------------------------------------------------------+------------------------------------------------------------------------------------------------------------------------------------------------------------------------------------+

* Valid Pragma Syntax
+----------------------+---------------------------------------------------------------------------------------------------------------------------------------------+------------------------------------------------------------------------------------------------+
| Type                 | Options                                                                                                                                     | Location                                                                                       |
+----------------------+---------------------------------------------------------------------------------------------------------------------------------------------+------------------------------------------------------------------------------------------------+
| interface            | s_axilite port=return bundle=control                                                                                                        | firmware/myproject.cpp:14 in myproject, return                                                 |
| interface            | axis port=mfcc_input                                                                                                                        | firmware/myproject.cpp:15 in myproject, mfcc_input                                             |
| interface            | axis port=layer12_out                                                                                                                       | firmware/myproject.cpp:16 in myproject, layer12_out                                            |
| stream               | variable=local_output depth=2                                                                                                               | firmware/myproject.cpp:20 in myproject, local_output                                           |
| stream               | variable=layer13_out depth=4223                                                                                                             | firmware/myproject.cpp:45 in myproject, layer13_out                                            |
| stream               | variable=layer2_out depth=1020                                                                                                              | firmware/myproject.cpp:48 in myproject, layer2_out                                             |
| stream               | variable=layer3_out depth=1020                                                                                                              | firmware/myproject.cpp:51 in myproject, layer3_out                                             |
| stream               | variable=layer4_out depth=1020                                                                                                              | firmware/myproject.cpp:54 in myproject, layer4_out                                             |
| stream               | variable=layer5_out depth=250                                                                                                               | firmware/myproject.cpp:57 in myproject, layer5_out                                             |
| stream               | variable=layer14_out depth=324                                                                                                              | firmware/myproject.cpp:60 in myproject, layer14_out                                            |
| stream               | variable=layer6_out depth=250                                                                                                               | firmware/myproject.cpp:63 in myproject, layer6_out                                             |
| stream               | variable=layer7_out depth=250                                                                                                               | firmware/myproject.cpp:66 in myproject, layer7_out                                             |
| stream               | variable=layer8_out depth=250                                                                                                               | firmware/myproject.cpp:69 in myproject, layer8_out                                             |
| stream               | variable=layer9_out depth=25                                                                                                                | firmware/myproject.cpp:72 in myproject, layer9_out                                             |
| unroll               |                                                                                                                                             | firmware/myproject.cpp:103 in myproject                                                        |
| pipeline             |                                                                                                                                             | firmware/nnet_utils/nnet_activation.h:29 in linear                                             |
| pipeline             |                                                                                                                                             | firmware/nnet_utils/nnet_activation.h:40 in relu                                               |
| pipeline             |                                                                                                                                             | firmware/nnet_utils/nnet_activation.h:54 in relu_max                                           |
| pipeline             |                                                                                                                                             | firmware/nnet_utils/nnet_activation.h:109 in sigmoid                                           |
| pipeline             |                                                                                                                                             | firmware/nnet_utils/nnet_activation.h:176 in softmax_latency                                   |
| array_partition      | variable=exp_res complete                                                                                                                   | firmware/nnet_utils/nnet_activation.h:198 in softmax_latency, exp_res                          |
| unroll               |                                                                                                                                             | firmware/nnet_utils/nnet_activation.h:201 in softmax_latency                                   |
| unroll               |                                                                                                                                             | firmware/nnet_utils/nnet_activation.h:214 in softmax_latency                                   |
| pipeline             |                                                                                                                                             | firmware/nnet_utils/nnet_activation.h:221 in softmax_stable                                    |
| unroll               |                                                                                                                                             | firmware/nnet_utils/nnet_activation.h:247 in softmax_stable                                    |
| array_partition      | variable=exp_res complete                                                                                                                   | firmware/nnet_utils/nnet_activation.h:253 in softmax_stable, exp_res                           |
| unroll               |                                                                                                                                             | firmware/nnet_utils/nnet_activation.h:256 in softmax_stable                                    |
| unroll               |                                                                                                                                             | firmware/nnet_utils/nnet_activation.h:269 in softmax_stable                                    |
| pipeline             |                                                                                                                                             | firmware/nnet_utils/nnet_activation.h:317 in softmax_legacy                                    |
| unroll               |                                                                                                                                             | firmware/nnet_utils/nnet_activation.h:362 in softmax_argmax                                    |
| pipeline             |                                                                                                                                             | firmware/nnet_utils/nnet_activation.h:370 in softmax_argmax                                    |
| inline               |                                                                                                                                             | firmware/nnet_utils/nnet_activation.h:382 in softmax                                           |
| inline               |                                                                                                                                             | firmware/nnet_utils/nnet_activation.h:401 in softmax_multidim                                  |
| unroll               |                                                                                                                                             | firmware/nnet_utils/nnet_activation.h:406 in softmax_multidim                                  |
| unroll               |                                                                                                                                             | firmware/nnet_utils/nnet_activation.h:408 in softmax_multidim                                  |
| unroll               |                                                                                                                                             | firmware/nnet_utils/nnet_activation.h:410 in softmax_multidim                                  |
| unroll               |                                                                                                                                             | firmware/nnet_utils/nnet_activation.h:415 in softmax_multidim                                  |
| pipeline             |                                                                                                                                             | firmware/nnet_utils/nnet_activation.h:452 in tanh                                              |
| function_instantiate | variable=table                                                                                                                              | firmware/nnet_utils/nnet_activation.h:481 in unary_lut, table                                  |
| array_partition      | variable=table                                                                                                                              | firmware/nnet_utils/nnet_activation.h:482 in unary_lut, table                                  |
| unroll               |                                                                                                                                             | firmware/nnet_utils/nnet_activation.h:485 in unary_lut                                         |
| pipeline             |                                                                                                                                             | firmware/nnet_utils/nnet_activation.h:496 in hard_sigmoid                                      |
| pipeline             |                                                                                                                                             | firmware/nnet_utils/nnet_activation.h:511 in hard_tanh                                         |
| pipeline             |                                                                                                                                             | firmware/nnet_utils/nnet_activation.h:529 in leaky_relu                                        |
| pipeline             |                                                                                                                                             | firmware/nnet_utils/nnet_activation.h:546 in thresholded_relu                                  |
| pipeline             |                                                                                                                                             | firmware/nnet_utils/nnet_activation.h:591 in softplus                                          |
| pipeline             |                                                                                                                                             | firmware/nnet_utils/nnet_activation.h:640 in softsign                                          |
| pipeline             |                                                                                                                                             | firmware/nnet_utils/nnet_activation.h:689 in elu                                               |
| pipeline             |                                                                                                                                             | firmware/nnet_utils/nnet_activation.h:748 in selu                                              |
| pipeline             |                                                                                                                                             | firmware/nnet_utils/nnet_activation.h:776 in prelu                                             |
| pipeline             |                                                                                                                                             | firmware/nnet_utils/nnet_activation.h:804 in binary_tanh                                       |
| pipeline             |                                                                                                                                             | firmware/nnet_utils/nnet_activation.h:824 in ternary_tanh                                      |
| pipeline             |                                                                                                                                             | firmware/nnet_utils/nnet_activation_stream.h:20 in linear                                      |
| unroll               |                                                                                                                                             | firmware/nnet_utils/nnet_activation_stream.h:28 in linear                                      |
| pipeline             |                                                                                                                                             | firmware/nnet_utils/nnet_activation_stream.h:42 in relu                                        |
| unroll               |                                                                                                                                             | firmware/nnet_utils/nnet_activation_stream.h:50 in relu                                        |
| pipeline             |                                                                                                                                             | firmware/nnet_utils/nnet_activation_stream.h:81 in sigmoid                                     |
| unroll               |                                                                                                                                             | firmware/nnet_utils/nnet_activation_stream.h:89 in sigmoid                                     |
| array_partition      | variable=exp_res complete                                                                                                                   | firmware/nnet_utils/nnet_activation_stream.h:133 in softmax_latency, exp_res                   |
| pipeline             | II=ii                                                                                                                                       | firmware/nnet_utils/nnet_activation_stream.h:137 in softmax_latency                            |
| unroll               |                                                                                                                                             | firmware/nnet_utils/nnet_activation_stream.h:142 in softmax_latency                            |
| unroll               |                                                                                                                                             | firmware/nnet_utils/nnet_activation_stream.h:160 in softmax_latency                            |
| allocation           | operation instances=mul limit=multiplier_limit                                                                                              | firmware/nnet_utils/nnet_activation_stream.h:161 in softmax_latency                            |
| array_partition      | variable=data_array complete                                                                                                                | firmware/nnet_utils/nnet_activation_stream.h:193 in softmax_stable, data_array                 |
| pipeline             | II=ii                                                                                                                                       | firmware/nnet_utils/nnet_activation_stream.h:196 in softmax_stable                             |
| unroll               |                                                                                                                                             | firmware/nnet_utils/nnet_activation_stream.h:201 in softmax_stable                             |
| unroll               |                                                                                                                                             | firmware/nnet_utils/nnet_activation_stream.h:212 in softmax_stable                             |
| array_partition      | variable=exp_res complete                                                                                                                   | firmware/nnet_utils/nnet_activation_stream.h:218 in softmax_stable, exp_res                    |
| unroll               |                                                                                                                                             | firmware/nnet_utils/nnet_activation_stream.h:221 in softmax_stable                             |
| unroll               |                                                                                                                                             | firmware/nnet_utils/nnet_activation_stream.h:239 in softmax_stable                             |
| allocation           | operation instances=mul limit=multiplier_limit                                                                                              | firmware/nnet_utils/nnet_activation_stream.h:240 in softmax_stable                             |
| pipeline             |                                                                                                                                             | firmware/nnet_utils/nnet_activation_stream.h:272 in softmax_legacy                             |
| unroll               |                                                                                                                                             | firmware/nnet_utils/nnet_activation_stream.h:276 in softmax_legacy                             |
| unroll               |                                                                                                                                             | firmware/nnet_utils/nnet_activation_stream.h:283 in softmax_legacy                             |
| unroll               |                                                                                                                                             | firmware/nnet_utils/nnet_activation_stream.h:286 in softmax_legacy                             |
| unroll               |                                                                                                                                             | firmware/nnet_utils/nnet_activation_stream.h:309 in softmax_legacy                             |
| pipeline             |                                                                                                                                             | firmware/nnet_utils/nnet_activation_stream.h:326 in softmax_argmax                             |
| unroll               |                                                                                                                                             | firmware/nnet_utils/nnet_activation_stream.h:331 in softmax_argmax                             |
| pipeline             |                                                                                                                                             | firmware/nnet_utils/nnet_activation_stream.h:339 in softmax_argmax                             |
| pipeline             |                                                                                                                                             | firmware/nnet_utils/nnet_activation_stream.h:390 in tanh                                       |
| unroll               |                                                                                                                                             | firmware/nnet_utils/nnet_activation_stream.h:398 in tanh                                       |
| function_instantiate | variable=table                                                                                                                              | firmware/nnet_utils/nnet_activation_stream.h:418 in unary_lut, table                           |
| array_partition      | variable=table complete                                                                                                                     | firmware/nnet_utils/nnet_activation_stream.h:419 in unary_lut, table                           |
| pipeline             | II=CONFIG_T::reuse_factor rewind                                                                                                            | firmware/nnet_utils/nnet_activation_stream.h:423 in unary_lut                                  |
| unroll               |                                                                                                                                             | firmware/nnet_utils/nnet_activation_stream.h:431 in unary_lut                                  |
| pipeline             |                                                                                                                                             | firmware/nnet_utils/nnet_activation_stream.h:449 in hard_sigmoid                               |
| unroll               |                                                                                                                                             | firmware/nnet_utils/nnet_activation_stream.h:457 in hard_sigmoid                               |
| pipeline             |                                                                                                                                             | firmware/nnet_utils/nnet_activation_stream.h:474 in hard_tanh                                  |
| unroll               |                                                                                                                                             | firmware/nnet_utils/nnet_activation_stream.h:482 in hard_tanh                                  |
| pipeline             |                                                                                                                                             | firmware/nnet_utils/nnet_activation_stream.h:503 in leaky_relu                                 |
| unroll               |                                                                                                                                             | firmware/nnet_utils/nnet_activation_stream.h:511 in leaky_relu                                 |
| pipeline             |                                                                                                                                             | firmware/nnet_utils/nnet_activation_stream.h:529 in thresholded_relu                           |
| unroll               |                                                                                                                                             | firmware/nnet_utils/nnet_activation_stream.h:537 in thresholded_relu                           |
| pipeline             |                                                                                                                                             | firmware/nnet_utils/nnet_activation_stream.h:568 in softplus                                   |
| unroll               |                                                                                                                                             | firmware/nnet_utils/nnet_activation_stream.h:576 in softplus                                   |
| pipeline             |                                                                                                                                             | firmware/nnet_utils/nnet_activation_stream.h:609 in softsign                                   |
| unroll               |                                                                                                                                             | firmware/nnet_utils/nnet_activation_stream.h:617 in softsign                                   |
| pipeline             |                                                                                                                                             | firmware/nnet_utils/nnet_activation_stream.h:650 in elu                                        |
| unroll               |                                                                                                                                             | firmware/nnet_utils/nnet_activation_stream.h:658 in elu                                        |
| pipeline             |                                                                                                                                             | firmware/nnet_utils/nnet_activation_stream.h:698 in selu                                       |
| unroll               |                                                                                                                                             | firmware/nnet_utils/nnet_activation_stream.h:706 in selu                                       |
| pipeline             |                                                                                                                                             | firmware/nnet_utils/nnet_activation_stream.h:730 in prelu                                      |
| unroll               |                                                                                                                                             | firmware/nnet_utils/nnet_activation_stream.h:738 in prelu                                      |
| pipeline             |                                                                                                                                             | firmware/nnet_utils/nnet_activation_stream.h:756 in binary_tanh                                |
| unroll               |                                                                                                                                             | firmware/nnet_utils/nnet_activation_stream.h:765 in binary_tanh                                |
| pipeline             |                                                                                                                                             | firmware/nnet_utils/nnet_activation_stream.h:784 in ternary_tanh                               |
| unroll               |                                                                                                                                             | firmware/nnet_utils/nnet_activation_stream.h:792 in ternary_tanh                               |
| function_instantiate | variable=scale,bias                                                                                                                         | firmware/nnet_utils/nnet_batchnorm.h:37 in normalize, scale,bias                               |
| pipeline             | II=CONFIG_T::reuse_factor                                                                                                                   | firmware/nnet_utils/nnet_batchnorm.h:42 in normalize                                           |
| array_partition      | variable=scale complete                                                                                                                     | firmware/nnet_utils/nnet_batchnorm.h:45 in normalize, scale                                    |
| array_partition      | variable=bias complete                                                                                                                      | firmware/nnet_utils/nnet_batchnorm.h:46 in normalize, bias                                     |
| allocation           | operation instances=mul limit=CONFIG_T::multiplier_limit                                                                                    | firmware/nnet_utils/nnet_batchnorm.h:48 in normalize                                           |
| pipeline             |                                                                                                                                             | firmware/nnet_utils/nnet_batchnorm.h:83 in normalize_binary_tanh                               |
| array_partition      | variable=res complete                                                                                                                       | firmware/nnet_utils/nnet_batchnorm.h:84 in normalize_binary_tanh, res                          |
| pipeline             |                                                                                                                                             | firmware/nnet_utils/nnet_batchnorm.h:103 in normalize_ternary_tanh                             |
| array_partition      | variable=res complete                                                                                                                       | firmware/nnet_utils/nnet_batchnorm.h:104 in normalize_ternary_tanh, res                        |
| array_partition      | variable=scale complete                                                                                                                     | firmware/nnet_utils/nnet_batchnorm_stream.h:18 in normalize, scale                             |
| array_partition      | variable=bias complete                                                                                                                      | firmware/nnet_utils/nnet_batchnorm_stream.h:19 in normalize, bias                              |
| allocation           | operation instances=mul limit=CONFIG_T::multiplier_limit                                                                                    | firmware/nnet_utils/nnet_batchnorm_stream.h:22 in normalize                                    |
| pipeline             | II=ii                                                                                                                                       | firmware/nnet_utils/nnet_batchnorm_stream.h:26 in normalize                                    |
| unroll               |                                                                                                                                             | firmware/nnet_utils/nnet_batchnorm_stream.h:34 in normalize                                    |
| array_partition      | variable=threshold complete                                                                                                                 | firmware/nnet_utils/nnet_batchnorm_stream.h:56 in normalize_binary_tanh, threshold             |
| pipeline             |                                                                                                                                             | firmware/nnet_utils/nnet_batchnorm_stream.h:60 in normalize_binary_tanh                        |
| unroll               |                                                                                                                                             | firmware/nnet_utils/nnet_batchnorm_stream.h:68 in normalize_binary_tanh                        |
| array_partition      | variable=threshold_hi complete                                                                                                              | firmware/nnet_utils/nnet_batchnorm_stream.h:86 in normalize_ternary_tanh, threshold_hi         |
| array_partition      | variable=threshold_lo complete                                                                                                              | firmware/nnet_utils/nnet_batchnorm_stream.h:87 in normalize_ternary_tanh, threshold_lo         |
| pipeline             |                                                                                                                                             | firmware/nnet_utils/nnet_batchnorm_stream.h:91 in normalize_ternary_tanh                       |
| unroll               |                                                                                                                                             | firmware/nnet_utils/nnet_batchnorm_stream.h:99 in normalize_ternary_tanh                       |
| array_partition      | variable=data_buf complete dim=0                                                                                                            | firmware/nnet_utils/nnet_conv1d_latency.h:19 in conv_1d_latency_cl, data_buf                   |
| array_partition      | variable=mult complete                                                                                                                      | firmware/nnet_utils/nnet_conv1d_latency.h:22 in conv_1d_latency_cl, mult                       |
| array_partition      | variable=acc complete                                                                                                                       | firmware/nnet_utils/nnet_conv1d_latency.h:25 in conv_1d_latency_cl, acc                        |
| array_partition      | variable=weights complete                                                                                                                   | firmware/nnet_utils/nnet_conv1d_latency.h:27 in conv_1d_latency_cl, weights                    |
| array_partition      | variable=biases complete                                                                                                                    | firmware/nnet_utils/nnet_conv1d_latency.h:28 in conv_1d_latency_cl, biases                     |
| allocation           | operation instances=mul limit=CONFIG_T::mult_config::multiplier_limit                                                                       | firmware/nnet_utils/nnet_conv1d_latency.h:31 in conv_1d_latency_cl                             |
| pipeline             | II=CONFIG_T::reuse_factor rewind                                                                                                            | firmware/nnet_utils/nnet_conv1d_latency.h:35 in conv_1d_latency_cl                             |
| unroll               |                                                                                                                                             | firmware/nnet_utils/nnet_conv1d_latency.h:41 in conv_1d_latency_cl                             |
| unroll               |                                                                                                                                             | firmware/nnet_utils/nnet_conv1d_latency.h:48 in conv_1d_latency_cl                             |
| unroll               |                                                                                                                                             | firmware/nnet_utils/nnet_conv1d_latency.h:52 in conv_1d_latency_cl                             |
| unroll               |                                                                                                                                             | firmware/nnet_utils/nnet_conv1d_latency.h:62 in conv_1d_latency_cl                             |
| unroll               |                                                                                                                                             | firmware/nnet_utils/nnet_conv1d_latency.h:69 in conv_1d_latency_cl                             |
| unroll               |                                                                                                                                             | firmware/nnet_utils/nnet_conv1d_latency.h:72 in conv_1d_latency_cl                             |
| unroll               |                                                                                                                                             | firmware/nnet_utils/nnet_conv1d_latency.h:80 in conv_1d_latency_cl                             |
| array_partition      | variable=mult complete dim=0                                                                                                                | firmware/nnet_utils/nnet_conv1d_latency.h:98 in pointwise_conv_1d_latency_cl, mult             |
| array_partition      | variable=acc complete dim=0                                                                                                                 | firmware/nnet_utils/nnet_conv1d_latency.h:99 in pointwise_conv_1d_latency_cl, acc              |
| function_instantiate | variable=weights,biases                                                                                                                     | firmware/nnet_utils/nnet_conv1d_latency.h:102 in pointwise_conv_1d_latency_cl, weights,biases  |
| pipeline             | II=CONFIG_T::reuse_factor                                                                                                                   | firmware/nnet_utils/nnet_conv1d_latency.h:105 in pointwise_conv_1d_latency_cl                  |
| array_partition      | variable=weights complete dim=0                                                                                                             | firmware/nnet_utils/nnet_conv1d_latency.h:106 in pointwise_conv_1d_latency_cl, weights         |
| array_partition      | variable=biases complete dim=0                                                                                                              | firmware/nnet_utils/nnet_conv1d_latency.h:107 in pointwise_conv_1d_latency_cl, biases          |
| allocation           | operation instances=mul limit=CONFIG_T::mult_config::multiplier_limit                                                                       | firmware/nnet_utils/nnet_conv1d_latency.h:110 in pointwise_conv_1d_latency_cl                  |
| unroll               |                                                                                                                                             | firmware/nnet_utils/nnet_conv1d_latency.h:119 in pointwise_conv_1d_latency_cl                  |
| unroll               |                                                                                                                                             | firmware/nnet_utils/nnet_conv1d_latency.h:138 in pointwise_conv_1d_latency_cl                  |
| unroll               |                                                                                                                                             | firmware/nnet_utils/nnet_conv1d_latency.h:160 in pointwise_conv_1d_latency_cl                  |
| inline               | recursive                                                                                                                                   | firmware/nnet_utils/nnet_conv2d.h:51 in conv_2d_cl                                             |
| inline               | recursive                                                                                                                                   | firmware/nnet_utils/nnet_conv2d.h:73 in pointwise_conv_2d_cl                                   |
| array_partition      | variable=data_buf complete dim=0                                                                                                            | firmware/nnet_utils/nnet_conv2d_latency.h:20 in conv_2d_latency_cl, data_buf                   |
| array_partition      | variable=mult complete                                                                                                                      | firmware/nnet_utils/nnet_conv2d_latency.h:23 in conv_2d_latency_cl, mult                       |
| array_partition      | variable=acc complete                                                                                                                       | firmware/nnet_utils/nnet_conv2d_latency.h:26 in conv_2d_latency_cl, acc                        |
| array_partition      | variable=weights complete                                                                                                                   | firmware/nnet_utils/nnet_conv2d_latency.h:28 in conv_2d_latency_cl, weights                    |
| array_partition      | variable=biases complete                                                                                                                    | firmware/nnet_utils/nnet_conv2d_latency.h:29 in conv_2d_latency_cl, biases                     |
| allocation           | operation instances=mul limit=CONFIG_T::mult_config::multiplier_limit                                                                       | firmware/nnet_utils/nnet_conv2d_latency.h:32 in conv_2d_latency_cl                             |
| pipeline             | II=CONFIG_T::reuse_factor rewind                                                                                                            | firmware/nnet_utils/nnet_conv2d_latency.h:36 in conv_2d_latency_cl                             |
| unroll               |                                                                                                                                             | firmware/nnet_utils/nnet_conv2d_latency.h:42 in conv_2d_latency_cl                             |
| unroll               |                                                                                                                                             | firmware/nnet_utils/nnet_conv2d_latency.h:49 in conv_2d_latency_cl                             |
| unroll               |                                                                                                                                             | firmware/nnet_utils/nnet_conv2d_latency.h:53 in conv_2d_latency_cl                             |
| unroll               |                                                                                                                                             | firmware/nnet_utils/nnet_conv2d_latency.h:63 in conv_2d_latency_cl                             |
| unroll               |                                                                                                                                             | firmware/nnet_utils/nnet_conv2d_latency.h:70 in conv_2d_latency_cl                             |
| unroll               |                                                                                                                                             | firmware/nnet_utils/nnet_conv2d_latency.h:73 in conv_2d_latency_cl                             |
| unroll               |                                                                                                                                             | firmware/nnet_utils/nnet_conv2d_latency.h:81 in conv_2d_latency_cl                             |
| array_partition      | variable=data_buf complete dim=0                                                                                                            | firmware/nnet_utils/nnet_conv2d_resource.h:33 in conv_2d_resource_cl, data_buf                 |
| array_partition      | variable=biases complete                                                                                                                    | firmware/nnet_utils/nnet_conv2d_resource.h:35 in conv_2d_resource_cl, biases                   |
| array_partition      | variable=acc complete dim=0                                                                                                                 | firmware/nnet_utils/nnet_conv2d_resource.h:38 in conv_2d_resource_cl, acc                      |
| unroll               |                                                                                                                                             | firmware/nnet_utils/nnet_conv2d_resource.h:48 in conv_2d_resource_cl                           |
| unroll               |                                                                                                                                             | firmware/nnet_utils/nnet_conv2d_resource.h:52 in conv_2d_resource_cl                           |
| pipeline             | II=1 rewind                                                                                                                                 | firmware/nnet_utils/nnet_conv2d_resource.h:59 in conv_2d_resource_cl                           |
| unroll               |                                                                                                                                             | firmware/nnet_utils/nnet_conv2d_resource.h:67 in conv_2d_resource_cl                           |
| unroll               |                                                                                                                                             | firmware/nnet_utils/nnet_conv2d_resource.h:71 in conv_2d_resource_cl                           |
| unroll               |                                                                                                                                             | firmware/nnet_utils/nnet_conv2d_resource.h:95 in conv_2d_resource_cl                           |
| unroll               |                                                                                                                                             | firmware/nnet_utils/nnet_conv2d_resource.h:99 in conv_2d_resource_cl                           |
| array_partition      | variable = line_buffer complete dim = 2                                                                                                     | firmware/nnet_utils/nnet_conv2d_stream.h:22 in conv_2d_buffer_latency_cl                       |
| loop_flatten         |                                                                                                                                             | firmware/nnet_utils/nnet_conv2d_stream.h:28 in conv_2d_buffer_latency_cl                       |
| pipeline             | II=CONFIG_T::reuse_factor                                                                                                                   | firmware/nnet_utils/nnet_conv2d_stream.h:29 in conv_2d_buffer_latency_cl                       |
| array_partition      | variable = line_buffer complete dim = 2                                                                                                     | firmware/nnet_utils/nnet_conv2d_stream.h:49 in conv_2d_buffer_resource_cl                      |
| loop_flatten         |                                                                                                                                             | firmware/nnet_utils/nnet_conv2d_stream.h:55 in conv_2d_buffer_resource_cl                      |
| inline               | recursive                                                                                                                                   | firmware/nnet_utils/nnet_conv2d_stream.h:74 in conv_2d_cl                                      |
| inline               |                                                                                                                                             | firmware/nnet_utils/nnet_conv_stream.h:17 in scale_index_k_gte_s                               |
| inline               |                                                                                                                                             | firmware/nnet_utils/nnet_conv_stream.h:38 in scale_index_k_lt_s                                |
| inline               |                                                                                                                                             | firmware/nnet_utils/nnet_conv_stream.h:61 in scale_index                                       |
| inline               |                                                                                                                                             | firmware/nnet_utils/nnet_conv_stream.h:74 in scale_index                                       |
| inline               |                                                                                                                                             | firmware/nnet_utils/nnet_conv_stream.h:84 in mult_buffer                                       |
| array_partition      | variable = data complete                                                                                                                    | firmware/nnet_utils/nnet_conv_stream.h:87 in mult_buffer                                       |
| array_partition      | variable = res complete                                                                                                                     | firmware/nnet_utils/nnet_conv_stream.h:89 in mult_buffer                                       |
| unroll               |                                                                                                                                             | firmware/nnet_utils/nnet_conv_stream.h:93 in mult_buffer                                       |
| inline               | recursive                                                                                                                                   | firmware/nnet_utils/nnet_conv_stream.h:97 in mult_buffer                                       |
| unroll               |                                                                                                                                             | firmware/nnet_utils/nnet_conv_stream.h:103 in mult_buffer                                      |
| inline               |                                                                                                                                             | firmware/nnet_utils/nnet_conv_stream.h:129 in compute_output_encoded                           |
| pipeline             | II = CONFIG_T::reuse_factor                                                                                                                 | firmware/nnet_utils/nnet_conv_stream.h:133 in compute_output_encoded                           |
| unroll               |                                                                                                                                             | firmware/nnet_utils/nnet_conv_stream.h:136 in compute_output_encoded                           |
| unroll               |                                                                                                                                             | firmware/nnet_utils/nnet_conv_stream.h:139 in compute_output_encoded                           |
| inline               |                                                                                                                                             | firmware/nnet_utils/nnet_conv_stream.h:156 in kernel_shift_1d                                  |
| pipeline             | II = 1                                                                                                                                      | firmware/nnet_utils/nnet_conv_stream.h:162 in kernel_shift_1d                                  |
| unroll               |                                                                                                                                             | firmware/nnet_utils/nnet_conv_stream.h:165 in kernel_shift_1d                                  |
| unroll               |                                                                                                                                             | firmware/nnet_utils/nnet_conv_stream.h:175 in kernel_shift_1d                                  |
| inline               |                                                                                                                                             | firmware/nnet_utils/nnet_conv_stream.h:184 in kernel_shift_2d                                  |
| pipeline             | II = 1                                                                                                                                      | firmware/nnet_utils/nnet_conv_stream.h:190 in kernel_shift_2d                                  |
| unroll               |                                                                                                                                             | firmware/nnet_utils/nnet_conv_stream.h:206 in kernel_shift_2d                                  |
| pipeline             |                                                                                                                                             | firmware/nnet_utils/nnet_conv_stream.h:221 in shift_line_buffer                                |
| array_partition      | variable = shift_buffer complete dim = 0                                                                                                    | firmware/nnet_utils/nnet_conv_stream.h:225 in shift_line_buffer                                |
| unroll               |                                                                                                                                             | firmware/nnet_utils/nnet_conv_stream.h:229 in shift_line_buffer                                |
| unroll               |                                                                                                                                             | firmware/nnet_utils/nnet_conv_stream.h:240 in shift_line_buffer                                |
| inline               | OFF                                                                                                                                         | firmware/nnet_utils/nnet_conv_stream.h:258 in compute_output_buffer_2d                         |
| array_partition      | variable = kernel_data complete                                                                                                             | firmware/nnet_utils/nnet_conv_stream.h:272 in compute_output_buffer_2d                         |
| array_partition      | variable = res_out complete dim = 0                                                                                                         | firmware/nnet_utils/nnet_conv_stream.h:275 in compute_output_buffer_2d                         |
| unroll               |                                                                                                                                             | firmware/nnet_utils/nnet_conv_stream.h:294 in compute_output_buffer_2d                         |
| inline               | OFF                                                                                                                                         | firmware/nnet_utils/nnet_conv_stream.h:328 in compute_output_buffer_1d                         |
| array_partition      | variable = kernel_data complete                                                                                                             | firmware/nnet_utils/nnet_conv_stream.h:338 in compute_output_buffer_1d                         |
| array_partition      | variable = res_out complete dim = 0                                                                                                         | firmware/nnet_utils/nnet_conv_stream.h:341 in compute_output_buffer_1d                         |
| unroll               |                                                                                                                                             | firmware/nnet_utils/nnet_conv_stream.h:360 in compute_output_buffer_1d                         |
| inline               |                                                                                                                                             | firmware/nnet_utils/nnet_dense.h:44 in dense                                                   |
| inline               |                                                                                                                                             | firmware/nnet_utils/nnet_dense.h:53 in dense                                                   |
| inline               |                                                                                                                                             | firmware/nnet_utils/nnet_dense.h:64 in dense                                                   |
| inline               |                                                                                                                                             | firmware/nnet_utils/nnet_dense.h:75 in dense                                                   |
| unroll               |                                                                                                                                             | firmware/nnet_utils/nnet_dense_compressed.h:15 in fill_mult                                    |
| array_partition      | variable=acc complete                                                                                                                       | firmware/nnet_utils/nnet_dense_compressed.h:29 in dense_compressed, acc                        |
| array_partition      | variable=biases complete                                                                                                                    | firmware/nnet_utils/nnet_dense_compressed.h:30 in dense_compressed, biases                     |
| array_reshape        | variable=weights block factor=multiplier_limit                                                                                              | firmware/nnet_utils/nnet_dense_compressed.h:31 in dense_compressed, weights                    |
| aggregate            | variable=weights                                                                                                                            | firmware/nnet_utils/nnet_dense_compressed.h:34 in dense_compressed, weights                    |
| unroll               |                                                                                                                                             | firmware/nnet_utils/nnet_dense_compressed.h:41 in dense_compressed                             |
| pipeline             | II=1 rewind                                                                                                                                 | firmware/nnet_utils/nnet_dense_compressed.h:49 in dense_compressed                             |
| array_partition      | variable=mult complete                                                                                                                      | firmware/nnet_utils/nnet_dense_compressed.h:52 in dense_compressed, mult                       |
| unroll               |                                                                                                                                             | firmware/nnet_utils/nnet_dense_compressed.h:56 in dense_compressed                             |
| unroll               |                                                                                                                                             | firmware/nnet_utils/nnet_dense_compressed.h:62 in dense_compressed                             |
| unroll               |                                                                                                                                             | firmware/nnet_utils/nnet_dense_compressed.h:82 in dense_compressed                             |
| function_instantiate | variable=weights,biases                                                                                                                     | firmware/nnet_utils/nnet_dense_latency.h:21 in dense_latency, weights,biases                   |
| pipeline             | II=CONFIG_T::reuse_factor                                                                                                                   | firmware/nnet_utils/nnet_dense_latency.h:26 in dense_latency                                   |
| array_partition      | variable=biases complete                                                                                                                    | firmware/nnet_utils/nnet_dense_latency.h:29 in dense_latency, biases                           |
| array_partition      | variable=mult complete                                                                                                                      | firmware/nnet_utils/nnet_dense_latency.h:30 in dense_latency, mult                             |
| array_partition      | variable=acc complete                                                                                                                       | firmware/nnet_utils/nnet_dense_latency.h:31 in dense_latency, acc                              |
| allocation           | operation instances=mul limit=CONFIG_T::multiplier_limit                                                                                    | firmware/nnet_utils/nnet_dense_latency.h:33 in dense_latency                                   |
| function_instantiate | variable=weights,biases                                                                                                                     | firmware/nnet_utils/nnet_dense_resource.h:28 in dense_resource_rf_leq_nin, weights,biases      |
| array_reshape        | variable=weights block factor=block_factor                                                                                                  | firmware/nnet_utils/nnet_dense_resource.h:29 in dense_resource_rf_leq_nin, weights             |
| array_partition      | variable=biases complete                                                                                                                    | firmware/nnet_utils/nnet_dense_resource.h:30 in dense_resource_rf_leq_nin, biases              |
| array_partition      | variable=acc complete                                                                                                                       | firmware/nnet_utils/nnet_dense_resource.h:37 in dense_resource_rf_leq_nin, acc                 |
| unroll               |                                                                                                                                             | firmware/nnet_utils/nnet_dense_resource.h:41 in dense_resource_rf_leq_nin                      |
| pipeline             | II=1 rewind                                                                                                                                 | firmware/nnet_utils/nnet_dense_resource.h:47 in dense_resource_rf_leq_nin                      |
| unroll               |                                                                                                                                             | firmware/nnet_utils/nnet_dense_resource.h:56 in dense_resource_rf_leq_nin                      |
| unroll               |                                                                                                                                             | firmware/nnet_utils/nnet_dense_resource.h:81 in dense_resource_rf_leq_nin                      |
| function_instantiate | variable=weights,biases                                                                                                                     | firmware/nnet_utils/nnet_dense_resource.h:102 in dense_resource_rf_gt_nin_rem0, weights,biases |
| array_reshape        | variable=weights block factor=block_factor                                                                                                  | firmware/nnet_utils/nnet_dense_resource.h:103 in dense_resource_rf_gt_nin_rem0, weights        |
| array_partition      | variable=biases complete                                                                                                                    | firmware/nnet_utils/nnet_dense_resource.h:104 in dense_resource_rf_gt_nin_rem0, biases         |
| array_partition      | variable=acc complete                                                                                                                       | firmware/nnet_utils/nnet_dense_resource.h:111 in dense_resource_rf_gt_nin_rem0, acc            |
| unroll               |                                                                                                                                             | firmware/nnet_utils/nnet_dense_resource.h:115 in dense_resource_rf_gt_nin_rem0                 |
| pipeline             | II=1 rewind                                                                                                                                 | firmware/nnet_utils/nnet_dense_resource.h:136 in dense_resource_rf_gt_nin_rem0                 |
| unroll               |                                                                                                                                             | firmware/nnet_utils/nnet_dense_resource.h:143 in dense_resource_rf_gt_nin_rem0                 |
| unroll               |                                                                                                                                             | firmware/nnet_utils/nnet_dense_resource.h:163 in dense_resource_rf_gt_nin_rem0                 |
| function_instantiate | variable=weights,biases                                                                                                                     | firmware/nnet_utils/nnet_dense_resource.h:184 in dense_resource_rf_gt_nin, weights,biases      |
| array_reshape        | variable=weights block factor=block_factor                                                                                                  | firmware/nnet_utils/nnet_dense_resource.h:185 in dense_resource_rf_gt_nin, weights             |
| array_partition      | variable=biases complete                                                                                                                    | firmware/nnet_utils/nnet_dense_resource.h:186 in dense_resource_rf_gt_nin, biases              |
| array_partition      | variable=acc complete                                                                                                                       | firmware/nnet_utils/nnet_dense_resource.h:193 in dense_resource_rf_gt_nin, acc                 |
| unroll               |                                                                                                                                             | firmware/nnet_utils/nnet_dense_resource.h:197 in dense_resource_rf_gt_nin                      |
| pipeline             | II=1 rewind                                                                                                                                 | firmware/nnet_utils/nnet_dense_resource.h:203 in dense_resource_rf_gt_nin                      |
| array_partition      | variable=tmpmult complete                                                                                                                   | firmware/nnet_utils/nnet_dense_resource.h:205 in dense_resource_rf_gt_nin, tmpmult             |
| unroll               |                                                                                                                                             | firmware/nnet_utils/nnet_dense_resource.h:209 in dense_resource_rf_gt_nin                      |
| array_partition      | variable=mult complete                                                                                                                      | firmware/nnet_utils/nnet_dense_resource.h:219 in dense_resource_rf_gt_nin, mult                |
| unroll               |                                                                                                                                             | firmware/nnet_utils/nnet_dense_resource.h:223 in dense_resource_rf_gt_nin                      |
| unroll               |                                                                                                                                             | firmware/nnet_utils/nnet_dense_resource.h:229 in dense_resource_rf_gt_nin                      |
| unroll               |                                                                                                                                             | firmware/nnet_utils/nnet_dense_resource.h:239 in dense_resource_rf_gt_nin                      |
| unroll               |                                                                                                                                             | firmware/nnet_utils/nnet_dense_resource.h:249 in dense_resource_rf_gt_nin                      |
| inline               | recursive                                                                                                                                   | firmware/nnet_utils/nnet_dense_resource.h:259 in dense_resource                                |
| pipeline             | II=CONFIG_T::reuse_factor                                                                                                                   | firmware/nnet_utils/nnet_dense_stream.h:16 in dense_latency_wrapper                            |
| inline               |                                                                                                                                             | firmware/nnet_utils/nnet_dense_stream.h:29 in data_prepare                                     |
| pipeline             |                                                                                                                                             | firmware/nnet_utils/nnet_dense_stream.h:34 in data_prepare                                     |
| unroll               |                                                                                                                                             | firmware/nnet_utils/nnet_dense_stream.h:38 in data_prepare                                     |
| unroll               |                                                                                                                                             | firmware/nnet_utils/nnet_dense_stream.h:46 in data_prepare                                     |
| inline               |                                                                                                                                             | firmware/nnet_utils/nnet_dense_stream.h:54 in res_write                                        |
| pipeline             |                                                                                                                                             | firmware/nnet_utils/nnet_dense_stream.h:59 in res_write                                        |
| unroll               |                                                                                                                                             | firmware/nnet_utils/nnet_dense_stream.h:64 in res_write                                        |
| unroll               |                                                                                                                                             | firmware/nnet_utils/nnet_dense_stream.h:74 in res_write                                        |
| inline               | recursive                                                                                                                                   | firmware/nnet_utils/nnet_dense_stream.h:85 in dense                                            |
| array_partition      | variable=data complete                                                                                                                      | firmware/nnet_utils/nnet_dense_stream.h:88 in dense, data                                      |
| array_partition      | variable=res complete                                                                                                                       | firmware/nnet_utils/nnet_dense_stream.h:91 in dense, res                                       |
| inline               |                                                                                                                                             | firmware/nnet_utils/nnet_function_stubs.h:59 in bit_shift                                      |
| inline               |                                                                                                                                             | firmware/nnet_utils/nnet_function_stubs.h:66 in bit_shift                                      |
| inline               |                                                                                                                                             | firmware/nnet_utils/nnet_function_stubs.h:73 in bit_shift                                      |
| inline               |                                                                                                                                             | firmware/nnet_utils/nnet_function_stubs.h:80 in bit_shift                                      |
| inline               |                                                                                                                                             | firmware/nnet_utils/nnet_mult.h:25 in product                                                  |
| inline               |                                                                                                                                             | firmware/nnet_utils/nnet_mult.h:34 in product                                                  |
| inline               |                                                                                                                                             | firmware/nnet_utils/nnet_mult.h:46 in product                                                  |
| inline               |                                                                                                                                             | firmware/nnet_utils/nnet_mult.h:58 in product                                                  |
| inline               |                                                                                                                                             | firmware/nnet_utils/nnet_mult.h:72 in product                                                  |
| inline               |                                                                                                                                             | firmware/nnet_utils/nnet_mult.h:82 in product                                                  |
| pipeline             |                                                                                                                                             | firmware/nnet_utils/nnet_padding.h:18 in zeropad1d_cf                                          |
| pipeline             |                                                                                                                                             | firmware/nnet_utils/nnet_padding.h:37 in zeropad1d_cl                                          |
| pipeline             |                                                                                                                                             | firmware/nnet_utils/nnet_padding.h:73 in zeropad2d_cf                                          |
| pipeline             |                                                                                                                                             | firmware/nnet_utils/nnet_padding.h:106 in zeropad2d_cl                                         |
| inline               |                                                                                                                                             | firmware/nnet_utils/nnet_padding_stream.h:9 in fill_zero                                       |
| unroll               |                                                                                                                                             | firmware/nnet_utils/nnet_padding_stream.h:12 in fill_zero                                      |
| inline               |                                                                                                                                             | firmware/nnet_utils/nnet_padding_stream.h:19 in fill_data                                      |
| unroll               |                                                                                                                                             | firmware/nnet_utils/nnet_padding_stream.h:23 in fill_data                                      |
| pipeline             | II=CONFIG_T::reuse_factor                                                                                                                   | firmware/nnet_utils/nnet_pooling.h:84 in pooling1d_cl                                          |
| allocation           | function instances=pool_op<data_T, CONFIG_T::pool_width, CONFIG_T::pool_op, typename CONFIG_T::accum_t> limit=limit                         | firmware/nnet_utils/nnet_pooling.h:88 in pooling1d_cl                                          |
| array_partition      | variable=pool complete dim=0                                                                                                                | firmware/nnet_utils/nnet_pooling.h:102 in pooling1d_cl, pool                                   |
| pipeline             | II=CONFIG_T::reuse_factor                                                                                                                   | firmware/nnet_utils/nnet_pooling.h:122 in global_pooling1d_cl                                  |
| allocation           | function instances=pool_op<data_T, CONFIG_T::pool_width, CONFIG_T::pool_op, typename CONFIG_T::accum_t> limit=limit                         | firmware/nnet_utils/nnet_pooling.h:129 in global_pooling1d_cl                                  |
| array_partition      | variable=pool complete dim=0                                                                                                                | firmware/nnet_utils/nnet_pooling.h:134 in global_pooling1d_cl, pool                            |
| pipeline             | II=CONFIG_T::reuse_factor                                                                                                                   | firmware/nnet_utils/nnet_pooling.h:176 in pooling2d_cl                                         |
| allocation           | function instances=pool_op<data_T, CONFIG_T::pool_height*CONFIG_T::pool_width, CONFIG_T::pool_op, typename CONFIG_T::accum_t> limit=limit   | firmware/nnet_utils/nnet_pooling.h:180 in pooling2d_cl                                         |
| array_partition      | variable=pool complete dim=0                                                                                                                | firmware/nnet_utils/nnet_pooling.h:196 in pooling2d_cl, pool                                   |
| pipeline             | II=CONFIG_T::reuse_factor                                                                                                                   | firmware/nnet_utils/nnet_pooling.h:232 in pooling2d_cf                                         |
| allocation           | function instances=pool_op<data_T, CONFIG_T::pool_height*CONFIG_T::pool_width, CONFIG_T::pool_op, typename CONFIG_T::accum_t> limit=limit   | firmware/nnet_utils/nnet_pooling.h:236 in pooling2d_cf                                         |
| array_partition      | variable=pool complete dim=0                                                                                                                | firmware/nnet_utils/nnet_pooling.h:250 in pooling2d_cf, pool                                   |
| pipeline             | II=CONFIG_T::reuse_factor                                                                                                                   | firmware/nnet_utils/nnet_pooling.h:298 in global_pooling2d_cl                                  |
| allocation           | function instances=pool_op<data_T, CONFIG_T::pool_width * CONFIG_T::pool_height, CONFIG_T::pool_op, typename CONFIG_T::accum_t> limit=limit | firmware/nnet_utils/nnet_pooling.h:301 in global_pooling2d_cl                                  |
| inline               |                                                                                                                                             | firmware/nnet_utils/nnet_pooling_stream.h:18 in reduce_pool                                    |
| inline               |                                                                                                                                             | firmware/nnet_utils/nnet_pooling_stream.h:34 in compute_pool_buffer_2d                         |
| array_partition      | variable=pool_window complete                                                                                                               | firmware/nnet_utils/nnet_pooling_stream.h:43 in compute_pool_buffer_2d, pool_window            |
| array_partition      | variable = kernel_data complete dim = 0                                                                                                     | firmware/nnet_utils/nnet_pooling_stream.h:46 in compute_pool_buffer_2d                         |
| pipeline             |                                                                                                                                             | firmware/nnet_utils/nnet_pooling_stream.h:58 in compute_pool_buffer_2d                         |
| inline               | recursive                                                                                                                                   | firmware/nnet_utils/nnet_pooling_stream.h:100 in pooling2d_cl                                  |
| array_partition      | variable = line_buffer complete dim = 2                                                                                                     | firmware/nnet_utils/nnet_pooling_stream.h:106 in pooling2d_cl                                  |
| loop_flatten         |                                                                                                                                             | firmware/nnet_utils/nnet_pooling_stream.h:112 in pooling2d_cl                                  |
| pipeline             |                                                                                                                                             | firmware/nnet_utils/nnet_pooling_stream.h:113 in pooling2d_cl                                  |
| inline               |                                                                                                                                             | firmware/nnet_utils/nnet_pooling_stream.h:125 in compute_pool_buffer_1d                        |
| array_partition      | variable=pool_window complete                                                                                                               | firmware/nnet_utils/nnet_pooling_stream.h:132 in compute_pool_buffer_1d, pool_window           |
| array_partition      | variable = kernel_data complete dim = 0                                                                                                     | firmware/nnet_utils/nnet_pooling_stream.h:135 in compute_pool_buffer_1d                        |
| pipeline             |                                                                                                                                             | firmware/nnet_utils/nnet_pooling_stream.h:148 in compute_pool_buffer_1d                        |
| inline               | recursive                                                                                                                                   | firmware/nnet_utils/nnet_pooling_stream.h:182 in pooling1d_cl                                  |
| pipeline             |                                                                                                                                             | firmware/nnet_utils/nnet_pooling_stream.h:186 in pooling1d_cl                                  |
| inline               |                                                                                                                                             | firmware/nnet_utils/nnet_pooling_stream.h:196 in reduce_global_pool                            |
| unroll               |                                                                                                                                             | firmware/nnet_utils/nnet_pooling_stream.h:212 in compute_global_pool                           |
| array_partition      | variable=data_pack complete dim=0                                                                                                           | firmware/nnet_utils/nnet_pooling_stream.h:215 in compute_global_pool, data_pack                |
| unroll               |                                                                                                                                             | firmware/nnet_utils/nnet_pooling_stream.h:219 in compute_global_pool                           |
| array_partition      | variable=data_window complete                                                                                                               | firmware/nnet_utils/nnet_pooling_stream.h:233 in global_pooling2d_cl, data_window              |
| unroll               |                                                                                                                                             | firmware/nnet_utils/nnet_pooling_stream.h:242 in global_pooling2d_cl                           |
| loop_flatten         |                                                                                                                                             | firmware/nnet_utils/nnet_pooling_stream.h:250 in global_pooling2d_cl                           |
| pipeline             |                                                                                                                                             | firmware/nnet_utils/nnet_pooling_stream.h:258 in global_pooling2d_cl                           |
| unroll               |                                                                                                                                             | firmware/nnet_utils/nnet_pooling_stream.h:264 in global_pooling2d_cl                           |
| pipeline             |                                                                                                                                             | firmware/nnet_utils/nnet_pooling_stream.h:272 in global_pooling2d_cl                           |
| unroll               |                                                                                                                                             | firmware/nnet_utils/nnet_pooling_stream.h:278 in global_pooling2d_cl                           |
| array_partition      | variable=data_window complete                                                                                                               | firmware/nnet_utils/nnet_pooling_stream.h:292 in global_pooling1d_cl, data_window              |
| unroll               |                                                                                                                                             | firmware/nnet_utils/nnet_pooling_stream.h:301 in global_pooling1d_cl                           |
| loop_flatten         |                                                                                                                                             | firmware/nnet_utils/nnet_pooling_stream.h:307 in global_pooling1d_cl                           |
| pipeline             |                                                                                                                                             | firmware/nnet_utils/nnet_pooling_stream.h:314 in global_pooling1d_cl                           |
| unroll               |                                                                                                                                             | firmware/nnet_utils/nnet_pooling_stream.h:320 in global_pooling1d_cl                           |
| pipeline             |                                                                                                                                             | firmware/nnet_utils/nnet_pooling_stream.h:328 in global_pooling1d_cl                           |
| unroll               |                                                                                                                                             | firmware/nnet_utils/nnet_pooling_stream.h:334 in global_pooling1d_cl                           |
| pipeline             |                                                                                                                                             | firmware/nnet_utils/nnet_stream.h:23 in clone_stream                                           |
| unroll               |                                                                                                                                             | firmware/nnet_utils/nnet_stream.h:33 in clone_stream                                           |
| pipeline             |                                                                                                                                             | firmware/nnet_utils/nnet_stream.h:47 in clone_stream                                           |
| unroll               |                                                                                                                                             | firmware/nnet_utils/nnet_stream.h:59 in clone_stream                                           |
| pipeline             |                                                                                                                                             | firmware/nnet_utils/nnet_stream.h:76 in clone_stream                                           |
| unroll               |                                                                                                                                             | firmware/nnet_utils/nnet_stream.h:90 in clone_stream                                           |
| pipeline             |                                                                                                                                             | firmware/nnet_utils/nnet_stream.h:109 in clone_stream                                          |
| unroll               |                                                                                                                                             | firmware/nnet_utils/nnet_stream.h:125 in clone_stream                                          |
| pipeline             |                                                                                                                                             | firmware/nnet_utils/nnet_stream.h:146 in clone_stream                                          |
| unroll               |                                                                                                                                             | firmware/nnet_utils/nnet_stream.h:164 in clone_stream                                          |
| pipeline             |                                                                                                                                             | firmware/nnet_utils/nnet_stream.h:187 in clone_stream                                          |
| unroll               |                                                                                                                                             | firmware/nnet_utils/nnet_stream.h:207 in clone_stream                                          |
| pipeline             |                                                                                                                                             | firmware/nnet_utils/nnet_stream.h:230 in repack_stream                                         |
| unroll               |                                                                                                                                             | firmware/nnet_utils/nnet_stream.h:237 in repack_stream                                         |
| pipeline             |                                                                                                                                             | firmware/nnet_utils/nnet_stream.h:247 in repack_stream                                         |
| pipeline             |                                                                                                                                             | firmware/nnet_utils/nnet_stream.h:255 in repack_stream                                         |
| unroll               |                                                                                                                                             | firmware/nnet_utils/nnet_stream.h:259 in repack_stream                                         |
| pipeline             |                                                                                                                                             | firmware/nnet_utils/nnet_stream.h:270 in repack_stream                                         |
| unroll               |                                                                                                                                             | firmware/nnet_utils/nnet_stream.h:274 in repack_stream                                         |
| pipeline             |                                                                                                                                             | firmware/nnet_utils/nnet_stream.h:295 in broadcast_stream_1x1xc                                |
| pipeline             |                                                                                                                                             | firmware/nnet_utils/nnet_stream.h:298 in broadcast_stream_1x1xc                                |
| unroll               |                                                                                                                                             | firmware/nnet_utils/nnet_stream.h:302 in broadcast_stream_1x1xc                                |
| pipeline             |                                                                                                                                             | firmware/nnet_utils/nnet_stream.h:316 in broadcast_stream_hxwx1                                |
| unroll               |                                                                                                                                             | firmware/nnet_utils/nnet_stream.h:321 in broadcast_stream_hxwx1                                |
| unroll               |                                                                                                                                             | firmware/nnet_utils/nnet_types.h:28 in operator=                                               |
+----------------------+---------------------------------------------------------------------------------------------------------------------------------------------+------------------------------------------------------------------------------------------------+


