

================================================================
== Vitis HLS Report for 'dense_array_array_ap_fixed_24_12_5_3_0_7u_config12_Pipeline_DataPrepare'
================================================================
* Date:           Sun Aug 30 16:00:52 2026

* Version:        2024.1 (Build 5069499 on May 21 2024)
* Project:        myproject_prj
* Solution:       solution1 (Vivado IP Flow Target)
* Product family: zynq
* Target device:  xc7z020-clg400-1


================================================================
== Performance Estimates
================================================================
+ Timing: 
    * Summary: 
    +--------+----------+----------+------------+
    |  Clock |  Target  | Estimated| Uncertainty|
    +--------+----------+----------+------------+
    |ap_clk  |  20.00 ns|  4.956 ns|     5.40 ns|
    +--------+----------+----------+------------+

+ Latency: 
    * Summary: 
    +---------+---------+----------+----------+-----+-----+-----------------------------------------------+
    |  Latency (cycles) |  Latency (absolute) |  Interval |                    Pipeline                   |
    |   min   |   max   |    min   |    max   | min | max |                      Type                     |
    +---------+---------+----------+----------+-----+-----+-----------------------------------------------+
    |       26|       26|  0.520 us|  0.520 us|   25|   25|  loop auto-rewind stp(delay=0 clock cycles(s))|
    +---------+---------+----------+----------+-----+-----+-----------------------------------------------+

    + Detail: 
        * Instance: 
        N/A

        * Loop: 
        +---------------+---------+---------+----------+-----------+-----------+------+----------+
        |               |  Latency (cycles) | Iteration|  Initiation Interval  | Trip |          |
        |   Loop Name   |   min   |   max   |  Latency |  achieved |   target  | Count| Pipelined|
        +---------------+---------+---------+----------+-----------+-----------+------+----------+
        |- DataPrepare  |       24|       24|         1|          1|          1|    25|       yes|
        +---------------+---------+---------+----------+-----------+-----------+------+----------+



================================================================
== Utilization Estimates
================================================================
* Summary: 
+-----------------+---------+-----+--------+-------+-----+
|       Name      | BRAM_18K| DSP |   FF   |  LUT  | URAM|
+-----------------+---------+-----+--------+-------+-----+
|DSP              |        -|    -|       -|      -|    -|
|Expression       |        -|    -|       0|     28|    -|
|FIFO             |        -|    -|       -|      -|    -|
|Instance         |        -|    -|       -|      -|    -|
|Memory           |        -|    -|       -|      -|    -|
|Multiplexer      |        -|    -|       0|     36|    -|
|Register         |        -|    -|    9007|      -|    -|
+-----------------+---------+-----+--------+-------+-----+
|Total            |        0|    0|    9007|     64|    0|
+-----------------+---------+-----+--------+-------+-----+
|Available        |      280|  220|  106400|  53200|    0|
+-----------------+---------+-----+--------+-------+-----+
|Utilization (%)  |        0|    0|       8|     ~0|    0|
+-----------------+---------+-----+--------+-------+-----+

+ Detail: 
    * Instance: 
    N/A

    * DSP: 
    N/A

    * Memory: 
    N/A

    * FIFO: 
    N/A

    * Expression: 
    +----------------------------------+----------+----+---+----+------------+------------+
    |           Variable Name          | Operation| DSP| FF| LUT| Bitwidth P0| Bitwidth P1|
    +----------------------------------+----------+----+---+----+------------+------------+
    |i_in_fu_6190_p2                   |         +|   0|  0|  13|           5|           1|
    |icmp_ln33_fu_8446_p2              |      icmp|   0|  0|  13|           5|           5|
    |ap_block_state1_pp0_stage0_iter0  |        or|   0|  0|   2|           1|           1|
    +----------------------------------+----------+----+---+----+------------+------------+
    |Total                             |          |   0|  0|  28|          11|           7|
    +----------------------------------+----------+----+---+----+------------+------------+

    * Multiplexer: 
    +-------------------------------+----+-----------+-----+-----------+
    |              Name             | LUT| Input Size| Bits| Total Bits|
    +-------------------------------+----+-----------+-----+-----------+
    |ap_done_int                    |   9|          2|    1|          2|
    |ap_sig_allocacmp_i_in901_load  |   9|          2|    5|         10|
    |i_in901_fu_1048                |   9|          2|    5|         10|
    |layer9_out_blk_n               |   9|          2|    1|          2|
    +-------------------------------+----+-----------+-----+-----------+
    |Total                          |  36|          8|   12|         24|
    +-------------------------------+----+-----------+-----+-----------+

    * Register: 
    +----------------------------+----+----+-----+-----------+
    |            Name            | FF | LUT| Bits| Const Bits|
    +----------------------------+----+----+-----+-----------+
    |ap_CS_fsm                   |   1|   0|    1|          0|
    |ap_done_reg                 |   1|   0|    1|          0|
    |i_in901_fu_1048             |   5|   0|    5|          0|
    |p_0_0_0_0_0109792_fu_2632   |  20|   0|   20|          0|
    |p_0_0_0_0_0145756_fu_2560   |  20|   0|   20|          0|
    |p_0_0_0_0_0181720_fu_2488   |  20|   0|   20|          0|
    |p_0_0_0_0_01900_fu_2848     |  20|   0|   20|          0|
    |p_0_0_0_0_0217684_fu_2416   |  20|   0|   20|          0|
    |p_0_0_0_0_0253648_fu_2344   |  20|   0|   20|          0|
    |p_0_0_0_0_0289612_fu_2272   |  20|   0|   20|          0|
    |p_0_0_0_0_0325576_fu_2200   |  20|   0|   20|          0|
    |p_0_0_0_0_0361540_fu_2128   |  20|   0|   20|          0|
    |p_0_0_0_0_037864_fu_2776    |  20|   0|   20|          0|
    |p_0_0_0_0_0397504_fu_2056   |  20|   0|   20|          0|
    |p_0_0_0_0_0433468_fu_1984   |  20|   0|   20|          0|
    |p_0_0_0_0_0469432_fu_1912   |  20|   0|   20|          0|
    |p_0_0_0_0_0505396_fu_1840   |  20|   0|   20|          0|
    |p_0_0_0_0_0541360_fu_1768   |  20|   0|   20|          0|
    |p_0_0_0_0_0577324_fu_1696   |  20|   0|   20|          0|
    |p_0_0_0_0_0613288_fu_1624   |  20|   0|   20|          0|
    |p_0_0_0_0_0649252_fu_1552   |  20|   0|   20|          0|
    |p_0_0_0_0_0685216_fu_1480   |  20|   0|   20|          0|
    |p_0_0_0_0_0721180_fu_1408   |  20|   0|   20|          0|
    |p_0_0_0_0_073828_fu_2704    |  20|   0|   20|          0|
    |p_0_0_0_0_0757144_fu_1336   |  20|   0|   20|          0|
    |p_0_0_0_0_0793108_fu_1264   |  20|   0|   20|          0|
    |p_0_0_0_0_082972_fu_1192    |  20|   0|   20|          0|
    |p_0_0_0_0_086536_fu_1120    |  20|   0|   20|          0|
    |p_0_10_0_0_0129772_fu_2592  |  20|   0|   20|          0|
    |p_0_10_0_0_0165736_fu_2520  |  20|   0|   20|          0|
    |p_0_10_0_0_0201700_fu_2448  |  20|   0|   20|          0|
    |p_0_10_0_0_021880_fu_2808   |  20|   0|   20|          0|
    |p_0_10_0_0_0237664_fu_2376  |  20|   0|   20|          0|
    |p_0_10_0_0_0273628_fu_2304  |  20|   0|   20|          0|
    |p_0_10_0_0_0309592_fu_2232  |  20|   0|   20|          0|
    |p_0_10_0_0_0345556_fu_2160  |  20|   0|   20|          0|
    |p_0_10_0_0_0381520_fu_2088  |  20|   0|   20|          0|
    |p_0_10_0_0_0417484_fu_2016  |  20|   0|   20|          0|
    |p_0_10_0_0_0453448_fu_1944  |  20|   0|   20|          0|
    |p_0_10_0_0_0489412_fu_1872  |  20|   0|   20|          0|
    |p_0_10_0_0_0525376_fu_1800  |  20|   0|   20|          0|
    |p_0_10_0_0_0561340_fu_1728  |  20|   0|   20|          0|
    |p_0_10_0_0_057844_fu_2736   |  20|   0|   20|          0|
    |p_0_10_0_0_0597304_fu_1656  |  20|   0|   20|          0|
    |p_0_10_0_0_0633268_fu_1584  |  20|   0|   20|          0|
    |p_0_10_0_0_0669232_fu_1512  |  20|   0|   20|          0|
    |p_0_10_0_0_0705196_fu_1440  |  20|   0|   20|          0|
    |p_0_10_0_0_0741160_fu_1368  |  20|   0|   20|          0|
    |p_0_10_0_0_0777124_fu_1296  |  20|   0|   20|          0|
    |p_0_10_0_0_081388_fu_1224   |  20|   0|   20|          0|
    |p_0_10_0_0_084952_fu_1152   |  20|   0|   20|          0|
    |p_0_10_0_0_088516_fu_1080   |  20|   0|   20|          0|
    |p_0_10_0_0_093808_fu_2664   |  20|   0|   20|          0|
    |p_0_11_0_0_0131770_fu_2588  |  20|   0|   20|          0|
    |p_0_11_0_0_0167734_fu_2516  |  20|   0|   20|          0|
    |p_0_11_0_0_0203698_fu_2444  |  20|   0|   20|          0|
    |p_0_11_0_0_023878_fu_2804   |  20|   0|   20|          0|
    |p_0_11_0_0_0239662_fu_2372  |  20|   0|   20|          0|
    |p_0_11_0_0_0275626_fu_2300  |  20|   0|   20|          0|
    |p_0_11_0_0_0311590_fu_2228  |  20|   0|   20|          0|
    |p_0_11_0_0_0347554_fu_2156  |  20|   0|   20|          0|
    |p_0_11_0_0_0383518_fu_2084  |  20|   0|   20|          0|
    |p_0_11_0_0_0419482_fu_2012  |  20|   0|   20|          0|
    |p_0_11_0_0_0455446_fu_1940  |  20|   0|   20|          0|
    |p_0_11_0_0_0491410_fu_1868  |  20|   0|   20|          0|
    |p_0_11_0_0_0527374_fu_1796  |  20|   0|   20|          0|
    |p_0_11_0_0_0563338_fu_1724  |  20|   0|   20|          0|
    |p_0_11_0_0_059842_fu_2732   |  20|   0|   20|          0|
    |p_0_11_0_0_0599302_fu_1652  |  20|   0|   20|          0|
    |p_0_11_0_0_0635266_fu_1580  |  20|   0|   20|          0|
    |p_0_11_0_0_0671230_fu_1508  |  20|   0|   20|          0|
    |p_0_11_0_0_0707194_fu_1436  |  20|   0|   20|          0|
    |p_0_11_0_0_0743158_fu_1364  |  20|   0|   20|          0|
    |p_0_11_0_0_0779122_fu_1292  |  20|   0|   20|          0|
    |p_0_11_0_0_081586_fu_1220   |  20|   0|   20|          0|
    |p_0_11_0_0_085150_fu_1148   |  20|   0|   20|          0|
    |p_0_11_0_0_088714_fu_1076   |  20|   0|   20|          0|
    |p_0_11_0_0_095806_fu_2660   |  20|   0|   20|          0|
    |p_0_12_0_0_0133768_fu_2584  |  20|   0|   20|          0|
    |p_0_12_0_0_0169732_fu_2512  |  20|   0|   20|          0|
    |p_0_12_0_0_0205696_fu_2440  |  20|   0|   20|          0|
    |p_0_12_0_0_0241660_fu_2368  |  20|   0|   20|          0|
    |p_0_12_0_0_025876_fu_2800   |  20|   0|   20|          0|
    |p_0_12_0_0_0277624_fu_2296  |  20|   0|   20|          0|
    |p_0_12_0_0_0313588_fu_2224  |  20|   0|   20|          0|
    |p_0_12_0_0_0349552_fu_2152  |  20|   0|   20|          0|
    |p_0_12_0_0_0385516_fu_2080  |  20|   0|   20|          0|
    |p_0_12_0_0_0421480_fu_2008  |  20|   0|   20|          0|
    |p_0_12_0_0_0457444_fu_1936  |  20|   0|   20|          0|
    |p_0_12_0_0_0493408_fu_1864  |  20|   0|   20|          0|
    |p_0_12_0_0_0529372_fu_1792  |  20|   0|   20|          0|
    |p_0_12_0_0_0565336_fu_1720  |  20|   0|   20|          0|
    |p_0_12_0_0_0601300_fu_1648  |  20|   0|   20|          0|
    |p_0_12_0_0_061840_fu_2728   |  20|   0|   20|          0|
    |p_0_12_0_0_0637264_fu_1576  |  20|   0|   20|          0|
    |p_0_12_0_0_0673228_fu_1504  |  20|   0|   20|          0|
    |p_0_12_0_0_0709192_fu_1432  |  20|   0|   20|          0|
    |p_0_12_0_0_0745156_fu_1360  |  20|   0|   20|          0|
    |p_0_12_0_0_0781120_fu_1288  |  20|   0|   20|          0|
    |p_0_12_0_0_081784_fu_1216   |  20|   0|   20|          0|
    |p_0_12_0_0_085348_fu_1144   |  20|   0|   20|          0|
    |p_0_12_0_0_088912_fu_1072   |  20|   0|   20|          0|
    |p_0_12_0_0_097804_fu_2656   |  20|   0|   20|          0|
    |p_0_13_0_0_0135766_fu_2580  |  20|   0|   20|          0|
    |p_0_13_0_0_0171730_fu_2508  |  20|   0|   20|          0|
    |p_0_13_0_0_0207694_fu_2436  |  20|   0|   20|          0|
    |p_0_13_0_0_0243658_fu_2364  |  20|   0|   20|          0|
    |p_0_13_0_0_027874_fu_2796   |  20|   0|   20|          0|
    |p_0_13_0_0_0279622_fu_2292  |  20|   0|   20|          0|
    |p_0_13_0_0_0315586_fu_2220  |  20|   0|   20|          0|
    |p_0_13_0_0_0351550_fu_2148  |  20|   0|   20|          0|
    |p_0_13_0_0_0387514_fu_2076  |  20|   0|   20|          0|
    |p_0_13_0_0_0423478_fu_2004  |  20|   0|   20|          0|
    |p_0_13_0_0_0459442_fu_1932  |  20|   0|   20|          0|
    |p_0_13_0_0_0495406_fu_1860  |  20|   0|   20|          0|
    |p_0_13_0_0_0531370_fu_1788  |  20|   0|   20|          0|
    |p_0_13_0_0_0567334_fu_1716  |  20|   0|   20|          0|
    |p_0_13_0_0_0603298_fu_1644  |  20|   0|   20|          0|
    |p_0_13_0_0_063838_fu_2724   |  20|   0|   20|          0|
    |p_0_13_0_0_0639262_fu_1572  |  20|   0|   20|          0|
    |p_0_13_0_0_0675226_fu_1500  |  20|   0|   20|          0|
    |p_0_13_0_0_0711190_fu_1428  |  20|   0|   20|          0|
    |p_0_13_0_0_0747154_fu_1356  |  20|   0|   20|          0|
    |p_0_13_0_0_0783118_fu_1284  |  20|   0|   20|          0|
    |p_0_13_0_0_081982_fu_1212   |  20|   0|   20|          0|
    |p_0_13_0_0_085546_fu_1140   |  20|   0|   20|          0|
    |p_0_13_0_0_089110_fu_1068   |  20|   0|   20|          0|
    |p_0_13_0_0_099802_fu_2652   |  20|   0|   20|          0|
    |p_0_14_0_0_0101800_fu_2648  |  20|   0|   20|          0|
    |p_0_14_0_0_0137764_fu_2576  |  20|   0|   20|          0|
    |p_0_14_0_0_0173728_fu_2504  |  20|   0|   20|          0|
    |p_0_14_0_0_0209692_fu_2432  |  20|   0|   20|          0|
    |p_0_14_0_0_0245656_fu_2360  |  20|   0|   20|          0|
    |p_0_14_0_0_0281620_fu_2288  |  20|   0|   20|          0|
    |p_0_14_0_0_029872_fu_2792   |  20|   0|   20|          0|
    |p_0_14_0_0_0317584_fu_2216  |  20|   0|   20|          0|
    |p_0_14_0_0_0353548_fu_2144  |  20|   0|   20|          0|
    |p_0_14_0_0_0389512_fu_2072  |  20|   0|   20|          0|
    |p_0_14_0_0_0425476_fu_2000  |  20|   0|   20|          0|
    |p_0_14_0_0_0461440_fu_1928  |  20|   0|   20|          0|
    |p_0_14_0_0_0497404_fu_1856  |  20|   0|   20|          0|
    |p_0_14_0_0_0533368_fu_1784  |  20|   0|   20|          0|
    |p_0_14_0_0_0569332_fu_1712  |  20|   0|   20|          0|
    |p_0_14_0_0_0605296_fu_1640  |  20|   0|   20|          0|
    |p_0_14_0_0_0641260_fu_1568  |  20|   0|   20|          0|
    |p_0_14_0_0_065836_fu_2720   |  20|   0|   20|          0|
    |p_0_14_0_0_0677224_fu_1496  |  20|   0|   20|          0|
    |p_0_14_0_0_0713188_fu_1424  |  20|   0|   20|          0|
    |p_0_14_0_0_0749152_fu_1352  |  20|   0|   20|          0|
    |p_0_14_0_0_0785116_fu_1280  |  20|   0|   20|          0|
    |p_0_14_0_0_082180_fu_1208   |  20|   0|   20|          0|
    |p_0_14_0_0_085744_fu_1136   |  20|   0|   20|          0|
    |p_0_14_0_0_08938_fu_1064    |  20|   0|   20|          0|
    |p_0_15_0_0_0103798_fu_2644  |  20|   0|   20|          0|
    |p_0_15_0_0_0139762_fu_2572  |  20|   0|   20|          0|
    |p_0_15_0_0_0175726_fu_2500  |  20|   0|   20|          0|
    |p_0_15_0_0_0211690_fu_2428  |  20|   0|   20|          0|
    |p_0_15_0_0_0247654_fu_2356  |  20|   0|   20|          0|
    |p_0_15_0_0_0283618_fu_2284  |  20|   0|   20|          0|
    |p_0_15_0_0_031870_fu_2788   |  20|   0|   20|          0|
    |p_0_15_0_0_0319582_fu_2212  |  20|   0|   20|          0|
    |p_0_15_0_0_0355546_fu_2140  |  20|   0|   20|          0|
    |p_0_15_0_0_0391510_fu_2068  |  20|   0|   20|          0|
    |p_0_15_0_0_0427474_fu_1996  |  20|   0|   20|          0|
    |p_0_15_0_0_0463438_fu_1924  |  20|   0|   20|          0|
    |p_0_15_0_0_0499402_fu_1852  |  20|   0|   20|          0|
    |p_0_15_0_0_0535366_fu_1780  |  20|   0|   20|          0|
    |p_0_15_0_0_0571330_fu_1708  |  20|   0|   20|          0|
    |p_0_15_0_0_0607294_fu_1636  |  20|   0|   20|          0|
    |p_0_15_0_0_0643258_fu_1564  |  20|   0|   20|          0|
    |p_0_15_0_0_067834_fu_2716   |  20|   0|   20|          0|
    |p_0_15_0_0_0679222_fu_1492  |  20|   0|   20|          0|
    |p_0_15_0_0_0715186_fu_1420  |  20|   0|   20|          0|
    |p_0_15_0_0_0751150_fu_1348  |  20|   0|   20|          0|
    |p_0_15_0_0_0787114_fu_1276  |  20|   0|   20|          0|
    |p_0_15_0_0_082378_fu_1204   |  20|   0|   20|          0|
    |p_0_15_0_0_085942_fu_1132   |  20|   0|   20|          0|
    |p_0_15_0_0_08956_fu_1060    |  20|   0|   20|          0|
    |p_0_16_0_0_0105796_fu_2640  |  20|   0|   20|          0|
    |p_0_16_0_0_0141760_fu_2568  |  20|   0|   20|          0|
    |p_0_16_0_0_0177724_fu_2496  |  20|   0|   20|          0|
    |p_0_16_0_0_0213688_fu_2424  |  20|   0|   20|          0|
    |p_0_16_0_0_0249652_fu_2352  |  20|   0|   20|          0|
    |p_0_16_0_0_0285616_fu_2280  |  20|   0|   20|          0|
    |p_0_16_0_0_0321580_fu_2208  |  20|   0|   20|          0|
    |p_0_16_0_0_033868_fu_2784   |  20|   0|   20|          0|
    |p_0_16_0_0_0357544_fu_2136  |  20|   0|   20|          0|
    |p_0_16_0_0_0393508_fu_2064  |  20|   0|   20|          0|
    |p_0_16_0_0_0429472_fu_1992  |  20|   0|   20|          0|
    |p_0_16_0_0_0465436_fu_1920  |  20|   0|   20|          0|
    |p_0_16_0_0_0501400_fu_1848  |  20|   0|   20|          0|
    |p_0_16_0_0_0537364_fu_1776  |  20|   0|   20|          0|
    |p_0_16_0_0_0573328_fu_1704  |  20|   0|   20|          0|
    |p_0_16_0_0_0609292_fu_1632  |  20|   0|   20|          0|
    |p_0_16_0_0_0645256_fu_1560  |  20|   0|   20|          0|
    |p_0_16_0_0_0681220_fu_1488  |  20|   0|   20|          0|
    |p_0_16_0_0_069832_fu_2712   |  20|   0|   20|          0|
    |p_0_16_0_0_0717184_fu_1416  |  20|   0|   20|          0|
    |p_0_16_0_0_0753148_fu_1344  |  20|   0|   20|          0|
    |p_0_16_0_0_0789112_fu_1272  |  20|   0|   20|          0|
    |p_0_16_0_0_082576_fu_1200   |  20|   0|   20|          0|
    |p_0_16_0_0_086140_fu_1128   |  20|   0|   20|          0|
    |p_0_16_0_0_08974_fu_1056    |  20|   0|   20|          0|
    |p_0_17_0_0_0107794_fu_2636  |  20|   0|   20|          0|
    |p_0_17_0_0_0143758_fu_2564  |  20|   0|   20|          0|
    |p_0_17_0_0_0179722_fu_2492  |  20|   0|   20|          0|
    |p_0_17_0_0_0215686_fu_2420  |  20|   0|   20|          0|
    |p_0_17_0_0_0251650_fu_2348  |  20|   0|   20|          0|
    |p_0_17_0_0_0287614_fu_2276  |  20|   0|   20|          0|
    |p_0_17_0_0_0323578_fu_2204  |  20|   0|   20|          0|
    |p_0_17_0_0_035866_fu_2780   |  20|   0|   20|          0|
    |p_0_17_0_0_0359542_fu_2132  |  20|   0|   20|          0|
    |p_0_17_0_0_0395506_fu_2060  |  20|   0|   20|          0|
    |p_0_17_0_0_0431470_fu_1988  |  20|   0|   20|          0|
    |p_0_17_0_0_0467434_fu_1916  |  20|   0|   20|          0|
    |p_0_17_0_0_0503398_fu_1844  |  20|   0|   20|          0|
    |p_0_17_0_0_0539362_fu_1772  |  20|   0|   20|          0|
    |p_0_17_0_0_0575326_fu_1700  |  20|   0|   20|          0|
    |p_0_17_0_0_0611290_fu_1628  |  20|   0|   20|          0|
    |p_0_17_0_0_0647254_fu_1556  |  20|   0|   20|          0|
    |p_0_17_0_0_0683218_fu_1484  |  20|   0|   20|          0|
    |p_0_17_0_0_071830_fu_2708   |  20|   0|   20|          0|
    |p_0_17_0_0_0719182_fu_1412  |  20|   0|   20|          0|
    |p_0_17_0_0_0755146_fu_1340  |  20|   0|   20|          0|
    |p_0_17_0_0_0791110_fu_1268  |  20|   0|   20|          0|
    |p_0_17_0_0_082774_fu_1196   |  20|   0|   20|          0|
    |p_0_17_0_0_086338_fu_1124   |  20|   0|   20|          0|
    |p_0_17_0_0_08992_fu_1052    |  20|   0|   20|          0|
    |p_0_1_0_0_0111790_fu_2628   |  20|   0|   20|          0|
    |p_0_1_0_0_0147754_fu_2556   |  20|   0|   20|          0|
    |p_0_1_0_0_0183718_fu_2484   |  20|   0|   20|          0|
    |p_0_1_0_0_0219682_fu_2412   |  20|   0|   20|          0|
    |p_0_1_0_0_0255646_fu_2340   |  20|   0|   20|          0|
    |p_0_1_0_0_0291610_fu_2268   |  20|   0|   20|          0|
    |p_0_1_0_0_0327574_fu_2196   |  20|   0|   20|          0|
    |p_0_1_0_0_0363538_fu_2124   |  20|   0|   20|          0|
    |p_0_1_0_0_03898_fu_2844     |  20|   0|   20|          0|
    |p_0_1_0_0_039862_fu_2772    |  20|   0|   20|          0|
    |p_0_1_0_0_0399502_fu_2052   |  20|   0|   20|          0|
    |p_0_1_0_0_0435466_fu_1980   |  20|   0|   20|          0|
    |p_0_1_0_0_0471430_fu_1908   |  20|   0|   20|          0|
    |p_0_1_0_0_0507394_fu_1836   |  20|   0|   20|          0|
    |p_0_1_0_0_0543358_fu_1764   |  20|   0|   20|          0|
    |p_0_1_0_0_0579322_fu_1692   |  20|   0|   20|          0|
    |p_0_1_0_0_0615286_fu_1620   |  20|   0|   20|          0|
    |p_0_1_0_0_0651250_fu_1548   |  20|   0|   20|          0|
    |p_0_1_0_0_0687214_fu_1476   |  20|   0|   20|          0|
    |p_0_1_0_0_0723178_fu_1404   |  20|   0|   20|          0|
    |p_0_1_0_0_075826_fu_2700    |  20|   0|   20|          0|
    |p_0_1_0_0_0759142_fu_1332   |  20|   0|   20|          0|
    |p_0_1_0_0_0795106_fu_1260   |  20|   0|   20|          0|
    |p_0_1_0_0_083170_fu_1188    |  20|   0|   20|          0|
    |p_0_1_0_0_086734_fu_1116    |  20|   0|   20|          0|
    |p_0_2_0_0_0113788_fu_2624   |  20|   0|   20|          0|
    |p_0_2_0_0_0149752_fu_2552   |  20|   0|   20|          0|
    |p_0_2_0_0_0185716_fu_2480   |  20|   0|   20|          0|
    |p_0_2_0_0_0221680_fu_2408   |  20|   0|   20|          0|
    |p_0_2_0_0_0257644_fu_2336   |  20|   0|   20|          0|
    |p_0_2_0_0_0293608_fu_2264   |  20|   0|   20|          0|
    |p_0_2_0_0_0329572_fu_2192   |  20|   0|   20|          0|
    |p_0_2_0_0_0365536_fu_2120   |  20|   0|   20|          0|
    |p_0_2_0_0_0401500_fu_2048   |  20|   0|   20|          0|
    |p_0_2_0_0_041860_fu_2768    |  20|   0|   20|          0|
    |p_0_2_0_0_0437464_fu_1976   |  20|   0|   20|          0|
    |p_0_2_0_0_0473428_fu_1904   |  20|   0|   20|          0|
    |p_0_2_0_0_0509392_fu_1832   |  20|   0|   20|          0|
    |p_0_2_0_0_0545356_fu_1760   |  20|   0|   20|          0|
    |p_0_2_0_0_0581320_fu_1688   |  20|   0|   20|          0|
    |p_0_2_0_0_05896_fu_2840     |  20|   0|   20|          0|
    |p_0_2_0_0_0617284_fu_1616   |  20|   0|   20|          0|
    |p_0_2_0_0_0653248_fu_1544   |  20|   0|   20|          0|
    |p_0_2_0_0_0689212_fu_1472   |  20|   0|   20|          0|
    |p_0_2_0_0_0725176_fu_1400   |  20|   0|   20|          0|
    |p_0_2_0_0_0761140_fu_1328   |  20|   0|   20|          0|
    |p_0_2_0_0_077824_fu_2696    |  20|   0|   20|          0|
    |p_0_2_0_0_0797104_fu_1256   |  20|   0|   20|          0|
    |p_0_2_0_0_083368_fu_1184    |  20|   0|   20|          0|
    |p_0_2_0_0_086932_fu_1112    |  20|   0|   20|          0|
    |p_0_3_0_0_0115786_fu_2620   |  20|   0|   20|          0|
    |p_0_3_0_0_0151750_fu_2548   |  20|   0|   20|          0|
    |p_0_3_0_0_0187714_fu_2476   |  20|   0|   20|          0|
    |p_0_3_0_0_0223678_fu_2404   |  20|   0|   20|          0|
    |p_0_3_0_0_0259642_fu_2332   |  20|   0|   20|          0|
    |p_0_3_0_0_0295606_fu_2260   |  20|   0|   20|          0|
    |p_0_3_0_0_0331570_fu_2188   |  20|   0|   20|          0|
    |p_0_3_0_0_0367534_fu_2116   |  20|   0|   20|          0|
    |p_0_3_0_0_0403498_fu_2044   |  20|   0|   20|          0|
    |p_0_3_0_0_043858_fu_2764    |  20|   0|   20|          0|
    |p_0_3_0_0_0439462_fu_1972   |  20|   0|   20|          0|
    |p_0_3_0_0_0475426_fu_1900   |  20|   0|   20|          0|
    |p_0_3_0_0_0511390_fu_1828   |  20|   0|   20|          0|
    |p_0_3_0_0_0547354_fu_1756   |  20|   0|   20|          0|
    |p_0_3_0_0_0583318_fu_1684   |  20|   0|   20|          0|
    |p_0_3_0_0_0619282_fu_1612   |  20|   0|   20|          0|
    |p_0_3_0_0_0655246_fu_1540   |  20|   0|   20|          0|
    |p_0_3_0_0_0691210_fu_1468   |  20|   0|   20|          0|
    |p_0_3_0_0_0727174_fu_1396   |  20|   0|   20|          0|
    |p_0_3_0_0_0763138_fu_1324   |  20|   0|   20|          0|
    |p_0_3_0_0_07894_fu_2836     |  20|   0|   20|          0|
    |p_0_3_0_0_079822_fu_2692    |  20|   0|   20|          0|
    |p_0_3_0_0_0799102_fu_1252   |  20|   0|   20|          0|
    |p_0_3_0_0_083566_fu_1180    |  20|   0|   20|          0|
    |p_0_3_0_0_087130_fu_1108    |  20|   0|   20|          0|
    |p_0_4_0_0_0117784_fu_2616   |  20|   0|   20|          0|
    |p_0_4_0_0_0153748_fu_2544   |  20|   0|   20|          0|
    |p_0_4_0_0_0189712_fu_2472   |  20|   0|   20|          0|
    |p_0_4_0_0_0225676_fu_2400   |  20|   0|   20|          0|
    |p_0_4_0_0_0261640_fu_2328   |  20|   0|   20|          0|
    |p_0_4_0_0_0297604_fu_2256   |  20|   0|   20|          0|
    |p_0_4_0_0_0333568_fu_2184   |  20|   0|   20|          0|
    |p_0_4_0_0_0369532_fu_2112   |  20|   0|   20|          0|
    |p_0_4_0_0_0405496_fu_2040   |  20|   0|   20|          0|
    |p_0_4_0_0_0441460_fu_1968   |  20|   0|   20|          0|
    |p_0_4_0_0_045856_fu_2760    |  20|   0|   20|          0|
    |p_0_4_0_0_0477424_fu_1896   |  20|   0|   20|          0|
    |p_0_4_0_0_0513388_fu_1824   |  20|   0|   20|          0|
    |p_0_4_0_0_0549352_fu_1752   |  20|   0|   20|          0|
    |p_0_4_0_0_0585316_fu_1680   |  20|   0|   20|          0|
    |p_0_4_0_0_0621280_fu_1608   |  20|   0|   20|          0|
    |p_0_4_0_0_0657244_fu_1536   |  20|   0|   20|          0|
    |p_0_4_0_0_0693208_fu_1464   |  20|   0|   20|          0|
    |p_0_4_0_0_0729172_fu_1392   |  20|   0|   20|          0|
    |p_0_4_0_0_0765136_fu_1320   |  20|   0|   20|          0|
    |p_0_4_0_0_0801100_fu_1248   |  20|   0|   20|          0|
    |p_0_4_0_0_081820_fu_2688    |  20|   0|   20|          0|
    |p_0_4_0_0_083764_fu_1176    |  20|   0|   20|          0|
    |p_0_4_0_0_087328_fu_1104    |  20|   0|   20|          0|
    |p_0_4_0_0_09892_fu_2832     |  20|   0|   20|          0|
    |p_0_5_0_0_011890_fu_2828    |  20|   0|   20|          0|
    |p_0_5_0_0_0119782_fu_2612   |  20|   0|   20|          0|
    |p_0_5_0_0_0155746_fu_2540   |  20|   0|   20|          0|
    |p_0_5_0_0_0191710_fu_2468   |  20|   0|   20|          0|
    |p_0_5_0_0_0227674_fu_2396   |  20|   0|   20|          0|
    |p_0_5_0_0_0263638_fu_2324   |  20|   0|   20|          0|
    |p_0_5_0_0_0299602_fu_2252   |  20|   0|   20|          0|
    |p_0_5_0_0_0335566_fu_2180   |  20|   0|   20|          0|
    |p_0_5_0_0_0371530_fu_2108   |  20|   0|   20|          0|
    |p_0_5_0_0_0407494_fu_2036   |  20|   0|   20|          0|
    |p_0_5_0_0_0443458_fu_1964   |  20|   0|   20|          0|
    |p_0_5_0_0_047854_fu_2756    |  20|   0|   20|          0|
    |p_0_5_0_0_0479422_fu_1892   |  20|   0|   20|          0|
    |p_0_5_0_0_0515386_fu_1820   |  20|   0|   20|          0|
    |p_0_5_0_0_0551350_fu_1748   |  20|   0|   20|          0|
    |p_0_5_0_0_0587314_fu_1676   |  20|   0|   20|          0|
    |p_0_5_0_0_0623278_fu_1604   |  20|   0|   20|          0|
    |p_0_5_0_0_0659242_fu_1532   |  20|   0|   20|          0|
    |p_0_5_0_0_0695206_fu_1460   |  20|   0|   20|          0|
    |p_0_5_0_0_0731170_fu_1388   |  20|   0|   20|          0|
    |p_0_5_0_0_0767134_fu_1316   |  20|   0|   20|          0|
    |p_0_5_0_0_080398_fu_1244    |  20|   0|   20|          0|
    |p_0_5_0_0_083818_fu_2684    |  20|   0|   20|          0|
    |p_0_5_0_0_083962_fu_1172    |  20|   0|   20|          0|
    |p_0_5_0_0_087526_fu_1100    |  20|   0|   20|          0|
    |p_0_6_0_0_0121780_fu_2608   |  20|   0|   20|          0|
    |p_0_6_0_0_013888_fu_2824    |  20|   0|   20|          0|
    |p_0_6_0_0_0157744_fu_2536   |  20|   0|   20|          0|
    |p_0_6_0_0_0193708_fu_2464   |  20|   0|   20|          0|
    |p_0_6_0_0_0229672_fu_2392   |  20|   0|   20|          0|
    |p_0_6_0_0_0265636_fu_2320   |  20|   0|   20|          0|
    |p_0_6_0_0_0301600_fu_2248   |  20|   0|   20|          0|
    |p_0_6_0_0_0337564_fu_2176   |  20|   0|   20|          0|
    |p_0_6_0_0_0373528_fu_2104   |  20|   0|   20|          0|
    |p_0_6_0_0_0409492_fu_2032   |  20|   0|   20|          0|
    |p_0_6_0_0_0445456_fu_1960   |  20|   0|   20|          0|
    |p_0_6_0_0_0481420_fu_1888   |  20|   0|   20|          0|
    |p_0_6_0_0_049852_fu_2752    |  20|   0|   20|          0|
    |p_0_6_0_0_0517384_fu_1816   |  20|   0|   20|          0|
    |p_0_6_0_0_0553348_fu_1744   |  20|   0|   20|          0|
    |p_0_6_0_0_0589312_fu_1672   |  20|   0|   20|          0|
    |p_0_6_0_0_0625276_fu_1600   |  20|   0|   20|          0|
    |p_0_6_0_0_0661240_fu_1528   |  20|   0|   20|          0|
    |p_0_6_0_0_0697204_fu_1456   |  20|   0|   20|          0|
    |p_0_6_0_0_0733168_fu_1384   |  20|   0|   20|          0|
    |p_0_6_0_0_0769132_fu_1312   |  20|   0|   20|          0|
    |p_0_6_0_0_080596_fu_1240    |  20|   0|   20|          0|
    |p_0_6_0_0_084160_fu_1168    |  20|   0|   20|          0|
    |p_0_6_0_0_085816_fu_2680    |  20|   0|   20|          0|
    |p_0_6_0_0_087724_fu_1096    |  20|   0|   20|          0|
    |p_0_7_0_0_0123778_fu_2604   |  20|   0|   20|          0|
    |p_0_7_0_0_015886_fu_2820    |  20|   0|   20|          0|
    |p_0_7_0_0_0159742_fu_2532   |  20|   0|   20|          0|
    |p_0_7_0_0_0195706_fu_2460   |  20|   0|   20|          0|
    |p_0_7_0_0_0231670_fu_2388   |  20|   0|   20|          0|
    |p_0_7_0_0_0267634_fu_2316   |  20|   0|   20|          0|
    |p_0_7_0_0_0303598_fu_2244   |  20|   0|   20|          0|
    |p_0_7_0_0_0339562_fu_2172   |  20|   0|   20|          0|
    |p_0_7_0_0_0375526_fu_2100   |  20|   0|   20|          0|
    |p_0_7_0_0_0411490_fu_2028   |  20|   0|   20|          0|
    |p_0_7_0_0_0447454_fu_1956   |  20|   0|   20|          0|
    |p_0_7_0_0_0483418_fu_1884   |  20|   0|   20|          0|
    |p_0_7_0_0_051850_fu_2748    |  20|   0|   20|          0|
    |p_0_7_0_0_0519382_fu_1812   |  20|   0|   20|          0|
    |p_0_7_0_0_0555346_fu_1740   |  20|   0|   20|          0|
    |p_0_7_0_0_0591310_fu_1668   |  20|   0|   20|          0|
    |p_0_7_0_0_0627274_fu_1596   |  20|   0|   20|          0|
    |p_0_7_0_0_0663238_fu_1524   |  20|   0|   20|          0|
    |p_0_7_0_0_0699202_fu_1452   |  20|   0|   20|          0|
    |p_0_7_0_0_0735166_fu_1380   |  20|   0|   20|          0|
    |p_0_7_0_0_0771130_fu_1308   |  20|   0|   20|          0|
    |p_0_7_0_0_080794_fu_1236    |  20|   0|   20|          0|
    |p_0_7_0_0_084358_fu_1164    |  20|   0|   20|          0|
    |p_0_7_0_0_087814_fu_2676    |  20|   0|   20|          0|
    |p_0_7_0_0_087922_fu_1092    |  20|   0|   20|          0|
    |p_0_8_0_0_0125776_fu_2600   |  20|   0|   20|          0|
    |p_0_8_0_0_0161740_fu_2528   |  20|   0|   20|          0|
    |p_0_8_0_0_017884_fu_2816    |  20|   0|   20|          0|
    |p_0_8_0_0_0197704_fu_2456   |  20|   0|   20|          0|
    |p_0_8_0_0_0233668_fu_2384   |  20|   0|   20|          0|
    |p_0_8_0_0_0269632_fu_2312   |  20|   0|   20|          0|
    |p_0_8_0_0_0305596_fu_2240   |  20|   0|   20|          0|
    |p_0_8_0_0_0341560_fu_2168   |  20|   0|   20|          0|
    |p_0_8_0_0_0377524_fu_2096   |  20|   0|   20|          0|
    |p_0_8_0_0_0413488_fu_2024   |  20|   0|   20|          0|
    |p_0_8_0_0_0449452_fu_1952   |  20|   0|   20|          0|
    |p_0_8_0_0_0485416_fu_1880   |  20|   0|   20|          0|
    |p_0_8_0_0_0521380_fu_1808   |  20|   0|   20|          0|
    |p_0_8_0_0_053848_fu_2744    |  20|   0|   20|          0|
    |p_0_8_0_0_0557344_fu_1736   |  20|   0|   20|          0|
    |p_0_8_0_0_0593308_fu_1664   |  20|   0|   20|          0|
    |p_0_8_0_0_0629272_fu_1592   |  20|   0|   20|          0|
    |p_0_8_0_0_0665236_fu_1520   |  20|   0|   20|          0|
    |p_0_8_0_0_0701200_fu_1448   |  20|   0|   20|          0|
    |p_0_8_0_0_0737164_fu_1376   |  20|   0|   20|          0|
    |p_0_8_0_0_0773128_fu_1304   |  20|   0|   20|          0|
    |p_0_8_0_0_080992_fu_1232    |  20|   0|   20|          0|
    |p_0_8_0_0_084556_fu_1160    |  20|   0|   20|          0|
    |p_0_8_0_0_088120_fu_1088    |  20|   0|   20|          0|
    |p_0_8_0_0_089812_fu_2672    |  20|   0|   20|          0|
    |p_0_9_0_0_0127774_fu_2596   |  20|   0|   20|          0|
    |p_0_9_0_0_0163738_fu_2524   |  20|   0|   20|          0|
    |p_0_9_0_0_019882_fu_2812    |  20|   0|   20|          0|
    |p_0_9_0_0_0199702_fu_2452   |  20|   0|   20|          0|
    |p_0_9_0_0_0235666_fu_2380   |  20|   0|   20|          0|
    |p_0_9_0_0_0271630_fu_2308   |  20|   0|   20|          0|
    |p_0_9_0_0_0307594_fu_2236   |  20|   0|   20|          0|
    |p_0_9_0_0_0343558_fu_2164   |  20|   0|   20|          0|
    |p_0_9_0_0_0379522_fu_2092   |  20|   0|   20|          0|
    |p_0_9_0_0_0415486_fu_2020   |  20|   0|   20|          0|
    |p_0_9_0_0_0451450_fu_1948   |  20|   0|   20|          0|
    |p_0_9_0_0_0487414_fu_1876   |  20|   0|   20|          0|
    |p_0_9_0_0_0523378_fu_1804   |  20|   0|   20|          0|
    |p_0_9_0_0_055846_fu_2740    |  20|   0|   20|          0|
    |p_0_9_0_0_0559342_fu_1732   |  20|   0|   20|          0|
    |p_0_9_0_0_0595306_fu_1660   |  20|   0|   20|          0|
    |p_0_9_0_0_0631270_fu_1588   |  20|   0|   20|          0|
    |p_0_9_0_0_0667234_fu_1516   |  20|   0|   20|          0|
    |p_0_9_0_0_0703198_fu_1444   |  20|   0|   20|          0|
    |p_0_9_0_0_0739162_fu_1372   |  20|   0|   20|          0|
    |p_0_9_0_0_0775126_fu_1300   |  20|   0|   20|          0|
    |p_0_9_0_0_081190_fu_1228    |  20|   0|   20|          0|
    |p_0_9_0_0_084754_fu_1156    |  20|   0|   20|          0|
    |p_0_9_0_0_088318_fu_1084    |  20|   0|   20|          0|
    |p_0_9_0_0_091810_fu_2668    |  20|   0|   20|          0|
    +----------------------------+----+----+-----+-----------+
    |Total                       |9007|   0| 9007|          0|
    +----------------------------+----+----+-----+-----------+



================================================================
== Interface
================================================================
* Summary: 
+---------------------------+-----+-----+------------+----------------------------------------------------------------------------+--------------+
|         RTL Ports         | Dir | Bits|  Protocol  |                                Source Object                               |    C Type    |
+---------------------------+-----+-----+------------+----------------------------------------------------------------------------+--------------+
|ap_clk                     |   in|    1|  ap_ctrl_hs|  dense<array,array<ap_fixed<24,12,5,3,0>,7u>,config12>_Pipeline_DataPrepare|  return value|
|ap_rst                     |   in|    1|  ap_ctrl_hs|  dense<array,array<ap_fixed<24,12,5,3,0>,7u>,config12>_Pipeline_DataPrepare|  return value|
|ap_start                   |   in|    1|  ap_ctrl_hs|  dense<array,array<ap_fixed<24,12,5,3,0>,7u>,config12>_Pipeline_DataPrepare|  return value|
|ap_done                    |  out|    1|  ap_ctrl_hs|  dense<array,array<ap_fixed<24,12,5,3,0>,7u>,config12>_Pipeline_DataPrepare|  return value|
|ap_idle                    |  out|    1|  ap_ctrl_hs|  dense<array,array<ap_fixed<24,12,5,3,0>,7u>,config12>_Pipeline_DataPrepare|  return value|
|ap_ready                   |  out|    1|  ap_ctrl_hs|  dense<array,array<ap_fixed<24,12,5,3,0>,7u>,config12>_Pipeline_DataPrepare|  return value|
|layer9_out_dout            |   in|  360|     ap_fifo|                                                                  layer9_out|       pointer|
|layer9_out_num_data_valid  |   in|    6|     ap_fifo|                                                                  layer9_out|       pointer|
|layer9_out_fifo_cap        |   in|    6|     ap_fifo|                                                                  layer9_out|       pointer|
|layer9_out_empty_n         |   in|    1|     ap_fifo|                                                                  layer9_out|       pointer|
|layer9_out_read            |  out|    1|     ap_fifo|                                                                  layer9_out|       pointer|
|data_449_out               |  out|   20|      ap_vld|                                                                data_449_out|       pointer|
|data_449_out_ap_vld        |  out|    1|      ap_vld|                                                                data_449_out|       pointer|
|data_448_out               |  out|   20|      ap_vld|                                                                data_448_out|       pointer|
|data_448_out_ap_vld        |  out|    1|      ap_vld|                                                                data_448_out|       pointer|
|data_447_out               |  out|   20|      ap_vld|                                                                data_447_out|       pointer|
|data_447_out_ap_vld        |  out|    1|      ap_vld|                                                                data_447_out|       pointer|
|data_446_out               |  out|   20|      ap_vld|                                                                data_446_out|       pointer|
|data_446_out_ap_vld        |  out|    1|      ap_vld|                                                                data_446_out|       pointer|
|data_445_out               |  out|   20|      ap_vld|                                                                data_445_out|       pointer|
|data_445_out_ap_vld        |  out|    1|      ap_vld|                                                                data_445_out|       pointer|
|data_444_out               |  out|   20|      ap_vld|                                                                data_444_out|       pointer|
|data_444_out_ap_vld        |  out|    1|      ap_vld|                                                                data_444_out|       pointer|
|data_443_out               |  out|   20|      ap_vld|                                                                data_443_out|       pointer|
|data_443_out_ap_vld        |  out|    1|      ap_vld|                                                                data_443_out|       pointer|
|data_442_out               |  out|   20|      ap_vld|                                                                data_442_out|       pointer|
|data_442_out_ap_vld        |  out|    1|      ap_vld|                                                                data_442_out|       pointer|
|data_441_out               |  out|   20|      ap_vld|                                                                data_441_out|       pointer|
|data_441_out_ap_vld        |  out|    1|      ap_vld|                                                                data_441_out|       pointer|
|data_440_out               |  out|   20|      ap_vld|                                                                data_440_out|       pointer|
|data_440_out_ap_vld        |  out|    1|      ap_vld|                                                                data_440_out|       pointer|
|data_439_out               |  out|   20|      ap_vld|                                                                data_439_out|       pointer|
|data_439_out_ap_vld        |  out|    1|      ap_vld|                                                                data_439_out|       pointer|
|data_438_out               |  out|   20|      ap_vld|                                                                data_438_out|       pointer|
|data_438_out_ap_vld        |  out|    1|      ap_vld|                                                                data_438_out|       pointer|
|data_437_out               |  out|   20|      ap_vld|                                                                data_437_out|       pointer|
|data_437_out_ap_vld        |  out|    1|      ap_vld|                                                                data_437_out|       pointer|
|data_436_out               |  out|   20|      ap_vld|                                                                data_436_out|       pointer|
|data_436_out_ap_vld        |  out|    1|      ap_vld|                                                                data_436_out|       pointer|
|data_435_out               |  out|   20|      ap_vld|                                                                data_435_out|       pointer|
|data_435_out_ap_vld        |  out|    1|      ap_vld|                                                                data_435_out|       pointer|
|data_434_out               |  out|   20|      ap_vld|                                                                data_434_out|       pointer|
|data_434_out_ap_vld        |  out|    1|      ap_vld|                                                                data_434_out|       pointer|
|data_433_out               |  out|   20|      ap_vld|                                                                data_433_out|       pointer|
|data_433_out_ap_vld        |  out|    1|      ap_vld|                                                                data_433_out|       pointer|
|data_432_out               |  out|   20|      ap_vld|                                                                data_432_out|       pointer|
|data_432_out_ap_vld        |  out|    1|      ap_vld|                                                                data_432_out|       pointer|
|data_431_out               |  out|   20|      ap_vld|                                                                data_431_out|       pointer|
|data_431_out_ap_vld        |  out|    1|      ap_vld|                                                                data_431_out|       pointer|
|data_430_out               |  out|   20|      ap_vld|                                                                data_430_out|       pointer|
|data_430_out_ap_vld        |  out|    1|      ap_vld|                                                                data_430_out|       pointer|
|data_429_out               |  out|   20|      ap_vld|                                                                data_429_out|       pointer|
|data_429_out_ap_vld        |  out|    1|      ap_vld|                                                                data_429_out|       pointer|
|data_428_out               |  out|   20|      ap_vld|                                                                data_428_out|       pointer|
|data_428_out_ap_vld        |  out|    1|      ap_vld|                                                                data_428_out|       pointer|
|data_427_out               |  out|   20|      ap_vld|                                                                data_427_out|       pointer|
|data_427_out_ap_vld        |  out|    1|      ap_vld|                                                                data_427_out|       pointer|
|data_426_out               |  out|   20|      ap_vld|                                                                data_426_out|       pointer|
|data_426_out_ap_vld        |  out|    1|      ap_vld|                                                                data_426_out|       pointer|
|data_425_out               |  out|   20|      ap_vld|                                                                data_425_out|       pointer|
|data_425_out_ap_vld        |  out|    1|      ap_vld|                                                                data_425_out|       pointer|
|data_424_out               |  out|   20|      ap_vld|                                                                data_424_out|       pointer|
|data_424_out_ap_vld        |  out|    1|      ap_vld|                                                                data_424_out|       pointer|
|data_423_out               |  out|   20|      ap_vld|                                                                data_423_out|       pointer|
|data_423_out_ap_vld        |  out|    1|      ap_vld|                                                                data_423_out|       pointer|
|data_422_out               |  out|   20|      ap_vld|                                                                data_422_out|       pointer|
|data_422_out_ap_vld        |  out|    1|      ap_vld|                                                                data_422_out|       pointer|
|data_421_out               |  out|   20|      ap_vld|                                                                data_421_out|       pointer|
|data_421_out_ap_vld        |  out|    1|      ap_vld|                                                                data_421_out|       pointer|
|data_420_out               |  out|   20|      ap_vld|                                                                data_420_out|       pointer|
|data_420_out_ap_vld        |  out|    1|      ap_vld|                                                                data_420_out|       pointer|
|data_419_out               |  out|   20|      ap_vld|                                                                data_419_out|       pointer|
|data_419_out_ap_vld        |  out|    1|      ap_vld|                                                                data_419_out|       pointer|
|data_418_out               |  out|   20|      ap_vld|                                                                data_418_out|       pointer|
|data_418_out_ap_vld        |  out|    1|      ap_vld|                                                                data_418_out|       pointer|
|data_417_out               |  out|   20|      ap_vld|                                                                data_417_out|       pointer|
|data_417_out_ap_vld        |  out|    1|      ap_vld|                                                                data_417_out|       pointer|
|data_416_out               |  out|   20|      ap_vld|                                                                data_416_out|       pointer|
|data_416_out_ap_vld        |  out|    1|      ap_vld|                                                                data_416_out|       pointer|
|data_415_out               |  out|   20|      ap_vld|                                                                data_415_out|       pointer|
|data_415_out_ap_vld        |  out|    1|      ap_vld|                                                                data_415_out|       pointer|
|data_414_out               |  out|   20|      ap_vld|                                                                data_414_out|       pointer|
|data_414_out_ap_vld        |  out|    1|      ap_vld|                                                                data_414_out|       pointer|
|data_413_out               |  out|   20|      ap_vld|                                                                data_413_out|       pointer|
|data_413_out_ap_vld        |  out|    1|      ap_vld|                                                                data_413_out|       pointer|
|data_412_out               |  out|   20|      ap_vld|                                                                data_412_out|       pointer|
|data_412_out_ap_vld        |  out|    1|      ap_vld|                                                                data_412_out|       pointer|
|data_411_out               |  out|   20|      ap_vld|                                                                data_411_out|       pointer|
|data_411_out_ap_vld        |  out|    1|      ap_vld|                                                                data_411_out|       pointer|
|data_410_out               |  out|   20|      ap_vld|                                                                data_410_out|       pointer|
|data_410_out_ap_vld        |  out|    1|      ap_vld|                                                                data_410_out|       pointer|
|data_409_out               |  out|   20|      ap_vld|                                                                data_409_out|       pointer|
|data_409_out_ap_vld        |  out|    1|      ap_vld|                                                                data_409_out|       pointer|
|data_408_out               |  out|   20|      ap_vld|                                                                data_408_out|       pointer|
|data_408_out_ap_vld        |  out|    1|      ap_vld|                                                                data_408_out|       pointer|
|data_407_out               |  out|   20|      ap_vld|                                                                data_407_out|       pointer|
|data_407_out_ap_vld        |  out|    1|      ap_vld|                                                                data_407_out|       pointer|
|data_406_out               |  out|   20|      ap_vld|                                                                data_406_out|       pointer|
|data_406_out_ap_vld        |  out|    1|      ap_vld|                                                                data_406_out|       pointer|
|data_405_out               |  out|   20|      ap_vld|                                                                data_405_out|       pointer|
|data_405_out_ap_vld        |  out|    1|      ap_vld|                                                                data_405_out|       pointer|
|data_404_out               |  out|   20|      ap_vld|                                                                data_404_out|       pointer|
|data_404_out_ap_vld        |  out|    1|      ap_vld|                                                                data_404_out|       pointer|
|data_403_out               |  out|   20|      ap_vld|                                                                data_403_out|       pointer|
|data_403_out_ap_vld        |  out|    1|      ap_vld|                                                                data_403_out|       pointer|
|data_402_out               |  out|   20|      ap_vld|                                                                data_402_out|       pointer|
|data_402_out_ap_vld        |  out|    1|      ap_vld|                                                                data_402_out|       pointer|
|data_401_out               |  out|   20|      ap_vld|                                                                data_401_out|       pointer|
|data_401_out_ap_vld        |  out|    1|      ap_vld|                                                                data_401_out|       pointer|
|data_400_out               |  out|   20|      ap_vld|                                                                data_400_out|       pointer|
|data_400_out_ap_vld        |  out|    1|      ap_vld|                                                                data_400_out|       pointer|
|data_399_out               |  out|   20|      ap_vld|                                                                data_399_out|       pointer|
|data_399_out_ap_vld        |  out|    1|      ap_vld|                                                                data_399_out|       pointer|
|data_398_out               |  out|   20|      ap_vld|                                                                data_398_out|       pointer|
|data_398_out_ap_vld        |  out|    1|      ap_vld|                                                                data_398_out|       pointer|
|data_397_out               |  out|   20|      ap_vld|                                                                data_397_out|       pointer|
|data_397_out_ap_vld        |  out|    1|      ap_vld|                                                                data_397_out|       pointer|
|data_396_out               |  out|   20|      ap_vld|                                                                data_396_out|       pointer|
|data_396_out_ap_vld        |  out|    1|      ap_vld|                                                                data_396_out|       pointer|
|data_395_out               |  out|   20|      ap_vld|                                                                data_395_out|       pointer|
|data_395_out_ap_vld        |  out|    1|      ap_vld|                                                                data_395_out|       pointer|
|data_394_out               |  out|   20|      ap_vld|                                                                data_394_out|       pointer|
|data_394_out_ap_vld        |  out|    1|      ap_vld|                                                                data_394_out|       pointer|
|data_393_out               |  out|   20|      ap_vld|                                                                data_393_out|       pointer|
|data_393_out_ap_vld        |  out|    1|      ap_vld|                                                                data_393_out|       pointer|
|data_392_out               |  out|   20|      ap_vld|                                                                data_392_out|       pointer|
|data_392_out_ap_vld        |  out|    1|      ap_vld|                                                                data_392_out|       pointer|
|data_391_out               |  out|   20|      ap_vld|                                                                data_391_out|       pointer|
|data_391_out_ap_vld        |  out|    1|      ap_vld|                                                                data_391_out|       pointer|
|data_390_out               |  out|   20|      ap_vld|                                                                data_390_out|       pointer|
|data_390_out_ap_vld        |  out|    1|      ap_vld|                                                                data_390_out|       pointer|
|data_389_out               |  out|   20|      ap_vld|                                                                data_389_out|       pointer|
|data_389_out_ap_vld        |  out|    1|      ap_vld|                                                                data_389_out|       pointer|
|data_388_out               |  out|   20|      ap_vld|                                                                data_388_out|       pointer|
|data_388_out_ap_vld        |  out|    1|      ap_vld|                                                                data_388_out|       pointer|
|data_387_out               |  out|   20|      ap_vld|                                                                data_387_out|       pointer|
|data_387_out_ap_vld        |  out|    1|      ap_vld|                                                                data_387_out|       pointer|
|data_386_out               |  out|   20|      ap_vld|                                                                data_386_out|       pointer|
|data_386_out_ap_vld        |  out|    1|      ap_vld|                                                                data_386_out|       pointer|
|data_385_out               |  out|   20|      ap_vld|                                                                data_385_out|       pointer|
|data_385_out_ap_vld        |  out|    1|      ap_vld|                                                                data_385_out|       pointer|
|data_384_out               |  out|   20|      ap_vld|                                                                data_384_out|       pointer|
|data_384_out_ap_vld        |  out|    1|      ap_vld|                                                                data_384_out|       pointer|
|data_383_out               |  out|   20|      ap_vld|                                                                data_383_out|       pointer|
|data_383_out_ap_vld        |  out|    1|      ap_vld|                                                                data_383_out|       pointer|
|data_382_out               |  out|   20|      ap_vld|                                                                data_382_out|       pointer|
|data_382_out_ap_vld        |  out|    1|      ap_vld|                                                                data_382_out|       pointer|
|data_381_out               |  out|   20|      ap_vld|                                                                data_381_out|       pointer|
|data_381_out_ap_vld        |  out|    1|      ap_vld|                                                                data_381_out|       pointer|
|data_380_out               |  out|   20|      ap_vld|                                                                data_380_out|       pointer|
|data_380_out_ap_vld        |  out|    1|      ap_vld|                                                                data_380_out|       pointer|
|data_379_out               |  out|   20|      ap_vld|                                                                data_379_out|       pointer|
|data_379_out_ap_vld        |  out|    1|      ap_vld|                                                                data_379_out|       pointer|
|data_378_out               |  out|   20|      ap_vld|                                                                data_378_out|       pointer|
|data_378_out_ap_vld        |  out|    1|      ap_vld|                                                                data_378_out|       pointer|
|data_377_out               |  out|   20|      ap_vld|                                                                data_377_out|       pointer|
|data_377_out_ap_vld        |  out|    1|      ap_vld|                                                                data_377_out|       pointer|
|data_376_out               |  out|   20|      ap_vld|                                                                data_376_out|       pointer|
|data_376_out_ap_vld        |  out|    1|      ap_vld|                                                                data_376_out|       pointer|
|data_375_out               |  out|   20|      ap_vld|                                                                data_375_out|       pointer|
|data_375_out_ap_vld        |  out|    1|      ap_vld|                                                                data_375_out|       pointer|
|data_374_out               |  out|   20|      ap_vld|                                                                data_374_out|       pointer|
|data_374_out_ap_vld        |  out|    1|      ap_vld|                                                                data_374_out|       pointer|
|data_373_out               |  out|   20|      ap_vld|                                                                data_373_out|       pointer|
|data_373_out_ap_vld        |  out|    1|      ap_vld|                                                                data_373_out|       pointer|
|data_372_out               |  out|   20|      ap_vld|                                                                data_372_out|       pointer|
|data_372_out_ap_vld        |  out|    1|      ap_vld|                                                                data_372_out|       pointer|
|data_371_out               |  out|   20|      ap_vld|                                                                data_371_out|       pointer|
|data_371_out_ap_vld        |  out|    1|      ap_vld|                                                                data_371_out|       pointer|
|data_370_out               |  out|   20|      ap_vld|                                                                data_370_out|       pointer|
|data_370_out_ap_vld        |  out|    1|      ap_vld|                                                                data_370_out|       pointer|
|data_369_out               |  out|   20|      ap_vld|                                                                data_369_out|       pointer|
|data_369_out_ap_vld        |  out|    1|      ap_vld|                                                                data_369_out|       pointer|
|data_368_out               |  out|   20|      ap_vld|                                                                data_368_out|       pointer|
|data_368_out_ap_vld        |  out|    1|      ap_vld|                                                                data_368_out|       pointer|
|data_367_out               |  out|   20|      ap_vld|                                                                data_367_out|       pointer|
|data_367_out_ap_vld        |  out|    1|      ap_vld|                                                                data_367_out|       pointer|
|data_366_out               |  out|   20|      ap_vld|                                                                data_366_out|       pointer|
|data_366_out_ap_vld        |  out|    1|      ap_vld|                                                                data_366_out|       pointer|
|data_365_out               |  out|   20|      ap_vld|                                                                data_365_out|       pointer|
|data_365_out_ap_vld        |  out|    1|      ap_vld|                                                                data_365_out|       pointer|
|data_364_out               |  out|   20|      ap_vld|                                                                data_364_out|       pointer|
|data_364_out_ap_vld        |  out|    1|      ap_vld|                                                                data_364_out|       pointer|
|data_363_out               |  out|   20|      ap_vld|                                                                data_363_out|       pointer|
|data_363_out_ap_vld        |  out|    1|      ap_vld|                                                                data_363_out|       pointer|
|data_362_out               |  out|   20|      ap_vld|                                                                data_362_out|       pointer|
|data_362_out_ap_vld        |  out|    1|      ap_vld|                                                                data_362_out|       pointer|
|data_361_out               |  out|   20|      ap_vld|                                                                data_361_out|       pointer|
|data_361_out_ap_vld        |  out|    1|      ap_vld|                                                                data_361_out|       pointer|
|data_360_out               |  out|   20|      ap_vld|                                                                data_360_out|       pointer|
|data_360_out_ap_vld        |  out|    1|      ap_vld|                                                                data_360_out|       pointer|
|data_359_out               |  out|   20|      ap_vld|                                                                data_359_out|       pointer|
|data_359_out_ap_vld        |  out|    1|      ap_vld|                                                                data_359_out|       pointer|
|data_358_out               |  out|   20|      ap_vld|                                                                data_358_out|       pointer|
|data_358_out_ap_vld        |  out|    1|      ap_vld|                                                                data_358_out|       pointer|
|data_357_out               |  out|   20|      ap_vld|                                                                data_357_out|       pointer|
|data_357_out_ap_vld        |  out|    1|      ap_vld|                                                                data_357_out|       pointer|
|data_356_out               |  out|   20|      ap_vld|                                                                data_356_out|       pointer|
|data_356_out_ap_vld        |  out|    1|      ap_vld|                                                                data_356_out|       pointer|
|data_355_out               |  out|   20|      ap_vld|                                                                data_355_out|       pointer|
|data_355_out_ap_vld        |  out|    1|      ap_vld|                                                                data_355_out|       pointer|
|data_354_out               |  out|   20|      ap_vld|                                                                data_354_out|       pointer|
|data_354_out_ap_vld        |  out|    1|      ap_vld|                                                                data_354_out|       pointer|
|data_353_out               |  out|   20|      ap_vld|                                                                data_353_out|       pointer|
|data_353_out_ap_vld        |  out|    1|      ap_vld|                                                                data_353_out|       pointer|
|data_352_out               |  out|   20|      ap_vld|                                                                data_352_out|       pointer|
|data_352_out_ap_vld        |  out|    1|      ap_vld|                                                                data_352_out|       pointer|
|data_351_out               |  out|   20|      ap_vld|                                                                data_351_out|       pointer|
|data_351_out_ap_vld        |  out|    1|      ap_vld|                                                                data_351_out|       pointer|
|data_350_out               |  out|   20|      ap_vld|                                                                data_350_out|       pointer|
|data_350_out_ap_vld        |  out|    1|      ap_vld|                                                                data_350_out|       pointer|
|data_349_out               |  out|   20|      ap_vld|                                                                data_349_out|       pointer|
|data_349_out_ap_vld        |  out|    1|      ap_vld|                                                                data_349_out|       pointer|
|data_348_out               |  out|   20|      ap_vld|                                                                data_348_out|       pointer|
|data_348_out_ap_vld        |  out|    1|      ap_vld|                                                                data_348_out|       pointer|
|data_347_out               |  out|   20|      ap_vld|                                                                data_347_out|       pointer|
|data_347_out_ap_vld        |  out|    1|      ap_vld|                                                                data_347_out|       pointer|
|data_346_out               |  out|   20|      ap_vld|                                                                data_346_out|       pointer|
|data_346_out_ap_vld        |  out|    1|      ap_vld|                                                                data_346_out|       pointer|
|data_345_out               |  out|   20|      ap_vld|                                                                data_345_out|       pointer|
|data_345_out_ap_vld        |  out|    1|      ap_vld|                                                                data_345_out|       pointer|
|data_344_out               |  out|   20|      ap_vld|                                                                data_344_out|       pointer|
|data_344_out_ap_vld        |  out|    1|      ap_vld|                                                                data_344_out|       pointer|
|data_343_out               |  out|   20|      ap_vld|                                                                data_343_out|       pointer|
|data_343_out_ap_vld        |  out|    1|      ap_vld|                                                                data_343_out|       pointer|
|data_342_out               |  out|   20|      ap_vld|                                                                data_342_out|       pointer|
|data_342_out_ap_vld        |  out|    1|      ap_vld|                                                                data_342_out|       pointer|
|data_341_out               |  out|   20|      ap_vld|                                                                data_341_out|       pointer|
|data_341_out_ap_vld        |  out|    1|      ap_vld|                                                                data_341_out|       pointer|
|data_340_out               |  out|   20|      ap_vld|                                                                data_340_out|       pointer|
|data_340_out_ap_vld        |  out|    1|      ap_vld|                                                                data_340_out|       pointer|
|data_339_out               |  out|   20|      ap_vld|                                                                data_339_out|       pointer|
|data_339_out_ap_vld        |  out|    1|      ap_vld|                                                                data_339_out|       pointer|
|data_338_out               |  out|   20|      ap_vld|                                                                data_338_out|       pointer|
|data_338_out_ap_vld        |  out|    1|      ap_vld|                                                                data_338_out|       pointer|
|data_337_out               |  out|   20|      ap_vld|                                                                data_337_out|       pointer|
|data_337_out_ap_vld        |  out|    1|      ap_vld|                                                                data_337_out|       pointer|
|data_336_out               |  out|   20|      ap_vld|                                                                data_336_out|       pointer|
|data_336_out_ap_vld        |  out|    1|      ap_vld|                                                                data_336_out|       pointer|
|data_335_out               |  out|   20|      ap_vld|                                                                data_335_out|       pointer|
|data_335_out_ap_vld        |  out|    1|      ap_vld|                                                                data_335_out|       pointer|
|data_334_out               |  out|   20|      ap_vld|                                                                data_334_out|       pointer|
|data_334_out_ap_vld        |  out|    1|      ap_vld|                                                                data_334_out|       pointer|
|data_333_out               |  out|   20|      ap_vld|                                                                data_333_out|       pointer|
|data_333_out_ap_vld        |  out|    1|      ap_vld|                                                                data_333_out|       pointer|
|data_332_out               |  out|   20|      ap_vld|                                                                data_332_out|       pointer|
|data_332_out_ap_vld        |  out|    1|      ap_vld|                                                                data_332_out|       pointer|
|data_331_out               |  out|   20|      ap_vld|                                                                data_331_out|       pointer|
|data_331_out_ap_vld        |  out|    1|      ap_vld|                                                                data_331_out|       pointer|
|data_330_out               |  out|   20|      ap_vld|                                                                data_330_out|       pointer|
|data_330_out_ap_vld        |  out|    1|      ap_vld|                                                                data_330_out|       pointer|
|data_329_out               |  out|   20|      ap_vld|                                                                data_329_out|       pointer|
|data_329_out_ap_vld        |  out|    1|      ap_vld|                                                                data_329_out|       pointer|
|data_328_out               |  out|   20|      ap_vld|                                                                data_328_out|       pointer|
|data_328_out_ap_vld        |  out|    1|      ap_vld|                                                                data_328_out|       pointer|
|data_327_out               |  out|   20|      ap_vld|                                                                data_327_out|       pointer|
|data_327_out_ap_vld        |  out|    1|      ap_vld|                                                                data_327_out|       pointer|
|data_326_out               |  out|   20|      ap_vld|                                                                data_326_out|       pointer|
|data_326_out_ap_vld        |  out|    1|      ap_vld|                                                                data_326_out|       pointer|
|data_325_out               |  out|   20|      ap_vld|                                                                data_325_out|       pointer|
|data_325_out_ap_vld        |  out|    1|      ap_vld|                                                                data_325_out|       pointer|
|data_324_out               |  out|   20|      ap_vld|                                                                data_324_out|       pointer|
|data_324_out_ap_vld        |  out|    1|      ap_vld|                                                                data_324_out|       pointer|
|data_323_out               |  out|   20|      ap_vld|                                                                data_323_out|       pointer|
|data_323_out_ap_vld        |  out|    1|      ap_vld|                                                                data_323_out|       pointer|
|data_322_out               |  out|   20|      ap_vld|                                                                data_322_out|       pointer|
|data_322_out_ap_vld        |  out|    1|      ap_vld|                                                                data_322_out|       pointer|
|data_321_out               |  out|   20|      ap_vld|                                                                data_321_out|       pointer|
|data_321_out_ap_vld        |  out|    1|      ap_vld|                                                                data_321_out|       pointer|
|data_320_out               |  out|   20|      ap_vld|                                                                data_320_out|       pointer|
|data_320_out_ap_vld        |  out|    1|      ap_vld|                                                                data_320_out|       pointer|
|data_319_out               |  out|   20|      ap_vld|                                                                data_319_out|       pointer|
|data_319_out_ap_vld        |  out|    1|      ap_vld|                                                                data_319_out|       pointer|
|data_318_out               |  out|   20|      ap_vld|                                                                data_318_out|       pointer|
|data_318_out_ap_vld        |  out|    1|      ap_vld|                                                                data_318_out|       pointer|
|data_317_out               |  out|   20|      ap_vld|                                                                data_317_out|       pointer|
|data_317_out_ap_vld        |  out|    1|      ap_vld|                                                                data_317_out|       pointer|
|data_316_out               |  out|   20|      ap_vld|                                                                data_316_out|       pointer|
|data_316_out_ap_vld        |  out|    1|      ap_vld|                                                                data_316_out|       pointer|
|data_315_out               |  out|   20|      ap_vld|                                                                data_315_out|       pointer|
|data_315_out_ap_vld        |  out|    1|      ap_vld|                                                                data_315_out|       pointer|
|data_314_out               |  out|   20|      ap_vld|                                                                data_314_out|       pointer|
|data_314_out_ap_vld        |  out|    1|      ap_vld|                                                                data_314_out|       pointer|
|data_313_out               |  out|   20|      ap_vld|                                                                data_313_out|       pointer|
|data_313_out_ap_vld        |  out|    1|      ap_vld|                                                                data_313_out|       pointer|
|data_312_out               |  out|   20|      ap_vld|                                                                data_312_out|       pointer|
|data_312_out_ap_vld        |  out|    1|      ap_vld|                                                                data_312_out|       pointer|
|data_311_out               |  out|   20|      ap_vld|                                                                data_311_out|       pointer|
|data_311_out_ap_vld        |  out|    1|      ap_vld|                                                                data_311_out|       pointer|
|data_310_out               |  out|   20|      ap_vld|                                                                data_310_out|       pointer|
|data_310_out_ap_vld        |  out|    1|      ap_vld|                                                                data_310_out|       pointer|
|data_309_out               |  out|   20|      ap_vld|                                                                data_309_out|       pointer|
|data_309_out_ap_vld        |  out|    1|      ap_vld|                                                                data_309_out|       pointer|
|data_308_out               |  out|   20|      ap_vld|                                                                data_308_out|       pointer|
|data_308_out_ap_vld        |  out|    1|      ap_vld|                                                                data_308_out|       pointer|
|data_307_out               |  out|   20|      ap_vld|                                                                data_307_out|       pointer|
|data_307_out_ap_vld        |  out|    1|      ap_vld|                                                                data_307_out|       pointer|
|data_306_out               |  out|   20|      ap_vld|                                                                data_306_out|       pointer|
|data_306_out_ap_vld        |  out|    1|      ap_vld|                                                                data_306_out|       pointer|
|data_305_out               |  out|   20|      ap_vld|                                                                data_305_out|       pointer|
|data_305_out_ap_vld        |  out|    1|      ap_vld|                                                                data_305_out|       pointer|
|data_304_out               |  out|   20|      ap_vld|                                                                data_304_out|       pointer|
|data_304_out_ap_vld        |  out|    1|      ap_vld|                                                                data_304_out|       pointer|
|data_303_out               |  out|   20|      ap_vld|                                                                data_303_out|       pointer|
|data_303_out_ap_vld        |  out|    1|      ap_vld|                                                                data_303_out|       pointer|
|data_302_out               |  out|   20|      ap_vld|                                                                data_302_out|       pointer|
|data_302_out_ap_vld        |  out|    1|      ap_vld|                                                                data_302_out|       pointer|
|data_301_out               |  out|   20|      ap_vld|                                                                data_301_out|       pointer|
|data_301_out_ap_vld        |  out|    1|      ap_vld|                                                                data_301_out|       pointer|
|data_300_out               |  out|   20|      ap_vld|                                                                data_300_out|       pointer|
|data_300_out_ap_vld        |  out|    1|      ap_vld|                                                                data_300_out|       pointer|
|data_299_out               |  out|   20|      ap_vld|                                                                data_299_out|       pointer|
|data_299_out_ap_vld        |  out|    1|      ap_vld|                                                                data_299_out|       pointer|
|data_298_out               |  out|   20|      ap_vld|                                                                data_298_out|       pointer|
|data_298_out_ap_vld        |  out|    1|      ap_vld|                                                                data_298_out|       pointer|
|data_297_out               |  out|   20|      ap_vld|                                                                data_297_out|       pointer|
|data_297_out_ap_vld        |  out|    1|      ap_vld|                                                                data_297_out|       pointer|
|data_296_out               |  out|   20|      ap_vld|                                                                data_296_out|       pointer|
|data_296_out_ap_vld        |  out|    1|      ap_vld|                                                                data_296_out|       pointer|
|data_295_out               |  out|   20|      ap_vld|                                                                data_295_out|       pointer|
|data_295_out_ap_vld        |  out|    1|      ap_vld|                                                                data_295_out|       pointer|
|data_294_out               |  out|   20|      ap_vld|                                                                data_294_out|       pointer|
|data_294_out_ap_vld        |  out|    1|      ap_vld|                                                                data_294_out|       pointer|
|data_293_out               |  out|   20|      ap_vld|                                                                data_293_out|       pointer|
|data_293_out_ap_vld        |  out|    1|      ap_vld|                                                                data_293_out|       pointer|
|data_292_out               |  out|   20|      ap_vld|                                                                data_292_out|       pointer|
|data_292_out_ap_vld        |  out|    1|      ap_vld|                                                                data_292_out|       pointer|
|data_291_out               |  out|   20|      ap_vld|                                                                data_291_out|       pointer|
|data_291_out_ap_vld        |  out|    1|      ap_vld|                                                                data_291_out|       pointer|
|data_290_out               |  out|   20|      ap_vld|                                                                data_290_out|       pointer|
|data_290_out_ap_vld        |  out|    1|      ap_vld|                                                                data_290_out|       pointer|
|data_289_out               |  out|   20|      ap_vld|                                                                data_289_out|       pointer|
|data_289_out_ap_vld        |  out|    1|      ap_vld|                                                                data_289_out|       pointer|
|data_288_out               |  out|   20|      ap_vld|                                                                data_288_out|       pointer|
|data_288_out_ap_vld        |  out|    1|      ap_vld|                                                                data_288_out|       pointer|
|data_287_out               |  out|   20|      ap_vld|                                                                data_287_out|       pointer|
|data_287_out_ap_vld        |  out|    1|      ap_vld|                                                                data_287_out|       pointer|
|data_286_out               |  out|   20|      ap_vld|                                                                data_286_out|       pointer|
|data_286_out_ap_vld        |  out|    1|      ap_vld|                                                                data_286_out|       pointer|
|data_285_out               |  out|   20|      ap_vld|                                                                data_285_out|       pointer|
|data_285_out_ap_vld        |  out|    1|      ap_vld|                                                                data_285_out|       pointer|
|data_284_out               |  out|   20|      ap_vld|                                                                data_284_out|       pointer|
|data_284_out_ap_vld        |  out|    1|      ap_vld|                                                                data_284_out|       pointer|
|data_283_out               |  out|   20|      ap_vld|                                                                data_283_out|       pointer|
|data_283_out_ap_vld        |  out|    1|      ap_vld|                                                                data_283_out|       pointer|
|data_282_out               |  out|   20|      ap_vld|                                                                data_282_out|       pointer|
|data_282_out_ap_vld        |  out|    1|      ap_vld|                                                                data_282_out|       pointer|
|data_281_out               |  out|   20|      ap_vld|                                                                data_281_out|       pointer|
|data_281_out_ap_vld        |  out|    1|      ap_vld|                                                                data_281_out|       pointer|
|data_280_out               |  out|   20|      ap_vld|                                                                data_280_out|       pointer|
|data_280_out_ap_vld        |  out|    1|      ap_vld|                                                                data_280_out|       pointer|
|data_279_out               |  out|   20|      ap_vld|                                                                data_279_out|       pointer|
|data_279_out_ap_vld        |  out|    1|      ap_vld|                                                                data_279_out|       pointer|
|data_278_out               |  out|   20|      ap_vld|                                                                data_278_out|       pointer|
|data_278_out_ap_vld        |  out|    1|      ap_vld|                                                                data_278_out|       pointer|
|data_277_out               |  out|   20|      ap_vld|                                                                data_277_out|       pointer|
|data_277_out_ap_vld        |  out|    1|      ap_vld|                                                                data_277_out|       pointer|
|data_276_out               |  out|   20|      ap_vld|                                                                data_276_out|       pointer|
|data_276_out_ap_vld        |  out|    1|      ap_vld|                                                                data_276_out|       pointer|
|data_275_out               |  out|   20|      ap_vld|                                                                data_275_out|       pointer|
|data_275_out_ap_vld        |  out|    1|      ap_vld|                                                                data_275_out|       pointer|
|data_274_out               |  out|   20|      ap_vld|                                                                data_274_out|       pointer|
|data_274_out_ap_vld        |  out|    1|      ap_vld|                                                                data_274_out|       pointer|
|data_273_out               |  out|   20|      ap_vld|                                                                data_273_out|       pointer|
|data_273_out_ap_vld        |  out|    1|      ap_vld|                                                                data_273_out|       pointer|
|data_272_out               |  out|   20|      ap_vld|                                                                data_272_out|       pointer|
|data_272_out_ap_vld        |  out|    1|      ap_vld|                                                                data_272_out|       pointer|
|data_271_out               |  out|   20|      ap_vld|                                                                data_271_out|       pointer|
|data_271_out_ap_vld        |  out|    1|      ap_vld|                                                                data_271_out|       pointer|
|data_270_out               |  out|   20|      ap_vld|                                                                data_270_out|       pointer|
|data_270_out_ap_vld        |  out|    1|      ap_vld|                                                                data_270_out|       pointer|
|data_269_out               |  out|   20|      ap_vld|                                                                data_269_out|       pointer|
|data_269_out_ap_vld        |  out|    1|      ap_vld|                                                                data_269_out|       pointer|
|data_268_out               |  out|   20|      ap_vld|                                                                data_268_out|       pointer|
|data_268_out_ap_vld        |  out|    1|      ap_vld|                                                                data_268_out|       pointer|
|data_267_out               |  out|   20|      ap_vld|                                                                data_267_out|       pointer|
|data_267_out_ap_vld        |  out|    1|      ap_vld|                                                                data_267_out|       pointer|
|data_266_out               |  out|   20|      ap_vld|                                                                data_266_out|       pointer|
|data_266_out_ap_vld        |  out|    1|      ap_vld|                                                                data_266_out|       pointer|
|data_265_out               |  out|   20|      ap_vld|                                                                data_265_out|       pointer|
|data_265_out_ap_vld        |  out|    1|      ap_vld|                                                                data_265_out|       pointer|
|data_264_out               |  out|   20|      ap_vld|                                                                data_264_out|       pointer|
|data_264_out_ap_vld        |  out|    1|      ap_vld|                                                                data_264_out|       pointer|
|data_263_out               |  out|   20|      ap_vld|                                                                data_263_out|       pointer|
|data_263_out_ap_vld        |  out|    1|      ap_vld|                                                                data_263_out|       pointer|
|data_262_out               |  out|   20|      ap_vld|                                                                data_262_out|       pointer|
|data_262_out_ap_vld        |  out|    1|      ap_vld|                                                                data_262_out|       pointer|
|data_261_out               |  out|   20|      ap_vld|                                                                data_261_out|       pointer|
|data_261_out_ap_vld        |  out|    1|      ap_vld|                                                                data_261_out|       pointer|
|data_260_out               |  out|   20|      ap_vld|                                                                data_260_out|       pointer|
|data_260_out_ap_vld        |  out|    1|      ap_vld|                                                                data_260_out|       pointer|
|data_259_out               |  out|   20|      ap_vld|                                                                data_259_out|       pointer|
|data_259_out_ap_vld        |  out|    1|      ap_vld|                                                                data_259_out|       pointer|
|data_258_out               |  out|   20|      ap_vld|                                                                data_258_out|       pointer|
|data_258_out_ap_vld        |  out|    1|      ap_vld|                                                                data_258_out|       pointer|
|data_257_out               |  out|   20|      ap_vld|                                                                data_257_out|       pointer|
|data_257_out_ap_vld        |  out|    1|      ap_vld|                                                                data_257_out|       pointer|
|data_256_out               |  out|   20|      ap_vld|                                                                data_256_out|       pointer|
|data_256_out_ap_vld        |  out|    1|      ap_vld|                                                                data_256_out|       pointer|
|data_255_out               |  out|   20|      ap_vld|                                                                data_255_out|       pointer|
|data_255_out_ap_vld        |  out|    1|      ap_vld|                                                                data_255_out|       pointer|
|data_254_out               |  out|   20|      ap_vld|                                                                data_254_out|       pointer|
|data_254_out_ap_vld        |  out|    1|      ap_vld|                                                                data_254_out|       pointer|
|data_253_out               |  out|   20|      ap_vld|                                                                data_253_out|       pointer|
|data_253_out_ap_vld        |  out|    1|      ap_vld|                                                                data_253_out|       pointer|
|data_252_out               |  out|   20|      ap_vld|                                                                data_252_out|       pointer|
|data_252_out_ap_vld        |  out|    1|      ap_vld|                                                                data_252_out|       pointer|
|data_251_out               |  out|   20|      ap_vld|                                                                data_251_out|       pointer|
|data_251_out_ap_vld        |  out|    1|      ap_vld|                                                                data_251_out|       pointer|
|data_250_out               |  out|   20|      ap_vld|                                                                data_250_out|       pointer|
|data_250_out_ap_vld        |  out|    1|      ap_vld|                                                                data_250_out|       pointer|
|data_249_out               |  out|   20|      ap_vld|                                                                data_249_out|       pointer|
|data_249_out_ap_vld        |  out|    1|      ap_vld|                                                                data_249_out|       pointer|
|data_248_out               |  out|   20|      ap_vld|                                                                data_248_out|       pointer|
|data_248_out_ap_vld        |  out|    1|      ap_vld|                                                                data_248_out|       pointer|
|data_247_out               |  out|   20|      ap_vld|                                                                data_247_out|       pointer|
|data_247_out_ap_vld        |  out|    1|      ap_vld|                                                                data_247_out|       pointer|
|data_246_out               |  out|   20|      ap_vld|                                                                data_246_out|       pointer|
|data_246_out_ap_vld        |  out|    1|      ap_vld|                                                                data_246_out|       pointer|
|data_245_out               |  out|   20|      ap_vld|                                                                data_245_out|       pointer|
|data_245_out_ap_vld        |  out|    1|      ap_vld|                                                                data_245_out|       pointer|
|data_244_out               |  out|   20|      ap_vld|                                                                data_244_out|       pointer|
|data_244_out_ap_vld        |  out|    1|      ap_vld|                                                                data_244_out|       pointer|
|data_243_out               |  out|   20|      ap_vld|                                                                data_243_out|       pointer|
|data_243_out_ap_vld        |  out|    1|      ap_vld|                                                                data_243_out|       pointer|
|data_242_out               |  out|   20|      ap_vld|                                                                data_242_out|       pointer|
|data_242_out_ap_vld        |  out|    1|      ap_vld|                                                                data_242_out|       pointer|
|data_241_out               |  out|   20|      ap_vld|                                                                data_241_out|       pointer|
|data_241_out_ap_vld        |  out|    1|      ap_vld|                                                                data_241_out|       pointer|
|data_240_out               |  out|   20|      ap_vld|                                                                data_240_out|       pointer|
|data_240_out_ap_vld        |  out|    1|      ap_vld|                                                                data_240_out|       pointer|
|data_239_out               |  out|   20|      ap_vld|                                                                data_239_out|       pointer|
|data_239_out_ap_vld        |  out|    1|      ap_vld|                                                                data_239_out|       pointer|
|data_238_out               |  out|   20|      ap_vld|                                                                data_238_out|       pointer|
|data_238_out_ap_vld        |  out|    1|      ap_vld|                                                                data_238_out|       pointer|
|data_237_out               |  out|   20|      ap_vld|                                                                data_237_out|       pointer|
|data_237_out_ap_vld        |  out|    1|      ap_vld|                                                                data_237_out|       pointer|
|data_236_out               |  out|   20|      ap_vld|                                                                data_236_out|       pointer|
|data_236_out_ap_vld        |  out|    1|      ap_vld|                                                                data_236_out|       pointer|
|data_235_out               |  out|   20|      ap_vld|                                                                data_235_out|       pointer|
|data_235_out_ap_vld        |  out|    1|      ap_vld|                                                                data_235_out|       pointer|
|data_234_out               |  out|   20|      ap_vld|                                                                data_234_out|       pointer|
|data_234_out_ap_vld        |  out|    1|      ap_vld|                                                                data_234_out|       pointer|
|data_233_out               |  out|   20|      ap_vld|                                                                data_233_out|       pointer|
|data_233_out_ap_vld        |  out|    1|      ap_vld|                                                                data_233_out|       pointer|
|data_232_out               |  out|   20|      ap_vld|                                                                data_232_out|       pointer|
|data_232_out_ap_vld        |  out|    1|      ap_vld|                                                                data_232_out|       pointer|
|data_231_out               |  out|   20|      ap_vld|                                                                data_231_out|       pointer|
|data_231_out_ap_vld        |  out|    1|      ap_vld|                                                                data_231_out|       pointer|
|data_230_out               |  out|   20|      ap_vld|                                                                data_230_out|       pointer|
|data_230_out_ap_vld        |  out|    1|      ap_vld|                                                                data_230_out|       pointer|
|data_229_out               |  out|   20|      ap_vld|                                                                data_229_out|       pointer|
|data_229_out_ap_vld        |  out|    1|      ap_vld|                                                                data_229_out|       pointer|
|data_228_out               |  out|   20|      ap_vld|                                                                data_228_out|       pointer|
|data_228_out_ap_vld        |  out|    1|      ap_vld|                                                                data_228_out|       pointer|
|data_227_out               |  out|   20|      ap_vld|                                                                data_227_out|       pointer|
|data_227_out_ap_vld        |  out|    1|      ap_vld|                                                                data_227_out|       pointer|
|data_226_out               |  out|   20|      ap_vld|                                                                data_226_out|       pointer|
|data_226_out_ap_vld        |  out|    1|      ap_vld|                                                                data_226_out|       pointer|
|data_225_out               |  out|   20|      ap_vld|                                                                data_225_out|       pointer|
|data_225_out_ap_vld        |  out|    1|      ap_vld|                                                                data_225_out|       pointer|
|data_224_out               |  out|   20|      ap_vld|                                                                data_224_out|       pointer|
|data_224_out_ap_vld        |  out|    1|      ap_vld|                                                                data_224_out|       pointer|
|data_223_out               |  out|   20|      ap_vld|                                                                data_223_out|       pointer|
|data_223_out_ap_vld        |  out|    1|      ap_vld|                                                                data_223_out|       pointer|
|data_222_out               |  out|   20|      ap_vld|                                                                data_222_out|       pointer|
|data_222_out_ap_vld        |  out|    1|      ap_vld|                                                                data_222_out|       pointer|
|data_221_out               |  out|   20|      ap_vld|                                                                data_221_out|       pointer|
|data_221_out_ap_vld        |  out|    1|      ap_vld|                                                                data_221_out|       pointer|
|data_220_out               |  out|   20|      ap_vld|                                                                data_220_out|       pointer|
|data_220_out_ap_vld        |  out|    1|      ap_vld|                                                                data_220_out|       pointer|
|data_219_out               |  out|   20|      ap_vld|                                                                data_219_out|       pointer|
|data_219_out_ap_vld        |  out|    1|      ap_vld|                                                                data_219_out|       pointer|
|data_218_out               |  out|   20|      ap_vld|                                                                data_218_out|       pointer|
|data_218_out_ap_vld        |  out|    1|      ap_vld|                                                                data_218_out|       pointer|
|data_217_out               |  out|   20|      ap_vld|                                                                data_217_out|       pointer|
|data_217_out_ap_vld        |  out|    1|      ap_vld|                                                                data_217_out|       pointer|
|data_216_out               |  out|   20|      ap_vld|                                                                data_216_out|       pointer|
|data_216_out_ap_vld        |  out|    1|      ap_vld|                                                                data_216_out|       pointer|
|data_215_out               |  out|   20|      ap_vld|                                                                data_215_out|       pointer|
|data_215_out_ap_vld        |  out|    1|      ap_vld|                                                                data_215_out|       pointer|
|data_214_out               |  out|   20|      ap_vld|                                                                data_214_out|       pointer|
|data_214_out_ap_vld        |  out|    1|      ap_vld|                                                                data_214_out|       pointer|
|data_213_out               |  out|   20|      ap_vld|                                                                data_213_out|       pointer|
|data_213_out_ap_vld        |  out|    1|      ap_vld|                                                                data_213_out|       pointer|
|data_212_out               |  out|   20|      ap_vld|                                                                data_212_out|       pointer|
|data_212_out_ap_vld        |  out|    1|      ap_vld|                                                                data_212_out|       pointer|
|data_211_out               |  out|   20|      ap_vld|                                                                data_211_out|       pointer|
|data_211_out_ap_vld        |  out|    1|      ap_vld|                                                                data_211_out|       pointer|
|data_210_out               |  out|   20|      ap_vld|                                                                data_210_out|       pointer|
|data_210_out_ap_vld        |  out|    1|      ap_vld|                                                                data_210_out|       pointer|
|data_209_out               |  out|   20|      ap_vld|                                                                data_209_out|       pointer|
|data_209_out_ap_vld        |  out|    1|      ap_vld|                                                                data_209_out|       pointer|
|data_208_out               |  out|   20|      ap_vld|                                                                data_208_out|       pointer|
|data_208_out_ap_vld        |  out|    1|      ap_vld|                                                                data_208_out|       pointer|
|data_207_out               |  out|   20|      ap_vld|                                                                data_207_out|       pointer|
|data_207_out_ap_vld        |  out|    1|      ap_vld|                                                                data_207_out|       pointer|
|data_206_out               |  out|   20|      ap_vld|                                                                data_206_out|       pointer|
|data_206_out_ap_vld        |  out|    1|      ap_vld|                                                                data_206_out|       pointer|
|data_205_out               |  out|   20|      ap_vld|                                                                data_205_out|       pointer|
|data_205_out_ap_vld        |  out|    1|      ap_vld|                                                                data_205_out|       pointer|
|data_204_out               |  out|   20|      ap_vld|                                                                data_204_out|       pointer|
|data_204_out_ap_vld        |  out|    1|      ap_vld|                                                                data_204_out|       pointer|
|data_203_out               |  out|   20|      ap_vld|                                                                data_203_out|       pointer|
|data_203_out_ap_vld        |  out|    1|      ap_vld|                                                                data_203_out|       pointer|
|data_202_out               |  out|   20|      ap_vld|                                                                data_202_out|       pointer|
|data_202_out_ap_vld        |  out|    1|      ap_vld|                                                                data_202_out|       pointer|
|data_201_out               |  out|   20|      ap_vld|                                                                data_201_out|       pointer|
|data_201_out_ap_vld        |  out|    1|      ap_vld|                                                                data_201_out|       pointer|
|data_200_out               |  out|   20|      ap_vld|                                                                data_200_out|       pointer|
|data_200_out_ap_vld        |  out|    1|      ap_vld|                                                                data_200_out|       pointer|
|data_199_out               |  out|   20|      ap_vld|                                                                data_199_out|       pointer|
|data_199_out_ap_vld        |  out|    1|      ap_vld|                                                                data_199_out|       pointer|
|data_198_out               |  out|   20|      ap_vld|                                                                data_198_out|       pointer|
|data_198_out_ap_vld        |  out|    1|      ap_vld|                                                                data_198_out|       pointer|
|data_197_out               |  out|   20|      ap_vld|                                                                data_197_out|       pointer|
|data_197_out_ap_vld        |  out|    1|      ap_vld|                                                                data_197_out|       pointer|
|data_196_out               |  out|   20|      ap_vld|                                                                data_196_out|       pointer|
|data_196_out_ap_vld        |  out|    1|      ap_vld|                                                                data_196_out|       pointer|
|data_195_out               |  out|   20|      ap_vld|                                                                data_195_out|       pointer|
|data_195_out_ap_vld        |  out|    1|      ap_vld|                                                                data_195_out|       pointer|
|data_194_out               |  out|   20|      ap_vld|                                                                data_194_out|       pointer|
|data_194_out_ap_vld        |  out|    1|      ap_vld|                                                                data_194_out|       pointer|
|data_193_out               |  out|   20|      ap_vld|                                                                data_193_out|       pointer|
|data_193_out_ap_vld        |  out|    1|      ap_vld|                                                                data_193_out|       pointer|
|data_192_out               |  out|   20|      ap_vld|                                                                data_192_out|       pointer|
|data_192_out_ap_vld        |  out|    1|      ap_vld|                                                                data_192_out|       pointer|
|data_191_out               |  out|   20|      ap_vld|                                                                data_191_out|       pointer|
|data_191_out_ap_vld        |  out|    1|      ap_vld|                                                                data_191_out|       pointer|
|data_190_out               |  out|   20|      ap_vld|                                                                data_190_out|       pointer|
|data_190_out_ap_vld        |  out|    1|      ap_vld|                                                                data_190_out|       pointer|
|data_189_out               |  out|   20|      ap_vld|                                                                data_189_out|       pointer|
|data_189_out_ap_vld        |  out|    1|      ap_vld|                                                                data_189_out|       pointer|
|data_188_out               |  out|   20|      ap_vld|                                                                data_188_out|       pointer|
|data_188_out_ap_vld        |  out|    1|      ap_vld|                                                                data_188_out|       pointer|
|data_187_out               |  out|   20|      ap_vld|                                                                data_187_out|       pointer|
|data_187_out_ap_vld        |  out|    1|      ap_vld|                                                                data_187_out|       pointer|
|data_186_out               |  out|   20|      ap_vld|                                                                data_186_out|       pointer|
|data_186_out_ap_vld        |  out|    1|      ap_vld|                                                                data_186_out|       pointer|
|data_185_out               |  out|   20|      ap_vld|                                                                data_185_out|       pointer|
|data_185_out_ap_vld        |  out|    1|      ap_vld|                                                                data_185_out|       pointer|
|data_184_out               |  out|   20|      ap_vld|                                                                data_184_out|       pointer|
|data_184_out_ap_vld        |  out|    1|      ap_vld|                                                                data_184_out|       pointer|
|data_183_out               |  out|   20|      ap_vld|                                                                data_183_out|       pointer|
|data_183_out_ap_vld        |  out|    1|      ap_vld|                                                                data_183_out|       pointer|
|data_182_out               |  out|   20|      ap_vld|                                                                data_182_out|       pointer|
|data_182_out_ap_vld        |  out|    1|      ap_vld|                                                                data_182_out|       pointer|
|data_181_out               |  out|   20|      ap_vld|                                                                data_181_out|       pointer|
|data_181_out_ap_vld        |  out|    1|      ap_vld|                                                                data_181_out|       pointer|
|data_180_out               |  out|   20|      ap_vld|                                                                data_180_out|       pointer|
|data_180_out_ap_vld        |  out|    1|      ap_vld|                                                                data_180_out|       pointer|
|data_179_out               |  out|   20|      ap_vld|                                                                data_179_out|       pointer|
|data_179_out_ap_vld        |  out|    1|      ap_vld|                                                                data_179_out|       pointer|
|data_178_out               |  out|   20|      ap_vld|                                                                data_178_out|       pointer|
|data_178_out_ap_vld        |  out|    1|      ap_vld|                                                                data_178_out|       pointer|
|data_177_out               |  out|   20|      ap_vld|                                                                data_177_out|       pointer|
|data_177_out_ap_vld        |  out|    1|      ap_vld|                                                                data_177_out|       pointer|
|data_176_out               |  out|   20|      ap_vld|                                                                data_176_out|       pointer|
|data_176_out_ap_vld        |  out|    1|      ap_vld|                                                                data_176_out|       pointer|
|data_175_out               |  out|   20|      ap_vld|                                                                data_175_out|       pointer|
|data_175_out_ap_vld        |  out|    1|      ap_vld|                                                                data_175_out|       pointer|
|data_174_out               |  out|   20|      ap_vld|                                                                data_174_out|       pointer|
|data_174_out_ap_vld        |  out|    1|      ap_vld|                                                                data_174_out|       pointer|
|data_173_out               |  out|   20|      ap_vld|                                                                data_173_out|       pointer|
|data_173_out_ap_vld        |  out|    1|      ap_vld|                                                                data_173_out|       pointer|
|data_172_out               |  out|   20|      ap_vld|                                                                data_172_out|       pointer|
|data_172_out_ap_vld        |  out|    1|      ap_vld|                                                                data_172_out|       pointer|
|data_171_out               |  out|   20|      ap_vld|                                                                data_171_out|       pointer|
|data_171_out_ap_vld        |  out|    1|      ap_vld|                                                                data_171_out|       pointer|
|data_170_out               |  out|   20|      ap_vld|                                                                data_170_out|       pointer|
|data_170_out_ap_vld        |  out|    1|      ap_vld|                                                                data_170_out|       pointer|
|data_169_out               |  out|   20|      ap_vld|                                                                data_169_out|       pointer|
|data_169_out_ap_vld        |  out|    1|      ap_vld|                                                                data_169_out|       pointer|
|data_168_out               |  out|   20|      ap_vld|                                                                data_168_out|       pointer|
|data_168_out_ap_vld        |  out|    1|      ap_vld|                                                                data_168_out|       pointer|
|data_167_out               |  out|   20|      ap_vld|                                                                data_167_out|       pointer|
|data_167_out_ap_vld        |  out|    1|      ap_vld|                                                                data_167_out|       pointer|
|data_166_out               |  out|   20|      ap_vld|                                                                data_166_out|       pointer|
|data_166_out_ap_vld        |  out|    1|      ap_vld|                                                                data_166_out|       pointer|
|data_165_out               |  out|   20|      ap_vld|                                                                data_165_out|       pointer|
|data_165_out_ap_vld        |  out|    1|      ap_vld|                                                                data_165_out|       pointer|
|data_164_out               |  out|   20|      ap_vld|                                                                data_164_out|       pointer|
|data_164_out_ap_vld        |  out|    1|      ap_vld|                                                                data_164_out|       pointer|
|data_163_out               |  out|   20|      ap_vld|                                                                data_163_out|       pointer|
|data_163_out_ap_vld        |  out|    1|      ap_vld|                                                                data_163_out|       pointer|
|data_162_out               |  out|   20|      ap_vld|                                                                data_162_out|       pointer|
|data_162_out_ap_vld        |  out|    1|      ap_vld|                                                                data_162_out|       pointer|
|data_161_out               |  out|   20|      ap_vld|                                                                data_161_out|       pointer|
|data_161_out_ap_vld        |  out|    1|      ap_vld|                                                                data_161_out|       pointer|
|data_160_out               |  out|   20|      ap_vld|                                                                data_160_out|       pointer|
|data_160_out_ap_vld        |  out|    1|      ap_vld|                                                                data_160_out|       pointer|
|data_159_out               |  out|   20|      ap_vld|                                                                data_159_out|       pointer|
|data_159_out_ap_vld        |  out|    1|      ap_vld|                                                                data_159_out|       pointer|
|data_158_out               |  out|   20|      ap_vld|                                                                data_158_out|       pointer|
|data_158_out_ap_vld        |  out|    1|      ap_vld|                                                                data_158_out|       pointer|
|data_157_out               |  out|   20|      ap_vld|                                                                data_157_out|       pointer|
|data_157_out_ap_vld        |  out|    1|      ap_vld|                                                                data_157_out|       pointer|
|data_156_out               |  out|   20|      ap_vld|                                                                data_156_out|       pointer|
|data_156_out_ap_vld        |  out|    1|      ap_vld|                                                                data_156_out|       pointer|
|data_155_out               |  out|   20|      ap_vld|                                                                data_155_out|       pointer|
|data_155_out_ap_vld        |  out|    1|      ap_vld|                                                                data_155_out|       pointer|
|data_154_out               |  out|   20|      ap_vld|                                                                data_154_out|       pointer|
|data_154_out_ap_vld        |  out|    1|      ap_vld|                                                                data_154_out|       pointer|
|data_153_out               |  out|   20|      ap_vld|                                                                data_153_out|       pointer|
|data_153_out_ap_vld        |  out|    1|      ap_vld|                                                                data_153_out|       pointer|
|data_152_out               |  out|   20|      ap_vld|                                                                data_152_out|       pointer|
|data_152_out_ap_vld        |  out|    1|      ap_vld|                                                                data_152_out|       pointer|
|data_151_out               |  out|   20|      ap_vld|                                                                data_151_out|       pointer|
|data_151_out_ap_vld        |  out|    1|      ap_vld|                                                                data_151_out|       pointer|
|data_150_out               |  out|   20|      ap_vld|                                                                data_150_out|       pointer|
|data_150_out_ap_vld        |  out|    1|      ap_vld|                                                                data_150_out|       pointer|
|data_149_out               |  out|   20|      ap_vld|                                                                data_149_out|       pointer|
|data_149_out_ap_vld        |  out|    1|      ap_vld|                                                                data_149_out|       pointer|
|data_148_out               |  out|   20|      ap_vld|                                                                data_148_out|       pointer|
|data_148_out_ap_vld        |  out|    1|      ap_vld|                                                                data_148_out|       pointer|
|data_147_out               |  out|   20|      ap_vld|                                                                data_147_out|       pointer|
|data_147_out_ap_vld        |  out|    1|      ap_vld|                                                                data_147_out|       pointer|
|data_146_out               |  out|   20|      ap_vld|                                                                data_146_out|       pointer|
|data_146_out_ap_vld        |  out|    1|      ap_vld|                                                                data_146_out|       pointer|
|data_145_out               |  out|   20|      ap_vld|                                                                data_145_out|       pointer|
|data_145_out_ap_vld        |  out|    1|      ap_vld|                                                                data_145_out|       pointer|
|data_144_out               |  out|   20|      ap_vld|                                                                data_144_out|       pointer|
|data_144_out_ap_vld        |  out|    1|      ap_vld|                                                                data_144_out|       pointer|
|data_143_out               |  out|   20|      ap_vld|                                                                data_143_out|       pointer|
|data_143_out_ap_vld        |  out|    1|      ap_vld|                                                                data_143_out|       pointer|
|data_142_out               |  out|   20|      ap_vld|                                                                data_142_out|       pointer|
|data_142_out_ap_vld        |  out|    1|      ap_vld|                                                                data_142_out|       pointer|
|data_141_out               |  out|   20|      ap_vld|                                                                data_141_out|       pointer|
|data_141_out_ap_vld        |  out|    1|      ap_vld|                                                                data_141_out|       pointer|
|data_140_out               |  out|   20|      ap_vld|                                                                data_140_out|       pointer|
|data_140_out_ap_vld        |  out|    1|      ap_vld|                                                                data_140_out|       pointer|
|data_139_out               |  out|   20|      ap_vld|                                                                data_139_out|       pointer|
|data_139_out_ap_vld        |  out|    1|      ap_vld|                                                                data_139_out|       pointer|
|data_138_out               |  out|   20|      ap_vld|                                                                data_138_out|       pointer|
|data_138_out_ap_vld        |  out|    1|      ap_vld|                                                                data_138_out|       pointer|
|data_137_out               |  out|   20|      ap_vld|                                                                data_137_out|       pointer|
|data_137_out_ap_vld        |  out|    1|      ap_vld|                                                                data_137_out|       pointer|
|data_136_out               |  out|   20|      ap_vld|                                                                data_136_out|       pointer|
|data_136_out_ap_vld        |  out|    1|      ap_vld|                                                                data_136_out|       pointer|
|data_135_out               |  out|   20|      ap_vld|                                                                data_135_out|       pointer|
|data_135_out_ap_vld        |  out|    1|      ap_vld|                                                                data_135_out|       pointer|
|data_134_out               |  out|   20|      ap_vld|                                                                data_134_out|       pointer|
|data_134_out_ap_vld        |  out|    1|      ap_vld|                                                                data_134_out|       pointer|
|data_133_out               |  out|   20|      ap_vld|                                                                data_133_out|       pointer|
|data_133_out_ap_vld        |  out|    1|      ap_vld|                                                                data_133_out|       pointer|
|data_132_out               |  out|   20|      ap_vld|                                                                data_132_out|       pointer|
|data_132_out_ap_vld        |  out|    1|      ap_vld|                                                                data_132_out|       pointer|
|data_131_out               |  out|   20|      ap_vld|                                                                data_131_out|       pointer|
|data_131_out_ap_vld        |  out|    1|      ap_vld|                                                                data_131_out|       pointer|
|data_130_out               |  out|   20|      ap_vld|                                                                data_130_out|       pointer|
|data_130_out_ap_vld        |  out|    1|      ap_vld|                                                                data_130_out|       pointer|
|data_129_out               |  out|   20|      ap_vld|                                                                data_129_out|       pointer|
|data_129_out_ap_vld        |  out|    1|      ap_vld|                                                                data_129_out|       pointer|
|data_128_out               |  out|   20|      ap_vld|                                                                data_128_out|       pointer|
|data_128_out_ap_vld        |  out|    1|      ap_vld|                                                                data_128_out|       pointer|
|data_127_out               |  out|   20|      ap_vld|                                                                data_127_out|       pointer|
|data_127_out_ap_vld        |  out|    1|      ap_vld|                                                                data_127_out|       pointer|
|data_126_out               |  out|   20|      ap_vld|                                                                data_126_out|       pointer|
|data_126_out_ap_vld        |  out|    1|      ap_vld|                                                                data_126_out|       pointer|
|data_125_out               |  out|   20|      ap_vld|                                                                data_125_out|       pointer|
|data_125_out_ap_vld        |  out|    1|      ap_vld|                                                                data_125_out|       pointer|
|data_124_out               |  out|   20|      ap_vld|                                                                data_124_out|       pointer|
|data_124_out_ap_vld        |  out|    1|      ap_vld|                                                                data_124_out|       pointer|
|data_123_out               |  out|   20|      ap_vld|                                                                data_123_out|       pointer|
|data_123_out_ap_vld        |  out|    1|      ap_vld|                                                                data_123_out|       pointer|
|data_122_out               |  out|   20|      ap_vld|                                                                data_122_out|       pointer|
|data_122_out_ap_vld        |  out|    1|      ap_vld|                                                                data_122_out|       pointer|
|data_121_out               |  out|   20|      ap_vld|                                                                data_121_out|       pointer|
|data_121_out_ap_vld        |  out|    1|      ap_vld|                                                                data_121_out|       pointer|
|data_120_out               |  out|   20|      ap_vld|                                                                data_120_out|       pointer|
|data_120_out_ap_vld        |  out|    1|      ap_vld|                                                                data_120_out|       pointer|
|data_119_out               |  out|   20|      ap_vld|                                                                data_119_out|       pointer|
|data_119_out_ap_vld        |  out|    1|      ap_vld|                                                                data_119_out|       pointer|
|data_118_out               |  out|   20|      ap_vld|                                                                data_118_out|       pointer|
|data_118_out_ap_vld        |  out|    1|      ap_vld|                                                                data_118_out|       pointer|
|data_117_out               |  out|   20|      ap_vld|                                                                data_117_out|       pointer|
|data_117_out_ap_vld        |  out|    1|      ap_vld|                                                                data_117_out|       pointer|
|data_116_out               |  out|   20|      ap_vld|                                                                data_116_out|       pointer|
|data_116_out_ap_vld        |  out|    1|      ap_vld|                                                                data_116_out|       pointer|
|data_115_out               |  out|   20|      ap_vld|                                                                data_115_out|       pointer|
|data_115_out_ap_vld        |  out|    1|      ap_vld|                                                                data_115_out|       pointer|
|data_114_out               |  out|   20|      ap_vld|                                                                data_114_out|       pointer|
|data_114_out_ap_vld        |  out|    1|      ap_vld|                                                                data_114_out|       pointer|
|data_113_out               |  out|   20|      ap_vld|                                                                data_113_out|       pointer|
|data_113_out_ap_vld        |  out|    1|      ap_vld|                                                                data_113_out|       pointer|
|data_112_out               |  out|   20|      ap_vld|                                                                data_112_out|       pointer|
|data_112_out_ap_vld        |  out|    1|      ap_vld|                                                                data_112_out|       pointer|
|data_111_out               |  out|   20|      ap_vld|                                                                data_111_out|       pointer|
|data_111_out_ap_vld        |  out|    1|      ap_vld|                                                                data_111_out|       pointer|
|data_110_out               |  out|   20|      ap_vld|                                                                data_110_out|       pointer|
|data_110_out_ap_vld        |  out|    1|      ap_vld|                                                                data_110_out|       pointer|
|data_109_out               |  out|   20|      ap_vld|                                                                data_109_out|       pointer|
|data_109_out_ap_vld        |  out|    1|      ap_vld|                                                                data_109_out|       pointer|
|data_108_out               |  out|   20|      ap_vld|                                                                data_108_out|       pointer|
|data_108_out_ap_vld        |  out|    1|      ap_vld|                                                                data_108_out|       pointer|
|data_107_out               |  out|   20|      ap_vld|                                                                data_107_out|       pointer|
|data_107_out_ap_vld        |  out|    1|      ap_vld|                                                                data_107_out|       pointer|
|data_106_out               |  out|   20|      ap_vld|                                                                data_106_out|       pointer|
|data_106_out_ap_vld        |  out|    1|      ap_vld|                                                                data_106_out|       pointer|
|data_105_out               |  out|   20|      ap_vld|                                                                data_105_out|       pointer|
|data_105_out_ap_vld        |  out|    1|      ap_vld|                                                                data_105_out|       pointer|
|data_104_out               |  out|   20|      ap_vld|                                                                data_104_out|       pointer|
|data_104_out_ap_vld        |  out|    1|      ap_vld|                                                                data_104_out|       pointer|
|data_103_out               |  out|   20|      ap_vld|                                                                data_103_out|       pointer|
|data_103_out_ap_vld        |  out|    1|      ap_vld|                                                                data_103_out|       pointer|
|data_102_out               |  out|   20|      ap_vld|                                                                data_102_out|       pointer|
|data_102_out_ap_vld        |  out|    1|      ap_vld|                                                                data_102_out|       pointer|
|data_101_out               |  out|   20|      ap_vld|                                                                data_101_out|       pointer|
|data_101_out_ap_vld        |  out|    1|      ap_vld|                                                                data_101_out|       pointer|
|data_100_out               |  out|   20|      ap_vld|                                                                data_100_out|       pointer|
|data_100_out_ap_vld        |  out|    1|      ap_vld|                                                                data_100_out|       pointer|
|data_99_out                |  out|   20|      ap_vld|                                                                 data_99_out|       pointer|
|data_99_out_ap_vld         |  out|    1|      ap_vld|                                                                 data_99_out|       pointer|
|data_98_out                |  out|   20|      ap_vld|                                                                 data_98_out|       pointer|
|data_98_out_ap_vld         |  out|    1|      ap_vld|                                                                 data_98_out|       pointer|
|data_97_out                |  out|   20|      ap_vld|                                                                 data_97_out|       pointer|
|data_97_out_ap_vld         |  out|    1|      ap_vld|                                                                 data_97_out|       pointer|
|data_96_out                |  out|   20|      ap_vld|                                                                 data_96_out|       pointer|
|data_96_out_ap_vld         |  out|    1|      ap_vld|                                                                 data_96_out|       pointer|
|data_95_out                |  out|   20|      ap_vld|                                                                 data_95_out|       pointer|
|data_95_out_ap_vld         |  out|    1|      ap_vld|                                                                 data_95_out|       pointer|
|data_94_out                |  out|   20|      ap_vld|                                                                 data_94_out|       pointer|
|data_94_out_ap_vld         |  out|    1|      ap_vld|                                                                 data_94_out|       pointer|
|data_93_out                |  out|   20|      ap_vld|                                                                 data_93_out|       pointer|
|data_93_out_ap_vld         |  out|    1|      ap_vld|                                                                 data_93_out|       pointer|
|data_92_out                |  out|   20|      ap_vld|                                                                 data_92_out|       pointer|
|data_92_out_ap_vld         |  out|    1|      ap_vld|                                                                 data_92_out|       pointer|
|data_91_out                |  out|   20|      ap_vld|                                                                 data_91_out|       pointer|
|data_91_out_ap_vld         |  out|    1|      ap_vld|                                                                 data_91_out|       pointer|
|data_90_out                |  out|   20|      ap_vld|                                                                 data_90_out|       pointer|
|data_90_out_ap_vld         |  out|    1|      ap_vld|                                                                 data_90_out|       pointer|
|data_89_out                |  out|   20|      ap_vld|                                                                 data_89_out|       pointer|
|data_89_out_ap_vld         |  out|    1|      ap_vld|                                                                 data_89_out|       pointer|
|data_88_out                |  out|   20|      ap_vld|                                                                 data_88_out|       pointer|
|data_88_out_ap_vld         |  out|    1|      ap_vld|                                                                 data_88_out|       pointer|
|data_87_out                |  out|   20|      ap_vld|                                                                 data_87_out|       pointer|
|data_87_out_ap_vld         |  out|    1|      ap_vld|                                                                 data_87_out|       pointer|
|data_86_out                |  out|   20|      ap_vld|                                                                 data_86_out|       pointer|
|data_86_out_ap_vld         |  out|    1|      ap_vld|                                                                 data_86_out|       pointer|
|data_85_out                |  out|   20|      ap_vld|                                                                 data_85_out|       pointer|
|data_85_out_ap_vld         |  out|    1|      ap_vld|                                                                 data_85_out|       pointer|
|data_84_out                |  out|   20|      ap_vld|                                                                 data_84_out|       pointer|
|data_84_out_ap_vld         |  out|    1|      ap_vld|                                                                 data_84_out|       pointer|
|data_83_out                |  out|   20|      ap_vld|                                                                 data_83_out|       pointer|
|data_83_out_ap_vld         |  out|    1|      ap_vld|                                                                 data_83_out|       pointer|
|data_82_out                |  out|   20|      ap_vld|                                                                 data_82_out|       pointer|
|data_82_out_ap_vld         |  out|    1|      ap_vld|                                                                 data_82_out|       pointer|
|data_81_out                |  out|   20|      ap_vld|                                                                 data_81_out|       pointer|
|data_81_out_ap_vld         |  out|    1|      ap_vld|                                                                 data_81_out|       pointer|
|data_80_out                |  out|   20|      ap_vld|                                                                 data_80_out|       pointer|
|data_80_out_ap_vld         |  out|    1|      ap_vld|                                                                 data_80_out|       pointer|
|data_79_out                |  out|   20|      ap_vld|                                                                 data_79_out|       pointer|
|data_79_out_ap_vld         |  out|    1|      ap_vld|                                                                 data_79_out|       pointer|
|data_78_out                |  out|   20|      ap_vld|                                                                 data_78_out|       pointer|
|data_78_out_ap_vld         |  out|    1|      ap_vld|                                                                 data_78_out|       pointer|
|data_77_out                |  out|   20|      ap_vld|                                                                 data_77_out|       pointer|
|data_77_out_ap_vld         |  out|    1|      ap_vld|                                                                 data_77_out|       pointer|
|data_76_out                |  out|   20|      ap_vld|                                                                 data_76_out|       pointer|
|data_76_out_ap_vld         |  out|    1|      ap_vld|                                                                 data_76_out|       pointer|
|data_75_out                |  out|   20|      ap_vld|                                                                 data_75_out|       pointer|
|data_75_out_ap_vld         |  out|    1|      ap_vld|                                                                 data_75_out|       pointer|
|data_74_out                |  out|   20|      ap_vld|                                                                 data_74_out|       pointer|
|data_74_out_ap_vld         |  out|    1|      ap_vld|                                                                 data_74_out|       pointer|
|data_73_out                |  out|   20|      ap_vld|                                                                 data_73_out|       pointer|
|data_73_out_ap_vld         |  out|    1|      ap_vld|                                                                 data_73_out|       pointer|
|data_72_out                |  out|   20|      ap_vld|                                                                 data_72_out|       pointer|
|data_72_out_ap_vld         |  out|    1|      ap_vld|                                                                 data_72_out|       pointer|
|data_71_out                |  out|   20|      ap_vld|                                                                 data_71_out|       pointer|
|data_71_out_ap_vld         |  out|    1|      ap_vld|                                                                 data_71_out|       pointer|
|data_70_out                |  out|   20|      ap_vld|                                                                 data_70_out|       pointer|
|data_70_out_ap_vld         |  out|    1|      ap_vld|                                                                 data_70_out|       pointer|
|data_69_out                |  out|   20|      ap_vld|                                                                 data_69_out|       pointer|
|data_69_out_ap_vld         |  out|    1|      ap_vld|                                                                 data_69_out|       pointer|
|data_68_out                |  out|   20|      ap_vld|                                                                 data_68_out|       pointer|
|data_68_out_ap_vld         |  out|    1|      ap_vld|                                                                 data_68_out|       pointer|
|data_67_out                |  out|   20|      ap_vld|                                                                 data_67_out|       pointer|
|data_67_out_ap_vld         |  out|    1|      ap_vld|                                                                 data_67_out|       pointer|
|data_66_out                |  out|   20|      ap_vld|                                                                 data_66_out|       pointer|
|data_66_out_ap_vld         |  out|    1|      ap_vld|                                                                 data_66_out|       pointer|
|data_65_out                |  out|   20|      ap_vld|                                                                 data_65_out|       pointer|
|data_65_out_ap_vld         |  out|    1|      ap_vld|                                                                 data_65_out|       pointer|
|data_64_out                |  out|   20|      ap_vld|                                                                 data_64_out|       pointer|
|data_64_out_ap_vld         |  out|    1|      ap_vld|                                                                 data_64_out|       pointer|
|data_63_out                |  out|   20|      ap_vld|                                                                 data_63_out|       pointer|
|data_63_out_ap_vld         |  out|    1|      ap_vld|                                                                 data_63_out|       pointer|
|data_62_out                |  out|   20|      ap_vld|                                                                 data_62_out|       pointer|
|data_62_out_ap_vld         |  out|    1|      ap_vld|                                                                 data_62_out|       pointer|
|data_61_out                |  out|   20|      ap_vld|                                                                 data_61_out|       pointer|
|data_61_out_ap_vld         |  out|    1|      ap_vld|                                                                 data_61_out|       pointer|
|data_60_out                |  out|   20|      ap_vld|                                                                 data_60_out|       pointer|
|data_60_out_ap_vld         |  out|    1|      ap_vld|                                                                 data_60_out|       pointer|
|data_59_out                |  out|   20|      ap_vld|                                                                 data_59_out|       pointer|
|data_59_out_ap_vld         |  out|    1|      ap_vld|                                                                 data_59_out|       pointer|
|data_58_out                |  out|   20|      ap_vld|                                                                 data_58_out|       pointer|
|data_58_out_ap_vld         |  out|    1|      ap_vld|                                                                 data_58_out|       pointer|
|data_57_out                |  out|   20|      ap_vld|                                                                 data_57_out|       pointer|
|data_57_out_ap_vld         |  out|    1|      ap_vld|                                                                 data_57_out|       pointer|
|data_56_out                |  out|   20|      ap_vld|                                                                 data_56_out|       pointer|
|data_56_out_ap_vld         |  out|    1|      ap_vld|                                                                 data_56_out|       pointer|
|data_55_out                |  out|   20|      ap_vld|                                                                 data_55_out|       pointer|
|data_55_out_ap_vld         |  out|    1|      ap_vld|                                                                 data_55_out|       pointer|
|data_54_out                |  out|   20|      ap_vld|                                                                 data_54_out|       pointer|
|data_54_out_ap_vld         |  out|    1|      ap_vld|                                                                 data_54_out|       pointer|
|data_53_out                |  out|   20|      ap_vld|                                                                 data_53_out|       pointer|
|data_53_out_ap_vld         |  out|    1|      ap_vld|                                                                 data_53_out|       pointer|
|data_52_out                |  out|   20|      ap_vld|                                                                 data_52_out|       pointer|
|data_52_out_ap_vld         |  out|    1|      ap_vld|                                                                 data_52_out|       pointer|
|data_51_out                |  out|   20|      ap_vld|                                                                 data_51_out|       pointer|
|data_51_out_ap_vld         |  out|    1|      ap_vld|                                                                 data_51_out|       pointer|
|data_50_out                |  out|   20|      ap_vld|                                                                 data_50_out|       pointer|
|data_50_out_ap_vld         |  out|    1|      ap_vld|                                                                 data_50_out|       pointer|
|data_49_out                |  out|   20|      ap_vld|                                                                 data_49_out|       pointer|
|data_49_out_ap_vld         |  out|    1|      ap_vld|                                                                 data_49_out|       pointer|
|data_48_out                |  out|   20|      ap_vld|                                                                 data_48_out|       pointer|
|data_48_out_ap_vld         |  out|    1|      ap_vld|                                                                 data_48_out|       pointer|
|data_47_out                |  out|   20|      ap_vld|                                                                 data_47_out|       pointer|
|data_47_out_ap_vld         |  out|    1|      ap_vld|                                                                 data_47_out|       pointer|
|data_46_out                |  out|   20|      ap_vld|                                                                 data_46_out|       pointer|
|data_46_out_ap_vld         |  out|    1|      ap_vld|                                                                 data_46_out|       pointer|
|data_45_out                |  out|   20|      ap_vld|                                                                 data_45_out|       pointer|
|data_45_out_ap_vld         |  out|    1|      ap_vld|                                                                 data_45_out|       pointer|
|data_44_out                |  out|   20|      ap_vld|                                                                 data_44_out|       pointer|
|data_44_out_ap_vld         |  out|    1|      ap_vld|                                                                 data_44_out|       pointer|
|data_43_out                |  out|   20|      ap_vld|                                                                 data_43_out|       pointer|
|data_43_out_ap_vld         |  out|    1|      ap_vld|                                                                 data_43_out|       pointer|
|data_42_out                |  out|   20|      ap_vld|                                                                 data_42_out|       pointer|
|data_42_out_ap_vld         |  out|    1|      ap_vld|                                                                 data_42_out|       pointer|
|data_41_out                |  out|   20|      ap_vld|                                                                 data_41_out|       pointer|
|data_41_out_ap_vld         |  out|    1|      ap_vld|                                                                 data_41_out|       pointer|
|data_40_out                |  out|   20|      ap_vld|                                                                 data_40_out|       pointer|
|data_40_out_ap_vld         |  out|    1|      ap_vld|                                                                 data_40_out|       pointer|
|data_39_out                |  out|   20|      ap_vld|                                                                 data_39_out|       pointer|
|data_39_out_ap_vld         |  out|    1|      ap_vld|                                                                 data_39_out|       pointer|
|data_38_out                |  out|   20|      ap_vld|                                                                 data_38_out|       pointer|
|data_38_out_ap_vld         |  out|    1|      ap_vld|                                                                 data_38_out|       pointer|
|data_37_out                |  out|   20|      ap_vld|                                                                 data_37_out|       pointer|
|data_37_out_ap_vld         |  out|    1|      ap_vld|                                                                 data_37_out|       pointer|
|data_36_out                |  out|   20|      ap_vld|                                                                 data_36_out|       pointer|
|data_36_out_ap_vld         |  out|    1|      ap_vld|                                                                 data_36_out|       pointer|
|data_35_out                |  out|   20|      ap_vld|                                                                 data_35_out|       pointer|
|data_35_out_ap_vld         |  out|    1|      ap_vld|                                                                 data_35_out|       pointer|
|data_34_out                |  out|   20|      ap_vld|                                                                 data_34_out|       pointer|
|data_34_out_ap_vld         |  out|    1|      ap_vld|                                                                 data_34_out|       pointer|
|data_33_out                |  out|   20|      ap_vld|                                                                 data_33_out|       pointer|
|data_33_out_ap_vld         |  out|    1|      ap_vld|                                                                 data_33_out|       pointer|
|data_32_out                |  out|   20|      ap_vld|                                                                 data_32_out|       pointer|
|data_32_out_ap_vld         |  out|    1|      ap_vld|                                                                 data_32_out|       pointer|
|data_31_out                |  out|   20|      ap_vld|                                                                 data_31_out|       pointer|
|data_31_out_ap_vld         |  out|    1|      ap_vld|                                                                 data_31_out|       pointer|
|data_30_out                |  out|   20|      ap_vld|                                                                 data_30_out|       pointer|
|data_30_out_ap_vld         |  out|    1|      ap_vld|                                                                 data_30_out|       pointer|
|data_29_out                |  out|   20|      ap_vld|                                                                 data_29_out|       pointer|
|data_29_out_ap_vld         |  out|    1|      ap_vld|                                                                 data_29_out|       pointer|
|data_28_out                |  out|   20|      ap_vld|                                                                 data_28_out|       pointer|
|data_28_out_ap_vld         |  out|    1|      ap_vld|                                                                 data_28_out|       pointer|
|data_27_out                |  out|   20|      ap_vld|                                                                 data_27_out|       pointer|
|data_27_out_ap_vld         |  out|    1|      ap_vld|                                                                 data_27_out|       pointer|
|data_26_out                |  out|   20|      ap_vld|                                                                 data_26_out|       pointer|
|data_26_out_ap_vld         |  out|    1|      ap_vld|                                                                 data_26_out|       pointer|
|data_25_out                |  out|   20|      ap_vld|                                                                 data_25_out|       pointer|
|data_25_out_ap_vld         |  out|    1|      ap_vld|                                                                 data_25_out|       pointer|
|data_24_out                |  out|   20|      ap_vld|                                                                 data_24_out|       pointer|
|data_24_out_ap_vld         |  out|    1|      ap_vld|                                                                 data_24_out|       pointer|
|data_23_out                |  out|   20|      ap_vld|                                                                 data_23_out|       pointer|
|data_23_out_ap_vld         |  out|    1|      ap_vld|                                                                 data_23_out|       pointer|
|data_22_out                |  out|   20|      ap_vld|                                                                 data_22_out|       pointer|
|data_22_out_ap_vld         |  out|    1|      ap_vld|                                                                 data_22_out|       pointer|
|data_21_out                |  out|   20|      ap_vld|                                                                 data_21_out|       pointer|
|data_21_out_ap_vld         |  out|    1|      ap_vld|                                                                 data_21_out|       pointer|
|data_20_out                |  out|   20|      ap_vld|                                                                 data_20_out|       pointer|
|data_20_out_ap_vld         |  out|    1|      ap_vld|                                                                 data_20_out|       pointer|
|data_19_out                |  out|   20|      ap_vld|                                                                 data_19_out|       pointer|
|data_19_out_ap_vld         |  out|    1|      ap_vld|                                                                 data_19_out|       pointer|
|data_18_out                |  out|   20|      ap_vld|                                                                 data_18_out|       pointer|
|data_18_out_ap_vld         |  out|    1|      ap_vld|                                                                 data_18_out|       pointer|
|data_17_out                |  out|   20|      ap_vld|                                                                 data_17_out|       pointer|
|data_17_out_ap_vld         |  out|    1|      ap_vld|                                                                 data_17_out|       pointer|
|data_16_out                |  out|   20|      ap_vld|                                                                 data_16_out|       pointer|
|data_16_out_ap_vld         |  out|    1|      ap_vld|                                                                 data_16_out|       pointer|
|data_15_out                |  out|   20|      ap_vld|                                                                 data_15_out|       pointer|
|data_15_out_ap_vld         |  out|    1|      ap_vld|                                                                 data_15_out|       pointer|
|data_14_out                |  out|   20|      ap_vld|                                                                 data_14_out|       pointer|
|data_14_out_ap_vld         |  out|    1|      ap_vld|                                                                 data_14_out|       pointer|
|data_13_out                |  out|   20|      ap_vld|                                                                 data_13_out|       pointer|
|data_13_out_ap_vld         |  out|    1|      ap_vld|                                                                 data_13_out|       pointer|
|data_12_out                |  out|   20|      ap_vld|                                                                 data_12_out|       pointer|
|data_12_out_ap_vld         |  out|    1|      ap_vld|                                                                 data_12_out|       pointer|
|data_11_out                |  out|   20|      ap_vld|                                                                 data_11_out|       pointer|
|data_11_out_ap_vld         |  out|    1|      ap_vld|                                                                 data_11_out|       pointer|
|data_10_out                |  out|   20|      ap_vld|                                                                 data_10_out|       pointer|
|data_10_out_ap_vld         |  out|    1|      ap_vld|                                                                 data_10_out|       pointer|
|data_9_out                 |  out|   20|      ap_vld|                                                                  data_9_out|       pointer|
|data_9_out_ap_vld          |  out|    1|      ap_vld|                                                                  data_9_out|       pointer|
|data_8_out                 |  out|   20|      ap_vld|                                                                  data_8_out|       pointer|
|data_8_out_ap_vld          |  out|    1|      ap_vld|                                                                  data_8_out|       pointer|
|data_7_out                 |  out|   20|      ap_vld|                                                                  data_7_out|       pointer|
|data_7_out_ap_vld          |  out|    1|      ap_vld|                                                                  data_7_out|       pointer|
|data_6_out                 |  out|   20|      ap_vld|                                                                  data_6_out|       pointer|
|data_6_out_ap_vld          |  out|    1|      ap_vld|                                                                  data_6_out|       pointer|
|data_5_out                 |  out|   20|      ap_vld|                                                                  data_5_out|       pointer|
|data_5_out_ap_vld          |  out|    1|      ap_vld|                                                                  data_5_out|       pointer|
|data_4_out                 |  out|   20|      ap_vld|                                                                  data_4_out|       pointer|
|data_4_out_ap_vld          |  out|    1|      ap_vld|                                                                  data_4_out|       pointer|
|data_3_out                 |  out|   20|      ap_vld|                                                                  data_3_out|       pointer|
|data_3_out_ap_vld          |  out|    1|      ap_vld|                                                                  data_3_out|       pointer|
|data_2_out                 |  out|   20|      ap_vld|                                                                  data_2_out|       pointer|
|data_2_out_ap_vld          |  out|    1|      ap_vld|                                                                  data_2_out|       pointer|
|data_1_out                 |  out|   20|      ap_vld|                                                                  data_1_out|       pointer|
|data_1_out_ap_vld          |  out|    1|      ap_vld|                                                                  data_1_out|       pointer|
|data_out                   |  out|   20|      ap_vld|                                                                    data_out|       pointer|
|data_out_ap_vld            |  out|    1|      ap_vld|                                                                    data_out|       pointer|
+---------------------------+-----+-----+------------+----------------------------------------------------------------------------+--------------+

