

================================================================
== Vitis HLS Report for 'dense_resource_rf_gt_nin_rem0_ap_fixed_ap_fixed_24_12_5_3_0_config12_s'
================================================================
* Date:           Sun Aug 30 16:00:54 2026

* Version:        2024.1 (Build 5069499 on May 21 2024)
* Project:        myproject_prj
* Solution:       solution1 (Vivado IP Flow Target)
* Product family: zynq
* Target device:  xc7z020-clg400-1


================================================================
== Performance Estimates
================================================================
+ Timing: 
    * Summary: 
    +--------+----------+-----------+------------+
    |  Clock |  Target  | Estimated | Uncertainty|
    +--------+----------+-----------+------------+
    |ap_clk  |  20.00 ns|  13.262 ns|     5.40 ns|
    +--------+----------+-----------+------------+

+ Latency: 
    * Summary: 
    +---------+---------+-----------+-----------+------+------+------------------------------------------+
    |  Latency (cycles) |   Latency (absolute)  |   Interval  |                 Pipeline                 |
    |   min   |   max   |    min    |    max    |  min |  max |                   Type                   |
    +---------+---------+-----------+-----------+------+------+------------------------------------------+
    |     3150|     3151|  63.000 us|  63.020 us|  3150|  3150|  loop rewind stp(delay=0 clock cycles(s))|
    +---------+---------+-----------+-----------+------+------+------------------------------------------+

    + Detail: 
        * Instance: 
        N/A

        * Loop: 
        +-------------+---------+---------+----------+-----------+-----------+------+----------+
        |             |  Latency (cycles) | Iteration|  Initiation Interval  | Trip |          |
        |  Loop Name  |   min   |   max   |  Latency |  achieved |   target  | Count| Pipelined|
        +-------------+---------+---------+----------+-----------+-----------+------+----------+
        |- ReuseLoop  |     3150|     3150|         2|          1|          1|  3150|       yes|
        +-------------+---------+---------+----------+-----------+-----------+------+----------+



================================================================
== Utilization Estimates
================================================================
* Summary: 
+-----------------+---------+-----+--------+-------+-----+
|       Name      | BRAM_18K| DSP |   FF   |  LUT  | URAM|
+-----------------+---------+-----+--------+-------+-----+
|DSP              |        -|    -|       -|      -|    -|
|Expression       |        -|    -|       0|    537|    -|
|FIFO             |        -|    -|       -|      -|    -|
|Instance         |        -|    1|       0|   2419|    -|
|Memory           |        5|    -|       0|      0|    -|
|Multiplexer      |        -|    -|       0|  12809|    -|
|Register         |        -|    -|    9463|      -|    -|
+-----------------+---------+-----+--------+-------+-----+
|Total            |        5|    1|    9463|  15765|    0|
+-----------------+---------+-----+--------+-------+-----+
|Available        |      280|  220|  106400|  53200|    0|
+-----------------+---------+-----+--------+-------+-----+
|Utilization (%)  |        1|   ~0|       8|     29|    0|
+-----------------+---------+-----+--------+-------+-----+

+ Detail: 
    * Instance: 
    +------------------------------+------------------------+---------+----+---+------+-----+
    |           Instance           |         Module         | BRAM_18K| DSP| FF|  LUT | URAM|
    +------------------------------+------------------------+---------+----+---+------+-----+
    |mul_20s_13s_32_1_1_U1054      |mul_20s_13s_32_1_1      |        0|   1|  0|    12|    0|
    |sparsemux_15_3_26_1_1_U1055   |sparsemux_15_3_26_1_1   |        0|   0|  0|    37|    0|
    |sparsemux_901_9_20_1_1_U1053  |sparsemux_901_9_20_1_1  |        0|   0|  0|  2370|    0|
    +------------------------------+------------------------+---------+----+---+------+-----+
    |Total                         |                        |        0|   1|  0|  2419|    0|
    +------------------------------+------------------------+---------+----+---+------+-----+

    * DSP: 
    N/A

    * Memory: 
    +----------+----------------------------------------------------------------------------------+---------+---+----+-----+------+-----+------+-------------+
    |  Memory  |                                      Module                                      | BRAM_18K| FF| LUT| URAM| Words| Bits| Banks| W*Bits*Banks|
    +----------+----------------------------------------------------------------------------------+---------+---+----+-----+------+-----+------+-------------+
    |outidx_U  |dense_resource_rf_gt_nin_rem0_ap_fixed_ap_fixed_24_12_5_3_0_config12_s_outidx9j0  |        1|  0|   0|    0|  3150|    3|     1|         9450|
    |w12_U     |dense_resource_rf_gt_nin_rem0_ap_fixed_ap_fixed_24_12_5_3_0_config12_s_w12_RObak  |        4|  0|   0|    0|  3150|   13|     1|        40950|
    +----------+----------------------------------------------------------------------------------+---------+---+----+-----+------+-----+------+-------------+
    |Total     |                                                                                  |        5|  0|   0|    0|  6300|   16|     2|        50400|
    +----------+----------------------------------------------------------------------------------+---------+---+----+-----+------+-----+------+-------------+

    * FIFO: 
    N/A

    * Expression: 
    +--------------------------+----------+----+---+----+------------+------------+
    |       Variable Name      | Operation| DSP| FF| LUT| Bitwidth P0| Bitwidth P1|
    +--------------------------+----------+----+---+----+------------+------------+
    |acc_8_fu_18833_p2         |         +|   0|  0|  33|          26|          26|
    |in_index_1_fu_18734_p2    |         +|   0|  0|  39|          32|           1|
    |w_index_fu_18754_p2       |         +|   0|  0|  12|          12|           1|
    |sub_ln144_fu_18839_p2     |         -|   0|  0|  34|           1|          27|
    |ap_condition_2376         |       and|   0|  0|   2|           1|           1|
    |ap_condition_37           |       and|   0|  0|   2|           1|           1|
    |icmp_ln135_fu_18760_p2    |      icmp|   0|  0|  12|          12|          11|
    |icmp_ln144_1_fu_18851_p2  |      icmp|   0|  0|  11|           3|           1|
    |icmp_ln144_2_fu_18857_p2  |      icmp|   0|  0|  11|           3|           2|
    |icmp_ln144_3_fu_18863_p2  |      icmp|   0|  0|  11|           3|           2|
    |icmp_ln144_4_fu_18869_p2  |      icmp|   0|  0|  13|           3|           4|
    |icmp_ln144_5_fu_18875_p2  |      icmp|   0|  0|  11|           3|           3|
    |icmp_ln144_6_fu_18881_p2  |      icmp|   0|  0|  34|          27|          27|
    |icmp_ln144_fu_18845_p2    |      icmp|   0|  0|  11|           3|           1|
    |icmp_ln154_fu_18740_p2    |      icmp|   0|  0|  39|          32|           9|
    |or_ln144_1_fu_18893_p2    |        or|   0|  0|   2|           1|           1|
    |or_ln144_2_fu_18899_p2    |        or|   0|  0|   2|           1|           1|
    |or_ln144_3_fu_18905_p2    |        or|   0|  0|   2|           1|           1|
    |or_ln144_4_fu_18911_p2    |        or|   0|  0|   2|           1|           1|
    |or_ln144_5_fu_18917_p2    |        or|   0|  0|   2|           1|           1|
    |or_ln144_6_fu_18931_p2    |        or|   0|  0|   2|           1|           1|
    |or_ln144_7_fu_18937_p2    |        or|   0|  0|   2|           1|           1|
    |or_ln144_8_fu_18943_p2    |        or|   0|  0|   2|           1|           1|
    |or_ln144_9_fu_18949_p2    |        or|   0|  0|   2|           1|           1|
    |or_ln144_fu_18887_p2      |        or|   0|  0|   2|           1|           1|
    |acc_1_fu_18995_p3         |    select|   0|  0|  26|           1|          26|
    |acc_2_fu_18987_p3         |    select|   0|  0|  26|           1|          26|
    |acc_3_fu_18979_p3         |    select|   0|  0|  26|           1|          26|
    |acc_4_fu_18971_p3         |    select|   0|  0|  26|           1|          26|
    |acc_5_fu_18963_p3         |    select|   0|  0|  26|           1|          26|
    |acc_6_fu_18955_p3         |    select|   0|  0|  26|           1|          26|
    |acc_7_fu_18923_p3         |    select|   0|  0|  26|           1|          26|
    |acc_fu_19003_p3           |    select|   0|  0|  26|           1|          26|
    |in_index_fu_18746_p3      |    select|   0|  0|  32|           1|           1|
    |ap_enable_pp0             |       xor|   0|  0|   2|           1|           2|
    +--------------------------+----------+----+---+----+------------+------------+
    |Total                     |          |   0|  0| 537|         182|         338|
    +--------------------------+----------+----+---+----+------------+------------+

    * Multiplexer: 
    +------------------------------------------------+-----+-----------+-----+-----------+
    |                      Name                      | LUT | Input Size| Bits| Total Bits|
    +------------------------------------------------+-----+-----------+-----+-----------+
    |acc22_reg_16818                                 |    9|          2|   26|         52|
    |acc_120_reg_16832                               |    9|          2|   26|         52|
    |acc_218_reg_16846                               |    9|          2|   26|         52|
    |acc_316_reg_16860                               |    9|          2|   26|         52|
    |acc_414_reg_16874                               |    9|          2|   26|         52|
    |acc_512_reg_16888                               |    9|          2|   26|         52|
    |acc_610_reg_16902                               |    9|          2|   26|         52|
    |ap_NS_fsm                                       |   14|          3|    1|          3|
    |ap_enable_reg_pp0_iter1                         |    9|          2|    1|          2|
    |ap_phi_mux_data_0_val26_phi_phi_fu_10972_p4     |   14|          3|   20|         60|
    |ap_phi_mux_data_100_val126_phi_phi_fu_12272_p4  |   14|          3|   20|         60|
    |ap_phi_mux_data_101_val127_phi_phi_fu_12285_p4  |   14|          3|   20|         60|
    |ap_phi_mux_data_102_val128_phi_phi_fu_12298_p4  |   14|          3|   20|         60|
    |ap_phi_mux_data_103_val129_phi_phi_fu_12311_p4  |   14|          3|   20|         60|
    |ap_phi_mux_data_104_val130_phi_phi_fu_12324_p4  |   14|          3|   20|         60|
    |ap_phi_mux_data_105_val131_phi_phi_fu_12337_p4  |   14|          3|   20|         60|
    |ap_phi_mux_data_106_val132_phi_phi_fu_12350_p4  |   14|          3|   20|         60|
    |ap_phi_mux_data_107_val133_phi_phi_fu_12363_p4  |   14|          3|   20|         60|
    |ap_phi_mux_data_108_val134_phi_phi_fu_12376_p4  |   14|          3|   20|         60|
    |ap_phi_mux_data_109_val135_phi_phi_fu_12389_p4  |   14|          3|   20|         60|
    |ap_phi_mux_data_10_val36_phi_phi_fu_11102_p4    |   14|          3|   20|         60|
    |ap_phi_mux_data_110_val136_phi_phi_fu_12402_p4  |   14|          3|   20|         60|
    |ap_phi_mux_data_111_val137_phi_phi_fu_12415_p4  |   14|          3|   20|         60|
    |ap_phi_mux_data_112_val138_phi_phi_fu_12428_p4  |   14|          3|   20|         60|
    |ap_phi_mux_data_113_val139_phi_phi_fu_12441_p4  |   14|          3|   20|         60|
    |ap_phi_mux_data_114_val140_phi_phi_fu_12454_p4  |   14|          3|   20|         60|
    |ap_phi_mux_data_115_val141_phi_phi_fu_12467_p4  |   14|          3|   20|         60|
    |ap_phi_mux_data_116_val142_phi_phi_fu_12480_p4  |   14|          3|   20|         60|
    |ap_phi_mux_data_117_val143_phi_phi_fu_12493_p4  |   14|          3|   20|         60|
    |ap_phi_mux_data_118_val144_phi_phi_fu_12506_p4  |   14|          3|   20|         60|
    |ap_phi_mux_data_119_val145_phi_phi_fu_12519_p4  |   14|          3|   20|         60|
    |ap_phi_mux_data_11_val37_phi_phi_fu_11115_p4    |   14|          3|   20|         60|
    |ap_phi_mux_data_120_val146_phi_phi_fu_12532_p4  |   14|          3|   20|         60|
    |ap_phi_mux_data_121_val147_phi_phi_fu_12545_p4  |   14|          3|   20|         60|
    |ap_phi_mux_data_122_val148_phi_phi_fu_12558_p4  |   14|          3|   20|         60|
    |ap_phi_mux_data_123_val149_phi_phi_fu_12571_p4  |   14|          3|   20|         60|
    |ap_phi_mux_data_124_val150_phi_phi_fu_12584_p4  |   14|          3|   20|         60|
    |ap_phi_mux_data_125_val151_phi_phi_fu_12597_p4  |   14|          3|   20|         60|
    |ap_phi_mux_data_126_val152_phi_phi_fu_12610_p4  |   14|          3|   20|         60|
    |ap_phi_mux_data_127_val153_phi_phi_fu_12623_p4  |   14|          3|   20|         60|
    |ap_phi_mux_data_128_val154_phi_phi_fu_12636_p4  |   14|          3|   20|         60|
    |ap_phi_mux_data_129_val155_phi_phi_fu_12649_p4  |   14|          3|   20|         60|
    |ap_phi_mux_data_12_val38_phi_phi_fu_11128_p4    |   14|          3|   20|         60|
    |ap_phi_mux_data_130_val156_phi_phi_fu_12662_p4  |   14|          3|   20|         60|
    |ap_phi_mux_data_131_val157_phi_phi_fu_12675_p4  |   14|          3|   20|         60|
    |ap_phi_mux_data_132_val158_phi_phi_fu_12688_p4  |   14|          3|   20|         60|
    |ap_phi_mux_data_133_val159_phi_phi_fu_12701_p4  |   14|          3|   20|         60|
    |ap_phi_mux_data_134_val160_phi_phi_fu_12714_p4  |   14|          3|   20|         60|
    |ap_phi_mux_data_135_val161_phi_phi_fu_12727_p4  |   14|          3|   20|         60|
    |ap_phi_mux_data_136_val162_phi_phi_fu_12740_p4  |   14|          3|   20|         60|
    |ap_phi_mux_data_137_val163_phi_phi_fu_12753_p4  |   14|          3|   20|         60|
    |ap_phi_mux_data_138_val164_phi_phi_fu_12766_p4  |   14|          3|   20|         60|
    |ap_phi_mux_data_139_val165_phi_phi_fu_12779_p4  |   14|          3|   20|         60|
    |ap_phi_mux_data_13_val39_phi_phi_fu_11141_p4    |   14|          3|   20|         60|
    |ap_phi_mux_data_140_val166_phi_phi_fu_12792_p4  |   14|          3|   20|         60|
    |ap_phi_mux_data_141_val167_phi_phi_fu_12805_p4  |   14|          3|   20|         60|
    |ap_phi_mux_data_142_val168_phi_phi_fu_12818_p4  |   14|          3|   20|         60|
    |ap_phi_mux_data_143_val169_phi_phi_fu_12831_p4  |   14|          3|   20|         60|
    |ap_phi_mux_data_144_val170_phi_phi_fu_12844_p4  |   14|          3|   20|         60|
    |ap_phi_mux_data_145_val171_phi_phi_fu_12857_p4  |   14|          3|   20|         60|
    |ap_phi_mux_data_146_val172_phi_phi_fu_12870_p4  |   14|          3|   20|         60|
    |ap_phi_mux_data_147_val173_phi_phi_fu_12883_p4  |   14|          3|   20|         60|
    |ap_phi_mux_data_148_val174_phi_phi_fu_12896_p4  |   14|          3|   20|         60|
    |ap_phi_mux_data_149_val175_phi_phi_fu_12909_p4  |   14|          3|   20|         60|
    |ap_phi_mux_data_14_val40_phi_phi_fu_11154_p4    |   14|          3|   20|         60|
    |ap_phi_mux_data_150_val176_phi_phi_fu_12922_p4  |   14|          3|   20|         60|
    |ap_phi_mux_data_151_val177_phi_phi_fu_12935_p4  |   14|          3|   20|         60|
    |ap_phi_mux_data_152_val178_phi_phi_fu_12948_p4  |   14|          3|   20|         60|
    |ap_phi_mux_data_153_val179_phi_phi_fu_12961_p4  |   14|          3|   20|         60|
    |ap_phi_mux_data_154_val180_phi_phi_fu_12974_p4  |   14|          3|   20|         60|
    |ap_phi_mux_data_155_val181_phi_phi_fu_12987_p4  |   14|          3|   20|         60|
    |ap_phi_mux_data_156_val182_phi_phi_fu_13000_p4  |   14|          3|   20|         60|
    |ap_phi_mux_data_157_val183_phi_phi_fu_13013_p4  |   14|          3|   20|         60|
    |ap_phi_mux_data_158_val184_phi_phi_fu_13026_p4  |   14|          3|   20|         60|
    |ap_phi_mux_data_159_val185_phi_phi_fu_13039_p4  |   14|          3|   20|         60|
    |ap_phi_mux_data_15_val41_phi_phi_fu_11167_p4    |   14|          3|   20|         60|
    |ap_phi_mux_data_160_val186_phi_phi_fu_13052_p4  |   14|          3|   20|         60|
    |ap_phi_mux_data_161_val187_phi_phi_fu_13065_p4  |   14|          3|   20|         60|
    |ap_phi_mux_data_162_val188_phi_phi_fu_13078_p4  |   14|          3|   20|         60|
    |ap_phi_mux_data_163_val189_phi_phi_fu_13091_p4  |   14|          3|   20|         60|
    |ap_phi_mux_data_164_val190_phi_phi_fu_13104_p4  |   14|          3|   20|         60|
    |ap_phi_mux_data_165_val191_phi_phi_fu_13117_p4  |   14|          3|   20|         60|
    |ap_phi_mux_data_166_val192_phi_phi_fu_13130_p4  |   14|          3|   20|         60|
    |ap_phi_mux_data_167_val193_phi_phi_fu_13143_p4  |   14|          3|   20|         60|
    |ap_phi_mux_data_168_val194_phi_phi_fu_13156_p4  |   14|          3|   20|         60|
    |ap_phi_mux_data_169_val195_phi_phi_fu_13169_p4  |   14|          3|   20|         60|
    |ap_phi_mux_data_16_val42_phi_phi_fu_11180_p4    |   14|          3|   20|         60|
    |ap_phi_mux_data_170_val196_phi_phi_fu_13182_p4  |   14|          3|   20|         60|
    |ap_phi_mux_data_171_val197_phi_phi_fu_13195_p4  |   14|          3|   20|         60|
    |ap_phi_mux_data_172_val198_phi_phi_fu_13208_p4  |   14|          3|   20|         60|
    |ap_phi_mux_data_173_val199_phi_phi_fu_13221_p4  |   14|          3|   20|         60|
    |ap_phi_mux_data_174_val200_phi_phi_fu_13234_p4  |   14|          3|   20|         60|
    |ap_phi_mux_data_175_val201_phi_phi_fu_13247_p4  |   14|          3|   20|         60|
    |ap_phi_mux_data_176_val202_phi_phi_fu_13260_p4  |   14|          3|   20|         60|
    |ap_phi_mux_data_177_val203_phi_phi_fu_13273_p4  |   14|          3|   20|         60|
    |ap_phi_mux_data_178_val204_phi_phi_fu_13286_p4  |   14|          3|   20|         60|
    |ap_phi_mux_data_179_val205_phi_phi_fu_13299_p4  |   14|          3|   20|         60|
    |ap_phi_mux_data_17_val43_phi_phi_fu_11193_p4    |   14|          3|   20|         60|
    |ap_phi_mux_data_180_val206_phi_phi_fu_13312_p4  |   14|          3|   20|         60|
    |ap_phi_mux_data_181_val207_phi_phi_fu_13325_p4  |   14|          3|   20|         60|
    |ap_phi_mux_data_182_val208_phi_phi_fu_13338_p4  |   14|          3|   20|         60|
    |ap_phi_mux_data_183_val209_phi_phi_fu_13351_p4  |   14|          3|   20|         60|
    |ap_phi_mux_data_184_val210_phi_phi_fu_13364_p4  |   14|          3|   20|         60|
    |ap_phi_mux_data_185_val211_phi_phi_fu_13377_p4  |   14|          3|   20|         60|
    |ap_phi_mux_data_186_val212_phi_phi_fu_13390_p4  |   14|          3|   20|         60|
    |ap_phi_mux_data_187_val213_phi_phi_fu_13403_p4  |   14|          3|   20|         60|
    |ap_phi_mux_data_188_val214_phi_phi_fu_13416_p4  |   14|          3|   20|         60|
    |ap_phi_mux_data_189_val215_phi_phi_fu_13429_p4  |   14|          3|   20|         60|
    |ap_phi_mux_data_18_val44_phi_phi_fu_11206_p4    |   14|          3|   20|         60|
    |ap_phi_mux_data_190_val216_phi_phi_fu_13442_p4  |   14|          3|   20|         60|
    |ap_phi_mux_data_191_val217_phi_phi_fu_13455_p4  |   14|          3|   20|         60|
    |ap_phi_mux_data_192_val218_phi_phi_fu_13468_p4  |   14|          3|   20|         60|
    |ap_phi_mux_data_193_val219_phi_phi_fu_13481_p4  |   14|          3|   20|         60|
    |ap_phi_mux_data_194_val220_phi_phi_fu_13494_p4  |   14|          3|   20|         60|
    |ap_phi_mux_data_195_val221_phi_phi_fu_13507_p4  |   14|          3|   20|         60|
    |ap_phi_mux_data_196_val222_phi_phi_fu_13520_p4  |   14|          3|   20|         60|
    |ap_phi_mux_data_197_val223_phi_phi_fu_13533_p4  |   14|          3|   20|         60|
    |ap_phi_mux_data_198_val224_phi_phi_fu_13546_p4  |   14|          3|   20|         60|
    |ap_phi_mux_data_199_val225_phi_phi_fu_13559_p4  |   14|          3|   20|         60|
    |ap_phi_mux_data_19_val45_phi_phi_fu_11219_p4    |   14|          3|   20|         60|
    |ap_phi_mux_data_1_val27_phi_phi_fu_10985_p4     |   14|          3|   20|         60|
    |ap_phi_mux_data_200_val226_phi_phi_fu_13572_p4  |   14|          3|   20|         60|
    |ap_phi_mux_data_201_val227_phi_phi_fu_13585_p4  |   14|          3|   20|         60|
    |ap_phi_mux_data_202_val228_phi_phi_fu_13598_p4  |   14|          3|   20|         60|
    |ap_phi_mux_data_203_val229_phi_phi_fu_13611_p4  |   14|          3|   20|         60|
    |ap_phi_mux_data_204_val230_phi_phi_fu_13624_p4  |   14|          3|   20|         60|
    |ap_phi_mux_data_205_val231_phi_phi_fu_13637_p4  |   14|          3|   20|         60|
    |ap_phi_mux_data_206_val232_phi_phi_fu_13650_p4  |   14|          3|   20|         60|
    |ap_phi_mux_data_207_val233_phi_phi_fu_13663_p4  |   14|          3|   20|         60|
    |ap_phi_mux_data_208_val234_phi_phi_fu_13676_p4  |   14|          3|   20|         60|
    |ap_phi_mux_data_209_val235_phi_phi_fu_13689_p4  |   14|          3|   20|         60|
    |ap_phi_mux_data_20_val46_phi_phi_fu_11232_p4    |   14|          3|   20|         60|
    |ap_phi_mux_data_210_val236_phi_phi_fu_13702_p4  |   14|          3|   20|         60|
    |ap_phi_mux_data_211_val237_phi_phi_fu_13715_p4  |   14|          3|   20|         60|
    |ap_phi_mux_data_212_val238_phi_phi_fu_13728_p4  |   14|          3|   20|         60|
    |ap_phi_mux_data_213_val239_phi_phi_fu_13741_p4  |   14|          3|   20|         60|
    |ap_phi_mux_data_214_val240_phi_phi_fu_13754_p4  |   14|          3|   20|         60|
    |ap_phi_mux_data_215_val241_phi_phi_fu_13767_p4  |   14|          3|   20|         60|
    |ap_phi_mux_data_216_val242_phi_phi_fu_13780_p4  |   14|          3|   20|         60|
    |ap_phi_mux_data_217_val243_phi_phi_fu_13793_p4  |   14|          3|   20|         60|
    |ap_phi_mux_data_218_val244_phi_phi_fu_13806_p4  |   14|          3|   20|         60|
    |ap_phi_mux_data_219_val245_phi_phi_fu_13819_p4  |   14|          3|   20|         60|
    |ap_phi_mux_data_21_val47_phi_phi_fu_11245_p4    |   14|          3|   20|         60|
    |ap_phi_mux_data_220_val246_phi_phi_fu_13832_p4  |   14|          3|   20|         60|
    |ap_phi_mux_data_221_val247_phi_phi_fu_13845_p4  |   14|          3|   20|         60|
    |ap_phi_mux_data_222_val248_phi_phi_fu_13858_p4  |   14|          3|   20|         60|
    |ap_phi_mux_data_223_val249_phi_phi_fu_13871_p4  |   14|          3|   20|         60|
    |ap_phi_mux_data_224_val250_phi_phi_fu_13884_p4  |   14|          3|   20|         60|
    |ap_phi_mux_data_225_val251_phi_phi_fu_13897_p4  |   14|          3|   20|         60|
    |ap_phi_mux_data_226_val252_phi_phi_fu_13910_p4  |   14|          3|   20|         60|
    |ap_phi_mux_data_227_val253_phi_phi_fu_13923_p4  |   14|          3|   20|         60|
    |ap_phi_mux_data_228_val254_phi_phi_fu_13936_p4  |   14|          3|   20|         60|
    |ap_phi_mux_data_229_val255_phi_phi_fu_13949_p4  |   14|          3|   20|         60|
    |ap_phi_mux_data_22_val48_phi_phi_fu_11258_p4    |   14|          3|   20|         60|
    |ap_phi_mux_data_230_val256_phi_phi_fu_13962_p4  |   14|          3|   20|         60|
    |ap_phi_mux_data_231_val257_phi_phi_fu_13975_p4  |   14|          3|   20|         60|
    |ap_phi_mux_data_232_val258_phi_phi_fu_13988_p4  |   14|          3|   20|         60|
    |ap_phi_mux_data_233_val259_phi_phi_fu_14001_p4  |   14|          3|   20|         60|
    |ap_phi_mux_data_234_val260_phi_phi_fu_14014_p4  |   14|          3|   20|         60|
    |ap_phi_mux_data_235_val261_phi_phi_fu_14027_p4  |   14|          3|   20|         60|
    |ap_phi_mux_data_236_val262_phi_phi_fu_14040_p4  |   14|          3|   20|         60|
    |ap_phi_mux_data_237_val263_phi_phi_fu_14053_p4  |   14|          3|   20|         60|
    |ap_phi_mux_data_238_val264_phi_phi_fu_14066_p4  |   14|          3|   20|         60|
    |ap_phi_mux_data_239_val265_phi_phi_fu_14079_p4  |   14|          3|   20|         60|
    |ap_phi_mux_data_23_val49_phi_phi_fu_11271_p4    |   14|          3|   20|         60|
    |ap_phi_mux_data_240_val266_phi_phi_fu_14092_p4  |   14|          3|   20|         60|
    |ap_phi_mux_data_241_val267_phi_phi_fu_14105_p4  |   14|          3|   20|         60|
    |ap_phi_mux_data_242_val268_phi_phi_fu_14118_p4  |   14|          3|   20|         60|
    |ap_phi_mux_data_243_val269_phi_phi_fu_14131_p4  |   14|          3|   20|         60|
    |ap_phi_mux_data_244_val270_phi_phi_fu_14144_p4  |   14|          3|   20|         60|
    |ap_phi_mux_data_245_val271_phi_phi_fu_14157_p4  |   14|          3|   20|         60|
    |ap_phi_mux_data_246_val272_phi_phi_fu_14170_p4  |   14|          3|   20|         60|
    |ap_phi_mux_data_247_val273_phi_phi_fu_14183_p4  |   14|          3|   20|         60|
    |ap_phi_mux_data_248_val274_phi_phi_fu_14196_p4  |   14|          3|   20|         60|
    |ap_phi_mux_data_249_val275_phi_phi_fu_14209_p4  |   14|          3|   20|         60|
    |ap_phi_mux_data_24_val50_phi_phi_fu_11284_p4    |   14|          3|   20|         60|
    |ap_phi_mux_data_250_val276_phi_phi_fu_14222_p4  |   14|          3|   20|         60|
    |ap_phi_mux_data_251_val277_phi_phi_fu_14235_p4  |   14|          3|   20|         60|
    |ap_phi_mux_data_252_val278_phi_phi_fu_14248_p4  |   14|          3|   20|         60|
    |ap_phi_mux_data_253_val279_phi_phi_fu_14261_p4  |   14|          3|   20|         60|
    |ap_phi_mux_data_254_val280_phi_phi_fu_14274_p4  |   14|          3|   20|         60|
    |ap_phi_mux_data_255_val281_phi_phi_fu_14287_p4  |   14|          3|   20|         60|
    |ap_phi_mux_data_256_val282_phi_phi_fu_14300_p4  |   14|          3|   20|         60|
    |ap_phi_mux_data_257_val283_phi_phi_fu_14313_p4  |   14|          3|   20|         60|
    |ap_phi_mux_data_258_val284_phi_phi_fu_14326_p4  |   14|          3|   20|         60|
    |ap_phi_mux_data_259_val285_phi_phi_fu_14339_p4  |   14|          3|   20|         60|
    |ap_phi_mux_data_25_val51_phi_phi_fu_11297_p4    |   14|          3|   20|         60|
    |ap_phi_mux_data_260_val286_phi_phi_fu_14352_p4  |   14|          3|   20|         60|
    |ap_phi_mux_data_261_val287_phi_phi_fu_14365_p4  |   14|          3|   20|         60|
    |ap_phi_mux_data_262_val288_phi_phi_fu_14378_p4  |   14|          3|   20|         60|
    |ap_phi_mux_data_263_val289_phi_phi_fu_14391_p4  |   14|          3|   20|         60|
    |ap_phi_mux_data_264_val290_phi_phi_fu_14404_p4  |   14|          3|   20|         60|
    |ap_phi_mux_data_265_val291_phi_phi_fu_14417_p4  |   14|          3|   20|         60|
    |ap_phi_mux_data_266_val292_phi_phi_fu_14430_p4  |   14|          3|   20|         60|
    |ap_phi_mux_data_267_val293_phi_phi_fu_14443_p4  |   14|          3|   20|         60|
    |ap_phi_mux_data_268_val294_phi_phi_fu_14456_p4  |   14|          3|   20|         60|
    |ap_phi_mux_data_269_val295_phi_phi_fu_14469_p4  |   14|          3|   20|         60|
    |ap_phi_mux_data_26_val52_phi_phi_fu_11310_p4    |   14|          3|   20|         60|
    |ap_phi_mux_data_270_val296_phi_phi_fu_14482_p4  |   14|          3|   20|         60|
    |ap_phi_mux_data_271_val297_phi_phi_fu_14495_p4  |   14|          3|   20|         60|
    |ap_phi_mux_data_272_val298_phi_phi_fu_14508_p4  |   14|          3|   20|         60|
    |ap_phi_mux_data_273_val299_phi_phi_fu_14521_p4  |   14|          3|   20|         60|
    |ap_phi_mux_data_274_val300_phi_phi_fu_14534_p4  |   14|          3|   20|         60|
    |ap_phi_mux_data_275_val301_phi_phi_fu_14547_p4  |   14|          3|   20|         60|
    |ap_phi_mux_data_276_val302_phi_phi_fu_14560_p4  |   14|          3|   20|         60|
    |ap_phi_mux_data_277_val303_phi_phi_fu_14573_p4  |   14|          3|   20|         60|
    |ap_phi_mux_data_278_val304_phi_phi_fu_14586_p4  |   14|          3|   20|         60|
    |ap_phi_mux_data_279_val305_phi_phi_fu_14599_p4  |   14|          3|   20|         60|
    |ap_phi_mux_data_27_val53_phi_phi_fu_11323_p4    |   14|          3|   20|         60|
    |ap_phi_mux_data_280_val306_phi_phi_fu_14612_p4  |   14|          3|   20|         60|
    |ap_phi_mux_data_281_val307_phi_phi_fu_14625_p4  |   14|          3|   20|         60|
    |ap_phi_mux_data_282_val308_phi_phi_fu_14638_p4  |   14|          3|   20|         60|
    |ap_phi_mux_data_283_val309_phi_phi_fu_14651_p4  |   14|          3|   20|         60|
    |ap_phi_mux_data_284_val310_phi_phi_fu_14664_p4  |   14|          3|   20|         60|
    |ap_phi_mux_data_285_val311_phi_phi_fu_14677_p4  |   14|          3|   20|         60|
    |ap_phi_mux_data_286_val312_phi_phi_fu_14690_p4  |   14|          3|   20|         60|
    |ap_phi_mux_data_287_val313_phi_phi_fu_14703_p4  |   14|          3|   20|         60|
    |ap_phi_mux_data_288_val314_phi_phi_fu_14716_p4  |   14|          3|   20|         60|
    |ap_phi_mux_data_289_val315_phi_phi_fu_14729_p4  |   14|          3|   20|         60|
    |ap_phi_mux_data_28_val54_phi_phi_fu_11336_p4    |   14|          3|   20|         60|
    |ap_phi_mux_data_290_val316_phi_phi_fu_14742_p4  |   14|          3|   20|         60|
    |ap_phi_mux_data_291_val317_phi_phi_fu_14755_p4  |   14|          3|   20|         60|
    |ap_phi_mux_data_292_val318_phi_phi_fu_14768_p4  |   14|          3|   20|         60|
    |ap_phi_mux_data_293_val319_phi_phi_fu_14781_p4  |   14|          3|   20|         60|
    |ap_phi_mux_data_294_val320_phi_phi_fu_14794_p4  |   14|          3|   20|         60|
    |ap_phi_mux_data_295_val321_phi_phi_fu_14807_p4  |   14|          3|   20|         60|
    |ap_phi_mux_data_296_val322_phi_phi_fu_14820_p4  |   14|          3|   20|         60|
    |ap_phi_mux_data_297_val323_phi_phi_fu_14833_p4  |   14|          3|   20|         60|
    |ap_phi_mux_data_298_val324_phi_phi_fu_14846_p4  |   14|          3|   20|         60|
    |ap_phi_mux_data_299_val325_phi_phi_fu_14859_p4  |   14|          3|   20|         60|
    |ap_phi_mux_data_29_val55_phi_phi_fu_11349_p4    |   14|          3|   20|         60|
    |ap_phi_mux_data_2_val28_phi_phi_fu_10998_p4     |   14|          3|   20|         60|
    |ap_phi_mux_data_300_val326_phi_phi_fu_14872_p4  |   14|          3|   20|         60|
    |ap_phi_mux_data_301_val327_phi_phi_fu_14885_p4  |   14|          3|   20|         60|
    |ap_phi_mux_data_302_val328_phi_phi_fu_14898_p4  |   14|          3|   20|         60|
    |ap_phi_mux_data_303_val329_phi_phi_fu_14911_p4  |   14|          3|   20|         60|
    |ap_phi_mux_data_304_val330_phi_phi_fu_14924_p4  |   14|          3|   20|         60|
    |ap_phi_mux_data_305_val331_phi_phi_fu_14937_p4  |   14|          3|   20|         60|
    |ap_phi_mux_data_306_val332_phi_phi_fu_14950_p4  |   14|          3|   20|         60|
    |ap_phi_mux_data_307_val333_phi_phi_fu_14963_p4  |   14|          3|   20|         60|
    |ap_phi_mux_data_308_val334_phi_phi_fu_14976_p4  |   14|          3|   20|         60|
    |ap_phi_mux_data_309_val335_phi_phi_fu_14989_p4  |   14|          3|   20|         60|
    |ap_phi_mux_data_30_val56_phi_phi_fu_11362_p4    |   14|          3|   20|         60|
    |ap_phi_mux_data_310_val336_phi_phi_fu_15002_p4  |   14|          3|   20|         60|
    |ap_phi_mux_data_311_val337_phi_phi_fu_15015_p4  |   14|          3|   20|         60|
    |ap_phi_mux_data_312_val338_phi_phi_fu_15028_p4  |   14|          3|   20|         60|
    |ap_phi_mux_data_313_val339_phi_phi_fu_15041_p4  |   14|          3|   20|         60|
    |ap_phi_mux_data_314_val340_phi_phi_fu_15054_p4  |   14|          3|   20|         60|
    |ap_phi_mux_data_315_val341_phi_phi_fu_15067_p4  |   14|          3|   20|         60|
    |ap_phi_mux_data_316_val342_phi_phi_fu_15080_p4  |   14|          3|   20|         60|
    |ap_phi_mux_data_317_val343_phi_phi_fu_15093_p4  |   14|          3|   20|         60|
    |ap_phi_mux_data_318_val344_phi_phi_fu_15106_p4  |   14|          3|   20|         60|
    |ap_phi_mux_data_319_val345_phi_phi_fu_15119_p4  |   14|          3|   20|         60|
    |ap_phi_mux_data_31_val57_phi_phi_fu_11375_p4    |   14|          3|   20|         60|
    |ap_phi_mux_data_320_val346_phi_phi_fu_15132_p4  |   14|          3|   20|         60|
    |ap_phi_mux_data_321_val347_phi_phi_fu_15145_p4  |   14|          3|   20|         60|
    |ap_phi_mux_data_322_val348_phi_phi_fu_15158_p4  |   14|          3|   20|         60|
    |ap_phi_mux_data_323_val349_phi_phi_fu_15171_p4  |   14|          3|   20|         60|
    |ap_phi_mux_data_324_val350_phi_phi_fu_15184_p4  |   14|          3|   20|         60|
    |ap_phi_mux_data_325_val351_phi_phi_fu_15197_p4  |   14|          3|   20|         60|
    |ap_phi_mux_data_326_val352_phi_phi_fu_15210_p4  |   14|          3|   20|         60|
    |ap_phi_mux_data_327_val353_phi_phi_fu_15223_p4  |   14|          3|   20|         60|
    |ap_phi_mux_data_328_val354_phi_phi_fu_15236_p4  |   14|          3|   20|         60|
    |ap_phi_mux_data_329_val355_phi_phi_fu_15249_p4  |   14|          3|   20|         60|
    |ap_phi_mux_data_32_val58_phi_phi_fu_11388_p4    |   14|          3|   20|         60|
    |ap_phi_mux_data_330_val356_phi_phi_fu_15262_p4  |   14|          3|   20|         60|
    |ap_phi_mux_data_331_val357_phi_phi_fu_15275_p4  |   14|          3|   20|         60|
    |ap_phi_mux_data_332_val358_phi_phi_fu_15288_p4  |   14|          3|   20|         60|
    |ap_phi_mux_data_333_val359_phi_phi_fu_15301_p4  |   14|          3|   20|         60|
    |ap_phi_mux_data_334_val360_phi_phi_fu_15314_p4  |   14|          3|   20|         60|
    |ap_phi_mux_data_335_val361_phi_phi_fu_15327_p4  |   14|          3|   20|         60|
    |ap_phi_mux_data_336_val362_phi_phi_fu_15340_p4  |   14|          3|   20|         60|
    |ap_phi_mux_data_337_val363_phi_phi_fu_15353_p4  |   14|          3|   20|         60|
    |ap_phi_mux_data_338_val364_phi_phi_fu_15366_p4  |   14|          3|   20|         60|
    |ap_phi_mux_data_339_val365_phi_phi_fu_15379_p4  |   14|          3|   20|         60|
    |ap_phi_mux_data_33_val59_phi_phi_fu_11401_p4    |   14|          3|   20|         60|
    |ap_phi_mux_data_340_val366_phi_phi_fu_15392_p4  |   14|          3|   20|         60|
    |ap_phi_mux_data_341_val367_phi_phi_fu_15405_p4  |   14|          3|   20|         60|
    |ap_phi_mux_data_342_val368_phi_phi_fu_15418_p4  |   14|          3|   20|         60|
    |ap_phi_mux_data_343_val369_phi_phi_fu_15431_p4  |   14|          3|   20|         60|
    |ap_phi_mux_data_344_val370_phi_phi_fu_15444_p4  |   14|          3|   20|         60|
    |ap_phi_mux_data_345_val371_phi_phi_fu_15457_p4  |   14|          3|   20|         60|
    |ap_phi_mux_data_346_val372_phi_phi_fu_15470_p4  |   14|          3|   20|         60|
    |ap_phi_mux_data_347_val373_phi_phi_fu_15483_p4  |   14|          3|   20|         60|
    |ap_phi_mux_data_348_val374_phi_phi_fu_15496_p4  |   14|          3|   20|         60|
    |ap_phi_mux_data_349_val375_phi_phi_fu_15509_p4  |   14|          3|   20|         60|
    |ap_phi_mux_data_34_val60_phi_phi_fu_11414_p4    |   14|          3|   20|         60|
    |ap_phi_mux_data_350_val376_phi_phi_fu_15522_p4  |   14|          3|   20|         60|
    |ap_phi_mux_data_351_val377_phi_phi_fu_15535_p4  |   14|          3|   20|         60|
    |ap_phi_mux_data_352_val378_phi_phi_fu_15548_p4  |   14|          3|   20|         60|
    |ap_phi_mux_data_353_val379_phi_phi_fu_15561_p4  |   14|          3|   20|         60|
    |ap_phi_mux_data_354_val380_phi_phi_fu_15574_p4  |   14|          3|   20|         60|
    |ap_phi_mux_data_355_val381_phi_phi_fu_15587_p4  |   14|          3|   20|         60|
    |ap_phi_mux_data_356_val382_phi_phi_fu_15600_p4  |   14|          3|   20|         60|
    |ap_phi_mux_data_357_val383_phi_phi_fu_15613_p4  |   14|          3|   20|         60|
    |ap_phi_mux_data_358_val384_phi_phi_fu_15626_p4  |   14|          3|   20|         60|
    |ap_phi_mux_data_359_val385_phi_phi_fu_15639_p4  |   14|          3|   20|         60|
    |ap_phi_mux_data_35_val61_phi_phi_fu_11427_p4    |   14|          3|   20|         60|
    |ap_phi_mux_data_360_val386_phi_phi_fu_15652_p4  |   14|          3|   20|         60|
    |ap_phi_mux_data_361_val387_phi_phi_fu_15665_p4  |   14|          3|   20|         60|
    |ap_phi_mux_data_362_val388_phi_phi_fu_15678_p4  |   14|          3|   20|         60|
    |ap_phi_mux_data_363_val389_phi_phi_fu_15691_p4  |   14|          3|   20|         60|
    |ap_phi_mux_data_364_val390_phi_phi_fu_15704_p4  |   14|          3|   20|         60|
    |ap_phi_mux_data_365_val391_phi_phi_fu_15717_p4  |   14|          3|   20|         60|
    |ap_phi_mux_data_366_val392_phi_phi_fu_15730_p4  |   14|          3|   20|         60|
    |ap_phi_mux_data_367_val393_phi_phi_fu_15743_p4  |   14|          3|   20|         60|
    |ap_phi_mux_data_368_val394_phi_phi_fu_15756_p4  |   14|          3|   20|         60|
    |ap_phi_mux_data_369_val395_phi_phi_fu_15769_p4  |   14|          3|   20|         60|
    |ap_phi_mux_data_36_val62_phi_phi_fu_11440_p4    |   14|          3|   20|         60|
    |ap_phi_mux_data_370_val396_phi_phi_fu_15782_p4  |   14|          3|   20|         60|
    |ap_phi_mux_data_371_val397_phi_phi_fu_15795_p4  |   14|          3|   20|         60|
    |ap_phi_mux_data_372_val398_phi_phi_fu_15808_p4  |   14|          3|   20|         60|
    |ap_phi_mux_data_373_val399_phi_phi_fu_15821_p4  |   14|          3|   20|         60|
    |ap_phi_mux_data_374_val400_phi_phi_fu_15834_p4  |   14|          3|   20|         60|
    |ap_phi_mux_data_375_val401_phi_phi_fu_15847_p4  |   14|          3|   20|         60|
    |ap_phi_mux_data_376_val402_phi_phi_fu_15860_p4  |   14|          3|   20|         60|
    |ap_phi_mux_data_377_val403_phi_phi_fu_15873_p4  |   14|          3|   20|         60|
    |ap_phi_mux_data_378_val404_phi_phi_fu_15886_p4  |   14|          3|   20|         60|
    |ap_phi_mux_data_379_val405_phi_phi_fu_15899_p4  |   14|          3|   20|         60|
    |ap_phi_mux_data_37_val63_phi_phi_fu_11453_p4    |   14|          3|   20|         60|
    |ap_phi_mux_data_380_val406_phi_phi_fu_15912_p4  |   14|          3|   20|         60|
    |ap_phi_mux_data_381_val407_phi_phi_fu_15925_p4  |   14|          3|   20|         60|
    |ap_phi_mux_data_382_val408_phi_phi_fu_15938_p4  |   14|          3|   20|         60|
    |ap_phi_mux_data_383_val409_phi_phi_fu_15951_p4  |   14|          3|   20|         60|
    |ap_phi_mux_data_384_val410_phi_phi_fu_15964_p4  |   14|          3|   20|         60|
    |ap_phi_mux_data_385_val411_phi_phi_fu_15977_p4  |   14|          3|   20|         60|
    |ap_phi_mux_data_386_val412_phi_phi_fu_15990_p4  |   14|          3|   20|         60|
    |ap_phi_mux_data_387_val413_phi_phi_fu_16003_p4  |   14|          3|   20|         60|
    |ap_phi_mux_data_388_val414_phi_phi_fu_16016_p4  |   14|          3|   20|         60|
    |ap_phi_mux_data_389_val415_phi_phi_fu_16029_p4  |   14|          3|   20|         60|
    |ap_phi_mux_data_38_val64_phi_phi_fu_11466_p4    |   14|          3|   20|         60|
    |ap_phi_mux_data_390_val416_phi_phi_fu_16042_p4  |   14|          3|   20|         60|
    |ap_phi_mux_data_391_val417_phi_phi_fu_16055_p4  |   14|          3|   20|         60|
    |ap_phi_mux_data_392_val418_phi_phi_fu_16068_p4  |   14|          3|   20|         60|
    |ap_phi_mux_data_393_val419_phi_phi_fu_16081_p4  |   14|          3|   20|         60|
    |ap_phi_mux_data_394_val420_phi_phi_fu_16094_p4  |   14|          3|   20|         60|
    |ap_phi_mux_data_395_val421_phi_phi_fu_16107_p4  |   14|          3|   20|         60|
    |ap_phi_mux_data_396_val422_phi_phi_fu_16120_p4  |   14|          3|   20|         60|
    |ap_phi_mux_data_397_val423_phi_phi_fu_16133_p4  |   14|          3|   20|         60|
    |ap_phi_mux_data_398_val424_phi_phi_fu_16146_p4  |   14|          3|   20|         60|
    |ap_phi_mux_data_399_val425_phi_phi_fu_16159_p4  |   14|          3|   20|         60|
    |ap_phi_mux_data_39_val65_phi_phi_fu_11479_p4    |   14|          3|   20|         60|
    |ap_phi_mux_data_3_val29_phi_phi_fu_11011_p4     |   14|          3|   20|         60|
    |ap_phi_mux_data_400_val426_phi_phi_fu_16172_p4  |   14|          3|   20|         60|
    |ap_phi_mux_data_401_val427_phi_phi_fu_16185_p4  |   14|          3|   20|         60|
    |ap_phi_mux_data_402_val428_phi_phi_fu_16198_p4  |   14|          3|   20|         60|
    |ap_phi_mux_data_403_val429_phi_phi_fu_16211_p4  |   14|          3|   20|         60|
    |ap_phi_mux_data_404_val430_phi_phi_fu_16224_p4  |   14|          3|   20|         60|
    |ap_phi_mux_data_405_val431_phi_phi_fu_16237_p4  |   14|          3|   20|         60|
    |ap_phi_mux_data_406_val432_phi_phi_fu_16250_p4  |   14|          3|   20|         60|
    |ap_phi_mux_data_407_val433_phi_phi_fu_16263_p4  |   14|          3|   20|         60|
    |ap_phi_mux_data_408_val434_phi_phi_fu_16276_p4  |   14|          3|   20|         60|
    |ap_phi_mux_data_409_val435_phi_phi_fu_16289_p4  |   14|          3|   20|         60|
    |ap_phi_mux_data_40_val66_phi_phi_fu_11492_p4    |   14|          3|   20|         60|
    |ap_phi_mux_data_410_val436_phi_phi_fu_16302_p4  |   14|          3|   20|         60|
    |ap_phi_mux_data_411_val437_phi_phi_fu_16315_p4  |   14|          3|   20|         60|
    |ap_phi_mux_data_412_val438_phi_phi_fu_16328_p4  |   14|          3|   20|         60|
    |ap_phi_mux_data_413_val439_phi_phi_fu_16341_p4  |   14|          3|   20|         60|
    |ap_phi_mux_data_414_val440_phi_phi_fu_16354_p4  |   14|          3|   20|         60|
    |ap_phi_mux_data_415_val441_phi_phi_fu_16367_p4  |   14|          3|   20|         60|
    |ap_phi_mux_data_416_val442_phi_phi_fu_16380_p4  |   14|          3|   20|         60|
    |ap_phi_mux_data_417_val443_phi_phi_fu_16393_p4  |   14|          3|   20|         60|
    |ap_phi_mux_data_418_val444_phi_phi_fu_16406_p4  |   14|          3|   20|         60|
    |ap_phi_mux_data_419_val445_phi_phi_fu_16419_p4  |   14|          3|   20|         60|
    |ap_phi_mux_data_41_val67_phi_phi_fu_11505_p4    |   14|          3|   20|         60|
    |ap_phi_mux_data_420_val446_phi_phi_fu_16432_p4  |   14|          3|   20|         60|
    |ap_phi_mux_data_421_val447_phi_phi_fu_16445_p4  |   14|          3|   20|         60|
    |ap_phi_mux_data_422_val448_phi_phi_fu_16458_p4  |   14|          3|   20|         60|
    |ap_phi_mux_data_423_val449_phi_phi_fu_16471_p4  |   14|          3|   20|         60|
    |ap_phi_mux_data_424_val450_phi_phi_fu_16484_p4  |   14|          3|   20|         60|
    |ap_phi_mux_data_425_val451_phi_phi_fu_16497_p4  |   14|          3|   20|         60|
    |ap_phi_mux_data_426_val452_phi_phi_fu_16510_p4  |   14|          3|   20|         60|
    |ap_phi_mux_data_427_val453_phi_phi_fu_16523_p4  |   14|          3|   20|         60|
    |ap_phi_mux_data_428_val454_phi_phi_fu_16536_p4  |   14|          3|   20|         60|
    |ap_phi_mux_data_429_val455_phi_phi_fu_16549_p4  |   14|          3|   20|         60|
    |ap_phi_mux_data_42_val68_phi_phi_fu_11518_p4    |   14|          3|   20|         60|
    |ap_phi_mux_data_430_val456_phi_phi_fu_16562_p4  |   14|          3|   20|         60|
    |ap_phi_mux_data_431_val457_phi_phi_fu_16575_p4  |   14|          3|   20|         60|
    |ap_phi_mux_data_432_val458_phi_phi_fu_16588_p4  |   14|          3|   20|         60|
    |ap_phi_mux_data_433_val459_phi_phi_fu_16601_p4  |   14|          3|   20|         60|
    |ap_phi_mux_data_434_val460_phi_phi_fu_16614_p4  |   14|          3|   20|         60|
    |ap_phi_mux_data_435_val461_phi_phi_fu_16627_p4  |   14|          3|   20|         60|
    |ap_phi_mux_data_436_val462_phi_phi_fu_16640_p4  |   14|          3|   20|         60|
    |ap_phi_mux_data_437_val463_phi_phi_fu_16653_p4  |   14|          3|   20|         60|
    |ap_phi_mux_data_438_val464_phi_phi_fu_16666_p4  |   14|          3|   20|         60|
    |ap_phi_mux_data_439_val465_phi_phi_fu_16679_p4  |   14|          3|   20|         60|
    |ap_phi_mux_data_43_val69_phi_phi_fu_11531_p4    |   14|          3|   20|         60|
    |ap_phi_mux_data_440_val466_phi_phi_fu_16692_p4  |   14|          3|   20|         60|
    |ap_phi_mux_data_441_val467_phi_phi_fu_16705_p4  |   14|          3|   20|         60|
    |ap_phi_mux_data_442_val468_phi_phi_fu_16718_p4  |   14|          3|   20|         60|
    |ap_phi_mux_data_443_val469_phi_phi_fu_16731_p4  |   14|          3|   20|         60|
    |ap_phi_mux_data_444_val470_phi_phi_fu_16744_p4  |   14|          3|   20|         60|
    |ap_phi_mux_data_445_val471_phi_phi_fu_16757_p4  |   14|          3|   20|         60|
    |ap_phi_mux_data_446_val472_phi_phi_fu_16770_p4  |   14|          3|   20|         60|
    |ap_phi_mux_data_447_val473_phi_phi_fu_16783_p4  |   14|          3|   20|         60|
    |ap_phi_mux_data_448_val474_phi_phi_fu_16796_p4  |   14|          3|   20|         60|
    |ap_phi_mux_data_449_val475_phi_phi_fu_16809_p4  |   14|          3|   20|         60|
    |ap_phi_mux_data_44_val70_phi_phi_fu_11544_p4    |   14|          3|   20|         60|
    |ap_phi_mux_data_45_val71_phi_phi_fu_11557_p4    |   14|          3|   20|         60|
    |ap_phi_mux_data_46_val72_phi_phi_fu_11570_p4    |   14|          3|   20|         60|
    |ap_phi_mux_data_47_val73_phi_phi_fu_11583_p4    |   14|          3|   20|         60|
    |ap_phi_mux_data_48_val74_phi_phi_fu_11596_p4    |   14|          3|   20|         60|
    |ap_phi_mux_data_49_val75_phi_phi_fu_11609_p4    |   14|          3|   20|         60|
    |ap_phi_mux_data_4_val30_phi_phi_fu_11024_p4     |   14|          3|   20|         60|
    |ap_phi_mux_data_50_val76_phi_phi_fu_11622_p4    |   14|          3|   20|         60|
    |ap_phi_mux_data_51_val77_phi_phi_fu_11635_p4    |   14|          3|   20|         60|
    |ap_phi_mux_data_52_val78_phi_phi_fu_11648_p4    |   14|          3|   20|         60|
    |ap_phi_mux_data_53_val79_phi_phi_fu_11661_p4    |   14|          3|   20|         60|
    |ap_phi_mux_data_54_val80_phi_phi_fu_11674_p4    |   14|          3|   20|         60|
    |ap_phi_mux_data_55_val81_phi_phi_fu_11687_p4    |   14|          3|   20|         60|
    |ap_phi_mux_data_56_val82_phi_phi_fu_11700_p4    |   14|          3|   20|         60|
    |ap_phi_mux_data_57_val83_phi_phi_fu_11713_p4    |   14|          3|   20|         60|
    |ap_phi_mux_data_58_val84_phi_phi_fu_11726_p4    |   14|          3|   20|         60|
    |ap_phi_mux_data_59_val85_phi_phi_fu_11739_p4    |   14|          3|   20|         60|
    |ap_phi_mux_data_5_val31_phi_phi_fu_11037_p4     |   14|          3|   20|         60|
    |ap_phi_mux_data_60_val86_phi_phi_fu_11752_p4    |   14|          3|   20|         60|
    |ap_phi_mux_data_61_val87_phi_phi_fu_11765_p4    |   14|          3|   20|         60|
    |ap_phi_mux_data_62_val88_phi_phi_fu_11778_p4    |   14|          3|   20|         60|
    |ap_phi_mux_data_63_val89_phi_phi_fu_11791_p4    |   14|          3|   20|         60|
    |ap_phi_mux_data_64_val90_phi_phi_fu_11804_p4    |   14|          3|   20|         60|
    |ap_phi_mux_data_65_val91_phi_phi_fu_11817_p4    |   14|          3|   20|         60|
    |ap_phi_mux_data_66_val92_phi_phi_fu_11830_p4    |   14|          3|   20|         60|
    |ap_phi_mux_data_67_val93_phi_phi_fu_11843_p4    |   14|          3|   20|         60|
    |ap_phi_mux_data_68_val94_phi_phi_fu_11856_p4    |   14|          3|   20|         60|
    |ap_phi_mux_data_69_val95_phi_phi_fu_11869_p4    |   14|          3|   20|         60|
    |ap_phi_mux_data_6_val32_phi_phi_fu_11050_p4     |   14|          3|   20|         60|
    |ap_phi_mux_data_70_val96_phi_phi_fu_11882_p4    |   14|          3|   20|         60|
    |ap_phi_mux_data_71_val97_phi_phi_fu_11895_p4    |   14|          3|   20|         60|
    |ap_phi_mux_data_72_val98_phi_phi_fu_11908_p4    |   14|          3|   20|         60|
    |ap_phi_mux_data_73_val99_phi_phi_fu_11921_p4    |   14|          3|   20|         60|
    |ap_phi_mux_data_74_val100_phi_phi_fu_11934_p4   |   14|          3|   20|         60|
    |ap_phi_mux_data_75_val101_phi_phi_fu_11947_p4   |   14|          3|   20|         60|
    |ap_phi_mux_data_76_val102_phi_phi_fu_11960_p4   |   14|          3|   20|         60|
    |ap_phi_mux_data_77_val103_phi_phi_fu_11973_p4   |   14|          3|   20|         60|
    |ap_phi_mux_data_78_val104_phi_phi_fu_11986_p4   |   14|          3|   20|         60|
    |ap_phi_mux_data_79_val105_phi_phi_fu_11999_p4   |   14|          3|   20|         60|
    |ap_phi_mux_data_7_val33_phi_phi_fu_11063_p4     |   14|          3|   20|         60|
    |ap_phi_mux_data_80_val106_phi_phi_fu_12012_p4   |   14|          3|   20|         60|
    |ap_phi_mux_data_81_val107_phi_phi_fu_12025_p4   |   14|          3|   20|         60|
    |ap_phi_mux_data_82_val108_phi_phi_fu_12038_p4   |   14|          3|   20|         60|
    |ap_phi_mux_data_83_val109_phi_phi_fu_12051_p4   |   14|          3|   20|         60|
    |ap_phi_mux_data_84_val110_phi_phi_fu_12064_p4   |   14|          3|   20|         60|
    |ap_phi_mux_data_85_val111_phi_phi_fu_12077_p4   |   14|          3|   20|         60|
    |ap_phi_mux_data_86_val112_phi_phi_fu_12090_p4   |   14|          3|   20|         60|
    |ap_phi_mux_data_87_val113_phi_phi_fu_12103_p4   |   14|          3|   20|         60|
    |ap_phi_mux_data_88_val114_phi_phi_fu_12116_p4   |   14|          3|   20|         60|
    |ap_phi_mux_data_89_val115_phi_phi_fu_12129_p4   |   14|          3|   20|         60|
    |ap_phi_mux_data_8_val34_phi_phi_fu_11076_p4     |   14|          3|   20|         60|
    |ap_phi_mux_data_90_val116_phi_phi_fu_12142_p4   |   14|          3|   20|         60|
    |ap_phi_mux_data_91_val117_phi_phi_fu_12155_p4   |   14|          3|   20|         60|
    |ap_phi_mux_data_92_val118_phi_phi_fu_12168_p4   |   14|          3|   20|         60|
    |ap_phi_mux_data_93_val119_phi_phi_fu_12181_p4   |   14|          3|   20|         60|
    |ap_phi_mux_data_94_val120_phi_phi_fu_12194_p4   |   14|          3|   20|         60|
    |ap_phi_mux_data_95_val121_phi_phi_fu_12207_p4   |   14|          3|   20|         60|
    |ap_phi_mux_data_96_val122_phi_phi_fu_12220_p4   |   14|          3|   20|         60|
    |ap_phi_mux_data_97_val123_phi_phi_fu_12233_p4   |   14|          3|   20|         60|
    |ap_phi_mux_data_98_val124_phi_phi_fu_12246_p4   |   14|          3|   20|         60|
    |ap_phi_mux_data_99_val125_phi_phi_fu_12259_p4   |   14|          3|   20|         60|
    |ap_phi_mux_data_9_val35_phi_phi_fu_11089_p4     |   14|          3|   20|         60|
    |ap_phi_mux_do_init_phi_fu_4628_p6               |   14|          3|    1|          3|
    |ap_phi_mux_in_index24_phi_fu_10944_p6           |   14|          3|   32|         96|
    |ap_phi_mux_w_index23_phi_fu_10958_p6            |   14|          3|   12|         36|
    |ap_return_0                                     |    9|          2|   24|         48|
    |ap_return_1                                     |    9|          2|   24|         48|
    |ap_return_2                                     |    9|          2|   24|         48|
    |ap_return_3                                     |    9|          2|   24|         48|
    |ap_return_4                                     |    9|          2|   24|         48|
    |ap_return_5                                     |    9|          2|   24|         48|
    |ap_return_6                                     |    9|          2|   24|         48|
    |data_0_val26_phi_reg_10968                      |   14|          3|   20|         60|
    |data_100_val126_phi_reg_12268                   |   14|          3|   20|         60|
    |data_101_val127_phi_reg_12281                   |   14|          3|   20|         60|
    |data_102_val128_phi_reg_12294                   |   14|          3|   20|         60|
    |data_103_val129_phi_reg_12307                   |   14|          3|   20|         60|
    |data_104_val130_phi_reg_12320                   |   14|          3|   20|         60|
    |data_105_val131_phi_reg_12333                   |   14|          3|   20|         60|
    |data_106_val132_phi_reg_12346                   |   14|          3|   20|         60|
    |data_107_val133_phi_reg_12359                   |   14|          3|   20|         60|
    |data_108_val134_phi_reg_12372                   |   14|          3|   20|         60|
    |data_109_val135_phi_reg_12385                   |   14|          3|   20|         60|
    |data_10_val36_phi_reg_11098                     |   14|          3|   20|         60|
    |data_110_val136_phi_reg_12398                   |   14|          3|   20|         60|
    |data_111_val137_phi_reg_12411                   |   14|          3|   20|         60|
    |data_112_val138_phi_reg_12424                   |   14|          3|   20|         60|
    |data_113_val139_phi_reg_12437                   |   14|          3|   20|         60|
    |data_114_val140_phi_reg_12450                   |   14|          3|   20|         60|
    |data_115_val141_phi_reg_12463                   |   14|          3|   20|         60|
    |data_116_val142_phi_reg_12476                   |   14|          3|   20|         60|
    |data_117_val143_phi_reg_12489                   |   14|          3|   20|         60|
    |data_118_val144_phi_reg_12502                   |   14|          3|   20|         60|
    |data_119_val145_phi_reg_12515                   |   14|          3|   20|         60|
    |data_11_val37_phi_reg_11111                     |   14|          3|   20|         60|
    |data_120_val146_phi_reg_12528                   |   14|          3|   20|         60|
    |data_121_val147_phi_reg_12541                   |   14|          3|   20|         60|
    |data_122_val148_phi_reg_12554                   |   14|          3|   20|         60|
    |data_123_val149_phi_reg_12567                   |   14|          3|   20|         60|
    |data_124_val150_phi_reg_12580                   |   14|          3|   20|         60|
    |data_125_val151_phi_reg_12593                   |   14|          3|   20|         60|
    |data_126_val152_phi_reg_12606                   |   14|          3|   20|         60|
    |data_127_val153_phi_reg_12619                   |   14|          3|   20|         60|
    |data_128_val154_phi_reg_12632                   |   14|          3|   20|         60|
    |data_129_val155_phi_reg_12645                   |   14|          3|   20|         60|
    |data_12_val38_phi_reg_11124                     |   14|          3|   20|         60|
    |data_130_val156_phi_reg_12658                   |   14|          3|   20|         60|
    |data_131_val157_phi_reg_12671                   |   14|          3|   20|         60|
    |data_132_val158_phi_reg_12684                   |   14|          3|   20|         60|
    |data_133_val159_phi_reg_12697                   |   14|          3|   20|         60|
    |data_134_val160_phi_reg_12710                   |   14|          3|   20|         60|
    |data_135_val161_phi_reg_12723                   |   14|          3|   20|         60|
    |data_136_val162_phi_reg_12736                   |   14|          3|   20|         60|
    |data_137_val163_phi_reg_12749                   |   14|          3|   20|         60|
    |data_138_val164_phi_reg_12762                   |   14|          3|   20|         60|
    |data_139_val165_phi_reg_12775                   |   14|          3|   20|         60|
    |data_13_val39_phi_reg_11137                     |   14|          3|   20|         60|
    |data_140_val166_phi_reg_12788                   |   14|          3|   20|         60|
    |data_141_val167_phi_reg_12801                   |   14|          3|   20|         60|
    |data_142_val168_phi_reg_12814                   |   14|          3|   20|         60|
    |data_143_val169_phi_reg_12827                   |   14|          3|   20|         60|
    |data_144_val170_phi_reg_12840                   |   14|          3|   20|         60|
    |data_145_val171_phi_reg_12853                   |   14|          3|   20|         60|
    |data_146_val172_phi_reg_12866                   |   14|          3|   20|         60|
    |data_147_val173_phi_reg_12879                   |   14|          3|   20|         60|
    |data_148_val174_phi_reg_12892                   |   14|          3|   20|         60|
    |data_149_val175_phi_reg_12905                   |   14|          3|   20|         60|
    |data_14_val40_phi_reg_11150                     |   14|          3|   20|         60|
    |data_150_val176_phi_reg_12918                   |   14|          3|   20|         60|
    |data_151_val177_phi_reg_12931                   |   14|          3|   20|         60|
    |data_152_val178_phi_reg_12944                   |   14|          3|   20|         60|
    |data_153_val179_phi_reg_12957                   |   14|          3|   20|         60|
    |data_154_val180_phi_reg_12970                   |   14|          3|   20|         60|
    |data_155_val181_phi_reg_12983                   |   14|          3|   20|         60|
    |data_156_val182_phi_reg_12996                   |   14|          3|   20|         60|
    |data_157_val183_phi_reg_13009                   |   14|          3|   20|         60|
    |data_158_val184_phi_reg_13022                   |   14|          3|   20|         60|
    |data_159_val185_phi_reg_13035                   |   14|          3|   20|         60|
    |data_15_val41_phi_reg_11163                     |   14|          3|   20|         60|
    |data_160_val186_phi_reg_13048                   |   14|          3|   20|         60|
    |data_161_val187_phi_reg_13061                   |   14|          3|   20|         60|
    |data_162_val188_phi_reg_13074                   |   14|          3|   20|         60|
    |data_163_val189_phi_reg_13087                   |   14|          3|   20|         60|
    |data_164_val190_phi_reg_13100                   |   14|          3|   20|         60|
    |data_165_val191_phi_reg_13113                   |   14|          3|   20|         60|
    |data_166_val192_phi_reg_13126                   |   14|          3|   20|         60|
    |data_167_val193_phi_reg_13139                   |   14|          3|   20|         60|
    |data_168_val194_phi_reg_13152                   |   14|          3|   20|         60|
    |data_169_val195_phi_reg_13165                   |   14|          3|   20|         60|
    |data_16_val42_phi_reg_11176                     |   14|          3|   20|         60|
    |data_170_val196_phi_reg_13178                   |   14|          3|   20|         60|
    |data_171_val197_phi_reg_13191                   |   14|          3|   20|         60|
    |data_172_val198_phi_reg_13204                   |   14|          3|   20|         60|
    |data_173_val199_phi_reg_13217                   |   14|          3|   20|         60|
    |data_174_val200_phi_reg_13230                   |   14|          3|   20|         60|
    |data_175_val201_phi_reg_13243                   |   14|          3|   20|         60|
    |data_176_val202_phi_reg_13256                   |   14|          3|   20|         60|
    |data_177_val203_phi_reg_13269                   |   14|          3|   20|         60|
    |data_178_val204_phi_reg_13282                   |   14|          3|   20|         60|
    |data_179_val205_phi_reg_13295                   |   14|          3|   20|         60|
    |data_17_val43_phi_reg_11189                     |   14|          3|   20|         60|
    |data_180_val206_phi_reg_13308                   |   14|          3|   20|         60|
    |data_181_val207_phi_reg_13321                   |   14|          3|   20|         60|
    |data_182_val208_phi_reg_13334                   |   14|          3|   20|         60|
    |data_183_val209_phi_reg_13347                   |   14|          3|   20|         60|
    |data_184_val210_phi_reg_13360                   |   14|          3|   20|         60|
    |data_185_val211_phi_reg_13373                   |   14|          3|   20|         60|
    |data_186_val212_phi_reg_13386                   |   14|          3|   20|         60|
    |data_187_val213_phi_reg_13399                   |   14|          3|   20|         60|
    |data_188_val214_phi_reg_13412                   |   14|          3|   20|         60|
    |data_189_val215_phi_reg_13425                   |   14|          3|   20|         60|
    |data_18_val44_phi_reg_11202                     |   14|          3|   20|         60|
    |data_190_val216_phi_reg_13438                   |   14|          3|   20|         60|
    |data_191_val217_phi_reg_13451                   |   14|          3|   20|         60|
    |data_192_val218_phi_reg_13464                   |   14|          3|   20|         60|
    |data_193_val219_phi_reg_13477                   |   14|          3|   20|         60|
    |data_194_val220_phi_reg_13490                   |   14|          3|   20|         60|
    |data_195_val221_phi_reg_13503                   |   14|          3|   20|         60|
    |data_196_val222_phi_reg_13516                   |   14|          3|   20|         60|
    |data_197_val223_phi_reg_13529                   |   14|          3|   20|         60|
    |data_198_val224_phi_reg_13542                   |   14|          3|   20|         60|
    |data_199_val225_phi_reg_13555                   |   14|          3|   20|         60|
    |data_19_val45_phi_reg_11215                     |   14|          3|   20|         60|
    |data_1_val27_phi_reg_10981                      |   14|          3|   20|         60|
    |data_200_val226_phi_reg_13568                   |   14|          3|   20|         60|
    |data_201_val227_phi_reg_13581                   |   14|          3|   20|         60|
    |data_202_val228_phi_reg_13594                   |   14|          3|   20|         60|
    |data_203_val229_phi_reg_13607                   |   14|          3|   20|         60|
    |data_204_val230_phi_reg_13620                   |   14|          3|   20|         60|
    |data_205_val231_phi_reg_13633                   |   14|          3|   20|         60|
    |data_206_val232_phi_reg_13646                   |   14|          3|   20|         60|
    |data_207_val233_phi_reg_13659                   |   14|          3|   20|         60|
    |data_208_val234_phi_reg_13672                   |   14|          3|   20|         60|
    |data_209_val235_phi_reg_13685                   |   14|          3|   20|         60|
    |data_20_val46_phi_reg_11228                     |   14|          3|   20|         60|
    |data_210_val236_phi_reg_13698                   |   14|          3|   20|         60|
    |data_211_val237_phi_reg_13711                   |   14|          3|   20|         60|
    |data_212_val238_phi_reg_13724                   |   14|          3|   20|         60|
    |data_213_val239_phi_reg_13737                   |   14|          3|   20|         60|
    |data_214_val240_phi_reg_13750                   |   14|          3|   20|         60|
    |data_215_val241_phi_reg_13763                   |   14|          3|   20|         60|
    |data_216_val242_phi_reg_13776                   |   14|          3|   20|         60|
    |data_217_val243_phi_reg_13789                   |   14|          3|   20|         60|
    |data_218_val244_phi_reg_13802                   |   14|          3|   20|         60|
    |data_219_val245_phi_reg_13815                   |   14|          3|   20|         60|
    |data_21_val47_phi_reg_11241                     |   14|          3|   20|         60|
    |data_220_val246_phi_reg_13828                   |   14|          3|   20|         60|
    |data_221_val247_phi_reg_13841                   |   14|          3|   20|         60|
    |data_222_val248_phi_reg_13854                   |   14|          3|   20|         60|
    |data_223_val249_phi_reg_13867                   |   14|          3|   20|         60|
    |data_224_val250_phi_reg_13880                   |   14|          3|   20|         60|
    |data_225_val251_phi_reg_13893                   |   14|          3|   20|         60|
    |data_226_val252_phi_reg_13906                   |   14|          3|   20|         60|
    |data_227_val253_phi_reg_13919                   |   14|          3|   20|         60|
    |data_228_val254_phi_reg_13932                   |   14|          3|   20|         60|
    |data_229_val255_phi_reg_13945                   |   14|          3|   20|         60|
    |data_22_val48_phi_reg_11254                     |   14|          3|   20|         60|
    |data_230_val256_phi_reg_13958                   |   14|          3|   20|         60|
    |data_231_val257_phi_reg_13971                   |   14|          3|   20|         60|
    |data_232_val258_phi_reg_13984                   |   14|          3|   20|         60|
    |data_233_val259_phi_reg_13997                   |   14|          3|   20|         60|
    |data_234_val260_phi_reg_14010                   |   14|          3|   20|         60|
    |data_235_val261_phi_reg_14023                   |   14|          3|   20|         60|
    |data_236_val262_phi_reg_14036                   |   14|          3|   20|         60|
    |data_237_val263_phi_reg_14049                   |   14|          3|   20|         60|
    |data_238_val264_phi_reg_14062                   |   14|          3|   20|         60|
    |data_239_val265_phi_reg_14075                   |   14|          3|   20|         60|
    |data_23_val49_phi_reg_11267                     |   14|          3|   20|         60|
    |data_240_val266_phi_reg_14088                   |   14|          3|   20|         60|
    |data_241_val267_phi_reg_14101                   |   14|          3|   20|         60|
    |data_242_val268_phi_reg_14114                   |   14|          3|   20|         60|
    |data_243_val269_phi_reg_14127                   |   14|          3|   20|         60|
    |data_244_val270_phi_reg_14140                   |   14|          3|   20|         60|
    |data_245_val271_phi_reg_14153                   |   14|          3|   20|         60|
    |data_246_val272_phi_reg_14166                   |   14|          3|   20|         60|
    |data_247_val273_phi_reg_14179                   |   14|          3|   20|         60|
    |data_248_val274_phi_reg_14192                   |   14|          3|   20|         60|
    |data_249_val275_phi_reg_14205                   |   14|          3|   20|         60|
    |data_24_val50_phi_reg_11280                     |   14|          3|   20|         60|
    |data_250_val276_phi_reg_14218                   |   14|          3|   20|         60|
    |data_251_val277_phi_reg_14231                   |   14|          3|   20|         60|
    |data_252_val278_phi_reg_14244                   |   14|          3|   20|         60|
    |data_253_val279_phi_reg_14257                   |   14|          3|   20|         60|
    |data_254_val280_phi_reg_14270                   |   14|          3|   20|         60|
    |data_255_val281_phi_reg_14283                   |   14|          3|   20|         60|
    |data_256_val282_phi_reg_14296                   |   14|          3|   20|         60|
    |data_257_val283_phi_reg_14309                   |   14|          3|   20|         60|
    |data_258_val284_phi_reg_14322                   |   14|          3|   20|         60|
    |data_259_val285_phi_reg_14335                   |   14|          3|   20|         60|
    |data_25_val51_phi_reg_11293                     |   14|          3|   20|         60|
    |data_260_val286_phi_reg_14348                   |   14|          3|   20|         60|
    |data_261_val287_phi_reg_14361                   |   14|          3|   20|         60|
    |data_262_val288_phi_reg_14374                   |   14|          3|   20|         60|
    |data_263_val289_phi_reg_14387                   |   14|          3|   20|         60|
    |data_264_val290_phi_reg_14400                   |   14|          3|   20|         60|
    |data_265_val291_phi_reg_14413                   |   14|          3|   20|         60|
    |data_266_val292_phi_reg_14426                   |   14|          3|   20|         60|
    |data_267_val293_phi_reg_14439                   |   14|          3|   20|         60|
    |data_268_val294_phi_reg_14452                   |   14|          3|   20|         60|
    |data_269_val295_phi_reg_14465                   |   14|          3|   20|         60|
    |data_26_val52_phi_reg_11306                     |   14|          3|   20|         60|
    |data_270_val296_phi_reg_14478                   |   14|          3|   20|         60|
    |data_271_val297_phi_reg_14491                   |   14|          3|   20|         60|
    |data_272_val298_phi_reg_14504                   |   14|          3|   20|         60|
    |data_273_val299_phi_reg_14517                   |   14|          3|   20|         60|
    |data_274_val300_phi_reg_14530                   |   14|          3|   20|         60|
    |data_275_val301_phi_reg_14543                   |   14|          3|   20|         60|
    |data_276_val302_phi_reg_14556                   |   14|          3|   20|         60|
    |data_277_val303_phi_reg_14569                   |   14|          3|   20|         60|
    |data_278_val304_phi_reg_14582                   |   14|          3|   20|         60|
    |data_279_val305_phi_reg_14595                   |   14|          3|   20|         60|
    |data_27_val53_phi_reg_11319                     |   14|          3|   20|         60|
    |data_280_val306_phi_reg_14608                   |   14|          3|   20|         60|
    |data_281_val307_phi_reg_14621                   |   14|          3|   20|         60|
    |data_282_val308_phi_reg_14634                   |   14|          3|   20|         60|
    |data_283_val309_phi_reg_14647                   |   14|          3|   20|         60|
    |data_284_val310_phi_reg_14660                   |   14|          3|   20|         60|
    |data_285_val311_phi_reg_14673                   |   14|          3|   20|         60|
    |data_286_val312_phi_reg_14686                   |   14|          3|   20|         60|
    |data_287_val313_phi_reg_14699                   |   14|          3|   20|         60|
    |data_288_val314_phi_reg_14712                   |   14|          3|   20|         60|
    |data_289_val315_phi_reg_14725                   |   14|          3|   20|         60|
    |data_28_val54_phi_reg_11332                     |   14|          3|   20|         60|
    |data_290_val316_phi_reg_14738                   |   14|          3|   20|         60|
    |data_291_val317_phi_reg_14751                   |   14|          3|   20|         60|
    |data_292_val318_phi_reg_14764                   |   14|          3|   20|         60|
    |data_293_val319_phi_reg_14777                   |   14|          3|   20|         60|
    |data_294_val320_phi_reg_14790                   |   14|          3|   20|         60|
    |data_295_val321_phi_reg_14803                   |   14|          3|   20|         60|
    |data_296_val322_phi_reg_14816                   |   14|          3|   20|         60|
    |data_297_val323_phi_reg_14829                   |   14|          3|   20|         60|
    |data_298_val324_phi_reg_14842                   |   14|          3|   20|         60|
    |data_299_val325_phi_reg_14855                   |   14|          3|   20|         60|
    |data_29_val55_phi_reg_11345                     |   14|          3|   20|         60|
    |data_2_val28_phi_reg_10994                      |   14|          3|   20|         60|
    |data_300_val326_phi_reg_14868                   |   14|          3|   20|         60|
    |data_301_val327_phi_reg_14881                   |   14|          3|   20|         60|
    |data_302_val328_phi_reg_14894                   |   14|          3|   20|         60|
    |data_303_val329_phi_reg_14907                   |   14|          3|   20|         60|
    |data_304_val330_phi_reg_14920                   |   14|          3|   20|         60|
    |data_305_val331_phi_reg_14933                   |   14|          3|   20|         60|
    |data_306_val332_phi_reg_14946                   |   14|          3|   20|         60|
    |data_307_val333_phi_reg_14959                   |   14|          3|   20|         60|
    |data_308_val334_phi_reg_14972                   |   14|          3|   20|         60|
    |data_309_val335_phi_reg_14985                   |   14|          3|   20|         60|
    |data_30_val56_phi_reg_11358                     |   14|          3|   20|         60|
    |data_310_val336_phi_reg_14998                   |   14|          3|   20|         60|
    |data_311_val337_phi_reg_15011                   |   14|          3|   20|         60|
    |data_312_val338_phi_reg_15024                   |   14|          3|   20|         60|
    |data_313_val339_phi_reg_15037                   |   14|          3|   20|         60|
    |data_314_val340_phi_reg_15050                   |   14|          3|   20|         60|
    |data_315_val341_phi_reg_15063                   |   14|          3|   20|         60|
    |data_316_val342_phi_reg_15076                   |   14|          3|   20|         60|
    |data_317_val343_phi_reg_15089                   |   14|          3|   20|         60|
    |data_318_val344_phi_reg_15102                   |   14|          3|   20|         60|
    |data_319_val345_phi_reg_15115                   |   14|          3|   20|         60|
    |data_31_val57_phi_reg_11371                     |   14|          3|   20|         60|
    |data_320_val346_phi_reg_15128                   |   14|          3|   20|         60|
    |data_321_val347_phi_reg_15141                   |   14|          3|   20|         60|
    |data_322_val348_phi_reg_15154                   |   14|          3|   20|         60|
    |data_323_val349_phi_reg_15167                   |   14|          3|   20|         60|
    |data_324_val350_phi_reg_15180                   |   14|          3|   20|         60|
    |data_325_val351_phi_reg_15193                   |   14|          3|   20|         60|
    |data_326_val352_phi_reg_15206                   |   14|          3|   20|         60|
    |data_327_val353_phi_reg_15219                   |   14|          3|   20|         60|
    |data_328_val354_phi_reg_15232                   |   14|          3|   20|         60|
    |data_329_val355_phi_reg_15245                   |   14|          3|   20|         60|
    |data_32_val58_phi_reg_11384                     |   14|          3|   20|         60|
    |data_330_val356_phi_reg_15258                   |   14|          3|   20|         60|
    |data_331_val357_phi_reg_15271                   |   14|          3|   20|         60|
    |data_332_val358_phi_reg_15284                   |   14|          3|   20|         60|
    |data_333_val359_phi_reg_15297                   |   14|          3|   20|         60|
    |data_334_val360_phi_reg_15310                   |   14|          3|   20|         60|
    |data_335_val361_phi_reg_15323                   |   14|          3|   20|         60|
    |data_336_val362_phi_reg_15336                   |   14|          3|   20|         60|
    |data_337_val363_phi_reg_15349                   |   14|          3|   20|         60|
    |data_338_val364_phi_reg_15362                   |   14|          3|   20|         60|
    |data_339_val365_phi_reg_15375                   |   14|          3|   20|         60|
    |data_33_val59_phi_reg_11397                     |   14|          3|   20|         60|
    |data_340_val366_phi_reg_15388                   |   14|          3|   20|         60|
    |data_341_val367_phi_reg_15401                   |   14|          3|   20|         60|
    |data_342_val368_phi_reg_15414                   |   14|          3|   20|         60|
    |data_343_val369_phi_reg_15427                   |   14|          3|   20|         60|
    |data_344_val370_phi_reg_15440                   |   14|          3|   20|         60|
    |data_345_val371_phi_reg_15453                   |   14|          3|   20|         60|
    |data_346_val372_phi_reg_15466                   |   14|          3|   20|         60|
    |data_347_val373_phi_reg_15479                   |   14|          3|   20|         60|
    |data_348_val374_phi_reg_15492                   |   14|          3|   20|         60|
    |data_349_val375_phi_reg_15505                   |   14|          3|   20|         60|
    |data_34_val60_phi_reg_11410                     |   14|          3|   20|         60|
    |data_350_val376_phi_reg_15518                   |   14|          3|   20|         60|
    |data_351_val377_phi_reg_15531                   |   14|          3|   20|         60|
    |data_352_val378_phi_reg_15544                   |   14|          3|   20|         60|
    |data_353_val379_phi_reg_15557                   |   14|          3|   20|         60|
    |data_354_val380_phi_reg_15570                   |   14|          3|   20|         60|
    |data_355_val381_phi_reg_15583                   |   14|          3|   20|         60|
    |data_356_val382_phi_reg_15596                   |   14|          3|   20|         60|
    |data_357_val383_phi_reg_15609                   |   14|          3|   20|         60|
    |data_358_val384_phi_reg_15622                   |   14|          3|   20|         60|
    |data_359_val385_phi_reg_15635                   |   14|          3|   20|         60|
    |data_35_val61_phi_reg_11423                     |   14|          3|   20|         60|
    |data_360_val386_phi_reg_15648                   |   14|          3|   20|         60|
    |data_361_val387_phi_reg_15661                   |   14|          3|   20|         60|
    |data_362_val388_phi_reg_15674                   |   14|          3|   20|         60|
    |data_363_val389_phi_reg_15687                   |   14|          3|   20|         60|
    |data_364_val390_phi_reg_15700                   |   14|          3|   20|         60|
    |data_365_val391_phi_reg_15713                   |   14|          3|   20|         60|
    |data_366_val392_phi_reg_15726                   |   14|          3|   20|         60|
    |data_367_val393_phi_reg_15739                   |   14|          3|   20|         60|
    |data_368_val394_phi_reg_15752                   |   14|          3|   20|         60|
    |data_369_val395_phi_reg_15765                   |   14|          3|   20|         60|
    |data_36_val62_phi_reg_11436                     |   14|          3|   20|         60|
    |data_370_val396_phi_reg_15778                   |   14|          3|   20|         60|
    |data_371_val397_phi_reg_15791                   |   14|          3|   20|         60|
    |data_372_val398_phi_reg_15804                   |   14|          3|   20|         60|
    |data_373_val399_phi_reg_15817                   |   14|          3|   20|         60|
    |data_374_val400_phi_reg_15830                   |   14|          3|   20|         60|
    |data_375_val401_phi_reg_15843                   |   14|          3|   20|         60|
    |data_376_val402_phi_reg_15856                   |   14|          3|   20|         60|
    |data_377_val403_phi_reg_15869                   |   14|          3|   20|         60|
    |data_378_val404_phi_reg_15882                   |   14|          3|   20|         60|
    |data_379_val405_phi_reg_15895                   |   14|          3|   20|         60|
    |data_37_val63_phi_reg_11449                     |   14|          3|   20|         60|
    |data_380_val406_phi_reg_15908                   |   14|          3|   20|         60|
    |data_381_val407_phi_reg_15921                   |   14|          3|   20|         60|
    |data_382_val408_phi_reg_15934                   |   14|          3|   20|         60|
    |data_383_val409_phi_reg_15947                   |   14|          3|   20|         60|
    |data_384_val410_phi_reg_15960                   |   14|          3|   20|         60|
    |data_385_val411_phi_reg_15973                   |   14|          3|   20|         60|
    |data_386_val412_phi_reg_15986                   |   14|          3|   20|         60|
    |data_387_val413_phi_reg_15999                   |   14|          3|   20|         60|
    |data_388_val414_phi_reg_16012                   |   14|          3|   20|         60|
    |data_389_val415_phi_reg_16025                   |   14|          3|   20|         60|
    |data_38_val64_phi_reg_11462                     |   14|          3|   20|         60|
    |data_390_val416_phi_reg_16038                   |   14|          3|   20|         60|
    |data_391_val417_phi_reg_16051                   |   14|          3|   20|         60|
    |data_392_val418_phi_reg_16064                   |   14|          3|   20|         60|
    |data_393_val419_phi_reg_16077                   |   14|          3|   20|         60|
    |data_394_val420_phi_reg_16090                   |   14|          3|   20|         60|
    |data_395_val421_phi_reg_16103                   |   14|          3|   20|         60|
    |data_396_val422_phi_reg_16116                   |   14|          3|   20|         60|
    |data_397_val423_phi_reg_16129                   |   14|          3|   20|         60|
    |data_398_val424_phi_reg_16142                   |   14|          3|   20|         60|
    |data_399_val425_phi_reg_16155                   |   14|          3|   20|         60|
    |data_39_val65_phi_reg_11475                     |   14|          3|   20|         60|
    |data_3_val29_phi_reg_11007                      |   14|          3|   20|         60|
    |data_400_val426_phi_reg_16168                   |   14|          3|   20|         60|
    |data_401_val427_phi_reg_16181                   |   14|          3|   20|         60|
    |data_402_val428_phi_reg_16194                   |   14|          3|   20|         60|
    |data_403_val429_phi_reg_16207                   |   14|          3|   20|         60|
    |data_404_val430_phi_reg_16220                   |   14|          3|   20|         60|
    |data_405_val431_phi_reg_16233                   |   14|          3|   20|         60|
    |data_406_val432_phi_reg_16246                   |   14|          3|   20|         60|
    |data_407_val433_phi_reg_16259                   |   14|          3|   20|         60|
    |data_408_val434_phi_reg_16272                   |   14|          3|   20|         60|
    |data_409_val435_phi_reg_16285                   |   14|          3|   20|         60|
    |data_40_val66_phi_reg_11488                     |   14|          3|   20|         60|
    |data_410_val436_phi_reg_16298                   |   14|          3|   20|         60|
    |data_411_val437_phi_reg_16311                   |   14|          3|   20|         60|
    |data_412_val438_phi_reg_16324                   |   14|          3|   20|         60|
    |data_413_val439_phi_reg_16337                   |   14|          3|   20|         60|
    |data_414_val440_phi_reg_16350                   |   14|          3|   20|         60|
    |data_415_val441_phi_reg_16363                   |   14|          3|   20|         60|
    |data_416_val442_phi_reg_16376                   |   14|          3|   20|         60|
    |data_417_val443_phi_reg_16389                   |   14|          3|   20|         60|
    |data_418_val444_phi_reg_16402                   |   14|          3|   20|         60|
    |data_419_val445_phi_reg_16415                   |   14|          3|   20|         60|
    |data_41_val67_phi_reg_11501                     |   14|          3|   20|         60|
    |data_420_val446_phi_reg_16428                   |   14|          3|   20|         60|
    |data_421_val447_phi_reg_16441                   |   14|          3|   20|         60|
    |data_422_val448_phi_reg_16454                   |   14|          3|   20|         60|
    |data_423_val449_phi_reg_16467                   |   14|          3|   20|         60|
    |data_424_val450_phi_reg_16480                   |   14|          3|   20|         60|
    |data_425_val451_phi_reg_16493                   |   14|          3|   20|         60|
    |data_426_val452_phi_reg_16506                   |   14|          3|   20|         60|
    |data_427_val453_phi_reg_16519                   |   14|          3|   20|         60|
    |data_428_val454_phi_reg_16532                   |   14|          3|   20|         60|
    |data_429_val455_phi_reg_16545                   |   14|          3|   20|         60|
    |data_42_val68_phi_reg_11514                     |   14|          3|   20|         60|
    |data_430_val456_phi_reg_16558                   |   14|          3|   20|         60|
    |data_431_val457_phi_reg_16571                   |   14|          3|   20|         60|
    |data_432_val458_phi_reg_16584                   |   14|          3|   20|         60|
    |data_433_val459_phi_reg_16597                   |   14|          3|   20|         60|
    |data_434_val460_phi_reg_16610                   |   14|          3|   20|         60|
    |data_435_val461_phi_reg_16623                   |   14|          3|   20|         60|
    |data_436_val462_phi_reg_16636                   |   14|          3|   20|         60|
    |data_437_val463_phi_reg_16649                   |   14|          3|   20|         60|
    |data_438_val464_phi_reg_16662                   |   14|          3|   20|         60|
    |data_439_val465_phi_reg_16675                   |   14|          3|   20|         60|
    |data_43_val69_phi_reg_11527                     |   14|          3|   20|         60|
    |data_440_val466_phi_reg_16688                   |   14|          3|   20|         60|
    |data_441_val467_phi_reg_16701                   |   14|          3|   20|         60|
    |data_442_val468_phi_reg_16714                   |   14|          3|   20|         60|
    |data_443_val469_phi_reg_16727                   |   14|          3|   20|         60|
    |data_444_val470_phi_reg_16740                   |   14|          3|   20|         60|
    |data_445_val471_phi_reg_16753                   |   14|          3|   20|         60|
    |data_446_val472_phi_reg_16766                   |   14|          3|   20|         60|
    |data_447_val473_phi_reg_16779                   |   14|          3|   20|         60|
    |data_448_val474_phi_reg_16792                   |   14|          3|   20|         60|
    |data_449_val475_phi_reg_16805                   |   14|          3|   20|         60|
    |data_44_val70_phi_reg_11540                     |   14|          3|   20|         60|
    |data_45_val71_phi_reg_11553                     |   14|          3|   20|         60|
    |data_46_val72_phi_reg_11566                     |   14|          3|   20|         60|
    |data_47_val73_phi_reg_11579                     |   14|          3|   20|         60|
    |data_48_val74_phi_reg_11592                     |   14|          3|   20|         60|
    |data_49_val75_phi_reg_11605                     |   14|          3|   20|         60|
    |data_4_val30_phi_reg_11020                      |   14|          3|   20|         60|
    |data_50_val76_phi_reg_11618                     |   14|          3|   20|         60|
    |data_51_val77_phi_reg_11631                     |   14|          3|   20|         60|
    |data_52_val78_phi_reg_11644                     |   14|          3|   20|         60|
    |data_53_val79_phi_reg_11657                     |   14|          3|   20|         60|
    |data_54_val80_phi_reg_11670                     |   14|          3|   20|         60|
    |data_55_val81_phi_reg_11683                     |   14|          3|   20|         60|
    |data_56_val82_phi_reg_11696                     |   14|          3|   20|         60|
    |data_57_val83_phi_reg_11709                     |   14|          3|   20|         60|
    |data_58_val84_phi_reg_11722                     |   14|          3|   20|         60|
    |data_59_val85_phi_reg_11735                     |   14|          3|   20|         60|
    |data_5_val31_phi_reg_11033                      |   14|          3|   20|         60|
    |data_60_val86_phi_reg_11748                     |   14|          3|   20|         60|
    |data_61_val87_phi_reg_11761                     |   14|          3|   20|         60|
    |data_62_val88_phi_reg_11774                     |   14|          3|   20|         60|
    |data_63_val89_phi_reg_11787                     |   14|          3|   20|         60|
    |data_64_val90_phi_reg_11800                     |   14|          3|   20|         60|
    |data_65_val91_phi_reg_11813                     |   14|          3|   20|         60|
    |data_66_val92_phi_reg_11826                     |   14|          3|   20|         60|
    |data_67_val93_phi_reg_11839                     |   14|          3|   20|         60|
    |data_68_val94_phi_reg_11852                     |   14|          3|   20|         60|
    |data_69_val95_phi_reg_11865                     |   14|          3|   20|         60|
    |data_6_val32_phi_reg_11046                      |   14|          3|   20|         60|
    |data_70_val96_phi_reg_11878                     |   14|          3|   20|         60|
    |data_71_val97_phi_reg_11891                     |   14|          3|   20|         60|
    |data_72_val98_phi_reg_11904                     |   14|          3|   20|         60|
    |data_73_val99_phi_reg_11917                     |   14|          3|   20|         60|
    |data_74_val100_phi_reg_11930                    |   14|          3|   20|         60|
    |data_75_val101_phi_reg_11943                    |   14|          3|   20|         60|
    |data_76_val102_phi_reg_11956                    |   14|          3|   20|         60|
    |data_77_val103_phi_reg_11969                    |   14|          3|   20|         60|
    |data_78_val104_phi_reg_11982                    |   14|          3|   20|         60|
    |data_79_val105_phi_reg_11995                    |   14|          3|   20|         60|
    |data_7_val33_phi_reg_11059                      |   14|          3|   20|         60|
    |data_80_val106_phi_reg_12008                    |   14|          3|   20|         60|
    |data_81_val107_phi_reg_12021                    |   14|          3|   20|         60|
    |data_82_val108_phi_reg_12034                    |   14|          3|   20|         60|
    |data_83_val109_phi_reg_12047                    |   14|          3|   20|         60|
    |data_84_val110_phi_reg_12060                    |   14|          3|   20|         60|
    |data_85_val111_phi_reg_12073                    |   14|          3|   20|         60|
    |data_86_val112_phi_reg_12086                    |   14|          3|   20|         60|
    |data_87_val113_phi_reg_12099                    |   14|          3|   20|         60|
    |data_88_val114_phi_reg_12112                    |   14|          3|   20|         60|
    |data_89_val115_phi_reg_12125                    |   14|          3|   20|         60|
    |data_8_val34_phi_reg_11072                      |   14|          3|   20|         60|
    |data_90_val116_phi_reg_12138                    |   14|          3|   20|         60|
    |data_91_val117_phi_reg_12151                    |   14|          3|   20|         60|
    |data_92_val118_phi_reg_12164                    |   14|          3|   20|         60|
    |data_93_val119_phi_reg_12177                    |   14|          3|   20|         60|
    |data_94_val120_phi_reg_12190                    |   14|          3|   20|         60|
    |data_95_val121_phi_reg_12203                    |   14|          3|   20|         60|
    |data_96_val122_phi_reg_12216                    |   14|          3|   20|         60|
    |data_97_val123_phi_reg_12229                    |   14|          3|   20|         60|
    |data_98_val124_phi_reg_12242                    |   14|          3|   20|         60|
    |data_99_val125_phi_reg_12255                    |   14|          3|   20|         60|
    |data_9_val35_phi_reg_11085                      |   14|          3|   20|         60|
    |in_index24_reg_10940                            |    9|          2|   32|         64|
    |w_index23_reg_10954                             |    9|          2|   12|         24|
    +------------------------------------------------+-----+-----------+-----+-----------+
    |Total                                           |12809|       2746|18441|      54928|
    +------------------------------------------------+-----+-----------+-----+-----------+

    * Register: 
    +-------------------------------+----+----+-----+-----------+
    |              Name             | FF | LUT| Bits| Const Bits|
    +-------------------------------+----+----+-----+-----------+
    |a_reg_19132                    |  20|   0|   20|          0|
    |acc22_reg_16818                |  26|   0|   26|          0|
    |acc_120_reg_16832              |  26|   0|   26|          0|
    |acc_218_reg_16846              |  26|   0|   26|          0|
    |acc_316_reg_16860              |  26|   0|   26|          0|
    |acc_414_reg_16874              |  26|   0|   26|          0|
    |acc_512_reg_16888              |  26|   0|   26|          0|
    |acc_610_reg_16902              |  26|   0|   26|          0|
    |ap_CS_fsm                      |   2|   0|    2|          0|
    |ap_enable_reg_pp0_iter1        |   1|   0|    1|          0|
    |ap_return_0_preg               |  24|   0|   24|          0|
    |ap_return_1_preg               |  24|   0|   24|          0|
    |ap_return_2_preg               |  24|   0|   24|          0|
    |ap_return_3_preg               |  24|   0|   24|          0|
    |ap_return_4_preg               |  24|   0|   24|          0|
    |ap_return_5_preg               |  24|   0|   24|          0|
    |ap_return_6_preg               |  24|   0|   24|          0|
    |data_0_val26_phi_reg_10968     |  20|   0|   20|          0|
    |data_100_val126_phi_reg_12268  |  20|   0|   20|          0|
    |data_101_val127_phi_reg_12281  |  20|   0|   20|          0|
    |data_102_val128_phi_reg_12294  |  20|   0|   20|          0|
    |data_103_val129_phi_reg_12307  |  20|   0|   20|          0|
    |data_104_val130_phi_reg_12320  |  20|   0|   20|          0|
    |data_105_val131_phi_reg_12333  |  20|   0|   20|          0|
    |data_106_val132_phi_reg_12346  |  20|   0|   20|          0|
    |data_107_val133_phi_reg_12359  |  20|   0|   20|          0|
    |data_108_val134_phi_reg_12372  |  20|   0|   20|          0|
    |data_109_val135_phi_reg_12385  |  20|   0|   20|          0|
    |data_10_val36_phi_reg_11098    |  20|   0|   20|          0|
    |data_110_val136_phi_reg_12398  |  20|   0|   20|          0|
    |data_111_val137_phi_reg_12411  |  20|   0|   20|          0|
    |data_112_val138_phi_reg_12424  |  20|   0|   20|          0|
    |data_113_val139_phi_reg_12437  |  20|   0|   20|          0|
    |data_114_val140_phi_reg_12450  |  20|   0|   20|          0|
    |data_115_val141_phi_reg_12463  |  20|   0|   20|          0|
    |data_116_val142_phi_reg_12476  |  20|   0|   20|          0|
    |data_117_val143_phi_reg_12489  |  20|   0|   20|          0|
    |data_118_val144_phi_reg_12502  |  20|   0|   20|          0|
    |data_119_val145_phi_reg_12515  |  20|   0|   20|          0|
    |data_11_val37_phi_reg_11111    |  20|   0|   20|          0|
    |data_120_val146_phi_reg_12528  |  20|   0|   20|          0|
    |data_121_val147_phi_reg_12541  |  20|   0|   20|          0|
    |data_122_val148_phi_reg_12554  |  20|   0|   20|          0|
    |data_123_val149_phi_reg_12567  |  20|   0|   20|          0|
    |data_124_val150_phi_reg_12580  |  20|   0|   20|          0|
    |data_125_val151_phi_reg_12593  |  20|   0|   20|          0|
    |data_126_val152_phi_reg_12606  |  20|   0|   20|          0|
    |data_127_val153_phi_reg_12619  |  20|   0|   20|          0|
    |data_128_val154_phi_reg_12632  |  20|   0|   20|          0|
    |data_129_val155_phi_reg_12645  |  20|   0|   20|          0|
    |data_12_val38_phi_reg_11124    |  20|   0|   20|          0|
    |data_130_val156_phi_reg_12658  |  20|   0|   20|          0|
    |data_131_val157_phi_reg_12671  |  20|   0|   20|          0|
    |data_132_val158_phi_reg_12684  |  20|   0|   20|          0|
    |data_133_val159_phi_reg_12697  |  20|   0|   20|          0|
    |data_134_val160_phi_reg_12710  |  20|   0|   20|          0|
    |data_135_val161_phi_reg_12723  |  20|   0|   20|          0|
    |data_136_val162_phi_reg_12736  |  20|   0|   20|          0|
    |data_137_val163_phi_reg_12749  |  20|   0|   20|          0|
    |data_138_val164_phi_reg_12762  |  20|   0|   20|          0|
    |data_139_val165_phi_reg_12775  |  20|   0|   20|          0|
    |data_13_val39_phi_reg_11137    |  20|   0|   20|          0|
    |data_140_val166_phi_reg_12788  |  20|   0|   20|          0|
    |data_141_val167_phi_reg_12801  |  20|   0|   20|          0|
    |data_142_val168_phi_reg_12814  |  20|   0|   20|          0|
    |data_143_val169_phi_reg_12827  |  20|   0|   20|          0|
    |data_144_val170_phi_reg_12840  |  20|   0|   20|          0|
    |data_145_val171_phi_reg_12853  |  20|   0|   20|          0|
    |data_146_val172_phi_reg_12866  |  20|   0|   20|          0|
    |data_147_val173_phi_reg_12879  |  20|   0|   20|          0|
    |data_148_val174_phi_reg_12892  |  20|   0|   20|          0|
    |data_149_val175_phi_reg_12905  |  20|   0|   20|          0|
    |data_14_val40_phi_reg_11150    |  20|   0|   20|          0|
    |data_150_val176_phi_reg_12918  |  20|   0|   20|          0|
    |data_151_val177_phi_reg_12931  |  20|   0|   20|          0|
    |data_152_val178_phi_reg_12944  |  20|   0|   20|          0|
    |data_153_val179_phi_reg_12957  |  20|   0|   20|          0|
    |data_154_val180_phi_reg_12970  |  20|   0|   20|          0|
    |data_155_val181_phi_reg_12983  |  20|   0|   20|          0|
    |data_156_val182_phi_reg_12996  |  20|   0|   20|          0|
    |data_157_val183_phi_reg_13009  |  20|   0|   20|          0|
    |data_158_val184_phi_reg_13022  |  20|   0|   20|          0|
    |data_159_val185_phi_reg_13035  |  20|   0|   20|          0|
    |data_15_val41_phi_reg_11163    |  20|   0|   20|          0|
    |data_160_val186_phi_reg_13048  |  20|   0|   20|          0|
    |data_161_val187_phi_reg_13061  |  20|   0|   20|          0|
    |data_162_val188_phi_reg_13074  |  20|   0|   20|          0|
    |data_163_val189_phi_reg_13087  |  20|   0|   20|          0|
    |data_164_val190_phi_reg_13100  |  20|   0|   20|          0|
    |data_165_val191_phi_reg_13113  |  20|   0|   20|          0|
    |data_166_val192_phi_reg_13126  |  20|   0|   20|          0|
    |data_167_val193_phi_reg_13139  |  20|   0|   20|          0|
    |data_168_val194_phi_reg_13152  |  20|   0|   20|          0|
    |data_169_val195_phi_reg_13165  |  20|   0|   20|          0|
    |data_16_val42_phi_reg_11176    |  20|   0|   20|          0|
    |data_170_val196_phi_reg_13178  |  20|   0|   20|          0|
    |data_171_val197_phi_reg_13191  |  20|   0|   20|          0|
    |data_172_val198_phi_reg_13204  |  20|   0|   20|          0|
    |data_173_val199_phi_reg_13217  |  20|   0|   20|          0|
    |data_174_val200_phi_reg_13230  |  20|   0|   20|          0|
    |data_175_val201_phi_reg_13243  |  20|   0|   20|          0|
    |data_176_val202_phi_reg_13256  |  20|   0|   20|          0|
    |data_177_val203_phi_reg_13269  |  20|   0|   20|          0|
    |data_178_val204_phi_reg_13282  |  20|   0|   20|          0|
    |data_179_val205_phi_reg_13295  |  20|   0|   20|          0|
    |data_17_val43_phi_reg_11189    |  20|   0|   20|          0|
    |data_180_val206_phi_reg_13308  |  20|   0|   20|          0|
    |data_181_val207_phi_reg_13321  |  20|   0|   20|          0|
    |data_182_val208_phi_reg_13334  |  20|   0|   20|          0|
    |data_183_val209_phi_reg_13347  |  20|   0|   20|          0|
    |data_184_val210_phi_reg_13360  |  20|   0|   20|          0|
    |data_185_val211_phi_reg_13373  |  20|   0|   20|          0|
    |data_186_val212_phi_reg_13386  |  20|   0|   20|          0|
    |data_187_val213_phi_reg_13399  |  20|   0|   20|          0|
    |data_188_val214_phi_reg_13412  |  20|   0|   20|          0|
    |data_189_val215_phi_reg_13425  |  20|   0|   20|          0|
    |data_18_val44_phi_reg_11202    |  20|   0|   20|          0|
    |data_190_val216_phi_reg_13438  |  20|   0|   20|          0|
    |data_191_val217_phi_reg_13451  |  20|   0|   20|          0|
    |data_192_val218_phi_reg_13464  |  20|   0|   20|          0|
    |data_193_val219_phi_reg_13477  |  20|   0|   20|          0|
    |data_194_val220_phi_reg_13490  |  20|   0|   20|          0|
    |data_195_val221_phi_reg_13503  |  20|   0|   20|          0|
    |data_196_val222_phi_reg_13516  |  20|   0|   20|          0|
    |data_197_val223_phi_reg_13529  |  20|   0|   20|          0|
    |data_198_val224_phi_reg_13542  |  20|   0|   20|          0|
    |data_199_val225_phi_reg_13555  |  20|   0|   20|          0|
    |data_19_val45_phi_reg_11215    |  20|   0|   20|          0|
    |data_1_val27_phi_reg_10981     |  20|   0|   20|          0|
    |data_200_val226_phi_reg_13568  |  20|   0|   20|          0|
    |data_201_val227_phi_reg_13581  |  20|   0|   20|          0|
    |data_202_val228_phi_reg_13594  |  20|   0|   20|          0|
    |data_203_val229_phi_reg_13607  |  20|   0|   20|          0|
    |data_204_val230_phi_reg_13620  |  20|   0|   20|          0|
    |data_205_val231_phi_reg_13633  |  20|   0|   20|          0|
    |data_206_val232_phi_reg_13646  |  20|   0|   20|          0|
    |data_207_val233_phi_reg_13659  |  20|   0|   20|          0|
    |data_208_val234_phi_reg_13672  |  20|   0|   20|          0|
    |data_209_val235_phi_reg_13685  |  20|   0|   20|          0|
    |data_20_val46_phi_reg_11228    |  20|   0|   20|          0|
    |data_210_val236_phi_reg_13698  |  20|   0|   20|          0|
    |data_211_val237_phi_reg_13711  |  20|   0|   20|          0|
    |data_212_val238_phi_reg_13724  |  20|   0|   20|          0|
    |data_213_val239_phi_reg_13737  |  20|   0|   20|          0|
    |data_214_val240_phi_reg_13750  |  20|   0|   20|          0|
    |data_215_val241_phi_reg_13763  |  20|   0|   20|          0|
    |data_216_val242_phi_reg_13776  |  20|   0|   20|          0|
    |data_217_val243_phi_reg_13789  |  20|   0|   20|          0|
    |data_218_val244_phi_reg_13802  |  20|   0|   20|          0|
    |data_219_val245_phi_reg_13815  |  20|   0|   20|          0|
    |data_21_val47_phi_reg_11241    |  20|   0|   20|          0|
    |data_220_val246_phi_reg_13828  |  20|   0|   20|          0|
    |data_221_val247_phi_reg_13841  |  20|   0|   20|          0|
    |data_222_val248_phi_reg_13854  |  20|   0|   20|          0|
    |data_223_val249_phi_reg_13867  |  20|   0|   20|          0|
    |data_224_val250_phi_reg_13880  |  20|   0|   20|          0|
    |data_225_val251_phi_reg_13893  |  20|   0|   20|          0|
    |data_226_val252_phi_reg_13906  |  20|   0|   20|          0|
    |data_227_val253_phi_reg_13919  |  20|   0|   20|          0|
    |data_228_val254_phi_reg_13932  |  20|   0|   20|          0|
    |data_229_val255_phi_reg_13945  |  20|   0|   20|          0|
    |data_22_val48_phi_reg_11254    |  20|   0|   20|          0|
    |data_230_val256_phi_reg_13958  |  20|   0|   20|          0|
    |data_231_val257_phi_reg_13971  |  20|   0|   20|          0|
    |data_232_val258_phi_reg_13984  |  20|   0|   20|          0|
    |data_233_val259_phi_reg_13997  |  20|   0|   20|          0|
    |data_234_val260_phi_reg_14010  |  20|   0|   20|          0|
    |data_235_val261_phi_reg_14023  |  20|   0|   20|          0|
    |data_236_val262_phi_reg_14036  |  20|   0|   20|          0|
    |data_237_val263_phi_reg_14049  |  20|   0|   20|          0|
    |data_238_val264_phi_reg_14062  |  20|   0|   20|          0|
    |data_239_val265_phi_reg_14075  |  20|   0|   20|          0|
    |data_23_val49_phi_reg_11267    |  20|   0|   20|          0|
    |data_240_val266_phi_reg_14088  |  20|   0|   20|          0|
    |data_241_val267_phi_reg_14101  |  20|   0|   20|          0|
    |data_242_val268_phi_reg_14114  |  20|   0|   20|          0|
    |data_243_val269_phi_reg_14127  |  20|   0|   20|          0|
    |data_244_val270_phi_reg_14140  |  20|   0|   20|          0|
    |data_245_val271_phi_reg_14153  |  20|   0|   20|          0|
    |data_246_val272_phi_reg_14166  |  20|   0|   20|          0|
    |data_247_val273_phi_reg_14179  |  20|   0|   20|          0|
    |data_248_val274_phi_reg_14192  |  20|   0|   20|          0|
    |data_249_val275_phi_reg_14205  |  20|   0|   20|          0|
    |data_24_val50_phi_reg_11280    |  20|   0|   20|          0|
    |data_250_val276_phi_reg_14218  |  20|   0|   20|          0|
    |data_251_val277_phi_reg_14231  |  20|   0|   20|          0|
    |data_252_val278_phi_reg_14244  |  20|   0|   20|          0|
    |data_253_val279_phi_reg_14257  |  20|   0|   20|          0|
    |data_254_val280_phi_reg_14270  |  20|   0|   20|          0|
    |data_255_val281_phi_reg_14283  |  20|   0|   20|          0|
    |data_256_val282_phi_reg_14296  |  20|   0|   20|          0|
    |data_257_val283_phi_reg_14309  |  20|   0|   20|          0|
    |data_258_val284_phi_reg_14322  |  20|   0|   20|          0|
    |data_259_val285_phi_reg_14335  |  20|   0|   20|          0|
    |data_25_val51_phi_reg_11293    |  20|   0|   20|          0|
    |data_260_val286_phi_reg_14348  |  20|   0|   20|          0|
    |data_261_val287_phi_reg_14361  |  20|   0|   20|          0|
    |data_262_val288_phi_reg_14374  |  20|   0|   20|          0|
    |data_263_val289_phi_reg_14387  |  20|   0|   20|          0|
    |data_264_val290_phi_reg_14400  |  20|   0|   20|          0|
    |data_265_val291_phi_reg_14413  |  20|   0|   20|          0|
    |data_266_val292_phi_reg_14426  |  20|   0|   20|          0|
    |data_267_val293_phi_reg_14439  |  20|   0|   20|          0|
    |data_268_val294_phi_reg_14452  |  20|   0|   20|          0|
    |data_269_val295_phi_reg_14465  |  20|   0|   20|          0|
    |data_26_val52_phi_reg_11306    |  20|   0|   20|          0|
    |data_270_val296_phi_reg_14478  |  20|   0|   20|          0|
    |data_271_val297_phi_reg_14491  |  20|   0|   20|          0|
    |data_272_val298_phi_reg_14504  |  20|   0|   20|          0|
    |data_273_val299_phi_reg_14517  |  20|   0|   20|          0|
    |data_274_val300_phi_reg_14530  |  20|   0|   20|          0|
    |data_275_val301_phi_reg_14543  |  20|   0|   20|          0|
    |data_276_val302_phi_reg_14556  |  20|   0|   20|          0|
    |data_277_val303_phi_reg_14569  |  20|   0|   20|          0|
    |data_278_val304_phi_reg_14582  |  20|   0|   20|          0|
    |data_279_val305_phi_reg_14595  |  20|   0|   20|          0|
    |data_27_val53_phi_reg_11319    |  20|   0|   20|          0|
    |data_280_val306_phi_reg_14608  |  20|   0|   20|          0|
    |data_281_val307_phi_reg_14621  |  20|   0|   20|          0|
    |data_282_val308_phi_reg_14634  |  20|   0|   20|          0|
    |data_283_val309_phi_reg_14647  |  20|   0|   20|          0|
    |data_284_val310_phi_reg_14660  |  20|   0|   20|          0|
    |data_285_val311_phi_reg_14673  |  20|   0|   20|          0|
    |data_286_val312_phi_reg_14686  |  20|   0|   20|          0|
    |data_287_val313_phi_reg_14699  |  20|   0|   20|          0|
    |data_288_val314_phi_reg_14712  |  20|   0|   20|          0|
    |data_289_val315_phi_reg_14725  |  20|   0|   20|          0|
    |data_28_val54_phi_reg_11332    |  20|   0|   20|          0|
    |data_290_val316_phi_reg_14738  |  20|   0|   20|          0|
    |data_291_val317_phi_reg_14751  |  20|   0|   20|          0|
    |data_292_val318_phi_reg_14764  |  20|   0|   20|          0|
    |data_293_val319_phi_reg_14777  |  20|   0|   20|          0|
    |data_294_val320_phi_reg_14790  |  20|   0|   20|          0|
    |data_295_val321_phi_reg_14803  |  20|   0|   20|          0|
    |data_296_val322_phi_reg_14816  |  20|   0|   20|          0|
    |data_297_val323_phi_reg_14829  |  20|   0|   20|          0|
    |data_298_val324_phi_reg_14842  |  20|   0|   20|          0|
    |data_299_val325_phi_reg_14855  |  20|   0|   20|          0|
    |data_29_val55_phi_reg_11345    |  20|   0|   20|          0|
    |data_2_val28_phi_reg_10994     |  20|   0|   20|          0|
    |data_300_val326_phi_reg_14868  |  20|   0|   20|          0|
    |data_301_val327_phi_reg_14881  |  20|   0|   20|          0|
    |data_302_val328_phi_reg_14894  |  20|   0|   20|          0|
    |data_303_val329_phi_reg_14907  |  20|   0|   20|          0|
    |data_304_val330_phi_reg_14920  |  20|   0|   20|          0|
    |data_305_val331_phi_reg_14933  |  20|   0|   20|          0|
    |data_306_val332_phi_reg_14946  |  20|   0|   20|          0|
    |data_307_val333_phi_reg_14959  |  20|   0|   20|          0|
    |data_308_val334_phi_reg_14972  |  20|   0|   20|          0|
    |data_309_val335_phi_reg_14985  |  20|   0|   20|          0|
    |data_30_val56_phi_reg_11358    |  20|   0|   20|          0|
    |data_310_val336_phi_reg_14998  |  20|   0|   20|          0|
    |data_311_val337_phi_reg_15011  |  20|   0|   20|          0|
    |data_312_val338_phi_reg_15024  |  20|   0|   20|          0|
    |data_313_val339_phi_reg_15037  |  20|   0|   20|          0|
    |data_314_val340_phi_reg_15050  |  20|   0|   20|          0|
    |data_315_val341_phi_reg_15063  |  20|   0|   20|          0|
    |data_316_val342_phi_reg_15076  |  20|   0|   20|          0|
    |data_317_val343_phi_reg_15089  |  20|   0|   20|          0|
    |data_318_val344_phi_reg_15102  |  20|   0|   20|          0|
    |data_319_val345_phi_reg_15115  |  20|   0|   20|          0|
    |data_31_val57_phi_reg_11371    |  20|   0|   20|          0|
    |data_320_val346_phi_reg_15128  |  20|   0|   20|          0|
    |data_321_val347_phi_reg_15141  |  20|   0|   20|          0|
    |data_322_val348_phi_reg_15154  |  20|   0|   20|          0|
    |data_323_val349_phi_reg_15167  |  20|   0|   20|          0|
    |data_324_val350_phi_reg_15180  |  20|   0|   20|          0|
    |data_325_val351_phi_reg_15193  |  20|   0|   20|          0|
    |data_326_val352_phi_reg_15206  |  20|   0|   20|          0|
    |data_327_val353_phi_reg_15219  |  20|   0|   20|          0|
    |data_328_val354_phi_reg_15232  |  20|   0|   20|          0|
    |data_329_val355_phi_reg_15245  |  20|   0|   20|          0|
    |data_32_val58_phi_reg_11384    |  20|   0|   20|          0|
    |data_330_val356_phi_reg_15258  |  20|   0|   20|          0|
    |data_331_val357_phi_reg_15271  |  20|   0|   20|          0|
    |data_332_val358_phi_reg_15284  |  20|   0|   20|          0|
    |data_333_val359_phi_reg_15297  |  20|   0|   20|          0|
    |data_334_val360_phi_reg_15310  |  20|   0|   20|          0|
    |data_335_val361_phi_reg_15323  |  20|   0|   20|          0|
    |data_336_val362_phi_reg_15336  |  20|   0|   20|          0|
    |data_337_val363_phi_reg_15349  |  20|   0|   20|          0|
    |data_338_val364_phi_reg_15362  |  20|   0|   20|          0|
    |data_339_val365_phi_reg_15375  |  20|   0|   20|          0|
    |data_33_val59_phi_reg_11397    |  20|   0|   20|          0|
    |data_340_val366_phi_reg_15388  |  20|   0|   20|          0|
    |data_341_val367_phi_reg_15401  |  20|   0|   20|          0|
    |data_342_val368_phi_reg_15414  |  20|   0|   20|          0|
    |data_343_val369_phi_reg_15427  |  20|   0|   20|          0|
    |data_344_val370_phi_reg_15440  |  20|   0|   20|          0|
    |data_345_val371_phi_reg_15453  |  20|   0|   20|          0|
    |data_346_val372_phi_reg_15466  |  20|   0|   20|          0|
    |data_347_val373_phi_reg_15479  |  20|   0|   20|          0|
    |data_348_val374_phi_reg_15492  |  20|   0|   20|          0|
    |data_349_val375_phi_reg_15505  |  20|   0|   20|          0|
    |data_34_val60_phi_reg_11410    |  20|   0|   20|          0|
    |data_350_val376_phi_reg_15518  |  20|   0|   20|          0|
    |data_351_val377_phi_reg_15531  |  20|   0|   20|          0|
    |data_352_val378_phi_reg_15544  |  20|   0|   20|          0|
    |data_353_val379_phi_reg_15557  |  20|   0|   20|          0|
    |data_354_val380_phi_reg_15570  |  20|   0|   20|          0|
    |data_355_val381_phi_reg_15583  |  20|   0|   20|          0|
    |data_356_val382_phi_reg_15596  |  20|   0|   20|          0|
    |data_357_val383_phi_reg_15609  |  20|   0|   20|          0|
    |data_358_val384_phi_reg_15622  |  20|   0|   20|          0|
    |data_359_val385_phi_reg_15635  |  20|   0|   20|          0|
    |data_35_val61_phi_reg_11423    |  20|   0|   20|          0|
    |data_360_val386_phi_reg_15648  |  20|   0|   20|          0|
    |data_361_val387_phi_reg_15661  |  20|   0|   20|          0|
    |data_362_val388_phi_reg_15674  |  20|   0|   20|          0|
    |data_363_val389_phi_reg_15687  |  20|   0|   20|          0|
    |data_364_val390_phi_reg_15700  |  20|   0|   20|          0|
    |data_365_val391_phi_reg_15713  |  20|   0|   20|          0|
    |data_366_val392_phi_reg_15726  |  20|   0|   20|          0|
    |data_367_val393_phi_reg_15739  |  20|   0|   20|          0|
    |data_368_val394_phi_reg_15752  |  20|   0|   20|          0|
    |data_369_val395_phi_reg_15765  |  20|   0|   20|          0|
    |data_36_val62_phi_reg_11436    |  20|   0|   20|          0|
    |data_370_val396_phi_reg_15778  |  20|   0|   20|          0|
    |data_371_val397_phi_reg_15791  |  20|   0|   20|          0|
    |data_372_val398_phi_reg_15804  |  20|   0|   20|          0|
    |data_373_val399_phi_reg_15817  |  20|   0|   20|          0|
    |data_374_val400_phi_reg_15830  |  20|   0|   20|          0|
    |data_375_val401_phi_reg_15843  |  20|   0|   20|          0|
    |data_376_val402_phi_reg_15856  |  20|   0|   20|          0|
    |data_377_val403_phi_reg_15869  |  20|   0|   20|          0|
    |data_378_val404_phi_reg_15882  |  20|   0|   20|          0|
    |data_379_val405_phi_reg_15895  |  20|   0|   20|          0|
    |data_37_val63_phi_reg_11449    |  20|   0|   20|          0|
    |data_380_val406_phi_reg_15908  |  20|   0|   20|          0|
    |data_381_val407_phi_reg_15921  |  20|   0|   20|          0|
    |data_382_val408_phi_reg_15934  |  20|   0|   20|          0|
    |data_383_val409_phi_reg_15947  |  20|   0|   20|          0|
    |data_384_val410_phi_reg_15960  |  20|   0|   20|          0|
    |data_385_val411_phi_reg_15973  |  20|   0|   20|          0|
    |data_386_val412_phi_reg_15986  |  20|   0|   20|          0|
    |data_387_val413_phi_reg_15999  |  20|   0|   20|          0|
    |data_388_val414_phi_reg_16012  |  20|   0|   20|          0|
    |data_389_val415_phi_reg_16025  |  20|   0|   20|          0|
    |data_38_val64_phi_reg_11462    |  20|   0|   20|          0|
    |data_390_val416_phi_reg_16038  |  20|   0|   20|          0|
    |data_391_val417_phi_reg_16051  |  20|   0|   20|          0|
    |data_392_val418_phi_reg_16064  |  20|   0|   20|          0|
    |data_393_val419_phi_reg_16077  |  20|   0|   20|          0|
    |data_394_val420_phi_reg_16090  |  20|   0|   20|          0|
    |data_395_val421_phi_reg_16103  |  20|   0|   20|          0|
    |data_396_val422_phi_reg_16116  |  20|   0|   20|          0|
    |data_397_val423_phi_reg_16129  |  20|   0|   20|          0|
    |data_398_val424_phi_reg_16142  |  20|   0|   20|          0|
    |data_399_val425_phi_reg_16155  |  20|   0|   20|          0|
    |data_39_val65_phi_reg_11475    |  20|   0|   20|          0|
    |data_3_val29_phi_reg_11007     |  20|   0|   20|          0|
    |data_400_val426_phi_reg_16168  |  20|   0|   20|          0|
    |data_401_val427_phi_reg_16181  |  20|   0|   20|          0|
    |data_402_val428_phi_reg_16194  |  20|   0|   20|          0|
    |data_403_val429_phi_reg_16207  |  20|   0|   20|          0|
    |data_404_val430_phi_reg_16220  |  20|   0|   20|          0|
    |data_405_val431_phi_reg_16233  |  20|   0|   20|          0|
    |data_406_val432_phi_reg_16246  |  20|   0|   20|          0|
    |data_407_val433_phi_reg_16259  |  20|   0|   20|          0|
    |data_408_val434_phi_reg_16272  |  20|   0|   20|          0|
    |data_409_val435_phi_reg_16285  |  20|   0|   20|          0|
    |data_40_val66_phi_reg_11488    |  20|   0|   20|          0|
    |data_410_val436_phi_reg_16298  |  20|   0|   20|          0|
    |data_411_val437_phi_reg_16311  |  20|   0|   20|          0|
    |data_412_val438_phi_reg_16324  |  20|   0|   20|          0|
    |data_413_val439_phi_reg_16337  |  20|   0|   20|          0|
    |data_414_val440_phi_reg_16350  |  20|   0|   20|          0|
    |data_415_val441_phi_reg_16363  |  20|   0|   20|          0|
    |data_416_val442_phi_reg_16376  |  20|   0|   20|          0|
    |data_417_val443_phi_reg_16389  |  20|   0|   20|          0|
    |data_418_val444_phi_reg_16402  |  20|   0|   20|          0|
    |data_419_val445_phi_reg_16415  |  20|   0|   20|          0|
    |data_41_val67_phi_reg_11501    |  20|   0|   20|          0|
    |data_420_val446_phi_reg_16428  |  20|   0|   20|          0|
    |data_421_val447_phi_reg_16441  |  20|   0|   20|          0|
    |data_422_val448_phi_reg_16454  |  20|   0|   20|          0|
    |data_423_val449_phi_reg_16467  |  20|   0|   20|          0|
    |data_424_val450_phi_reg_16480  |  20|   0|   20|          0|
    |data_425_val451_phi_reg_16493  |  20|   0|   20|          0|
    |data_426_val452_phi_reg_16506  |  20|   0|   20|          0|
    |data_427_val453_phi_reg_16519  |  20|   0|   20|          0|
    |data_428_val454_phi_reg_16532  |  20|   0|   20|          0|
    |data_429_val455_phi_reg_16545  |  20|   0|   20|          0|
    |data_42_val68_phi_reg_11514    |  20|   0|   20|          0|
    |data_430_val456_phi_reg_16558  |  20|   0|   20|          0|
    |data_431_val457_phi_reg_16571  |  20|   0|   20|          0|
    |data_432_val458_phi_reg_16584  |  20|   0|   20|          0|
    |data_433_val459_phi_reg_16597  |  20|   0|   20|          0|
    |data_434_val460_phi_reg_16610  |  20|   0|   20|          0|
    |data_435_val461_phi_reg_16623  |  20|   0|   20|          0|
    |data_436_val462_phi_reg_16636  |  20|   0|   20|          0|
    |data_437_val463_phi_reg_16649  |  20|   0|   20|          0|
    |data_438_val464_phi_reg_16662  |  20|   0|   20|          0|
    |data_439_val465_phi_reg_16675  |  20|   0|   20|          0|
    |data_43_val69_phi_reg_11527    |  20|   0|   20|          0|
    |data_440_val466_phi_reg_16688  |  20|   0|   20|          0|
    |data_441_val467_phi_reg_16701  |  20|   0|   20|          0|
    |data_442_val468_phi_reg_16714  |  20|   0|   20|          0|
    |data_443_val469_phi_reg_16727  |  20|   0|   20|          0|
    |data_444_val470_phi_reg_16740  |  20|   0|   20|          0|
    |data_445_val471_phi_reg_16753  |  20|   0|   20|          0|
    |data_446_val472_phi_reg_16766  |  20|   0|   20|          0|
    |data_447_val473_phi_reg_16779  |  20|   0|   20|          0|
    |data_448_val474_phi_reg_16792  |  20|   0|   20|          0|
    |data_449_val475_phi_reg_16805  |  20|   0|   20|          0|
    |data_44_val70_phi_reg_11540    |  20|   0|   20|          0|
    |data_45_val71_phi_reg_11553    |  20|   0|   20|          0|
    |data_46_val72_phi_reg_11566    |  20|   0|   20|          0|
    |data_47_val73_phi_reg_11579    |  20|   0|   20|          0|
    |data_48_val74_phi_reg_11592    |  20|   0|   20|          0|
    |data_49_val75_phi_reg_11605    |  20|   0|   20|          0|
    |data_4_val30_phi_reg_11020     |  20|   0|   20|          0|
    |data_50_val76_phi_reg_11618    |  20|   0|   20|          0|
    |data_51_val77_phi_reg_11631    |  20|   0|   20|          0|
    |data_52_val78_phi_reg_11644    |  20|   0|   20|          0|
    |data_53_val79_phi_reg_11657    |  20|   0|   20|          0|
    |data_54_val80_phi_reg_11670    |  20|   0|   20|          0|
    |data_55_val81_phi_reg_11683    |  20|   0|   20|          0|
    |data_56_val82_phi_reg_11696    |  20|   0|   20|          0|
    |data_57_val83_phi_reg_11709    |  20|   0|   20|          0|
    |data_58_val84_phi_reg_11722    |  20|   0|   20|          0|
    |data_59_val85_phi_reg_11735    |  20|   0|   20|          0|
    |data_5_val31_phi_reg_11033     |  20|   0|   20|          0|
    |data_60_val86_phi_reg_11748    |  20|   0|   20|          0|
    |data_61_val87_phi_reg_11761    |  20|   0|   20|          0|
    |data_62_val88_phi_reg_11774    |  20|   0|   20|          0|
    |data_63_val89_phi_reg_11787    |  20|   0|   20|          0|
    |data_64_val90_phi_reg_11800    |  20|   0|   20|          0|
    |data_65_val91_phi_reg_11813    |  20|   0|   20|          0|
    |data_66_val92_phi_reg_11826    |  20|   0|   20|          0|
    |data_67_val93_phi_reg_11839    |  20|   0|   20|          0|
    |data_68_val94_phi_reg_11852    |  20|   0|   20|          0|
    |data_69_val95_phi_reg_11865    |  20|   0|   20|          0|
    |data_6_val32_phi_reg_11046     |  20|   0|   20|          0|
    |data_70_val96_phi_reg_11878    |  20|   0|   20|          0|
    |data_71_val97_phi_reg_11891    |  20|   0|   20|          0|
    |data_72_val98_phi_reg_11904    |  20|   0|   20|          0|
    |data_73_val99_phi_reg_11917    |  20|   0|   20|          0|
    |data_74_val100_phi_reg_11930   |  20|   0|   20|          0|
    |data_75_val101_phi_reg_11943   |  20|   0|   20|          0|
    |data_76_val102_phi_reg_11956   |  20|   0|   20|          0|
    |data_77_val103_phi_reg_11969   |  20|   0|   20|          0|
    |data_78_val104_phi_reg_11982   |  20|   0|   20|          0|
    |data_79_val105_phi_reg_11995   |  20|   0|   20|          0|
    |data_7_val33_phi_reg_11059     |  20|   0|   20|          0|
    |data_80_val106_phi_reg_12008   |  20|   0|   20|          0|
    |data_81_val107_phi_reg_12021   |  20|   0|   20|          0|
    |data_82_val108_phi_reg_12034   |  20|   0|   20|          0|
    |data_83_val109_phi_reg_12047   |  20|   0|   20|          0|
    |data_84_val110_phi_reg_12060   |  20|   0|   20|          0|
    |data_85_val111_phi_reg_12073   |  20|   0|   20|          0|
    |data_86_val112_phi_reg_12086   |  20|   0|   20|          0|
    |data_87_val113_phi_reg_12099   |  20|   0|   20|          0|
    |data_88_val114_phi_reg_12112   |  20|   0|   20|          0|
    |data_89_val115_phi_reg_12125   |  20|   0|   20|          0|
    |data_8_val34_phi_reg_11072     |  20|   0|   20|          0|
    |data_90_val116_phi_reg_12138   |  20|   0|   20|          0|
    |data_91_val117_phi_reg_12151   |  20|   0|   20|          0|
    |data_92_val118_phi_reg_12164   |  20|   0|   20|          0|
    |data_93_val119_phi_reg_12177   |  20|   0|   20|          0|
    |data_94_val120_phi_reg_12190   |  20|   0|   20|          0|
    |data_95_val121_phi_reg_12203   |  20|   0|   20|          0|
    |data_96_val122_phi_reg_12216   |  20|   0|   20|          0|
    |data_97_val123_phi_reg_12229   |  20|   0|   20|          0|
    |data_98_val124_phi_reg_12242   |  20|   0|   20|          0|
    |data_99_val125_phi_reg_12255   |  20|   0|   20|          0|
    |data_9_val35_phi_reg_11085     |  20|   0|   20|          0|
    |do_init_reg_4624               |   1|   0|    1|          0|
    |icmp_ln135_reg_19152           |   1|   0|    1|          0|
    |in_index24_reg_10940           |  32|   0|   32|          0|
    |in_index_reg_19142             |  32|   0|   32|          0|
    |w_index23_reg_10954            |  12|   0|   12|          0|
    |w_index_reg_19147              |  12|   0|   12|          0|
    +-------------------------------+----+----+-----+-----------+
    |Total                          |9463|   0| 9463|          0|
    +-------------------------------+----+----+-----+-----------+



================================================================
== Interface
================================================================
* Summary: 
+--------------+-----+-----+------------+------------------------------------------------------------------------+--------------+
|   RTL Ports  | Dir | Bits|  Protocol  |                              Source Object                             |    C Type    |
+--------------+-----+-----+------------+------------------------------------------------------------------------+--------------+
|ap_clk        |   in|    1|  ap_ctrl_hs|  dense_resource_rf_gt_nin_rem0<ap_fixed,ap_fixed<24,12,5,3,0>,config12>|  return value|
|ap_rst        |   in|    1|  ap_ctrl_hs|  dense_resource_rf_gt_nin_rem0<ap_fixed,ap_fixed<24,12,5,3,0>,config12>|  return value|
|ap_start      |   in|    1|  ap_ctrl_hs|  dense_resource_rf_gt_nin_rem0<ap_fixed,ap_fixed<24,12,5,3,0>,config12>|  return value|
|ap_done       |  out|    1|  ap_ctrl_hs|  dense_resource_rf_gt_nin_rem0<ap_fixed,ap_fixed<24,12,5,3,0>,config12>|  return value|
|ap_idle       |  out|    1|  ap_ctrl_hs|  dense_resource_rf_gt_nin_rem0<ap_fixed,ap_fixed<24,12,5,3,0>,config12>|  return value|
|ap_ready      |  out|    1|  ap_ctrl_hs|  dense_resource_rf_gt_nin_rem0<ap_fixed,ap_fixed<24,12,5,3,0>,config12>|  return value|
|ap_return_0   |  out|   24|  ap_ctrl_hs|  dense_resource_rf_gt_nin_rem0<ap_fixed,ap_fixed<24,12,5,3,0>,config12>|  return value|
|ap_return_1   |  out|   24|  ap_ctrl_hs|  dense_resource_rf_gt_nin_rem0<ap_fixed,ap_fixed<24,12,5,3,0>,config12>|  return value|
|ap_return_2   |  out|   24|  ap_ctrl_hs|  dense_resource_rf_gt_nin_rem0<ap_fixed,ap_fixed<24,12,5,3,0>,config12>|  return value|
|ap_return_3   |  out|   24|  ap_ctrl_hs|  dense_resource_rf_gt_nin_rem0<ap_fixed,ap_fixed<24,12,5,3,0>,config12>|  return value|
|ap_return_4   |  out|   24|  ap_ctrl_hs|  dense_resource_rf_gt_nin_rem0<ap_fixed,ap_fixed<24,12,5,3,0>,config12>|  return value|
|ap_return_5   |  out|   24|  ap_ctrl_hs|  dense_resource_rf_gt_nin_rem0<ap_fixed,ap_fixed<24,12,5,3,0>,config12>|  return value|
|ap_return_6   |  out|   24|  ap_ctrl_hs|  dense_resource_rf_gt_nin_rem0<ap_fixed,ap_fixed<24,12,5,3,0>,config12>|  return value|
|data_0_val    |   in|   20|     ap_none|                                                              data_0_val|        scalar|
|data_1_val    |   in|   20|     ap_none|                                                              data_1_val|        scalar|
|data_2_val    |   in|   20|     ap_none|                                                              data_2_val|        scalar|
|data_3_val    |   in|   20|     ap_none|                                                              data_3_val|        scalar|
|data_4_val    |   in|   20|     ap_none|                                                              data_4_val|        scalar|
|data_5_val    |   in|   20|     ap_none|                                                              data_5_val|        scalar|
|data_6_val    |   in|   20|     ap_none|                                                              data_6_val|        scalar|
|data_7_val    |   in|   20|     ap_none|                                                              data_7_val|        scalar|
|data_8_val    |   in|   20|     ap_none|                                                              data_8_val|        scalar|
|data_9_val    |   in|   20|     ap_none|                                                              data_9_val|        scalar|
|data_10_val   |   in|   20|     ap_none|                                                             data_10_val|        scalar|
|data_11_val   |   in|   20|     ap_none|                                                             data_11_val|        scalar|
|data_12_val   |   in|   20|     ap_none|                                                             data_12_val|        scalar|
|data_13_val   |   in|   20|     ap_none|                                                             data_13_val|        scalar|
|data_14_val   |   in|   20|     ap_none|                                                             data_14_val|        scalar|
|data_15_val   |   in|   20|     ap_none|                                                             data_15_val|        scalar|
|data_16_val   |   in|   20|     ap_none|                                                             data_16_val|        scalar|
|data_17_val   |   in|   20|     ap_none|                                                             data_17_val|        scalar|
|data_18_val   |   in|   20|     ap_none|                                                             data_18_val|        scalar|
|data_19_val   |   in|   20|     ap_none|                                                             data_19_val|        scalar|
|data_20_val   |   in|   20|     ap_none|                                                             data_20_val|        scalar|
|data_21_val   |   in|   20|     ap_none|                                                             data_21_val|        scalar|
|data_22_val   |   in|   20|     ap_none|                                                             data_22_val|        scalar|
|data_23_val   |   in|   20|     ap_none|                                                             data_23_val|        scalar|
|data_24_val   |   in|   20|     ap_none|                                                             data_24_val|        scalar|
|data_25_val   |   in|   20|     ap_none|                                                             data_25_val|        scalar|
|data_26_val   |   in|   20|     ap_none|                                                             data_26_val|        scalar|
|data_27_val   |   in|   20|     ap_none|                                                             data_27_val|        scalar|
|data_28_val   |   in|   20|     ap_none|                                                             data_28_val|        scalar|
|data_29_val   |   in|   20|     ap_none|                                                             data_29_val|        scalar|
|data_30_val   |   in|   20|     ap_none|                                                             data_30_val|        scalar|
|data_31_val   |   in|   20|     ap_none|                                                             data_31_val|        scalar|
|data_32_val   |   in|   20|     ap_none|                                                             data_32_val|        scalar|
|data_33_val   |   in|   20|     ap_none|                                                             data_33_val|        scalar|
|data_34_val   |   in|   20|     ap_none|                                                             data_34_val|        scalar|
|data_35_val   |   in|   20|     ap_none|                                                             data_35_val|        scalar|
|data_36_val   |   in|   20|     ap_none|                                                             data_36_val|        scalar|
|data_37_val   |   in|   20|     ap_none|                                                             data_37_val|        scalar|
|data_38_val   |   in|   20|     ap_none|                                                             data_38_val|        scalar|
|data_39_val   |   in|   20|     ap_none|                                                             data_39_val|        scalar|
|data_40_val   |   in|   20|     ap_none|                                                             data_40_val|        scalar|
|data_41_val   |   in|   20|     ap_none|                                                             data_41_val|        scalar|
|data_42_val   |   in|   20|     ap_none|                                                             data_42_val|        scalar|
|data_43_val   |   in|   20|     ap_none|                                                             data_43_val|        scalar|
|data_44_val   |   in|   20|     ap_none|                                                             data_44_val|        scalar|
|data_45_val   |   in|   20|     ap_none|                                                             data_45_val|        scalar|
|data_46_val   |   in|   20|     ap_none|                                                             data_46_val|        scalar|
|data_47_val   |   in|   20|     ap_none|                                                             data_47_val|        scalar|
|data_48_val   |   in|   20|     ap_none|                                                             data_48_val|        scalar|
|data_49_val   |   in|   20|     ap_none|                                                             data_49_val|        scalar|
|data_50_val   |   in|   20|     ap_none|                                                             data_50_val|        scalar|
|data_51_val   |   in|   20|     ap_none|                                                             data_51_val|        scalar|
|data_52_val   |   in|   20|     ap_none|                                                             data_52_val|        scalar|
|data_53_val   |   in|   20|     ap_none|                                                             data_53_val|        scalar|
|data_54_val   |   in|   20|     ap_none|                                                             data_54_val|        scalar|
|data_55_val   |   in|   20|     ap_none|                                                             data_55_val|        scalar|
|data_56_val   |   in|   20|     ap_none|                                                             data_56_val|        scalar|
|data_57_val   |   in|   20|     ap_none|                                                             data_57_val|        scalar|
|data_58_val   |   in|   20|     ap_none|                                                             data_58_val|        scalar|
|data_59_val   |   in|   20|     ap_none|                                                             data_59_val|        scalar|
|data_60_val   |   in|   20|     ap_none|                                                             data_60_val|        scalar|
|data_61_val   |   in|   20|     ap_none|                                                             data_61_val|        scalar|
|data_62_val   |   in|   20|     ap_none|                                                             data_62_val|        scalar|
|data_63_val   |   in|   20|     ap_none|                                                             data_63_val|        scalar|
|data_64_val   |   in|   20|     ap_none|                                                             data_64_val|        scalar|
|data_65_val   |   in|   20|     ap_none|                                                             data_65_val|        scalar|
|data_66_val   |   in|   20|     ap_none|                                                             data_66_val|        scalar|
|data_67_val   |   in|   20|     ap_none|                                                             data_67_val|        scalar|
|data_68_val   |   in|   20|     ap_none|                                                             data_68_val|        scalar|
|data_69_val   |   in|   20|     ap_none|                                                             data_69_val|        scalar|
|data_70_val   |   in|   20|     ap_none|                                                             data_70_val|        scalar|
|data_71_val   |   in|   20|     ap_none|                                                             data_71_val|        scalar|
|data_72_val   |   in|   20|     ap_none|                                                             data_72_val|        scalar|
|data_73_val   |   in|   20|     ap_none|                                                             data_73_val|        scalar|
|data_74_val   |   in|   20|     ap_none|                                                             data_74_val|        scalar|
|data_75_val   |   in|   20|     ap_none|                                                             data_75_val|        scalar|
|data_76_val   |   in|   20|     ap_none|                                                             data_76_val|        scalar|
|data_77_val   |   in|   20|     ap_none|                                                             data_77_val|        scalar|
|data_78_val   |   in|   20|     ap_none|                                                             data_78_val|        scalar|
|data_79_val   |   in|   20|     ap_none|                                                             data_79_val|        scalar|
|data_80_val   |   in|   20|     ap_none|                                                             data_80_val|        scalar|
|data_81_val   |   in|   20|     ap_none|                                                             data_81_val|        scalar|
|data_82_val   |   in|   20|     ap_none|                                                             data_82_val|        scalar|
|data_83_val   |   in|   20|     ap_none|                                                             data_83_val|        scalar|
|data_84_val   |   in|   20|     ap_none|                                                             data_84_val|        scalar|
|data_85_val   |   in|   20|     ap_none|                                                             data_85_val|        scalar|
|data_86_val   |   in|   20|     ap_none|                                                             data_86_val|        scalar|
|data_87_val   |   in|   20|     ap_none|                                                             data_87_val|        scalar|
|data_88_val   |   in|   20|     ap_none|                                                             data_88_val|        scalar|
|data_89_val   |   in|   20|     ap_none|                                                             data_89_val|        scalar|
|data_90_val   |   in|   20|     ap_none|                                                             data_90_val|        scalar|
|data_91_val   |   in|   20|     ap_none|                                                             data_91_val|        scalar|
|data_92_val   |   in|   20|     ap_none|                                                             data_92_val|        scalar|
|data_93_val   |   in|   20|     ap_none|                                                             data_93_val|        scalar|
|data_94_val   |   in|   20|     ap_none|                                                             data_94_val|        scalar|
|data_95_val   |   in|   20|     ap_none|                                                             data_95_val|        scalar|
|data_96_val   |   in|   20|     ap_none|                                                             data_96_val|        scalar|
|data_97_val   |   in|   20|     ap_none|                                                             data_97_val|        scalar|
|data_98_val   |   in|   20|     ap_none|                                                             data_98_val|        scalar|
|data_99_val   |   in|   20|     ap_none|                                                             data_99_val|        scalar|
|data_100_val  |   in|   20|     ap_none|                                                            data_100_val|        scalar|
|data_101_val  |   in|   20|     ap_none|                                                            data_101_val|        scalar|
|data_102_val  |   in|   20|     ap_none|                                                            data_102_val|        scalar|
|data_103_val  |   in|   20|     ap_none|                                                            data_103_val|        scalar|
|data_104_val  |   in|   20|     ap_none|                                                            data_104_val|        scalar|
|data_105_val  |   in|   20|     ap_none|                                                            data_105_val|        scalar|
|data_106_val  |   in|   20|     ap_none|                                                            data_106_val|        scalar|
|data_107_val  |   in|   20|     ap_none|                                                            data_107_val|        scalar|
|data_108_val  |   in|   20|     ap_none|                                                            data_108_val|        scalar|
|data_109_val  |   in|   20|     ap_none|                                                            data_109_val|        scalar|
|data_110_val  |   in|   20|     ap_none|                                                            data_110_val|        scalar|
|data_111_val  |   in|   20|     ap_none|                                                            data_111_val|        scalar|
|data_112_val  |   in|   20|     ap_none|                                                            data_112_val|        scalar|
|data_113_val  |   in|   20|     ap_none|                                                            data_113_val|        scalar|
|data_114_val  |   in|   20|     ap_none|                                                            data_114_val|        scalar|
|data_115_val  |   in|   20|     ap_none|                                                            data_115_val|        scalar|
|data_116_val  |   in|   20|     ap_none|                                                            data_116_val|        scalar|
|data_117_val  |   in|   20|     ap_none|                                                            data_117_val|        scalar|
|data_118_val  |   in|   20|     ap_none|                                                            data_118_val|        scalar|
|data_119_val  |   in|   20|     ap_none|                                                            data_119_val|        scalar|
|data_120_val  |   in|   20|     ap_none|                                                            data_120_val|        scalar|
|data_121_val  |   in|   20|     ap_none|                                                            data_121_val|        scalar|
|data_122_val  |   in|   20|     ap_none|                                                            data_122_val|        scalar|
|data_123_val  |   in|   20|     ap_none|                                                            data_123_val|        scalar|
|data_124_val  |   in|   20|     ap_none|                                                            data_124_val|        scalar|
|data_125_val  |   in|   20|     ap_none|                                                            data_125_val|        scalar|
|data_126_val  |   in|   20|     ap_none|                                                            data_126_val|        scalar|
|data_127_val  |   in|   20|     ap_none|                                                            data_127_val|        scalar|
|data_128_val  |   in|   20|     ap_none|                                                            data_128_val|        scalar|
|data_129_val  |   in|   20|     ap_none|                                                            data_129_val|        scalar|
|data_130_val  |   in|   20|     ap_none|                                                            data_130_val|        scalar|
|data_131_val  |   in|   20|     ap_none|                                                            data_131_val|        scalar|
|data_132_val  |   in|   20|     ap_none|                                                            data_132_val|        scalar|
|data_133_val  |   in|   20|     ap_none|                                                            data_133_val|        scalar|
|data_134_val  |   in|   20|     ap_none|                                                            data_134_val|        scalar|
|data_135_val  |   in|   20|     ap_none|                                                            data_135_val|        scalar|
|data_136_val  |   in|   20|     ap_none|                                                            data_136_val|        scalar|
|data_137_val  |   in|   20|     ap_none|                                                            data_137_val|        scalar|
|data_138_val  |   in|   20|     ap_none|                                                            data_138_val|        scalar|
|data_139_val  |   in|   20|     ap_none|                                                            data_139_val|        scalar|
|data_140_val  |   in|   20|     ap_none|                                                            data_140_val|        scalar|
|data_141_val  |   in|   20|     ap_none|                                                            data_141_val|        scalar|
|data_142_val  |   in|   20|     ap_none|                                                            data_142_val|        scalar|
|data_143_val  |   in|   20|     ap_none|                                                            data_143_val|        scalar|
|data_144_val  |   in|   20|     ap_none|                                                            data_144_val|        scalar|
|data_145_val  |   in|   20|     ap_none|                                                            data_145_val|        scalar|
|data_146_val  |   in|   20|     ap_none|                                                            data_146_val|        scalar|
|data_147_val  |   in|   20|     ap_none|                                                            data_147_val|        scalar|
|data_148_val  |   in|   20|     ap_none|                                                            data_148_val|        scalar|
|data_149_val  |   in|   20|     ap_none|                                                            data_149_val|        scalar|
|data_150_val  |   in|   20|     ap_none|                                                            data_150_val|        scalar|
|data_151_val  |   in|   20|     ap_none|                                                            data_151_val|        scalar|
|data_152_val  |   in|   20|     ap_none|                                                            data_152_val|        scalar|
|data_153_val  |   in|   20|     ap_none|                                                            data_153_val|        scalar|
|data_154_val  |   in|   20|     ap_none|                                                            data_154_val|        scalar|
|data_155_val  |   in|   20|     ap_none|                                                            data_155_val|        scalar|
|data_156_val  |   in|   20|     ap_none|                                                            data_156_val|        scalar|
|data_157_val  |   in|   20|     ap_none|                                                            data_157_val|        scalar|
|data_158_val  |   in|   20|     ap_none|                                                            data_158_val|        scalar|
|data_159_val  |   in|   20|     ap_none|                                                            data_159_val|        scalar|
|data_160_val  |   in|   20|     ap_none|                                                            data_160_val|        scalar|
|data_161_val  |   in|   20|     ap_none|                                                            data_161_val|        scalar|
|data_162_val  |   in|   20|     ap_none|                                                            data_162_val|        scalar|
|data_163_val  |   in|   20|     ap_none|                                                            data_163_val|        scalar|
|data_164_val  |   in|   20|     ap_none|                                                            data_164_val|        scalar|
|data_165_val  |   in|   20|     ap_none|                                                            data_165_val|        scalar|
|data_166_val  |   in|   20|     ap_none|                                                            data_166_val|        scalar|
|data_167_val  |   in|   20|     ap_none|                                                            data_167_val|        scalar|
|data_168_val  |   in|   20|     ap_none|                                                            data_168_val|        scalar|
|data_169_val  |   in|   20|     ap_none|                                                            data_169_val|        scalar|
|data_170_val  |   in|   20|     ap_none|                                                            data_170_val|        scalar|
|data_171_val  |   in|   20|     ap_none|                                                            data_171_val|        scalar|
|data_172_val  |   in|   20|     ap_none|                                                            data_172_val|        scalar|
|data_173_val  |   in|   20|     ap_none|                                                            data_173_val|        scalar|
|data_174_val  |   in|   20|     ap_none|                                                            data_174_val|        scalar|
|data_175_val  |   in|   20|     ap_none|                                                            data_175_val|        scalar|
|data_176_val  |   in|   20|     ap_none|                                                            data_176_val|        scalar|
|data_177_val  |   in|   20|     ap_none|                                                            data_177_val|        scalar|
|data_178_val  |   in|   20|     ap_none|                                                            data_178_val|        scalar|
|data_179_val  |   in|   20|     ap_none|                                                            data_179_val|        scalar|
|data_180_val  |   in|   20|     ap_none|                                                            data_180_val|        scalar|
|data_181_val  |   in|   20|     ap_none|                                                            data_181_val|        scalar|
|data_182_val  |   in|   20|     ap_none|                                                            data_182_val|        scalar|
|data_183_val  |   in|   20|     ap_none|                                                            data_183_val|        scalar|
|data_184_val  |   in|   20|     ap_none|                                                            data_184_val|        scalar|
|data_185_val  |   in|   20|     ap_none|                                                            data_185_val|        scalar|
|data_186_val  |   in|   20|     ap_none|                                                            data_186_val|        scalar|
|data_187_val  |   in|   20|     ap_none|                                                            data_187_val|        scalar|
|data_188_val  |   in|   20|     ap_none|                                                            data_188_val|        scalar|
|data_189_val  |   in|   20|     ap_none|                                                            data_189_val|        scalar|
|data_190_val  |   in|   20|     ap_none|                                                            data_190_val|        scalar|
|data_191_val  |   in|   20|     ap_none|                                                            data_191_val|        scalar|
|data_192_val  |   in|   20|     ap_none|                                                            data_192_val|        scalar|
|data_193_val  |   in|   20|     ap_none|                                                            data_193_val|        scalar|
|data_194_val  |   in|   20|     ap_none|                                                            data_194_val|        scalar|
|data_195_val  |   in|   20|     ap_none|                                                            data_195_val|        scalar|
|data_196_val  |   in|   20|     ap_none|                                                            data_196_val|        scalar|
|data_197_val  |   in|   20|     ap_none|                                                            data_197_val|        scalar|
|data_198_val  |   in|   20|     ap_none|                                                            data_198_val|        scalar|
|data_199_val  |   in|   20|     ap_none|                                                            data_199_val|        scalar|
|data_200_val  |   in|   20|     ap_none|                                                            data_200_val|        scalar|
|data_201_val  |   in|   20|     ap_none|                                                            data_201_val|        scalar|
|data_202_val  |   in|   20|     ap_none|                                                            data_202_val|        scalar|
|data_203_val  |   in|   20|     ap_none|                                                            data_203_val|        scalar|
|data_204_val  |   in|   20|     ap_none|                                                            data_204_val|        scalar|
|data_205_val  |   in|   20|     ap_none|                                                            data_205_val|        scalar|
|data_206_val  |   in|   20|     ap_none|                                                            data_206_val|        scalar|
|data_207_val  |   in|   20|     ap_none|                                                            data_207_val|        scalar|
|data_208_val  |   in|   20|     ap_none|                                                            data_208_val|        scalar|
|data_209_val  |   in|   20|     ap_none|                                                            data_209_val|        scalar|
|data_210_val  |   in|   20|     ap_none|                                                            data_210_val|        scalar|
|data_211_val  |   in|   20|     ap_none|                                                            data_211_val|        scalar|
|data_212_val  |   in|   20|     ap_none|                                                            data_212_val|        scalar|
|data_213_val  |   in|   20|     ap_none|                                                            data_213_val|        scalar|
|data_214_val  |   in|   20|     ap_none|                                                            data_214_val|        scalar|
|data_215_val  |   in|   20|     ap_none|                                                            data_215_val|        scalar|
|data_216_val  |   in|   20|     ap_none|                                                            data_216_val|        scalar|
|data_217_val  |   in|   20|     ap_none|                                                            data_217_val|        scalar|
|data_218_val  |   in|   20|     ap_none|                                                            data_218_val|        scalar|
|data_219_val  |   in|   20|     ap_none|                                                            data_219_val|        scalar|
|data_220_val  |   in|   20|     ap_none|                                                            data_220_val|        scalar|
|data_221_val  |   in|   20|     ap_none|                                                            data_221_val|        scalar|
|data_222_val  |   in|   20|     ap_none|                                                            data_222_val|        scalar|
|data_223_val  |   in|   20|     ap_none|                                                            data_223_val|        scalar|
|data_224_val  |   in|   20|     ap_none|                                                            data_224_val|        scalar|
|data_225_val  |   in|   20|     ap_none|                                                            data_225_val|        scalar|
|data_226_val  |   in|   20|     ap_none|                                                            data_226_val|        scalar|
|data_227_val  |   in|   20|     ap_none|                                                            data_227_val|        scalar|
|data_228_val  |   in|   20|     ap_none|                                                            data_228_val|        scalar|
|data_229_val  |   in|   20|     ap_none|                                                            data_229_val|        scalar|
|data_230_val  |   in|   20|     ap_none|                                                            data_230_val|        scalar|
|data_231_val  |   in|   20|     ap_none|                                                            data_231_val|        scalar|
|data_232_val  |   in|   20|     ap_none|                                                            data_232_val|        scalar|
|data_233_val  |   in|   20|     ap_none|                                                            data_233_val|        scalar|
|data_234_val  |   in|   20|     ap_none|                                                            data_234_val|        scalar|
|data_235_val  |   in|   20|     ap_none|                                                            data_235_val|        scalar|
|data_236_val  |   in|   20|     ap_none|                                                            data_236_val|        scalar|
|data_237_val  |   in|   20|     ap_none|                                                            data_237_val|        scalar|
|data_238_val  |   in|   20|     ap_none|                                                            data_238_val|        scalar|
|data_239_val  |   in|   20|     ap_none|                                                            data_239_val|        scalar|
|data_240_val  |   in|   20|     ap_none|                                                            data_240_val|        scalar|
|data_241_val  |   in|   20|     ap_none|                                                            data_241_val|        scalar|
|data_242_val  |   in|   20|     ap_none|                                                            data_242_val|        scalar|
|data_243_val  |   in|   20|     ap_none|                                                            data_243_val|        scalar|
|data_244_val  |   in|   20|     ap_none|                                                            data_244_val|        scalar|
|data_245_val  |   in|   20|     ap_none|                                                            data_245_val|        scalar|
|data_246_val  |   in|   20|     ap_none|                                                            data_246_val|        scalar|
|data_247_val  |   in|   20|     ap_none|                                                            data_247_val|        scalar|
|data_248_val  |   in|   20|     ap_none|                                                            data_248_val|        scalar|
|data_249_val  |   in|   20|     ap_none|                                                            data_249_val|        scalar|
|data_250_val  |   in|   20|     ap_none|                                                            data_250_val|        scalar|
|data_251_val  |   in|   20|     ap_none|                                                            data_251_val|        scalar|
|data_252_val  |   in|   20|     ap_none|                                                            data_252_val|        scalar|
|data_253_val  |   in|   20|     ap_none|                                                            data_253_val|        scalar|
|data_254_val  |   in|   20|     ap_none|                                                            data_254_val|        scalar|
|data_255_val  |   in|   20|     ap_none|                                                            data_255_val|        scalar|
|data_256_val  |   in|   20|     ap_none|                                                            data_256_val|        scalar|
|data_257_val  |   in|   20|     ap_none|                                                            data_257_val|        scalar|
|data_258_val  |   in|   20|     ap_none|                                                            data_258_val|        scalar|
|data_259_val  |   in|   20|     ap_none|                                                            data_259_val|        scalar|
|data_260_val  |   in|   20|     ap_none|                                                            data_260_val|        scalar|
|data_261_val  |   in|   20|     ap_none|                                                            data_261_val|        scalar|
|data_262_val  |   in|   20|     ap_none|                                                            data_262_val|        scalar|
|data_263_val  |   in|   20|     ap_none|                                                            data_263_val|        scalar|
|data_264_val  |   in|   20|     ap_none|                                                            data_264_val|        scalar|
|data_265_val  |   in|   20|     ap_none|                                                            data_265_val|        scalar|
|data_266_val  |   in|   20|     ap_none|                                                            data_266_val|        scalar|
|data_267_val  |   in|   20|     ap_none|                                                            data_267_val|        scalar|
|data_268_val  |   in|   20|     ap_none|                                                            data_268_val|        scalar|
|data_269_val  |   in|   20|     ap_none|                                                            data_269_val|        scalar|
|data_270_val  |   in|   20|     ap_none|                                                            data_270_val|        scalar|
|data_271_val  |   in|   20|     ap_none|                                                            data_271_val|        scalar|
|data_272_val  |   in|   20|     ap_none|                                                            data_272_val|        scalar|
|data_273_val  |   in|   20|     ap_none|                                                            data_273_val|        scalar|
|data_274_val  |   in|   20|     ap_none|                                                            data_274_val|        scalar|
|data_275_val  |   in|   20|     ap_none|                                                            data_275_val|        scalar|
|data_276_val  |   in|   20|     ap_none|                                                            data_276_val|        scalar|
|data_277_val  |   in|   20|     ap_none|                                                            data_277_val|        scalar|
|data_278_val  |   in|   20|     ap_none|                                                            data_278_val|        scalar|
|data_279_val  |   in|   20|     ap_none|                                                            data_279_val|        scalar|
|data_280_val  |   in|   20|     ap_none|                                                            data_280_val|        scalar|
|data_281_val  |   in|   20|     ap_none|                                                            data_281_val|        scalar|
|data_282_val  |   in|   20|     ap_none|                                                            data_282_val|        scalar|
|data_283_val  |   in|   20|     ap_none|                                                            data_283_val|        scalar|
|data_284_val  |   in|   20|     ap_none|                                                            data_284_val|        scalar|
|data_285_val  |   in|   20|     ap_none|                                                            data_285_val|        scalar|
|data_286_val  |   in|   20|     ap_none|                                                            data_286_val|        scalar|
|data_287_val  |   in|   20|     ap_none|                                                            data_287_val|        scalar|
|data_288_val  |   in|   20|     ap_none|                                                            data_288_val|        scalar|
|data_289_val  |   in|   20|     ap_none|                                                            data_289_val|        scalar|
|data_290_val  |   in|   20|     ap_none|                                                            data_290_val|        scalar|
|data_291_val  |   in|   20|     ap_none|                                                            data_291_val|        scalar|
|data_292_val  |   in|   20|     ap_none|                                                            data_292_val|        scalar|
|data_293_val  |   in|   20|     ap_none|                                                            data_293_val|        scalar|
|data_294_val  |   in|   20|     ap_none|                                                            data_294_val|        scalar|
|data_295_val  |   in|   20|     ap_none|                                                            data_295_val|        scalar|
|data_296_val  |   in|   20|     ap_none|                                                            data_296_val|        scalar|
|data_297_val  |   in|   20|     ap_none|                                                            data_297_val|        scalar|
|data_298_val  |   in|   20|     ap_none|                                                            data_298_val|        scalar|
|data_299_val  |   in|   20|     ap_none|                                                            data_299_val|        scalar|
|data_300_val  |   in|   20|     ap_none|                                                            data_300_val|        scalar|
|data_301_val  |   in|   20|     ap_none|                                                            data_301_val|        scalar|
|data_302_val  |   in|   20|     ap_none|                                                            data_302_val|        scalar|
|data_303_val  |   in|   20|     ap_none|                                                            data_303_val|        scalar|
|data_304_val  |   in|   20|     ap_none|                                                            data_304_val|        scalar|
|data_305_val  |   in|   20|     ap_none|                                                            data_305_val|        scalar|
|data_306_val  |   in|   20|     ap_none|                                                            data_306_val|        scalar|
|data_307_val  |   in|   20|     ap_none|                                                            data_307_val|        scalar|
|data_308_val  |   in|   20|     ap_none|                                                            data_308_val|        scalar|
|data_309_val  |   in|   20|     ap_none|                                                            data_309_val|        scalar|
|data_310_val  |   in|   20|     ap_none|                                                            data_310_val|        scalar|
|data_311_val  |   in|   20|     ap_none|                                                            data_311_val|        scalar|
|data_312_val  |   in|   20|     ap_none|                                                            data_312_val|        scalar|
|data_313_val  |   in|   20|     ap_none|                                                            data_313_val|        scalar|
|data_314_val  |   in|   20|     ap_none|                                                            data_314_val|        scalar|
|data_315_val  |   in|   20|     ap_none|                                                            data_315_val|        scalar|
|data_316_val  |   in|   20|     ap_none|                                                            data_316_val|        scalar|
|data_317_val  |   in|   20|     ap_none|                                                            data_317_val|        scalar|
|data_318_val  |   in|   20|     ap_none|                                                            data_318_val|        scalar|
|data_319_val  |   in|   20|     ap_none|                                                            data_319_val|        scalar|
|data_320_val  |   in|   20|     ap_none|                                                            data_320_val|        scalar|
|data_321_val  |   in|   20|     ap_none|                                                            data_321_val|        scalar|
|data_322_val  |   in|   20|     ap_none|                                                            data_322_val|        scalar|
|data_323_val  |   in|   20|     ap_none|                                                            data_323_val|        scalar|
|data_324_val  |   in|   20|     ap_none|                                                            data_324_val|        scalar|
|data_325_val  |   in|   20|     ap_none|                                                            data_325_val|        scalar|
|data_326_val  |   in|   20|     ap_none|                                                            data_326_val|        scalar|
|data_327_val  |   in|   20|     ap_none|                                                            data_327_val|        scalar|
|data_328_val  |   in|   20|     ap_none|                                                            data_328_val|        scalar|
|data_329_val  |   in|   20|     ap_none|                                                            data_329_val|        scalar|
|data_330_val  |   in|   20|     ap_none|                                                            data_330_val|        scalar|
|data_331_val  |   in|   20|     ap_none|                                                            data_331_val|        scalar|
|data_332_val  |   in|   20|     ap_none|                                                            data_332_val|        scalar|
|data_333_val  |   in|   20|     ap_none|                                                            data_333_val|        scalar|
|data_334_val  |   in|   20|     ap_none|                                                            data_334_val|        scalar|
|data_335_val  |   in|   20|     ap_none|                                                            data_335_val|        scalar|
|data_336_val  |   in|   20|     ap_none|                                                            data_336_val|        scalar|
|data_337_val  |   in|   20|     ap_none|                                                            data_337_val|        scalar|
|data_338_val  |   in|   20|     ap_none|                                                            data_338_val|        scalar|
|data_339_val  |   in|   20|     ap_none|                                                            data_339_val|        scalar|
|data_340_val  |   in|   20|     ap_none|                                                            data_340_val|        scalar|
|data_341_val  |   in|   20|     ap_none|                                                            data_341_val|        scalar|
|data_342_val  |   in|   20|     ap_none|                                                            data_342_val|        scalar|
|data_343_val  |   in|   20|     ap_none|                                                            data_343_val|        scalar|
|data_344_val  |   in|   20|     ap_none|                                                            data_344_val|        scalar|
|data_345_val  |   in|   20|     ap_none|                                                            data_345_val|        scalar|
|data_346_val  |   in|   20|     ap_none|                                                            data_346_val|        scalar|
|data_347_val  |   in|   20|     ap_none|                                                            data_347_val|        scalar|
|data_348_val  |   in|   20|     ap_none|                                                            data_348_val|        scalar|
|data_349_val  |   in|   20|     ap_none|                                                            data_349_val|        scalar|
|data_350_val  |   in|   20|     ap_none|                                                            data_350_val|        scalar|
|data_351_val  |   in|   20|     ap_none|                                                            data_351_val|        scalar|
|data_352_val  |   in|   20|     ap_none|                                                            data_352_val|        scalar|
|data_353_val  |   in|   20|     ap_none|                                                            data_353_val|        scalar|
|data_354_val  |   in|   20|     ap_none|                                                            data_354_val|        scalar|
|data_355_val  |   in|   20|     ap_none|                                                            data_355_val|        scalar|
|data_356_val  |   in|   20|     ap_none|                                                            data_356_val|        scalar|
|data_357_val  |   in|   20|     ap_none|                                                            data_357_val|        scalar|
|data_358_val  |   in|   20|     ap_none|                                                            data_358_val|        scalar|
|data_359_val  |   in|   20|     ap_none|                                                            data_359_val|        scalar|
|data_360_val  |   in|   20|     ap_none|                                                            data_360_val|        scalar|
|data_361_val  |   in|   20|     ap_none|                                                            data_361_val|        scalar|
|data_362_val  |   in|   20|     ap_none|                                                            data_362_val|        scalar|
|data_363_val  |   in|   20|     ap_none|                                                            data_363_val|        scalar|
|data_364_val  |   in|   20|     ap_none|                                                            data_364_val|        scalar|
|data_365_val  |   in|   20|     ap_none|                                                            data_365_val|        scalar|
|data_366_val  |   in|   20|     ap_none|                                                            data_366_val|        scalar|
|data_367_val  |   in|   20|     ap_none|                                                            data_367_val|        scalar|
|data_368_val  |   in|   20|     ap_none|                                                            data_368_val|        scalar|
|data_369_val  |   in|   20|     ap_none|                                                            data_369_val|        scalar|
|data_370_val  |   in|   20|     ap_none|                                                            data_370_val|        scalar|
|data_371_val  |   in|   20|     ap_none|                                                            data_371_val|        scalar|
|data_372_val  |   in|   20|     ap_none|                                                            data_372_val|        scalar|
|data_373_val  |   in|   20|     ap_none|                                                            data_373_val|        scalar|
|data_374_val  |   in|   20|     ap_none|                                                            data_374_val|        scalar|
|data_375_val  |   in|   20|     ap_none|                                                            data_375_val|        scalar|
|data_376_val  |   in|   20|     ap_none|                                                            data_376_val|        scalar|
|data_377_val  |   in|   20|     ap_none|                                                            data_377_val|        scalar|
|data_378_val  |   in|   20|     ap_none|                                                            data_378_val|        scalar|
|data_379_val  |   in|   20|     ap_none|                                                            data_379_val|        scalar|
|data_380_val  |   in|   20|     ap_none|                                                            data_380_val|        scalar|
|data_381_val  |   in|   20|     ap_none|                                                            data_381_val|        scalar|
|data_382_val  |   in|   20|     ap_none|                                                            data_382_val|        scalar|
|data_383_val  |   in|   20|     ap_none|                                                            data_383_val|        scalar|
|data_384_val  |   in|   20|     ap_none|                                                            data_384_val|        scalar|
|data_385_val  |   in|   20|     ap_none|                                                            data_385_val|        scalar|
|data_386_val  |   in|   20|     ap_none|                                                            data_386_val|        scalar|
|data_387_val  |   in|   20|     ap_none|                                                            data_387_val|        scalar|
|data_388_val  |   in|   20|     ap_none|                                                            data_388_val|        scalar|
|data_389_val  |   in|   20|     ap_none|                                                            data_389_val|        scalar|
|data_390_val  |   in|   20|     ap_none|                                                            data_390_val|        scalar|
|data_391_val  |   in|   20|     ap_none|                                                            data_391_val|        scalar|
|data_392_val  |   in|   20|     ap_none|                                                            data_392_val|        scalar|
|data_393_val  |   in|   20|     ap_none|                                                            data_393_val|        scalar|
|data_394_val  |   in|   20|     ap_none|                                                            data_394_val|        scalar|
|data_395_val  |   in|   20|     ap_none|                                                            data_395_val|        scalar|
|data_396_val  |   in|   20|     ap_none|                                                            data_396_val|        scalar|
|data_397_val  |   in|   20|     ap_none|                                                            data_397_val|        scalar|
|data_398_val  |   in|   20|     ap_none|                                                            data_398_val|        scalar|
|data_399_val  |   in|   20|     ap_none|                                                            data_399_val|        scalar|
|data_400_val  |   in|   20|     ap_none|                                                            data_400_val|        scalar|
|data_401_val  |   in|   20|     ap_none|                                                            data_401_val|        scalar|
|data_402_val  |   in|   20|     ap_none|                                                            data_402_val|        scalar|
|data_403_val  |   in|   20|     ap_none|                                                            data_403_val|        scalar|
|data_404_val  |   in|   20|     ap_none|                                                            data_404_val|        scalar|
|data_405_val  |   in|   20|     ap_none|                                                            data_405_val|        scalar|
|data_406_val  |   in|   20|     ap_none|                                                            data_406_val|        scalar|
|data_407_val  |   in|   20|     ap_none|                                                            data_407_val|        scalar|
|data_408_val  |   in|   20|     ap_none|                                                            data_408_val|        scalar|
|data_409_val  |   in|   20|     ap_none|                                                            data_409_val|        scalar|
|data_410_val  |   in|   20|     ap_none|                                                            data_410_val|        scalar|
|data_411_val  |   in|   20|     ap_none|                                                            data_411_val|        scalar|
|data_412_val  |   in|   20|     ap_none|                                                            data_412_val|        scalar|
|data_413_val  |   in|   20|     ap_none|                                                            data_413_val|        scalar|
|data_414_val  |   in|   20|     ap_none|                                                            data_414_val|        scalar|
|data_415_val  |   in|   20|     ap_none|                                                            data_415_val|        scalar|
|data_416_val  |   in|   20|     ap_none|                                                            data_416_val|        scalar|
|data_417_val  |   in|   20|     ap_none|                                                            data_417_val|        scalar|
|data_418_val  |   in|   20|     ap_none|                                                            data_418_val|        scalar|
|data_419_val  |   in|   20|     ap_none|                                                            data_419_val|        scalar|
|data_420_val  |   in|   20|     ap_none|                                                            data_420_val|        scalar|
|data_421_val  |   in|   20|     ap_none|                                                            data_421_val|        scalar|
|data_422_val  |   in|   20|     ap_none|                                                            data_422_val|        scalar|
|data_423_val  |   in|   20|     ap_none|                                                            data_423_val|        scalar|
|data_424_val  |   in|   20|     ap_none|                                                            data_424_val|        scalar|
|data_425_val  |   in|   20|     ap_none|                                                            data_425_val|        scalar|
|data_426_val  |   in|   20|     ap_none|                                                            data_426_val|        scalar|
|data_427_val  |   in|   20|     ap_none|                                                            data_427_val|        scalar|
|data_428_val  |   in|   20|     ap_none|                                                            data_428_val|        scalar|
|data_429_val  |   in|   20|     ap_none|                                                            data_429_val|        scalar|
|data_430_val  |   in|   20|     ap_none|                                                            data_430_val|        scalar|
|data_431_val  |   in|   20|     ap_none|                                                            data_431_val|        scalar|
|data_432_val  |   in|   20|     ap_none|                                                            data_432_val|        scalar|
|data_433_val  |   in|   20|     ap_none|                                                            data_433_val|        scalar|
|data_434_val  |   in|   20|     ap_none|                                                            data_434_val|        scalar|
|data_435_val  |   in|   20|     ap_none|                                                            data_435_val|        scalar|
|data_436_val  |   in|   20|     ap_none|                                                            data_436_val|        scalar|
|data_437_val  |   in|   20|     ap_none|                                                            data_437_val|        scalar|
|data_438_val  |   in|   20|     ap_none|                                                            data_438_val|        scalar|
|data_439_val  |   in|   20|     ap_none|                                                            data_439_val|        scalar|
|data_440_val  |   in|   20|     ap_none|                                                            data_440_val|        scalar|
|data_441_val  |   in|   20|     ap_none|                                                            data_441_val|        scalar|
|data_442_val  |   in|   20|     ap_none|                                                            data_442_val|        scalar|
|data_443_val  |   in|   20|     ap_none|                                                            data_443_val|        scalar|
|data_444_val  |   in|   20|     ap_none|                                                            data_444_val|        scalar|
|data_445_val  |   in|   20|     ap_none|                                                            data_445_val|        scalar|
|data_446_val  |   in|   20|     ap_none|                                                            data_446_val|        scalar|
|data_447_val  |   in|   20|     ap_none|                                                            data_447_val|        scalar|
|data_448_val  |   in|   20|     ap_none|                                                            data_448_val|        scalar|
|data_449_val  |   in|   20|     ap_none|                                                            data_449_val|        scalar|
+--------------+-----+-----+------------+------------------------------------------------------------------------+--------------+

