

================================================================
== Vitis HLS Report for 'dense_resource_rf_gt_nin_rem0_ap_fixed_ap_fixed_18_8_5_3_0_config6_mult_s'
================================================================
* Date:           Sun Aug 30 16:00:32 2026

* Version:        2024.1 (Build 5069499 on May 21 2024)
* Project:        myproject_prj
* Solution:       solution1 (Vivado IP Flow Target)
* Product family: zynq
* Target device:  xc7z020-clg400-1


================================================================
== Performance Estimates
================================================================
+ Timing: 
    * Summary: 
    +--------+----------+-----------+------------+
    |  Clock |  Target  | Estimated | Uncertainty|
    +--------+----------+-----------+------------+
    |ap_clk  |  20.00 ns|  11.291 ns|     5.40 ns|
    +--------+----------+-----------+------------+

+ Latency: 
    * Summary: 
    +---------+---------+-----------+-----------+------+------+------------------------------------------+
    |  Latency (cycles) |   Latency (absolute)  |   Interval  |                 Pipeline                 |
    |   min   |   max   |    min    |    max    |  min |  max |                   Type                   |
    +---------+---------+-----------+-----------+------+------+------------------------------------------+
    |     1945|     1946|  38.900 us|  38.920 us|  1944|  1944|  loop rewind stp(delay=0 clock cycles(s))|
    +---------+---------+-----------+-----------+------+------+------------------------------------------+

    + Detail: 
        * Instance: 
        N/A

        * Loop: 
        +-------------+---------+---------+----------+-----------+-----------+------+----------+
        |             |  Latency (cycles) | Iteration|  Initiation Interval  | Trip |          |
        |  Loop Name  |   min   |   max   |  Latency |  achieved |   target  | Count| Pipelined|
        +-------------+---------+---------+----------+-----------+-----------+------+----------+
        |- ReuseLoop  |     1945|     1945|         3|          1|          1|  1944|       yes|
        +-------------+---------+---------+----------+-----------+-----------+------+----------+



================================================================
== Utilization Estimates
================================================================
* Summary: 
+-----------------+---------+-----+--------+-------+-----+
|       Name      | BRAM_18K| DSP |   FF   |  LUT  | URAM|
+-----------------+---------+-----+--------+-------+-----+
|DSP              |        -|    -|       -|      -|    -|
|Expression       |        -|    -|       0|    241|    -|
|FIFO             |        -|    -|       -|      -|    -|
|Instance         |        -|    1|       0|    634|    -|
|Memory           |        3|    -|       0|      0|    -|
|Multiplexer      |        -|    -|       0|   3984|    -|
|Register         |        -|    -|    5240|      -|    -|
+-----------------+---------+-----+--------+-------+-----+
|Total            |        3|    1|    5240|   4859|    0|
+-----------------+---------+-----+--------+-------+-----+
|Available        |      280|  220|  106400|  53200|    0|
+-----------------+---------+-----+--------+-------+-----+
|Utilization (%)  |        1|   ~0|       4|      9|    0|
+-----------------+---------+-----+--------+-------+-----+

+ Detail: 
    * Instance: 
    +-----------------------------+------------------------+---------+----+---+-----+-----+
    |           Instance          |         Module         | BRAM_18K| DSP| FF| LUT | URAM|
    +-----------------------------+------------------------+---------+----+---+-----+-----+
    |mul_20s_12s_32_1_1_U248      |mul_20s_12s_32_1_1      |        0|   1|  0|   12|    0|
    |sparsemux_217_7_20_1_1_U247  |sparsemux_217_7_20_1_1  |        0|   0|  0|  535|    0|
    |sparsemux_37_5_26_1_1_U249   |sparsemux_37_5_26_1_1   |        0|   0|  0|   87|    0|
    +-----------------------------+------------------------+---------+----+---+-----+-----+
    |Total                        |                        |        0|   1|  0|  634|    0|
    +-----------------------------+------------------------+---------+----+---+-----+-----+

    * DSP: 
    N/A

    * Memory: 
    +-------------+----------------------------------------------------------------------------------+---------+---+----+-----+------+-----+------+-------------+
    |    Memory   |                                      Module                                      | BRAM_18K| FF| LUT| URAM| Words| Bits| Banks| W*Bits*Banks|
    +-------------+----------------------------------------------------------------------------------+---------+---+----+-----+------+-----+------+-------------+
    |outidx_59_U  |dense_resource_rf_gt_nin_rem0_ap_fixed_ap_fixed_18_8_5_3_0_config6_mult_s_outPgM  |        1|  0|   0|    0|  1944|    5|     1|         9720|
    |w6_U         |dense_resource_rf_gt_nin_rem0_ap_fixed_ap_fixed_18_8_5_3_0_config6_mult_s_w6_QgW  |        2|  0|   0|    0|  1944|   12|     1|        23328|
    +-------------+----------------------------------------------------------------------------------+---------+---+----+-----+------+-----+------+-------------+
    |Total        |                                                                                  |        3|  0|   0|    0|  3888|   17|     2|        33048|
    +-------------+----------------------------------------------------------------------------------+---------+---+----+-----+------+-----+------+-------------+

    * FIFO: 
    N/A

    * Expression: 
    +-----------------------+----------+----+---+----+------------+------------+
    |     Variable Name     | Operation| DSP| FF| LUT| Bitwidth P0| Bitwidth P1|
    +-----------------------+----------+----+---+----+------------+------------+
    |acc_44_fu_6916_p2      |         +|   0|  0|  33|          26|          26|
    |in_index_2_fu_6810_p2  |         +|   0|  0|  39|          32|           1|
    |w_index_fu_6330_p2     |         +|   0|  0|  12|          11|           1|
    |sub_ln144_fu_6939_p2   |         -|   0|  0|  34|           1|          27|
    |ap_condition_961       |       and|   0|  0|   2|           1|           1|
    |ap_condition_973       |       and|   0|  0|   2|           1|           1|
    |icmp_ln135_fu_6336_p2  |      icmp|   0|  0|  12|          11|           8|
    |icmp_ln144_fu_6945_p2  |      icmp|   0|  0|  34|          27|          27|
    |icmp_ln154_fu_6816_p2  |      icmp|   0|  0|  39|          32|           7|
    |in_index_fu_6822_p3    |    select|   0|  0|  32|           1|           1|
    |ap_enable_pp0          |       xor|   0|  0|   2|           1|           2|
    +-----------------------+----------+----+---+----+------------+------------+
    |Total                  |          |   0|  0| 241|         144|         102|
    +-----------------------+----------+----+---+----+------------+------------+

    * Multiplexer: 
    +---------------------------------------------------------------------------------------------------------------------+----+-----------+-----+-----------+
    |                                                         Name                                                        | LUT| Input Size| Bits| Total Bits|
    +---------------------------------------------------------------------------------------------------------------------+----+-----------+-----+-----------+
    |acc44_reg_3444                                                                                                       |   9|          2|   26|         52|
    |acc_1642_reg_3458                                                                                                    |   9|          2|   26|         52|
    |acc_1740_reg_3472                                                                                                    |   9|          2|   26|         52|
    |acc_1838_reg_3486                                                                                                    |   9|          2|   26|         52|
    |acc_1936_reg_3500                                                                                                    |   9|          2|   26|         52|
    |acc_2034_reg_3514                                                                                                    |   9|          2|   26|         52|
    |acc_2132_reg_3528                                                                                                    |   9|          2|   26|         52|
    |acc_2230_reg_3542                                                                                                    |   9|          2|   26|         52|
    |acc_2328_reg_3556                                                                                                    |   9|          2|   26|         52|
    |acc_2426_reg_3570                                                                                                    |   9|          2|   26|         52|
    |acc_2524_reg_3584                                                                                                    |   9|          2|   26|         52|
    |acc_2622_reg_3598                                                                                                    |   9|          2|   26|         52|
    |acc_2720_reg_3612                                                                                                    |   9|          2|   26|         52|
    |acc_2818_reg_3626                                                                                                    |   9|          2|   26|         52|
    |acc_2916_reg_3640                                                                                                    |   9|          2|   26|         52|
    |acc_3014_reg_3654                                                                                                    |   9|          2|   26|         52|
    |acc_3112_reg_3668                                                                                                    |   9|          2|   26|         52|
    |acc_3210_reg_3682                                                                                                    |   9|          2|   26|         52|
    |ap_done_int                                                                                                          |   9|          2|    1|          2|
    |ap_loop_exit_ready_pp0_iter2_reg                                                                                     |   9|          2|    1|          2|
    |ap_phi_mux_acc44_phi_fu_3448_p6                                                                                      |   9|          2|   26|         52|
    |ap_phi_mux_acc_10_phi_fu_5716_p36                                                                                    |  14|          3|   26|         78|
    |ap_phi_mux_acc_11_phi_fu_5656_p36                                                                                    |  14|          3|   26|         78|
    |ap_phi_mux_acc_12_phi_fu_5596_p36                                                                                    |  14|          3|   26|         78|
    |ap_phi_mux_acc_13_phi_fu_5536_p36                                                                                    |  14|          3|   26|         78|
    |ap_phi_mux_acc_14_phi_fu_5476_p36                                                                                    |  14|          3|   26|         78|
    |ap_phi_mux_acc_15_phi_fu_5416_p36                                                                                    |  14|          3|   26|         78|
    |ap_phi_mux_acc_1642_phi_fu_3462_p6                                                                                   |   9|          2|   26|         52|
    |ap_phi_mux_acc_16_phi_fu_5356_p36                                                                                    |  14|          3|   26|         78|
    |ap_phi_mux_acc_1740_phi_fu_3476_p6                                                                                   |   9|          2|   26|         52|
    |ap_phi_mux_acc_17_phi_fu_5296_p36                                                                                    |  14|          3|   26|         78|
    |ap_phi_mux_acc_1838_phi_fu_3490_p6                                                                                   |   9|          2|   26|         52|
    |ap_phi_mux_acc_18_phi_fu_5236_p36                                                                                    |  14|          3|   26|         78|
    |ap_phi_mux_acc_1936_phi_fu_3504_p6                                                                                   |   9|          2|   26|         52|
    |ap_phi_mux_acc_19_phi_fu_5176_p36                                                                                    |  14|          3|   26|         78|
    |ap_phi_mux_acc_2034_phi_fu_3518_p6                                                                                   |   9|          2|   26|         52|
    |ap_phi_mux_acc_20_phi_fu_5116_p36                                                                                    |  14|          3|   26|         78|
    |ap_phi_mux_acc_2132_phi_fu_3532_p6                                                                                   |   9|          2|   26|         52|
    |ap_phi_mux_acc_21_phi_fu_5056_p36                                                                                    |  14|          3|   26|         78|
    |ap_phi_mux_acc_2230_phi_fu_3546_p6                                                                                   |   9|          2|   26|         52|
    |ap_phi_mux_acc_22_phi_fu_4996_p36                                                                                    |  14|          3|   26|         78|
    |ap_phi_mux_acc_2328_phi_fu_3560_p6                                                                                   |   9|          2|   26|         52|
    |ap_phi_mux_acc_23_phi_fu_4936_p36                                                                                    |  14|          3|   26|         78|
    |ap_phi_mux_acc_2426_phi_fu_3574_p6                                                                                   |   9|          2|   26|         52|
    |ap_phi_mux_acc_24_phi_fu_4876_p36                                                                                    |  14|          3|   26|         78|
    |ap_phi_mux_acc_2524_phi_fu_3588_p6                                                                                   |   9|          2|   26|         52|
    |ap_phi_mux_acc_25_phi_fu_4816_p36                                                                                    |  14|          3|   26|         78|
    |ap_phi_mux_acc_2622_phi_fu_3602_p6                                                                                   |   9|          2|   26|         52|
    |ap_phi_mux_acc_26_phi_fu_4753_p38                                                                                    |  14|          3|   26|         78|
    |ap_phi_mux_acc_2720_phi_fu_3616_p6                                                                                   |   9|          2|   26|         52|
    |ap_phi_mux_acc_27_phi_fu_4691_p38                                                                                    |  14|          3|   26|         78|
    |ap_phi_mux_acc_2818_phi_fu_3630_p6                                                                                   |   9|          2|   26|         52|
    |ap_phi_mux_acc_28_phi_fu_4629_p38                                                                                    |  14|          3|   26|         78|
    |ap_phi_mux_acc_2916_phi_fu_3644_p6                                                                                   |   9|          2|   26|         52|
    |ap_phi_mux_acc_29_phi_fu_4567_p38                                                                                    |  14|          3|   26|         78|
    |ap_phi_mux_acc_3014_phi_fu_3658_p6                                                                                   |   9|          2|   26|         52|
    |ap_phi_mux_acc_30_phi_fu_4505_p38                                                                                    |  14|          3|   26|         78|
    |ap_phi_mux_acc_3112_phi_fu_3672_p6                                                                                   |   9|          2|   26|         52|
    |ap_phi_mux_acc_31_phi_fu_4443_p38                                                                                    |  14|          3|   26|         78|
    |ap_phi_mux_acc_3210_phi_fu_3686_p6                                                                                   |   9|          2|   26|         52|
    |ap_phi_mux_acc_32_phi_fu_4381_p38                                                                                    |  14|          3|   26|         78|
    |ap_phi_mux_acc_33_phi_fu_4319_p38                                                                                    |  14|          3|   26|         78|
    |ap_phi_mux_acc_34_phi_fu_4257_p38                                                                                    |  14|          3|   26|         78|
    |ap_phi_mux_acc_35_phi_fu_4195_p38                                                                                    |  14|          3|   26|         78|
    |ap_phi_mux_acc_36_phi_fu_4133_p38                                                                                    |  14|          3|   26|         78|
    |ap_phi_mux_acc_37_phi_fu_4071_p38                                                                                    |  14|          3|   26|         78|
    |ap_phi_mux_acc_38_phi_fu_4009_p38                                                                                    |  14|          3|   26|         78|
    |ap_phi_mux_acc_39_phi_fu_3947_p38                                                                                    |  14|          3|   26|         78|
    |ap_phi_mux_acc_40_phi_fu_3885_p38                                                                                    |  14|          3|   26|         78|
    |ap_phi_mux_acc_41_phi_fu_3823_p38                                                                                    |  14|          3|   26|         78|
    |ap_phi_mux_acc_42_phi_fu_3761_p38                                                                                    |  14|          3|   26|         78|
    |ap_phi_mux_acc_43_phi_fu_3699_p38                                                                                    |  14|          3|   26|         78|
    |ap_phi_mux_acc_9_phi_fu_5776_p36                                                                                     |  14|          3|   26|         78|
    |ap_phi_mux_acc_phi_fu_5836_p36                                                                                       |  14|          3|   26|         78|
    |ap_phi_mux_do_init_phi_fu_597_p6                                                                                     |  14|          3|    1|          3|
    |ap_phi_mux_in_index46_phi_fu_2138_p6                                                                                 |  14|          3|   32|         96|
    |ap_phi_mux_p_ZZN4nnet24compute_output_buffer_2dINS_5arrayI8ap_fixedILi20ELi10EL9ap_q_mode5EL_170_phi_fu_2152_p4      |   9|          2|   20|         40|
    |ap_phi_mux_p_ZZN4nnet24compute_output_buffer_2dINS_5arrayI8ap_fixedILi20ELi10EL9ap_q_mode5EL_171_phi_fu_2164_p4      |   9|          2|   20|         40|
    |ap_phi_mux_p_ZZN4nnet24compute_output_buffer_2dINS_5arrayI8ap_fixedILi20ELi10EL9ap_q_mode5EL_172_phi_fu_2176_p4      |   9|          2|   20|         40|
    |ap_phi_mux_p_ZZN4nnet24compute_output_buffer_2dINS_5arrayI8ap_fixedILi20ELi10EL9ap_q_mode5EL_173_phi_fu_2188_p4      |   9|          2|   20|         40|
    |ap_phi_mux_p_ZZN4nnet24compute_output_buffer_2dINS_5arrayI8ap_fixedILi20ELi10EL9ap_q_mode5EL_174_phi_fu_2200_p4      |   9|          2|   20|         40|
    |ap_phi_mux_p_ZZN4nnet24compute_output_buffer_2dINS_5arrayI8ap_fixedILi20ELi10EL9ap_q_mode5EL_175_phi_fu_2212_p4      |   9|          2|   20|         40|
    |ap_phi_mux_p_ZZN4nnet24compute_output_buffer_2dINS_5arrayI8ap_fixedILi20ELi10EL9ap_q_mode5EL_176_phi_fu_2224_p4      |   9|          2|   20|         40|
    |ap_phi_mux_p_ZZN4nnet24compute_output_buffer_2dINS_5arrayI8ap_fixedILi20ELi10EL9ap_q_mode5EL_177_phi_fu_2236_p4      |   9|          2|   20|         40|
    |ap_phi_mux_p_ZZN4nnet24compute_output_buffer_2dINS_5arrayI8ap_fixedILi20ELi10EL9ap_q_mode5EL_178_phi_fu_2248_p4      |   9|          2|   20|         40|
    |ap_phi_mux_p_ZZN4nnet24compute_output_buffer_2dINS_5arrayI8ap_fixedILi20ELi10EL9ap_q_mode5EL_179_phi_fu_2260_p4      |   9|          2|   20|         40|
    |ap_phi_mux_p_ZZN4nnet24compute_output_buffer_2dINS_5arrayI8ap_fixedILi20ELi10EL9ap_q_mode5EL_180_phi_fu_2272_p4      |   9|          2|   20|         40|
    |ap_phi_mux_p_ZZN4nnet24compute_output_buffer_2dINS_5arrayI8ap_fixedILi20ELi10EL9ap_q_mode5EL_181_phi_fu_2284_p4      |   9|          2|   20|         40|
    |ap_phi_mux_p_ZZN4nnet24compute_output_buffer_2dINS_5arrayI8ap_fixedILi20ELi10EL9ap_q_mode5EL_182_phi_fu_2296_p4      |   9|          2|   20|         40|
    |ap_phi_mux_p_ZZN4nnet24compute_output_buffer_2dINS_5arrayI8ap_fixedILi20ELi10EL9ap_q_mode5EL_183_phi_fu_2308_p4      |   9|          2|   20|         40|
    |ap_phi_mux_p_ZZN4nnet24compute_output_buffer_2dINS_5arrayI8ap_fixedILi20ELi10EL9ap_q_mode5EL_184_phi_fu_2320_p4      |   9|          2|   20|         40|
    |ap_phi_mux_p_ZZN4nnet24compute_output_buffer_2dINS_5arrayI8ap_fixedILi20ELi10EL9ap_q_mode5EL_185_phi_fu_2332_p4      |   9|          2|   20|         40|
    |ap_phi_mux_p_ZZN4nnet24compute_output_buffer_2dINS_5arrayI8ap_fixedILi20ELi10EL9ap_q_mode5EL_186_phi_fu_2344_p4      |   9|          2|   20|         40|
    |ap_phi_mux_p_ZZN4nnet24compute_output_buffer_2dINS_5arrayI8ap_fixedILi20ELi10EL9ap_q_mode5EL_187_phi_fu_2356_p4      |   9|          2|   20|         40|
    |ap_phi_mux_p_ZZN4nnet24compute_output_buffer_2dINS_5arrayI8ap_fixedILi20ELi10EL9ap_q_mode5EL_188_phi_fu_2368_p4      |   9|          2|   20|         40|
    |ap_phi_mux_p_ZZN4nnet24compute_output_buffer_2dINS_5arrayI8ap_fixedILi20ELi10EL9ap_q_mode5EL_189_phi_fu_2380_p4      |   9|          2|   20|         40|
    |ap_phi_mux_p_ZZN4nnet24compute_output_buffer_2dINS_5arrayI8ap_fixedILi20ELi10EL9ap_q_mode5EL_190_phi_fu_2392_p4      |   9|          2|   20|         40|
    |ap_phi_mux_p_ZZN4nnet24compute_output_buffer_2dINS_5arrayI8ap_fixedILi20ELi10EL9ap_q_mode5EL_191_phi_fu_2404_p4      |   9|          2|   20|         40|
    |ap_phi_mux_p_ZZN4nnet24compute_output_buffer_2dINS_5arrayI8ap_fixedILi20ELi10EL9ap_q_mode5EL_192_phi_fu_2416_p4      |   9|          2|   20|         40|
    |ap_phi_mux_p_ZZN4nnet24compute_output_buffer_2dINS_5arrayI8ap_fixedILi20ELi10EL9ap_q_mode5EL_193_phi_fu_2428_p4      |   9|          2|   20|         40|
    |ap_phi_mux_p_ZZN4nnet24compute_output_buffer_2dINS_5arrayI8ap_fixedILi20ELi10EL9ap_q_mode5EL_194_phi_fu_2440_p4      |   9|          2|   20|         40|
    |ap_phi_mux_p_ZZN4nnet24compute_output_buffer_2dINS_5arrayI8ap_fixedILi20ELi10EL9ap_q_mode5EL_195_phi_fu_2452_p4      |   9|          2|   20|         40|
    |ap_phi_mux_p_ZZN4nnet24compute_output_buffer_2dINS_5arrayI8ap_fixedILi20ELi10EL9ap_q_mode5EL_196_phi_fu_2464_p4      |   9|          2|   20|         40|
    |ap_phi_mux_p_ZZN4nnet24compute_output_buffer_2dINS_5arrayI8ap_fixedILi20ELi10EL9ap_q_mode5EL_197_phi_fu_2476_p4      |   9|          2|   20|         40|
    |ap_phi_mux_p_ZZN4nnet24compute_output_buffer_2dINS_5arrayI8ap_fixedILi20ELi10EL9ap_q_mode5EL_198_phi_fu_2488_p4      |   9|          2|   20|         40|
    |ap_phi_mux_p_ZZN4nnet24compute_output_buffer_2dINS_5arrayI8ap_fixedILi20ELi10EL9ap_q_mode5EL_199_phi_fu_2500_p4      |   9|          2|   20|         40|
    |ap_phi_mux_p_ZZN4nnet24compute_output_buffer_2dINS_5arrayI8ap_fixedILi20ELi10EL9ap_q_mode5EL_200_phi_fu_2512_p4      |   9|          2|   20|         40|
    |ap_phi_mux_p_ZZN4nnet24compute_output_buffer_2dINS_5arrayI8ap_fixedILi20ELi10EL9ap_q_mode5EL_201_phi_fu_2524_p4      |   9|          2|   20|         40|
    |ap_phi_mux_p_ZZN4nnet24compute_output_buffer_2dINS_5arrayI8ap_fixedILi20ELi10EL9ap_q_mode5EL_202_phi_fu_2536_p4      |   9|          2|   20|         40|
    |ap_phi_mux_p_ZZN4nnet24compute_output_buffer_2dINS_5arrayI8ap_fixedILi20ELi10EL9ap_q_mode5EL_203_phi_fu_2548_p4      |   9|          2|   20|         40|
    |ap_phi_mux_p_ZZN4nnet24compute_output_buffer_2dINS_5arrayI8ap_fixedILi20ELi10EL9ap_q_mode5EL_204_phi_fu_2560_p4      |   9|          2|   20|         40|
    |ap_phi_mux_p_ZZN4nnet24compute_output_buffer_2dINS_5arrayI8ap_fixedILi20ELi10EL9ap_q_mode5EL_205_phi_fu_2572_p4      |   9|          2|   20|         40|
    |ap_phi_mux_p_ZZN4nnet24compute_output_buffer_2dINS_5arrayI8ap_fixedILi20ELi10EL9ap_q_mode5EL_206_phi_fu_2584_p4      |   9|          2|   20|         40|
    |ap_phi_mux_p_ZZN4nnet24compute_output_buffer_2dINS_5arrayI8ap_fixedILi20ELi10EL9ap_q_mode5EL_207_phi_fu_2596_p4      |   9|          2|   20|         40|
    |ap_phi_mux_p_ZZN4nnet24compute_output_buffer_2dINS_5arrayI8ap_fixedILi20ELi10EL9ap_q_mode5EL_208_phi_fu_2608_p4      |   9|          2|   20|         40|
    |ap_phi_mux_p_ZZN4nnet24compute_output_buffer_2dINS_5arrayI8ap_fixedILi20ELi10EL9ap_q_mode5EL_209_phi_fu_2620_p4      |   9|          2|   20|         40|
    |ap_phi_mux_p_ZZN4nnet24compute_output_buffer_2dINS_5arrayI8ap_fixedILi20ELi10EL9ap_q_mode5EL_210_phi_fu_2632_p4      |   9|          2|   20|         40|
    |ap_phi_mux_p_ZZN4nnet24compute_output_buffer_2dINS_5arrayI8ap_fixedILi20ELi10EL9ap_q_mode5EL_211_phi_fu_2644_p4      |   9|          2|   20|         40|
    |ap_phi_mux_p_ZZN4nnet24compute_output_buffer_2dINS_5arrayI8ap_fixedILi20ELi10EL9ap_q_mode5EL_212_phi_fu_2656_p4      |   9|          2|   20|         40|
    |ap_phi_mux_p_ZZN4nnet24compute_output_buffer_2dINS_5arrayI8ap_fixedILi20ELi10EL9ap_q_mode5EL_213_phi_fu_2668_p4      |   9|          2|   20|         40|
    |ap_phi_mux_p_ZZN4nnet24compute_output_buffer_2dINS_5arrayI8ap_fixedILi20ELi10EL9ap_q_mode5EL_214_phi_fu_2680_p4      |   9|          2|   20|         40|
    |ap_phi_mux_p_ZZN4nnet24compute_output_buffer_2dINS_5arrayI8ap_fixedILi20ELi10EL9ap_q_mode5EL_215_phi_fu_2692_p4      |   9|          2|   20|         40|
    |ap_phi_mux_p_ZZN4nnet24compute_output_buffer_2dINS_5arrayI8ap_fixedILi20ELi10EL9ap_q_mode5EL_216_phi_fu_2704_p4      |   9|          2|   20|         40|
    |ap_phi_mux_p_ZZN4nnet24compute_output_buffer_2dINS_5arrayI8ap_fixedILi20ELi10EL9ap_q_mode5EL_217_phi_fu_2716_p4      |   9|          2|   20|         40|
    |ap_phi_mux_p_ZZN4nnet24compute_output_buffer_2dINS_5arrayI8ap_fixedILi20ELi10EL9ap_q_mode5EL_218_phi_fu_2728_p4      |   9|          2|   20|         40|
    |ap_phi_mux_p_ZZN4nnet24compute_output_buffer_2dINS_5arrayI8ap_fixedILi20ELi10EL9ap_q_mode5EL_219_phi_fu_2740_p4      |   9|          2|   20|         40|
    |ap_phi_mux_p_ZZN4nnet24compute_output_buffer_2dINS_5arrayI8ap_fixedILi20ELi10EL9ap_q_mode5EL_220_phi_fu_2752_p4      |   9|          2|   20|         40|
    |ap_phi_mux_p_ZZN4nnet24compute_output_buffer_2dINS_5arrayI8ap_fixedILi20ELi10EL9ap_q_mode5EL_221_phi_fu_2764_p4      |   9|          2|   20|         40|
    |ap_phi_mux_p_ZZN4nnet24compute_output_buffer_2dINS_5arrayI8ap_fixedILi20ELi10EL9ap_q_mode5EL_222_phi_fu_2776_p4      |   9|          2|   20|         40|
    |ap_phi_mux_p_ZZN4nnet24compute_output_buffer_2dINS_5arrayI8ap_fixedILi20ELi10EL9ap_q_mode5EL_223_phi_fu_2788_p4      |   9|          2|   20|         40|
    |ap_phi_mux_p_ZZN4nnet24compute_output_buffer_2dINS_5arrayI8ap_fixedILi20ELi10EL9ap_q_mode5EL_224_phi_fu_2800_p4      |   9|          2|   20|         40|
    |ap_phi_mux_p_ZZN4nnet24compute_output_buffer_2dINS_5arrayI8ap_fixedILi20ELi10EL9ap_q_mode5EL_225_phi_fu_2812_p4      |   9|          2|   20|         40|
    |ap_phi_mux_p_ZZN4nnet24compute_output_buffer_2dINS_5arrayI8ap_fixedILi20ELi10EL9ap_q_mode5EL_226_phi_fu_2824_p4      |   9|          2|   20|         40|
    |ap_phi_mux_p_ZZN4nnet24compute_output_buffer_2dINS_5arrayI8ap_fixedILi20ELi10EL9ap_q_mode5EL_227_phi_fu_2836_p4      |   9|          2|   20|         40|
    |ap_phi_mux_p_ZZN4nnet24compute_output_buffer_2dINS_5arrayI8ap_fixedILi20ELi10EL9ap_q_mode5EL_228_phi_fu_2848_p4      |   9|          2|   20|         40|
    |ap_phi_mux_p_ZZN4nnet24compute_output_buffer_2dINS_5arrayI8ap_fixedILi20ELi10EL9ap_q_mode5EL_229_phi_fu_2860_p4      |   9|          2|   20|         40|
    |ap_phi_mux_p_ZZN4nnet24compute_output_buffer_2dINS_5arrayI8ap_fixedILi20ELi10EL9ap_q_mode5EL_230_phi_fu_2872_p4      |   9|          2|   20|         40|
    |ap_phi_mux_p_ZZN4nnet24compute_output_buffer_2dINS_5arrayI8ap_fixedILi20ELi10EL9ap_q_mode5EL_231_phi_fu_2884_p4      |   9|          2|   20|         40|
    |ap_phi_mux_p_ZZN4nnet24compute_output_buffer_2dINS_5arrayI8ap_fixedILi20ELi10EL9ap_q_mode5EL_232_phi_fu_2896_p4      |   9|          2|   20|         40|
    |ap_phi_mux_p_ZZN4nnet24compute_output_buffer_2dINS_5arrayI8ap_fixedILi20ELi10EL9ap_q_mode5EL_233_phi_fu_2908_p4      |   9|          2|   20|         40|
    |ap_phi_mux_p_ZZN4nnet24compute_output_buffer_2dINS_5arrayI8ap_fixedILi20ELi10EL9ap_q_mode5EL_234_phi_fu_2920_p4      |   9|          2|   20|         40|
    |ap_phi_mux_p_ZZN4nnet24compute_output_buffer_2dINS_5arrayI8ap_fixedILi20ELi10EL9ap_q_mode5EL_235_phi_fu_2932_p4      |   9|          2|   20|         40|
    |ap_phi_mux_p_ZZN4nnet24compute_output_buffer_2dINS_5arrayI8ap_fixedILi20ELi10EL9ap_q_mode5EL_236_phi_fu_2944_p4      |   9|          2|   20|         40|
    |ap_phi_mux_p_ZZN4nnet24compute_output_buffer_2dINS_5arrayI8ap_fixedILi20ELi10EL9ap_q_mode5EL_237_phi_fu_2956_p4      |   9|          2|   20|         40|
    |ap_phi_mux_p_ZZN4nnet24compute_output_buffer_2dINS_5arrayI8ap_fixedILi20ELi10EL9ap_q_mode5EL_238_phi_fu_2968_p4      |   9|          2|   20|         40|
    |ap_phi_mux_p_ZZN4nnet24compute_output_buffer_2dINS_5arrayI8ap_fixedILi20ELi10EL9ap_q_mode5EL_239_phi_fu_2980_p4      |   9|          2|   20|         40|
    |ap_phi_mux_p_ZZN4nnet24compute_output_buffer_2dINS_5arrayI8ap_fixedILi20ELi10EL9ap_q_mode5EL_240_phi_fu_2992_p4      |   9|          2|   20|         40|
    |ap_phi_mux_p_ZZN4nnet24compute_output_buffer_2dINS_5arrayI8ap_fixedILi20ELi10EL9ap_q_mode5EL_241_phi_fu_3004_p4      |   9|          2|   20|         40|
    |ap_phi_mux_p_ZZN4nnet24compute_output_buffer_2dINS_5arrayI8ap_fixedILi20ELi10EL9ap_q_mode5EL_242_phi_fu_3016_p4      |   9|          2|   20|         40|
    |ap_phi_mux_p_ZZN4nnet24compute_output_buffer_2dINS_5arrayI8ap_fixedILi20ELi10EL9ap_q_mode5EL_243_phi_fu_3028_p4      |   9|          2|   20|         40|
    |ap_phi_mux_p_ZZN4nnet24compute_output_buffer_2dINS_5arrayI8ap_fixedILi20ELi10EL9ap_q_mode5EL_244_phi_fu_3040_p4      |   9|          2|   20|         40|
    |ap_phi_mux_p_ZZN4nnet24compute_output_buffer_2dINS_5arrayI8ap_fixedILi20ELi10EL9ap_q_mode5EL_245_phi_fu_3052_p4      |   9|          2|   20|         40|
    |ap_phi_mux_p_ZZN4nnet24compute_output_buffer_2dINS_5arrayI8ap_fixedILi20ELi10EL9ap_q_mode5EL_246_phi_fu_3064_p4      |   9|          2|   20|         40|
    |ap_phi_mux_p_ZZN4nnet24compute_output_buffer_2dINS_5arrayI8ap_fixedILi20ELi10EL9ap_q_mode5EL_247_phi_fu_3076_p4      |   9|          2|   20|         40|
    |ap_phi_mux_p_ZZN4nnet24compute_output_buffer_2dINS_5arrayI8ap_fixedILi20ELi10EL9ap_q_mode5EL_248_phi_fu_3088_p4      |   9|          2|   20|         40|
    |ap_phi_mux_p_ZZN4nnet24compute_output_buffer_2dINS_5arrayI8ap_fixedILi20ELi10EL9ap_q_mode5EL_249_phi_fu_3100_p4      |   9|          2|   20|         40|
    |ap_phi_mux_p_ZZN4nnet24compute_output_buffer_2dINS_5arrayI8ap_fixedILi20ELi10EL9ap_q_mode5EL_250_phi_fu_3112_p4      |   9|          2|   20|         40|
    |ap_phi_mux_p_ZZN4nnet24compute_output_buffer_2dINS_5arrayI8ap_fixedILi20ELi10EL9ap_q_mode5EL_251_phi_fu_3124_p4      |   9|          2|   20|         40|
    |ap_phi_mux_p_ZZN4nnet24compute_output_buffer_2dINS_5arrayI8ap_fixedILi20ELi10EL9ap_q_mode5EL_252_phi_fu_3136_p4      |   9|          2|   20|         40|
    |ap_phi_mux_p_ZZN4nnet24compute_output_buffer_2dINS_5arrayI8ap_fixedILi20ELi10EL9ap_q_mode5EL_253_phi_fu_3148_p4      |   9|          2|   20|         40|
    |ap_phi_mux_p_ZZN4nnet24compute_output_buffer_2dINS_5arrayI8ap_fixedILi20ELi10EL9ap_q_mode5EL_254_phi_fu_3160_p4      |   9|          2|   20|         40|
    |ap_phi_mux_p_ZZN4nnet24compute_output_buffer_2dINS_5arrayI8ap_fixedILi20ELi10EL9ap_q_mode5EL_255_phi_fu_3172_p4      |   9|          2|   20|         40|
    |ap_phi_mux_p_ZZN4nnet24compute_output_buffer_2dINS_5arrayI8ap_fixedILi20ELi10EL9ap_q_mode5EL_256_phi_fu_3184_p4      |   9|          2|   20|         40|
    |ap_phi_mux_p_ZZN4nnet24compute_output_buffer_2dINS_5arrayI8ap_fixedILi20ELi10EL9ap_q_mode5EL_257_phi_fu_3196_p4      |   9|          2|   20|         40|
    |ap_phi_mux_p_ZZN4nnet24compute_output_buffer_2dINS_5arrayI8ap_fixedILi20ELi10EL9ap_q_mode5EL_258_phi_fu_3208_p4      |   9|          2|   20|         40|
    |ap_phi_mux_p_ZZN4nnet24compute_output_buffer_2dINS_5arrayI8ap_fixedILi20ELi10EL9ap_q_mode5EL_259_phi_fu_3220_p4      |   9|          2|   20|         40|
    |ap_phi_mux_p_ZZN4nnet24compute_output_buffer_2dINS_5arrayI8ap_fixedILi20ELi10EL9ap_q_mode5EL_260_phi_fu_3232_p4      |   9|          2|   20|         40|
    |ap_phi_mux_p_ZZN4nnet24compute_output_buffer_2dINS_5arrayI8ap_fixedILi20ELi10EL9ap_q_mode5EL_261_phi_fu_3244_p4      |   9|          2|   20|         40|
    |ap_phi_mux_p_ZZN4nnet24compute_output_buffer_2dINS_5arrayI8ap_fixedILi20ELi10EL9ap_q_mode5EL_262_phi_fu_3256_p4      |   9|          2|   20|         40|
    |ap_phi_mux_p_ZZN4nnet24compute_output_buffer_2dINS_5arrayI8ap_fixedILi20ELi10EL9ap_q_mode5EL_263_phi_fu_3268_p4      |   9|          2|   20|         40|
    |ap_phi_mux_p_ZZN4nnet24compute_output_buffer_2dINS_5arrayI8ap_fixedILi20ELi10EL9ap_q_mode5EL_264_phi_fu_3280_p4      |   9|          2|   20|         40|
    |ap_phi_mux_p_ZZN4nnet24compute_output_buffer_2dINS_5arrayI8ap_fixedILi20ELi10EL9ap_q_mode5EL_265_phi_fu_3292_p4      |   9|          2|   20|         40|
    |ap_phi_mux_p_ZZN4nnet24compute_output_buffer_2dINS_5arrayI8ap_fixedILi20ELi10EL9ap_q_mode5EL_266_phi_fu_3304_p4      |   9|          2|   20|         40|
    |ap_phi_mux_p_ZZN4nnet24compute_output_buffer_2dINS_5arrayI8ap_fixedILi20ELi10EL9ap_q_mode5EL_267_phi_fu_3316_p4      |   9|          2|   20|         40|
    |ap_phi_mux_void_compute_output_buffer_2d_array_const_ap_shift_reg_n_chan_stream_weig_25_phi_fu_3328_p4               |   9|          2|   20|         40|
    |ap_phi_mux_void_compute_output_buffer_2d_array_const_ap_shift_reg_n_chan_stream_weig_26_phi_fu_3340_p4               |   9|          2|   20|         40|
    |ap_phi_mux_void_compute_output_buffer_2d_array_const_ap_shift_reg_n_chan_stream_weig_27_phi_fu_3352_p4               |   9|          2|   20|         40|
    |ap_phi_mux_void_compute_output_buffer_2d_array_const_ap_shift_reg_n_chan_stream_weig_28_phi_fu_3364_p4               |   9|          2|   20|         40|
    |ap_phi_mux_void_compute_output_buffer_2d_array_const_ap_shift_reg_n_chan_stream_weig_29_phi_fu_3376_p4               |   9|          2|   20|         40|
    |ap_phi_mux_void_compute_output_buffer_2d_array_const_ap_shift_reg_n_chan_stream_weig_30_phi_fu_3388_p4               |   9|          2|   20|         40|
    |ap_phi_mux_void_compute_output_buffer_2d_array_const_ap_shift_reg_n_chan_stream_weig_31_phi_fu_3400_p4               |   9|          2|   20|         40|
    |ap_phi_mux_void_compute_output_buffer_2d_array_const_ap_shift_reg_n_chan_stream_weig_32_phi_fu_3412_p4               |   9|          2|   20|         40|
    |ap_phi_mux_void_compute_output_buffer_2d_array_const_ap_shift_reg_n_chan_stream_weig_33_phi_fu_3424_p4               |   9|          2|   20|         40|
    |ap_phi_mux_void_compute_output_buffer_2d_array_const_ap_shift_reg_n_chan_stream_weig_34_phi_fu_3436_p4               |   9|          2|   20|         40|
    |ap_phi_mux_w_index45_phi_fu_612_p6                                                                                   |  14|          3|   11|         33|
    |ap_phi_reg_pp0_iter1_p_ZZN4nnet24compute_output_buffer_2dINS_5arrayI8ap_fixedILi20ELi10EL9ap_q_mode5EL_170_reg_2148  |   9|          2|   20|         40|
    |ap_phi_reg_pp0_iter1_p_ZZN4nnet24compute_output_buffer_2dINS_5arrayI8ap_fixedILi20ELi10EL9ap_q_mode5EL_171_reg_2160  |   9|          2|   20|         40|
    |ap_phi_reg_pp0_iter1_p_ZZN4nnet24compute_output_buffer_2dINS_5arrayI8ap_fixedILi20ELi10EL9ap_q_mode5EL_172_reg_2172  |   9|          2|   20|         40|
    |ap_phi_reg_pp0_iter1_p_ZZN4nnet24compute_output_buffer_2dINS_5arrayI8ap_fixedILi20ELi10EL9ap_q_mode5EL_173_reg_2184  |   9|          2|   20|         40|
    |ap_phi_reg_pp0_iter1_p_ZZN4nnet24compute_output_buffer_2dINS_5arrayI8ap_fixedILi20ELi10EL9ap_q_mode5EL_174_reg_2196  |   9|          2|   20|         40|
    |ap_phi_reg_pp0_iter1_p_ZZN4nnet24compute_output_buffer_2dINS_5arrayI8ap_fixedILi20ELi10EL9ap_q_mode5EL_175_reg_2208  |   9|          2|   20|         40|
    |ap_phi_reg_pp0_iter1_p_ZZN4nnet24compute_output_buffer_2dINS_5arrayI8ap_fixedILi20ELi10EL9ap_q_mode5EL_176_reg_2220  |   9|          2|   20|         40|
    |ap_phi_reg_pp0_iter1_p_ZZN4nnet24compute_output_buffer_2dINS_5arrayI8ap_fixedILi20ELi10EL9ap_q_mode5EL_177_reg_2232  |   9|          2|   20|         40|
    |ap_phi_reg_pp0_iter1_p_ZZN4nnet24compute_output_buffer_2dINS_5arrayI8ap_fixedILi20ELi10EL9ap_q_mode5EL_178_reg_2244  |   9|          2|   20|         40|
    |ap_phi_reg_pp0_iter1_p_ZZN4nnet24compute_output_buffer_2dINS_5arrayI8ap_fixedILi20ELi10EL9ap_q_mode5EL_179_reg_2256  |   9|          2|   20|         40|
    |ap_phi_reg_pp0_iter1_p_ZZN4nnet24compute_output_buffer_2dINS_5arrayI8ap_fixedILi20ELi10EL9ap_q_mode5EL_180_reg_2268  |   9|          2|   20|         40|
    |ap_phi_reg_pp0_iter1_p_ZZN4nnet24compute_output_buffer_2dINS_5arrayI8ap_fixedILi20ELi10EL9ap_q_mode5EL_181_reg_2280  |   9|          2|   20|         40|
    |ap_phi_reg_pp0_iter1_p_ZZN4nnet24compute_output_buffer_2dINS_5arrayI8ap_fixedILi20ELi10EL9ap_q_mode5EL_182_reg_2292  |   9|          2|   20|         40|
    |ap_phi_reg_pp0_iter1_p_ZZN4nnet24compute_output_buffer_2dINS_5arrayI8ap_fixedILi20ELi10EL9ap_q_mode5EL_183_reg_2304  |   9|          2|   20|         40|
    |ap_phi_reg_pp0_iter1_p_ZZN4nnet24compute_output_buffer_2dINS_5arrayI8ap_fixedILi20ELi10EL9ap_q_mode5EL_184_reg_2316  |   9|          2|   20|         40|
    |ap_phi_reg_pp0_iter1_p_ZZN4nnet24compute_output_buffer_2dINS_5arrayI8ap_fixedILi20ELi10EL9ap_q_mode5EL_185_reg_2328  |   9|          2|   20|         40|
    |ap_phi_reg_pp0_iter1_p_ZZN4nnet24compute_output_buffer_2dINS_5arrayI8ap_fixedILi20ELi10EL9ap_q_mode5EL_186_reg_2340  |   9|          2|   20|         40|
    |ap_phi_reg_pp0_iter1_p_ZZN4nnet24compute_output_buffer_2dINS_5arrayI8ap_fixedILi20ELi10EL9ap_q_mode5EL_187_reg_2352  |   9|          2|   20|         40|
    |ap_phi_reg_pp0_iter1_p_ZZN4nnet24compute_output_buffer_2dINS_5arrayI8ap_fixedILi20ELi10EL9ap_q_mode5EL_188_reg_2364  |   9|          2|   20|         40|
    |ap_phi_reg_pp0_iter1_p_ZZN4nnet24compute_output_buffer_2dINS_5arrayI8ap_fixedILi20ELi10EL9ap_q_mode5EL_189_reg_2376  |   9|          2|   20|         40|
    |ap_phi_reg_pp0_iter1_p_ZZN4nnet24compute_output_buffer_2dINS_5arrayI8ap_fixedILi20ELi10EL9ap_q_mode5EL_190_reg_2388  |   9|          2|   20|         40|
    |ap_phi_reg_pp0_iter1_p_ZZN4nnet24compute_output_buffer_2dINS_5arrayI8ap_fixedILi20ELi10EL9ap_q_mode5EL_191_reg_2400  |   9|          2|   20|         40|
    |ap_phi_reg_pp0_iter1_p_ZZN4nnet24compute_output_buffer_2dINS_5arrayI8ap_fixedILi20ELi10EL9ap_q_mode5EL_192_reg_2412  |   9|          2|   20|         40|
    |ap_phi_reg_pp0_iter1_p_ZZN4nnet24compute_output_buffer_2dINS_5arrayI8ap_fixedILi20ELi10EL9ap_q_mode5EL_193_reg_2424  |   9|          2|   20|         40|
    |ap_phi_reg_pp0_iter1_p_ZZN4nnet24compute_output_buffer_2dINS_5arrayI8ap_fixedILi20ELi10EL9ap_q_mode5EL_194_reg_2436  |   9|          2|   20|         40|
    |ap_phi_reg_pp0_iter1_p_ZZN4nnet24compute_output_buffer_2dINS_5arrayI8ap_fixedILi20ELi10EL9ap_q_mode5EL_195_reg_2448  |   9|          2|   20|         40|
    |ap_phi_reg_pp0_iter1_p_ZZN4nnet24compute_output_buffer_2dINS_5arrayI8ap_fixedILi20ELi10EL9ap_q_mode5EL_196_reg_2460  |   9|          2|   20|         40|
    |ap_phi_reg_pp0_iter1_p_ZZN4nnet24compute_output_buffer_2dINS_5arrayI8ap_fixedILi20ELi10EL9ap_q_mode5EL_197_reg_2472  |   9|          2|   20|         40|
    |ap_phi_reg_pp0_iter1_p_ZZN4nnet24compute_output_buffer_2dINS_5arrayI8ap_fixedILi20ELi10EL9ap_q_mode5EL_198_reg_2484  |   9|          2|   20|         40|
    |ap_phi_reg_pp0_iter1_p_ZZN4nnet24compute_output_buffer_2dINS_5arrayI8ap_fixedILi20ELi10EL9ap_q_mode5EL_199_reg_2496  |   9|          2|   20|         40|
    |ap_phi_reg_pp0_iter1_p_ZZN4nnet24compute_output_buffer_2dINS_5arrayI8ap_fixedILi20ELi10EL9ap_q_mode5EL_200_reg_2508  |   9|          2|   20|         40|
    |ap_phi_reg_pp0_iter1_p_ZZN4nnet24compute_output_buffer_2dINS_5arrayI8ap_fixedILi20ELi10EL9ap_q_mode5EL_201_reg_2520  |   9|          2|   20|         40|
    |ap_phi_reg_pp0_iter1_p_ZZN4nnet24compute_output_buffer_2dINS_5arrayI8ap_fixedILi20ELi10EL9ap_q_mode5EL_202_reg_2532  |   9|          2|   20|         40|
    |ap_phi_reg_pp0_iter1_p_ZZN4nnet24compute_output_buffer_2dINS_5arrayI8ap_fixedILi20ELi10EL9ap_q_mode5EL_203_reg_2544  |   9|          2|   20|         40|
    |ap_phi_reg_pp0_iter1_p_ZZN4nnet24compute_output_buffer_2dINS_5arrayI8ap_fixedILi20ELi10EL9ap_q_mode5EL_204_reg_2556  |   9|          2|   20|         40|
    |ap_phi_reg_pp0_iter1_p_ZZN4nnet24compute_output_buffer_2dINS_5arrayI8ap_fixedILi20ELi10EL9ap_q_mode5EL_205_reg_2568  |   9|          2|   20|         40|
    |ap_phi_reg_pp0_iter1_p_ZZN4nnet24compute_output_buffer_2dINS_5arrayI8ap_fixedILi20ELi10EL9ap_q_mode5EL_206_reg_2580  |   9|          2|   20|         40|
    |ap_phi_reg_pp0_iter1_p_ZZN4nnet24compute_output_buffer_2dINS_5arrayI8ap_fixedILi20ELi10EL9ap_q_mode5EL_207_reg_2592  |   9|          2|   20|         40|
    |ap_phi_reg_pp0_iter1_p_ZZN4nnet24compute_output_buffer_2dINS_5arrayI8ap_fixedILi20ELi10EL9ap_q_mode5EL_208_reg_2604  |   9|          2|   20|         40|
    |ap_phi_reg_pp0_iter1_p_ZZN4nnet24compute_output_buffer_2dINS_5arrayI8ap_fixedILi20ELi10EL9ap_q_mode5EL_209_reg_2616  |   9|          2|   20|         40|
    |ap_phi_reg_pp0_iter1_p_ZZN4nnet24compute_output_buffer_2dINS_5arrayI8ap_fixedILi20ELi10EL9ap_q_mode5EL_210_reg_2628  |   9|          2|   20|         40|
    |ap_phi_reg_pp0_iter1_p_ZZN4nnet24compute_output_buffer_2dINS_5arrayI8ap_fixedILi20ELi10EL9ap_q_mode5EL_211_reg_2640  |   9|          2|   20|         40|
    |ap_phi_reg_pp0_iter1_p_ZZN4nnet24compute_output_buffer_2dINS_5arrayI8ap_fixedILi20ELi10EL9ap_q_mode5EL_212_reg_2652  |   9|          2|   20|         40|
    |ap_phi_reg_pp0_iter1_p_ZZN4nnet24compute_output_buffer_2dINS_5arrayI8ap_fixedILi20ELi10EL9ap_q_mode5EL_213_reg_2664  |   9|          2|   20|         40|
    |ap_phi_reg_pp0_iter1_p_ZZN4nnet24compute_output_buffer_2dINS_5arrayI8ap_fixedILi20ELi10EL9ap_q_mode5EL_214_reg_2676  |   9|          2|   20|         40|
    |ap_phi_reg_pp0_iter1_p_ZZN4nnet24compute_output_buffer_2dINS_5arrayI8ap_fixedILi20ELi10EL9ap_q_mode5EL_215_reg_2688  |   9|          2|   20|         40|
    |ap_phi_reg_pp0_iter1_p_ZZN4nnet24compute_output_buffer_2dINS_5arrayI8ap_fixedILi20ELi10EL9ap_q_mode5EL_216_reg_2700  |   9|          2|   20|         40|
    |ap_phi_reg_pp0_iter1_p_ZZN4nnet24compute_output_buffer_2dINS_5arrayI8ap_fixedILi20ELi10EL9ap_q_mode5EL_217_reg_2712  |   9|          2|   20|         40|
    |ap_phi_reg_pp0_iter1_p_ZZN4nnet24compute_output_buffer_2dINS_5arrayI8ap_fixedILi20ELi10EL9ap_q_mode5EL_218_reg_2724  |   9|          2|   20|         40|
    |ap_phi_reg_pp0_iter1_p_ZZN4nnet24compute_output_buffer_2dINS_5arrayI8ap_fixedILi20ELi10EL9ap_q_mode5EL_219_reg_2736  |   9|          2|   20|         40|
    |ap_phi_reg_pp0_iter1_p_ZZN4nnet24compute_output_buffer_2dINS_5arrayI8ap_fixedILi20ELi10EL9ap_q_mode5EL_220_reg_2748  |   9|          2|   20|         40|
    |ap_phi_reg_pp0_iter1_p_ZZN4nnet24compute_output_buffer_2dINS_5arrayI8ap_fixedILi20ELi10EL9ap_q_mode5EL_221_reg_2760  |   9|          2|   20|         40|
    |ap_phi_reg_pp0_iter1_p_ZZN4nnet24compute_output_buffer_2dINS_5arrayI8ap_fixedILi20ELi10EL9ap_q_mode5EL_222_reg_2772  |   9|          2|   20|         40|
    |ap_phi_reg_pp0_iter1_p_ZZN4nnet24compute_output_buffer_2dINS_5arrayI8ap_fixedILi20ELi10EL9ap_q_mode5EL_223_reg_2784  |   9|          2|   20|         40|
    |ap_phi_reg_pp0_iter1_p_ZZN4nnet24compute_output_buffer_2dINS_5arrayI8ap_fixedILi20ELi10EL9ap_q_mode5EL_224_reg_2796  |   9|          2|   20|         40|
    |ap_phi_reg_pp0_iter1_p_ZZN4nnet24compute_output_buffer_2dINS_5arrayI8ap_fixedILi20ELi10EL9ap_q_mode5EL_225_reg_2808  |   9|          2|   20|         40|
    |ap_phi_reg_pp0_iter1_p_ZZN4nnet24compute_output_buffer_2dINS_5arrayI8ap_fixedILi20ELi10EL9ap_q_mode5EL_226_reg_2820  |   9|          2|   20|         40|
    |ap_phi_reg_pp0_iter1_p_ZZN4nnet24compute_output_buffer_2dINS_5arrayI8ap_fixedILi20ELi10EL9ap_q_mode5EL_227_reg_2832  |   9|          2|   20|         40|
    |ap_phi_reg_pp0_iter1_p_ZZN4nnet24compute_output_buffer_2dINS_5arrayI8ap_fixedILi20ELi10EL9ap_q_mode5EL_228_reg_2844  |   9|          2|   20|         40|
    |ap_phi_reg_pp0_iter1_p_ZZN4nnet24compute_output_buffer_2dINS_5arrayI8ap_fixedILi20ELi10EL9ap_q_mode5EL_229_reg_2856  |   9|          2|   20|         40|
    |ap_phi_reg_pp0_iter1_p_ZZN4nnet24compute_output_buffer_2dINS_5arrayI8ap_fixedILi20ELi10EL9ap_q_mode5EL_230_reg_2868  |   9|          2|   20|         40|
    |ap_phi_reg_pp0_iter1_p_ZZN4nnet24compute_output_buffer_2dINS_5arrayI8ap_fixedILi20ELi10EL9ap_q_mode5EL_231_reg_2880  |   9|          2|   20|         40|
    |ap_phi_reg_pp0_iter1_p_ZZN4nnet24compute_output_buffer_2dINS_5arrayI8ap_fixedILi20ELi10EL9ap_q_mode5EL_232_reg_2892  |   9|          2|   20|         40|
    |ap_phi_reg_pp0_iter1_p_ZZN4nnet24compute_output_buffer_2dINS_5arrayI8ap_fixedILi20ELi10EL9ap_q_mode5EL_233_reg_2904  |   9|          2|   20|         40|
    |ap_phi_reg_pp0_iter1_p_ZZN4nnet24compute_output_buffer_2dINS_5arrayI8ap_fixedILi20ELi10EL9ap_q_mode5EL_234_reg_2916  |   9|          2|   20|         40|
    |ap_phi_reg_pp0_iter1_p_ZZN4nnet24compute_output_buffer_2dINS_5arrayI8ap_fixedILi20ELi10EL9ap_q_mode5EL_235_reg_2928  |   9|          2|   20|         40|
    |ap_phi_reg_pp0_iter1_p_ZZN4nnet24compute_output_buffer_2dINS_5arrayI8ap_fixedILi20ELi10EL9ap_q_mode5EL_236_reg_2940  |   9|          2|   20|         40|
    |ap_phi_reg_pp0_iter1_p_ZZN4nnet24compute_output_buffer_2dINS_5arrayI8ap_fixedILi20ELi10EL9ap_q_mode5EL_237_reg_2952  |   9|          2|   20|         40|
    |ap_phi_reg_pp0_iter1_p_ZZN4nnet24compute_output_buffer_2dINS_5arrayI8ap_fixedILi20ELi10EL9ap_q_mode5EL_238_reg_2964  |   9|          2|   20|         40|
    |ap_phi_reg_pp0_iter1_p_ZZN4nnet24compute_output_buffer_2dINS_5arrayI8ap_fixedILi20ELi10EL9ap_q_mode5EL_239_reg_2976  |   9|          2|   20|         40|
    |ap_phi_reg_pp0_iter1_p_ZZN4nnet24compute_output_buffer_2dINS_5arrayI8ap_fixedILi20ELi10EL9ap_q_mode5EL_240_reg_2988  |   9|          2|   20|         40|
    |ap_phi_reg_pp0_iter1_p_ZZN4nnet24compute_output_buffer_2dINS_5arrayI8ap_fixedILi20ELi10EL9ap_q_mode5EL_241_reg_3000  |   9|          2|   20|         40|
    |ap_phi_reg_pp0_iter1_p_ZZN4nnet24compute_output_buffer_2dINS_5arrayI8ap_fixedILi20ELi10EL9ap_q_mode5EL_242_reg_3012  |   9|          2|   20|         40|
    |ap_phi_reg_pp0_iter1_p_ZZN4nnet24compute_output_buffer_2dINS_5arrayI8ap_fixedILi20ELi10EL9ap_q_mode5EL_243_reg_3024  |   9|          2|   20|         40|
    |ap_phi_reg_pp0_iter1_p_ZZN4nnet24compute_output_buffer_2dINS_5arrayI8ap_fixedILi20ELi10EL9ap_q_mode5EL_244_reg_3036  |   9|          2|   20|         40|
    |ap_phi_reg_pp0_iter1_p_ZZN4nnet24compute_output_buffer_2dINS_5arrayI8ap_fixedILi20ELi10EL9ap_q_mode5EL_245_reg_3048  |   9|          2|   20|         40|
    |ap_phi_reg_pp0_iter1_p_ZZN4nnet24compute_output_buffer_2dINS_5arrayI8ap_fixedILi20ELi10EL9ap_q_mode5EL_246_reg_3060  |   9|          2|   20|         40|
    |ap_phi_reg_pp0_iter1_p_ZZN4nnet24compute_output_buffer_2dINS_5arrayI8ap_fixedILi20ELi10EL9ap_q_mode5EL_247_reg_3072  |   9|          2|   20|         40|
    |ap_phi_reg_pp0_iter1_p_ZZN4nnet24compute_output_buffer_2dINS_5arrayI8ap_fixedILi20ELi10EL9ap_q_mode5EL_248_reg_3084  |   9|          2|   20|         40|
    |ap_phi_reg_pp0_iter1_p_ZZN4nnet24compute_output_buffer_2dINS_5arrayI8ap_fixedILi20ELi10EL9ap_q_mode5EL_249_reg_3096  |   9|          2|   20|         40|
    |ap_phi_reg_pp0_iter1_p_ZZN4nnet24compute_output_buffer_2dINS_5arrayI8ap_fixedILi20ELi10EL9ap_q_mode5EL_250_reg_3108  |   9|          2|   20|         40|
    |ap_phi_reg_pp0_iter1_p_ZZN4nnet24compute_output_buffer_2dINS_5arrayI8ap_fixedILi20ELi10EL9ap_q_mode5EL_251_reg_3120  |   9|          2|   20|         40|
    |ap_phi_reg_pp0_iter1_p_ZZN4nnet24compute_output_buffer_2dINS_5arrayI8ap_fixedILi20ELi10EL9ap_q_mode5EL_252_reg_3132  |   9|          2|   20|         40|
    |ap_phi_reg_pp0_iter1_p_ZZN4nnet24compute_output_buffer_2dINS_5arrayI8ap_fixedILi20ELi10EL9ap_q_mode5EL_253_reg_3144  |   9|          2|   20|         40|
    |ap_phi_reg_pp0_iter1_p_ZZN4nnet24compute_output_buffer_2dINS_5arrayI8ap_fixedILi20ELi10EL9ap_q_mode5EL_254_reg_3156  |   9|          2|   20|         40|
    |ap_phi_reg_pp0_iter1_p_ZZN4nnet24compute_output_buffer_2dINS_5arrayI8ap_fixedILi20ELi10EL9ap_q_mode5EL_255_reg_3168  |   9|          2|   20|         40|
    |ap_phi_reg_pp0_iter1_p_ZZN4nnet24compute_output_buffer_2dINS_5arrayI8ap_fixedILi20ELi10EL9ap_q_mode5EL_256_reg_3180  |   9|          2|   20|         40|
    |ap_phi_reg_pp0_iter1_p_ZZN4nnet24compute_output_buffer_2dINS_5arrayI8ap_fixedILi20ELi10EL9ap_q_mode5EL_257_reg_3192  |   9|          2|   20|         40|
    |ap_phi_reg_pp0_iter1_p_ZZN4nnet24compute_output_buffer_2dINS_5arrayI8ap_fixedILi20ELi10EL9ap_q_mode5EL_258_reg_3204  |   9|          2|   20|         40|
    |ap_phi_reg_pp0_iter1_p_ZZN4nnet24compute_output_buffer_2dINS_5arrayI8ap_fixedILi20ELi10EL9ap_q_mode5EL_259_reg_3216  |   9|          2|   20|         40|
    |ap_phi_reg_pp0_iter1_p_ZZN4nnet24compute_output_buffer_2dINS_5arrayI8ap_fixedILi20ELi10EL9ap_q_mode5EL_260_reg_3228  |   9|          2|   20|         40|
    |ap_phi_reg_pp0_iter1_p_ZZN4nnet24compute_output_buffer_2dINS_5arrayI8ap_fixedILi20ELi10EL9ap_q_mode5EL_261_reg_3240  |   9|          2|   20|         40|
    |ap_phi_reg_pp0_iter1_p_ZZN4nnet24compute_output_buffer_2dINS_5arrayI8ap_fixedILi20ELi10EL9ap_q_mode5EL_262_reg_3252  |   9|          2|   20|         40|
    |ap_phi_reg_pp0_iter1_p_ZZN4nnet24compute_output_buffer_2dINS_5arrayI8ap_fixedILi20ELi10EL9ap_q_mode5EL_263_reg_3264  |   9|          2|   20|         40|
    |ap_phi_reg_pp0_iter1_p_ZZN4nnet24compute_output_buffer_2dINS_5arrayI8ap_fixedILi20ELi10EL9ap_q_mode5EL_264_reg_3276  |   9|          2|   20|         40|
    |ap_phi_reg_pp0_iter1_p_ZZN4nnet24compute_output_buffer_2dINS_5arrayI8ap_fixedILi20ELi10EL9ap_q_mode5EL_265_reg_3288  |   9|          2|   20|         40|
    |ap_phi_reg_pp0_iter1_p_ZZN4nnet24compute_output_buffer_2dINS_5arrayI8ap_fixedILi20ELi10EL9ap_q_mode5EL_266_reg_3300  |   9|          2|   20|         40|
    |ap_phi_reg_pp0_iter1_p_ZZN4nnet24compute_output_buffer_2dINS_5arrayI8ap_fixedILi20ELi10EL9ap_q_mode5EL_267_reg_3312  |   9|          2|   20|         40|
    |ap_phi_reg_pp0_iter1_void_compute_output_buffer_2d_array_const_ap_shift_reg_n_chan_stream_weig_25_reg_3324           |   9|          2|   20|         40|
    |ap_phi_reg_pp0_iter1_void_compute_output_buffer_2d_array_const_ap_shift_reg_n_chan_stream_weig_26_reg_3336           |   9|          2|   20|         40|
    |ap_phi_reg_pp0_iter1_void_compute_output_buffer_2d_array_const_ap_shift_reg_n_chan_stream_weig_27_reg_3348           |   9|          2|   20|         40|
    |ap_phi_reg_pp0_iter1_void_compute_output_buffer_2d_array_const_ap_shift_reg_n_chan_stream_weig_28_reg_3360           |   9|          2|   20|         40|
    |ap_phi_reg_pp0_iter1_void_compute_output_buffer_2d_array_const_ap_shift_reg_n_chan_stream_weig_29_reg_3372           |   9|          2|   20|         40|
    |ap_phi_reg_pp0_iter1_void_compute_output_buffer_2d_array_const_ap_shift_reg_n_chan_stream_weig_30_reg_3384           |   9|          2|   20|         40|
    |ap_phi_reg_pp0_iter1_void_compute_output_buffer_2d_array_const_ap_shift_reg_n_chan_stream_weig_31_reg_3396           |   9|          2|   20|         40|
    |ap_phi_reg_pp0_iter1_void_compute_output_buffer_2d_array_const_ap_shift_reg_n_chan_stream_weig_32_reg_3408           |   9|          2|   20|         40|
    |ap_phi_reg_pp0_iter1_void_compute_output_buffer_2d_array_const_ap_shift_reg_n_chan_stream_weig_33_reg_3420           |   9|          2|   20|         40|
    |ap_phi_reg_pp0_iter1_void_compute_output_buffer_2d_array_const_ap_shift_reg_n_chan_stream_weig_34_reg_3432           |   9|          2|   20|         40|
    |ap_return_0                                                                                                          |   9|          2|   18|         36|
    |ap_return_1                                                                                                          |   9|          2|   18|         36|
    |ap_return_10                                                                                                         |   9|          2|   18|         36|
    |ap_return_11                                                                                                         |   9|          2|   18|         36|
    |ap_return_12                                                                                                         |   9|          2|   18|         36|
    |ap_return_13                                                                                                         |   9|          2|   18|         36|
    |ap_return_14                                                                                                         |   9|          2|   18|         36|
    |ap_return_15                                                                                                         |   9|          2|   18|         36|
    |ap_return_16                                                                                                         |   9|          2|   18|         36|
    |ap_return_17                                                                                                         |   9|          2|   18|         36|
    |ap_return_2                                                                                                          |   9|          2|   18|         36|
    |ap_return_3                                                                                                          |   9|          2|   18|         36|
    |ap_return_4                                                                                                          |   9|          2|   18|         36|
    |ap_return_5                                                                                                          |   9|          2|   18|         36|
    |ap_return_6                                                                                                          |   9|          2|   18|         36|
    |ap_return_7                                                                                                          |   9|          2|   18|         36|
    |ap_return_8                                                                                                          |   9|          2|   18|         36|
    |ap_return_9                                                                                                          |   9|          2|   18|         36|
    |in_index46_reg_2134                                                                                                  |   9|          2|   32|         64|
    |p_ZZN4nnet24compute_output_buffer_2dINS_5arrayI8ap_fixedILi20ELi10EL9ap_q_mode5EL_170_reg_2148                       |   9|          2|   20|         40|
    |p_ZZN4nnet24compute_output_buffer_2dINS_5arrayI8ap_fixedILi20ELi10EL9ap_q_mode5EL_171_reg_2160                       |   9|          2|   20|         40|
    |p_ZZN4nnet24compute_output_buffer_2dINS_5arrayI8ap_fixedILi20ELi10EL9ap_q_mode5EL_172_reg_2172                       |   9|          2|   20|         40|
    |p_ZZN4nnet24compute_output_buffer_2dINS_5arrayI8ap_fixedILi20ELi10EL9ap_q_mode5EL_173_reg_2184                       |   9|          2|   20|         40|
    |p_ZZN4nnet24compute_output_buffer_2dINS_5arrayI8ap_fixedILi20ELi10EL9ap_q_mode5EL_174_reg_2196                       |   9|          2|   20|         40|
    |p_ZZN4nnet24compute_output_buffer_2dINS_5arrayI8ap_fixedILi20ELi10EL9ap_q_mode5EL_175_reg_2208                       |   9|          2|   20|         40|
    |p_ZZN4nnet24compute_output_buffer_2dINS_5arrayI8ap_fixedILi20ELi10EL9ap_q_mode5EL_176_reg_2220                       |   9|          2|   20|         40|
    |p_ZZN4nnet24compute_output_buffer_2dINS_5arrayI8ap_fixedILi20ELi10EL9ap_q_mode5EL_177_reg_2232                       |   9|          2|   20|         40|
    |p_ZZN4nnet24compute_output_buffer_2dINS_5arrayI8ap_fixedILi20ELi10EL9ap_q_mode5EL_178_reg_2244                       |   9|          2|   20|         40|
    |p_ZZN4nnet24compute_output_buffer_2dINS_5arrayI8ap_fixedILi20ELi10EL9ap_q_mode5EL_179_reg_2256                       |   9|          2|   20|         40|
    |p_ZZN4nnet24compute_output_buffer_2dINS_5arrayI8ap_fixedILi20ELi10EL9ap_q_mode5EL_180_reg_2268                       |   9|          2|   20|         40|
    |p_ZZN4nnet24compute_output_buffer_2dINS_5arrayI8ap_fixedILi20ELi10EL9ap_q_mode5EL_181_reg_2280                       |   9|          2|   20|         40|
    |p_ZZN4nnet24compute_output_buffer_2dINS_5arrayI8ap_fixedILi20ELi10EL9ap_q_mode5EL_182_reg_2292                       |   9|          2|   20|         40|
    |p_ZZN4nnet24compute_output_buffer_2dINS_5arrayI8ap_fixedILi20ELi10EL9ap_q_mode5EL_183_reg_2304                       |   9|          2|   20|         40|
    |p_ZZN4nnet24compute_output_buffer_2dINS_5arrayI8ap_fixedILi20ELi10EL9ap_q_mode5EL_184_reg_2316                       |   9|          2|   20|         40|
    |p_ZZN4nnet24compute_output_buffer_2dINS_5arrayI8ap_fixedILi20ELi10EL9ap_q_mode5EL_185_reg_2328                       |   9|          2|   20|         40|
    |p_ZZN4nnet24compute_output_buffer_2dINS_5arrayI8ap_fixedILi20ELi10EL9ap_q_mode5EL_186_reg_2340                       |   9|          2|   20|         40|
    |p_ZZN4nnet24compute_output_buffer_2dINS_5arrayI8ap_fixedILi20ELi10EL9ap_q_mode5EL_187_reg_2352                       |   9|          2|   20|         40|
    |p_ZZN4nnet24compute_output_buffer_2dINS_5arrayI8ap_fixedILi20ELi10EL9ap_q_mode5EL_188_reg_2364                       |   9|          2|   20|         40|
    |p_ZZN4nnet24compute_output_buffer_2dINS_5arrayI8ap_fixedILi20ELi10EL9ap_q_mode5EL_189_reg_2376                       |   9|          2|   20|         40|
    |p_ZZN4nnet24compute_output_buffer_2dINS_5arrayI8ap_fixedILi20ELi10EL9ap_q_mode5EL_190_reg_2388                       |   9|          2|   20|         40|
    |p_ZZN4nnet24compute_output_buffer_2dINS_5arrayI8ap_fixedILi20ELi10EL9ap_q_mode5EL_191_reg_2400                       |   9|          2|   20|         40|
    |p_ZZN4nnet24compute_output_buffer_2dINS_5arrayI8ap_fixedILi20ELi10EL9ap_q_mode5EL_192_reg_2412                       |   9|          2|   20|         40|
    |p_ZZN4nnet24compute_output_buffer_2dINS_5arrayI8ap_fixedILi20ELi10EL9ap_q_mode5EL_193_reg_2424                       |   9|          2|   20|         40|
    |p_ZZN4nnet24compute_output_buffer_2dINS_5arrayI8ap_fixedILi20ELi10EL9ap_q_mode5EL_194_reg_2436                       |   9|          2|   20|         40|
    |p_ZZN4nnet24compute_output_buffer_2dINS_5arrayI8ap_fixedILi20ELi10EL9ap_q_mode5EL_195_reg_2448                       |   9|          2|   20|         40|
    |p_ZZN4nnet24compute_output_buffer_2dINS_5arrayI8ap_fixedILi20ELi10EL9ap_q_mode5EL_196_reg_2460                       |   9|          2|   20|         40|
    |p_ZZN4nnet24compute_output_buffer_2dINS_5arrayI8ap_fixedILi20ELi10EL9ap_q_mode5EL_197_reg_2472                       |   9|          2|   20|         40|
    |p_ZZN4nnet24compute_output_buffer_2dINS_5arrayI8ap_fixedILi20ELi10EL9ap_q_mode5EL_198_reg_2484                       |   9|          2|   20|         40|
    |p_ZZN4nnet24compute_output_buffer_2dINS_5arrayI8ap_fixedILi20ELi10EL9ap_q_mode5EL_199_reg_2496                       |   9|          2|   20|         40|
    |p_ZZN4nnet24compute_output_buffer_2dINS_5arrayI8ap_fixedILi20ELi10EL9ap_q_mode5EL_200_reg_2508                       |   9|          2|   20|         40|
    |p_ZZN4nnet24compute_output_buffer_2dINS_5arrayI8ap_fixedILi20ELi10EL9ap_q_mode5EL_201_reg_2520                       |   9|          2|   20|         40|
    |p_ZZN4nnet24compute_output_buffer_2dINS_5arrayI8ap_fixedILi20ELi10EL9ap_q_mode5EL_202_reg_2532                       |   9|          2|   20|         40|
    |p_ZZN4nnet24compute_output_buffer_2dINS_5arrayI8ap_fixedILi20ELi10EL9ap_q_mode5EL_203_reg_2544                       |   9|          2|   20|         40|
    |p_ZZN4nnet24compute_output_buffer_2dINS_5arrayI8ap_fixedILi20ELi10EL9ap_q_mode5EL_204_reg_2556                       |   9|          2|   20|         40|
    |p_ZZN4nnet24compute_output_buffer_2dINS_5arrayI8ap_fixedILi20ELi10EL9ap_q_mode5EL_205_reg_2568                       |   9|          2|   20|         40|
    |p_ZZN4nnet24compute_output_buffer_2dINS_5arrayI8ap_fixedILi20ELi10EL9ap_q_mode5EL_206_reg_2580                       |   9|          2|   20|         40|
    |p_ZZN4nnet24compute_output_buffer_2dINS_5arrayI8ap_fixedILi20ELi10EL9ap_q_mode5EL_207_reg_2592                       |   9|          2|   20|         40|
    |p_ZZN4nnet24compute_output_buffer_2dINS_5arrayI8ap_fixedILi20ELi10EL9ap_q_mode5EL_208_reg_2604                       |   9|          2|   20|         40|
    |p_ZZN4nnet24compute_output_buffer_2dINS_5arrayI8ap_fixedILi20ELi10EL9ap_q_mode5EL_209_reg_2616                       |   9|          2|   20|         40|
    |p_ZZN4nnet24compute_output_buffer_2dINS_5arrayI8ap_fixedILi20ELi10EL9ap_q_mode5EL_210_reg_2628                       |   9|          2|   20|         40|
    |p_ZZN4nnet24compute_output_buffer_2dINS_5arrayI8ap_fixedILi20ELi10EL9ap_q_mode5EL_211_reg_2640                       |   9|          2|   20|         40|
    |p_ZZN4nnet24compute_output_buffer_2dINS_5arrayI8ap_fixedILi20ELi10EL9ap_q_mode5EL_212_reg_2652                       |   9|          2|   20|         40|
    |p_ZZN4nnet24compute_output_buffer_2dINS_5arrayI8ap_fixedILi20ELi10EL9ap_q_mode5EL_213_reg_2664                       |   9|          2|   20|         40|
    |p_ZZN4nnet24compute_output_buffer_2dINS_5arrayI8ap_fixedILi20ELi10EL9ap_q_mode5EL_214_reg_2676                       |   9|          2|   20|         40|
    |p_ZZN4nnet24compute_output_buffer_2dINS_5arrayI8ap_fixedILi20ELi10EL9ap_q_mode5EL_215_reg_2688                       |   9|          2|   20|         40|
    |p_ZZN4nnet24compute_output_buffer_2dINS_5arrayI8ap_fixedILi20ELi10EL9ap_q_mode5EL_216_reg_2700                       |   9|          2|   20|         40|
    |p_ZZN4nnet24compute_output_buffer_2dINS_5arrayI8ap_fixedILi20ELi10EL9ap_q_mode5EL_217_reg_2712                       |   9|          2|   20|         40|
    |p_ZZN4nnet24compute_output_buffer_2dINS_5arrayI8ap_fixedILi20ELi10EL9ap_q_mode5EL_218_reg_2724                       |   9|          2|   20|         40|
    |p_ZZN4nnet24compute_output_buffer_2dINS_5arrayI8ap_fixedILi20ELi10EL9ap_q_mode5EL_219_reg_2736                       |   9|          2|   20|         40|
    |p_ZZN4nnet24compute_output_buffer_2dINS_5arrayI8ap_fixedILi20ELi10EL9ap_q_mode5EL_220_reg_2748                       |   9|          2|   20|         40|
    |p_ZZN4nnet24compute_output_buffer_2dINS_5arrayI8ap_fixedILi20ELi10EL9ap_q_mode5EL_221_reg_2760                       |   9|          2|   20|         40|
    |p_ZZN4nnet24compute_output_buffer_2dINS_5arrayI8ap_fixedILi20ELi10EL9ap_q_mode5EL_222_reg_2772                       |   9|          2|   20|         40|
    |p_ZZN4nnet24compute_output_buffer_2dINS_5arrayI8ap_fixedILi20ELi10EL9ap_q_mode5EL_223_reg_2784                       |   9|          2|   20|         40|
    |p_ZZN4nnet24compute_output_buffer_2dINS_5arrayI8ap_fixedILi20ELi10EL9ap_q_mode5EL_224_reg_2796                       |   9|          2|   20|         40|
    |p_ZZN4nnet24compute_output_buffer_2dINS_5arrayI8ap_fixedILi20ELi10EL9ap_q_mode5EL_225_reg_2808                       |   9|          2|   20|         40|
    |p_ZZN4nnet24compute_output_buffer_2dINS_5arrayI8ap_fixedILi20ELi10EL9ap_q_mode5EL_226_reg_2820                       |   9|          2|   20|         40|
    |p_ZZN4nnet24compute_output_buffer_2dINS_5arrayI8ap_fixedILi20ELi10EL9ap_q_mode5EL_227_reg_2832                       |   9|          2|   20|         40|
    |p_ZZN4nnet24compute_output_buffer_2dINS_5arrayI8ap_fixedILi20ELi10EL9ap_q_mode5EL_228_reg_2844                       |   9|          2|   20|         40|
    |p_ZZN4nnet24compute_output_buffer_2dINS_5arrayI8ap_fixedILi20ELi10EL9ap_q_mode5EL_229_reg_2856                       |   9|          2|   20|         40|
    |p_ZZN4nnet24compute_output_buffer_2dINS_5arrayI8ap_fixedILi20ELi10EL9ap_q_mode5EL_230_reg_2868                       |   9|          2|   20|         40|
    |p_ZZN4nnet24compute_output_buffer_2dINS_5arrayI8ap_fixedILi20ELi10EL9ap_q_mode5EL_231_reg_2880                       |   9|          2|   20|         40|
    |p_ZZN4nnet24compute_output_buffer_2dINS_5arrayI8ap_fixedILi20ELi10EL9ap_q_mode5EL_232_reg_2892                       |   9|          2|   20|         40|
    |p_ZZN4nnet24compute_output_buffer_2dINS_5arrayI8ap_fixedILi20ELi10EL9ap_q_mode5EL_233_reg_2904                       |   9|          2|   20|         40|
    |p_ZZN4nnet24compute_output_buffer_2dINS_5arrayI8ap_fixedILi20ELi10EL9ap_q_mode5EL_234_reg_2916                       |   9|          2|   20|         40|
    |p_ZZN4nnet24compute_output_buffer_2dINS_5arrayI8ap_fixedILi20ELi10EL9ap_q_mode5EL_235_reg_2928                       |   9|          2|   20|         40|
    |p_ZZN4nnet24compute_output_buffer_2dINS_5arrayI8ap_fixedILi20ELi10EL9ap_q_mode5EL_236_reg_2940                       |   9|          2|   20|         40|
    |p_ZZN4nnet24compute_output_buffer_2dINS_5arrayI8ap_fixedILi20ELi10EL9ap_q_mode5EL_237_reg_2952                       |   9|          2|   20|         40|
    |p_ZZN4nnet24compute_output_buffer_2dINS_5arrayI8ap_fixedILi20ELi10EL9ap_q_mode5EL_238_reg_2964                       |   9|          2|   20|         40|
    |p_ZZN4nnet24compute_output_buffer_2dINS_5arrayI8ap_fixedILi20ELi10EL9ap_q_mode5EL_239_reg_2976                       |   9|          2|   20|         40|
    |p_ZZN4nnet24compute_output_buffer_2dINS_5arrayI8ap_fixedILi20ELi10EL9ap_q_mode5EL_240_reg_2988                       |   9|          2|   20|         40|
    |p_ZZN4nnet24compute_output_buffer_2dINS_5arrayI8ap_fixedILi20ELi10EL9ap_q_mode5EL_241_reg_3000                       |   9|          2|   20|         40|
    |p_ZZN4nnet24compute_output_buffer_2dINS_5arrayI8ap_fixedILi20ELi10EL9ap_q_mode5EL_242_reg_3012                       |   9|          2|   20|         40|
    |p_ZZN4nnet24compute_output_buffer_2dINS_5arrayI8ap_fixedILi20ELi10EL9ap_q_mode5EL_243_reg_3024                       |   9|          2|   20|         40|
    |p_ZZN4nnet24compute_output_buffer_2dINS_5arrayI8ap_fixedILi20ELi10EL9ap_q_mode5EL_244_reg_3036                       |   9|          2|   20|         40|
    |p_ZZN4nnet24compute_output_buffer_2dINS_5arrayI8ap_fixedILi20ELi10EL9ap_q_mode5EL_245_reg_3048                       |   9|          2|   20|         40|
    |p_ZZN4nnet24compute_output_buffer_2dINS_5arrayI8ap_fixedILi20ELi10EL9ap_q_mode5EL_246_reg_3060                       |   9|          2|   20|         40|
    |p_ZZN4nnet24compute_output_buffer_2dINS_5arrayI8ap_fixedILi20ELi10EL9ap_q_mode5EL_247_reg_3072                       |   9|          2|   20|         40|
    |p_ZZN4nnet24compute_output_buffer_2dINS_5arrayI8ap_fixedILi20ELi10EL9ap_q_mode5EL_248_reg_3084                       |   9|          2|   20|         40|
    |p_ZZN4nnet24compute_output_buffer_2dINS_5arrayI8ap_fixedILi20ELi10EL9ap_q_mode5EL_249_reg_3096                       |   9|          2|   20|         40|
    |p_ZZN4nnet24compute_output_buffer_2dINS_5arrayI8ap_fixedILi20ELi10EL9ap_q_mode5EL_250_reg_3108                       |   9|          2|   20|         40|
    |p_ZZN4nnet24compute_output_buffer_2dINS_5arrayI8ap_fixedILi20ELi10EL9ap_q_mode5EL_251_reg_3120                       |   9|          2|   20|         40|
    |p_ZZN4nnet24compute_output_buffer_2dINS_5arrayI8ap_fixedILi20ELi10EL9ap_q_mode5EL_252_reg_3132                       |   9|          2|   20|         40|
    |p_ZZN4nnet24compute_output_buffer_2dINS_5arrayI8ap_fixedILi20ELi10EL9ap_q_mode5EL_253_reg_3144                       |   9|          2|   20|         40|
    |p_ZZN4nnet24compute_output_buffer_2dINS_5arrayI8ap_fixedILi20ELi10EL9ap_q_mode5EL_254_reg_3156                       |   9|          2|   20|         40|
    |p_ZZN4nnet24compute_output_buffer_2dINS_5arrayI8ap_fixedILi20ELi10EL9ap_q_mode5EL_255_reg_3168                       |   9|          2|   20|         40|
    |p_ZZN4nnet24compute_output_buffer_2dINS_5arrayI8ap_fixedILi20ELi10EL9ap_q_mode5EL_256_reg_3180                       |   9|          2|   20|         40|
    |p_ZZN4nnet24compute_output_buffer_2dINS_5arrayI8ap_fixedILi20ELi10EL9ap_q_mode5EL_257_reg_3192                       |   9|          2|   20|         40|
    |p_ZZN4nnet24compute_output_buffer_2dINS_5arrayI8ap_fixedILi20ELi10EL9ap_q_mode5EL_258_reg_3204                       |   9|          2|   20|         40|
    |p_ZZN4nnet24compute_output_buffer_2dINS_5arrayI8ap_fixedILi20ELi10EL9ap_q_mode5EL_259_reg_3216                       |   9|          2|   20|         40|
    |p_ZZN4nnet24compute_output_buffer_2dINS_5arrayI8ap_fixedILi20ELi10EL9ap_q_mode5EL_260_reg_3228                       |   9|          2|   20|         40|
    |p_ZZN4nnet24compute_output_buffer_2dINS_5arrayI8ap_fixedILi20ELi10EL9ap_q_mode5EL_261_reg_3240                       |   9|          2|   20|         40|
    |p_ZZN4nnet24compute_output_buffer_2dINS_5arrayI8ap_fixedILi20ELi10EL9ap_q_mode5EL_262_reg_3252                       |   9|          2|   20|         40|
    |p_ZZN4nnet24compute_output_buffer_2dINS_5arrayI8ap_fixedILi20ELi10EL9ap_q_mode5EL_263_reg_3264                       |   9|          2|   20|         40|
    |p_ZZN4nnet24compute_output_buffer_2dINS_5arrayI8ap_fixedILi20ELi10EL9ap_q_mode5EL_264_reg_3276                       |   9|          2|   20|         40|
    |p_ZZN4nnet24compute_output_buffer_2dINS_5arrayI8ap_fixedILi20ELi10EL9ap_q_mode5EL_265_reg_3288                       |   9|          2|   20|         40|
    |p_ZZN4nnet24compute_output_buffer_2dINS_5arrayI8ap_fixedILi20ELi10EL9ap_q_mode5EL_266_reg_3300                       |   9|          2|   20|         40|
    |p_ZZN4nnet24compute_output_buffer_2dINS_5arrayI8ap_fixedILi20ELi10EL9ap_q_mode5EL_267_reg_3312                       |   9|          2|   20|         40|
    |void_compute_output_buffer_2d_array_const_ap_shift_reg_n_chan_stream_weig_25_reg_3324                                |   9|          2|   20|         40|
    |void_compute_output_buffer_2d_array_const_ap_shift_reg_n_chan_stream_weig_26_reg_3336                                |   9|          2|   20|         40|
    |void_compute_output_buffer_2d_array_const_ap_shift_reg_n_chan_stream_weig_27_reg_3348                                |   9|          2|   20|         40|
    |void_compute_output_buffer_2d_array_const_ap_shift_reg_n_chan_stream_weig_28_reg_3360                                |   9|          2|   20|         40|
    |void_compute_output_buffer_2d_array_const_ap_shift_reg_n_chan_stream_weig_29_reg_3372                                |   9|          2|   20|         40|
    |void_compute_output_buffer_2d_array_const_ap_shift_reg_n_chan_stream_weig_30_reg_3384                                |   9|          2|   20|         40|
    |void_compute_output_buffer_2d_array_const_ap_shift_reg_n_chan_stream_weig_31_reg_3396                                |   9|          2|   20|         40|
    |void_compute_output_buffer_2d_array_const_ap_shift_reg_n_chan_stream_weig_32_reg_3408                                |   9|          2|   20|         40|
    |void_compute_output_buffer_2d_array_const_ap_shift_reg_n_chan_stream_weig_33_reg_3420                                |   9|          2|   20|         40|
    |void_compute_output_buffer_2d_array_const_ap_shift_reg_n_chan_stream_weig_34_reg_3432                                |   9|          2|   20|         40|
    |w_index45_reg_609                                                                                                    |   9|          2|   11|         22|
    +---------------------------------------------------------------------------------------------------------------------+----+-----------+-----+-----------+
    |Total                                                                                                                |3984|        881| 8765|      18510|
    +---------------------------------------------------------------------------------------------------------------------+----+-----------+-----+-----------+

    * Register: 
    +---------------------------------------------------------------------------------------------------------------------+----+----+-----+-----------+
    |                                                         Name                                                        | FF | LUT| Bits| Const Bits|
    +---------------------------------------------------------------------------------------------------------------------+----+----+-----+-----------+
    |acc44_reg_3444                                                                                                       |  26|   0|   26|          0|
    |acc_1642_reg_3458                                                                                                    |  26|   0|   26|          0|
    |acc_1740_reg_3472                                                                                                    |  26|   0|   26|          0|
    |acc_1838_reg_3486                                                                                                    |  26|   0|   26|          0|
    |acc_1936_reg_3500                                                                                                    |  26|   0|   26|          0|
    |acc_2034_reg_3514                                                                                                    |  26|   0|   26|          0|
    |acc_2132_reg_3528                                                                                                    |  26|   0|   26|          0|
    |acc_2230_reg_3542                                                                                                    |  26|   0|   26|          0|
    |acc_2328_reg_3556                                                                                                    |  26|   0|   26|          0|
    |acc_2426_reg_3570                                                                                                    |  26|   0|   26|          0|
    |acc_2524_reg_3584                                                                                                    |  26|   0|   26|          0|
    |acc_2622_reg_3598                                                                                                    |  26|   0|   26|          0|
    |acc_2720_reg_3612                                                                                                    |  26|   0|   26|          0|
    |acc_2818_reg_3626                                                                                                    |  26|   0|   26|          0|
    |acc_2916_reg_3640                                                                                                    |  26|   0|   26|          0|
    |acc_3014_reg_3654                                                                                                    |  26|   0|   26|          0|
    |acc_3112_reg_3668                                                                                                    |  26|   0|   26|          0|
    |acc_3210_reg_3682                                                                                                    |  26|   0|   26|          0|
    |ap_CS_fsm                                                                                                            |   1|   0|    1|          0|
    |ap_done_reg                                                                                                          |   1|   0|    1|          0|
    |ap_enable_reg_pp0_iter1                                                                                              |   1|   0|    1|          0|
    |ap_enable_reg_pp0_iter2                                                                                              |   1|   0|    1|          0|
    |ap_loop_exit_ready_pp0_iter1_reg                                                                                     |   1|   0|    1|          0|
    |ap_loop_exit_ready_pp0_iter2_reg                                                                                     |   1|   0|    1|          0|
    |ap_loop_init_pp0_iter1_reg                                                                                           |   1|   0|    1|          0|
    |ap_loop_init_pp0_iter2_reg                                                                                           |   1|   0|    1|          0|
    |ap_phi_reg_pp0_iter1_p_ZZN4nnet24compute_output_buffer_2dINS_5arrayI8ap_fixedILi20ELi10EL9ap_q_mode5EL_170_reg_2148  |  20|   0|   20|          0|
    |ap_phi_reg_pp0_iter1_p_ZZN4nnet24compute_output_buffer_2dINS_5arrayI8ap_fixedILi20ELi10EL9ap_q_mode5EL_171_reg_2160  |  20|   0|   20|          0|
    |ap_phi_reg_pp0_iter1_p_ZZN4nnet24compute_output_buffer_2dINS_5arrayI8ap_fixedILi20ELi10EL9ap_q_mode5EL_172_reg_2172  |  20|   0|   20|          0|
    |ap_phi_reg_pp0_iter1_p_ZZN4nnet24compute_output_buffer_2dINS_5arrayI8ap_fixedILi20ELi10EL9ap_q_mode5EL_173_reg_2184  |  20|   0|   20|          0|
    |ap_phi_reg_pp0_iter1_p_ZZN4nnet24compute_output_buffer_2dINS_5arrayI8ap_fixedILi20ELi10EL9ap_q_mode5EL_174_reg_2196  |  20|   0|   20|          0|
    |ap_phi_reg_pp0_iter1_p_ZZN4nnet24compute_output_buffer_2dINS_5arrayI8ap_fixedILi20ELi10EL9ap_q_mode5EL_175_reg_2208  |  20|   0|   20|          0|
    |ap_phi_reg_pp0_iter1_p_ZZN4nnet24compute_output_buffer_2dINS_5arrayI8ap_fixedILi20ELi10EL9ap_q_mode5EL_176_reg_2220  |  20|   0|   20|          0|
    |ap_phi_reg_pp0_iter1_p_ZZN4nnet24compute_output_buffer_2dINS_5arrayI8ap_fixedILi20ELi10EL9ap_q_mode5EL_177_reg_2232  |  20|   0|   20|          0|
    |ap_phi_reg_pp0_iter1_p_ZZN4nnet24compute_output_buffer_2dINS_5arrayI8ap_fixedILi20ELi10EL9ap_q_mode5EL_178_reg_2244  |  20|   0|   20|          0|
    |ap_phi_reg_pp0_iter1_p_ZZN4nnet24compute_output_buffer_2dINS_5arrayI8ap_fixedILi20ELi10EL9ap_q_mode5EL_179_reg_2256  |  20|   0|   20|          0|
    |ap_phi_reg_pp0_iter1_p_ZZN4nnet24compute_output_buffer_2dINS_5arrayI8ap_fixedILi20ELi10EL9ap_q_mode5EL_180_reg_2268  |  20|   0|   20|          0|
    |ap_phi_reg_pp0_iter1_p_ZZN4nnet24compute_output_buffer_2dINS_5arrayI8ap_fixedILi20ELi10EL9ap_q_mode5EL_181_reg_2280  |  20|   0|   20|          0|
    |ap_phi_reg_pp0_iter1_p_ZZN4nnet24compute_output_buffer_2dINS_5arrayI8ap_fixedILi20ELi10EL9ap_q_mode5EL_182_reg_2292  |  20|   0|   20|          0|
    |ap_phi_reg_pp0_iter1_p_ZZN4nnet24compute_output_buffer_2dINS_5arrayI8ap_fixedILi20ELi10EL9ap_q_mode5EL_183_reg_2304  |  20|   0|   20|          0|
    |ap_phi_reg_pp0_iter1_p_ZZN4nnet24compute_output_buffer_2dINS_5arrayI8ap_fixedILi20ELi10EL9ap_q_mode5EL_184_reg_2316  |  20|   0|   20|          0|
    |ap_phi_reg_pp0_iter1_p_ZZN4nnet24compute_output_buffer_2dINS_5arrayI8ap_fixedILi20ELi10EL9ap_q_mode5EL_185_reg_2328  |  20|   0|   20|          0|
    |ap_phi_reg_pp0_iter1_p_ZZN4nnet24compute_output_buffer_2dINS_5arrayI8ap_fixedILi20ELi10EL9ap_q_mode5EL_186_reg_2340  |  20|   0|   20|          0|
    |ap_phi_reg_pp0_iter1_p_ZZN4nnet24compute_output_buffer_2dINS_5arrayI8ap_fixedILi20ELi10EL9ap_q_mode5EL_187_reg_2352  |  20|   0|   20|          0|
    |ap_phi_reg_pp0_iter1_p_ZZN4nnet24compute_output_buffer_2dINS_5arrayI8ap_fixedILi20ELi10EL9ap_q_mode5EL_188_reg_2364  |  20|   0|   20|          0|
    |ap_phi_reg_pp0_iter1_p_ZZN4nnet24compute_output_buffer_2dINS_5arrayI8ap_fixedILi20ELi10EL9ap_q_mode5EL_189_reg_2376  |  20|   0|   20|          0|
    |ap_phi_reg_pp0_iter1_p_ZZN4nnet24compute_output_buffer_2dINS_5arrayI8ap_fixedILi20ELi10EL9ap_q_mode5EL_190_reg_2388  |  20|   0|   20|          0|
    |ap_phi_reg_pp0_iter1_p_ZZN4nnet24compute_output_buffer_2dINS_5arrayI8ap_fixedILi20ELi10EL9ap_q_mode5EL_191_reg_2400  |  20|   0|   20|          0|
    |ap_phi_reg_pp0_iter1_p_ZZN4nnet24compute_output_buffer_2dINS_5arrayI8ap_fixedILi20ELi10EL9ap_q_mode5EL_192_reg_2412  |  20|   0|   20|          0|
    |ap_phi_reg_pp0_iter1_p_ZZN4nnet24compute_output_buffer_2dINS_5arrayI8ap_fixedILi20ELi10EL9ap_q_mode5EL_193_reg_2424  |  20|   0|   20|          0|
    |ap_phi_reg_pp0_iter1_p_ZZN4nnet24compute_output_buffer_2dINS_5arrayI8ap_fixedILi20ELi10EL9ap_q_mode5EL_194_reg_2436  |  20|   0|   20|          0|
    |ap_phi_reg_pp0_iter1_p_ZZN4nnet24compute_output_buffer_2dINS_5arrayI8ap_fixedILi20ELi10EL9ap_q_mode5EL_195_reg_2448  |  20|   0|   20|          0|
    |ap_phi_reg_pp0_iter1_p_ZZN4nnet24compute_output_buffer_2dINS_5arrayI8ap_fixedILi20ELi10EL9ap_q_mode5EL_196_reg_2460  |  20|   0|   20|          0|
    |ap_phi_reg_pp0_iter1_p_ZZN4nnet24compute_output_buffer_2dINS_5arrayI8ap_fixedILi20ELi10EL9ap_q_mode5EL_197_reg_2472  |  20|   0|   20|          0|
    |ap_phi_reg_pp0_iter1_p_ZZN4nnet24compute_output_buffer_2dINS_5arrayI8ap_fixedILi20ELi10EL9ap_q_mode5EL_198_reg_2484  |  20|   0|   20|          0|
    |ap_phi_reg_pp0_iter1_p_ZZN4nnet24compute_output_buffer_2dINS_5arrayI8ap_fixedILi20ELi10EL9ap_q_mode5EL_199_reg_2496  |  20|   0|   20|          0|
    |ap_phi_reg_pp0_iter1_p_ZZN4nnet24compute_output_buffer_2dINS_5arrayI8ap_fixedILi20ELi10EL9ap_q_mode5EL_200_reg_2508  |  20|   0|   20|          0|
    |ap_phi_reg_pp0_iter1_p_ZZN4nnet24compute_output_buffer_2dINS_5arrayI8ap_fixedILi20ELi10EL9ap_q_mode5EL_201_reg_2520  |  20|   0|   20|          0|
    |ap_phi_reg_pp0_iter1_p_ZZN4nnet24compute_output_buffer_2dINS_5arrayI8ap_fixedILi20ELi10EL9ap_q_mode5EL_202_reg_2532  |  20|   0|   20|          0|
    |ap_phi_reg_pp0_iter1_p_ZZN4nnet24compute_output_buffer_2dINS_5arrayI8ap_fixedILi20ELi10EL9ap_q_mode5EL_203_reg_2544  |  20|   0|   20|          0|
    |ap_phi_reg_pp0_iter1_p_ZZN4nnet24compute_output_buffer_2dINS_5arrayI8ap_fixedILi20ELi10EL9ap_q_mode5EL_204_reg_2556  |  20|   0|   20|          0|
    |ap_phi_reg_pp0_iter1_p_ZZN4nnet24compute_output_buffer_2dINS_5arrayI8ap_fixedILi20ELi10EL9ap_q_mode5EL_205_reg_2568  |  20|   0|   20|          0|
    |ap_phi_reg_pp0_iter1_p_ZZN4nnet24compute_output_buffer_2dINS_5arrayI8ap_fixedILi20ELi10EL9ap_q_mode5EL_206_reg_2580  |  20|   0|   20|          0|
    |ap_phi_reg_pp0_iter1_p_ZZN4nnet24compute_output_buffer_2dINS_5arrayI8ap_fixedILi20ELi10EL9ap_q_mode5EL_207_reg_2592  |  20|   0|   20|          0|
    |ap_phi_reg_pp0_iter1_p_ZZN4nnet24compute_output_buffer_2dINS_5arrayI8ap_fixedILi20ELi10EL9ap_q_mode5EL_208_reg_2604  |  20|   0|   20|          0|
    |ap_phi_reg_pp0_iter1_p_ZZN4nnet24compute_output_buffer_2dINS_5arrayI8ap_fixedILi20ELi10EL9ap_q_mode5EL_209_reg_2616  |  20|   0|   20|          0|
    |ap_phi_reg_pp0_iter1_p_ZZN4nnet24compute_output_buffer_2dINS_5arrayI8ap_fixedILi20ELi10EL9ap_q_mode5EL_210_reg_2628  |  20|   0|   20|          0|
    |ap_phi_reg_pp0_iter1_p_ZZN4nnet24compute_output_buffer_2dINS_5arrayI8ap_fixedILi20ELi10EL9ap_q_mode5EL_211_reg_2640  |  20|   0|   20|          0|
    |ap_phi_reg_pp0_iter1_p_ZZN4nnet24compute_output_buffer_2dINS_5arrayI8ap_fixedILi20ELi10EL9ap_q_mode5EL_212_reg_2652  |  20|   0|   20|          0|
    |ap_phi_reg_pp0_iter1_p_ZZN4nnet24compute_output_buffer_2dINS_5arrayI8ap_fixedILi20ELi10EL9ap_q_mode5EL_213_reg_2664  |  20|   0|   20|          0|
    |ap_phi_reg_pp0_iter1_p_ZZN4nnet24compute_output_buffer_2dINS_5arrayI8ap_fixedILi20ELi10EL9ap_q_mode5EL_214_reg_2676  |  20|   0|   20|          0|
    |ap_phi_reg_pp0_iter1_p_ZZN4nnet24compute_output_buffer_2dINS_5arrayI8ap_fixedILi20ELi10EL9ap_q_mode5EL_215_reg_2688  |  20|   0|   20|          0|
    |ap_phi_reg_pp0_iter1_p_ZZN4nnet24compute_output_buffer_2dINS_5arrayI8ap_fixedILi20ELi10EL9ap_q_mode5EL_216_reg_2700  |  20|   0|   20|          0|
    |ap_phi_reg_pp0_iter1_p_ZZN4nnet24compute_output_buffer_2dINS_5arrayI8ap_fixedILi20ELi10EL9ap_q_mode5EL_217_reg_2712  |  20|   0|   20|          0|
    |ap_phi_reg_pp0_iter1_p_ZZN4nnet24compute_output_buffer_2dINS_5arrayI8ap_fixedILi20ELi10EL9ap_q_mode5EL_218_reg_2724  |  20|   0|   20|          0|
    |ap_phi_reg_pp0_iter1_p_ZZN4nnet24compute_output_buffer_2dINS_5arrayI8ap_fixedILi20ELi10EL9ap_q_mode5EL_219_reg_2736  |  20|   0|   20|          0|
    |ap_phi_reg_pp0_iter1_p_ZZN4nnet24compute_output_buffer_2dINS_5arrayI8ap_fixedILi20ELi10EL9ap_q_mode5EL_220_reg_2748  |  20|   0|   20|          0|
    |ap_phi_reg_pp0_iter1_p_ZZN4nnet24compute_output_buffer_2dINS_5arrayI8ap_fixedILi20ELi10EL9ap_q_mode5EL_221_reg_2760  |  20|   0|   20|          0|
    |ap_phi_reg_pp0_iter1_p_ZZN4nnet24compute_output_buffer_2dINS_5arrayI8ap_fixedILi20ELi10EL9ap_q_mode5EL_222_reg_2772  |  20|   0|   20|          0|
    |ap_phi_reg_pp0_iter1_p_ZZN4nnet24compute_output_buffer_2dINS_5arrayI8ap_fixedILi20ELi10EL9ap_q_mode5EL_223_reg_2784  |  20|   0|   20|          0|
    |ap_phi_reg_pp0_iter1_p_ZZN4nnet24compute_output_buffer_2dINS_5arrayI8ap_fixedILi20ELi10EL9ap_q_mode5EL_224_reg_2796  |  20|   0|   20|          0|
    |ap_phi_reg_pp0_iter1_p_ZZN4nnet24compute_output_buffer_2dINS_5arrayI8ap_fixedILi20ELi10EL9ap_q_mode5EL_225_reg_2808  |  20|   0|   20|          0|
    |ap_phi_reg_pp0_iter1_p_ZZN4nnet24compute_output_buffer_2dINS_5arrayI8ap_fixedILi20ELi10EL9ap_q_mode5EL_226_reg_2820  |  20|   0|   20|          0|
    |ap_phi_reg_pp0_iter1_p_ZZN4nnet24compute_output_buffer_2dINS_5arrayI8ap_fixedILi20ELi10EL9ap_q_mode5EL_227_reg_2832  |  20|   0|   20|          0|
    |ap_phi_reg_pp0_iter1_p_ZZN4nnet24compute_output_buffer_2dINS_5arrayI8ap_fixedILi20ELi10EL9ap_q_mode5EL_228_reg_2844  |  20|   0|   20|          0|
    |ap_phi_reg_pp0_iter1_p_ZZN4nnet24compute_output_buffer_2dINS_5arrayI8ap_fixedILi20ELi10EL9ap_q_mode5EL_229_reg_2856  |  20|   0|   20|          0|
    |ap_phi_reg_pp0_iter1_p_ZZN4nnet24compute_output_buffer_2dINS_5arrayI8ap_fixedILi20ELi10EL9ap_q_mode5EL_230_reg_2868  |  20|   0|   20|          0|
    |ap_phi_reg_pp0_iter1_p_ZZN4nnet24compute_output_buffer_2dINS_5arrayI8ap_fixedILi20ELi10EL9ap_q_mode5EL_231_reg_2880  |  20|   0|   20|          0|
    |ap_phi_reg_pp0_iter1_p_ZZN4nnet24compute_output_buffer_2dINS_5arrayI8ap_fixedILi20ELi10EL9ap_q_mode5EL_232_reg_2892  |  20|   0|   20|          0|
    |ap_phi_reg_pp0_iter1_p_ZZN4nnet24compute_output_buffer_2dINS_5arrayI8ap_fixedILi20ELi10EL9ap_q_mode5EL_233_reg_2904  |  20|   0|   20|          0|
    |ap_phi_reg_pp0_iter1_p_ZZN4nnet24compute_output_buffer_2dINS_5arrayI8ap_fixedILi20ELi10EL9ap_q_mode5EL_234_reg_2916  |  20|   0|   20|          0|
    |ap_phi_reg_pp0_iter1_p_ZZN4nnet24compute_output_buffer_2dINS_5arrayI8ap_fixedILi20ELi10EL9ap_q_mode5EL_235_reg_2928  |  20|   0|   20|          0|
    |ap_phi_reg_pp0_iter1_p_ZZN4nnet24compute_output_buffer_2dINS_5arrayI8ap_fixedILi20ELi10EL9ap_q_mode5EL_236_reg_2940  |  20|   0|   20|          0|
    |ap_phi_reg_pp0_iter1_p_ZZN4nnet24compute_output_buffer_2dINS_5arrayI8ap_fixedILi20ELi10EL9ap_q_mode5EL_237_reg_2952  |  20|   0|   20|          0|
    |ap_phi_reg_pp0_iter1_p_ZZN4nnet24compute_output_buffer_2dINS_5arrayI8ap_fixedILi20ELi10EL9ap_q_mode5EL_238_reg_2964  |  20|   0|   20|          0|
    |ap_phi_reg_pp0_iter1_p_ZZN4nnet24compute_output_buffer_2dINS_5arrayI8ap_fixedILi20ELi10EL9ap_q_mode5EL_239_reg_2976  |  20|   0|   20|          0|
    |ap_phi_reg_pp0_iter1_p_ZZN4nnet24compute_output_buffer_2dINS_5arrayI8ap_fixedILi20ELi10EL9ap_q_mode5EL_240_reg_2988  |  20|   0|   20|          0|
    |ap_phi_reg_pp0_iter1_p_ZZN4nnet24compute_output_buffer_2dINS_5arrayI8ap_fixedILi20ELi10EL9ap_q_mode5EL_241_reg_3000  |  20|   0|   20|          0|
    |ap_phi_reg_pp0_iter1_p_ZZN4nnet24compute_output_buffer_2dINS_5arrayI8ap_fixedILi20ELi10EL9ap_q_mode5EL_242_reg_3012  |  20|   0|   20|          0|
    |ap_phi_reg_pp0_iter1_p_ZZN4nnet24compute_output_buffer_2dINS_5arrayI8ap_fixedILi20ELi10EL9ap_q_mode5EL_243_reg_3024  |  20|   0|   20|          0|
    |ap_phi_reg_pp0_iter1_p_ZZN4nnet24compute_output_buffer_2dINS_5arrayI8ap_fixedILi20ELi10EL9ap_q_mode5EL_244_reg_3036  |  20|   0|   20|          0|
    |ap_phi_reg_pp0_iter1_p_ZZN4nnet24compute_output_buffer_2dINS_5arrayI8ap_fixedILi20ELi10EL9ap_q_mode5EL_245_reg_3048  |  20|   0|   20|          0|
    |ap_phi_reg_pp0_iter1_p_ZZN4nnet24compute_output_buffer_2dINS_5arrayI8ap_fixedILi20ELi10EL9ap_q_mode5EL_246_reg_3060  |  20|   0|   20|          0|
    |ap_phi_reg_pp0_iter1_p_ZZN4nnet24compute_output_buffer_2dINS_5arrayI8ap_fixedILi20ELi10EL9ap_q_mode5EL_247_reg_3072  |  20|   0|   20|          0|
    |ap_phi_reg_pp0_iter1_p_ZZN4nnet24compute_output_buffer_2dINS_5arrayI8ap_fixedILi20ELi10EL9ap_q_mode5EL_248_reg_3084  |  20|   0|   20|          0|
    |ap_phi_reg_pp0_iter1_p_ZZN4nnet24compute_output_buffer_2dINS_5arrayI8ap_fixedILi20ELi10EL9ap_q_mode5EL_249_reg_3096  |  20|   0|   20|          0|
    |ap_phi_reg_pp0_iter1_p_ZZN4nnet24compute_output_buffer_2dINS_5arrayI8ap_fixedILi20ELi10EL9ap_q_mode5EL_250_reg_3108  |  20|   0|   20|          0|
    |ap_phi_reg_pp0_iter1_p_ZZN4nnet24compute_output_buffer_2dINS_5arrayI8ap_fixedILi20ELi10EL9ap_q_mode5EL_251_reg_3120  |  20|   0|   20|          0|
    |ap_phi_reg_pp0_iter1_p_ZZN4nnet24compute_output_buffer_2dINS_5arrayI8ap_fixedILi20ELi10EL9ap_q_mode5EL_252_reg_3132  |  20|   0|   20|          0|
    |ap_phi_reg_pp0_iter1_p_ZZN4nnet24compute_output_buffer_2dINS_5arrayI8ap_fixedILi20ELi10EL9ap_q_mode5EL_253_reg_3144  |  20|   0|   20|          0|
    |ap_phi_reg_pp0_iter1_p_ZZN4nnet24compute_output_buffer_2dINS_5arrayI8ap_fixedILi20ELi10EL9ap_q_mode5EL_254_reg_3156  |  20|   0|   20|          0|
    |ap_phi_reg_pp0_iter1_p_ZZN4nnet24compute_output_buffer_2dINS_5arrayI8ap_fixedILi20ELi10EL9ap_q_mode5EL_255_reg_3168  |  20|   0|   20|          0|
    |ap_phi_reg_pp0_iter1_p_ZZN4nnet24compute_output_buffer_2dINS_5arrayI8ap_fixedILi20ELi10EL9ap_q_mode5EL_256_reg_3180  |  20|   0|   20|          0|
    |ap_phi_reg_pp0_iter1_p_ZZN4nnet24compute_output_buffer_2dINS_5arrayI8ap_fixedILi20ELi10EL9ap_q_mode5EL_257_reg_3192  |  20|   0|   20|          0|
    |ap_phi_reg_pp0_iter1_p_ZZN4nnet24compute_output_buffer_2dINS_5arrayI8ap_fixedILi20ELi10EL9ap_q_mode5EL_258_reg_3204  |  20|   0|   20|          0|
    |ap_phi_reg_pp0_iter1_p_ZZN4nnet24compute_output_buffer_2dINS_5arrayI8ap_fixedILi20ELi10EL9ap_q_mode5EL_259_reg_3216  |  20|   0|   20|          0|
    |ap_phi_reg_pp0_iter1_p_ZZN4nnet24compute_output_buffer_2dINS_5arrayI8ap_fixedILi20ELi10EL9ap_q_mode5EL_260_reg_3228  |  20|   0|   20|          0|
    |ap_phi_reg_pp0_iter1_p_ZZN4nnet24compute_output_buffer_2dINS_5arrayI8ap_fixedILi20ELi10EL9ap_q_mode5EL_261_reg_3240  |  20|   0|   20|          0|
    |ap_phi_reg_pp0_iter1_p_ZZN4nnet24compute_output_buffer_2dINS_5arrayI8ap_fixedILi20ELi10EL9ap_q_mode5EL_262_reg_3252  |  20|   0|   20|          0|
    |ap_phi_reg_pp0_iter1_p_ZZN4nnet24compute_output_buffer_2dINS_5arrayI8ap_fixedILi20ELi10EL9ap_q_mode5EL_263_reg_3264  |  20|   0|   20|          0|
    |ap_phi_reg_pp0_iter1_p_ZZN4nnet24compute_output_buffer_2dINS_5arrayI8ap_fixedILi20ELi10EL9ap_q_mode5EL_264_reg_3276  |  20|   0|   20|          0|
    |ap_phi_reg_pp0_iter1_p_ZZN4nnet24compute_output_buffer_2dINS_5arrayI8ap_fixedILi20ELi10EL9ap_q_mode5EL_265_reg_3288  |  20|   0|   20|          0|
    |ap_phi_reg_pp0_iter1_p_ZZN4nnet24compute_output_buffer_2dINS_5arrayI8ap_fixedILi20ELi10EL9ap_q_mode5EL_266_reg_3300  |  20|   0|   20|          0|
    |ap_phi_reg_pp0_iter1_p_ZZN4nnet24compute_output_buffer_2dINS_5arrayI8ap_fixedILi20ELi10EL9ap_q_mode5EL_267_reg_3312  |  20|   0|   20|          0|
    |ap_phi_reg_pp0_iter1_void_compute_output_buffer_2d_array_const_ap_shift_reg_n_chan_stream_weig_25_reg_3324           |  20|   0|   20|          0|
    |ap_phi_reg_pp0_iter1_void_compute_output_buffer_2d_array_const_ap_shift_reg_n_chan_stream_weig_26_reg_3336           |  20|   0|   20|          0|
    |ap_phi_reg_pp0_iter1_void_compute_output_buffer_2d_array_const_ap_shift_reg_n_chan_stream_weig_27_reg_3348           |  20|   0|   20|          0|
    |ap_phi_reg_pp0_iter1_void_compute_output_buffer_2d_array_const_ap_shift_reg_n_chan_stream_weig_28_reg_3360           |  20|   0|   20|          0|
    |ap_phi_reg_pp0_iter1_void_compute_output_buffer_2d_array_const_ap_shift_reg_n_chan_stream_weig_29_reg_3372           |  20|   0|   20|          0|
    |ap_phi_reg_pp0_iter1_void_compute_output_buffer_2d_array_const_ap_shift_reg_n_chan_stream_weig_30_reg_3384           |  20|   0|   20|          0|
    |ap_phi_reg_pp0_iter1_void_compute_output_buffer_2d_array_const_ap_shift_reg_n_chan_stream_weig_31_reg_3396           |  20|   0|   20|          0|
    |ap_phi_reg_pp0_iter1_void_compute_output_buffer_2d_array_const_ap_shift_reg_n_chan_stream_weig_32_reg_3408           |  20|   0|   20|          0|
    |ap_phi_reg_pp0_iter1_void_compute_output_buffer_2d_array_const_ap_shift_reg_n_chan_stream_weig_33_reg_3420           |  20|   0|   20|          0|
    |ap_phi_reg_pp0_iter1_void_compute_output_buffer_2d_array_const_ap_shift_reg_n_chan_stream_weig_34_reg_3432           |  20|   0|   20|          0|
    |ap_return_0_preg                                                                                                     |  18|   0|   18|          0|
    |ap_return_10_preg                                                                                                    |  18|   0|   18|          0|
    |ap_return_11_preg                                                                                                    |  18|   0|   18|          0|
    |ap_return_12_preg                                                                                                    |  18|   0|   18|          0|
    |ap_return_13_preg                                                                                                    |  18|   0|   18|          0|
    |ap_return_14_preg                                                                                                    |  18|   0|   18|          0|
    |ap_return_15_preg                                                                                                    |  18|   0|   18|          0|
    |ap_return_16_preg                                                                                                    |  18|   0|   18|          0|
    |ap_return_17_preg                                                                                                    |  18|   0|   18|          0|
    |ap_return_1_preg                                                                                                     |  18|   0|   18|          0|
    |ap_return_2_preg                                                                                                     |  18|   0|   18|          0|
    |ap_return_3_preg                                                                                                     |  18|   0|   18|          0|
    |ap_return_4_preg                                                                                                     |  18|   0|   18|          0|
    |ap_return_5_preg                                                                                                     |  18|   0|   18|          0|
    |ap_return_6_preg                                                                                                     |  18|   0|   18|          0|
    |ap_return_7_preg                                                                                                     |  18|   0|   18|          0|
    |ap_return_8_preg                                                                                                     |  18|   0|   18|          0|
    |ap_return_9_preg                                                                                                     |  18|   0|   18|          0|
    |do_init_reg_594                                                                                                      |   1|   0|    1|          0|
    |icmp_ln135_reg_7798                                                                                                  |   1|   0|    1|          0|
    |icmp_ln135_reg_7798_pp0_iter1_reg                                                                                    |   1|   0|    1|          0|
    |in_index46_reg_2134                                                                                                  |  32|   0|   32|          0|
    |in_index_reg_7813                                                                                                    |  32|   0|   32|          0|
    |out_index_reg_7802                                                                                                   |   5|   0|    5|          0|
    |p_ZZN4nnet24compute_output_buffer_2dINS_5arrayI8ap_fixedILi20ELi10EL9ap_q_mode5EL_170_reg_2148                       |  20|   0|   20|          0|
    |p_ZZN4nnet24compute_output_buffer_2dINS_5arrayI8ap_fixedILi20ELi10EL9ap_q_mode5EL_171_reg_2160                       |  20|   0|   20|          0|
    |p_ZZN4nnet24compute_output_buffer_2dINS_5arrayI8ap_fixedILi20ELi10EL9ap_q_mode5EL_172_reg_2172                       |  20|   0|   20|          0|
    |p_ZZN4nnet24compute_output_buffer_2dINS_5arrayI8ap_fixedILi20ELi10EL9ap_q_mode5EL_173_reg_2184                       |  20|   0|   20|          0|
    |p_ZZN4nnet24compute_output_buffer_2dINS_5arrayI8ap_fixedILi20ELi10EL9ap_q_mode5EL_174_reg_2196                       |  20|   0|   20|          0|
    |p_ZZN4nnet24compute_output_buffer_2dINS_5arrayI8ap_fixedILi20ELi10EL9ap_q_mode5EL_175_reg_2208                       |  20|   0|   20|          0|
    |p_ZZN4nnet24compute_output_buffer_2dINS_5arrayI8ap_fixedILi20ELi10EL9ap_q_mode5EL_176_reg_2220                       |  20|   0|   20|          0|
    |p_ZZN4nnet24compute_output_buffer_2dINS_5arrayI8ap_fixedILi20ELi10EL9ap_q_mode5EL_177_reg_2232                       |  20|   0|   20|          0|
    |p_ZZN4nnet24compute_output_buffer_2dINS_5arrayI8ap_fixedILi20ELi10EL9ap_q_mode5EL_178_reg_2244                       |  20|   0|   20|          0|
    |p_ZZN4nnet24compute_output_buffer_2dINS_5arrayI8ap_fixedILi20ELi10EL9ap_q_mode5EL_179_reg_2256                       |  20|   0|   20|          0|
    |p_ZZN4nnet24compute_output_buffer_2dINS_5arrayI8ap_fixedILi20ELi10EL9ap_q_mode5EL_180_reg_2268                       |  20|   0|   20|          0|
    |p_ZZN4nnet24compute_output_buffer_2dINS_5arrayI8ap_fixedILi20ELi10EL9ap_q_mode5EL_181_reg_2280                       |  20|   0|   20|          0|
    |p_ZZN4nnet24compute_output_buffer_2dINS_5arrayI8ap_fixedILi20ELi10EL9ap_q_mode5EL_182_reg_2292                       |  20|   0|   20|          0|
    |p_ZZN4nnet24compute_output_buffer_2dINS_5arrayI8ap_fixedILi20ELi10EL9ap_q_mode5EL_183_reg_2304                       |  20|   0|   20|          0|
    |p_ZZN4nnet24compute_output_buffer_2dINS_5arrayI8ap_fixedILi20ELi10EL9ap_q_mode5EL_184_reg_2316                       |  20|   0|   20|          0|
    |p_ZZN4nnet24compute_output_buffer_2dINS_5arrayI8ap_fixedILi20ELi10EL9ap_q_mode5EL_185_reg_2328                       |  20|   0|   20|          0|
    |p_ZZN4nnet24compute_output_buffer_2dINS_5arrayI8ap_fixedILi20ELi10EL9ap_q_mode5EL_186_reg_2340                       |  20|   0|   20|          0|
    |p_ZZN4nnet24compute_output_buffer_2dINS_5arrayI8ap_fixedILi20ELi10EL9ap_q_mode5EL_187_reg_2352                       |  20|   0|   20|          0|
    |p_ZZN4nnet24compute_output_buffer_2dINS_5arrayI8ap_fixedILi20ELi10EL9ap_q_mode5EL_188_reg_2364                       |  20|   0|   20|          0|
    |p_ZZN4nnet24compute_output_buffer_2dINS_5arrayI8ap_fixedILi20ELi10EL9ap_q_mode5EL_189_reg_2376                       |  20|   0|   20|          0|
    |p_ZZN4nnet24compute_output_buffer_2dINS_5arrayI8ap_fixedILi20ELi10EL9ap_q_mode5EL_190_reg_2388                       |  20|   0|   20|          0|
    |p_ZZN4nnet24compute_output_buffer_2dINS_5arrayI8ap_fixedILi20ELi10EL9ap_q_mode5EL_191_reg_2400                       |  20|   0|   20|          0|
    |p_ZZN4nnet24compute_output_buffer_2dINS_5arrayI8ap_fixedILi20ELi10EL9ap_q_mode5EL_192_reg_2412                       |  20|   0|   20|          0|
    |p_ZZN4nnet24compute_output_buffer_2dINS_5arrayI8ap_fixedILi20ELi10EL9ap_q_mode5EL_193_reg_2424                       |  20|   0|   20|          0|
    |p_ZZN4nnet24compute_output_buffer_2dINS_5arrayI8ap_fixedILi20ELi10EL9ap_q_mode5EL_194_reg_2436                       |  20|   0|   20|          0|
    |p_ZZN4nnet24compute_output_buffer_2dINS_5arrayI8ap_fixedILi20ELi10EL9ap_q_mode5EL_195_reg_2448                       |  20|   0|   20|          0|
    |p_ZZN4nnet24compute_output_buffer_2dINS_5arrayI8ap_fixedILi20ELi10EL9ap_q_mode5EL_196_reg_2460                       |  20|   0|   20|          0|
    |p_ZZN4nnet24compute_output_buffer_2dINS_5arrayI8ap_fixedILi20ELi10EL9ap_q_mode5EL_197_reg_2472                       |  20|   0|   20|          0|
    |p_ZZN4nnet24compute_output_buffer_2dINS_5arrayI8ap_fixedILi20ELi10EL9ap_q_mode5EL_198_reg_2484                       |  20|   0|   20|          0|
    |p_ZZN4nnet24compute_output_buffer_2dINS_5arrayI8ap_fixedILi20ELi10EL9ap_q_mode5EL_199_reg_2496                       |  20|   0|   20|          0|
    |p_ZZN4nnet24compute_output_buffer_2dINS_5arrayI8ap_fixedILi20ELi10EL9ap_q_mode5EL_200_reg_2508                       |  20|   0|   20|          0|
    |p_ZZN4nnet24compute_output_buffer_2dINS_5arrayI8ap_fixedILi20ELi10EL9ap_q_mode5EL_201_reg_2520                       |  20|   0|   20|          0|
    |p_ZZN4nnet24compute_output_buffer_2dINS_5arrayI8ap_fixedILi20ELi10EL9ap_q_mode5EL_202_reg_2532                       |  20|   0|   20|          0|
    |p_ZZN4nnet24compute_output_buffer_2dINS_5arrayI8ap_fixedILi20ELi10EL9ap_q_mode5EL_203_reg_2544                       |  20|   0|   20|          0|
    |p_ZZN4nnet24compute_output_buffer_2dINS_5arrayI8ap_fixedILi20ELi10EL9ap_q_mode5EL_204_reg_2556                       |  20|   0|   20|          0|
    |p_ZZN4nnet24compute_output_buffer_2dINS_5arrayI8ap_fixedILi20ELi10EL9ap_q_mode5EL_205_reg_2568                       |  20|   0|   20|          0|
    |p_ZZN4nnet24compute_output_buffer_2dINS_5arrayI8ap_fixedILi20ELi10EL9ap_q_mode5EL_206_reg_2580                       |  20|   0|   20|          0|
    |p_ZZN4nnet24compute_output_buffer_2dINS_5arrayI8ap_fixedILi20ELi10EL9ap_q_mode5EL_207_reg_2592                       |  20|   0|   20|          0|
    |p_ZZN4nnet24compute_output_buffer_2dINS_5arrayI8ap_fixedILi20ELi10EL9ap_q_mode5EL_208_reg_2604                       |  20|   0|   20|          0|
    |p_ZZN4nnet24compute_output_buffer_2dINS_5arrayI8ap_fixedILi20ELi10EL9ap_q_mode5EL_209_reg_2616                       |  20|   0|   20|          0|
    |p_ZZN4nnet24compute_output_buffer_2dINS_5arrayI8ap_fixedILi20ELi10EL9ap_q_mode5EL_210_reg_2628                       |  20|   0|   20|          0|
    |p_ZZN4nnet24compute_output_buffer_2dINS_5arrayI8ap_fixedILi20ELi10EL9ap_q_mode5EL_211_reg_2640                       |  20|   0|   20|          0|
    |p_ZZN4nnet24compute_output_buffer_2dINS_5arrayI8ap_fixedILi20ELi10EL9ap_q_mode5EL_212_reg_2652                       |  20|   0|   20|          0|
    |p_ZZN4nnet24compute_output_buffer_2dINS_5arrayI8ap_fixedILi20ELi10EL9ap_q_mode5EL_213_reg_2664                       |  20|   0|   20|          0|
    |p_ZZN4nnet24compute_output_buffer_2dINS_5arrayI8ap_fixedILi20ELi10EL9ap_q_mode5EL_214_reg_2676                       |  20|   0|   20|          0|
    |p_ZZN4nnet24compute_output_buffer_2dINS_5arrayI8ap_fixedILi20ELi10EL9ap_q_mode5EL_215_reg_2688                       |  20|   0|   20|          0|
    |p_ZZN4nnet24compute_output_buffer_2dINS_5arrayI8ap_fixedILi20ELi10EL9ap_q_mode5EL_216_reg_2700                       |  20|   0|   20|          0|
    |p_ZZN4nnet24compute_output_buffer_2dINS_5arrayI8ap_fixedILi20ELi10EL9ap_q_mode5EL_217_reg_2712                       |  20|   0|   20|          0|
    |p_ZZN4nnet24compute_output_buffer_2dINS_5arrayI8ap_fixedILi20ELi10EL9ap_q_mode5EL_218_reg_2724                       |  20|   0|   20|          0|
    |p_ZZN4nnet24compute_output_buffer_2dINS_5arrayI8ap_fixedILi20ELi10EL9ap_q_mode5EL_219_reg_2736                       |  20|   0|   20|          0|
    |p_ZZN4nnet24compute_output_buffer_2dINS_5arrayI8ap_fixedILi20ELi10EL9ap_q_mode5EL_220_reg_2748                       |  20|   0|   20|          0|
    |p_ZZN4nnet24compute_output_buffer_2dINS_5arrayI8ap_fixedILi20ELi10EL9ap_q_mode5EL_221_reg_2760                       |  20|   0|   20|          0|
    |p_ZZN4nnet24compute_output_buffer_2dINS_5arrayI8ap_fixedILi20ELi10EL9ap_q_mode5EL_222_reg_2772                       |  20|   0|   20|          0|
    |p_ZZN4nnet24compute_output_buffer_2dINS_5arrayI8ap_fixedILi20ELi10EL9ap_q_mode5EL_223_reg_2784                       |  20|   0|   20|          0|
    |p_ZZN4nnet24compute_output_buffer_2dINS_5arrayI8ap_fixedILi20ELi10EL9ap_q_mode5EL_224_reg_2796                       |  20|   0|   20|          0|
    |p_ZZN4nnet24compute_output_buffer_2dINS_5arrayI8ap_fixedILi20ELi10EL9ap_q_mode5EL_225_reg_2808                       |  20|   0|   20|          0|
    |p_ZZN4nnet24compute_output_buffer_2dINS_5arrayI8ap_fixedILi20ELi10EL9ap_q_mode5EL_226_reg_2820                       |  20|   0|   20|          0|
    |p_ZZN4nnet24compute_output_buffer_2dINS_5arrayI8ap_fixedILi20ELi10EL9ap_q_mode5EL_227_reg_2832                       |  20|   0|   20|          0|
    |p_ZZN4nnet24compute_output_buffer_2dINS_5arrayI8ap_fixedILi20ELi10EL9ap_q_mode5EL_228_reg_2844                       |  20|   0|   20|          0|
    |p_ZZN4nnet24compute_output_buffer_2dINS_5arrayI8ap_fixedILi20ELi10EL9ap_q_mode5EL_229_reg_2856                       |  20|   0|   20|          0|
    |p_ZZN4nnet24compute_output_buffer_2dINS_5arrayI8ap_fixedILi20ELi10EL9ap_q_mode5EL_230_reg_2868                       |  20|   0|   20|          0|
    |p_ZZN4nnet24compute_output_buffer_2dINS_5arrayI8ap_fixedILi20ELi10EL9ap_q_mode5EL_231_reg_2880                       |  20|   0|   20|          0|
    |p_ZZN4nnet24compute_output_buffer_2dINS_5arrayI8ap_fixedILi20ELi10EL9ap_q_mode5EL_232_reg_2892                       |  20|   0|   20|          0|
    |p_ZZN4nnet24compute_output_buffer_2dINS_5arrayI8ap_fixedILi20ELi10EL9ap_q_mode5EL_233_reg_2904                       |  20|   0|   20|          0|
    |p_ZZN4nnet24compute_output_buffer_2dINS_5arrayI8ap_fixedILi20ELi10EL9ap_q_mode5EL_234_reg_2916                       |  20|   0|   20|          0|
    |p_ZZN4nnet24compute_output_buffer_2dINS_5arrayI8ap_fixedILi20ELi10EL9ap_q_mode5EL_235_reg_2928                       |  20|   0|   20|          0|
    |p_ZZN4nnet24compute_output_buffer_2dINS_5arrayI8ap_fixedILi20ELi10EL9ap_q_mode5EL_236_reg_2940                       |  20|   0|   20|          0|
    |p_ZZN4nnet24compute_output_buffer_2dINS_5arrayI8ap_fixedILi20ELi10EL9ap_q_mode5EL_237_reg_2952                       |  20|   0|   20|          0|
    |p_ZZN4nnet24compute_output_buffer_2dINS_5arrayI8ap_fixedILi20ELi10EL9ap_q_mode5EL_238_reg_2964                       |  20|   0|   20|          0|
    |p_ZZN4nnet24compute_output_buffer_2dINS_5arrayI8ap_fixedILi20ELi10EL9ap_q_mode5EL_239_reg_2976                       |  20|   0|   20|          0|
    |p_ZZN4nnet24compute_output_buffer_2dINS_5arrayI8ap_fixedILi20ELi10EL9ap_q_mode5EL_240_reg_2988                       |  20|   0|   20|          0|
    |p_ZZN4nnet24compute_output_buffer_2dINS_5arrayI8ap_fixedILi20ELi10EL9ap_q_mode5EL_241_reg_3000                       |  20|   0|   20|          0|
    |p_ZZN4nnet24compute_output_buffer_2dINS_5arrayI8ap_fixedILi20ELi10EL9ap_q_mode5EL_242_reg_3012                       |  20|   0|   20|          0|
    |p_ZZN4nnet24compute_output_buffer_2dINS_5arrayI8ap_fixedILi20ELi10EL9ap_q_mode5EL_243_reg_3024                       |  20|   0|   20|          0|
    |p_ZZN4nnet24compute_output_buffer_2dINS_5arrayI8ap_fixedILi20ELi10EL9ap_q_mode5EL_244_reg_3036                       |  20|   0|   20|          0|
    |p_ZZN4nnet24compute_output_buffer_2dINS_5arrayI8ap_fixedILi20ELi10EL9ap_q_mode5EL_245_reg_3048                       |  20|   0|   20|          0|
    |p_ZZN4nnet24compute_output_buffer_2dINS_5arrayI8ap_fixedILi20ELi10EL9ap_q_mode5EL_246_reg_3060                       |  20|   0|   20|          0|
    |p_ZZN4nnet24compute_output_buffer_2dINS_5arrayI8ap_fixedILi20ELi10EL9ap_q_mode5EL_247_reg_3072                       |  20|   0|   20|          0|
    |p_ZZN4nnet24compute_output_buffer_2dINS_5arrayI8ap_fixedILi20ELi10EL9ap_q_mode5EL_248_reg_3084                       |  20|   0|   20|          0|
    |p_ZZN4nnet24compute_output_buffer_2dINS_5arrayI8ap_fixedILi20ELi10EL9ap_q_mode5EL_249_reg_3096                       |  20|   0|   20|          0|
    |p_ZZN4nnet24compute_output_buffer_2dINS_5arrayI8ap_fixedILi20ELi10EL9ap_q_mode5EL_250_reg_3108                       |  20|   0|   20|          0|
    |p_ZZN4nnet24compute_output_buffer_2dINS_5arrayI8ap_fixedILi20ELi10EL9ap_q_mode5EL_251_reg_3120                       |  20|   0|   20|          0|
    |p_ZZN4nnet24compute_output_buffer_2dINS_5arrayI8ap_fixedILi20ELi10EL9ap_q_mode5EL_252_reg_3132                       |  20|   0|   20|          0|
    |p_ZZN4nnet24compute_output_buffer_2dINS_5arrayI8ap_fixedILi20ELi10EL9ap_q_mode5EL_253_reg_3144                       |  20|   0|   20|          0|
    |p_ZZN4nnet24compute_output_buffer_2dINS_5arrayI8ap_fixedILi20ELi10EL9ap_q_mode5EL_254_reg_3156                       |  20|   0|   20|          0|
    |p_ZZN4nnet24compute_output_buffer_2dINS_5arrayI8ap_fixedILi20ELi10EL9ap_q_mode5EL_255_reg_3168                       |  20|   0|   20|          0|
    |p_ZZN4nnet24compute_output_buffer_2dINS_5arrayI8ap_fixedILi20ELi10EL9ap_q_mode5EL_256_reg_3180                       |  20|   0|   20|          0|
    |p_ZZN4nnet24compute_output_buffer_2dINS_5arrayI8ap_fixedILi20ELi10EL9ap_q_mode5EL_257_reg_3192                       |  20|   0|   20|          0|
    |p_ZZN4nnet24compute_output_buffer_2dINS_5arrayI8ap_fixedILi20ELi10EL9ap_q_mode5EL_258_reg_3204                       |  20|   0|   20|          0|
    |p_ZZN4nnet24compute_output_buffer_2dINS_5arrayI8ap_fixedILi20ELi10EL9ap_q_mode5EL_259_reg_3216                       |  20|   0|   20|          0|
    |p_ZZN4nnet24compute_output_buffer_2dINS_5arrayI8ap_fixedILi20ELi10EL9ap_q_mode5EL_260_reg_3228                       |  20|   0|   20|          0|
    |p_ZZN4nnet24compute_output_buffer_2dINS_5arrayI8ap_fixedILi20ELi10EL9ap_q_mode5EL_261_reg_3240                       |  20|   0|   20|          0|
    |p_ZZN4nnet24compute_output_buffer_2dINS_5arrayI8ap_fixedILi20ELi10EL9ap_q_mode5EL_262_reg_3252                       |  20|   0|   20|          0|
    |p_ZZN4nnet24compute_output_buffer_2dINS_5arrayI8ap_fixedILi20ELi10EL9ap_q_mode5EL_263_reg_3264                       |  20|   0|   20|          0|
    |p_ZZN4nnet24compute_output_buffer_2dINS_5arrayI8ap_fixedILi20ELi10EL9ap_q_mode5EL_264_reg_3276                       |  20|   0|   20|          0|
    |p_ZZN4nnet24compute_output_buffer_2dINS_5arrayI8ap_fixedILi20ELi10EL9ap_q_mode5EL_265_reg_3288                       |  20|   0|   20|          0|
    |p_ZZN4nnet24compute_output_buffer_2dINS_5arrayI8ap_fixedILi20ELi10EL9ap_q_mode5EL_266_reg_3300                       |  20|   0|   20|          0|
    |p_ZZN4nnet24compute_output_buffer_2dINS_5arrayI8ap_fixedILi20ELi10EL9ap_q_mode5EL_267_reg_3312                       |  20|   0|   20|          0|
    |trunc_ln5_reg_7807                                                                                                   |  26|   0|   26|          0|
    |void_compute_output_buffer_2d_array_const_ap_shift_reg_n_chan_stream_weig_25_reg_3324                                |  20|   0|   20|          0|
    |void_compute_output_buffer_2d_array_const_ap_shift_reg_n_chan_stream_weig_26_reg_3336                                |  20|   0|   20|          0|
    |void_compute_output_buffer_2d_array_const_ap_shift_reg_n_chan_stream_weig_27_reg_3348                                |  20|   0|   20|          0|
    |void_compute_output_buffer_2d_array_const_ap_shift_reg_n_chan_stream_weig_28_reg_3360                                |  20|   0|   20|          0|
    |void_compute_output_buffer_2d_array_const_ap_shift_reg_n_chan_stream_weig_29_reg_3372                                |  20|   0|   20|          0|
    |void_compute_output_buffer_2d_array_const_ap_shift_reg_n_chan_stream_weig_30_reg_3384                                |  20|   0|   20|          0|
    |void_compute_output_buffer_2d_array_const_ap_shift_reg_n_chan_stream_weig_31_reg_3396                                |  20|   0|   20|          0|
    |void_compute_output_buffer_2d_array_const_ap_shift_reg_n_chan_stream_weig_32_reg_3408                                |  20|   0|   20|          0|
    |void_compute_output_buffer_2d_array_const_ap_shift_reg_n_chan_stream_weig_33_reg_3420                                |  20|   0|   20|          0|
    |void_compute_output_buffer_2d_array_const_ap_shift_reg_n_chan_stream_weig_34_reg_3432                                |  20|   0|   20|          0|
    |w_index45_reg_609                                                                                                    |  11|   0|   11|          0|
    |w_index_reg_7793                                                                                                     |  11|   0|   11|          0|
    +---------------------------------------------------------------------------------------------------------------------+----+----+-----+-----------+
    |Total                                                                                                                |5240|   0| 5240|          0|
    +---------------------------------------------------------------------------------------------------------------------+----+----+-----+-----------+



================================================================
== Interface
================================================================
* Summary: 
+--------------------------------------------------------------------------------------+-----+-----+------------+--------------------------------------------------------------------------------------+--------------+
|                                       RTL Ports                                      | Dir | Bits|  Protocol  |                                     Source Object                                    |    C Type    |
+--------------------------------------------------------------------------------------+-----+-----+------------+--------------------------------------------------------------------------------------+--------------+
|ap_clk                                                                                |   in|    1|  ap_ctrl_hs|             dense_resource_rf_gt_nin_rem0<ap_fixed,ap_fixed<18,8,5,3,0>,config6_mult>|  return value|
|ap_rst                                                                                |   in|    1|  ap_ctrl_hs|             dense_resource_rf_gt_nin_rem0<ap_fixed,ap_fixed<18,8,5,3,0>,config6_mult>|  return value|
|ap_start                                                                              |   in|    1|  ap_ctrl_hs|             dense_resource_rf_gt_nin_rem0<ap_fixed,ap_fixed<18,8,5,3,0>,config6_mult>|  return value|
|ap_done                                                                               |  out|    1|  ap_ctrl_hs|             dense_resource_rf_gt_nin_rem0<ap_fixed,ap_fixed<18,8,5,3,0>,config6_mult>|  return value|
|ap_idle                                                                               |  out|    1|  ap_ctrl_hs|             dense_resource_rf_gt_nin_rem0<ap_fixed,ap_fixed<18,8,5,3,0>,config6_mult>|  return value|
|ap_ready                                                                              |  out|    1|  ap_ctrl_hs|             dense_resource_rf_gt_nin_rem0<ap_fixed,ap_fixed<18,8,5,3,0>,config6_mult>|  return value|
|ap_return_0                                                                           |  out|   18|  ap_ctrl_hs|             dense_resource_rf_gt_nin_rem0<ap_fixed,ap_fixed<18,8,5,3,0>,config6_mult>|  return value|
|ap_return_1                                                                           |  out|   18|  ap_ctrl_hs|             dense_resource_rf_gt_nin_rem0<ap_fixed,ap_fixed<18,8,5,3,0>,config6_mult>|  return value|
|ap_return_2                                                                           |  out|   18|  ap_ctrl_hs|             dense_resource_rf_gt_nin_rem0<ap_fixed,ap_fixed<18,8,5,3,0>,config6_mult>|  return value|
|ap_return_3                                                                           |  out|   18|  ap_ctrl_hs|             dense_resource_rf_gt_nin_rem0<ap_fixed,ap_fixed<18,8,5,3,0>,config6_mult>|  return value|
|ap_return_4                                                                           |  out|   18|  ap_ctrl_hs|             dense_resource_rf_gt_nin_rem0<ap_fixed,ap_fixed<18,8,5,3,0>,config6_mult>|  return value|
|ap_return_5                                                                           |  out|   18|  ap_ctrl_hs|             dense_resource_rf_gt_nin_rem0<ap_fixed,ap_fixed<18,8,5,3,0>,config6_mult>|  return value|
|ap_return_6                                                                           |  out|   18|  ap_ctrl_hs|             dense_resource_rf_gt_nin_rem0<ap_fixed,ap_fixed<18,8,5,3,0>,config6_mult>|  return value|
|ap_return_7                                                                           |  out|   18|  ap_ctrl_hs|             dense_resource_rf_gt_nin_rem0<ap_fixed,ap_fixed<18,8,5,3,0>,config6_mult>|  return value|
|ap_return_8                                                                           |  out|   18|  ap_ctrl_hs|             dense_resource_rf_gt_nin_rem0<ap_fixed,ap_fixed<18,8,5,3,0>,config6_mult>|  return value|
|ap_return_9                                                                           |  out|   18|  ap_ctrl_hs|             dense_resource_rf_gt_nin_rem0<ap_fixed,ap_fixed<18,8,5,3,0>,config6_mult>|  return value|
|ap_return_10                                                                          |  out|   18|  ap_ctrl_hs|             dense_resource_rf_gt_nin_rem0<ap_fixed,ap_fixed<18,8,5,3,0>,config6_mult>|  return value|
|ap_return_11                                                                          |  out|   18|  ap_ctrl_hs|             dense_resource_rf_gt_nin_rem0<ap_fixed,ap_fixed<18,8,5,3,0>,config6_mult>|  return value|
|ap_return_12                                                                          |  out|   18|  ap_ctrl_hs|             dense_resource_rf_gt_nin_rem0<ap_fixed,ap_fixed<18,8,5,3,0>,config6_mult>|  return value|
|ap_return_13                                                                          |  out|   18|  ap_ctrl_hs|             dense_resource_rf_gt_nin_rem0<ap_fixed,ap_fixed<18,8,5,3,0>,config6_mult>|  return value|
|ap_return_14                                                                          |  out|   18|  ap_ctrl_hs|             dense_resource_rf_gt_nin_rem0<ap_fixed,ap_fixed<18,8,5,3,0>,config6_mult>|  return value|
|ap_return_15                                                                          |  out|   18|  ap_ctrl_hs|             dense_resource_rf_gt_nin_rem0<ap_fixed,ap_fixed<18,8,5,3,0>,config6_mult>|  return value|
|ap_return_16                                                                          |  out|   18|  ap_ctrl_hs|             dense_resource_rf_gt_nin_rem0<ap_fixed,ap_fixed<18,8,5,3,0>,config6_mult>|  return value|
|ap_return_17                                                                          |  out|   18|  ap_ctrl_hs|             dense_resource_rf_gt_nin_rem0<ap_fixed,ap_fixed<18,8,5,3,0>,config6_mult>|  return value|
|void_compute_output_buffer_2d_array_const_ap_shift_reg_n_chan_stream_weig_18          |   in|   20|     ap_none|          void_compute_output_buffer_2d_array_const_ap_shift_reg_n_chan_stream_weig_18|       pointer|
|void_compute_output_buffer_2d_array_const_ap_shift_reg_n_chan_stream_weig_17          |   in|   20|     ap_none|          void_compute_output_buffer_2d_array_const_ap_shift_reg_n_chan_stream_weig_17|       pointer|
|void_compute_output_buffer_2d_array_const_ap_shift_reg_n_chan_stream_weig_16          |   in|   20|     ap_none|          void_compute_output_buffer_2d_array_const_ap_shift_reg_n_chan_stream_weig_16|       pointer|
|void_compute_output_buffer_2d_array_const_ap_shift_reg_n_chan_stream_weig_15          |   in|   20|     ap_none|          void_compute_output_buffer_2d_array_const_ap_shift_reg_n_chan_stream_weig_15|       pointer|
|void_compute_output_buffer_2d_array_const_ap_shift_reg_n_chan_stream_weig_14          |   in|   20|     ap_none|          void_compute_output_buffer_2d_array_const_ap_shift_reg_n_chan_stream_weig_14|       pointer|
|void_compute_output_buffer_2d_array_const_ap_shift_reg_n_chan_stream_weig_13          |   in|   20|     ap_none|          void_compute_output_buffer_2d_array_const_ap_shift_reg_n_chan_stream_weig_13|       pointer|
|void_compute_output_buffer_2d_array_const_ap_shift_reg_n_chan_stream_weig_12          |   in|   20|     ap_none|          void_compute_output_buffer_2d_array_const_ap_shift_reg_n_chan_stream_weig_12|       pointer|
|void_compute_output_buffer_2d_array_const_ap_shift_reg_n_chan_stream_weig_11          |   in|   20|     ap_none|          void_compute_output_buffer_2d_array_const_ap_shift_reg_n_chan_stream_weig_11|       pointer|
|void_compute_output_buffer_2d_array_const_ap_shift_reg_n_chan_stream_weig_10          |   in|   20|     ap_none|          void_compute_output_buffer_2d_array_const_ap_shift_reg_n_chan_stream_weig_10|       pointer|
|void_compute_output_buffer_2d_array_const_ap_shift_reg_n_chan_stream_weig_9           |   in|   20|     ap_none|           void_compute_output_buffer_2d_array_const_ap_shift_reg_n_chan_stream_weig_9|       pointer|
|p_ZZN4nnet24compute_output_buffer_2dINS_5arrayI8ap_fixedILi20ELi10EL9ap_q_mode5EL_97  |   in|   20|     ap_none|  p_ZZN4nnet24compute_output_buffer_2dINS_5arrayI8ap_fixedILi20ELi10EL9ap_q_mode5EL_97|       pointer|
|p_ZZN4nnet24compute_output_buffer_2dINS_5arrayI8ap_fixedILi20ELi10EL9ap_q_mode5EL_88  |   in|   20|     ap_none|  p_ZZN4nnet24compute_output_buffer_2dINS_5arrayI8ap_fixedILi20ELi10EL9ap_q_mode5EL_88|       pointer|
|p_ZZN4nnet24compute_output_buffer_2dINS_5arrayI8ap_fixedILi20ELi10EL9ap_q_mode5EL_87  |   in|   20|     ap_none|  p_ZZN4nnet24compute_output_buffer_2dINS_5arrayI8ap_fixedILi20ELi10EL9ap_q_mode5EL_87|       pointer|
|p_ZZN4nnet24compute_output_buffer_2dINS_5arrayI8ap_fixedILi20ELi10EL9ap_q_mode5EL_86  |   in|   20|     ap_none|  p_ZZN4nnet24compute_output_buffer_2dINS_5arrayI8ap_fixedILi20ELi10EL9ap_q_mode5EL_86|       pointer|
|p_ZZN4nnet24compute_output_buffer_2dINS_5arrayI8ap_fixedILi20ELi10EL9ap_q_mode5EL_85  |   in|   20|     ap_none|  p_ZZN4nnet24compute_output_buffer_2dINS_5arrayI8ap_fixedILi20ELi10EL9ap_q_mode5EL_85|       pointer|
|p_ZZN4nnet24compute_output_buffer_2dINS_5arrayI8ap_fixedILi20ELi10EL9ap_q_mode5EL_84  |   in|   20|     ap_none|  p_ZZN4nnet24compute_output_buffer_2dINS_5arrayI8ap_fixedILi20ELi10EL9ap_q_mode5EL_84|       pointer|
|p_ZZN4nnet24compute_output_buffer_2dINS_5arrayI8ap_fixedILi20ELi10EL9ap_q_mode5EL_83  |   in|   20|     ap_none|  p_ZZN4nnet24compute_output_buffer_2dINS_5arrayI8ap_fixedILi20ELi10EL9ap_q_mode5EL_83|       pointer|
|p_ZZN4nnet24compute_output_buffer_2dINS_5arrayI8ap_fixedILi20ELi10EL9ap_q_mode5EL_82  |   in|   20|     ap_none|  p_ZZN4nnet24compute_output_buffer_2dINS_5arrayI8ap_fixedILi20ELi10EL9ap_q_mode5EL_82|       pointer|
|p_ZZN4nnet24compute_output_buffer_2dINS_5arrayI8ap_fixedILi20ELi10EL9ap_q_mode5EL_81  |   in|   20|     ap_none|  p_ZZN4nnet24compute_output_buffer_2dINS_5arrayI8ap_fixedILi20ELi10EL9ap_q_mode5EL_81|       pointer|
|p_ZZN4nnet24compute_output_buffer_2dINS_5arrayI8ap_fixedILi20ELi10EL9ap_q_mode5EL_80  |   in|   20|     ap_none|  p_ZZN4nnet24compute_output_buffer_2dINS_5arrayI8ap_fixedILi20ELi10EL9ap_q_mode5EL_80|       pointer|
|p_ZZN4nnet24compute_output_buffer_2dINS_5arrayI8ap_fixedILi20ELi10EL9ap_q_mode5EL_79  |   in|   20|     ap_none|  p_ZZN4nnet24compute_output_buffer_2dINS_5arrayI8ap_fixedILi20ELi10EL9ap_q_mode5EL_79|       pointer|
|p_ZZN4nnet24compute_output_buffer_2dINS_5arrayI8ap_fixedILi20ELi10EL9ap_q_mode5EL_78  |   in|   20|     ap_none|  p_ZZN4nnet24compute_output_buffer_2dINS_5arrayI8ap_fixedILi20ELi10EL9ap_q_mode5EL_78|       pointer|
|p_ZZN4nnet24compute_output_buffer_2dINS_5arrayI8ap_fixedILi20ELi10EL9ap_q_mode5EL_77  |   in|   20|     ap_none|  p_ZZN4nnet24compute_output_buffer_2dINS_5arrayI8ap_fixedILi20ELi10EL9ap_q_mode5EL_77|       pointer|
|p_ZZN4nnet24compute_output_buffer_2dINS_5arrayI8ap_fixedILi20ELi10EL9ap_q_mode5EL_76  |   in|   20|     ap_none|  p_ZZN4nnet24compute_output_buffer_2dINS_5arrayI8ap_fixedILi20ELi10EL9ap_q_mode5EL_76|       pointer|
|p_ZZN4nnet24compute_output_buffer_2dINS_5arrayI8ap_fixedILi20ELi10EL9ap_q_mode5EL_75  |   in|   20|     ap_none|  p_ZZN4nnet24compute_output_buffer_2dINS_5arrayI8ap_fixedILi20ELi10EL9ap_q_mode5EL_75|       pointer|
|p_ZZN4nnet24compute_output_buffer_2dINS_5arrayI8ap_fixedILi20ELi10EL9ap_q_mode5EL_74  |   in|   20|     ap_none|  p_ZZN4nnet24compute_output_buffer_2dINS_5arrayI8ap_fixedILi20ELi10EL9ap_q_mode5EL_74|       pointer|
|p_ZZN4nnet24compute_output_buffer_2dINS_5arrayI8ap_fixedILi20ELi10EL9ap_q_mode5EL_73  |   in|   20|     ap_none|  p_ZZN4nnet24compute_output_buffer_2dINS_5arrayI8ap_fixedILi20ELi10EL9ap_q_mode5EL_73|       pointer|
|p_ZZN4nnet24compute_output_buffer_2dINS_5arrayI8ap_fixedILi20ELi10EL9ap_q_mode5EL_72  |   in|   20|     ap_none|  p_ZZN4nnet24compute_output_buffer_2dINS_5arrayI8ap_fixedILi20ELi10EL9ap_q_mode5EL_72|       pointer|
|p_ZZN4nnet24compute_output_buffer_2dINS_5arrayI8ap_fixedILi20ELi10EL9ap_q_mode5EL_71  |   in|   20|     ap_none|  p_ZZN4nnet24compute_output_buffer_2dINS_5arrayI8ap_fixedILi20ELi10EL9ap_q_mode5EL_71|       pointer|
|p_ZZN4nnet24compute_output_buffer_2dINS_5arrayI8ap_fixedILi20ELi10EL9ap_q_mode5EL_70  |   in|   20|     ap_none|  p_ZZN4nnet24compute_output_buffer_2dINS_5arrayI8ap_fixedILi20ELi10EL9ap_q_mode5EL_70|       pointer|
|p_ZZN4nnet24compute_output_buffer_2dINS_5arrayI8ap_fixedILi20ELi10EL9ap_q_mode5EL_69  |   in|   20|     ap_none|  p_ZZN4nnet24compute_output_buffer_2dINS_5arrayI8ap_fixedILi20ELi10EL9ap_q_mode5EL_69|       pointer|
|p_ZZN4nnet24compute_output_buffer_2dINS_5arrayI8ap_fixedILi20ELi10EL9ap_q_mode5EL_68  |   in|   20|     ap_none|  p_ZZN4nnet24compute_output_buffer_2dINS_5arrayI8ap_fixedILi20ELi10EL9ap_q_mode5EL_68|       pointer|
|p_ZZN4nnet24compute_output_buffer_2dINS_5arrayI8ap_fixedILi20ELi10EL9ap_q_mode5EL_67  |   in|   20|     ap_none|  p_ZZN4nnet24compute_output_buffer_2dINS_5arrayI8ap_fixedILi20ELi10EL9ap_q_mode5EL_67|       pointer|
|p_ZZN4nnet24compute_output_buffer_2dINS_5arrayI8ap_fixedILi20ELi10EL9ap_q_mode5EL_66  |   in|   20|     ap_none|  p_ZZN4nnet24compute_output_buffer_2dINS_5arrayI8ap_fixedILi20ELi10EL9ap_q_mode5EL_66|       pointer|
|p_ZZN4nnet24compute_output_buffer_2dINS_5arrayI8ap_fixedILi20ELi10EL9ap_q_mode5EL_65  |   in|   20|     ap_none|  p_ZZN4nnet24compute_output_buffer_2dINS_5arrayI8ap_fixedILi20ELi10EL9ap_q_mode5EL_65|       pointer|
|p_ZZN4nnet24compute_output_buffer_2dINS_5arrayI8ap_fixedILi20ELi10EL9ap_q_mode5EL_64  |   in|   20|     ap_none|  p_ZZN4nnet24compute_output_buffer_2dINS_5arrayI8ap_fixedILi20ELi10EL9ap_q_mode5EL_64|       pointer|
|p_ZZN4nnet24compute_output_buffer_2dINS_5arrayI8ap_fixedILi20ELi10EL9ap_q_mode5EL_63  |   in|   20|     ap_none|  p_ZZN4nnet24compute_output_buffer_2dINS_5arrayI8ap_fixedILi20ELi10EL9ap_q_mode5EL_63|       pointer|
|p_ZZN4nnet24compute_output_buffer_2dINS_5arrayI8ap_fixedILi20ELi10EL9ap_q_mode5EL_62  |   in|   20|     ap_none|  p_ZZN4nnet24compute_output_buffer_2dINS_5arrayI8ap_fixedILi20ELi10EL9ap_q_mode5EL_62|       pointer|
|p_ZZN4nnet24compute_output_buffer_2dINS_5arrayI8ap_fixedILi20ELi10EL9ap_q_mode5EL_61  |   in|   20|     ap_none|  p_ZZN4nnet24compute_output_buffer_2dINS_5arrayI8ap_fixedILi20ELi10EL9ap_q_mode5EL_61|       pointer|
|p_ZZN4nnet24compute_output_buffer_2dINS_5arrayI8ap_fixedILi20ELi10EL9ap_q_mode5EL_60  |   in|   20|     ap_none|  p_ZZN4nnet24compute_output_buffer_2dINS_5arrayI8ap_fixedILi20ELi10EL9ap_q_mode5EL_60|       pointer|
|p_ZZN4nnet24compute_output_buffer_2dINS_5arrayI8ap_fixedILi20ELi10EL9ap_q_mode5EL_59  |   in|   20|     ap_none|  p_ZZN4nnet24compute_output_buffer_2dINS_5arrayI8ap_fixedILi20ELi10EL9ap_q_mode5EL_59|       pointer|
|p_ZZN4nnet24compute_output_buffer_2dINS_5arrayI8ap_fixedILi20ELi10EL9ap_q_mode5EL_58  |   in|   20|     ap_none|  p_ZZN4nnet24compute_output_buffer_2dINS_5arrayI8ap_fixedILi20ELi10EL9ap_q_mode5EL_58|       pointer|
|p_ZZN4nnet24compute_output_buffer_2dINS_5arrayI8ap_fixedILi20ELi10EL9ap_q_mode5EL_57  |   in|   20|     ap_none|  p_ZZN4nnet24compute_output_buffer_2dINS_5arrayI8ap_fixedILi20ELi10EL9ap_q_mode5EL_57|       pointer|
|p_ZZN4nnet24compute_output_buffer_2dINS_5arrayI8ap_fixedILi20ELi10EL9ap_q_mode5EL_56  |   in|   20|     ap_none|  p_ZZN4nnet24compute_output_buffer_2dINS_5arrayI8ap_fixedILi20ELi10EL9ap_q_mode5EL_56|       pointer|
|p_ZZN4nnet24compute_output_buffer_2dINS_5arrayI8ap_fixedILi20ELi10EL9ap_q_mode5EL_55  |   in|   20|     ap_none|  p_ZZN4nnet24compute_output_buffer_2dINS_5arrayI8ap_fixedILi20ELi10EL9ap_q_mode5EL_55|       pointer|
|p_ZZN4nnet24compute_output_buffer_2dINS_5arrayI8ap_fixedILi20ELi10EL9ap_q_mode5EL_54  |   in|   20|     ap_none|  p_ZZN4nnet24compute_output_buffer_2dINS_5arrayI8ap_fixedILi20ELi10EL9ap_q_mode5EL_54|       pointer|
|p_ZZN4nnet24compute_output_buffer_2dINS_5arrayI8ap_fixedILi20ELi10EL9ap_q_mode5EL_53  |   in|   20|     ap_none|  p_ZZN4nnet24compute_output_buffer_2dINS_5arrayI8ap_fixedILi20ELi10EL9ap_q_mode5EL_53|       pointer|
|p_ZZN4nnet24compute_output_buffer_2dINS_5arrayI8ap_fixedILi20ELi10EL9ap_q_mode5EL_52  |   in|   20|     ap_none|  p_ZZN4nnet24compute_output_buffer_2dINS_5arrayI8ap_fixedILi20ELi10EL9ap_q_mode5EL_52|       pointer|
|p_ZZN4nnet24compute_output_buffer_2dINS_5arrayI8ap_fixedILi20ELi10EL9ap_q_mode5EL_51  |   in|   20|     ap_none|  p_ZZN4nnet24compute_output_buffer_2dINS_5arrayI8ap_fixedILi20ELi10EL9ap_q_mode5EL_51|       pointer|
|p_ZZN4nnet24compute_output_buffer_2dINS_5arrayI8ap_fixedILi20ELi10EL9ap_q_mode5EL_50  |   in|   20|     ap_none|  p_ZZN4nnet24compute_output_buffer_2dINS_5arrayI8ap_fixedILi20ELi10EL9ap_q_mode5EL_50|       pointer|
|p_ZZN4nnet24compute_output_buffer_2dINS_5arrayI8ap_fixedILi20ELi10EL9ap_q_mode5EL_49  |   in|   20|     ap_none|  p_ZZN4nnet24compute_output_buffer_2dINS_5arrayI8ap_fixedILi20ELi10EL9ap_q_mode5EL_49|       pointer|
|p_ZZN4nnet24compute_output_buffer_2dINS_5arrayI8ap_fixedILi20ELi10EL9ap_q_mode5EL_48  |   in|   20|     ap_none|  p_ZZN4nnet24compute_output_buffer_2dINS_5arrayI8ap_fixedILi20ELi10EL9ap_q_mode5EL_48|       pointer|
|p_ZZN4nnet24compute_output_buffer_2dINS_5arrayI8ap_fixedILi20ELi10EL9ap_q_mode5EL_47  |   in|   20|     ap_none|  p_ZZN4nnet24compute_output_buffer_2dINS_5arrayI8ap_fixedILi20ELi10EL9ap_q_mode5EL_47|       pointer|
|p_ZZN4nnet24compute_output_buffer_2dINS_5arrayI8ap_fixedILi20ELi10EL9ap_q_mode5EL_46  |   in|   20|     ap_none|  p_ZZN4nnet24compute_output_buffer_2dINS_5arrayI8ap_fixedILi20ELi10EL9ap_q_mode5EL_46|       pointer|
|p_ZZN4nnet24compute_output_buffer_2dINS_5arrayI8ap_fixedILi20ELi10EL9ap_q_mode5EL_45  |   in|   20|     ap_none|  p_ZZN4nnet24compute_output_buffer_2dINS_5arrayI8ap_fixedILi20ELi10EL9ap_q_mode5EL_45|       pointer|
|p_ZZN4nnet24compute_output_buffer_2dINS_5arrayI8ap_fixedILi20ELi10EL9ap_q_mode5EL_44  |   in|   20|     ap_none|  p_ZZN4nnet24compute_output_buffer_2dINS_5arrayI8ap_fixedILi20ELi10EL9ap_q_mode5EL_44|       pointer|
|p_ZZN4nnet24compute_output_buffer_2dINS_5arrayI8ap_fixedILi20ELi10EL9ap_q_mode5EL_43  |   in|   20|     ap_none|  p_ZZN4nnet24compute_output_buffer_2dINS_5arrayI8ap_fixedILi20ELi10EL9ap_q_mode5EL_43|       pointer|
|p_ZZN4nnet24compute_output_buffer_2dINS_5arrayI8ap_fixedILi20ELi10EL9ap_q_mode5EL_42  |   in|   20|     ap_none|  p_ZZN4nnet24compute_output_buffer_2dINS_5arrayI8ap_fixedILi20ELi10EL9ap_q_mode5EL_42|       pointer|
|p_ZZN4nnet24compute_output_buffer_2dINS_5arrayI8ap_fixedILi20ELi10EL9ap_q_mode5EL_41  |   in|   20|     ap_none|  p_ZZN4nnet24compute_output_buffer_2dINS_5arrayI8ap_fixedILi20ELi10EL9ap_q_mode5EL_41|       pointer|
|p_ZZN4nnet24compute_output_buffer_2dINS_5arrayI8ap_fixedILi20ELi10EL9ap_q_mode5EL_40  |   in|   20|     ap_none|  p_ZZN4nnet24compute_output_buffer_2dINS_5arrayI8ap_fixedILi20ELi10EL9ap_q_mode5EL_40|       pointer|
|p_ZZN4nnet24compute_output_buffer_2dINS_5arrayI8ap_fixedILi20ELi10EL9ap_q_mode5EL_39  |   in|   20|     ap_none|  p_ZZN4nnet24compute_output_buffer_2dINS_5arrayI8ap_fixedILi20ELi10EL9ap_q_mode5EL_39|       pointer|
|p_ZZN4nnet24compute_output_buffer_2dINS_5arrayI8ap_fixedILi20ELi10EL9ap_q_mode5EL_38  |   in|   20|     ap_none|  p_ZZN4nnet24compute_output_buffer_2dINS_5arrayI8ap_fixedILi20ELi10EL9ap_q_mode5EL_38|       pointer|
|p_ZZN4nnet24compute_output_buffer_2dINS_5arrayI8ap_fixedILi20ELi10EL9ap_q_mode5EL_37  |   in|   20|     ap_none|  p_ZZN4nnet24compute_output_buffer_2dINS_5arrayI8ap_fixedILi20ELi10EL9ap_q_mode5EL_37|       pointer|
|p_ZZN4nnet24compute_output_buffer_2dINS_5arrayI8ap_fixedILi20ELi10EL9ap_q_mode5EL_36  |   in|   20|     ap_none|  p_ZZN4nnet24compute_output_buffer_2dINS_5arrayI8ap_fixedILi20ELi10EL9ap_q_mode5EL_36|       pointer|
|p_ZZN4nnet24compute_output_buffer_2dINS_5arrayI8ap_fixedILi20ELi10EL9ap_q_mode5EL_35  |   in|   20|     ap_none|  p_ZZN4nnet24compute_output_buffer_2dINS_5arrayI8ap_fixedILi20ELi10EL9ap_q_mode5EL_35|       pointer|
|p_ZZN4nnet24compute_output_buffer_2dINS_5arrayI8ap_fixedILi20ELi10EL9ap_q_mode5EL_34  |   in|   20|     ap_none|  p_ZZN4nnet24compute_output_buffer_2dINS_5arrayI8ap_fixedILi20ELi10EL9ap_q_mode5EL_34|       pointer|
|p_ZZN4nnet24compute_output_buffer_2dINS_5arrayI8ap_fixedILi20ELi10EL9ap_q_mode5EL_33  |   in|   20|     ap_none|  p_ZZN4nnet24compute_output_buffer_2dINS_5arrayI8ap_fixedILi20ELi10EL9ap_q_mode5EL_33|       pointer|
|p_ZZN4nnet24compute_output_buffer_2dINS_5arrayI8ap_fixedILi20ELi10EL9ap_q_mode5EL_32  |   in|   20|     ap_none|  p_ZZN4nnet24compute_output_buffer_2dINS_5arrayI8ap_fixedILi20ELi10EL9ap_q_mode5EL_32|       pointer|
|p_ZZN4nnet24compute_output_buffer_2dINS_5arrayI8ap_fixedILi20ELi10EL9ap_q_mode5EL_31  |   in|   20|     ap_none|  p_ZZN4nnet24compute_output_buffer_2dINS_5arrayI8ap_fixedILi20ELi10EL9ap_q_mode5EL_31|       pointer|
|p_ZZN4nnet24compute_output_buffer_2dINS_5arrayI8ap_fixedILi20ELi10EL9ap_q_mode5EL_30  |   in|   20|     ap_none|  p_ZZN4nnet24compute_output_buffer_2dINS_5arrayI8ap_fixedILi20ELi10EL9ap_q_mode5EL_30|       pointer|
|p_ZZN4nnet24compute_output_buffer_2dINS_5arrayI8ap_fixedILi20ELi10EL9ap_q_mode5EL_29  |   in|   20|     ap_none|  p_ZZN4nnet24compute_output_buffer_2dINS_5arrayI8ap_fixedILi20ELi10EL9ap_q_mode5EL_29|       pointer|
|p_ZZN4nnet24compute_output_buffer_2dINS_5arrayI8ap_fixedILi20ELi10EL9ap_q_mode5EL_28  |   in|   20|     ap_none|  p_ZZN4nnet24compute_output_buffer_2dINS_5arrayI8ap_fixedILi20ELi10EL9ap_q_mode5EL_28|       pointer|
|p_ZZN4nnet24compute_output_buffer_2dINS_5arrayI8ap_fixedILi20ELi10EL9ap_q_mode5EL_27  |   in|   20|     ap_none|  p_ZZN4nnet24compute_output_buffer_2dINS_5arrayI8ap_fixedILi20ELi10EL9ap_q_mode5EL_27|       pointer|
|p_ZZN4nnet24compute_output_buffer_2dINS_5arrayI8ap_fixedILi20ELi10EL9ap_q_mode5EL_26  |   in|   20|     ap_none|  p_ZZN4nnet24compute_output_buffer_2dINS_5arrayI8ap_fixedILi20ELi10EL9ap_q_mode5EL_26|       pointer|
|p_ZZN4nnet24compute_output_buffer_2dINS_5arrayI8ap_fixedILi20ELi10EL9ap_q_mode5EL_25  |   in|   20|     ap_none|  p_ZZN4nnet24compute_output_buffer_2dINS_5arrayI8ap_fixedILi20ELi10EL9ap_q_mode5EL_25|       pointer|
|p_ZZN4nnet24compute_output_buffer_2dINS_5arrayI8ap_fixedILi20ELi10EL9ap_q_mode5EL_24  |   in|   20|     ap_none|  p_ZZN4nnet24compute_output_buffer_2dINS_5arrayI8ap_fixedILi20ELi10EL9ap_q_mode5EL_24|       pointer|
|p_ZZN4nnet24compute_output_buffer_2dINS_5arrayI8ap_fixedILi20ELi10EL9ap_q_mode5EL_23  |   in|   20|     ap_none|  p_ZZN4nnet24compute_output_buffer_2dINS_5arrayI8ap_fixedILi20ELi10EL9ap_q_mode5EL_23|       pointer|
|p_ZZN4nnet24compute_output_buffer_2dINS_5arrayI8ap_fixedILi20ELi10EL9ap_q_mode5EL_22  |   in|   20|     ap_none|  p_ZZN4nnet24compute_output_buffer_2dINS_5arrayI8ap_fixedILi20ELi10EL9ap_q_mode5EL_22|       pointer|
|p_ZZN4nnet24compute_output_buffer_2dINS_5arrayI8ap_fixedILi20ELi10EL9ap_q_mode5EL_21  |   in|   20|     ap_none|  p_ZZN4nnet24compute_output_buffer_2dINS_5arrayI8ap_fixedILi20ELi10EL9ap_q_mode5EL_21|       pointer|
|p_ZZN4nnet24compute_output_buffer_2dINS_5arrayI8ap_fixedILi20ELi10EL9ap_q_mode5EL_20  |   in|   20|     ap_none|  p_ZZN4nnet24compute_output_buffer_2dINS_5arrayI8ap_fixedILi20ELi10EL9ap_q_mode5EL_20|       pointer|
|p_ZZN4nnet24compute_output_buffer_2dINS_5arrayI8ap_fixedILi20ELi10EL9ap_q_mode5EL_19  |   in|   20|     ap_none|  p_ZZN4nnet24compute_output_buffer_2dINS_5arrayI8ap_fixedILi20ELi10EL9ap_q_mode5EL_19|       pointer|
|p_ZZN4nnet24compute_output_buffer_2dINS_5arrayI8ap_fixedILi20ELi10EL9ap_q_mode5EL_18  |   in|   20|     ap_none|  p_ZZN4nnet24compute_output_buffer_2dINS_5arrayI8ap_fixedILi20ELi10EL9ap_q_mode5EL_18|       pointer|
|p_ZZN4nnet24compute_output_buffer_2dINS_5arrayI8ap_fixedILi20ELi10EL9ap_q_mode5EL_17  |   in|   20|     ap_none|  p_ZZN4nnet24compute_output_buffer_2dINS_5arrayI8ap_fixedILi20ELi10EL9ap_q_mode5EL_17|       pointer|
|p_ZZN4nnet24compute_output_buffer_2dINS_5arrayI8ap_fixedILi20ELi10EL9ap_q_mode5EL_16  |   in|   20|     ap_none|  p_ZZN4nnet24compute_output_buffer_2dINS_5arrayI8ap_fixedILi20ELi10EL9ap_q_mode5EL_16|       pointer|
|p_ZZN4nnet24compute_output_buffer_2dINS_5arrayI8ap_fixedILi20ELi10EL9ap_q_mode5EL_15  |   in|   20|     ap_none|  p_ZZN4nnet24compute_output_buffer_2dINS_5arrayI8ap_fixedILi20ELi10EL9ap_q_mode5EL_15|       pointer|
|p_ZZN4nnet24compute_output_buffer_2dINS_5arrayI8ap_fixedILi20ELi10EL9ap_q_mode5EL_14  |   in|   20|     ap_none|  p_ZZN4nnet24compute_output_buffer_2dINS_5arrayI8ap_fixedILi20ELi10EL9ap_q_mode5EL_14|       pointer|
|p_ZZN4nnet24compute_output_buffer_2dINS_5arrayI8ap_fixedILi20ELi10EL9ap_q_mode5EL_13  |   in|   20|     ap_none|  p_ZZN4nnet24compute_output_buffer_2dINS_5arrayI8ap_fixedILi20ELi10EL9ap_q_mode5EL_13|       pointer|
|p_ZZN4nnet24compute_output_buffer_2dINS_5arrayI8ap_fixedILi20ELi10EL9ap_q_mode5EL_12  |   in|   20|     ap_none|  p_ZZN4nnet24compute_output_buffer_2dINS_5arrayI8ap_fixedILi20ELi10EL9ap_q_mode5EL_12|       pointer|
|p_ZZN4nnet24compute_output_buffer_2dINS_5arrayI8ap_fixedILi20ELi10EL9ap_q_mode5EL_11  |   in|   20|     ap_none|  p_ZZN4nnet24compute_output_buffer_2dINS_5arrayI8ap_fixedILi20ELi10EL9ap_q_mode5EL_11|       pointer|
|p_ZZN4nnet24compute_output_buffer_2dINS_5arrayI8ap_fixedILi20ELi10EL9ap_q_mode5EL_10  |   in|   20|     ap_none|  p_ZZN4nnet24compute_output_buffer_2dINS_5arrayI8ap_fixedILi20ELi10EL9ap_q_mode5EL_10|       pointer|
|p_ZZN4nnet24compute_output_buffer_2dINS_5arrayI8ap_fixedILi20ELi10EL9ap_q_mode5EL_9   |   in|   20|     ap_none|   p_ZZN4nnet24compute_output_buffer_2dINS_5arrayI8ap_fixedILi20ELi10EL9ap_q_mode5EL_9|       pointer|
|p_ZZN4nnet24compute_output_buffer_2dINS_5arrayI8ap_fixedILi20ELi10EL9ap_q_mode5EL_8   |   in|   20|     ap_none|   p_ZZN4nnet24compute_output_buffer_2dINS_5arrayI8ap_fixedILi20ELi10EL9ap_q_mode5EL_8|       pointer|
|p_ZZN4nnet24compute_output_buffer_2dINS_5arrayI8ap_fixedILi20ELi10EL9ap_q_mode5EL_7   |   in|   20|     ap_none|   p_ZZN4nnet24compute_output_buffer_2dINS_5arrayI8ap_fixedILi20ELi10EL9ap_q_mode5EL_7|       pointer|
|p_ZZN4nnet24compute_output_buffer_2dINS_5arrayI8ap_fixedILi20ELi10EL9ap_q_mode5EL_6   |   in|   20|     ap_none|   p_ZZN4nnet24compute_output_buffer_2dINS_5arrayI8ap_fixedILi20ELi10EL9ap_q_mode5EL_6|       pointer|
|p_ZZN4nnet24compute_output_buffer_2dINS_5arrayI8ap_fixedILi20ELi10EL9ap_q_mode5EL_5   |   in|   20|     ap_none|   p_ZZN4nnet24compute_output_buffer_2dINS_5arrayI8ap_fixedILi20ELi10EL9ap_q_mode5EL_5|       pointer|
|p_ZZN4nnet24compute_output_buffer_2dINS_5arrayI8ap_fixedILi20ELi10EL9ap_q_mode5EL_4   |   in|   20|     ap_none|   p_ZZN4nnet24compute_output_buffer_2dINS_5arrayI8ap_fixedILi20ELi10EL9ap_q_mode5EL_4|       pointer|
|p_ZZN4nnet24compute_output_buffer_2dINS_5arrayI8ap_fixedILi20ELi10EL9ap_q_mode5EL_3   |   in|   20|     ap_none|   p_ZZN4nnet24compute_output_buffer_2dINS_5arrayI8ap_fixedILi20ELi10EL9ap_q_mode5EL_3|       pointer|
|p_ZZN4nnet24compute_output_buffer_2dINS_5arrayI8ap_fixedILi20ELi10EL9ap_q_mode5EL_2   |   in|   20|     ap_none|   p_ZZN4nnet24compute_output_buffer_2dINS_5arrayI8ap_fixedILi20ELi10EL9ap_q_mode5EL_2|       pointer|
|p_ZZN4nnet24compute_output_buffer_2dINS_5arrayI8ap_fixedILi20ELi10EL9ap_q_mode5EL_1   |   in|   20|     ap_none|   p_ZZN4nnet24compute_output_buffer_2dINS_5arrayI8ap_fixedILi20ELi10EL9ap_q_mode5EL_1|       pointer|
|p_ZZN4nnet24compute_output_buffer_2dINS_5arrayI8ap_fixedILi20ELi10EL9ap_q_mode5EL     |   in|   20|     ap_none|     p_ZZN4nnet24compute_output_buffer_2dINS_5arrayI8ap_fixedILi20ELi10EL9ap_q_mode5EL|       pointer|
|p_ZZN4nnet24compute_output_buffer_2dINS_5arrayI8ap_fixedILi20ELi10EL9ap_q_mode5EL_96  |   in|   20|     ap_none|  p_ZZN4nnet24compute_output_buffer_2dINS_5arrayI8ap_fixedILi20ELi10EL9ap_q_mode5EL_96|       pointer|
|p_ZZN4nnet24compute_output_buffer_2dINS_5arrayI8ap_fixedILi20ELi10EL9ap_q_mode5EL_95  |   in|   20|     ap_none|  p_ZZN4nnet24compute_output_buffer_2dINS_5arrayI8ap_fixedILi20ELi10EL9ap_q_mode5EL_95|       pointer|
|p_ZZN4nnet24compute_output_buffer_2dINS_5arrayI8ap_fixedILi20ELi10EL9ap_q_mode5EL_94  |   in|   20|     ap_none|  p_ZZN4nnet24compute_output_buffer_2dINS_5arrayI8ap_fixedILi20ELi10EL9ap_q_mode5EL_94|       pointer|
|p_ZZN4nnet24compute_output_buffer_2dINS_5arrayI8ap_fixedILi20ELi10EL9ap_q_mode5EL_93  |   in|   20|     ap_none|  p_ZZN4nnet24compute_output_buffer_2dINS_5arrayI8ap_fixedILi20ELi10EL9ap_q_mode5EL_93|       pointer|
|p_ZZN4nnet24compute_output_buffer_2dINS_5arrayI8ap_fixedILi20ELi10EL9ap_q_mode5EL_92  |   in|   20|     ap_none|  p_ZZN4nnet24compute_output_buffer_2dINS_5arrayI8ap_fixedILi20ELi10EL9ap_q_mode5EL_92|       pointer|
|p_ZZN4nnet24compute_output_buffer_2dINS_5arrayI8ap_fixedILi20ELi10EL9ap_q_mode5EL_91  |   in|   20|     ap_none|  p_ZZN4nnet24compute_output_buffer_2dINS_5arrayI8ap_fixedILi20ELi10EL9ap_q_mode5EL_91|       pointer|
|p_ZZN4nnet24compute_output_buffer_2dINS_5arrayI8ap_fixedILi20ELi10EL9ap_q_mode5EL_90  |   in|   20|     ap_none|  p_ZZN4nnet24compute_output_buffer_2dINS_5arrayI8ap_fixedILi20ELi10EL9ap_q_mode5EL_90|       pointer|
|p_ZZN4nnet24compute_output_buffer_2dINS_5arrayI8ap_fixedILi20ELi10EL9ap_q_mode5EL_89  |   in|   20|     ap_none|  p_ZZN4nnet24compute_output_buffer_2dINS_5arrayI8ap_fixedILi20ELi10EL9ap_q_mode5EL_89|       pointer|
+--------------------------------------------------------------------------------------+-----+-----+------------+--------------------------------------------------------------------------------------+--------------+

