

================================================================
== Vitis HLS Report for 'shift_line_buffer_array_ap_fixed_20_10_5_3_0_18u_config9_s'
================================================================
* Date:           Sun Aug 30 16:00:41 2026

* Version:        2024.1 (Build 5069499 on May 21 2024)
* Project:        myproject_prj
* Solution:       solution1 (Vivado IP Flow Target)
* Product family: zynq
* Target device:  xc7z020-clg400-1


================================================================
== Performance Estimates
================================================================
+ Timing: 
    * Summary: 
    +--------+----------+----------+------------+
    |  Clock |  Target  | Estimated| Uncertainty|
    +--------+----------+----------+------------+
    |ap_clk  |  20.00 ns|  1.617 ns|     5.40 ns|
    +--------+----------+----------+------------+

+ Latency: 
    * Summary: 
    +---------+---------+----------+----------+-----+-----+---------+
    |  Latency (cycles) |  Latency (absolute) |  Interval | Pipeline|
    |   min   |   max   |    min   |    max   | min | max |   Type  |
    +---------+---------+----------+----------+-----+-----+---------+
    |        0|        0|      0 ns|      0 ns|    1|    1|      yes|
    +---------+---------+----------+----------+-----+-----+---------+

    + Detail: 
        * Instance: 
        N/A

        * Loop: 
        N/A



================================================================
== Utilization Estimates
================================================================
* Summary: 
+-----------------+---------+-----+--------+-------+-----+
|       Name      | BRAM_18K| DSP |   FF   |  LUT  | URAM|
+-----------------+---------+-----+--------+-------+-----+
|DSP              |        -|    -|       -|      -|    -|
|Expression       |        -|    -|       -|      -|    -|
|FIFO             |        -|    -|       -|      -|    -|
|Instance         |        -|    -|       -|      -|    -|
|Memory           |        -|    -|    1152|    576|    -|
|Multiplexer      |        -|    -|       0|   1296|    -|
|Register         |        -|    -|       1|      -|    -|
+-----------------+---------+-----+--------+-------+-----+
|Total            |        0|    0|    1153|   1872|    0|
+-----------------+---------+-----+--------+-------+-----+
|Available        |      280|  220|  106400|  53200|    0|
+-----------------+---------+-----+--------+-------+-----+
|Utilization (%)  |        0|    0|       1|      3|    0|
+-----------------+---------+-----+--------+-------+-----+

+ Detail: 
    * Instance: 
    N/A

    * DSP: 
    N/A

    * Memory: 
    +---------------------------------------------------------------------------------------+----------------------------------------------------------------------------------+---------+----+----+-----+------+-----+------+-------------+
    |                                         Memory                                        |                                      Module                                      | BRAM_18K| FF | LUT| URAM| Words| Bits| Banks| W*Bits*Banks|
    +---------------------------------------------------------------------------------------+----------------------------------------------------------------------------------+---------+----+----+-----+------+-----+------+-------------+
    |void_pooling2d_cl_stream_stream_array_ap_fixed_18u_0_line_buffer_9_U                   |shift_line_buffer_array_ap_fixed_20_10_5_3_0_18u_config9_s_void_pooling2d_cl_Rg6  |        0|  64|  32|    0|    25|   20|     1|          500|
    |void_pooling2d_cl_stream_stream_array_ap_fixed_18u_0_line_buffer_8_U                   |shift_line_buffer_array_ap_fixed_20_10_5_3_0_18u_config9_s_void_pooling2d_cl_Rg6  |        0|  64|  32|    0|    25|   20|     1|          500|
    |void_pooling2d_cl_stream_stream_array_ap_fixed_18u_0_line_buffer_7_U                   |shift_line_buffer_array_ap_fixed_20_10_5_3_0_18u_config9_s_void_pooling2d_cl_Rg6  |        0|  64|  32|    0|    25|   20|     1|          500|
    |void_pooling2d_cl_stream_stream_array_ap_fixed_18u_0_line_buffer_6_U                   |shift_line_buffer_array_ap_fixed_20_10_5_3_0_18u_config9_s_void_pooling2d_cl_Rg6  |        0|  64|  32|    0|    25|   20|     1|          500|
    |void_pooling2d_cl_stream_stream_array_ap_fixed_18u_0_line_buffer_5_U                   |shift_line_buffer_array_ap_fixed_20_10_5_3_0_18u_config9_s_void_pooling2d_cl_Rg6  |        0|  64|  32|    0|    25|   20|     1|          500|
    |void_pooling2d_cl_stream_stream_array_ap_fixed_18u_0_line_buffer_4_U                   |shift_line_buffer_array_ap_fixed_20_10_5_3_0_18u_config9_s_void_pooling2d_cl_Rg6  |        0|  64|  32|    0|    25|   20|     1|          500|
    |void_pooling2d_cl_stream_stream_array_ap_fixed_18u_0_line_buffer_3_U                   |shift_line_buffer_array_ap_fixed_20_10_5_3_0_18u_config9_s_void_pooling2d_cl_Rg6  |        0|  64|  32|    0|    25|   20|     1|          500|
    |void_pooling2d_cl_stream_stream_array_ap_fixed_18u_0_line_buffer_2_U                   |shift_line_buffer_array_ap_fixed_20_10_5_3_0_18u_config9_s_void_pooling2d_cl_Rg6  |        0|  64|  32|    0|    25|   20|     1|          500|
    |void_pooling2d_cl_stream_stream_array_ap_fixed_18u_0_line_buffer_1_U                   |shift_line_buffer_array_ap_fixed_20_10_5_3_0_18u_config9_s_void_pooling2d_cl_Rg6  |        0|  64|  32|    0|    25|   20|     1|          500|
    |void_pooling2d_cl_stream_stream_array_ap_fixed_18u_0_line_buffer_U                     |shift_line_buffer_array_ap_fixed_20_10_5_3_0_18u_config9_s_void_pooling2d_cl_Rg6  |        0|  64|  32|    0|    25|   20|     1|          500|
    |p_ZZN4nnet12pooling2d_clINS_5arrayI8ap_fixedILi20ELi10EL9ap_q_mode5EL9ap_o_mode3E_7_U  |shift_line_buffer_array_ap_fixed_20_10_5_3_0_18u_config9_s_void_pooling2d_cl_Rg6  |        0|  64|  32|    0|    25|   20|     1|          500|
    |p_ZZN4nnet12pooling2d_clINS_5arrayI8ap_fixedILi20ELi10EL9ap_q_mode5EL9ap_o_mode3E_6_U  |shift_line_buffer_array_ap_fixed_20_10_5_3_0_18u_config9_s_void_pooling2d_cl_Rg6  |        0|  64|  32|    0|    25|   20|     1|          500|
    |p_ZZN4nnet12pooling2d_clINS_5arrayI8ap_fixedILi20ELi10EL9ap_q_mode5EL9ap_o_mode3E_5_U  |shift_line_buffer_array_ap_fixed_20_10_5_3_0_18u_config9_s_void_pooling2d_cl_Rg6  |        0|  64|  32|    0|    25|   20|     1|          500|
    |p_ZZN4nnet12pooling2d_clINS_5arrayI8ap_fixedILi20ELi10EL9ap_q_mode5EL9ap_o_mode3E_4_U  |shift_line_buffer_array_ap_fixed_20_10_5_3_0_18u_config9_s_void_pooling2d_cl_Rg6  |        0|  64|  32|    0|    25|   20|     1|          500|
    |p_ZZN4nnet12pooling2d_clINS_5arrayI8ap_fixedILi20ELi10EL9ap_q_mode5EL9ap_o_mode3E_3_U  |shift_line_buffer_array_ap_fixed_20_10_5_3_0_18u_config9_s_void_pooling2d_cl_Rg6  |        0|  64|  32|    0|    25|   20|     1|          500|
    |p_ZZN4nnet12pooling2d_clINS_5arrayI8ap_fixedILi20ELi10EL9ap_q_mode5EL9ap_o_mode3E_2_U  |shift_line_buffer_array_ap_fixed_20_10_5_3_0_18u_config9_s_void_pooling2d_cl_Rg6  |        0|  64|  32|    0|    25|   20|     1|          500|
    |p_ZZN4nnet12pooling2d_clINS_5arrayI8ap_fixedILi20ELi10EL9ap_q_mode5EL9ap_o_mode3E_1_U  |shift_line_buffer_array_ap_fixed_20_10_5_3_0_18u_config9_s_void_pooling2d_cl_Rg6  |        0|  64|  32|    0|    25|   20|     1|          500|
    |p_ZZN4nnet12pooling2d_clINS_5arrayI8ap_fixedILi20ELi10EL9ap_q_mode5EL9ap_o_mode3E_U    |shift_line_buffer_array_ap_fixed_20_10_5_3_0_18u_config9_s_void_pooling2d_cl_Rg6  |        0|  64|  32|    0|    25|   20|     1|          500|
    +---------------------------------------------------------------------------------------+----------------------------------------------------------------------------------+---------+----+----+-----+------+-----+------+-------------+
    |Total                                                                                  |                                                                                  |        0|1152| 576|    0|   450|  360|    18|         9000|
    +---------------------------------------------------------------------------------------+----------------------------------------------------------------------------------+---------+----+----+-----+------+-----+------+-------------+

    * FIFO: 
    N/A

    * Expression: 
    N/A

    * Multiplexer: 
    +-----------------------------------------------------------------------------------------+----+-----------+-----+-----------+
    |                                           Name                                          | LUT| Input Size| Bits| Total Bits|
    +-----------------------------------------------------------------------------------------+----+-----------+-----+-----------+
    |p_ZZN4nnet22compute_pool_buffer_2dINS_5arrayI8ap_fixedILi20ELi10EL9ap_q_mode5EL9a_10_o   |   9|          2|   20|         40|
    |p_ZZN4nnet22compute_pool_buffer_2dINS_5arrayI8ap_fixedILi20ELi10EL9ap_q_mode5EL9a_11_o   |   9|          2|   20|         40|
    |p_ZZN4nnet22compute_pool_buffer_2dINS_5arrayI8ap_fixedILi20ELi10EL9ap_q_mode5EL9a_12_o   |   9|          2|   20|         40|
    |p_ZZN4nnet22compute_pool_buffer_2dINS_5arrayI8ap_fixedILi20ELi10EL9ap_q_mode5EL9a_13_o   |   9|          2|   20|         40|
    |p_ZZN4nnet22compute_pool_buffer_2dINS_5arrayI8ap_fixedILi20ELi10EL9ap_q_mode5EL9a_14_o   |   9|          2|   20|         40|
    |p_ZZN4nnet22compute_pool_buffer_2dINS_5arrayI8ap_fixedILi20ELi10EL9ap_q_mode5EL9a_15_o   |   9|          2|   20|         40|
    |p_ZZN4nnet22compute_pool_buffer_2dINS_5arrayI8ap_fixedILi20ELi10EL9ap_q_mode5EL9a_16_o   |   9|          2|   20|         40|
    |p_ZZN4nnet22compute_pool_buffer_2dINS_5arrayI8ap_fixedILi20ELi10EL9ap_q_mode5EL9a_17_o   |   9|          2|   20|         40|
    |p_ZZN4nnet22compute_pool_buffer_2dINS_5arrayI8ap_fixedILi20ELi10EL9ap_q_mode5EL9a_18_o   |   9|          2|   20|         40|
    |p_ZZN4nnet22compute_pool_buffer_2dINS_5arrayI8ap_fixedILi20ELi10EL9ap_q_mode5EL9a_19_o   |   9|          2|   20|         40|
    |p_ZZN4nnet22compute_pool_buffer_2dINS_5arrayI8ap_fixedILi20ELi10EL9ap_q_mode5EL9a_20_o   |   9|          2|   20|         40|
    |p_ZZN4nnet22compute_pool_buffer_2dINS_5arrayI8ap_fixedILi20ELi10EL9ap_q_mode5EL9a_21_o   |   9|          2|   20|         40|
    |p_ZZN4nnet22compute_pool_buffer_2dINS_5arrayI8ap_fixedILi20ELi10EL9ap_q_mode5EL9a_22_o   |   9|          2|   20|         40|
    |p_ZZN4nnet22compute_pool_buffer_2dINS_5arrayI8ap_fixedILi20ELi10EL9ap_q_mode5EL9a_23_o   |   9|          2|   20|         40|
    |p_ZZN4nnet22compute_pool_buffer_2dINS_5arrayI8ap_fixedILi20ELi10EL9ap_q_mode5EL9a_24_o   |   9|          2|   20|         40|
    |p_ZZN4nnet22compute_pool_buffer_2dINS_5arrayI8ap_fixedILi20ELi10EL9ap_q_mode5EL9a_254_o  |   9|          2|   20|         40|
    |p_ZZN4nnet22compute_pool_buffer_2dINS_5arrayI8ap_fixedILi20ELi10EL9ap_q_mode5EL9a_255_o  |   9|          2|   20|         40|
    |p_ZZN4nnet22compute_pool_buffer_2dINS_5arrayI8ap_fixedILi20ELi10EL9ap_q_mode5EL9a_257_o  |   9|          2|   20|         40|
    |p_ZZN4nnet22compute_pool_buffer_2dINS_5arrayI8ap_fixedILi20ELi10EL9ap_q_mode5EL9a_258_o  |   9|          2|   20|         40|
    |p_ZZN4nnet22compute_pool_buffer_2dINS_5arrayI8ap_fixedILi20ELi10EL9ap_q_mode5EL9a_259_o  |   9|          2|   20|         40|
    |p_ZZN4nnet22compute_pool_buffer_2dINS_5arrayI8ap_fixedILi20ELi10EL9ap_q_mode5EL9a_25_o   |   9|          2|   20|         40|
    |p_ZZN4nnet22compute_pool_buffer_2dINS_5arrayI8ap_fixedILi20ELi10EL9ap_q_mode5EL9a_260_o  |   9|          2|   20|         40|
    |p_ZZN4nnet22compute_pool_buffer_2dINS_5arrayI8ap_fixedILi20ELi10EL9ap_q_mode5EL9a_261_o  |   9|          2|   20|         40|
    |p_ZZN4nnet22compute_pool_buffer_2dINS_5arrayI8ap_fixedILi20ELi10EL9ap_q_mode5EL9a_262_o  |   9|          2|   20|         40|
    |p_ZZN4nnet22compute_pool_buffer_2dINS_5arrayI8ap_fixedILi20ELi10EL9ap_q_mode5EL9a_263_o  |   9|          2|   20|         40|
    |p_ZZN4nnet22compute_pool_buffer_2dINS_5arrayI8ap_fixedILi20ELi10EL9ap_q_mode5EL9a_264_o  |   9|          2|   20|         40|
    |p_ZZN4nnet22compute_pool_buffer_2dINS_5arrayI8ap_fixedILi20ELi10EL9ap_q_mode5EL9a_265_o  |   9|          2|   20|         40|
    |p_ZZN4nnet22compute_pool_buffer_2dINS_5arrayI8ap_fixedILi20ELi10EL9ap_q_mode5EL9a_266_o  |   9|          2|   20|         40|
    |p_ZZN4nnet22compute_pool_buffer_2dINS_5arrayI8ap_fixedILi20ELi10EL9ap_q_mode5EL9a_268_o  |   9|          2|   20|         40|
    |p_ZZN4nnet22compute_pool_buffer_2dINS_5arrayI8ap_fixedILi20ELi10EL9ap_q_mode5EL9a_269_o  |   9|          2|   20|         40|
    |p_ZZN4nnet22compute_pool_buffer_2dINS_5arrayI8ap_fixedILi20ELi10EL9ap_q_mode5EL9a_26_o   |   9|          2|   20|         40|
    |p_ZZN4nnet22compute_pool_buffer_2dINS_5arrayI8ap_fixedILi20ELi10EL9ap_q_mode5EL9a_270_o  |   9|          2|   20|         40|
    |p_ZZN4nnet22compute_pool_buffer_2dINS_5arrayI8ap_fixedILi20ELi10EL9ap_q_mode5EL9a_271_o  |   9|          2|   20|         40|
    |p_ZZN4nnet22compute_pool_buffer_2dINS_5arrayI8ap_fixedILi20ELi10EL9ap_q_mode5EL9a_272_o  |   9|          2|   20|         40|
    |p_ZZN4nnet22compute_pool_buffer_2dINS_5arrayI8ap_fixedILi20ELi10EL9ap_q_mode5EL9a_273_o  |   9|          2|   20|         40|
    |p_ZZN4nnet22compute_pool_buffer_2dINS_5arrayI8ap_fixedILi20ELi10EL9ap_q_mode5EL9a_274_o  |   9|          2|   20|         40|
    |p_ZZN4nnet22compute_pool_buffer_2dINS_5arrayI8ap_fixedILi20ELi10EL9ap_q_mode5EL9a_275_o  |   9|          2|   20|         40|
    |p_ZZN4nnet22compute_pool_buffer_2dINS_5arrayI8ap_fixedILi20ELi10EL9ap_q_mode5EL9a_276_o  |   9|          2|   20|         40|
    |p_ZZN4nnet22compute_pool_buffer_2dINS_5arrayI8ap_fixedILi20ELi10EL9ap_q_mode5EL9a_277_o  |   9|          2|   20|         40|
    |p_ZZN4nnet22compute_pool_buffer_2dINS_5arrayI8ap_fixedILi20ELi10EL9ap_q_mode5EL9a_279_o  |   9|          2|   20|         40|
    |p_ZZN4nnet22compute_pool_buffer_2dINS_5arrayI8ap_fixedILi20ELi10EL9ap_q_mode5EL9a_27_o   |   9|          2|   20|         40|
    |p_ZZN4nnet22compute_pool_buffer_2dINS_5arrayI8ap_fixedILi20ELi10EL9ap_q_mode5EL9a_280_o  |   9|          2|   20|         40|
    |p_ZZN4nnet22compute_pool_buffer_2dINS_5arrayI8ap_fixedILi20ELi10EL9ap_q_mode5EL9a_281_o  |   9|          2|   20|         40|
    |p_ZZN4nnet22compute_pool_buffer_2dINS_5arrayI8ap_fixedILi20ELi10EL9ap_q_mode5EL9a_282_o  |   9|          2|   20|         40|
    |p_ZZN4nnet22compute_pool_buffer_2dINS_5arrayI8ap_fixedILi20ELi10EL9ap_q_mode5EL9a_283_o  |   9|          2|   20|         40|
    |p_ZZN4nnet22compute_pool_buffer_2dINS_5arrayI8ap_fixedILi20ELi10EL9ap_q_mode5EL9a_284_o  |   9|          2|   20|         40|
    |p_ZZN4nnet22compute_pool_buffer_2dINS_5arrayI8ap_fixedILi20ELi10EL9ap_q_mode5EL9a_285_o  |   9|          2|   20|         40|
    |p_ZZN4nnet22compute_pool_buffer_2dINS_5arrayI8ap_fixedILi20ELi10EL9ap_q_mode5EL9a_286_o  |   9|          2|   20|         40|
    |p_ZZN4nnet22compute_pool_buffer_2dINS_5arrayI8ap_fixedILi20ELi10EL9ap_q_mode5EL9a_287_o  |   9|          2|   20|         40|
    |p_ZZN4nnet22compute_pool_buffer_2dINS_5arrayI8ap_fixedILi20ELi10EL9ap_q_mode5EL9a_288_o  |   9|          2|   20|         40|
    |p_ZZN4nnet22compute_pool_buffer_2dINS_5arrayI8ap_fixedILi20ELi10EL9ap_q_mode5EL9a_28_o   |   9|          2|   20|         40|
    |p_ZZN4nnet22compute_pool_buffer_2dINS_5arrayI8ap_fixedILi20ELi10EL9ap_q_mode5EL9a_290_o  |   9|          2|   20|         40|
    |p_ZZN4nnet22compute_pool_buffer_2dINS_5arrayI8ap_fixedILi20ELi10EL9ap_q_mode5EL9a_291_o  |   9|          2|   20|         40|
    |p_ZZN4nnet22compute_pool_buffer_2dINS_5arrayI8ap_fixedILi20ELi10EL9ap_q_mode5EL9a_292_o  |   9|          2|   20|         40|
    |p_ZZN4nnet22compute_pool_buffer_2dINS_5arrayI8ap_fixedILi20ELi10EL9ap_q_mode5EL9a_293_o  |   9|          2|   20|         40|
    |p_ZZN4nnet22compute_pool_buffer_2dINS_5arrayI8ap_fixedILi20ELi10EL9ap_q_mode5EL9a_294_o  |   9|          2|   20|         40|
    |p_ZZN4nnet22compute_pool_buffer_2dINS_5arrayI8ap_fixedILi20ELi10EL9ap_q_mode5EL9a_295_o  |   9|          2|   20|         40|
    |p_ZZN4nnet22compute_pool_buffer_2dINS_5arrayI8ap_fixedILi20ELi10EL9ap_q_mode5EL9a_296_o  |   9|          2|   20|         40|
    |p_ZZN4nnet22compute_pool_buffer_2dINS_5arrayI8ap_fixedILi20ELi10EL9ap_q_mode5EL9a_297_o  |   9|          2|   20|         40|
    |p_ZZN4nnet22compute_pool_buffer_2dINS_5arrayI8ap_fixedILi20ELi10EL9ap_q_mode5EL9a_298_o  |   9|          2|   20|         40|
    |p_ZZN4nnet22compute_pool_buffer_2dINS_5arrayI8ap_fixedILi20ELi10EL9ap_q_mode5EL9a_299_o  |   9|          2|   20|         40|
    |p_ZZN4nnet22compute_pool_buffer_2dINS_5arrayI8ap_fixedILi20ELi10EL9ap_q_mode5EL9a_29_o   |   9|          2|   20|         40|
    |p_ZZN4nnet22compute_pool_buffer_2dINS_5arrayI8ap_fixedILi20ELi10EL9ap_q_mode5EL9a_301_o  |   9|          2|   20|         40|
    |p_ZZN4nnet22compute_pool_buffer_2dINS_5arrayI8ap_fixedILi20ELi10EL9ap_q_mode5EL9a_302_o  |   9|          2|   20|         40|
    |p_ZZN4nnet22compute_pool_buffer_2dINS_5arrayI8ap_fixedILi20ELi10EL9ap_q_mode5EL9a_303_o  |   9|          2|   20|         40|
    |p_ZZN4nnet22compute_pool_buffer_2dINS_5arrayI8ap_fixedILi20ELi10EL9ap_q_mode5EL9a_304_o  |   9|          2|   20|         40|
    |p_ZZN4nnet22compute_pool_buffer_2dINS_5arrayI8ap_fixedILi20ELi10EL9ap_q_mode5EL9a_305_o  |   9|          2|   20|         40|
    |p_ZZN4nnet22compute_pool_buffer_2dINS_5arrayI8ap_fixedILi20ELi10EL9ap_q_mode5EL9a_306_o  |   9|          2|   20|         40|
    |p_ZZN4nnet22compute_pool_buffer_2dINS_5arrayI8ap_fixedILi20ELi10EL9ap_q_mode5EL9a_307_o  |   9|          2|   20|         40|
    |p_ZZN4nnet22compute_pool_buffer_2dINS_5arrayI8ap_fixedILi20ELi10EL9ap_q_mode5EL9a_308_o  |   9|          2|   20|         40|
    |p_ZZN4nnet22compute_pool_buffer_2dINS_5arrayI8ap_fixedILi20ELi10EL9ap_q_mode5EL9a_309_o  |   9|          2|   20|         40|
    |p_ZZN4nnet22compute_pool_buffer_2dINS_5arrayI8ap_fixedILi20ELi10EL9ap_q_mode5EL9a_30_o   |   9|          2|   20|         40|
    |p_ZZN4nnet22compute_pool_buffer_2dINS_5arrayI8ap_fixedILi20ELi10EL9ap_q_mode5EL9a_310_o  |   9|          2|   20|         40|
    |p_ZZN4nnet22compute_pool_buffer_2dINS_5arrayI8ap_fixedILi20ELi10EL9ap_q_mode5EL9a_312_o  |   9|          2|   20|         40|
    |p_ZZN4nnet22compute_pool_buffer_2dINS_5arrayI8ap_fixedILi20ELi10EL9ap_q_mode5EL9a_313_o  |   9|          2|   20|         40|
    |p_ZZN4nnet22compute_pool_buffer_2dINS_5arrayI8ap_fixedILi20ELi10EL9ap_q_mode5EL9a_314_o  |   9|          2|   20|         40|
    |p_ZZN4nnet22compute_pool_buffer_2dINS_5arrayI8ap_fixedILi20ELi10EL9ap_q_mode5EL9a_31_o   |   9|          2|   20|         40|
    |p_ZZN4nnet22compute_pool_buffer_2dINS_5arrayI8ap_fixedILi20ELi10EL9ap_q_mode5EL9a_32_o   |   9|          2|   20|         40|
    |p_ZZN4nnet22compute_pool_buffer_2dINS_5arrayI8ap_fixedILi20ELi10EL9ap_q_mode5EL9a_33_o   |   9|          2|   20|         40|
    |p_ZZN4nnet22compute_pool_buffer_2dINS_5arrayI8ap_fixedILi20ELi10EL9ap_q_mode5EL9a_34_o   |   9|          2|   20|         40|
    |p_ZZN4nnet22compute_pool_buffer_2dINS_5arrayI8ap_fixedILi20ELi10EL9ap_q_mode5EL9a_35_o   |   9|          2|   20|         40|
    |p_ZZN4nnet22compute_pool_buffer_2dINS_5arrayI8ap_fixedILi20ELi10EL9ap_q_mode5EL9a_36_o   |   9|          2|   20|         40|
    |p_ZZN4nnet22compute_pool_buffer_2dINS_5arrayI8ap_fixedILi20ELi10EL9ap_q_mode5EL9a_37_o   |   9|          2|   20|         40|
    |p_ZZN4nnet22compute_pool_buffer_2dINS_5arrayI8ap_fixedILi20ELi10EL9ap_q_mode5EL9a_38_o   |   9|          2|   20|         40|
    |p_ZZN4nnet22compute_pool_buffer_2dINS_5arrayI8ap_fixedILi20ELi10EL9ap_q_mode5EL9a_39_o   |   9|          2|   20|         40|
    |p_ZZN4nnet22compute_pool_buffer_2dINS_5arrayI8ap_fixedILi20ELi10EL9ap_q_mode5EL9a_40_o   |   9|          2|   20|         40|
    |p_ZZN4nnet22compute_pool_buffer_2dINS_5arrayI8ap_fixedILi20ELi10EL9ap_q_mode5EL9a_41_o   |   9|          2|   20|         40|
    |p_ZZN4nnet22compute_pool_buffer_2dINS_5arrayI8ap_fixedILi20ELi10EL9ap_q_mode5EL9a_42_o   |   9|          2|   20|         40|
    |p_ZZN4nnet22compute_pool_buffer_2dINS_5arrayI8ap_fixedILi20ELi10EL9ap_q_mode5EL9a_43_o   |   9|          2|   20|         40|
    |p_ZZN4nnet22compute_pool_buffer_2dINS_5arrayI8ap_fixedILi20ELi10EL9ap_q_mode5EL9a_44_o   |   9|          2|   20|         40|
    |p_ZZN4nnet22compute_pool_buffer_2dINS_5arrayI8ap_fixedILi20ELi10EL9ap_q_mode5EL9a_45_o   |   9|          2|   20|         40|
    |p_ZZN4nnet22compute_pool_buffer_2dINS_5arrayI8ap_fixedILi20ELi10EL9ap_q_mode5EL9a_46_o   |   9|          2|   20|         40|
    |p_ZZN4nnet22compute_pool_buffer_2dINS_5arrayI8ap_fixedILi20ELi10EL9ap_q_mode5EL9a_47_o   |   9|          2|   20|         40|
    |p_ZZN4nnet22compute_pool_buffer_2dINS_5arrayI8ap_fixedILi20ELi10EL9ap_q_mode5EL9a_48_o   |   9|          2|   20|         40|
    |p_ZZN4nnet22compute_pool_buffer_2dINS_5arrayI8ap_fixedILi20ELi10EL9ap_q_mode5EL9a_49_o   |   9|          2|   20|         40|
    |p_ZZN4nnet22compute_pool_buffer_2dINS_5arrayI8ap_fixedILi20ELi10EL9ap_q_mode5EL9a_50_o   |   9|          2|   20|         40|
    |p_ZZN4nnet22compute_pool_buffer_2dINS_5arrayI8ap_fixedILi20ELi10EL9ap_q_mode5EL9a_51_o   |   9|          2|   20|         40|
    |p_ZZN4nnet22compute_pool_buffer_2dINS_5arrayI8ap_fixedILi20ELi10EL9ap_q_mode5EL9a_52_o   |   9|          2|   20|         40|
    |p_ZZN4nnet22compute_pool_buffer_2dINS_5arrayI8ap_fixedILi20ELi10EL9ap_q_mode5EL9a_53_o   |   9|          2|   20|         40|
    |p_ZZN4nnet22compute_pool_buffer_2dINS_5arrayI8ap_fixedILi20ELi10EL9ap_q_mode5EL9a_54_o   |   9|          2|   20|         40|
    |p_ZZN4nnet22compute_pool_buffer_2dINS_5arrayI8ap_fixedILi20ELi10EL9ap_q_mode5EL9a_55_o   |   9|          2|   20|         40|
    |p_ZZN4nnet22compute_pool_buffer_2dINS_5arrayI8ap_fixedILi20ELi10EL9ap_q_mode5EL9a_56_o   |   9|          2|   20|         40|
    |p_ZZN4nnet22compute_pool_buffer_2dINS_5arrayI8ap_fixedILi20ELi10EL9ap_q_mode5EL9a_57_o   |   9|          2|   20|         40|
    |p_ZZN4nnet22compute_pool_buffer_2dINS_5arrayI8ap_fixedILi20ELi10EL9ap_q_mode5EL9a_58_o   |   9|          2|   20|         40|
    |p_ZZN4nnet22compute_pool_buffer_2dINS_5arrayI8ap_fixedILi20ELi10EL9ap_q_mode5EL9a_59_o   |   9|          2|   20|         40|
    |p_ZZN4nnet22compute_pool_buffer_2dINS_5arrayI8ap_fixedILi20ELi10EL9ap_q_mode5EL9a_60_o   |   9|          2|   20|         40|
    |p_ZZN4nnet22compute_pool_buffer_2dINS_5arrayI8ap_fixedILi20ELi10EL9ap_q_mode5EL9a_61_o   |   9|          2|   20|         40|
    |p_ZZN4nnet22compute_pool_buffer_2dINS_5arrayI8ap_fixedILi20ELi10EL9ap_q_mode5EL9a_62_o   |   9|          2|   20|         40|
    |p_ZZN4nnet22compute_pool_buffer_2dINS_5arrayI8ap_fixedILi20ELi10EL9ap_q_mode5EL9a_63_o   |   9|          2|   20|         40|
    |p_ZZN4nnet22compute_pool_buffer_2dINS_5arrayI8ap_fixedILi20ELi10EL9ap_q_mode5EL9a_64_o   |   9|          2|   20|         40|
    |p_ZZN4nnet22compute_pool_buffer_2dINS_5arrayI8ap_fixedILi20ELi10EL9ap_q_mode5EL9a_65_o   |   9|          2|   20|         40|
    |p_ZZN4nnet22compute_pool_buffer_2dINS_5arrayI8ap_fixedILi20ELi10EL9ap_q_mode5EL9a_66_o   |   9|          2|   20|         40|
    |p_ZZN4nnet22compute_pool_buffer_2dINS_5arrayI8ap_fixedILi20ELi10EL9ap_q_mode5EL9a_67_o   |   9|          2|   20|         40|
    |p_ZZN4nnet22compute_pool_buffer_2dINS_5arrayI8ap_fixedILi20ELi10EL9ap_q_mode5EL9a_68_o   |   9|          2|   20|         40|
    |p_ZZN4nnet22compute_pool_buffer_2dINS_5arrayI8ap_fixedILi20ELi10EL9ap_q_mode5EL9a_69_o   |   9|          2|   20|         40|
    |p_ZZN4nnet22compute_pool_buffer_2dINS_5arrayI8ap_fixedILi20ELi10EL9ap_q_mode5EL9a_70_o   |   9|          2|   20|         40|
    |p_ZZN4nnet22compute_pool_buffer_2dINS_5arrayI8ap_fixedILi20ELi10EL9ap_q_mode5EL9a_71_o   |   9|          2|   20|         40|
    |p_ZZN4nnet22compute_pool_buffer_2dINS_5arrayI8ap_fixedILi20ELi10EL9ap_q_mode5EL9a_72_o   |   9|          2|   20|         40|
    |p_ZZN4nnet22compute_pool_buffer_2dINS_5arrayI8ap_fixedILi20ELi10EL9ap_q_mode5EL9a_73_o   |   9|          2|   20|         40|
    |p_ZZN4nnet22compute_pool_buffer_2dINS_5arrayI8ap_fixedILi20ELi10EL9ap_q_mode5EL9a_74_o   |   9|          2|   20|         40|
    |p_ZZN4nnet22compute_pool_buffer_2dINS_5arrayI8ap_fixedILi20ELi10EL9ap_q_mode5EL9a_75_o   |   9|          2|   20|         40|
    |p_ZZN4nnet22compute_pool_buffer_2dINS_5arrayI8ap_fixedILi20ELi10EL9ap_q_mode5EL9a_76_o   |   9|          2|   20|         40|
    |p_ZZN4nnet22compute_pool_buffer_2dINS_5arrayI8ap_fixedILi20ELi10EL9ap_q_mode5EL9a_77_o   |   9|          2|   20|         40|
    |p_ZZN4nnet22compute_pool_buffer_2dINS_5arrayI8ap_fixedILi20ELi10EL9ap_q_mode5EL9a_78_o   |   9|          2|   20|         40|
    |p_ZZN4nnet22compute_pool_buffer_2dINS_5arrayI8ap_fixedILi20ELi10EL9ap_q_mode5EL9a_79_o   |   9|          2|   20|         40|
    |p_ZZN4nnet22compute_pool_buffer_2dINS_5arrayI8ap_fixedILi20ELi10EL9ap_q_mode5EL9a_80_o   |   9|          2|   20|         40|
    |p_ZZN4nnet22compute_pool_buffer_2dINS_5arrayI8ap_fixedILi20ELi10EL9ap_q_mode5EL9a_81_o   |   9|          2|   20|         40|
    |p_ZZN4nnet22compute_pool_buffer_2dINS_5arrayI8ap_fixedILi20ELi10EL9ap_q_mode5EL9a_82_o   |   9|          2|   20|         40|
    |p_ZZN4nnet22compute_pool_buffer_2dINS_5arrayI8ap_fixedILi20ELi10EL9ap_q_mode5EL9a_83_o   |   9|          2|   20|         40|
    |p_ZZN4nnet22compute_pool_buffer_2dINS_5arrayI8ap_fixedILi20ELi10EL9ap_q_mode5EL9a_84_o   |   9|          2|   20|         40|
    |p_ZZN4nnet22compute_pool_buffer_2dINS_5arrayI8ap_fixedILi20ELi10EL9ap_q_mode5EL9a_85_o   |   9|          2|   20|         40|
    |p_ZZN4nnet22compute_pool_buffer_2dINS_5arrayI8ap_fixedILi20ELi10EL9ap_q_mode5EL9a_86_o   |   9|          2|   20|         40|
    |p_ZZN4nnet22compute_pool_buffer_2dINS_5arrayI8ap_fixedILi20ELi10EL9ap_q_mode5EL9a_87_o   |   9|          2|   20|         40|
    |p_ZZN4nnet22compute_pool_buffer_2dINS_5arrayI8ap_fixedILi20ELi10EL9ap_q_mode5EL9a_88_o   |   9|          2|   20|         40|
    |p_ZZN4nnet22compute_pool_buffer_2dINS_5arrayI8ap_fixedILi20ELi10EL9ap_q_mode5EL9a_89_o   |   9|          2|   20|         40|
    |p_ZZN4nnet22compute_pool_buffer_2dINS_5arrayI8ap_fixedILi20ELi10EL9ap_q_mode5EL9a_90_o   |   9|          2|   20|         40|
    |p_ZZN4nnet22compute_pool_buffer_2dINS_5arrayI8ap_fixedILi20ELi10EL9ap_q_mode5EL9a_91_o   |   9|          2|   20|         40|
    |p_ZZN4nnet22compute_pool_buffer_2dINS_5arrayI8ap_fixedILi20ELi10EL9ap_q_mode5EL9a_93_o   |   9|          2|   20|         40|
    |p_ZZN4nnet22compute_pool_buffer_2dINS_5arrayI8ap_fixedILi20ELi10EL9ap_q_mode5EL9a_94_o   |   9|          2|   20|         40|
    |p_ZZN4nnet22compute_pool_buffer_2dINS_5arrayI8ap_fixedILi20ELi10EL9ap_q_mode5EL9a_95_o   |   9|          2|   20|         40|
    |p_ZZN4nnet22compute_pool_buffer_2dINS_5arrayI8ap_fixedILi20ELi10EL9ap_q_mode5EL9a_96_o   |   9|          2|   20|         40|
    |p_ZZN4nnet22compute_pool_buffer_2dINS_5arrayI8ap_fixedILi20ELi10EL9ap_q_mode5EL9a_97_o   |   9|          2|   20|         40|
    |p_ZZN4nnet22compute_pool_buffer_2dINS_5arrayI8ap_fixedILi20ELi10EL9ap_q_mode5EL9a_98_o   |   9|          2|   20|         40|
    |p_ZZN4nnet22compute_pool_buffer_2dINS_5arrayI8ap_fixedILi20ELi10EL9ap_q_mode5EL9a_99_o   |   9|          2|   20|         40|
    +-----------------------------------------------------------------------------------------+----+-----------+-----+-----------+
    |Total                                                                                    |1296|        288| 2880|       5760|
    +-----------------------------------------------------------------------------------------+----+-----------+-----+-----------+

    * Register: 
    +-----------+---+----+-----+-----------+
    |    Name   | FF| LUT| Bits| Const Bits|
    +-----------+---+----+-----+-----------+
    |ap_CS_fsm  |  1|   0|    1|          0|
    +-----------+---+----+-----+-----------+
    |Total      |  1|   0|    1|          0|
    +-----------+---+----+-----+-----------+



================================================================
== Interface
================================================================
* Summary: 
+------------------------------------------------------------------------------------------------+-----+-----+------------+---------------------------------------------------------------------------------------+--------------+
|                                            RTL Ports                                           | Dir | Bits|  Protocol  |                                     Source Object                                     |    C Type    |
+------------------------------------------------------------------------------------------------+-----+-----+------------+---------------------------------------------------------------------------------------+--------------+
|ap_clk                                                                                          |   in|    1|  ap_ctrl_hs|                      shift_line_buffer<array<ap_fixed<20, 10, 5, 3, 0>, 18u>, config9>|  return value|
|ap_rst                                                                                          |   in|    1|  ap_ctrl_hs|                      shift_line_buffer<array<ap_fixed<20, 10, 5, 3, 0>, 18u>, config9>|  return value|
|ap_start                                                                                        |   in|    1|  ap_ctrl_hs|                      shift_line_buffer<array<ap_fixed<20, 10, 5, 3, 0>, 18u>, config9>|  return value|
|ap_done                                                                                         |  out|    1|  ap_ctrl_hs|                      shift_line_buffer<array<ap_fixed<20, 10, 5, 3, 0>, 18u>, config9>|  return value|
|ap_idle                                                                                         |  out|    1|  ap_ctrl_hs|                      shift_line_buffer<array<ap_fixed<20, 10, 5, 3, 0>, 18u>, config9>|  return value|
|ap_ready                                                                                        |  out|    1|  ap_ctrl_hs|                      shift_line_buffer<array<ap_fixed<20, 10, 5, 3, 0>, 18u>, config9>|  return value|
|ap_ce                                                                                           |   in|    1|  ap_ctrl_hs|                      shift_line_buffer<array<ap_fixed<20, 10, 5, 3, 0>, 18u>, config9>|  return value|
|p_read                                                                                          |   in|   20|     ap_none|                                                                                 p_read|        scalar|
|p_read1                                                                                         |   in|   20|     ap_none|                                                                                p_read1|        scalar|
|p_read2                                                                                         |   in|   20|     ap_none|                                                                                p_read2|        scalar|
|p_read3                                                                                         |   in|   20|     ap_none|                                                                                p_read3|        scalar|
|p_read4                                                                                         |   in|   20|     ap_none|                                                                                p_read4|        scalar|
|p_read5                                                                                         |   in|   20|     ap_none|                                                                                p_read5|        scalar|
|p_read6                                                                                         |   in|   20|     ap_none|                                                                                p_read6|        scalar|
|p_read7                                                                                         |   in|   20|     ap_none|                                                                                p_read7|        scalar|
|p_read8                                                                                         |   in|   20|     ap_none|                                                                                p_read8|        scalar|
|p_read9                                                                                         |   in|   20|     ap_none|                                                                                p_read9|        scalar|
|p_read10                                                                                        |   in|   20|     ap_none|                                                                               p_read10|        scalar|
|p_read11                                                                                        |   in|   20|     ap_none|                                                                               p_read11|        scalar|
|p_read12                                                                                        |   in|   20|     ap_none|                                                                               p_read12|        scalar|
|p_read13                                                                                        |   in|   20|     ap_none|                                                                               p_read13|        scalar|
|p_read14                                                                                        |   in|   20|     ap_none|                                                                               p_read14|        scalar|
|p_read15                                                                                        |   in|   20|     ap_none|                                                                               p_read15|        scalar|
|p_read16                                                                                        |   in|   20|     ap_none|                                                                               p_read16|        scalar|
|p_read17                                                                                        |   in|   20|     ap_none|                                                                               p_read17|        scalar|
|p_ZZN4nnet22compute_pool_buffer_2dINS_5arrayI8ap_fixedILi20ELi10EL9ap_q_mode5EL9a_81_i          |   in|   20|     ap_ovld|   p_ZZN4nnet22compute_pool_buffer_2dINS_5arrayI8ap_fixedILi20ELi10EL9ap_q_mode5EL9a_81|       pointer|
|p_ZZN4nnet22compute_pool_buffer_2dINS_5arrayI8ap_fixedILi20ELi10EL9ap_q_mode5EL9a_81_o          |  out|   20|     ap_ovld|   p_ZZN4nnet22compute_pool_buffer_2dINS_5arrayI8ap_fixedILi20ELi10EL9ap_q_mode5EL9a_81|       pointer|
|p_ZZN4nnet22compute_pool_buffer_2dINS_5arrayI8ap_fixedILi20ELi10EL9ap_q_mode5EL9a_81_o_ap_vld   |  out|    1|     ap_ovld|   p_ZZN4nnet22compute_pool_buffer_2dINS_5arrayI8ap_fixedILi20ELi10EL9ap_q_mode5EL9a_81|       pointer|
|void_compute_pool_buffer_2d_array_const_ap_shift_reg_n_filt_stream_kernel_9                     |  out|   20|      ap_vld|            void_compute_pool_buffer_2d_array_const_ap_shift_reg_n_filt_stream_kernel_9|       pointer|
|void_compute_pool_buffer_2d_array_const_ap_shift_reg_n_filt_stream_kernel_9_ap_vld              |  out|    1|      ap_vld|            void_compute_pool_buffer_2d_array_const_ap_shift_reg_n_filt_stream_kernel_9|       pointer|
|p_ZZN4nnet22compute_pool_buffer_2dINS_5arrayI8ap_fixedILi20ELi10EL9ap_q_mode5EL9a_80_i          |   in|   20|     ap_ovld|   p_ZZN4nnet22compute_pool_buffer_2dINS_5arrayI8ap_fixedILi20ELi10EL9ap_q_mode5EL9a_80|       pointer|
|p_ZZN4nnet22compute_pool_buffer_2dINS_5arrayI8ap_fixedILi20ELi10EL9ap_q_mode5EL9a_80_o          |  out|   20|     ap_ovld|   p_ZZN4nnet22compute_pool_buffer_2dINS_5arrayI8ap_fixedILi20ELi10EL9ap_q_mode5EL9a_80|       pointer|
|p_ZZN4nnet22compute_pool_buffer_2dINS_5arrayI8ap_fixedILi20ELi10EL9ap_q_mode5EL9a_80_o_ap_vld   |  out|    1|     ap_ovld|   p_ZZN4nnet22compute_pool_buffer_2dINS_5arrayI8ap_fixedILi20ELi10EL9ap_q_mode5EL9a_80|       pointer|
|void_compute_pool_buffer_2d_array_const_ap_shift_reg_n_filt_stream_kernel_8                     |  out|   20|      ap_vld|            void_compute_pool_buffer_2d_array_const_ap_shift_reg_n_filt_stream_kernel_8|       pointer|
|void_compute_pool_buffer_2d_array_const_ap_shift_reg_n_filt_stream_kernel_8_ap_vld              |  out|    1|      ap_vld|            void_compute_pool_buffer_2d_array_const_ap_shift_reg_n_filt_stream_kernel_8|       pointer|
|p_ZZN4nnet22compute_pool_buffer_2dINS_5arrayI8ap_fixedILi20ELi10EL9ap_q_mode5EL9a_79_i          |   in|   20|     ap_ovld|   p_ZZN4nnet22compute_pool_buffer_2dINS_5arrayI8ap_fixedILi20ELi10EL9ap_q_mode5EL9a_79|       pointer|
|p_ZZN4nnet22compute_pool_buffer_2dINS_5arrayI8ap_fixedILi20ELi10EL9ap_q_mode5EL9a_79_o          |  out|   20|     ap_ovld|   p_ZZN4nnet22compute_pool_buffer_2dINS_5arrayI8ap_fixedILi20ELi10EL9ap_q_mode5EL9a_79|       pointer|
|p_ZZN4nnet22compute_pool_buffer_2dINS_5arrayI8ap_fixedILi20ELi10EL9ap_q_mode5EL9a_79_o_ap_vld   |  out|    1|     ap_ovld|   p_ZZN4nnet22compute_pool_buffer_2dINS_5arrayI8ap_fixedILi20ELi10EL9ap_q_mode5EL9a_79|       pointer|
|void_compute_pool_buffer_2d_array_const_ap_shift_reg_n_filt_stream_kernel_7                     |  out|   20|      ap_vld|            void_compute_pool_buffer_2d_array_const_ap_shift_reg_n_filt_stream_kernel_7|       pointer|
|void_compute_pool_buffer_2d_array_const_ap_shift_reg_n_filt_stream_kernel_7_ap_vld              |  out|    1|      ap_vld|            void_compute_pool_buffer_2d_array_const_ap_shift_reg_n_filt_stream_kernel_7|       pointer|
|p_ZZN4nnet22compute_pool_buffer_2dINS_5arrayI8ap_fixedILi20ELi10EL9ap_q_mode5EL9a_78_i          |   in|   20|     ap_ovld|   p_ZZN4nnet22compute_pool_buffer_2dINS_5arrayI8ap_fixedILi20ELi10EL9ap_q_mode5EL9a_78|       pointer|
|p_ZZN4nnet22compute_pool_buffer_2dINS_5arrayI8ap_fixedILi20ELi10EL9ap_q_mode5EL9a_78_o          |  out|   20|     ap_ovld|   p_ZZN4nnet22compute_pool_buffer_2dINS_5arrayI8ap_fixedILi20ELi10EL9ap_q_mode5EL9a_78|       pointer|
|p_ZZN4nnet22compute_pool_buffer_2dINS_5arrayI8ap_fixedILi20ELi10EL9ap_q_mode5EL9a_78_o_ap_vld   |  out|    1|     ap_ovld|   p_ZZN4nnet22compute_pool_buffer_2dINS_5arrayI8ap_fixedILi20ELi10EL9ap_q_mode5EL9a_78|       pointer|
|void_compute_pool_buffer_2d_array_const_ap_shift_reg_n_filt_stream_kernel_6                     |  out|   20|      ap_vld|            void_compute_pool_buffer_2d_array_const_ap_shift_reg_n_filt_stream_kernel_6|       pointer|
|void_compute_pool_buffer_2d_array_const_ap_shift_reg_n_filt_stream_kernel_6_ap_vld              |  out|    1|      ap_vld|            void_compute_pool_buffer_2d_array_const_ap_shift_reg_n_filt_stream_kernel_6|       pointer|
|p_ZZN4nnet22compute_pool_buffer_2dINS_5arrayI8ap_fixedILi20ELi10EL9ap_q_mode5EL9a_77_i          |   in|   20|     ap_ovld|   p_ZZN4nnet22compute_pool_buffer_2dINS_5arrayI8ap_fixedILi20ELi10EL9ap_q_mode5EL9a_77|       pointer|
|p_ZZN4nnet22compute_pool_buffer_2dINS_5arrayI8ap_fixedILi20ELi10EL9ap_q_mode5EL9a_77_o          |  out|   20|     ap_ovld|   p_ZZN4nnet22compute_pool_buffer_2dINS_5arrayI8ap_fixedILi20ELi10EL9ap_q_mode5EL9a_77|       pointer|
|p_ZZN4nnet22compute_pool_buffer_2dINS_5arrayI8ap_fixedILi20ELi10EL9ap_q_mode5EL9a_77_o_ap_vld   |  out|    1|     ap_ovld|   p_ZZN4nnet22compute_pool_buffer_2dINS_5arrayI8ap_fixedILi20ELi10EL9ap_q_mode5EL9a_77|       pointer|
|void_compute_pool_buffer_2d_array_const_ap_shift_reg_n_filt_stream_kernel_5                     |  out|   20|      ap_vld|            void_compute_pool_buffer_2d_array_const_ap_shift_reg_n_filt_stream_kernel_5|       pointer|
|void_compute_pool_buffer_2d_array_const_ap_shift_reg_n_filt_stream_kernel_5_ap_vld              |  out|    1|      ap_vld|            void_compute_pool_buffer_2d_array_const_ap_shift_reg_n_filt_stream_kernel_5|       pointer|
|p_ZZN4nnet22compute_pool_buffer_2dINS_5arrayI8ap_fixedILi20ELi10EL9ap_q_mode5EL9a_76_i          |   in|   20|     ap_ovld|   p_ZZN4nnet22compute_pool_buffer_2dINS_5arrayI8ap_fixedILi20ELi10EL9ap_q_mode5EL9a_76|       pointer|
|p_ZZN4nnet22compute_pool_buffer_2dINS_5arrayI8ap_fixedILi20ELi10EL9ap_q_mode5EL9a_76_o          |  out|   20|     ap_ovld|   p_ZZN4nnet22compute_pool_buffer_2dINS_5arrayI8ap_fixedILi20ELi10EL9ap_q_mode5EL9a_76|       pointer|
|p_ZZN4nnet22compute_pool_buffer_2dINS_5arrayI8ap_fixedILi20ELi10EL9ap_q_mode5EL9a_76_o_ap_vld   |  out|    1|     ap_ovld|   p_ZZN4nnet22compute_pool_buffer_2dINS_5arrayI8ap_fixedILi20ELi10EL9ap_q_mode5EL9a_76|       pointer|
|void_compute_pool_buffer_2d_array_const_ap_shift_reg_n_filt_stream_kernel_4                     |  out|   20|      ap_vld|            void_compute_pool_buffer_2d_array_const_ap_shift_reg_n_filt_stream_kernel_4|       pointer|
|void_compute_pool_buffer_2d_array_const_ap_shift_reg_n_filt_stream_kernel_4_ap_vld              |  out|    1|      ap_vld|            void_compute_pool_buffer_2d_array_const_ap_shift_reg_n_filt_stream_kernel_4|       pointer|
|p_ZZN4nnet22compute_pool_buffer_2dINS_5arrayI8ap_fixedILi20ELi10EL9ap_q_mode5EL9a_75_i          |   in|   20|     ap_ovld|   p_ZZN4nnet22compute_pool_buffer_2dINS_5arrayI8ap_fixedILi20ELi10EL9ap_q_mode5EL9a_75|       pointer|
|p_ZZN4nnet22compute_pool_buffer_2dINS_5arrayI8ap_fixedILi20ELi10EL9ap_q_mode5EL9a_75_o          |  out|   20|     ap_ovld|   p_ZZN4nnet22compute_pool_buffer_2dINS_5arrayI8ap_fixedILi20ELi10EL9ap_q_mode5EL9a_75|       pointer|
|p_ZZN4nnet22compute_pool_buffer_2dINS_5arrayI8ap_fixedILi20ELi10EL9ap_q_mode5EL9a_75_o_ap_vld   |  out|    1|     ap_ovld|   p_ZZN4nnet22compute_pool_buffer_2dINS_5arrayI8ap_fixedILi20ELi10EL9ap_q_mode5EL9a_75|       pointer|
|void_compute_pool_buffer_2d_array_const_ap_shift_reg_n_filt_stream_kernel_3                     |  out|   20|      ap_vld|            void_compute_pool_buffer_2d_array_const_ap_shift_reg_n_filt_stream_kernel_3|       pointer|
|void_compute_pool_buffer_2d_array_const_ap_shift_reg_n_filt_stream_kernel_3_ap_vld              |  out|    1|      ap_vld|            void_compute_pool_buffer_2d_array_const_ap_shift_reg_n_filt_stream_kernel_3|       pointer|
|p_ZZN4nnet22compute_pool_buffer_2dINS_5arrayI8ap_fixedILi20ELi10EL9ap_q_mode5EL9a_74_i          |   in|   20|     ap_ovld|   p_ZZN4nnet22compute_pool_buffer_2dINS_5arrayI8ap_fixedILi20ELi10EL9ap_q_mode5EL9a_74|       pointer|
|p_ZZN4nnet22compute_pool_buffer_2dINS_5arrayI8ap_fixedILi20ELi10EL9ap_q_mode5EL9a_74_o          |  out|   20|     ap_ovld|   p_ZZN4nnet22compute_pool_buffer_2dINS_5arrayI8ap_fixedILi20ELi10EL9ap_q_mode5EL9a_74|       pointer|
|p_ZZN4nnet22compute_pool_buffer_2dINS_5arrayI8ap_fixedILi20ELi10EL9ap_q_mode5EL9a_74_o_ap_vld   |  out|    1|     ap_ovld|   p_ZZN4nnet22compute_pool_buffer_2dINS_5arrayI8ap_fixedILi20ELi10EL9ap_q_mode5EL9a_74|       pointer|
|void_compute_pool_buffer_2d_array_const_ap_shift_reg_n_filt_stream_kernel_2                     |  out|   20|      ap_vld|            void_compute_pool_buffer_2d_array_const_ap_shift_reg_n_filt_stream_kernel_2|       pointer|
|void_compute_pool_buffer_2d_array_const_ap_shift_reg_n_filt_stream_kernel_2_ap_vld              |  out|    1|      ap_vld|            void_compute_pool_buffer_2d_array_const_ap_shift_reg_n_filt_stream_kernel_2|       pointer|
|p_ZZN4nnet22compute_pool_buffer_2dINS_5arrayI8ap_fixedILi20ELi10EL9ap_q_mode5EL9a_73_i          |   in|   20|     ap_ovld|   p_ZZN4nnet22compute_pool_buffer_2dINS_5arrayI8ap_fixedILi20ELi10EL9ap_q_mode5EL9a_73|       pointer|
|p_ZZN4nnet22compute_pool_buffer_2dINS_5arrayI8ap_fixedILi20ELi10EL9ap_q_mode5EL9a_73_o          |  out|   20|     ap_ovld|   p_ZZN4nnet22compute_pool_buffer_2dINS_5arrayI8ap_fixedILi20ELi10EL9ap_q_mode5EL9a_73|       pointer|
|p_ZZN4nnet22compute_pool_buffer_2dINS_5arrayI8ap_fixedILi20ELi10EL9ap_q_mode5EL9a_73_o_ap_vld   |  out|    1|     ap_ovld|   p_ZZN4nnet22compute_pool_buffer_2dINS_5arrayI8ap_fixedILi20ELi10EL9ap_q_mode5EL9a_73|       pointer|
|void_compute_pool_buffer_2d_array_const_ap_shift_reg_n_filt_stream_kernel_1                     |  out|   20|      ap_vld|            void_compute_pool_buffer_2d_array_const_ap_shift_reg_n_filt_stream_kernel_1|       pointer|
|void_compute_pool_buffer_2d_array_const_ap_shift_reg_n_filt_stream_kernel_1_ap_vld              |  out|    1|      ap_vld|            void_compute_pool_buffer_2d_array_const_ap_shift_reg_n_filt_stream_kernel_1|       pointer|
|p_ZZN4nnet22compute_pool_buffer_2dINS_5arrayI8ap_fixedILi20ELi10EL9ap_q_mode5EL9a_72_i          |   in|   20|     ap_ovld|   p_ZZN4nnet22compute_pool_buffer_2dINS_5arrayI8ap_fixedILi20ELi10EL9ap_q_mode5EL9a_72|       pointer|
|p_ZZN4nnet22compute_pool_buffer_2dINS_5arrayI8ap_fixedILi20ELi10EL9ap_q_mode5EL9a_72_o          |  out|   20|     ap_ovld|   p_ZZN4nnet22compute_pool_buffer_2dINS_5arrayI8ap_fixedILi20ELi10EL9ap_q_mode5EL9a_72|       pointer|
|p_ZZN4nnet22compute_pool_buffer_2dINS_5arrayI8ap_fixedILi20ELi10EL9ap_q_mode5EL9a_72_o_ap_vld   |  out|    1|     ap_ovld|   p_ZZN4nnet22compute_pool_buffer_2dINS_5arrayI8ap_fixedILi20ELi10EL9ap_q_mode5EL9a_72|       pointer|
|void_compute_pool_buffer_2d_array_const_ap_shift_reg_n_filt_stream_kernel                       |  out|   20|      ap_vld|              void_compute_pool_buffer_2d_array_const_ap_shift_reg_n_filt_stream_kernel|       pointer|
|void_compute_pool_buffer_2d_array_const_ap_shift_reg_n_filt_stream_kernel_ap_vld                |  out|    1|      ap_vld|              void_compute_pool_buffer_2d_array_const_ap_shift_reg_n_filt_stream_kernel|       pointer|
|p_ZZN4nnet22compute_pool_buffer_2dINS_5arrayI8ap_fixedILi20ELi10EL9ap_q_mode5EL9a_71_i          |   in|   20|     ap_ovld|   p_ZZN4nnet22compute_pool_buffer_2dINS_5arrayI8ap_fixedILi20ELi10EL9ap_q_mode5EL9a_71|       pointer|
|p_ZZN4nnet22compute_pool_buffer_2dINS_5arrayI8ap_fixedILi20ELi10EL9ap_q_mode5EL9a_71_o          |  out|   20|     ap_ovld|   p_ZZN4nnet22compute_pool_buffer_2dINS_5arrayI8ap_fixedILi20ELi10EL9ap_q_mode5EL9a_71|       pointer|
|p_ZZN4nnet22compute_pool_buffer_2dINS_5arrayI8ap_fixedILi20ELi10EL9ap_q_mode5EL9a_71_o_ap_vld   |  out|    1|     ap_ovld|   p_ZZN4nnet22compute_pool_buffer_2dINS_5arrayI8ap_fixedILi20ELi10EL9ap_q_mode5EL9a_71|       pointer|
|p_ZZN4nnet22compute_pool_buffer_2dINS_5arrayI8ap_fixedILi20ELi10EL9ap_q_mode5EL9a_245           |  out|   20|      ap_vld|  p_ZZN4nnet22compute_pool_buffer_2dINS_5arrayI8ap_fixedILi20ELi10EL9ap_q_mode5EL9a_245|       pointer|
|p_ZZN4nnet22compute_pool_buffer_2dINS_5arrayI8ap_fixedILi20ELi10EL9ap_q_mode5EL9a_245_ap_vld    |  out|    1|      ap_vld|  p_ZZN4nnet22compute_pool_buffer_2dINS_5arrayI8ap_fixedILi20ELi10EL9ap_q_mode5EL9a_245|       pointer|
|p_ZZN4nnet22compute_pool_buffer_2dINS_5arrayI8ap_fixedILi20ELi10EL9ap_q_mode5EL9a_70_i          |   in|   20|     ap_ovld|   p_ZZN4nnet22compute_pool_buffer_2dINS_5arrayI8ap_fixedILi20ELi10EL9ap_q_mode5EL9a_70|       pointer|
|p_ZZN4nnet22compute_pool_buffer_2dINS_5arrayI8ap_fixedILi20ELi10EL9ap_q_mode5EL9a_70_o          |  out|   20|     ap_ovld|   p_ZZN4nnet22compute_pool_buffer_2dINS_5arrayI8ap_fixedILi20ELi10EL9ap_q_mode5EL9a_70|       pointer|
|p_ZZN4nnet22compute_pool_buffer_2dINS_5arrayI8ap_fixedILi20ELi10EL9ap_q_mode5EL9a_70_o_ap_vld   |  out|    1|     ap_ovld|   p_ZZN4nnet22compute_pool_buffer_2dINS_5arrayI8ap_fixedILi20ELi10EL9ap_q_mode5EL9a_70|       pointer|
|p_ZZN4nnet22compute_pool_buffer_2dINS_5arrayI8ap_fixedILi20ELi10EL9ap_q_mode5EL9a_256           |  out|   20|      ap_vld|  p_ZZN4nnet22compute_pool_buffer_2dINS_5arrayI8ap_fixedILi20ELi10EL9ap_q_mode5EL9a_256|       pointer|
|p_ZZN4nnet22compute_pool_buffer_2dINS_5arrayI8ap_fixedILi20ELi10EL9ap_q_mode5EL9a_256_ap_vld    |  out|    1|      ap_vld|  p_ZZN4nnet22compute_pool_buffer_2dINS_5arrayI8ap_fixedILi20ELi10EL9ap_q_mode5EL9a_256|       pointer|
|p_ZZN4nnet22compute_pool_buffer_2dINS_5arrayI8ap_fixedILi20ELi10EL9ap_q_mode5EL9a_69_i          |   in|   20|     ap_ovld|   p_ZZN4nnet22compute_pool_buffer_2dINS_5arrayI8ap_fixedILi20ELi10EL9ap_q_mode5EL9a_69|       pointer|
|p_ZZN4nnet22compute_pool_buffer_2dINS_5arrayI8ap_fixedILi20ELi10EL9ap_q_mode5EL9a_69_o          |  out|   20|     ap_ovld|   p_ZZN4nnet22compute_pool_buffer_2dINS_5arrayI8ap_fixedILi20ELi10EL9ap_q_mode5EL9a_69|       pointer|
|p_ZZN4nnet22compute_pool_buffer_2dINS_5arrayI8ap_fixedILi20ELi10EL9ap_q_mode5EL9a_69_o_ap_vld   |  out|    1|     ap_ovld|   p_ZZN4nnet22compute_pool_buffer_2dINS_5arrayI8ap_fixedILi20ELi10EL9ap_q_mode5EL9a_69|       pointer|
|p_ZZN4nnet22compute_pool_buffer_2dINS_5arrayI8ap_fixedILi20ELi10EL9ap_q_mode5EL9a_267           |  out|   20|      ap_vld|  p_ZZN4nnet22compute_pool_buffer_2dINS_5arrayI8ap_fixedILi20ELi10EL9ap_q_mode5EL9a_267|       pointer|
|p_ZZN4nnet22compute_pool_buffer_2dINS_5arrayI8ap_fixedILi20ELi10EL9ap_q_mode5EL9a_267_ap_vld    |  out|    1|      ap_vld|  p_ZZN4nnet22compute_pool_buffer_2dINS_5arrayI8ap_fixedILi20ELi10EL9ap_q_mode5EL9a_267|       pointer|
|p_ZZN4nnet22compute_pool_buffer_2dINS_5arrayI8ap_fixedILi20ELi10EL9ap_q_mode5EL9a_68_i          |   in|   20|     ap_ovld|   p_ZZN4nnet22compute_pool_buffer_2dINS_5arrayI8ap_fixedILi20ELi10EL9ap_q_mode5EL9a_68|       pointer|
|p_ZZN4nnet22compute_pool_buffer_2dINS_5arrayI8ap_fixedILi20ELi10EL9ap_q_mode5EL9a_68_o          |  out|   20|     ap_ovld|   p_ZZN4nnet22compute_pool_buffer_2dINS_5arrayI8ap_fixedILi20ELi10EL9ap_q_mode5EL9a_68|       pointer|
|p_ZZN4nnet22compute_pool_buffer_2dINS_5arrayI8ap_fixedILi20ELi10EL9ap_q_mode5EL9a_68_o_ap_vld   |  out|    1|     ap_ovld|   p_ZZN4nnet22compute_pool_buffer_2dINS_5arrayI8ap_fixedILi20ELi10EL9ap_q_mode5EL9a_68|       pointer|
|p_ZZN4nnet22compute_pool_buffer_2dINS_5arrayI8ap_fixedILi20ELi10EL9ap_q_mode5EL9a_278           |  out|   20|      ap_vld|  p_ZZN4nnet22compute_pool_buffer_2dINS_5arrayI8ap_fixedILi20ELi10EL9ap_q_mode5EL9a_278|       pointer|
|p_ZZN4nnet22compute_pool_buffer_2dINS_5arrayI8ap_fixedILi20ELi10EL9ap_q_mode5EL9a_278_ap_vld    |  out|    1|      ap_vld|  p_ZZN4nnet22compute_pool_buffer_2dINS_5arrayI8ap_fixedILi20ELi10EL9ap_q_mode5EL9a_278|       pointer|
|p_ZZN4nnet22compute_pool_buffer_2dINS_5arrayI8ap_fixedILi20ELi10EL9ap_q_mode5EL9a_67_i          |   in|   20|     ap_ovld|   p_ZZN4nnet22compute_pool_buffer_2dINS_5arrayI8ap_fixedILi20ELi10EL9ap_q_mode5EL9a_67|       pointer|
|p_ZZN4nnet22compute_pool_buffer_2dINS_5arrayI8ap_fixedILi20ELi10EL9ap_q_mode5EL9a_67_o          |  out|   20|     ap_ovld|   p_ZZN4nnet22compute_pool_buffer_2dINS_5arrayI8ap_fixedILi20ELi10EL9ap_q_mode5EL9a_67|       pointer|
|p_ZZN4nnet22compute_pool_buffer_2dINS_5arrayI8ap_fixedILi20ELi10EL9ap_q_mode5EL9a_67_o_ap_vld   |  out|    1|     ap_ovld|   p_ZZN4nnet22compute_pool_buffer_2dINS_5arrayI8ap_fixedILi20ELi10EL9ap_q_mode5EL9a_67|       pointer|
|p_ZZN4nnet22compute_pool_buffer_2dINS_5arrayI8ap_fixedILi20ELi10EL9ap_q_mode5EL9a_289           |  out|   20|      ap_vld|  p_ZZN4nnet22compute_pool_buffer_2dINS_5arrayI8ap_fixedILi20ELi10EL9ap_q_mode5EL9a_289|       pointer|
|p_ZZN4nnet22compute_pool_buffer_2dINS_5arrayI8ap_fixedILi20ELi10EL9ap_q_mode5EL9a_289_ap_vld    |  out|    1|      ap_vld|  p_ZZN4nnet22compute_pool_buffer_2dINS_5arrayI8ap_fixedILi20ELi10EL9ap_q_mode5EL9a_289|       pointer|
|p_ZZN4nnet22compute_pool_buffer_2dINS_5arrayI8ap_fixedILi20ELi10EL9ap_q_mode5EL9a_66_i          |   in|   20|     ap_ovld|   p_ZZN4nnet22compute_pool_buffer_2dINS_5arrayI8ap_fixedILi20ELi10EL9ap_q_mode5EL9a_66|       pointer|
|p_ZZN4nnet22compute_pool_buffer_2dINS_5arrayI8ap_fixedILi20ELi10EL9ap_q_mode5EL9a_66_o          |  out|   20|     ap_ovld|   p_ZZN4nnet22compute_pool_buffer_2dINS_5arrayI8ap_fixedILi20ELi10EL9ap_q_mode5EL9a_66|       pointer|
|p_ZZN4nnet22compute_pool_buffer_2dINS_5arrayI8ap_fixedILi20ELi10EL9ap_q_mode5EL9a_66_o_ap_vld   |  out|    1|     ap_ovld|   p_ZZN4nnet22compute_pool_buffer_2dINS_5arrayI8ap_fixedILi20ELi10EL9ap_q_mode5EL9a_66|       pointer|
|p_ZZN4nnet22compute_pool_buffer_2dINS_5arrayI8ap_fixedILi20ELi10EL9ap_q_mode5EL9a_300           |  out|   20|      ap_vld|  p_ZZN4nnet22compute_pool_buffer_2dINS_5arrayI8ap_fixedILi20ELi10EL9ap_q_mode5EL9a_300|       pointer|
|p_ZZN4nnet22compute_pool_buffer_2dINS_5arrayI8ap_fixedILi20ELi10EL9ap_q_mode5EL9a_300_ap_vld    |  out|    1|      ap_vld|  p_ZZN4nnet22compute_pool_buffer_2dINS_5arrayI8ap_fixedILi20ELi10EL9ap_q_mode5EL9a_300|       pointer|
|p_ZZN4nnet22compute_pool_buffer_2dINS_5arrayI8ap_fixedILi20ELi10EL9ap_q_mode5EL9a_65_i          |   in|   20|     ap_ovld|   p_ZZN4nnet22compute_pool_buffer_2dINS_5arrayI8ap_fixedILi20ELi10EL9ap_q_mode5EL9a_65|       pointer|
|p_ZZN4nnet22compute_pool_buffer_2dINS_5arrayI8ap_fixedILi20ELi10EL9ap_q_mode5EL9a_65_o          |  out|   20|     ap_ovld|   p_ZZN4nnet22compute_pool_buffer_2dINS_5arrayI8ap_fixedILi20ELi10EL9ap_q_mode5EL9a_65|       pointer|
|p_ZZN4nnet22compute_pool_buffer_2dINS_5arrayI8ap_fixedILi20ELi10EL9ap_q_mode5EL9a_65_o_ap_vld   |  out|    1|     ap_ovld|   p_ZZN4nnet22compute_pool_buffer_2dINS_5arrayI8ap_fixedILi20ELi10EL9ap_q_mode5EL9a_65|       pointer|
|p_ZZN4nnet22compute_pool_buffer_2dINS_5arrayI8ap_fixedILi20ELi10EL9ap_q_mode5EL9a_311           |  out|   20|      ap_vld|  p_ZZN4nnet22compute_pool_buffer_2dINS_5arrayI8ap_fixedILi20ELi10EL9ap_q_mode5EL9a_311|       pointer|
|p_ZZN4nnet22compute_pool_buffer_2dINS_5arrayI8ap_fixedILi20ELi10EL9ap_q_mode5EL9a_311_ap_vld    |  out|    1|      ap_vld|  p_ZZN4nnet22compute_pool_buffer_2dINS_5arrayI8ap_fixedILi20ELi10EL9ap_q_mode5EL9a_311|       pointer|
|p_ZZN4nnet22compute_pool_buffer_2dINS_5arrayI8ap_fixedILi20ELi10EL9ap_q_mode5EL9a_64_i          |   in|   20|     ap_ovld|   p_ZZN4nnet22compute_pool_buffer_2dINS_5arrayI8ap_fixedILi20ELi10EL9ap_q_mode5EL9a_64|       pointer|
|p_ZZN4nnet22compute_pool_buffer_2dINS_5arrayI8ap_fixedILi20ELi10EL9ap_q_mode5EL9a_64_o          |  out|   20|     ap_ovld|   p_ZZN4nnet22compute_pool_buffer_2dINS_5arrayI8ap_fixedILi20ELi10EL9ap_q_mode5EL9a_64|       pointer|
|p_ZZN4nnet22compute_pool_buffer_2dINS_5arrayI8ap_fixedILi20ELi10EL9ap_q_mode5EL9a_64_o_ap_vld   |  out|    1|     ap_ovld|   p_ZZN4nnet22compute_pool_buffer_2dINS_5arrayI8ap_fixedILi20ELi10EL9ap_q_mode5EL9a_64|       pointer|
|p_ZZN4nnet22compute_pool_buffer_2dINS_5arrayI8ap_fixedILi20ELi10EL9ap_q_mode5EL9a_92            |  out|   20|      ap_vld|   p_ZZN4nnet22compute_pool_buffer_2dINS_5arrayI8ap_fixedILi20ELi10EL9ap_q_mode5EL9a_92|       pointer|
|p_ZZN4nnet22compute_pool_buffer_2dINS_5arrayI8ap_fixedILi20ELi10EL9ap_q_mode5EL9a_92_ap_vld     |  out|    1|      ap_vld|   p_ZZN4nnet22compute_pool_buffer_2dINS_5arrayI8ap_fixedILi20ELi10EL9ap_q_mode5EL9a_92|       pointer|
|p_ZZN4nnet22compute_pool_buffer_2dINS_5arrayI8ap_fixedILi20ELi10EL9ap_q_mode5EL9a_254_i         |   in|   20|     ap_ovld|  p_ZZN4nnet22compute_pool_buffer_2dINS_5arrayI8ap_fixedILi20ELi10EL9ap_q_mode5EL9a_254|       pointer|
|p_ZZN4nnet22compute_pool_buffer_2dINS_5arrayI8ap_fixedILi20ELi10EL9ap_q_mode5EL9a_254_o         |  out|   20|     ap_ovld|  p_ZZN4nnet22compute_pool_buffer_2dINS_5arrayI8ap_fixedILi20ELi10EL9ap_q_mode5EL9a_254|       pointer|
|p_ZZN4nnet22compute_pool_buffer_2dINS_5arrayI8ap_fixedILi20ELi10EL9ap_q_mode5EL9a_254_o_ap_vld  |  out|    1|     ap_ovld|  p_ZZN4nnet22compute_pool_buffer_2dINS_5arrayI8ap_fixedILi20ELi10EL9ap_q_mode5EL9a_254|       pointer|
|p_ZZN4nnet22compute_pool_buffer_2dINS_5arrayI8ap_fixedILi20ELi10EL9ap_q_mode5EL9a_9             |  out|   20|      ap_vld|    p_ZZN4nnet22compute_pool_buffer_2dINS_5arrayI8ap_fixedILi20ELi10EL9ap_q_mode5EL9a_9|       pointer|
|p_ZZN4nnet22compute_pool_buffer_2dINS_5arrayI8ap_fixedILi20ELi10EL9ap_q_mode5EL9a_9_ap_vld      |  out|    1|      ap_vld|    p_ZZN4nnet22compute_pool_buffer_2dINS_5arrayI8ap_fixedILi20ELi10EL9ap_q_mode5EL9a_9|       pointer|
|p_ZZN4nnet22compute_pool_buffer_2dINS_5arrayI8ap_fixedILi20ELi10EL9ap_q_mode5EL9a_255_i         |   in|   20|     ap_ovld|  p_ZZN4nnet22compute_pool_buffer_2dINS_5arrayI8ap_fixedILi20ELi10EL9ap_q_mode5EL9a_255|       pointer|
|p_ZZN4nnet22compute_pool_buffer_2dINS_5arrayI8ap_fixedILi20ELi10EL9ap_q_mode5EL9a_255_o         |  out|   20|     ap_ovld|  p_ZZN4nnet22compute_pool_buffer_2dINS_5arrayI8ap_fixedILi20ELi10EL9ap_q_mode5EL9a_255|       pointer|
|p_ZZN4nnet22compute_pool_buffer_2dINS_5arrayI8ap_fixedILi20ELi10EL9ap_q_mode5EL9a_255_o_ap_vld  |  out|    1|     ap_ovld|  p_ZZN4nnet22compute_pool_buffer_2dINS_5arrayI8ap_fixedILi20ELi10EL9ap_q_mode5EL9a_255|       pointer|
|p_ZZN4nnet22compute_pool_buffer_2dINS_5arrayI8ap_fixedILi20ELi10EL9ap_q_mode5EL9a_8             |  out|   20|      ap_vld|    p_ZZN4nnet22compute_pool_buffer_2dINS_5arrayI8ap_fixedILi20ELi10EL9ap_q_mode5EL9a_8|       pointer|
|p_ZZN4nnet22compute_pool_buffer_2dINS_5arrayI8ap_fixedILi20ELi10EL9ap_q_mode5EL9a_8_ap_vld      |  out|    1|      ap_vld|    p_ZZN4nnet22compute_pool_buffer_2dINS_5arrayI8ap_fixedILi20ELi10EL9ap_q_mode5EL9a_8|       pointer|
|p_ZZN4nnet22compute_pool_buffer_2dINS_5arrayI8ap_fixedILi20ELi10EL9ap_q_mode5EL9a_257_i         |   in|   20|     ap_ovld|  p_ZZN4nnet22compute_pool_buffer_2dINS_5arrayI8ap_fixedILi20ELi10EL9ap_q_mode5EL9a_257|       pointer|
|p_ZZN4nnet22compute_pool_buffer_2dINS_5arrayI8ap_fixedILi20ELi10EL9ap_q_mode5EL9a_257_o         |  out|   20|     ap_ovld|  p_ZZN4nnet22compute_pool_buffer_2dINS_5arrayI8ap_fixedILi20ELi10EL9ap_q_mode5EL9a_257|       pointer|
|p_ZZN4nnet22compute_pool_buffer_2dINS_5arrayI8ap_fixedILi20ELi10EL9ap_q_mode5EL9a_257_o_ap_vld  |  out|    1|     ap_ovld|  p_ZZN4nnet22compute_pool_buffer_2dINS_5arrayI8ap_fixedILi20ELi10EL9ap_q_mode5EL9a_257|       pointer|
|p_ZZN4nnet22compute_pool_buffer_2dINS_5arrayI8ap_fixedILi20ELi10EL9ap_q_mode5EL9a_7             |  out|   20|      ap_vld|    p_ZZN4nnet22compute_pool_buffer_2dINS_5arrayI8ap_fixedILi20ELi10EL9ap_q_mode5EL9a_7|       pointer|
|p_ZZN4nnet22compute_pool_buffer_2dINS_5arrayI8ap_fixedILi20ELi10EL9ap_q_mode5EL9a_7_ap_vld      |  out|    1|      ap_vld|    p_ZZN4nnet22compute_pool_buffer_2dINS_5arrayI8ap_fixedILi20ELi10EL9ap_q_mode5EL9a_7|       pointer|
|p_ZZN4nnet22compute_pool_buffer_2dINS_5arrayI8ap_fixedILi20ELi10EL9ap_q_mode5EL9a_258_i         |   in|   20|     ap_ovld|  p_ZZN4nnet22compute_pool_buffer_2dINS_5arrayI8ap_fixedILi20ELi10EL9ap_q_mode5EL9a_258|       pointer|
|p_ZZN4nnet22compute_pool_buffer_2dINS_5arrayI8ap_fixedILi20ELi10EL9ap_q_mode5EL9a_258_o         |  out|   20|     ap_ovld|  p_ZZN4nnet22compute_pool_buffer_2dINS_5arrayI8ap_fixedILi20ELi10EL9ap_q_mode5EL9a_258|       pointer|
|p_ZZN4nnet22compute_pool_buffer_2dINS_5arrayI8ap_fixedILi20ELi10EL9ap_q_mode5EL9a_258_o_ap_vld  |  out|    1|     ap_ovld|  p_ZZN4nnet22compute_pool_buffer_2dINS_5arrayI8ap_fixedILi20ELi10EL9ap_q_mode5EL9a_258|       pointer|
|p_ZZN4nnet22compute_pool_buffer_2dINS_5arrayI8ap_fixedILi20ELi10EL9ap_q_mode5EL9a_6             |  out|   20|      ap_vld|    p_ZZN4nnet22compute_pool_buffer_2dINS_5arrayI8ap_fixedILi20ELi10EL9ap_q_mode5EL9a_6|       pointer|
|p_ZZN4nnet22compute_pool_buffer_2dINS_5arrayI8ap_fixedILi20ELi10EL9ap_q_mode5EL9a_6_ap_vld      |  out|    1|      ap_vld|    p_ZZN4nnet22compute_pool_buffer_2dINS_5arrayI8ap_fixedILi20ELi10EL9ap_q_mode5EL9a_6|       pointer|
|p_ZZN4nnet22compute_pool_buffer_2dINS_5arrayI8ap_fixedILi20ELi10EL9ap_q_mode5EL9a_259_i         |   in|   20|     ap_ovld|  p_ZZN4nnet22compute_pool_buffer_2dINS_5arrayI8ap_fixedILi20ELi10EL9ap_q_mode5EL9a_259|       pointer|
|p_ZZN4nnet22compute_pool_buffer_2dINS_5arrayI8ap_fixedILi20ELi10EL9ap_q_mode5EL9a_259_o         |  out|   20|     ap_ovld|  p_ZZN4nnet22compute_pool_buffer_2dINS_5arrayI8ap_fixedILi20ELi10EL9ap_q_mode5EL9a_259|       pointer|
|p_ZZN4nnet22compute_pool_buffer_2dINS_5arrayI8ap_fixedILi20ELi10EL9ap_q_mode5EL9a_259_o_ap_vld  |  out|    1|     ap_ovld|  p_ZZN4nnet22compute_pool_buffer_2dINS_5arrayI8ap_fixedILi20ELi10EL9ap_q_mode5EL9a_259|       pointer|
|p_ZZN4nnet22compute_pool_buffer_2dINS_5arrayI8ap_fixedILi20ELi10EL9ap_q_mode5EL9a_5             |  out|   20|      ap_vld|    p_ZZN4nnet22compute_pool_buffer_2dINS_5arrayI8ap_fixedILi20ELi10EL9ap_q_mode5EL9a_5|       pointer|
|p_ZZN4nnet22compute_pool_buffer_2dINS_5arrayI8ap_fixedILi20ELi10EL9ap_q_mode5EL9a_5_ap_vld      |  out|    1|      ap_vld|    p_ZZN4nnet22compute_pool_buffer_2dINS_5arrayI8ap_fixedILi20ELi10EL9ap_q_mode5EL9a_5|       pointer|
|p_ZZN4nnet22compute_pool_buffer_2dINS_5arrayI8ap_fixedILi20ELi10EL9ap_q_mode5EL9a_260_i         |   in|   20|     ap_ovld|  p_ZZN4nnet22compute_pool_buffer_2dINS_5arrayI8ap_fixedILi20ELi10EL9ap_q_mode5EL9a_260|       pointer|
|p_ZZN4nnet22compute_pool_buffer_2dINS_5arrayI8ap_fixedILi20ELi10EL9ap_q_mode5EL9a_260_o         |  out|   20|     ap_ovld|  p_ZZN4nnet22compute_pool_buffer_2dINS_5arrayI8ap_fixedILi20ELi10EL9ap_q_mode5EL9a_260|       pointer|
|p_ZZN4nnet22compute_pool_buffer_2dINS_5arrayI8ap_fixedILi20ELi10EL9ap_q_mode5EL9a_260_o_ap_vld  |  out|    1|     ap_ovld|  p_ZZN4nnet22compute_pool_buffer_2dINS_5arrayI8ap_fixedILi20ELi10EL9ap_q_mode5EL9a_260|       pointer|
|p_ZZN4nnet22compute_pool_buffer_2dINS_5arrayI8ap_fixedILi20ELi10EL9ap_q_mode5EL9a_4             |  out|   20|      ap_vld|    p_ZZN4nnet22compute_pool_buffer_2dINS_5arrayI8ap_fixedILi20ELi10EL9ap_q_mode5EL9a_4|       pointer|
|p_ZZN4nnet22compute_pool_buffer_2dINS_5arrayI8ap_fixedILi20ELi10EL9ap_q_mode5EL9a_4_ap_vld      |  out|    1|      ap_vld|    p_ZZN4nnet22compute_pool_buffer_2dINS_5arrayI8ap_fixedILi20ELi10EL9ap_q_mode5EL9a_4|       pointer|
|p_ZZN4nnet22compute_pool_buffer_2dINS_5arrayI8ap_fixedILi20ELi10EL9ap_q_mode5EL9a_261_i         |   in|   20|     ap_ovld|  p_ZZN4nnet22compute_pool_buffer_2dINS_5arrayI8ap_fixedILi20ELi10EL9ap_q_mode5EL9a_261|       pointer|
|p_ZZN4nnet22compute_pool_buffer_2dINS_5arrayI8ap_fixedILi20ELi10EL9ap_q_mode5EL9a_261_o         |  out|   20|     ap_ovld|  p_ZZN4nnet22compute_pool_buffer_2dINS_5arrayI8ap_fixedILi20ELi10EL9ap_q_mode5EL9a_261|       pointer|
|p_ZZN4nnet22compute_pool_buffer_2dINS_5arrayI8ap_fixedILi20ELi10EL9ap_q_mode5EL9a_261_o_ap_vld  |  out|    1|     ap_ovld|  p_ZZN4nnet22compute_pool_buffer_2dINS_5arrayI8ap_fixedILi20ELi10EL9ap_q_mode5EL9a_261|       pointer|
|p_ZZN4nnet22compute_pool_buffer_2dINS_5arrayI8ap_fixedILi20ELi10EL9ap_q_mode5EL9a_3             |  out|   20|      ap_vld|    p_ZZN4nnet22compute_pool_buffer_2dINS_5arrayI8ap_fixedILi20ELi10EL9ap_q_mode5EL9a_3|       pointer|
|p_ZZN4nnet22compute_pool_buffer_2dINS_5arrayI8ap_fixedILi20ELi10EL9ap_q_mode5EL9a_3_ap_vld      |  out|    1|      ap_vld|    p_ZZN4nnet22compute_pool_buffer_2dINS_5arrayI8ap_fixedILi20ELi10EL9ap_q_mode5EL9a_3|       pointer|
|p_ZZN4nnet22compute_pool_buffer_2dINS_5arrayI8ap_fixedILi20ELi10EL9ap_q_mode5EL9a_262_i         |   in|   20|     ap_ovld|  p_ZZN4nnet22compute_pool_buffer_2dINS_5arrayI8ap_fixedILi20ELi10EL9ap_q_mode5EL9a_262|       pointer|
|p_ZZN4nnet22compute_pool_buffer_2dINS_5arrayI8ap_fixedILi20ELi10EL9ap_q_mode5EL9a_262_o         |  out|   20|     ap_ovld|  p_ZZN4nnet22compute_pool_buffer_2dINS_5arrayI8ap_fixedILi20ELi10EL9ap_q_mode5EL9a_262|       pointer|
|p_ZZN4nnet22compute_pool_buffer_2dINS_5arrayI8ap_fixedILi20ELi10EL9ap_q_mode5EL9a_262_o_ap_vld  |  out|    1|     ap_ovld|  p_ZZN4nnet22compute_pool_buffer_2dINS_5arrayI8ap_fixedILi20ELi10EL9ap_q_mode5EL9a_262|       pointer|
|p_ZZN4nnet22compute_pool_buffer_2dINS_5arrayI8ap_fixedILi20ELi10EL9ap_q_mode5EL9a_2             |  out|   20|      ap_vld|    p_ZZN4nnet22compute_pool_buffer_2dINS_5arrayI8ap_fixedILi20ELi10EL9ap_q_mode5EL9a_2|       pointer|
|p_ZZN4nnet22compute_pool_buffer_2dINS_5arrayI8ap_fixedILi20ELi10EL9ap_q_mode5EL9a_2_ap_vld      |  out|    1|      ap_vld|    p_ZZN4nnet22compute_pool_buffer_2dINS_5arrayI8ap_fixedILi20ELi10EL9ap_q_mode5EL9a_2|       pointer|
|p_ZZN4nnet22compute_pool_buffer_2dINS_5arrayI8ap_fixedILi20ELi10EL9ap_q_mode5EL9a_263_i         |   in|   20|     ap_ovld|  p_ZZN4nnet22compute_pool_buffer_2dINS_5arrayI8ap_fixedILi20ELi10EL9ap_q_mode5EL9a_263|       pointer|
|p_ZZN4nnet22compute_pool_buffer_2dINS_5arrayI8ap_fixedILi20ELi10EL9ap_q_mode5EL9a_263_o         |  out|   20|     ap_ovld|  p_ZZN4nnet22compute_pool_buffer_2dINS_5arrayI8ap_fixedILi20ELi10EL9ap_q_mode5EL9a_263|       pointer|
|p_ZZN4nnet22compute_pool_buffer_2dINS_5arrayI8ap_fixedILi20ELi10EL9ap_q_mode5EL9a_263_o_ap_vld  |  out|    1|     ap_ovld|  p_ZZN4nnet22compute_pool_buffer_2dINS_5arrayI8ap_fixedILi20ELi10EL9ap_q_mode5EL9a_263|       pointer|
|p_ZZN4nnet22compute_pool_buffer_2dINS_5arrayI8ap_fixedILi20ELi10EL9ap_q_mode5EL9a_1             |  out|   20|      ap_vld|    p_ZZN4nnet22compute_pool_buffer_2dINS_5arrayI8ap_fixedILi20ELi10EL9ap_q_mode5EL9a_1|       pointer|
|p_ZZN4nnet22compute_pool_buffer_2dINS_5arrayI8ap_fixedILi20ELi10EL9ap_q_mode5EL9a_1_ap_vld      |  out|    1|      ap_vld|    p_ZZN4nnet22compute_pool_buffer_2dINS_5arrayI8ap_fixedILi20ELi10EL9ap_q_mode5EL9a_1|       pointer|
|p_ZZN4nnet22compute_pool_buffer_2dINS_5arrayI8ap_fixedILi20ELi10EL9ap_q_mode5EL9a_264_i         |   in|   20|     ap_ovld|  p_ZZN4nnet22compute_pool_buffer_2dINS_5arrayI8ap_fixedILi20ELi10EL9ap_q_mode5EL9a_264|       pointer|
|p_ZZN4nnet22compute_pool_buffer_2dINS_5arrayI8ap_fixedILi20ELi10EL9ap_q_mode5EL9a_264_o         |  out|   20|     ap_ovld|  p_ZZN4nnet22compute_pool_buffer_2dINS_5arrayI8ap_fixedILi20ELi10EL9ap_q_mode5EL9a_264|       pointer|
|p_ZZN4nnet22compute_pool_buffer_2dINS_5arrayI8ap_fixedILi20ELi10EL9ap_q_mode5EL9a_264_o_ap_vld  |  out|    1|     ap_ovld|  p_ZZN4nnet22compute_pool_buffer_2dINS_5arrayI8ap_fixedILi20ELi10EL9ap_q_mode5EL9a_264|       pointer|
|p_ZZN4nnet22compute_pool_buffer_2dINS_5arrayI8ap_fixedILi20ELi10EL9ap_q_mode5EL9a               |  out|   20|      ap_vld|      p_ZZN4nnet22compute_pool_buffer_2dINS_5arrayI8ap_fixedILi20ELi10EL9ap_q_mode5EL9a|       pointer|
|p_ZZN4nnet22compute_pool_buffer_2dINS_5arrayI8ap_fixedILi20ELi10EL9ap_q_mode5EL9a_ap_vld        |  out|    1|      ap_vld|      p_ZZN4nnet22compute_pool_buffer_2dINS_5arrayI8ap_fixedILi20ELi10EL9ap_q_mode5EL9a|       pointer|
|p_ZZN4nnet22compute_pool_buffer_2dINS_5arrayI8ap_fixedILi20ELi10EL9ap_q_mode5EL9a_265_i         |   in|   20|     ap_ovld|  p_ZZN4nnet22compute_pool_buffer_2dINS_5arrayI8ap_fixedILi20ELi10EL9ap_q_mode5EL9a_265|       pointer|
|p_ZZN4nnet22compute_pool_buffer_2dINS_5arrayI8ap_fixedILi20ELi10EL9ap_q_mode5EL9a_265_o         |  out|   20|     ap_ovld|  p_ZZN4nnet22compute_pool_buffer_2dINS_5arrayI8ap_fixedILi20ELi10EL9ap_q_mode5EL9a_265|       pointer|
|p_ZZN4nnet22compute_pool_buffer_2dINS_5arrayI8ap_fixedILi20ELi10EL9ap_q_mode5EL9a_265_o_ap_vld  |  out|    1|     ap_ovld|  p_ZZN4nnet22compute_pool_buffer_2dINS_5arrayI8ap_fixedILi20ELi10EL9ap_q_mode5EL9a_265|       pointer|
|p_ZZN4nnet22compute_pool_buffer_2dINS_5arrayI8ap_fixedILi20ELi10EL9ap_q_mode5EL9a_246           |  out|   20|      ap_vld|  p_ZZN4nnet22compute_pool_buffer_2dINS_5arrayI8ap_fixedILi20ELi10EL9ap_q_mode5EL9a_246|       pointer|
|p_ZZN4nnet22compute_pool_buffer_2dINS_5arrayI8ap_fixedILi20ELi10EL9ap_q_mode5EL9a_246_ap_vld    |  out|    1|      ap_vld|  p_ZZN4nnet22compute_pool_buffer_2dINS_5arrayI8ap_fixedILi20ELi10EL9ap_q_mode5EL9a_246|       pointer|
|p_ZZN4nnet22compute_pool_buffer_2dINS_5arrayI8ap_fixedILi20ELi10EL9ap_q_mode5EL9a_266_i         |   in|   20|     ap_ovld|  p_ZZN4nnet22compute_pool_buffer_2dINS_5arrayI8ap_fixedILi20ELi10EL9ap_q_mode5EL9a_266|       pointer|
|p_ZZN4nnet22compute_pool_buffer_2dINS_5arrayI8ap_fixedILi20ELi10EL9ap_q_mode5EL9a_266_o         |  out|   20|     ap_ovld|  p_ZZN4nnet22compute_pool_buffer_2dINS_5arrayI8ap_fixedILi20ELi10EL9ap_q_mode5EL9a_266|       pointer|
|p_ZZN4nnet22compute_pool_buffer_2dINS_5arrayI8ap_fixedILi20ELi10EL9ap_q_mode5EL9a_266_o_ap_vld  |  out|    1|     ap_ovld|  p_ZZN4nnet22compute_pool_buffer_2dINS_5arrayI8ap_fixedILi20ELi10EL9ap_q_mode5EL9a_266|       pointer|
|p_ZZN4nnet22compute_pool_buffer_2dINS_5arrayI8ap_fixedILi20ELi10EL9ap_q_mode5EL9a_247           |  out|   20|      ap_vld|  p_ZZN4nnet22compute_pool_buffer_2dINS_5arrayI8ap_fixedILi20ELi10EL9ap_q_mode5EL9a_247|       pointer|
|p_ZZN4nnet22compute_pool_buffer_2dINS_5arrayI8ap_fixedILi20ELi10EL9ap_q_mode5EL9a_247_ap_vld    |  out|    1|      ap_vld|  p_ZZN4nnet22compute_pool_buffer_2dINS_5arrayI8ap_fixedILi20ELi10EL9ap_q_mode5EL9a_247|       pointer|
|p_ZZN4nnet22compute_pool_buffer_2dINS_5arrayI8ap_fixedILi20ELi10EL9ap_q_mode5EL9a_268_i         |   in|   20|     ap_ovld|  p_ZZN4nnet22compute_pool_buffer_2dINS_5arrayI8ap_fixedILi20ELi10EL9ap_q_mode5EL9a_268|       pointer|
|p_ZZN4nnet22compute_pool_buffer_2dINS_5arrayI8ap_fixedILi20ELi10EL9ap_q_mode5EL9a_268_o         |  out|   20|     ap_ovld|  p_ZZN4nnet22compute_pool_buffer_2dINS_5arrayI8ap_fixedILi20ELi10EL9ap_q_mode5EL9a_268|       pointer|
|p_ZZN4nnet22compute_pool_buffer_2dINS_5arrayI8ap_fixedILi20ELi10EL9ap_q_mode5EL9a_268_o_ap_vld  |  out|    1|     ap_ovld|  p_ZZN4nnet22compute_pool_buffer_2dINS_5arrayI8ap_fixedILi20ELi10EL9ap_q_mode5EL9a_268|       pointer|
|p_ZZN4nnet22compute_pool_buffer_2dINS_5arrayI8ap_fixedILi20ELi10EL9ap_q_mode5EL9a_248           |  out|   20|      ap_vld|  p_ZZN4nnet22compute_pool_buffer_2dINS_5arrayI8ap_fixedILi20ELi10EL9ap_q_mode5EL9a_248|       pointer|
|p_ZZN4nnet22compute_pool_buffer_2dINS_5arrayI8ap_fixedILi20ELi10EL9ap_q_mode5EL9a_248_ap_vld    |  out|    1|      ap_vld|  p_ZZN4nnet22compute_pool_buffer_2dINS_5arrayI8ap_fixedILi20ELi10EL9ap_q_mode5EL9a_248|       pointer|
|p_ZZN4nnet22compute_pool_buffer_2dINS_5arrayI8ap_fixedILi20ELi10EL9ap_q_mode5EL9a_269_i         |   in|   20|     ap_ovld|  p_ZZN4nnet22compute_pool_buffer_2dINS_5arrayI8ap_fixedILi20ELi10EL9ap_q_mode5EL9a_269|       pointer|
|p_ZZN4nnet22compute_pool_buffer_2dINS_5arrayI8ap_fixedILi20ELi10EL9ap_q_mode5EL9a_269_o         |  out|   20|     ap_ovld|  p_ZZN4nnet22compute_pool_buffer_2dINS_5arrayI8ap_fixedILi20ELi10EL9ap_q_mode5EL9a_269|       pointer|
|p_ZZN4nnet22compute_pool_buffer_2dINS_5arrayI8ap_fixedILi20ELi10EL9ap_q_mode5EL9a_269_o_ap_vld  |  out|    1|     ap_ovld|  p_ZZN4nnet22compute_pool_buffer_2dINS_5arrayI8ap_fixedILi20ELi10EL9ap_q_mode5EL9a_269|       pointer|
|p_ZZN4nnet22compute_pool_buffer_2dINS_5arrayI8ap_fixedILi20ELi10EL9ap_q_mode5EL9a_249           |  out|   20|      ap_vld|  p_ZZN4nnet22compute_pool_buffer_2dINS_5arrayI8ap_fixedILi20ELi10EL9ap_q_mode5EL9a_249|       pointer|
|p_ZZN4nnet22compute_pool_buffer_2dINS_5arrayI8ap_fixedILi20ELi10EL9ap_q_mode5EL9a_249_ap_vld    |  out|    1|      ap_vld|  p_ZZN4nnet22compute_pool_buffer_2dINS_5arrayI8ap_fixedILi20ELi10EL9ap_q_mode5EL9a_249|       pointer|
|p_ZZN4nnet22compute_pool_buffer_2dINS_5arrayI8ap_fixedILi20ELi10EL9ap_q_mode5EL9a_270_i         |   in|   20|     ap_ovld|  p_ZZN4nnet22compute_pool_buffer_2dINS_5arrayI8ap_fixedILi20ELi10EL9ap_q_mode5EL9a_270|       pointer|
|p_ZZN4nnet22compute_pool_buffer_2dINS_5arrayI8ap_fixedILi20ELi10EL9ap_q_mode5EL9a_270_o         |  out|   20|     ap_ovld|  p_ZZN4nnet22compute_pool_buffer_2dINS_5arrayI8ap_fixedILi20ELi10EL9ap_q_mode5EL9a_270|       pointer|
|p_ZZN4nnet22compute_pool_buffer_2dINS_5arrayI8ap_fixedILi20ELi10EL9ap_q_mode5EL9a_270_o_ap_vld  |  out|    1|     ap_ovld|  p_ZZN4nnet22compute_pool_buffer_2dINS_5arrayI8ap_fixedILi20ELi10EL9ap_q_mode5EL9a_270|       pointer|
|p_ZZN4nnet22compute_pool_buffer_2dINS_5arrayI8ap_fixedILi20ELi10EL9ap_q_mode5EL9a_250           |  out|   20|      ap_vld|  p_ZZN4nnet22compute_pool_buffer_2dINS_5arrayI8ap_fixedILi20ELi10EL9ap_q_mode5EL9a_250|       pointer|
|p_ZZN4nnet22compute_pool_buffer_2dINS_5arrayI8ap_fixedILi20ELi10EL9ap_q_mode5EL9a_250_ap_vld    |  out|    1|      ap_vld|  p_ZZN4nnet22compute_pool_buffer_2dINS_5arrayI8ap_fixedILi20ELi10EL9ap_q_mode5EL9a_250|       pointer|
|p_ZZN4nnet22compute_pool_buffer_2dINS_5arrayI8ap_fixedILi20ELi10EL9ap_q_mode5EL9a_271_i         |   in|   20|     ap_ovld|  p_ZZN4nnet22compute_pool_buffer_2dINS_5arrayI8ap_fixedILi20ELi10EL9ap_q_mode5EL9a_271|       pointer|
|p_ZZN4nnet22compute_pool_buffer_2dINS_5arrayI8ap_fixedILi20ELi10EL9ap_q_mode5EL9a_271_o         |  out|   20|     ap_ovld|  p_ZZN4nnet22compute_pool_buffer_2dINS_5arrayI8ap_fixedILi20ELi10EL9ap_q_mode5EL9a_271|       pointer|
|p_ZZN4nnet22compute_pool_buffer_2dINS_5arrayI8ap_fixedILi20ELi10EL9ap_q_mode5EL9a_271_o_ap_vld  |  out|    1|     ap_ovld|  p_ZZN4nnet22compute_pool_buffer_2dINS_5arrayI8ap_fixedILi20ELi10EL9ap_q_mode5EL9a_271|       pointer|
|p_ZZN4nnet22compute_pool_buffer_2dINS_5arrayI8ap_fixedILi20ELi10EL9ap_q_mode5EL9a_251           |  out|   20|      ap_vld|  p_ZZN4nnet22compute_pool_buffer_2dINS_5arrayI8ap_fixedILi20ELi10EL9ap_q_mode5EL9a_251|       pointer|
|p_ZZN4nnet22compute_pool_buffer_2dINS_5arrayI8ap_fixedILi20ELi10EL9ap_q_mode5EL9a_251_ap_vld    |  out|    1|      ap_vld|  p_ZZN4nnet22compute_pool_buffer_2dINS_5arrayI8ap_fixedILi20ELi10EL9ap_q_mode5EL9a_251|       pointer|
|p_ZZN4nnet22compute_pool_buffer_2dINS_5arrayI8ap_fixedILi20ELi10EL9ap_q_mode5EL9a_272_i         |   in|   20|     ap_ovld|  p_ZZN4nnet22compute_pool_buffer_2dINS_5arrayI8ap_fixedILi20ELi10EL9ap_q_mode5EL9a_272|       pointer|
|p_ZZN4nnet22compute_pool_buffer_2dINS_5arrayI8ap_fixedILi20ELi10EL9ap_q_mode5EL9a_272_o         |  out|   20|     ap_ovld|  p_ZZN4nnet22compute_pool_buffer_2dINS_5arrayI8ap_fixedILi20ELi10EL9ap_q_mode5EL9a_272|       pointer|
|p_ZZN4nnet22compute_pool_buffer_2dINS_5arrayI8ap_fixedILi20ELi10EL9ap_q_mode5EL9a_272_o_ap_vld  |  out|    1|     ap_ovld|  p_ZZN4nnet22compute_pool_buffer_2dINS_5arrayI8ap_fixedILi20ELi10EL9ap_q_mode5EL9a_272|       pointer|
|p_ZZN4nnet22compute_pool_buffer_2dINS_5arrayI8ap_fixedILi20ELi10EL9ap_q_mode5EL9a_252           |  out|   20|      ap_vld|  p_ZZN4nnet22compute_pool_buffer_2dINS_5arrayI8ap_fixedILi20ELi10EL9ap_q_mode5EL9a_252|       pointer|
|p_ZZN4nnet22compute_pool_buffer_2dINS_5arrayI8ap_fixedILi20ELi10EL9ap_q_mode5EL9a_252_ap_vld    |  out|    1|      ap_vld|  p_ZZN4nnet22compute_pool_buffer_2dINS_5arrayI8ap_fixedILi20ELi10EL9ap_q_mode5EL9a_252|       pointer|
|p_ZZN4nnet22compute_pool_buffer_2dINS_5arrayI8ap_fixedILi20ELi10EL9ap_q_mode5EL9a_273_i         |   in|   20|     ap_ovld|  p_ZZN4nnet22compute_pool_buffer_2dINS_5arrayI8ap_fixedILi20ELi10EL9ap_q_mode5EL9a_273|       pointer|
|p_ZZN4nnet22compute_pool_buffer_2dINS_5arrayI8ap_fixedILi20ELi10EL9ap_q_mode5EL9a_273_o         |  out|   20|     ap_ovld|  p_ZZN4nnet22compute_pool_buffer_2dINS_5arrayI8ap_fixedILi20ELi10EL9ap_q_mode5EL9a_273|       pointer|
|p_ZZN4nnet22compute_pool_buffer_2dINS_5arrayI8ap_fixedILi20ELi10EL9ap_q_mode5EL9a_273_o_ap_vld  |  out|    1|     ap_ovld|  p_ZZN4nnet22compute_pool_buffer_2dINS_5arrayI8ap_fixedILi20ELi10EL9ap_q_mode5EL9a_273|       pointer|
|p_ZZN4nnet22compute_pool_buffer_2dINS_5arrayI8ap_fixedILi20ELi10EL9ap_q_mode5EL9a_253           |  out|   20|      ap_vld|  p_ZZN4nnet22compute_pool_buffer_2dINS_5arrayI8ap_fixedILi20ELi10EL9ap_q_mode5EL9a_253|       pointer|
|p_ZZN4nnet22compute_pool_buffer_2dINS_5arrayI8ap_fixedILi20ELi10EL9ap_q_mode5EL9a_253_ap_vld    |  out|    1|      ap_vld|  p_ZZN4nnet22compute_pool_buffer_2dINS_5arrayI8ap_fixedILi20ELi10EL9ap_q_mode5EL9a_253|       pointer|
|p_ZZN4nnet22compute_pool_buffer_2dINS_5arrayI8ap_fixedILi20ELi10EL9ap_q_mode5EL9a_63_i          |   in|   20|     ap_ovld|   p_ZZN4nnet22compute_pool_buffer_2dINS_5arrayI8ap_fixedILi20ELi10EL9ap_q_mode5EL9a_63|       pointer|
|p_ZZN4nnet22compute_pool_buffer_2dINS_5arrayI8ap_fixedILi20ELi10EL9ap_q_mode5EL9a_63_o          |  out|   20|     ap_ovld|   p_ZZN4nnet22compute_pool_buffer_2dINS_5arrayI8ap_fixedILi20ELi10EL9ap_q_mode5EL9a_63|       pointer|
|p_ZZN4nnet22compute_pool_buffer_2dINS_5arrayI8ap_fixedILi20ELi10EL9ap_q_mode5EL9a_63_o_ap_vld   |  out|    1|     ap_ovld|   p_ZZN4nnet22compute_pool_buffer_2dINS_5arrayI8ap_fixedILi20ELi10EL9ap_q_mode5EL9a_63|       pointer|
|p_ZZN4nnet22compute_pool_buffer_2dINS_5arrayI8ap_fixedILi20ELi10EL9ap_q_mode5EL9a_62_i          |   in|   20|     ap_ovld|   p_ZZN4nnet22compute_pool_buffer_2dINS_5arrayI8ap_fixedILi20ELi10EL9ap_q_mode5EL9a_62|       pointer|
|p_ZZN4nnet22compute_pool_buffer_2dINS_5arrayI8ap_fixedILi20ELi10EL9ap_q_mode5EL9a_62_o          |  out|   20|     ap_ovld|   p_ZZN4nnet22compute_pool_buffer_2dINS_5arrayI8ap_fixedILi20ELi10EL9ap_q_mode5EL9a_62|       pointer|
|p_ZZN4nnet22compute_pool_buffer_2dINS_5arrayI8ap_fixedILi20ELi10EL9ap_q_mode5EL9a_62_o_ap_vld   |  out|    1|     ap_ovld|   p_ZZN4nnet22compute_pool_buffer_2dINS_5arrayI8ap_fixedILi20ELi10EL9ap_q_mode5EL9a_62|       pointer|
|p_ZZN4nnet22compute_pool_buffer_2dINS_5arrayI8ap_fixedILi20ELi10EL9ap_q_mode5EL9a_61_i          |   in|   20|     ap_ovld|   p_ZZN4nnet22compute_pool_buffer_2dINS_5arrayI8ap_fixedILi20ELi10EL9ap_q_mode5EL9a_61|       pointer|
|p_ZZN4nnet22compute_pool_buffer_2dINS_5arrayI8ap_fixedILi20ELi10EL9ap_q_mode5EL9a_61_o          |  out|   20|     ap_ovld|   p_ZZN4nnet22compute_pool_buffer_2dINS_5arrayI8ap_fixedILi20ELi10EL9ap_q_mode5EL9a_61|       pointer|
|p_ZZN4nnet22compute_pool_buffer_2dINS_5arrayI8ap_fixedILi20ELi10EL9ap_q_mode5EL9a_61_o_ap_vld   |  out|    1|     ap_ovld|   p_ZZN4nnet22compute_pool_buffer_2dINS_5arrayI8ap_fixedILi20ELi10EL9ap_q_mode5EL9a_61|       pointer|
|p_ZZN4nnet22compute_pool_buffer_2dINS_5arrayI8ap_fixedILi20ELi10EL9ap_q_mode5EL9a_60_i          |   in|   20|     ap_ovld|   p_ZZN4nnet22compute_pool_buffer_2dINS_5arrayI8ap_fixedILi20ELi10EL9ap_q_mode5EL9a_60|       pointer|
|p_ZZN4nnet22compute_pool_buffer_2dINS_5arrayI8ap_fixedILi20ELi10EL9ap_q_mode5EL9a_60_o          |  out|   20|     ap_ovld|   p_ZZN4nnet22compute_pool_buffer_2dINS_5arrayI8ap_fixedILi20ELi10EL9ap_q_mode5EL9a_60|       pointer|
|p_ZZN4nnet22compute_pool_buffer_2dINS_5arrayI8ap_fixedILi20ELi10EL9ap_q_mode5EL9a_60_o_ap_vld   |  out|    1|     ap_ovld|   p_ZZN4nnet22compute_pool_buffer_2dINS_5arrayI8ap_fixedILi20ELi10EL9ap_q_mode5EL9a_60|       pointer|
|p_ZZN4nnet22compute_pool_buffer_2dINS_5arrayI8ap_fixedILi20ELi10EL9ap_q_mode5EL9a_59_i          |   in|   20|     ap_ovld|   p_ZZN4nnet22compute_pool_buffer_2dINS_5arrayI8ap_fixedILi20ELi10EL9ap_q_mode5EL9a_59|       pointer|
|p_ZZN4nnet22compute_pool_buffer_2dINS_5arrayI8ap_fixedILi20ELi10EL9ap_q_mode5EL9a_59_o          |  out|   20|     ap_ovld|   p_ZZN4nnet22compute_pool_buffer_2dINS_5arrayI8ap_fixedILi20ELi10EL9ap_q_mode5EL9a_59|       pointer|
|p_ZZN4nnet22compute_pool_buffer_2dINS_5arrayI8ap_fixedILi20ELi10EL9ap_q_mode5EL9a_59_o_ap_vld   |  out|    1|     ap_ovld|   p_ZZN4nnet22compute_pool_buffer_2dINS_5arrayI8ap_fixedILi20ELi10EL9ap_q_mode5EL9a_59|       pointer|
|p_ZZN4nnet22compute_pool_buffer_2dINS_5arrayI8ap_fixedILi20ELi10EL9ap_q_mode5EL9a_58_i          |   in|   20|     ap_ovld|   p_ZZN4nnet22compute_pool_buffer_2dINS_5arrayI8ap_fixedILi20ELi10EL9ap_q_mode5EL9a_58|       pointer|
|p_ZZN4nnet22compute_pool_buffer_2dINS_5arrayI8ap_fixedILi20ELi10EL9ap_q_mode5EL9a_58_o          |  out|   20|     ap_ovld|   p_ZZN4nnet22compute_pool_buffer_2dINS_5arrayI8ap_fixedILi20ELi10EL9ap_q_mode5EL9a_58|       pointer|
|p_ZZN4nnet22compute_pool_buffer_2dINS_5arrayI8ap_fixedILi20ELi10EL9ap_q_mode5EL9a_58_o_ap_vld   |  out|    1|     ap_ovld|   p_ZZN4nnet22compute_pool_buffer_2dINS_5arrayI8ap_fixedILi20ELi10EL9ap_q_mode5EL9a_58|       pointer|
|p_ZZN4nnet22compute_pool_buffer_2dINS_5arrayI8ap_fixedILi20ELi10EL9ap_q_mode5EL9a_57_i          |   in|   20|     ap_ovld|   p_ZZN4nnet22compute_pool_buffer_2dINS_5arrayI8ap_fixedILi20ELi10EL9ap_q_mode5EL9a_57|       pointer|
|p_ZZN4nnet22compute_pool_buffer_2dINS_5arrayI8ap_fixedILi20ELi10EL9ap_q_mode5EL9a_57_o          |  out|   20|     ap_ovld|   p_ZZN4nnet22compute_pool_buffer_2dINS_5arrayI8ap_fixedILi20ELi10EL9ap_q_mode5EL9a_57|       pointer|
|p_ZZN4nnet22compute_pool_buffer_2dINS_5arrayI8ap_fixedILi20ELi10EL9ap_q_mode5EL9a_57_o_ap_vld   |  out|    1|     ap_ovld|   p_ZZN4nnet22compute_pool_buffer_2dINS_5arrayI8ap_fixedILi20ELi10EL9ap_q_mode5EL9a_57|       pointer|
|p_ZZN4nnet22compute_pool_buffer_2dINS_5arrayI8ap_fixedILi20ELi10EL9ap_q_mode5EL9a_56_i          |   in|   20|     ap_ovld|   p_ZZN4nnet22compute_pool_buffer_2dINS_5arrayI8ap_fixedILi20ELi10EL9ap_q_mode5EL9a_56|       pointer|
|p_ZZN4nnet22compute_pool_buffer_2dINS_5arrayI8ap_fixedILi20ELi10EL9ap_q_mode5EL9a_56_o          |  out|   20|     ap_ovld|   p_ZZN4nnet22compute_pool_buffer_2dINS_5arrayI8ap_fixedILi20ELi10EL9ap_q_mode5EL9a_56|       pointer|
|p_ZZN4nnet22compute_pool_buffer_2dINS_5arrayI8ap_fixedILi20ELi10EL9ap_q_mode5EL9a_56_o_ap_vld   |  out|    1|     ap_ovld|   p_ZZN4nnet22compute_pool_buffer_2dINS_5arrayI8ap_fixedILi20ELi10EL9ap_q_mode5EL9a_56|       pointer|
|p_ZZN4nnet22compute_pool_buffer_2dINS_5arrayI8ap_fixedILi20ELi10EL9ap_q_mode5EL9a_55_i          |   in|   20|     ap_ovld|   p_ZZN4nnet22compute_pool_buffer_2dINS_5arrayI8ap_fixedILi20ELi10EL9ap_q_mode5EL9a_55|       pointer|
|p_ZZN4nnet22compute_pool_buffer_2dINS_5arrayI8ap_fixedILi20ELi10EL9ap_q_mode5EL9a_55_o          |  out|   20|     ap_ovld|   p_ZZN4nnet22compute_pool_buffer_2dINS_5arrayI8ap_fixedILi20ELi10EL9ap_q_mode5EL9a_55|       pointer|
|p_ZZN4nnet22compute_pool_buffer_2dINS_5arrayI8ap_fixedILi20ELi10EL9ap_q_mode5EL9a_55_o_ap_vld   |  out|    1|     ap_ovld|   p_ZZN4nnet22compute_pool_buffer_2dINS_5arrayI8ap_fixedILi20ELi10EL9ap_q_mode5EL9a_55|       pointer|
|p_ZZN4nnet22compute_pool_buffer_2dINS_5arrayI8ap_fixedILi20ELi10EL9ap_q_mode5EL9a_54_i          |   in|   20|     ap_ovld|   p_ZZN4nnet22compute_pool_buffer_2dINS_5arrayI8ap_fixedILi20ELi10EL9ap_q_mode5EL9a_54|       pointer|
|p_ZZN4nnet22compute_pool_buffer_2dINS_5arrayI8ap_fixedILi20ELi10EL9ap_q_mode5EL9a_54_o          |  out|   20|     ap_ovld|   p_ZZN4nnet22compute_pool_buffer_2dINS_5arrayI8ap_fixedILi20ELi10EL9ap_q_mode5EL9a_54|       pointer|
|p_ZZN4nnet22compute_pool_buffer_2dINS_5arrayI8ap_fixedILi20ELi10EL9ap_q_mode5EL9a_54_o_ap_vld   |  out|    1|     ap_ovld|   p_ZZN4nnet22compute_pool_buffer_2dINS_5arrayI8ap_fixedILi20ELi10EL9ap_q_mode5EL9a_54|       pointer|
|p_ZZN4nnet22compute_pool_buffer_2dINS_5arrayI8ap_fixedILi20ELi10EL9ap_q_mode5EL9a_53_i          |   in|   20|     ap_ovld|   p_ZZN4nnet22compute_pool_buffer_2dINS_5arrayI8ap_fixedILi20ELi10EL9ap_q_mode5EL9a_53|       pointer|
|p_ZZN4nnet22compute_pool_buffer_2dINS_5arrayI8ap_fixedILi20ELi10EL9ap_q_mode5EL9a_53_o          |  out|   20|     ap_ovld|   p_ZZN4nnet22compute_pool_buffer_2dINS_5arrayI8ap_fixedILi20ELi10EL9ap_q_mode5EL9a_53|       pointer|
|p_ZZN4nnet22compute_pool_buffer_2dINS_5arrayI8ap_fixedILi20ELi10EL9ap_q_mode5EL9a_53_o_ap_vld   |  out|    1|     ap_ovld|   p_ZZN4nnet22compute_pool_buffer_2dINS_5arrayI8ap_fixedILi20ELi10EL9ap_q_mode5EL9a_53|       pointer|
|p_ZZN4nnet22compute_pool_buffer_2dINS_5arrayI8ap_fixedILi20ELi10EL9ap_q_mode5EL9a_52_i          |   in|   20|     ap_ovld|   p_ZZN4nnet22compute_pool_buffer_2dINS_5arrayI8ap_fixedILi20ELi10EL9ap_q_mode5EL9a_52|       pointer|
|p_ZZN4nnet22compute_pool_buffer_2dINS_5arrayI8ap_fixedILi20ELi10EL9ap_q_mode5EL9a_52_o          |  out|   20|     ap_ovld|   p_ZZN4nnet22compute_pool_buffer_2dINS_5arrayI8ap_fixedILi20ELi10EL9ap_q_mode5EL9a_52|       pointer|
|p_ZZN4nnet22compute_pool_buffer_2dINS_5arrayI8ap_fixedILi20ELi10EL9ap_q_mode5EL9a_52_o_ap_vld   |  out|    1|     ap_ovld|   p_ZZN4nnet22compute_pool_buffer_2dINS_5arrayI8ap_fixedILi20ELi10EL9ap_q_mode5EL9a_52|       pointer|
|p_ZZN4nnet22compute_pool_buffer_2dINS_5arrayI8ap_fixedILi20ELi10EL9ap_q_mode5EL9a_51_i          |   in|   20|     ap_ovld|   p_ZZN4nnet22compute_pool_buffer_2dINS_5arrayI8ap_fixedILi20ELi10EL9ap_q_mode5EL9a_51|       pointer|
|p_ZZN4nnet22compute_pool_buffer_2dINS_5arrayI8ap_fixedILi20ELi10EL9ap_q_mode5EL9a_51_o          |  out|   20|     ap_ovld|   p_ZZN4nnet22compute_pool_buffer_2dINS_5arrayI8ap_fixedILi20ELi10EL9ap_q_mode5EL9a_51|       pointer|
|p_ZZN4nnet22compute_pool_buffer_2dINS_5arrayI8ap_fixedILi20ELi10EL9ap_q_mode5EL9a_51_o_ap_vld   |  out|    1|     ap_ovld|   p_ZZN4nnet22compute_pool_buffer_2dINS_5arrayI8ap_fixedILi20ELi10EL9ap_q_mode5EL9a_51|       pointer|
|p_ZZN4nnet22compute_pool_buffer_2dINS_5arrayI8ap_fixedILi20ELi10EL9ap_q_mode5EL9a_50_i          |   in|   20|     ap_ovld|   p_ZZN4nnet22compute_pool_buffer_2dINS_5arrayI8ap_fixedILi20ELi10EL9ap_q_mode5EL9a_50|       pointer|
|p_ZZN4nnet22compute_pool_buffer_2dINS_5arrayI8ap_fixedILi20ELi10EL9ap_q_mode5EL9a_50_o          |  out|   20|     ap_ovld|   p_ZZN4nnet22compute_pool_buffer_2dINS_5arrayI8ap_fixedILi20ELi10EL9ap_q_mode5EL9a_50|       pointer|
|p_ZZN4nnet22compute_pool_buffer_2dINS_5arrayI8ap_fixedILi20ELi10EL9ap_q_mode5EL9a_50_o_ap_vld   |  out|    1|     ap_ovld|   p_ZZN4nnet22compute_pool_buffer_2dINS_5arrayI8ap_fixedILi20ELi10EL9ap_q_mode5EL9a_50|       pointer|
|p_ZZN4nnet22compute_pool_buffer_2dINS_5arrayI8ap_fixedILi20ELi10EL9ap_q_mode5EL9a_49_i          |   in|   20|     ap_ovld|   p_ZZN4nnet22compute_pool_buffer_2dINS_5arrayI8ap_fixedILi20ELi10EL9ap_q_mode5EL9a_49|       pointer|
|p_ZZN4nnet22compute_pool_buffer_2dINS_5arrayI8ap_fixedILi20ELi10EL9ap_q_mode5EL9a_49_o          |  out|   20|     ap_ovld|   p_ZZN4nnet22compute_pool_buffer_2dINS_5arrayI8ap_fixedILi20ELi10EL9ap_q_mode5EL9a_49|       pointer|
|p_ZZN4nnet22compute_pool_buffer_2dINS_5arrayI8ap_fixedILi20ELi10EL9ap_q_mode5EL9a_49_o_ap_vld   |  out|    1|     ap_ovld|   p_ZZN4nnet22compute_pool_buffer_2dINS_5arrayI8ap_fixedILi20ELi10EL9ap_q_mode5EL9a_49|       pointer|
|p_ZZN4nnet22compute_pool_buffer_2dINS_5arrayI8ap_fixedILi20ELi10EL9ap_q_mode5EL9a_48_i          |   in|   20|     ap_ovld|   p_ZZN4nnet22compute_pool_buffer_2dINS_5arrayI8ap_fixedILi20ELi10EL9ap_q_mode5EL9a_48|       pointer|
|p_ZZN4nnet22compute_pool_buffer_2dINS_5arrayI8ap_fixedILi20ELi10EL9ap_q_mode5EL9a_48_o          |  out|   20|     ap_ovld|   p_ZZN4nnet22compute_pool_buffer_2dINS_5arrayI8ap_fixedILi20ELi10EL9ap_q_mode5EL9a_48|       pointer|
|p_ZZN4nnet22compute_pool_buffer_2dINS_5arrayI8ap_fixedILi20ELi10EL9ap_q_mode5EL9a_48_o_ap_vld   |  out|    1|     ap_ovld|   p_ZZN4nnet22compute_pool_buffer_2dINS_5arrayI8ap_fixedILi20ELi10EL9ap_q_mode5EL9a_48|       pointer|
|p_ZZN4nnet22compute_pool_buffer_2dINS_5arrayI8ap_fixedILi20ELi10EL9ap_q_mode5EL9a_47_i          |   in|   20|     ap_ovld|   p_ZZN4nnet22compute_pool_buffer_2dINS_5arrayI8ap_fixedILi20ELi10EL9ap_q_mode5EL9a_47|       pointer|
|p_ZZN4nnet22compute_pool_buffer_2dINS_5arrayI8ap_fixedILi20ELi10EL9ap_q_mode5EL9a_47_o          |  out|   20|     ap_ovld|   p_ZZN4nnet22compute_pool_buffer_2dINS_5arrayI8ap_fixedILi20ELi10EL9ap_q_mode5EL9a_47|       pointer|
|p_ZZN4nnet22compute_pool_buffer_2dINS_5arrayI8ap_fixedILi20ELi10EL9ap_q_mode5EL9a_47_o_ap_vld   |  out|    1|     ap_ovld|   p_ZZN4nnet22compute_pool_buffer_2dINS_5arrayI8ap_fixedILi20ELi10EL9ap_q_mode5EL9a_47|       pointer|
|p_ZZN4nnet22compute_pool_buffer_2dINS_5arrayI8ap_fixedILi20ELi10EL9ap_q_mode5EL9a_46_i          |   in|   20|     ap_ovld|   p_ZZN4nnet22compute_pool_buffer_2dINS_5arrayI8ap_fixedILi20ELi10EL9ap_q_mode5EL9a_46|       pointer|
|p_ZZN4nnet22compute_pool_buffer_2dINS_5arrayI8ap_fixedILi20ELi10EL9ap_q_mode5EL9a_46_o          |  out|   20|     ap_ovld|   p_ZZN4nnet22compute_pool_buffer_2dINS_5arrayI8ap_fixedILi20ELi10EL9ap_q_mode5EL9a_46|       pointer|
|p_ZZN4nnet22compute_pool_buffer_2dINS_5arrayI8ap_fixedILi20ELi10EL9ap_q_mode5EL9a_46_o_ap_vld   |  out|    1|     ap_ovld|   p_ZZN4nnet22compute_pool_buffer_2dINS_5arrayI8ap_fixedILi20ELi10EL9ap_q_mode5EL9a_46|       pointer|
|p_ZZN4nnet22compute_pool_buffer_2dINS_5arrayI8ap_fixedILi20ELi10EL9ap_q_mode5EL9a_274_i         |   in|   20|     ap_ovld|  p_ZZN4nnet22compute_pool_buffer_2dINS_5arrayI8ap_fixedILi20ELi10EL9ap_q_mode5EL9a_274|       pointer|
|p_ZZN4nnet22compute_pool_buffer_2dINS_5arrayI8ap_fixedILi20ELi10EL9ap_q_mode5EL9a_274_o         |  out|   20|     ap_ovld|  p_ZZN4nnet22compute_pool_buffer_2dINS_5arrayI8ap_fixedILi20ELi10EL9ap_q_mode5EL9a_274|       pointer|
|p_ZZN4nnet22compute_pool_buffer_2dINS_5arrayI8ap_fixedILi20ELi10EL9ap_q_mode5EL9a_274_o_ap_vld  |  out|    1|     ap_ovld|  p_ZZN4nnet22compute_pool_buffer_2dINS_5arrayI8ap_fixedILi20ELi10EL9ap_q_mode5EL9a_274|       pointer|
|p_ZZN4nnet22compute_pool_buffer_2dINS_5arrayI8ap_fixedILi20ELi10EL9ap_q_mode5EL9a_275_i         |   in|   20|     ap_ovld|  p_ZZN4nnet22compute_pool_buffer_2dINS_5arrayI8ap_fixedILi20ELi10EL9ap_q_mode5EL9a_275|       pointer|
|p_ZZN4nnet22compute_pool_buffer_2dINS_5arrayI8ap_fixedILi20ELi10EL9ap_q_mode5EL9a_275_o         |  out|   20|     ap_ovld|  p_ZZN4nnet22compute_pool_buffer_2dINS_5arrayI8ap_fixedILi20ELi10EL9ap_q_mode5EL9a_275|       pointer|
|p_ZZN4nnet22compute_pool_buffer_2dINS_5arrayI8ap_fixedILi20ELi10EL9ap_q_mode5EL9a_275_o_ap_vld  |  out|    1|     ap_ovld|  p_ZZN4nnet22compute_pool_buffer_2dINS_5arrayI8ap_fixedILi20ELi10EL9ap_q_mode5EL9a_275|       pointer|
|p_ZZN4nnet22compute_pool_buffer_2dINS_5arrayI8ap_fixedILi20ELi10EL9ap_q_mode5EL9a_276_i         |   in|   20|     ap_ovld|  p_ZZN4nnet22compute_pool_buffer_2dINS_5arrayI8ap_fixedILi20ELi10EL9ap_q_mode5EL9a_276|       pointer|
|p_ZZN4nnet22compute_pool_buffer_2dINS_5arrayI8ap_fixedILi20ELi10EL9ap_q_mode5EL9a_276_o         |  out|   20|     ap_ovld|  p_ZZN4nnet22compute_pool_buffer_2dINS_5arrayI8ap_fixedILi20ELi10EL9ap_q_mode5EL9a_276|       pointer|
|p_ZZN4nnet22compute_pool_buffer_2dINS_5arrayI8ap_fixedILi20ELi10EL9ap_q_mode5EL9a_276_o_ap_vld  |  out|    1|     ap_ovld|  p_ZZN4nnet22compute_pool_buffer_2dINS_5arrayI8ap_fixedILi20ELi10EL9ap_q_mode5EL9a_276|       pointer|
|p_ZZN4nnet22compute_pool_buffer_2dINS_5arrayI8ap_fixedILi20ELi10EL9ap_q_mode5EL9a_277_i         |   in|   20|     ap_ovld|  p_ZZN4nnet22compute_pool_buffer_2dINS_5arrayI8ap_fixedILi20ELi10EL9ap_q_mode5EL9a_277|       pointer|
|p_ZZN4nnet22compute_pool_buffer_2dINS_5arrayI8ap_fixedILi20ELi10EL9ap_q_mode5EL9a_277_o         |  out|   20|     ap_ovld|  p_ZZN4nnet22compute_pool_buffer_2dINS_5arrayI8ap_fixedILi20ELi10EL9ap_q_mode5EL9a_277|       pointer|
|p_ZZN4nnet22compute_pool_buffer_2dINS_5arrayI8ap_fixedILi20ELi10EL9ap_q_mode5EL9a_277_o_ap_vld  |  out|    1|     ap_ovld|  p_ZZN4nnet22compute_pool_buffer_2dINS_5arrayI8ap_fixedILi20ELi10EL9ap_q_mode5EL9a_277|       pointer|
|p_ZZN4nnet22compute_pool_buffer_2dINS_5arrayI8ap_fixedILi20ELi10EL9ap_q_mode5EL9a_279_i         |   in|   20|     ap_ovld|  p_ZZN4nnet22compute_pool_buffer_2dINS_5arrayI8ap_fixedILi20ELi10EL9ap_q_mode5EL9a_279|       pointer|
|p_ZZN4nnet22compute_pool_buffer_2dINS_5arrayI8ap_fixedILi20ELi10EL9ap_q_mode5EL9a_279_o         |  out|   20|     ap_ovld|  p_ZZN4nnet22compute_pool_buffer_2dINS_5arrayI8ap_fixedILi20ELi10EL9ap_q_mode5EL9a_279|       pointer|
|p_ZZN4nnet22compute_pool_buffer_2dINS_5arrayI8ap_fixedILi20ELi10EL9ap_q_mode5EL9a_279_o_ap_vld  |  out|    1|     ap_ovld|  p_ZZN4nnet22compute_pool_buffer_2dINS_5arrayI8ap_fixedILi20ELi10EL9ap_q_mode5EL9a_279|       pointer|
|p_ZZN4nnet22compute_pool_buffer_2dINS_5arrayI8ap_fixedILi20ELi10EL9ap_q_mode5EL9a_280_i         |   in|   20|     ap_ovld|  p_ZZN4nnet22compute_pool_buffer_2dINS_5arrayI8ap_fixedILi20ELi10EL9ap_q_mode5EL9a_280|       pointer|
|p_ZZN4nnet22compute_pool_buffer_2dINS_5arrayI8ap_fixedILi20ELi10EL9ap_q_mode5EL9a_280_o         |  out|   20|     ap_ovld|  p_ZZN4nnet22compute_pool_buffer_2dINS_5arrayI8ap_fixedILi20ELi10EL9ap_q_mode5EL9a_280|       pointer|
|p_ZZN4nnet22compute_pool_buffer_2dINS_5arrayI8ap_fixedILi20ELi10EL9ap_q_mode5EL9a_280_o_ap_vld  |  out|    1|     ap_ovld|  p_ZZN4nnet22compute_pool_buffer_2dINS_5arrayI8ap_fixedILi20ELi10EL9ap_q_mode5EL9a_280|       pointer|
|p_ZZN4nnet22compute_pool_buffer_2dINS_5arrayI8ap_fixedILi20ELi10EL9ap_q_mode5EL9a_281_i         |   in|   20|     ap_ovld|  p_ZZN4nnet22compute_pool_buffer_2dINS_5arrayI8ap_fixedILi20ELi10EL9ap_q_mode5EL9a_281|       pointer|
|p_ZZN4nnet22compute_pool_buffer_2dINS_5arrayI8ap_fixedILi20ELi10EL9ap_q_mode5EL9a_281_o         |  out|   20|     ap_ovld|  p_ZZN4nnet22compute_pool_buffer_2dINS_5arrayI8ap_fixedILi20ELi10EL9ap_q_mode5EL9a_281|       pointer|
|p_ZZN4nnet22compute_pool_buffer_2dINS_5arrayI8ap_fixedILi20ELi10EL9ap_q_mode5EL9a_281_o_ap_vld  |  out|    1|     ap_ovld|  p_ZZN4nnet22compute_pool_buffer_2dINS_5arrayI8ap_fixedILi20ELi10EL9ap_q_mode5EL9a_281|       pointer|
|p_ZZN4nnet22compute_pool_buffer_2dINS_5arrayI8ap_fixedILi20ELi10EL9ap_q_mode5EL9a_282_i         |   in|   20|     ap_ovld|  p_ZZN4nnet22compute_pool_buffer_2dINS_5arrayI8ap_fixedILi20ELi10EL9ap_q_mode5EL9a_282|       pointer|
|p_ZZN4nnet22compute_pool_buffer_2dINS_5arrayI8ap_fixedILi20ELi10EL9ap_q_mode5EL9a_282_o         |  out|   20|     ap_ovld|  p_ZZN4nnet22compute_pool_buffer_2dINS_5arrayI8ap_fixedILi20ELi10EL9ap_q_mode5EL9a_282|       pointer|
|p_ZZN4nnet22compute_pool_buffer_2dINS_5arrayI8ap_fixedILi20ELi10EL9ap_q_mode5EL9a_282_o_ap_vld  |  out|    1|     ap_ovld|  p_ZZN4nnet22compute_pool_buffer_2dINS_5arrayI8ap_fixedILi20ELi10EL9ap_q_mode5EL9a_282|       pointer|
|p_ZZN4nnet22compute_pool_buffer_2dINS_5arrayI8ap_fixedILi20ELi10EL9ap_q_mode5EL9a_283_i         |   in|   20|     ap_ovld|  p_ZZN4nnet22compute_pool_buffer_2dINS_5arrayI8ap_fixedILi20ELi10EL9ap_q_mode5EL9a_283|       pointer|
|p_ZZN4nnet22compute_pool_buffer_2dINS_5arrayI8ap_fixedILi20ELi10EL9ap_q_mode5EL9a_283_o         |  out|   20|     ap_ovld|  p_ZZN4nnet22compute_pool_buffer_2dINS_5arrayI8ap_fixedILi20ELi10EL9ap_q_mode5EL9a_283|       pointer|
|p_ZZN4nnet22compute_pool_buffer_2dINS_5arrayI8ap_fixedILi20ELi10EL9ap_q_mode5EL9a_283_o_ap_vld  |  out|    1|     ap_ovld|  p_ZZN4nnet22compute_pool_buffer_2dINS_5arrayI8ap_fixedILi20ELi10EL9ap_q_mode5EL9a_283|       pointer|
|p_ZZN4nnet22compute_pool_buffer_2dINS_5arrayI8ap_fixedILi20ELi10EL9ap_q_mode5EL9a_284_i         |   in|   20|     ap_ovld|  p_ZZN4nnet22compute_pool_buffer_2dINS_5arrayI8ap_fixedILi20ELi10EL9ap_q_mode5EL9a_284|       pointer|
|p_ZZN4nnet22compute_pool_buffer_2dINS_5arrayI8ap_fixedILi20ELi10EL9ap_q_mode5EL9a_284_o         |  out|   20|     ap_ovld|  p_ZZN4nnet22compute_pool_buffer_2dINS_5arrayI8ap_fixedILi20ELi10EL9ap_q_mode5EL9a_284|       pointer|
|p_ZZN4nnet22compute_pool_buffer_2dINS_5arrayI8ap_fixedILi20ELi10EL9ap_q_mode5EL9a_284_o_ap_vld  |  out|    1|     ap_ovld|  p_ZZN4nnet22compute_pool_buffer_2dINS_5arrayI8ap_fixedILi20ELi10EL9ap_q_mode5EL9a_284|       pointer|
|p_ZZN4nnet22compute_pool_buffer_2dINS_5arrayI8ap_fixedILi20ELi10EL9ap_q_mode5EL9a_285_i         |   in|   20|     ap_ovld|  p_ZZN4nnet22compute_pool_buffer_2dINS_5arrayI8ap_fixedILi20ELi10EL9ap_q_mode5EL9a_285|       pointer|
|p_ZZN4nnet22compute_pool_buffer_2dINS_5arrayI8ap_fixedILi20ELi10EL9ap_q_mode5EL9a_285_o         |  out|   20|     ap_ovld|  p_ZZN4nnet22compute_pool_buffer_2dINS_5arrayI8ap_fixedILi20ELi10EL9ap_q_mode5EL9a_285|       pointer|
|p_ZZN4nnet22compute_pool_buffer_2dINS_5arrayI8ap_fixedILi20ELi10EL9ap_q_mode5EL9a_285_o_ap_vld  |  out|    1|     ap_ovld|  p_ZZN4nnet22compute_pool_buffer_2dINS_5arrayI8ap_fixedILi20ELi10EL9ap_q_mode5EL9a_285|       pointer|
|p_ZZN4nnet22compute_pool_buffer_2dINS_5arrayI8ap_fixedILi20ELi10EL9ap_q_mode5EL9a_286_i         |   in|   20|     ap_ovld|  p_ZZN4nnet22compute_pool_buffer_2dINS_5arrayI8ap_fixedILi20ELi10EL9ap_q_mode5EL9a_286|       pointer|
|p_ZZN4nnet22compute_pool_buffer_2dINS_5arrayI8ap_fixedILi20ELi10EL9ap_q_mode5EL9a_286_o         |  out|   20|     ap_ovld|  p_ZZN4nnet22compute_pool_buffer_2dINS_5arrayI8ap_fixedILi20ELi10EL9ap_q_mode5EL9a_286|       pointer|
|p_ZZN4nnet22compute_pool_buffer_2dINS_5arrayI8ap_fixedILi20ELi10EL9ap_q_mode5EL9a_286_o_ap_vld  |  out|    1|     ap_ovld|  p_ZZN4nnet22compute_pool_buffer_2dINS_5arrayI8ap_fixedILi20ELi10EL9ap_q_mode5EL9a_286|       pointer|
|p_ZZN4nnet22compute_pool_buffer_2dINS_5arrayI8ap_fixedILi20ELi10EL9ap_q_mode5EL9a_287_i         |   in|   20|     ap_ovld|  p_ZZN4nnet22compute_pool_buffer_2dINS_5arrayI8ap_fixedILi20ELi10EL9ap_q_mode5EL9a_287|       pointer|
|p_ZZN4nnet22compute_pool_buffer_2dINS_5arrayI8ap_fixedILi20ELi10EL9ap_q_mode5EL9a_287_o         |  out|   20|     ap_ovld|  p_ZZN4nnet22compute_pool_buffer_2dINS_5arrayI8ap_fixedILi20ELi10EL9ap_q_mode5EL9a_287|       pointer|
|p_ZZN4nnet22compute_pool_buffer_2dINS_5arrayI8ap_fixedILi20ELi10EL9ap_q_mode5EL9a_287_o_ap_vld  |  out|    1|     ap_ovld|  p_ZZN4nnet22compute_pool_buffer_2dINS_5arrayI8ap_fixedILi20ELi10EL9ap_q_mode5EL9a_287|       pointer|
|p_ZZN4nnet22compute_pool_buffer_2dINS_5arrayI8ap_fixedILi20ELi10EL9ap_q_mode5EL9a_288_i         |   in|   20|     ap_ovld|  p_ZZN4nnet22compute_pool_buffer_2dINS_5arrayI8ap_fixedILi20ELi10EL9ap_q_mode5EL9a_288|       pointer|
|p_ZZN4nnet22compute_pool_buffer_2dINS_5arrayI8ap_fixedILi20ELi10EL9ap_q_mode5EL9a_288_o         |  out|   20|     ap_ovld|  p_ZZN4nnet22compute_pool_buffer_2dINS_5arrayI8ap_fixedILi20ELi10EL9ap_q_mode5EL9a_288|       pointer|
|p_ZZN4nnet22compute_pool_buffer_2dINS_5arrayI8ap_fixedILi20ELi10EL9ap_q_mode5EL9a_288_o_ap_vld  |  out|    1|     ap_ovld|  p_ZZN4nnet22compute_pool_buffer_2dINS_5arrayI8ap_fixedILi20ELi10EL9ap_q_mode5EL9a_288|       pointer|
|p_ZZN4nnet22compute_pool_buffer_2dINS_5arrayI8ap_fixedILi20ELi10EL9ap_q_mode5EL9a_290_i         |   in|   20|     ap_ovld|  p_ZZN4nnet22compute_pool_buffer_2dINS_5arrayI8ap_fixedILi20ELi10EL9ap_q_mode5EL9a_290|       pointer|
|p_ZZN4nnet22compute_pool_buffer_2dINS_5arrayI8ap_fixedILi20ELi10EL9ap_q_mode5EL9a_290_o         |  out|   20|     ap_ovld|  p_ZZN4nnet22compute_pool_buffer_2dINS_5arrayI8ap_fixedILi20ELi10EL9ap_q_mode5EL9a_290|       pointer|
|p_ZZN4nnet22compute_pool_buffer_2dINS_5arrayI8ap_fixedILi20ELi10EL9ap_q_mode5EL9a_290_o_ap_vld  |  out|    1|     ap_ovld|  p_ZZN4nnet22compute_pool_buffer_2dINS_5arrayI8ap_fixedILi20ELi10EL9ap_q_mode5EL9a_290|       pointer|
|p_ZZN4nnet22compute_pool_buffer_2dINS_5arrayI8ap_fixedILi20ELi10EL9ap_q_mode5EL9a_291_i         |   in|   20|     ap_ovld|  p_ZZN4nnet22compute_pool_buffer_2dINS_5arrayI8ap_fixedILi20ELi10EL9ap_q_mode5EL9a_291|       pointer|
|p_ZZN4nnet22compute_pool_buffer_2dINS_5arrayI8ap_fixedILi20ELi10EL9ap_q_mode5EL9a_291_o         |  out|   20|     ap_ovld|  p_ZZN4nnet22compute_pool_buffer_2dINS_5arrayI8ap_fixedILi20ELi10EL9ap_q_mode5EL9a_291|       pointer|
|p_ZZN4nnet22compute_pool_buffer_2dINS_5arrayI8ap_fixedILi20ELi10EL9ap_q_mode5EL9a_291_o_ap_vld  |  out|    1|     ap_ovld|  p_ZZN4nnet22compute_pool_buffer_2dINS_5arrayI8ap_fixedILi20ELi10EL9ap_q_mode5EL9a_291|       pointer|
|p_ZZN4nnet22compute_pool_buffer_2dINS_5arrayI8ap_fixedILi20ELi10EL9ap_q_mode5EL9a_292_i         |   in|   20|     ap_ovld|  p_ZZN4nnet22compute_pool_buffer_2dINS_5arrayI8ap_fixedILi20ELi10EL9ap_q_mode5EL9a_292|       pointer|
|p_ZZN4nnet22compute_pool_buffer_2dINS_5arrayI8ap_fixedILi20ELi10EL9ap_q_mode5EL9a_292_o         |  out|   20|     ap_ovld|  p_ZZN4nnet22compute_pool_buffer_2dINS_5arrayI8ap_fixedILi20ELi10EL9ap_q_mode5EL9a_292|       pointer|
|p_ZZN4nnet22compute_pool_buffer_2dINS_5arrayI8ap_fixedILi20ELi10EL9ap_q_mode5EL9a_292_o_ap_vld  |  out|    1|     ap_ovld|  p_ZZN4nnet22compute_pool_buffer_2dINS_5arrayI8ap_fixedILi20ELi10EL9ap_q_mode5EL9a_292|       pointer|
|p_ZZN4nnet22compute_pool_buffer_2dINS_5arrayI8ap_fixedILi20ELi10EL9ap_q_mode5EL9a_293_i         |   in|   20|     ap_ovld|  p_ZZN4nnet22compute_pool_buffer_2dINS_5arrayI8ap_fixedILi20ELi10EL9ap_q_mode5EL9a_293|       pointer|
|p_ZZN4nnet22compute_pool_buffer_2dINS_5arrayI8ap_fixedILi20ELi10EL9ap_q_mode5EL9a_293_o         |  out|   20|     ap_ovld|  p_ZZN4nnet22compute_pool_buffer_2dINS_5arrayI8ap_fixedILi20ELi10EL9ap_q_mode5EL9a_293|       pointer|
|p_ZZN4nnet22compute_pool_buffer_2dINS_5arrayI8ap_fixedILi20ELi10EL9ap_q_mode5EL9a_293_o_ap_vld  |  out|    1|     ap_ovld|  p_ZZN4nnet22compute_pool_buffer_2dINS_5arrayI8ap_fixedILi20ELi10EL9ap_q_mode5EL9a_293|       pointer|
|p_ZZN4nnet22compute_pool_buffer_2dINS_5arrayI8ap_fixedILi20ELi10EL9ap_q_mode5EL9a_45_i          |   in|   20|     ap_ovld|   p_ZZN4nnet22compute_pool_buffer_2dINS_5arrayI8ap_fixedILi20ELi10EL9ap_q_mode5EL9a_45|       pointer|
|p_ZZN4nnet22compute_pool_buffer_2dINS_5arrayI8ap_fixedILi20ELi10EL9ap_q_mode5EL9a_45_o          |  out|   20|     ap_ovld|   p_ZZN4nnet22compute_pool_buffer_2dINS_5arrayI8ap_fixedILi20ELi10EL9ap_q_mode5EL9a_45|       pointer|
|p_ZZN4nnet22compute_pool_buffer_2dINS_5arrayI8ap_fixedILi20ELi10EL9ap_q_mode5EL9a_45_o_ap_vld   |  out|    1|     ap_ovld|   p_ZZN4nnet22compute_pool_buffer_2dINS_5arrayI8ap_fixedILi20ELi10EL9ap_q_mode5EL9a_45|       pointer|
|p_ZZN4nnet22compute_pool_buffer_2dINS_5arrayI8ap_fixedILi20ELi10EL9ap_q_mode5EL9a_44_i          |   in|   20|     ap_ovld|   p_ZZN4nnet22compute_pool_buffer_2dINS_5arrayI8ap_fixedILi20ELi10EL9ap_q_mode5EL9a_44|       pointer|
|p_ZZN4nnet22compute_pool_buffer_2dINS_5arrayI8ap_fixedILi20ELi10EL9ap_q_mode5EL9a_44_o          |  out|   20|     ap_ovld|   p_ZZN4nnet22compute_pool_buffer_2dINS_5arrayI8ap_fixedILi20ELi10EL9ap_q_mode5EL9a_44|       pointer|
|p_ZZN4nnet22compute_pool_buffer_2dINS_5arrayI8ap_fixedILi20ELi10EL9ap_q_mode5EL9a_44_o_ap_vld   |  out|    1|     ap_ovld|   p_ZZN4nnet22compute_pool_buffer_2dINS_5arrayI8ap_fixedILi20ELi10EL9ap_q_mode5EL9a_44|       pointer|
|p_ZZN4nnet22compute_pool_buffer_2dINS_5arrayI8ap_fixedILi20ELi10EL9ap_q_mode5EL9a_43_i          |   in|   20|     ap_ovld|   p_ZZN4nnet22compute_pool_buffer_2dINS_5arrayI8ap_fixedILi20ELi10EL9ap_q_mode5EL9a_43|       pointer|
|p_ZZN4nnet22compute_pool_buffer_2dINS_5arrayI8ap_fixedILi20ELi10EL9ap_q_mode5EL9a_43_o          |  out|   20|     ap_ovld|   p_ZZN4nnet22compute_pool_buffer_2dINS_5arrayI8ap_fixedILi20ELi10EL9ap_q_mode5EL9a_43|       pointer|
|p_ZZN4nnet22compute_pool_buffer_2dINS_5arrayI8ap_fixedILi20ELi10EL9ap_q_mode5EL9a_43_o_ap_vld   |  out|    1|     ap_ovld|   p_ZZN4nnet22compute_pool_buffer_2dINS_5arrayI8ap_fixedILi20ELi10EL9ap_q_mode5EL9a_43|       pointer|
|p_ZZN4nnet22compute_pool_buffer_2dINS_5arrayI8ap_fixedILi20ELi10EL9ap_q_mode5EL9a_42_i          |   in|   20|     ap_ovld|   p_ZZN4nnet22compute_pool_buffer_2dINS_5arrayI8ap_fixedILi20ELi10EL9ap_q_mode5EL9a_42|       pointer|
|p_ZZN4nnet22compute_pool_buffer_2dINS_5arrayI8ap_fixedILi20ELi10EL9ap_q_mode5EL9a_42_o          |  out|   20|     ap_ovld|   p_ZZN4nnet22compute_pool_buffer_2dINS_5arrayI8ap_fixedILi20ELi10EL9ap_q_mode5EL9a_42|       pointer|
|p_ZZN4nnet22compute_pool_buffer_2dINS_5arrayI8ap_fixedILi20ELi10EL9ap_q_mode5EL9a_42_o_ap_vld   |  out|    1|     ap_ovld|   p_ZZN4nnet22compute_pool_buffer_2dINS_5arrayI8ap_fixedILi20ELi10EL9ap_q_mode5EL9a_42|       pointer|
|p_ZZN4nnet22compute_pool_buffer_2dINS_5arrayI8ap_fixedILi20ELi10EL9ap_q_mode5EL9a_41_i          |   in|   20|     ap_ovld|   p_ZZN4nnet22compute_pool_buffer_2dINS_5arrayI8ap_fixedILi20ELi10EL9ap_q_mode5EL9a_41|       pointer|
|p_ZZN4nnet22compute_pool_buffer_2dINS_5arrayI8ap_fixedILi20ELi10EL9ap_q_mode5EL9a_41_o          |  out|   20|     ap_ovld|   p_ZZN4nnet22compute_pool_buffer_2dINS_5arrayI8ap_fixedILi20ELi10EL9ap_q_mode5EL9a_41|       pointer|
|p_ZZN4nnet22compute_pool_buffer_2dINS_5arrayI8ap_fixedILi20ELi10EL9ap_q_mode5EL9a_41_o_ap_vld   |  out|    1|     ap_ovld|   p_ZZN4nnet22compute_pool_buffer_2dINS_5arrayI8ap_fixedILi20ELi10EL9ap_q_mode5EL9a_41|       pointer|
|p_ZZN4nnet22compute_pool_buffer_2dINS_5arrayI8ap_fixedILi20ELi10EL9ap_q_mode5EL9a_40_i          |   in|   20|     ap_ovld|   p_ZZN4nnet22compute_pool_buffer_2dINS_5arrayI8ap_fixedILi20ELi10EL9ap_q_mode5EL9a_40|       pointer|
|p_ZZN4nnet22compute_pool_buffer_2dINS_5arrayI8ap_fixedILi20ELi10EL9ap_q_mode5EL9a_40_o          |  out|   20|     ap_ovld|   p_ZZN4nnet22compute_pool_buffer_2dINS_5arrayI8ap_fixedILi20ELi10EL9ap_q_mode5EL9a_40|       pointer|
|p_ZZN4nnet22compute_pool_buffer_2dINS_5arrayI8ap_fixedILi20ELi10EL9ap_q_mode5EL9a_40_o_ap_vld   |  out|    1|     ap_ovld|   p_ZZN4nnet22compute_pool_buffer_2dINS_5arrayI8ap_fixedILi20ELi10EL9ap_q_mode5EL9a_40|       pointer|
|p_ZZN4nnet22compute_pool_buffer_2dINS_5arrayI8ap_fixedILi20ELi10EL9ap_q_mode5EL9a_39_i          |   in|   20|     ap_ovld|   p_ZZN4nnet22compute_pool_buffer_2dINS_5arrayI8ap_fixedILi20ELi10EL9ap_q_mode5EL9a_39|       pointer|
|p_ZZN4nnet22compute_pool_buffer_2dINS_5arrayI8ap_fixedILi20ELi10EL9ap_q_mode5EL9a_39_o          |  out|   20|     ap_ovld|   p_ZZN4nnet22compute_pool_buffer_2dINS_5arrayI8ap_fixedILi20ELi10EL9ap_q_mode5EL9a_39|       pointer|
|p_ZZN4nnet22compute_pool_buffer_2dINS_5arrayI8ap_fixedILi20ELi10EL9ap_q_mode5EL9a_39_o_ap_vld   |  out|    1|     ap_ovld|   p_ZZN4nnet22compute_pool_buffer_2dINS_5arrayI8ap_fixedILi20ELi10EL9ap_q_mode5EL9a_39|       pointer|
|p_ZZN4nnet22compute_pool_buffer_2dINS_5arrayI8ap_fixedILi20ELi10EL9ap_q_mode5EL9a_38_i          |   in|   20|     ap_ovld|   p_ZZN4nnet22compute_pool_buffer_2dINS_5arrayI8ap_fixedILi20ELi10EL9ap_q_mode5EL9a_38|       pointer|
|p_ZZN4nnet22compute_pool_buffer_2dINS_5arrayI8ap_fixedILi20ELi10EL9ap_q_mode5EL9a_38_o          |  out|   20|     ap_ovld|   p_ZZN4nnet22compute_pool_buffer_2dINS_5arrayI8ap_fixedILi20ELi10EL9ap_q_mode5EL9a_38|       pointer|
|p_ZZN4nnet22compute_pool_buffer_2dINS_5arrayI8ap_fixedILi20ELi10EL9ap_q_mode5EL9a_38_o_ap_vld   |  out|    1|     ap_ovld|   p_ZZN4nnet22compute_pool_buffer_2dINS_5arrayI8ap_fixedILi20ELi10EL9ap_q_mode5EL9a_38|       pointer|
|p_ZZN4nnet22compute_pool_buffer_2dINS_5arrayI8ap_fixedILi20ELi10EL9ap_q_mode5EL9a_37_i          |   in|   20|     ap_ovld|   p_ZZN4nnet22compute_pool_buffer_2dINS_5arrayI8ap_fixedILi20ELi10EL9ap_q_mode5EL9a_37|       pointer|
|p_ZZN4nnet22compute_pool_buffer_2dINS_5arrayI8ap_fixedILi20ELi10EL9ap_q_mode5EL9a_37_o          |  out|   20|     ap_ovld|   p_ZZN4nnet22compute_pool_buffer_2dINS_5arrayI8ap_fixedILi20ELi10EL9ap_q_mode5EL9a_37|       pointer|
|p_ZZN4nnet22compute_pool_buffer_2dINS_5arrayI8ap_fixedILi20ELi10EL9ap_q_mode5EL9a_37_o_ap_vld   |  out|    1|     ap_ovld|   p_ZZN4nnet22compute_pool_buffer_2dINS_5arrayI8ap_fixedILi20ELi10EL9ap_q_mode5EL9a_37|       pointer|
|p_ZZN4nnet22compute_pool_buffer_2dINS_5arrayI8ap_fixedILi20ELi10EL9ap_q_mode5EL9a_36_i          |   in|   20|     ap_ovld|   p_ZZN4nnet22compute_pool_buffer_2dINS_5arrayI8ap_fixedILi20ELi10EL9ap_q_mode5EL9a_36|       pointer|
|p_ZZN4nnet22compute_pool_buffer_2dINS_5arrayI8ap_fixedILi20ELi10EL9ap_q_mode5EL9a_36_o          |  out|   20|     ap_ovld|   p_ZZN4nnet22compute_pool_buffer_2dINS_5arrayI8ap_fixedILi20ELi10EL9ap_q_mode5EL9a_36|       pointer|
|p_ZZN4nnet22compute_pool_buffer_2dINS_5arrayI8ap_fixedILi20ELi10EL9ap_q_mode5EL9a_36_o_ap_vld   |  out|    1|     ap_ovld|   p_ZZN4nnet22compute_pool_buffer_2dINS_5arrayI8ap_fixedILi20ELi10EL9ap_q_mode5EL9a_36|       pointer|
|p_ZZN4nnet22compute_pool_buffer_2dINS_5arrayI8ap_fixedILi20ELi10EL9ap_q_mode5EL9a_35_i          |   in|   20|     ap_ovld|   p_ZZN4nnet22compute_pool_buffer_2dINS_5arrayI8ap_fixedILi20ELi10EL9ap_q_mode5EL9a_35|       pointer|
|p_ZZN4nnet22compute_pool_buffer_2dINS_5arrayI8ap_fixedILi20ELi10EL9ap_q_mode5EL9a_35_o          |  out|   20|     ap_ovld|   p_ZZN4nnet22compute_pool_buffer_2dINS_5arrayI8ap_fixedILi20ELi10EL9ap_q_mode5EL9a_35|       pointer|
|p_ZZN4nnet22compute_pool_buffer_2dINS_5arrayI8ap_fixedILi20ELi10EL9ap_q_mode5EL9a_35_o_ap_vld   |  out|    1|     ap_ovld|   p_ZZN4nnet22compute_pool_buffer_2dINS_5arrayI8ap_fixedILi20ELi10EL9ap_q_mode5EL9a_35|       pointer|
|p_ZZN4nnet22compute_pool_buffer_2dINS_5arrayI8ap_fixedILi20ELi10EL9ap_q_mode5EL9a_34_i          |   in|   20|     ap_ovld|   p_ZZN4nnet22compute_pool_buffer_2dINS_5arrayI8ap_fixedILi20ELi10EL9ap_q_mode5EL9a_34|       pointer|
|p_ZZN4nnet22compute_pool_buffer_2dINS_5arrayI8ap_fixedILi20ELi10EL9ap_q_mode5EL9a_34_o          |  out|   20|     ap_ovld|   p_ZZN4nnet22compute_pool_buffer_2dINS_5arrayI8ap_fixedILi20ELi10EL9ap_q_mode5EL9a_34|       pointer|
|p_ZZN4nnet22compute_pool_buffer_2dINS_5arrayI8ap_fixedILi20ELi10EL9ap_q_mode5EL9a_34_o_ap_vld   |  out|    1|     ap_ovld|   p_ZZN4nnet22compute_pool_buffer_2dINS_5arrayI8ap_fixedILi20ELi10EL9ap_q_mode5EL9a_34|       pointer|
|p_ZZN4nnet22compute_pool_buffer_2dINS_5arrayI8ap_fixedILi20ELi10EL9ap_q_mode5EL9a_33_i          |   in|   20|     ap_ovld|   p_ZZN4nnet22compute_pool_buffer_2dINS_5arrayI8ap_fixedILi20ELi10EL9ap_q_mode5EL9a_33|       pointer|
|p_ZZN4nnet22compute_pool_buffer_2dINS_5arrayI8ap_fixedILi20ELi10EL9ap_q_mode5EL9a_33_o          |  out|   20|     ap_ovld|   p_ZZN4nnet22compute_pool_buffer_2dINS_5arrayI8ap_fixedILi20ELi10EL9ap_q_mode5EL9a_33|       pointer|
|p_ZZN4nnet22compute_pool_buffer_2dINS_5arrayI8ap_fixedILi20ELi10EL9ap_q_mode5EL9a_33_o_ap_vld   |  out|    1|     ap_ovld|   p_ZZN4nnet22compute_pool_buffer_2dINS_5arrayI8ap_fixedILi20ELi10EL9ap_q_mode5EL9a_33|       pointer|
|p_ZZN4nnet22compute_pool_buffer_2dINS_5arrayI8ap_fixedILi20ELi10EL9ap_q_mode5EL9a_32_i          |   in|   20|     ap_ovld|   p_ZZN4nnet22compute_pool_buffer_2dINS_5arrayI8ap_fixedILi20ELi10EL9ap_q_mode5EL9a_32|       pointer|
|p_ZZN4nnet22compute_pool_buffer_2dINS_5arrayI8ap_fixedILi20ELi10EL9ap_q_mode5EL9a_32_o          |  out|   20|     ap_ovld|   p_ZZN4nnet22compute_pool_buffer_2dINS_5arrayI8ap_fixedILi20ELi10EL9ap_q_mode5EL9a_32|       pointer|
|p_ZZN4nnet22compute_pool_buffer_2dINS_5arrayI8ap_fixedILi20ELi10EL9ap_q_mode5EL9a_32_o_ap_vld   |  out|    1|     ap_ovld|   p_ZZN4nnet22compute_pool_buffer_2dINS_5arrayI8ap_fixedILi20ELi10EL9ap_q_mode5EL9a_32|       pointer|
|p_ZZN4nnet22compute_pool_buffer_2dINS_5arrayI8ap_fixedILi20ELi10EL9ap_q_mode5EL9a_31_i          |   in|   20|     ap_ovld|   p_ZZN4nnet22compute_pool_buffer_2dINS_5arrayI8ap_fixedILi20ELi10EL9ap_q_mode5EL9a_31|       pointer|
|p_ZZN4nnet22compute_pool_buffer_2dINS_5arrayI8ap_fixedILi20ELi10EL9ap_q_mode5EL9a_31_o          |  out|   20|     ap_ovld|   p_ZZN4nnet22compute_pool_buffer_2dINS_5arrayI8ap_fixedILi20ELi10EL9ap_q_mode5EL9a_31|       pointer|
|p_ZZN4nnet22compute_pool_buffer_2dINS_5arrayI8ap_fixedILi20ELi10EL9ap_q_mode5EL9a_31_o_ap_vld   |  out|    1|     ap_ovld|   p_ZZN4nnet22compute_pool_buffer_2dINS_5arrayI8ap_fixedILi20ELi10EL9ap_q_mode5EL9a_31|       pointer|
|p_ZZN4nnet22compute_pool_buffer_2dINS_5arrayI8ap_fixedILi20ELi10EL9ap_q_mode5EL9a_30_i          |   in|   20|     ap_ovld|   p_ZZN4nnet22compute_pool_buffer_2dINS_5arrayI8ap_fixedILi20ELi10EL9ap_q_mode5EL9a_30|       pointer|
|p_ZZN4nnet22compute_pool_buffer_2dINS_5arrayI8ap_fixedILi20ELi10EL9ap_q_mode5EL9a_30_o          |  out|   20|     ap_ovld|   p_ZZN4nnet22compute_pool_buffer_2dINS_5arrayI8ap_fixedILi20ELi10EL9ap_q_mode5EL9a_30|       pointer|
|p_ZZN4nnet22compute_pool_buffer_2dINS_5arrayI8ap_fixedILi20ELi10EL9ap_q_mode5EL9a_30_o_ap_vld   |  out|    1|     ap_ovld|   p_ZZN4nnet22compute_pool_buffer_2dINS_5arrayI8ap_fixedILi20ELi10EL9ap_q_mode5EL9a_30|       pointer|
|p_ZZN4nnet22compute_pool_buffer_2dINS_5arrayI8ap_fixedILi20ELi10EL9ap_q_mode5EL9a_29_i          |   in|   20|     ap_ovld|   p_ZZN4nnet22compute_pool_buffer_2dINS_5arrayI8ap_fixedILi20ELi10EL9ap_q_mode5EL9a_29|       pointer|
|p_ZZN4nnet22compute_pool_buffer_2dINS_5arrayI8ap_fixedILi20ELi10EL9ap_q_mode5EL9a_29_o          |  out|   20|     ap_ovld|   p_ZZN4nnet22compute_pool_buffer_2dINS_5arrayI8ap_fixedILi20ELi10EL9ap_q_mode5EL9a_29|       pointer|
|p_ZZN4nnet22compute_pool_buffer_2dINS_5arrayI8ap_fixedILi20ELi10EL9ap_q_mode5EL9a_29_o_ap_vld   |  out|    1|     ap_ovld|   p_ZZN4nnet22compute_pool_buffer_2dINS_5arrayI8ap_fixedILi20ELi10EL9ap_q_mode5EL9a_29|       pointer|
|p_ZZN4nnet22compute_pool_buffer_2dINS_5arrayI8ap_fixedILi20ELi10EL9ap_q_mode5EL9a_28_i          |   in|   20|     ap_ovld|   p_ZZN4nnet22compute_pool_buffer_2dINS_5arrayI8ap_fixedILi20ELi10EL9ap_q_mode5EL9a_28|       pointer|
|p_ZZN4nnet22compute_pool_buffer_2dINS_5arrayI8ap_fixedILi20ELi10EL9ap_q_mode5EL9a_28_o          |  out|   20|     ap_ovld|   p_ZZN4nnet22compute_pool_buffer_2dINS_5arrayI8ap_fixedILi20ELi10EL9ap_q_mode5EL9a_28|       pointer|
|p_ZZN4nnet22compute_pool_buffer_2dINS_5arrayI8ap_fixedILi20ELi10EL9ap_q_mode5EL9a_28_o_ap_vld   |  out|    1|     ap_ovld|   p_ZZN4nnet22compute_pool_buffer_2dINS_5arrayI8ap_fixedILi20ELi10EL9ap_q_mode5EL9a_28|       pointer|
|p_ZZN4nnet22compute_pool_buffer_2dINS_5arrayI8ap_fixedILi20ELi10EL9ap_q_mode5EL9a_294_i         |   in|   20|     ap_ovld|  p_ZZN4nnet22compute_pool_buffer_2dINS_5arrayI8ap_fixedILi20ELi10EL9ap_q_mode5EL9a_294|       pointer|
|p_ZZN4nnet22compute_pool_buffer_2dINS_5arrayI8ap_fixedILi20ELi10EL9ap_q_mode5EL9a_294_o         |  out|   20|     ap_ovld|  p_ZZN4nnet22compute_pool_buffer_2dINS_5arrayI8ap_fixedILi20ELi10EL9ap_q_mode5EL9a_294|       pointer|
|p_ZZN4nnet22compute_pool_buffer_2dINS_5arrayI8ap_fixedILi20ELi10EL9ap_q_mode5EL9a_294_o_ap_vld  |  out|    1|     ap_ovld|  p_ZZN4nnet22compute_pool_buffer_2dINS_5arrayI8ap_fixedILi20ELi10EL9ap_q_mode5EL9a_294|       pointer|
|p_ZZN4nnet22compute_pool_buffer_2dINS_5arrayI8ap_fixedILi20ELi10EL9ap_q_mode5EL9a_295_i         |   in|   20|     ap_ovld|  p_ZZN4nnet22compute_pool_buffer_2dINS_5arrayI8ap_fixedILi20ELi10EL9ap_q_mode5EL9a_295|       pointer|
|p_ZZN4nnet22compute_pool_buffer_2dINS_5arrayI8ap_fixedILi20ELi10EL9ap_q_mode5EL9a_295_o         |  out|   20|     ap_ovld|  p_ZZN4nnet22compute_pool_buffer_2dINS_5arrayI8ap_fixedILi20ELi10EL9ap_q_mode5EL9a_295|       pointer|
|p_ZZN4nnet22compute_pool_buffer_2dINS_5arrayI8ap_fixedILi20ELi10EL9ap_q_mode5EL9a_295_o_ap_vld  |  out|    1|     ap_ovld|  p_ZZN4nnet22compute_pool_buffer_2dINS_5arrayI8ap_fixedILi20ELi10EL9ap_q_mode5EL9a_295|       pointer|
|p_ZZN4nnet22compute_pool_buffer_2dINS_5arrayI8ap_fixedILi20ELi10EL9ap_q_mode5EL9a_296_i         |   in|   20|     ap_ovld|  p_ZZN4nnet22compute_pool_buffer_2dINS_5arrayI8ap_fixedILi20ELi10EL9ap_q_mode5EL9a_296|       pointer|
|p_ZZN4nnet22compute_pool_buffer_2dINS_5arrayI8ap_fixedILi20ELi10EL9ap_q_mode5EL9a_296_o         |  out|   20|     ap_ovld|  p_ZZN4nnet22compute_pool_buffer_2dINS_5arrayI8ap_fixedILi20ELi10EL9ap_q_mode5EL9a_296|       pointer|
|p_ZZN4nnet22compute_pool_buffer_2dINS_5arrayI8ap_fixedILi20ELi10EL9ap_q_mode5EL9a_296_o_ap_vld  |  out|    1|     ap_ovld|  p_ZZN4nnet22compute_pool_buffer_2dINS_5arrayI8ap_fixedILi20ELi10EL9ap_q_mode5EL9a_296|       pointer|
|p_ZZN4nnet22compute_pool_buffer_2dINS_5arrayI8ap_fixedILi20ELi10EL9ap_q_mode5EL9a_297_i         |   in|   20|     ap_ovld|  p_ZZN4nnet22compute_pool_buffer_2dINS_5arrayI8ap_fixedILi20ELi10EL9ap_q_mode5EL9a_297|       pointer|
|p_ZZN4nnet22compute_pool_buffer_2dINS_5arrayI8ap_fixedILi20ELi10EL9ap_q_mode5EL9a_297_o         |  out|   20|     ap_ovld|  p_ZZN4nnet22compute_pool_buffer_2dINS_5arrayI8ap_fixedILi20ELi10EL9ap_q_mode5EL9a_297|       pointer|
|p_ZZN4nnet22compute_pool_buffer_2dINS_5arrayI8ap_fixedILi20ELi10EL9ap_q_mode5EL9a_297_o_ap_vld  |  out|    1|     ap_ovld|  p_ZZN4nnet22compute_pool_buffer_2dINS_5arrayI8ap_fixedILi20ELi10EL9ap_q_mode5EL9a_297|       pointer|
|p_ZZN4nnet22compute_pool_buffer_2dINS_5arrayI8ap_fixedILi20ELi10EL9ap_q_mode5EL9a_298_i         |   in|   20|     ap_ovld|  p_ZZN4nnet22compute_pool_buffer_2dINS_5arrayI8ap_fixedILi20ELi10EL9ap_q_mode5EL9a_298|       pointer|
|p_ZZN4nnet22compute_pool_buffer_2dINS_5arrayI8ap_fixedILi20ELi10EL9ap_q_mode5EL9a_298_o         |  out|   20|     ap_ovld|  p_ZZN4nnet22compute_pool_buffer_2dINS_5arrayI8ap_fixedILi20ELi10EL9ap_q_mode5EL9a_298|       pointer|
|p_ZZN4nnet22compute_pool_buffer_2dINS_5arrayI8ap_fixedILi20ELi10EL9ap_q_mode5EL9a_298_o_ap_vld  |  out|    1|     ap_ovld|  p_ZZN4nnet22compute_pool_buffer_2dINS_5arrayI8ap_fixedILi20ELi10EL9ap_q_mode5EL9a_298|       pointer|
|p_ZZN4nnet22compute_pool_buffer_2dINS_5arrayI8ap_fixedILi20ELi10EL9ap_q_mode5EL9a_299_i         |   in|   20|     ap_ovld|  p_ZZN4nnet22compute_pool_buffer_2dINS_5arrayI8ap_fixedILi20ELi10EL9ap_q_mode5EL9a_299|       pointer|
|p_ZZN4nnet22compute_pool_buffer_2dINS_5arrayI8ap_fixedILi20ELi10EL9ap_q_mode5EL9a_299_o         |  out|   20|     ap_ovld|  p_ZZN4nnet22compute_pool_buffer_2dINS_5arrayI8ap_fixedILi20ELi10EL9ap_q_mode5EL9a_299|       pointer|
|p_ZZN4nnet22compute_pool_buffer_2dINS_5arrayI8ap_fixedILi20ELi10EL9ap_q_mode5EL9a_299_o_ap_vld  |  out|    1|     ap_ovld|  p_ZZN4nnet22compute_pool_buffer_2dINS_5arrayI8ap_fixedILi20ELi10EL9ap_q_mode5EL9a_299|       pointer|
|p_ZZN4nnet22compute_pool_buffer_2dINS_5arrayI8ap_fixedILi20ELi10EL9ap_q_mode5EL9a_301_i         |   in|   20|     ap_ovld|  p_ZZN4nnet22compute_pool_buffer_2dINS_5arrayI8ap_fixedILi20ELi10EL9ap_q_mode5EL9a_301|       pointer|
|p_ZZN4nnet22compute_pool_buffer_2dINS_5arrayI8ap_fixedILi20ELi10EL9ap_q_mode5EL9a_301_o         |  out|   20|     ap_ovld|  p_ZZN4nnet22compute_pool_buffer_2dINS_5arrayI8ap_fixedILi20ELi10EL9ap_q_mode5EL9a_301|       pointer|
|p_ZZN4nnet22compute_pool_buffer_2dINS_5arrayI8ap_fixedILi20ELi10EL9ap_q_mode5EL9a_301_o_ap_vld  |  out|    1|     ap_ovld|  p_ZZN4nnet22compute_pool_buffer_2dINS_5arrayI8ap_fixedILi20ELi10EL9ap_q_mode5EL9a_301|       pointer|
|p_ZZN4nnet22compute_pool_buffer_2dINS_5arrayI8ap_fixedILi20ELi10EL9ap_q_mode5EL9a_302_i         |   in|   20|     ap_ovld|  p_ZZN4nnet22compute_pool_buffer_2dINS_5arrayI8ap_fixedILi20ELi10EL9ap_q_mode5EL9a_302|       pointer|
|p_ZZN4nnet22compute_pool_buffer_2dINS_5arrayI8ap_fixedILi20ELi10EL9ap_q_mode5EL9a_302_o         |  out|   20|     ap_ovld|  p_ZZN4nnet22compute_pool_buffer_2dINS_5arrayI8ap_fixedILi20ELi10EL9ap_q_mode5EL9a_302|       pointer|
|p_ZZN4nnet22compute_pool_buffer_2dINS_5arrayI8ap_fixedILi20ELi10EL9ap_q_mode5EL9a_302_o_ap_vld  |  out|    1|     ap_ovld|  p_ZZN4nnet22compute_pool_buffer_2dINS_5arrayI8ap_fixedILi20ELi10EL9ap_q_mode5EL9a_302|       pointer|
|p_ZZN4nnet22compute_pool_buffer_2dINS_5arrayI8ap_fixedILi20ELi10EL9ap_q_mode5EL9a_303_i         |   in|   20|     ap_ovld|  p_ZZN4nnet22compute_pool_buffer_2dINS_5arrayI8ap_fixedILi20ELi10EL9ap_q_mode5EL9a_303|       pointer|
|p_ZZN4nnet22compute_pool_buffer_2dINS_5arrayI8ap_fixedILi20ELi10EL9ap_q_mode5EL9a_303_o         |  out|   20|     ap_ovld|  p_ZZN4nnet22compute_pool_buffer_2dINS_5arrayI8ap_fixedILi20ELi10EL9ap_q_mode5EL9a_303|       pointer|
|p_ZZN4nnet22compute_pool_buffer_2dINS_5arrayI8ap_fixedILi20ELi10EL9ap_q_mode5EL9a_303_o_ap_vld  |  out|    1|     ap_ovld|  p_ZZN4nnet22compute_pool_buffer_2dINS_5arrayI8ap_fixedILi20ELi10EL9ap_q_mode5EL9a_303|       pointer|
|p_ZZN4nnet22compute_pool_buffer_2dINS_5arrayI8ap_fixedILi20ELi10EL9ap_q_mode5EL9a_304_i         |   in|   20|     ap_ovld|  p_ZZN4nnet22compute_pool_buffer_2dINS_5arrayI8ap_fixedILi20ELi10EL9ap_q_mode5EL9a_304|       pointer|
|p_ZZN4nnet22compute_pool_buffer_2dINS_5arrayI8ap_fixedILi20ELi10EL9ap_q_mode5EL9a_304_o         |  out|   20|     ap_ovld|  p_ZZN4nnet22compute_pool_buffer_2dINS_5arrayI8ap_fixedILi20ELi10EL9ap_q_mode5EL9a_304|       pointer|
|p_ZZN4nnet22compute_pool_buffer_2dINS_5arrayI8ap_fixedILi20ELi10EL9ap_q_mode5EL9a_304_o_ap_vld  |  out|    1|     ap_ovld|  p_ZZN4nnet22compute_pool_buffer_2dINS_5arrayI8ap_fixedILi20ELi10EL9ap_q_mode5EL9a_304|       pointer|
|p_ZZN4nnet22compute_pool_buffer_2dINS_5arrayI8ap_fixedILi20ELi10EL9ap_q_mode5EL9a_305_i         |   in|   20|     ap_ovld|  p_ZZN4nnet22compute_pool_buffer_2dINS_5arrayI8ap_fixedILi20ELi10EL9ap_q_mode5EL9a_305|       pointer|
|p_ZZN4nnet22compute_pool_buffer_2dINS_5arrayI8ap_fixedILi20ELi10EL9ap_q_mode5EL9a_305_o         |  out|   20|     ap_ovld|  p_ZZN4nnet22compute_pool_buffer_2dINS_5arrayI8ap_fixedILi20ELi10EL9ap_q_mode5EL9a_305|       pointer|
|p_ZZN4nnet22compute_pool_buffer_2dINS_5arrayI8ap_fixedILi20ELi10EL9ap_q_mode5EL9a_305_o_ap_vld  |  out|    1|     ap_ovld|  p_ZZN4nnet22compute_pool_buffer_2dINS_5arrayI8ap_fixedILi20ELi10EL9ap_q_mode5EL9a_305|       pointer|
|p_ZZN4nnet22compute_pool_buffer_2dINS_5arrayI8ap_fixedILi20ELi10EL9ap_q_mode5EL9a_306_i         |   in|   20|     ap_ovld|  p_ZZN4nnet22compute_pool_buffer_2dINS_5arrayI8ap_fixedILi20ELi10EL9ap_q_mode5EL9a_306|       pointer|
|p_ZZN4nnet22compute_pool_buffer_2dINS_5arrayI8ap_fixedILi20ELi10EL9ap_q_mode5EL9a_306_o         |  out|   20|     ap_ovld|  p_ZZN4nnet22compute_pool_buffer_2dINS_5arrayI8ap_fixedILi20ELi10EL9ap_q_mode5EL9a_306|       pointer|
|p_ZZN4nnet22compute_pool_buffer_2dINS_5arrayI8ap_fixedILi20ELi10EL9ap_q_mode5EL9a_306_o_ap_vld  |  out|    1|     ap_ovld|  p_ZZN4nnet22compute_pool_buffer_2dINS_5arrayI8ap_fixedILi20ELi10EL9ap_q_mode5EL9a_306|       pointer|
|p_ZZN4nnet22compute_pool_buffer_2dINS_5arrayI8ap_fixedILi20ELi10EL9ap_q_mode5EL9a_307_i         |   in|   20|     ap_ovld|  p_ZZN4nnet22compute_pool_buffer_2dINS_5arrayI8ap_fixedILi20ELi10EL9ap_q_mode5EL9a_307|       pointer|
|p_ZZN4nnet22compute_pool_buffer_2dINS_5arrayI8ap_fixedILi20ELi10EL9ap_q_mode5EL9a_307_o         |  out|   20|     ap_ovld|  p_ZZN4nnet22compute_pool_buffer_2dINS_5arrayI8ap_fixedILi20ELi10EL9ap_q_mode5EL9a_307|       pointer|
|p_ZZN4nnet22compute_pool_buffer_2dINS_5arrayI8ap_fixedILi20ELi10EL9ap_q_mode5EL9a_307_o_ap_vld  |  out|    1|     ap_ovld|  p_ZZN4nnet22compute_pool_buffer_2dINS_5arrayI8ap_fixedILi20ELi10EL9ap_q_mode5EL9a_307|       pointer|
|p_ZZN4nnet22compute_pool_buffer_2dINS_5arrayI8ap_fixedILi20ELi10EL9ap_q_mode5EL9a_308_i         |   in|   20|     ap_ovld|  p_ZZN4nnet22compute_pool_buffer_2dINS_5arrayI8ap_fixedILi20ELi10EL9ap_q_mode5EL9a_308|       pointer|
|p_ZZN4nnet22compute_pool_buffer_2dINS_5arrayI8ap_fixedILi20ELi10EL9ap_q_mode5EL9a_308_o         |  out|   20|     ap_ovld|  p_ZZN4nnet22compute_pool_buffer_2dINS_5arrayI8ap_fixedILi20ELi10EL9ap_q_mode5EL9a_308|       pointer|
|p_ZZN4nnet22compute_pool_buffer_2dINS_5arrayI8ap_fixedILi20ELi10EL9ap_q_mode5EL9a_308_o_ap_vld  |  out|    1|     ap_ovld|  p_ZZN4nnet22compute_pool_buffer_2dINS_5arrayI8ap_fixedILi20ELi10EL9ap_q_mode5EL9a_308|       pointer|
|p_ZZN4nnet22compute_pool_buffer_2dINS_5arrayI8ap_fixedILi20ELi10EL9ap_q_mode5EL9a_309_i         |   in|   20|     ap_ovld|  p_ZZN4nnet22compute_pool_buffer_2dINS_5arrayI8ap_fixedILi20ELi10EL9ap_q_mode5EL9a_309|       pointer|
|p_ZZN4nnet22compute_pool_buffer_2dINS_5arrayI8ap_fixedILi20ELi10EL9ap_q_mode5EL9a_309_o         |  out|   20|     ap_ovld|  p_ZZN4nnet22compute_pool_buffer_2dINS_5arrayI8ap_fixedILi20ELi10EL9ap_q_mode5EL9a_309|       pointer|
|p_ZZN4nnet22compute_pool_buffer_2dINS_5arrayI8ap_fixedILi20ELi10EL9ap_q_mode5EL9a_309_o_ap_vld  |  out|    1|     ap_ovld|  p_ZZN4nnet22compute_pool_buffer_2dINS_5arrayI8ap_fixedILi20ELi10EL9ap_q_mode5EL9a_309|       pointer|
|p_ZZN4nnet22compute_pool_buffer_2dINS_5arrayI8ap_fixedILi20ELi10EL9ap_q_mode5EL9a_310_i         |   in|   20|     ap_ovld|  p_ZZN4nnet22compute_pool_buffer_2dINS_5arrayI8ap_fixedILi20ELi10EL9ap_q_mode5EL9a_310|       pointer|
|p_ZZN4nnet22compute_pool_buffer_2dINS_5arrayI8ap_fixedILi20ELi10EL9ap_q_mode5EL9a_310_o         |  out|   20|     ap_ovld|  p_ZZN4nnet22compute_pool_buffer_2dINS_5arrayI8ap_fixedILi20ELi10EL9ap_q_mode5EL9a_310|       pointer|
|p_ZZN4nnet22compute_pool_buffer_2dINS_5arrayI8ap_fixedILi20ELi10EL9ap_q_mode5EL9a_310_o_ap_vld  |  out|    1|     ap_ovld|  p_ZZN4nnet22compute_pool_buffer_2dINS_5arrayI8ap_fixedILi20ELi10EL9ap_q_mode5EL9a_310|       pointer|
|p_ZZN4nnet22compute_pool_buffer_2dINS_5arrayI8ap_fixedILi20ELi10EL9ap_q_mode5EL9a_312_i         |   in|   20|     ap_ovld|  p_ZZN4nnet22compute_pool_buffer_2dINS_5arrayI8ap_fixedILi20ELi10EL9ap_q_mode5EL9a_312|       pointer|
|p_ZZN4nnet22compute_pool_buffer_2dINS_5arrayI8ap_fixedILi20ELi10EL9ap_q_mode5EL9a_312_o         |  out|   20|     ap_ovld|  p_ZZN4nnet22compute_pool_buffer_2dINS_5arrayI8ap_fixedILi20ELi10EL9ap_q_mode5EL9a_312|       pointer|
|p_ZZN4nnet22compute_pool_buffer_2dINS_5arrayI8ap_fixedILi20ELi10EL9ap_q_mode5EL9a_312_o_ap_vld  |  out|    1|     ap_ovld|  p_ZZN4nnet22compute_pool_buffer_2dINS_5arrayI8ap_fixedILi20ELi10EL9ap_q_mode5EL9a_312|       pointer|
|p_ZZN4nnet22compute_pool_buffer_2dINS_5arrayI8ap_fixedILi20ELi10EL9ap_q_mode5EL9a_313_i         |   in|   20|     ap_ovld|  p_ZZN4nnet22compute_pool_buffer_2dINS_5arrayI8ap_fixedILi20ELi10EL9ap_q_mode5EL9a_313|       pointer|
|p_ZZN4nnet22compute_pool_buffer_2dINS_5arrayI8ap_fixedILi20ELi10EL9ap_q_mode5EL9a_313_o         |  out|   20|     ap_ovld|  p_ZZN4nnet22compute_pool_buffer_2dINS_5arrayI8ap_fixedILi20ELi10EL9ap_q_mode5EL9a_313|       pointer|
|p_ZZN4nnet22compute_pool_buffer_2dINS_5arrayI8ap_fixedILi20ELi10EL9ap_q_mode5EL9a_313_o_ap_vld  |  out|    1|     ap_ovld|  p_ZZN4nnet22compute_pool_buffer_2dINS_5arrayI8ap_fixedILi20ELi10EL9ap_q_mode5EL9a_313|       pointer|
|p_ZZN4nnet22compute_pool_buffer_2dINS_5arrayI8ap_fixedILi20ELi10EL9ap_q_mode5EL9a_27_i          |   in|   20|     ap_ovld|   p_ZZN4nnet22compute_pool_buffer_2dINS_5arrayI8ap_fixedILi20ELi10EL9ap_q_mode5EL9a_27|       pointer|
|p_ZZN4nnet22compute_pool_buffer_2dINS_5arrayI8ap_fixedILi20ELi10EL9ap_q_mode5EL9a_27_o          |  out|   20|     ap_ovld|   p_ZZN4nnet22compute_pool_buffer_2dINS_5arrayI8ap_fixedILi20ELi10EL9ap_q_mode5EL9a_27|       pointer|
|p_ZZN4nnet22compute_pool_buffer_2dINS_5arrayI8ap_fixedILi20ELi10EL9ap_q_mode5EL9a_27_o_ap_vld   |  out|    1|     ap_ovld|   p_ZZN4nnet22compute_pool_buffer_2dINS_5arrayI8ap_fixedILi20ELi10EL9ap_q_mode5EL9a_27|       pointer|
|p_ZZN4nnet22compute_pool_buffer_2dINS_5arrayI8ap_fixedILi20ELi10EL9ap_q_mode5EL9a_26_i          |   in|   20|     ap_ovld|   p_ZZN4nnet22compute_pool_buffer_2dINS_5arrayI8ap_fixedILi20ELi10EL9ap_q_mode5EL9a_26|       pointer|
|p_ZZN4nnet22compute_pool_buffer_2dINS_5arrayI8ap_fixedILi20ELi10EL9ap_q_mode5EL9a_26_o          |  out|   20|     ap_ovld|   p_ZZN4nnet22compute_pool_buffer_2dINS_5arrayI8ap_fixedILi20ELi10EL9ap_q_mode5EL9a_26|       pointer|
|p_ZZN4nnet22compute_pool_buffer_2dINS_5arrayI8ap_fixedILi20ELi10EL9ap_q_mode5EL9a_26_o_ap_vld   |  out|    1|     ap_ovld|   p_ZZN4nnet22compute_pool_buffer_2dINS_5arrayI8ap_fixedILi20ELi10EL9ap_q_mode5EL9a_26|       pointer|
|p_ZZN4nnet22compute_pool_buffer_2dINS_5arrayI8ap_fixedILi20ELi10EL9ap_q_mode5EL9a_25_i          |   in|   20|     ap_ovld|   p_ZZN4nnet22compute_pool_buffer_2dINS_5arrayI8ap_fixedILi20ELi10EL9ap_q_mode5EL9a_25|       pointer|
|p_ZZN4nnet22compute_pool_buffer_2dINS_5arrayI8ap_fixedILi20ELi10EL9ap_q_mode5EL9a_25_o          |  out|   20|     ap_ovld|   p_ZZN4nnet22compute_pool_buffer_2dINS_5arrayI8ap_fixedILi20ELi10EL9ap_q_mode5EL9a_25|       pointer|
|p_ZZN4nnet22compute_pool_buffer_2dINS_5arrayI8ap_fixedILi20ELi10EL9ap_q_mode5EL9a_25_o_ap_vld   |  out|    1|     ap_ovld|   p_ZZN4nnet22compute_pool_buffer_2dINS_5arrayI8ap_fixedILi20ELi10EL9ap_q_mode5EL9a_25|       pointer|
|p_ZZN4nnet22compute_pool_buffer_2dINS_5arrayI8ap_fixedILi20ELi10EL9ap_q_mode5EL9a_24_i          |   in|   20|     ap_ovld|   p_ZZN4nnet22compute_pool_buffer_2dINS_5arrayI8ap_fixedILi20ELi10EL9ap_q_mode5EL9a_24|       pointer|
|p_ZZN4nnet22compute_pool_buffer_2dINS_5arrayI8ap_fixedILi20ELi10EL9ap_q_mode5EL9a_24_o          |  out|   20|     ap_ovld|   p_ZZN4nnet22compute_pool_buffer_2dINS_5arrayI8ap_fixedILi20ELi10EL9ap_q_mode5EL9a_24|       pointer|
|p_ZZN4nnet22compute_pool_buffer_2dINS_5arrayI8ap_fixedILi20ELi10EL9ap_q_mode5EL9a_24_o_ap_vld   |  out|    1|     ap_ovld|   p_ZZN4nnet22compute_pool_buffer_2dINS_5arrayI8ap_fixedILi20ELi10EL9ap_q_mode5EL9a_24|       pointer|
|p_ZZN4nnet22compute_pool_buffer_2dINS_5arrayI8ap_fixedILi20ELi10EL9ap_q_mode5EL9a_23_i          |   in|   20|     ap_ovld|   p_ZZN4nnet22compute_pool_buffer_2dINS_5arrayI8ap_fixedILi20ELi10EL9ap_q_mode5EL9a_23|       pointer|
|p_ZZN4nnet22compute_pool_buffer_2dINS_5arrayI8ap_fixedILi20ELi10EL9ap_q_mode5EL9a_23_o          |  out|   20|     ap_ovld|   p_ZZN4nnet22compute_pool_buffer_2dINS_5arrayI8ap_fixedILi20ELi10EL9ap_q_mode5EL9a_23|       pointer|
|p_ZZN4nnet22compute_pool_buffer_2dINS_5arrayI8ap_fixedILi20ELi10EL9ap_q_mode5EL9a_23_o_ap_vld   |  out|    1|     ap_ovld|   p_ZZN4nnet22compute_pool_buffer_2dINS_5arrayI8ap_fixedILi20ELi10EL9ap_q_mode5EL9a_23|       pointer|
|p_ZZN4nnet22compute_pool_buffer_2dINS_5arrayI8ap_fixedILi20ELi10EL9ap_q_mode5EL9a_22_i          |   in|   20|     ap_ovld|   p_ZZN4nnet22compute_pool_buffer_2dINS_5arrayI8ap_fixedILi20ELi10EL9ap_q_mode5EL9a_22|       pointer|
|p_ZZN4nnet22compute_pool_buffer_2dINS_5arrayI8ap_fixedILi20ELi10EL9ap_q_mode5EL9a_22_o          |  out|   20|     ap_ovld|   p_ZZN4nnet22compute_pool_buffer_2dINS_5arrayI8ap_fixedILi20ELi10EL9ap_q_mode5EL9a_22|       pointer|
|p_ZZN4nnet22compute_pool_buffer_2dINS_5arrayI8ap_fixedILi20ELi10EL9ap_q_mode5EL9a_22_o_ap_vld   |  out|    1|     ap_ovld|   p_ZZN4nnet22compute_pool_buffer_2dINS_5arrayI8ap_fixedILi20ELi10EL9ap_q_mode5EL9a_22|       pointer|
|p_ZZN4nnet22compute_pool_buffer_2dINS_5arrayI8ap_fixedILi20ELi10EL9ap_q_mode5EL9a_21_i          |   in|   20|     ap_ovld|   p_ZZN4nnet22compute_pool_buffer_2dINS_5arrayI8ap_fixedILi20ELi10EL9ap_q_mode5EL9a_21|       pointer|
|p_ZZN4nnet22compute_pool_buffer_2dINS_5arrayI8ap_fixedILi20ELi10EL9ap_q_mode5EL9a_21_o          |  out|   20|     ap_ovld|   p_ZZN4nnet22compute_pool_buffer_2dINS_5arrayI8ap_fixedILi20ELi10EL9ap_q_mode5EL9a_21|       pointer|
|p_ZZN4nnet22compute_pool_buffer_2dINS_5arrayI8ap_fixedILi20ELi10EL9ap_q_mode5EL9a_21_o_ap_vld   |  out|    1|     ap_ovld|   p_ZZN4nnet22compute_pool_buffer_2dINS_5arrayI8ap_fixedILi20ELi10EL9ap_q_mode5EL9a_21|       pointer|
|p_ZZN4nnet22compute_pool_buffer_2dINS_5arrayI8ap_fixedILi20ELi10EL9ap_q_mode5EL9a_20_i          |   in|   20|     ap_ovld|   p_ZZN4nnet22compute_pool_buffer_2dINS_5arrayI8ap_fixedILi20ELi10EL9ap_q_mode5EL9a_20|       pointer|
|p_ZZN4nnet22compute_pool_buffer_2dINS_5arrayI8ap_fixedILi20ELi10EL9ap_q_mode5EL9a_20_o          |  out|   20|     ap_ovld|   p_ZZN4nnet22compute_pool_buffer_2dINS_5arrayI8ap_fixedILi20ELi10EL9ap_q_mode5EL9a_20|       pointer|
|p_ZZN4nnet22compute_pool_buffer_2dINS_5arrayI8ap_fixedILi20ELi10EL9ap_q_mode5EL9a_20_o_ap_vld   |  out|    1|     ap_ovld|   p_ZZN4nnet22compute_pool_buffer_2dINS_5arrayI8ap_fixedILi20ELi10EL9ap_q_mode5EL9a_20|       pointer|
|p_ZZN4nnet22compute_pool_buffer_2dINS_5arrayI8ap_fixedILi20ELi10EL9ap_q_mode5EL9a_19_i          |   in|   20|     ap_ovld|   p_ZZN4nnet22compute_pool_buffer_2dINS_5arrayI8ap_fixedILi20ELi10EL9ap_q_mode5EL9a_19|       pointer|
|p_ZZN4nnet22compute_pool_buffer_2dINS_5arrayI8ap_fixedILi20ELi10EL9ap_q_mode5EL9a_19_o          |  out|   20|     ap_ovld|   p_ZZN4nnet22compute_pool_buffer_2dINS_5arrayI8ap_fixedILi20ELi10EL9ap_q_mode5EL9a_19|       pointer|
|p_ZZN4nnet22compute_pool_buffer_2dINS_5arrayI8ap_fixedILi20ELi10EL9ap_q_mode5EL9a_19_o_ap_vld   |  out|    1|     ap_ovld|   p_ZZN4nnet22compute_pool_buffer_2dINS_5arrayI8ap_fixedILi20ELi10EL9ap_q_mode5EL9a_19|       pointer|
|p_ZZN4nnet22compute_pool_buffer_2dINS_5arrayI8ap_fixedILi20ELi10EL9ap_q_mode5EL9a_18_i          |   in|   20|     ap_ovld|   p_ZZN4nnet22compute_pool_buffer_2dINS_5arrayI8ap_fixedILi20ELi10EL9ap_q_mode5EL9a_18|       pointer|
|p_ZZN4nnet22compute_pool_buffer_2dINS_5arrayI8ap_fixedILi20ELi10EL9ap_q_mode5EL9a_18_o          |  out|   20|     ap_ovld|   p_ZZN4nnet22compute_pool_buffer_2dINS_5arrayI8ap_fixedILi20ELi10EL9ap_q_mode5EL9a_18|       pointer|
|p_ZZN4nnet22compute_pool_buffer_2dINS_5arrayI8ap_fixedILi20ELi10EL9ap_q_mode5EL9a_18_o_ap_vld   |  out|    1|     ap_ovld|   p_ZZN4nnet22compute_pool_buffer_2dINS_5arrayI8ap_fixedILi20ELi10EL9ap_q_mode5EL9a_18|       pointer|
|p_ZZN4nnet22compute_pool_buffer_2dINS_5arrayI8ap_fixedILi20ELi10EL9ap_q_mode5EL9a_17_i          |   in|   20|     ap_ovld|   p_ZZN4nnet22compute_pool_buffer_2dINS_5arrayI8ap_fixedILi20ELi10EL9ap_q_mode5EL9a_17|       pointer|
|p_ZZN4nnet22compute_pool_buffer_2dINS_5arrayI8ap_fixedILi20ELi10EL9ap_q_mode5EL9a_17_o          |  out|   20|     ap_ovld|   p_ZZN4nnet22compute_pool_buffer_2dINS_5arrayI8ap_fixedILi20ELi10EL9ap_q_mode5EL9a_17|       pointer|
|p_ZZN4nnet22compute_pool_buffer_2dINS_5arrayI8ap_fixedILi20ELi10EL9ap_q_mode5EL9a_17_o_ap_vld   |  out|    1|     ap_ovld|   p_ZZN4nnet22compute_pool_buffer_2dINS_5arrayI8ap_fixedILi20ELi10EL9ap_q_mode5EL9a_17|       pointer|
|p_ZZN4nnet22compute_pool_buffer_2dINS_5arrayI8ap_fixedILi20ELi10EL9ap_q_mode5EL9a_16_i          |   in|   20|     ap_ovld|   p_ZZN4nnet22compute_pool_buffer_2dINS_5arrayI8ap_fixedILi20ELi10EL9ap_q_mode5EL9a_16|       pointer|
|p_ZZN4nnet22compute_pool_buffer_2dINS_5arrayI8ap_fixedILi20ELi10EL9ap_q_mode5EL9a_16_o          |  out|   20|     ap_ovld|   p_ZZN4nnet22compute_pool_buffer_2dINS_5arrayI8ap_fixedILi20ELi10EL9ap_q_mode5EL9a_16|       pointer|
|p_ZZN4nnet22compute_pool_buffer_2dINS_5arrayI8ap_fixedILi20ELi10EL9ap_q_mode5EL9a_16_o_ap_vld   |  out|    1|     ap_ovld|   p_ZZN4nnet22compute_pool_buffer_2dINS_5arrayI8ap_fixedILi20ELi10EL9ap_q_mode5EL9a_16|       pointer|
|p_ZZN4nnet22compute_pool_buffer_2dINS_5arrayI8ap_fixedILi20ELi10EL9ap_q_mode5EL9a_15_i          |   in|   20|     ap_ovld|   p_ZZN4nnet22compute_pool_buffer_2dINS_5arrayI8ap_fixedILi20ELi10EL9ap_q_mode5EL9a_15|       pointer|
|p_ZZN4nnet22compute_pool_buffer_2dINS_5arrayI8ap_fixedILi20ELi10EL9ap_q_mode5EL9a_15_o          |  out|   20|     ap_ovld|   p_ZZN4nnet22compute_pool_buffer_2dINS_5arrayI8ap_fixedILi20ELi10EL9ap_q_mode5EL9a_15|       pointer|
|p_ZZN4nnet22compute_pool_buffer_2dINS_5arrayI8ap_fixedILi20ELi10EL9ap_q_mode5EL9a_15_o_ap_vld   |  out|    1|     ap_ovld|   p_ZZN4nnet22compute_pool_buffer_2dINS_5arrayI8ap_fixedILi20ELi10EL9ap_q_mode5EL9a_15|       pointer|
|p_ZZN4nnet22compute_pool_buffer_2dINS_5arrayI8ap_fixedILi20ELi10EL9ap_q_mode5EL9a_14_i          |   in|   20|     ap_ovld|   p_ZZN4nnet22compute_pool_buffer_2dINS_5arrayI8ap_fixedILi20ELi10EL9ap_q_mode5EL9a_14|       pointer|
|p_ZZN4nnet22compute_pool_buffer_2dINS_5arrayI8ap_fixedILi20ELi10EL9ap_q_mode5EL9a_14_o          |  out|   20|     ap_ovld|   p_ZZN4nnet22compute_pool_buffer_2dINS_5arrayI8ap_fixedILi20ELi10EL9ap_q_mode5EL9a_14|       pointer|
|p_ZZN4nnet22compute_pool_buffer_2dINS_5arrayI8ap_fixedILi20ELi10EL9ap_q_mode5EL9a_14_o_ap_vld   |  out|    1|     ap_ovld|   p_ZZN4nnet22compute_pool_buffer_2dINS_5arrayI8ap_fixedILi20ELi10EL9ap_q_mode5EL9a_14|       pointer|
|p_ZZN4nnet22compute_pool_buffer_2dINS_5arrayI8ap_fixedILi20ELi10EL9ap_q_mode5EL9a_13_i          |   in|   20|     ap_ovld|   p_ZZN4nnet22compute_pool_buffer_2dINS_5arrayI8ap_fixedILi20ELi10EL9ap_q_mode5EL9a_13|       pointer|
|p_ZZN4nnet22compute_pool_buffer_2dINS_5arrayI8ap_fixedILi20ELi10EL9ap_q_mode5EL9a_13_o          |  out|   20|     ap_ovld|   p_ZZN4nnet22compute_pool_buffer_2dINS_5arrayI8ap_fixedILi20ELi10EL9ap_q_mode5EL9a_13|       pointer|
|p_ZZN4nnet22compute_pool_buffer_2dINS_5arrayI8ap_fixedILi20ELi10EL9ap_q_mode5EL9a_13_o_ap_vld   |  out|    1|     ap_ovld|   p_ZZN4nnet22compute_pool_buffer_2dINS_5arrayI8ap_fixedILi20ELi10EL9ap_q_mode5EL9a_13|       pointer|
|p_ZZN4nnet22compute_pool_buffer_2dINS_5arrayI8ap_fixedILi20ELi10EL9ap_q_mode5EL9a_12_i          |   in|   20|     ap_ovld|   p_ZZN4nnet22compute_pool_buffer_2dINS_5arrayI8ap_fixedILi20ELi10EL9ap_q_mode5EL9a_12|       pointer|
|p_ZZN4nnet22compute_pool_buffer_2dINS_5arrayI8ap_fixedILi20ELi10EL9ap_q_mode5EL9a_12_o          |  out|   20|     ap_ovld|   p_ZZN4nnet22compute_pool_buffer_2dINS_5arrayI8ap_fixedILi20ELi10EL9ap_q_mode5EL9a_12|       pointer|
|p_ZZN4nnet22compute_pool_buffer_2dINS_5arrayI8ap_fixedILi20ELi10EL9ap_q_mode5EL9a_12_o_ap_vld   |  out|    1|     ap_ovld|   p_ZZN4nnet22compute_pool_buffer_2dINS_5arrayI8ap_fixedILi20ELi10EL9ap_q_mode5EL9a_12|       pointer|
|p_ZZN4nnet22compute_pool_buffer_2dINS_5arrayI8ap_fixedILi20ELi10EL9ap_q_mode5EL9a_11_i          |   in|   20|     ap_ovld|   p_ZZN4nnet22compute_pool_buffer_2dINS_5arrayI8ap_fixedILi20ELi10EL9ap_q_mode5EL9a_11|       pointer|
|p_ZZN4nnet22compute_pool_buffer_2dINS_5arrayI8ap_fixedILi20ELi10EL9ap_q_mode5EL9a_11_o          |  out|   20|     ap_ovld|   p_ZZN4nnet22compute_pool_buffer_2dINS_5arrayI8ap_fixedILi20ELi10EL9ap_q_mode5EL9a_11|       pointer|
|p_ZZN4nnet22compute_pool_buffer_2dINS_5arrayI8ap_fixedILi20ELi10EL9ap_q_mode5EL9a_11_o_ap_vld   |  out|    1|     ap_ovld|   p_ZZN4nnet22compute_pool_buffer_2dINS_5arrayI8ap_fixedILi20ELi10EL9ap_q_mode5EL9a_11|       pointer|
|p_ZZN4nnet22compute_pool_buffer_2dINS_5arrayI8ap_fixedILi20ELi10EL9ap_q_mode5EL9a_10_i          |   in|   20|     ap_ovld|   p_ZZN4nnet22compute_pool_buffer_2dINS_5arrayI8ap_fixedILi20ELi10EL9ap_q_mode5EL9a_10|       pointer|
|p_ZZN4nnet22compute_pool_buffer_2dINS_5arrayI8ap_fixedILi20ELi10EL9ap_q_mode5EL9a_10_o          |  out|   20|     ap_ovld|   p_ZZN4nnet22compute_pool_buffer_2dINS_5arrayI8ap_fixedILi20ELi10EL9ap_q_mode5EL9a_10|       pointer|
|p_ZZN4nnet22compute_pool_buffer_2dINS_5arrayI8ap_fixedILi20ELi10EL9ap_q_mode5EL9a_10_o_ap_vld   |  out|    1|     ap_ovld|   p_ZZN4nnet22compute_pool_buffer_2dINS_5arrayI8ap_fixedILi20ELi10EL9ap_q_mode5EL9a_10|       pointer|
|p_ZZN4nnet22compute_pool_buffer_2dINS_5arrayI8ap_fixedILi20ELi10EL9ap_q_mode5EL9a_314_i         |   in|   20|     ap_ovld|  p_ZZN4nnet22compute_pool_buffer_2dINS_5arrayI8ap_fixedILi20ELi10EL9ap_q_mode5EL9a_314|       pointer|
|p_ZZN4nnet22compute_pool_buffer_2dINS_5arrayI8ap_fixedILi20ELi10EL9ap_q_mode5EL9a_314_o         |  out|   20|     ap_ovld|  p_ZZN4nnet22compute_pool_buffer_2dINS_5arrayI8ap_fixedILi20ELi10EL9ap_q_mode5EL9a_314|       pointer|
|p_ZZN4nnet22compute_pool_buffer_2dINS_5arrayI8ap_fixedILi20ELi10EL9ap_q_mode5EL9a_314_o_ap_vld  |  out|    1|     ap_ovld|  p_ZZN4nnet22compute_pool_buffer_2dINS_5arrayI8ap_fixedILi20ELi10EL9ap_q_mode5EL9a_314|       pointer|
|p_ZZN4nnet22compute_pool_buffer_2dINS_5arrayI8ap_fixedILi20ELi10EL9ap_q_mode5EL9a_99_i          |   in|   20|     ap_ovld|   p_ZZN4nnet22compute_pool_buffer_2dINS_5arrayI8ap_fixedILi20ELi10EL9ap_q_mode5EL9a_99|       pointer|
|p_ZZN4nnet22compute_pool_buffer_2dINS_5arrayI8ap_fixedILi20ELi10EL9ap_q_mode5EL9a_99_o          |  out|   20|     ap_ovld|   p_ZZN4nnet22compute_pool_buffer_2dINS_5arrayI8ap_fixedILi20ELi10EL9ap_q_mode5EL9a_99|       pointer|
|p_ZZN4nnet22compute_pool_buffer_2dINS_5arrayI8ap_fixedILi20ELi10EL9ap_q_mode5EL9a_99_o_ap_vld   |  out|    1|     ap_ovld|   p_ZZN4nnet22compute_pool_buffer_2dINS_5arrayI8ap_fixedILi20ELi10EL9ap_q_mode5EL9a_99|       pointer|
|p_ZZN4nnet22compute_pool_buffer_2dINS_5arrayI8ap_fixedILi20ELi10EL9ap_q_mode5EL9a_98_i          |   in|   20|     ap_ovld|   p_ZZN4nnet22compute_pool_buffer_2dINS_5arrayI8ap_fixedILi20ELi10EL9ap_q_mode5EL9a_98|       pointer|
|p_ZZN4nnet22compute_pool_buffer_2dINS_5arrayI8ap_fixedILi20ELi10EL9ap_q_mode5EL9a_98_o          |  out|   20|     ap_ovld|   p_ZZN4nnet22compute_pool_buffer_2dINS_5arrayI8ap_fixedILi20ELi10EL9ap_q_mode5EL9a_98|       pointer|
|p_ZZN4nnet22compute_pool_buffer_2dINS_5arrayI8ap_fixedILi20ELi10EL9ap_q_mode5EL9a_98_o_ap_vld   |  out|    1|     ap_ovld|   p_ZZN4nnet22compute_pool_buffer_2dINS_5arrayI8ap_fixedILi20ELi10EL9ap_q_mode5EL9a_98|       pointer|
|p_ZZN4nnet22compute_pool_buffer_2dINS_5arrayI8ap_fixedILi20ELi10EL9ap_q_mode5EL9a_97_i          |   in|   20|     ap_ovld|   p_ZZN4nnet22compute_pool_buffer_2dINS_5arrayI8ap_fixedILi20ELi10EL9ap_q_mode5EL9a_97|       pointer|
|p_ZZN4nnet22compute_pool_buffer_2dINS_5arrayI8ap_fixedILi20ELi10EL9ap_q_mode5EL9a_97_o          |  out|   20|     ap_ovld|   p_ZZN4nnet22compute_pool_buffer_2dINS_5arrayI8ap_fixedILi20ELi10EL9ap_q_mode5EL9a_97|       pointer|
|p_ZZN4nnet22compute_pool_buffer_2dINS_5arrayI8ap_fixedILi20ELi10EL9ap_q_mode5EL9a_97_o_ap_vld   |  out|    1|     ap_ovld|   p_ZZN4nnet22compute_pool_buffer_2dINS_5arrayI8ap_fixedILi20ELi10EL9ap_q_mode5EL9a_97|       pointer|
|p_ZZN4nnet22compute_pool_buffer_2dINS_5arrayI8ap_fixedILi20ELi10EL9ap_q_mode5EL9a_96_i          |   in|   20|     ap_ovld|   p_ZZN4nnet22compute_pool_buffer_2dINS_5arrayI8ap_fixedILi20ELi10EL9ap_q_mode5EL9a_96|       pointer|
|p_ZZN4nnet22compute_pool_buffer_2dINS_5arrayI8ap_fixedILi20ELi10EL9ap_q_mode5EL9a_96_o          |  out|   20|     ap_ovld|   p_ZZN4nnet22compute_pool_buffer_2dINS_5arrayI8ap_fixedILi20ELi10EL9ap_q_mode5EL9a_96|       pointer|
|p_ZZN4nnet22compute_pool_buffer_2dINS_5arrayI8ap_fixedILi20ELi10EL9ap_q_mode5EL9a_96_o_ap_vld   |  out|    1|     ap_ovld|   p_ZZN4nnet22compute_pool_buffer_2dINS_5arrayI8ap_fixedILi20ELi10EL9ap_q_mode5EL9a_96|       pointer|
|p_ZZN4nnet22compute_pool_buffer_2dINS_5arrayI8ap_fixedILi20ELi10EL9ap_q_mode5EL9a_95_i          |   in|   20|     ap_ovld|   p_ZZN4nnet22compute_pool_buffer_2dINS_5arrayI8ap_fixedILi20ELi10EL9ap_q_mode5EL9a_95|       pointer|
|p_ZZN4nnet22compute_pool_buffer_2dINS_5arrayI8ap_fixedILi20ELi10EL9ap_q_mode5EL9a_95_o          |  out|   20|     ap_ovld|   p_ZZN4nnet22compute_pool_buffer_2dINS_5arrayI8ap_fixedILi20ELi10EL9ap_q_mode5EL9a_95|       pointer|
|p_ZZN4nnet22compute_pool_buffer_2dINS_5arrayI8ap_fixedILi20ELi10EL9ap_q_mode5EL9a_95_o_ap_vld   |  out|    1|     ap_ovld|   p_ZZN4nnet22compute_pool_buffer_2dINS_5arrayI8ap_fixedILi20ELi10EL9ap_q_mode5EL9a_95|       pointer|
|p_ZZN4nnet22compute_pool_buffer_2dINS_5arrayI8ap_fixedILi20ELi10EL9ap_q_mode5EL9a_94_i          |   in|   20|     ap_ovld|   p_ZZN4nnet22compute_pool_buffer_2dINS_5arrayI8ap_fixedILi20ELi10EL9ap_q_mode5EL9a_94|       pointer|
|p_ZZN4nnet22compute_pool_buffer_2dINS_5arrayI8ap_fixedILi20ELi10EL9ap_q_mode5EL9a_94_o          |  out|   20|     ap_ovld|   p_ZZN4nnet22compute_pool_buffer_2dINS_5arrayI8ap_fixedILi20ELi10EL9ap_q_mode5EL9a_94|       pointer|
|p_ZZN4nnet22compute_pool_buffer_2dINS_5arrayI8ap_fixedILi20ELi10EL9ap_q_mode5EL9a_94_o_ap_vld   |  out|    1|     ap_ovld|   p_ZZN4nnet22compute_pool_buffer_2dINS_5arrayI8ap_fixedILi20ELi10EL9ap_q_mode5EL9a_94|       pointer|
|p_ZZN4nnet22compute_pool_buffer_2dINS_5arrayI8ap_fixedILi20ELi10EL9ap_q_mode5EL9a_93_i          |   in|   20|     ap_ovld|   p_ZZN4nnet22compute_pool_buffer_2dINS_5arrayI8ap_fixedILi20ELi10EL9ap_q_mode5EL9a_93|       pointer|
|p_ZZN4nnet22compute_pool_buffer_2dINS_5arrayI8ap_fixedILi20ELi10EL9ap_q_mode5EL9a_93_o          |  out|   20|     ap_ovld|   p_ZZN4nnet22compute_pool_buffer_2dINS_5arrayI8ap_fixedILi20ELi10EL9ap_q_mode5EL9a_93|       pointer|
|p_ZZN4nnet22compute_pool_buffer_2dINS_5arrayI8ap_fixedILi20ELi10EL9ap_q_mode5EL9a_93_o_ap_vld   |  out|    1|     ap_ovld|   p_ZZN4nnet22compute_pool_buffer_2dINS_5arrayI8ap_fixedILi20ELi10EL9ap_q_mode5EL9a_93|       pointer|
|p_ZZN4nnet22compute_pool_buffer_2dINS_5arrayI8ap_fixedILi20ELi10EL9ap_q_mode5EL9a_91_i          |   in|   20|     ap_ovld|   p_ZZN4nnet22compute_pool_buffer_2dINS_5arrayI8ap_fixedILi20ELi10EL9ap_q_mode5EL9a_91|       pointer|
|p_ZZN4nnet22compute_pool_buffer_2dINS_5arrayI8ap_fixedILi20ELi10EL9ap_q_mode5EL9a_91_o          |  out|   20|     ap_ovld|   p_ZZN4nnet22compute_pool_buffer_2dINS_5arrayI8ap_fixedILi20ELi10EL9ap_q_mode5EL9a_91|       pointer|
|p_ZZN4nnet22compute_pool_buffer_2dINS_5arrayI8ap_fixedILi20ELi10EL9ap_q_mode5EL9a_91_o_ap_vld   |  out|    1|     ap_ovld|   p_ZZN4nnet22compute_pool_buffer_2dINS_5arrayI8ap_fixedILi20ELi10EL9ap_q_mode5EL9a_91|       pointer|
|p_ZZN4nnet22compute_pool_buffer_2dINS_5arrayI8ap_fixedILi20ELi10EL9ap_q_mode5EL9a_90_i          |   in|   20|     ap_ovld|   p_ZZN4nnet22compute_pool_buffer_2dINS_5arrayI8ap_fixedILi20ELi10EL9ap_q_mode5EL9a_90|       pointer|
|p_ZZN4nnet22compute_pool_buffer_2dINS_5arrayI8ap_fixedILi20ELi10EL9ap_q_mode5EL9a_90_o          |  out|   20|     ap_ovld|   p_ZZN4nnet22compute_pool_buffer_2dINS_5arrayI8ap_fixedILi20ELi10EL9ap_q_mode5EL9a_90|       pointer|
|p_ZZN4nnet22compute_pool_buffer_2dINS_5arrayI8ap_fixedILi20ELi10EL9ap_q_mode5EL9a_90_o_ap_vld   |  out|    1|     ap_ovld|   p_ZZN4nnet22compute_pool_buffer_2dINS_5arrayI8ap_fixedILi20ELi10EL9ap_q_mode5EL9a_90|       pointer|
|p_ZZN4nnet22compute_pool_buffer_2dINS_5arrayI8ap_fixedILi20ELi10EL9ap_q_mode5EL9a_89_i          |   in|   20|     ap_ovld|   p_ZZN4nnet22compute_pool_buffer_2dINS_5arrayI8ap_fixedILi20ELi10EL9ap_q_mode5EL9a_89|       pointer|
|p_ZZN4nnet22compute_pool_buffer_2dINS_5arrayI8ap_fixedILi20ELi10EL9ap_q_mode5EL9a_89_o          |  out|   20|     ap_ovld|   p_ZZN4nnet22compute_pool_buffer_2dINS_5arrayI8ap_fixedILi20ELi10EL9ap_q_mode5EL9a_89|       pointer|
|p_ZZN4nnet22compute_pool_buffer_2dINS_5arrayI8ap_fixedILi20ELi10EL9ap_q_mode5EL9a_89_o_ap_vld   |  out|    1|     ap_ovld|   p_ZZN4nnet22compute_pool_buffer_2dINS_5arrayI8ap_fixedILi20ELi10EL9ap_q_mode5EL9a_89|       pointer|
|p_ZZN4nnet22compute_pool_buffer_2dINS_5arrayI8ap_fixedILi20ELi10EL9ap_q_mode5EL9a_88_i          |   in|   20|     ap_ovld|   p_ZZN4nnet22compute_pool_buffer_2dINS_5arrayI8ap_fixedILi20ELi10EL9ap_q_mode5EL9a_88|       pointer|
|p_ZZN4nnet22compute_pool_buffer_2dINS_5arrayI8ap_fixedILi20ELi10EL9ap_q_mode5EL9a_88_o          |  out|   20|     ap_ovld|   p_ZZN4nnet22compute_pool_buffer_2dINS_5arrayI8ap_fixedILi20ELi10EL9ap_q_mode5EL9a_88|       pointer|
|p_ZZN4nnet22compute_pool_buffer_2dINS_5arrayI8ap_fixedILi20ELi10EL9ap_q_mode5EL9a_88_o_ap_vld   |  out|    1|     ap_ovld|   p_ZZN4nnet22compute_pool_buffer_2dINS_5arrayI8ap_fixedILi20ELi10EL9ap_q_mode5EL9a_88|       pointer|
|p_ZZN4nnet22compute_pool_buffer_2dINS_5arrayI8ap_fixedILi20ELi10EL9ap_q_mode5EL9a_87_i          |   in|   20|     ap_ovld|   p_ZZN4nnet22compute_pool_buffer_2dINS_5arrayI8ap_fixedILi20ELi10EL9ap_q_mode5EL9a_87|       pointer|
|p_ZZN4nnet22compute_pool_buffer_2dINS_5arrayI8ap_fixedILi20ELi10EL9ap_q_mode5EL9a_87_o          |  out|   20|     ap_ovld|   p_ZZN4nnet22compute_pool_buffer_2dINS_5arrayI8ap_fixedILi20ELi10EL9ap_q_mode5EL9a_87|       pointer|
|p_ZZN4nnet22compute_pool_buffer_2dINS_5arrayI8ap_fixedILi20ELi10EL9ap_q_mode5EL9a_87_o_ap_vld   |  out|    1|     ap_ovld|   p_ZZN4nnet22compute_pool_buffer_2dINS_5arrayI8ap_fixedILi20ELi10EL9ap_q_mode5EL9a_87|       pointer|
|p_ZZN4nnet22compute_pool_buffer_2dINS_5arrayI8ap_fixedILi20ELi10EL9ap_q_mode5EL9a_86_i          |   in|   20|     ap_ovld|   p_ZZN4nnet22compute_pool_buffer_2dINS_5arrayI8ap_fixedILi20ELi10EL9ap_q_mode5EL9a_86|       pointer|
|p_ZZN4nnet22compute_pool_buffer_2dINS_5arrayI8ap_fixedILi20ELi10EL9ap_q_mode5EL9a_86_o          |  out|   20|     ap_ovld|   p_ZZN4nnet22compute_pool_buffer_2dINS_5arrayI8ap_fixedILi20ELi10EL9ap_q_mode5EL9a_86|       pointer|
|p_ZZN4nnet22compute_pool_buffer_2dINS_5arrayI8ap_fixedILi20ELi10EL9ap_q_mode5EL9a_86_o_ap_vld   |  out|    1|     ap_ovld|   p_ZZN4nnet22compute_pool_buffer_2dINS_5arrayI8ap_fixedILi20ELi10EL9ap_q_mode5EL9a_86|       pointer|
|p_ZZN4nnet22compute_pool_buffer_2dINS_5arrayI8ap_fixedILi20ELi10EL9ap_q_mode5EL9a_85_i          |   in|   20|     ap_ovld|   p_ZZN4nnet22compute_pool_buffer_2dINS_5arrayI8ap_fixedILi20ELi10EL9ap_q_mode5EL9a_85|       pointer|
|p_ZZN4nnet22compute_pool_buffer_2dINS_5arrayI8ap_fixedILi20ELi10EL9ap_q_mode5EL9a_85_o          |  out|   20|     ap_ovld|   p_ZZN4nnet22compute_pool_buffer_2dINS_5arrayI8ap_fixedILi20ELi10EL9ap_q_mode5EL9a_85|       pointer|
|p_ZZN4nnet22compute_pool_buffer_2dINS_5arrayI8ap_fixedILi20ELi10EL9ap_q_mode5EL9a_85_o_ap_vld   |  out|    1|     ap_ovld|   p_ZZN4nnet22compute_pool_buffer_2dINS_5arrayI8ap_fixedILi20ELi10EL9ap_q_mode5EL9a_85|       pointer|
|p_ZZN4nnet22compute_pool_buffer_2dINS_5arrayI8ap_fixedILi20ELi10EL9ap_q_mode5EL9a_84_i          |   in|   20|     ap_ovld|   p_ZZN4nnet22compute_pool_buffer_2dINS_5arrayI8ap_fixedILi20ELi10EL9ap_q_mode5EL9a_84|       pointer|
|p_ZZN4nnet22compute_pool_buffer_2dINS_5arrayI8ap_fixedILi20ELi10EL9ap_q_mode5EL9a_84_o          |  out|   20|     ap_ovld|   p_ZZN4nnet22compute_pool_buffer_2dINS_5arrayI8ap_fixedILi20ELi10EL9ap_q_mode5EL9a_84|       pointer|
|p_ZZN4nnet22compute_pool_buffer_2dINS_5arrayI8ap_fixedILi20ELi10EL9ap_q_mode5EL9a_84_o_ap_vld   |  out|    1|     ap_ovld|   p_ZZN4nnet22compute_pool_buffer_2dINS_5arrayI8ap_fixedILi20ELi10EL9ap_q_mode5EL9a_84|       pointer|
|p_ZZN4nnet22compute_pool_buffer_2dINS_5arrayI8ap_fixedILi20ELi10EL9ap_q_mode5EL9a_83_i          |   in|   20|     ap_ovld|   p_ZZN4nnet22compute_pool_buffer_2dINS_5arrayI8ap_fixedILi20ELi10EL9ap_q_mode5EL9a_83|       pointer|
|p_ZZN4nnet22compute_pool_buffer_2dINS_5arrayI8ap_fixedILi20ELi10EL9ap_q_mode5EL9a_83_o          |  out|   20|     ap_ovld|   p_ZZN4nnet22compute_pool_buffer_2dINS_5arrayI8ap_fixedILi20ELi10EL9ap_q_mode5EL9a_83|       pointer|
|p_ZZN4nnet22compute_pool_buffer_2dINS_5arrayI8ap_fixedILi20ELi10EL9ap_q_mode5EL9a_83_o_ap_vld   |  out|    1|     ap_ovld|   p_ZZN4nnet22compute_pool_buffer_2dINS_5arrayI8ap_fixedILi20ELi10EL9ap_q_mode5EL9a_83|       pointer|
|p_ZZN4nnet22compute_pool_buffer_2dINS_5arrayI8ap_fixedILi20ELi10EL9ap_q_mode5EL9a_82_i          |   in|   20|     ap_ovld|   p_ZZN4nnet22compute_pool_buffer_2dINS_5arrayI8ap_fixedILi20ELi10EL9ap_q_mode5EL9a_82|       pointer|
|p_ZZN4nnet22compute_pool_buffer_2dINS_5arrayI8ap_fixedILi20ELi10EL9ap_q_mode5EL9a_82_o          |  out|   20|     ap_ovld|   p_ZZN4nnet22compute_pool_buffer_2dINS_5arrayI8ap_fixedILi20ELi10EL9ap_q_mode5EL9a_82|       pointer|
|p_ZZN4nnet22compute_pool_buffer_2dINS_5arrayI8ap_fixedILi20ELi10EL9ap_q_mode5EL9a_82_o_ap_vld   |  out|    1|     ap_ovld|   p_ZZN4nnet22compute_pool_buffer_2dINS_5arrayI8ap_fixedILi20ELi10EL9ap_q_mode5EL9a_82|       pointer|
+------------------------------------------------------------------------------------------------+-----+-----+------------+---------------------------------------------------------------------------------------+--------------+

